{
"type": "FeatureCollection",
"name": "3501",
"crs": { "type": "name", "properties": { "name": "urn:ogc:def:crs:OGC:1.3:CRS84" } },
"features": [
{ "type": "Feature", "properties": { "code": "3501", "name": "Andamans", "type": "district" }, "geometry": { "type": "MultiPolygon", "coordinates": [ [ [ [ 92.5183603, 10.9008369 ], [ 92.5231313, 10.8986237 ], [ 92.53288, 10.890861 ], [ 92.532186, 10.8872897 ], [ 92.5280661, 10.8849108 ], [ 92.528809, 10.8788674 ], [ 92.5314165, 10.8762736 ], [ 92.5281485, 10.870672 ], [ 92.5295399, 10.8670833 ], [ 92.5317765, 10.8658861 ], [ 92.5372229, 10.8662719 ], [ 92.5386734, 10.8632754 ], [ 92.5420583, 10.8604195 ], [ 92.5408834, 10.8589275 ], [ 92.5422278, 10.8591584 ], [ 92.5422868, 10.8610344 ], [ 92.539062, 10.8638179 ], [ 92.5412521, 10.8651656 ], [ 92.5411051, 10.8672856 ], [ 92.5407308, 10.865179 ], [ 92.5396288, 10.8649708 ], [ 92.5368476, 10.8673386 ], [ 92.5315063, 10.8671743 ], [ 92.529896, 10.868869 ], [ 92.5301926, 10.8711292 ], [ 92.532255, 10.8714417 ], [ 92.5348008, 10.8761616 ], [ 92.5327426, 10.8770741 ], [ 92.5316569, 10.8826879 ], [ 92.5293422, 10.8846897 ], [ 92.5330413, 10.8870323 ], [ 92.5337722, 10.8899662 ], [ 92.5425686, 10.8839342 ], [ 92.5501169, 10.8746334 ], [ 92.5577418, 10.8688447 ], [ 92.5624763, 10.8621738 ], [ 92.5622258, 10.857563 ], [ 92.5591679, 10.8512114 ], [ 92.5592514, 10.8458955 ], [ 92.5659812, 10.8294838 ], [ 92.563559, 10.8233673 ], [ 92.5638527, 10.8185759 ], [ 92.5590981, 10.8154965 ], [ 92.5636565, 10.8161122 ], [ 92.5674298, 10.8102682 ], [ 92.5653728, 10.8074969 ], [ 92.5611623, 10.8053851 ], [ 92.5599867, 10.8081649 ], [ 92.5585004, 10.8097873 ], [ 92.5528493, 10.8087871 ], [ 92.5508609, 10.8069694 ], [ 92.5485467, 10.8096313 ], [ 92.5495394, 10.8071364 ], [ 92.5523563, 10.8053063 ], [ 92.5515978, 10.803516 ], [ 92.5526631, 10.8036565 ], [ 92.5526666, 10.8081316 ], [ 92.5587611, 10.8091681 ], [ 92.560514, 10.801059 ], [ 92.5595175, 10.7999649 ], [ 92.5595908, 10.7991739 ], [ 92.5611043, 10.7988126 ], [ 92.5599382, 10.7999062 ], [ 92.5614238, 10.8014208 ], [ 92.5641224, 10.796101 ], [ 92.5615847, 10.797348 ], [ 92.5604601, 10.7966426 ], [ 92.5605197, 10.7957522 ], [ 92.5626919, 10.7936868 ], [ 92.5613744, 10.7968779 ], [ 92.5637842, 10.7954003 ], [ 92.5667421, 10.7962462 ], [ 92.5710172, 10.795379 ], [ 92.5724762, 10.7916907 ], [ 92.5792209, 10.7854447 ], [ 92.5731209, 10.7918535 ], [ 92.5713234, 10.7958401 ], [ 92.5646663, 10.7967294 ], [ 92.5615332, 10.8028402 ], [ 92.5616974, 10.8045173 ], [ 92.565693, 10.8069817 ], [ 92.5689156, 10.8108335 ], [ 92.5708178, 10.8106305 ], [ 92.5759441, 10.8053652 ], [ 92.5774586, 10.7985533 ], [ 92.5849165, 10.7921582 ], [ 92.5871481, 10.7881083 ], [ 92.5873739, 10.7737519 ], [ 92.5865284, 10.7724363 ], [ 92.5824415, 10.7713554 ], [ 92.5831639, 10.7703972 ], [ 92.5861398, 10.7716858 ], [ 92.58678, 10.770461 ], [ 92.5833624, 10.744185 ], [ 92.5888952, 10.7338244 ], [ 92.5906385, 10.7190873 ], [ 92.5937475, 10.7126638 ], [ 92.5977612, 10.7092828 ], [ 92.5993797, 10.7057749 ], [ 92.5995264, 10.6991658 ], [ 92.5971501, 10.6936187 ], [ 92.5983387, 10.6917608 ], [ 92.598102, 10.6791754 ], [ 92.5958627, 10.6767114 ], [ 92.594071, 10.6765756 ], [ 92.5884855, 10.6801464 ], [ 92.5833072, 10.6789703 ], [ 92.5802629, 10.6808053 ], [ 92.582713, 10.6785454 ], [ 92.577316, 10.6735674 ], [ 92.5770108, 10.6665829 ], [ 92.5790319, 10.6600192 ], [ 92.5816096, 10.6594907 ], [ 92.5823502, 10.6580306 ], [ 92.581075, 10.6592691 ], [ 92.5776527, 10.6531431 ], [ 92.5695085, 10.6537069 ], [ 92.5537034, 10.6400379 ], [ 92.5457047, 10.6271701 ], [ 92.5416128, 10.6172463 ], [ 92.5407123, 10.6180688 ], [ 92.5415428, 10.622332 ], [ 92.540693, 10.62216 ], [ 92.5385152, 10.6149083 ], [ 92.5398899, 10.617517 ], [ 92.5413936, 10.6164641 ], [ 92.5400307, 10.6042626 ], [ 92.5423225, 10.5947833 ], [ 92.5528096, 10.5924577 ], [ 92.5583711, 10.5889961 ], [ 92.5598514, 10.5897152 ], [ 92.561999, 10.5893901 ], [ 92.5614326, 10.5884362 ], [ 92.5626207, 10.5880386 ], [ 92.5629221, 10.5891462 ], [ 92.5649464, 10.5882515 ], [ 92.5696443, 10.5837588 ], [ 92.5698919, 10.5787907 ], [ 92.5536219, 10.5570023 ], [ 92.5487155, 10.5552833 ], [ 92.5464819, 10.5530677 ], [ 92.5448607, 10.550156 ], [ 92.5448212, 10.5440757 ], [ 92.5428675, 10.5381621 ], [ 92.5391585, 10.5357832 ], [ 92.5370445, 10.531479 ], [ 92.5341031, 10.5290777 ], [ 92.5364522, 10.5257963 ], [ 92.5337443, 10.5223102 ], [ 92.5329367, 10.5185487 ], [ 92.5305802, 10.5164188 ], [ 92.5262858, 10.5174663 ], [ 92.5239616, 10.5145362 ], [ 92.5132643, 10.5108392 ], [ 92.4999989, 10.5113277 ], [ 92.4935314, 10.5143692 ], [ 92.4934271, 10.5165164 ], [ 92.4884386, 10.5153791 ], [ 92.4815281, 10.5174654 ], [ 92.4791534, 10.5191477 ], [ 92.478501, 10.5213675 ], [ 92.4768472, 10.5207713 ], [ 92.4708922, 10.5258133 ], [ 92.458521, 10.5390209 ], [ 92.4524097, 10.5425844 ], [ 92.4350516, 10.5489076 ], [ 92.4294509, 10.5496093 ], [ 92.4202045, 10.5484715 ], [ 92.413538, 10.5381525 ], [ 92.402592, 10.5306724 ], [ 92.3954886, 10.529805 ], [ 92.3876499, 10.5315321 ], [ 92.3832647, 10.5347372 ], [ 92.3834109, 10.5370788 ], [ 92.3814375, 10.5384169 ], [ 92.3820863, 10.5439769 ], [ 92.3907848, 10.5545724 ], [ 92.3938411, 10.5560052 ], [ 92.3911138, 10.5577321 ], [ 92.3914017, 10.5593594 ], [ 92.3937732, 10.5657285 ], [ 92.3984197, 10.5685579 ], [ 92.3977163, 10.5721381 ], [ 92.3993888, 10.5757452 ], [ 92.4045882, 10.5780727 ], [ 92.4098292, 10.5844234 ], [ 92.4097754, 10.5937217 ], [ 92.4128563, 10.6044075 ], [ 92.41213, 10.6070701 ], [ 92.4185049, 10.6128372 ], [ 92.4191176, 10.6157935 ], [ 92.4140114, 10.6346983 ], [ 92.4011227, 10.6594936 ], [ 92.3934685, 10.6686931 ], [ 92.3883362, 10.6677485 ], [ 92.3813623, 10.6702802 ], [ 92.3836567, 10.6764865 ], [ 92.3810518, 10.6843158 ], [ 92.3813262, 10.6905765 ], [ 92.3788857, 10.7082917 ], [ 92.3832786, 10.7226933 ], [ 92.3803533, 10.7302875 ], [ 92.3788632, 10.7403136 ], [ 92.3794301, 10.7456024 ], [ 92.3776097, 10.7541797 ], [ 92.3805533, 10.7632295 ], [ 92.3774765, 10.7705116 ], [ 92.3731744, 10.7720844 ], [ 92.3717663, 10.7738879 ], [ 92.3730733, 10.7827433 ], [ 92.3836796, 10.7955271 ], [ 92.3863908, 10.793936 ], [ 92.387255, 10.7904599 ], [ 92.3865327, 10.7854289 ], [ 92.3907479, 10.7830557 ], [ 92.3932716, 10.7861069 ], [ 92.3950317, 10.7855916 ], [ 92.3960832, 10.7808905 ], [ 92.392988, 10.7781828 ], [ 92.3924028, 10.7752085 ], [ 92.3954977, 10.7613355 ], [ 92.3944781, 10.7557123 ], [ 92.3973216, 10.7543969 ], [ 92.3989133, 10.751618 ], [ 92.3961795, 10.7505379 ], [ 92.3952057, 10.7489514 ], [ 92.3976376, 10.7481285 ], [ 92.3974272, 10.7463701 ], [ 92.3987573, 10.7439425 ], [ 92.3979988, 10.7485081 ], [ 92.3959235, 10.7492677 ], [ 92.3993704, 10.7516135 ], [ 92.3981855, 10.7545188 ], [ 92.3951135, 10.755649 ], [ 92.3959548, 10.7604948 ], [ 92.402058, 10.7680797 ], [ 92.4034798, 10.7683554 ], [ 92.4083758, 10.7639931 ], [ 92.4086726, 10.7596535 ], [ 92.4060943, 10.7582479 ], [ 92.4084117, 10.755296 ], [ 92.4068302, 10.7585778 ], [ 92.4105148, 10.7572757 ], [ 92.4120601, 10.7601234 ], [ 92.4140762, 10.7600012 ], [ 92.4158638, 10.762763 ], [ 92.4166363, 10.7620171 ], [ 92.4157267, 10.7630749 ], [ 92.4136373, 10.7605753 ], [ 92.4120419, 10.7606116 ], [ 92.4102862, 10.7576102 ], [ 92.4088463, 10.7584918 ], [ 92.4092032, 10.7631839 ], [ 92.4114296, 10.7650551 ], [ 92.4141318, 10.7709946 ], [ 92.4187629, 10.7715683 ], [ 92.4193253, 10.7725763 ], [ 92.4140267, 10.7715687 ], [ 92.4103781, 10.7643681 ], [ 92.4025884, 10.7690425 ], [ 92.3968691, 10.7631392 ], [ 92.3956577, 10.7642874 ], [ 92.3933858, 10.7752174 ], [ 92.393907, 10.7777217 ], [ 92.3949173, 10.7780065 ], [ 92.3941995, 10.7761577 ], [ 92.3956168, 10.7739473 ], [ 92.3978477, 10.7752128 ], [ 92.3994432, 10.7743992 ], [ 92.4041613, 10.7753573 ], [ 92.4084269, 10.7784309 ], [ 92.4105985, 10.7782907 ], [ 92.4083904, 10.7788287 ], [ 92.4040927, 10.7758952 ], [ 92.3976008, 10.7758232 ], [ 92.3956579, 10.7748513 ], [ 92.3972216, 10.7835076 ], [ 92.3956307, 10.7863103 ], [ 92.3967645, 10.7869838 ], [ 92.4008425, 10.7835889 ], [ 92.4043126, 10.7844295 ], [ 92.4087428, 10.7872726 ], [ 92.4168907, 10.7957159 ], [ 92.4260555, 10.817191 ], [ 92.4246482, 10.8252282 ], [ 92.4254943, 10.8268057 ], [ 92.4314107, 10.8237764 ], [ 92.4333128, 10.8240609 ], [ 92.4408401, 10.8304876 ], [ 92.4421486, 10.8344697 ], [ 92.4456106, 10.8378594 ], [ 92.4462469, 10.8411003 ], [ 92.4492374, 10.8410907 ], [ 92.4502619, 10.8422567 ], [ 92.4540979, 10.8400682 ], [ 92.4572855, 10.8417445 ], [ 92.4596555, 10.8474622 ], [ 92.4602469, 10.8539441 ], [ 92.4584872, 10.8581257 ], [ 92.4560591, 10.8587003 ], [ 92.4541482, 10.8610016 ], [ 92.4533394, 10.8643467 ], [ 92.454506, 10.8668643 ], [ 92.4573323, 10.8668773 ], [ 92.4608357, 10.8687975 ], [ 92.4623077, 10.8662297 ], [ 92.4635103, 10.8662385 ], [ 92.4691955, 10.8691708 ], [ 92.4708932, 10.8735594 ], [ 92.4731887, 10.8726368 ], [ 92.4755581, 10.8741594 ], [ 92.4774555, 10.8724096 ], [ 92.4792895, 10.8730554 ], [ 92.4820941, 10.8769014 ], [ 92.4816156, 10.882588 ], [ 92.4828278, 10.8835594 ], [ 92.4837559, 10.8825602 ], [ 92.4861845, 10.8829663 ], [ 92.4873849, 10.8897508 ], [ 92.4965344, 10.8970525 ], [ 92.5042263, 10.8934817 ], [ 92.505499, 10.8903452 ], [ 92.5049381, 10.8859739 ], [ 92.5068656, 10.8808306 ], [ 92.5021363, 10.881995 ], [ 92.5065641, 10.8800259 ], [ 92.5076521, 10.8810614 ], [ 92.511083, 10.8787483 ], [ 92.5110354, 10.8718142 ], [ 92.5093482, 10.8708418 ], [ 92.5024186, 10.8738043 ], [ 92.4935569, 10.8700992 ], [ 92.4914491, 10.871474 ], [ 92.4932224, 10.8683636 ], [ 92.4913831, 10.8654847 ], [ 92.4913999, 10.8613713 ], [ 92.4901373, 10.8599659 ], [ 92.4877503, 10.8601203 ], [ 92.4861367, 10.8621549 ], [ 92.4828712, 10.8608903 ], [ 92.4768167, 10.8618097 ], [ 92.480205, 10.8604752 ], [ 92.4832735, 10.8605241 ], [ 92.4859262, 10.8617889 ], [ 92.4878371, 10.8596366 ], [ 92.4906083, 10.8596357 ], [ 92.4917657, 10.8610728 ], [ 92.4917852, 10.8648246 ], [ 92.4937533, 10.8694754 ], [ 92.4958573, 10.8707087 ], [ 92.5004502, 10.8675384 ], [ 92.4997382, 10.8644101 ], [ 92.5003423, 10.8631537 ], [ 92.5038409, 10.8625358 ], [ 92.5063694, 10.8636624 ], [ 92.507984, 10.8628223 ], [ 92.5069454, 10.863875 ], [ 92.5039185, 10.8629563 ], [ 92.5005113, 10.8637549 ], [ 92.5011957, 10.8673353 ], [ 92.4978425, 10.8700778 ], [ 92.4979838, 10.8711898 ], [ 92.5028945, 10.873253 ], [ 92.5072036, 10.8702578 ], [ 92.5104507, 10.8698613 ], [ 92.5134852, 10.8755941 ], [ 92.5129717, 10.8789027 ], [ 92.514499, 10.8793733 ], [ 92.5170332, 10.8774713 ], [ 92.5170982, 10.8750349 ], [ 92.5178839, 10.8774083 ], [ 92.5150568, 10.8797713 ], [ 92.5124364, 10.8793138 ], [ 92.5110457, 10.8805971 ], [ 92.5153654, 10.88624 ], [ 92.5149715, 10.8879033 ], [ 92.5119639, 10.8833503 ], [ 92.5087081, 10.8821151 ], [ 92.5061439, 10.8901059 ], [ 92.5073684, 10.8929451 ], [ 92.5029622, 10.8977168 ], [ 92.5183603, 10.9008369 ] ] ], [ [ [ 92.6226842, 10.925794 ], [ 92.6245367, 10.9232853 ], [ 92.6238003, 10.9221959 ], [ 92.6207631, 10.9246911 ], [ 92.6226842, 10.925794 ] ] ], [ [ [ 92.6076669, 10.9397385 ], [ 92.6204703, 10.9307165 ], [ 92.620946, 10.9268427 ], [ 92.6134767, 10.9259746 ], [ 92.6097671, 10.927222 ], [ 92.6020089, 10.9362847 ], [ 92.6076669, 10.9397385 ] ] ], [ [ [ 92.6010708, 10.9411213 ], [ 92.6061894, 10.9406198 ], [ 92.6060522, 10.9401769 ], [ 92.6046663, 10.9393315 ], [ 92.6010708, 10.9411213 ] ] ], [ [ [ 92.6079687, 10.9426179 ], [ 92.6078086, 10.9417636 ], [ 92.6072139, 10.942202 ], [ 92.6079687, 10.9426179 ] ] ], [ [ [ 92.6060703, 10.942324 ], [ 92.6065048, 10.9431332 ], [ 92.6066147, 10.9423241 ], [ 92.6060703, 10.942324 ] ] ], [ [ [ 92.5985504, 10.9413697 ], [ 92.5959839, 10.9442126 ], [ 92.5962812, 10.9450444 ], [ 92.5993188, 10.9420161 ], [ 92.5985504, 10.9413697 ] ] ], [ [ [ 92.6034261, 10.9463559 ], [ 92.6056082, 10.9455966 ], [ 92.6056219, 10.9451446 ], [ 92.6032524, 10.945497 ], [ 92.6034261, 10.9463559 ] ] ], [ [ [ 92.6002054, 10.9517122 ], [ 92.6005531, 10.9509302 ], [ 92.5997343, 10.9513595 ], [ 92.6002054, 10.9517122 ] ] ], [ [ [ 92.2192431, 10.985773 ], [ 92.2261877, 10.9843468 ], [ 92.2246667, 10.9780999 ], [ 92.2207126, 10.9743582 ], [ 92.2165532, 10.9724247 ], [ 92.2133508, 10.9727963 ], [ 92.2081922, 10.9798318 ], [ 92.2149329, 10.9849697 ], [ 92.2192431, 10.985773 ] ] ], [ [ [ 92.6677555, 10.9846584 ], [ 92.6623659, 10.9809118 ], [ 92.6595339, 10.9807946 ], [ 92.6573201, 10.9842618 ], [ 92.6581718, 10.9908026 ], [ 92.6610588, 10.9930804 ], [ 92.6665397, 10.9926865 ], [ 92.6686893, 10.9884101 ], [ 92.6677555, 10.9846584 ] ] ], [ [ [ 92.729951, 11.1496284 ], [ 92.7332554, 11.1474302 ], [ 92.7335886, 11.1449031 ], [ 92.7292478, 11.1415008 ], [ 92.7249729, 11.1434597 ], [ 92.7249915, 11.1444994 ], [ 92.7240396, 11.1436586 ], [ 92.7246337, 11.1420222 ], [ 92.7220331, 11.1407438 ], [ 92.7215534, 11.1435693 ], [ 92.7234718, 11.1446987 ], [ 92.7242192, 11.1483103 ], [ 92.7264575, 11.1477807 ], [ 92.729951, 11.1496284 ] ] ], [ [ [ 92.6761189, 11.1887041 ], [ 92.675793, 11.1836006 ], [ 92.6800778, 11.181213 ], [ 92.6758604, 11.1767882 ], [ 92.6741896, 11.1781265 ], [ 92.674785, 11.1794645 ], [ 92.6717094, 11.1859338 ], [ 92.6739398, 11.1902324 ], [ 92.6761189, 11.1887041 ] ] ], [ [ [ 92.6725717, 11.1953227 ], [ 92.6719902, 11.1949657 ], [ 92.6720818, 11.195481 ], [ 92.6725717, 11.1953227 ] ] ], [ [ [ 92.7061529, 11.2864252 ], [ 92.7051028, 11.265202 ], [ 92.7039387, 11.2622821 ], [ 92.6988177, 11.2577811 ], [ 92.6957208, 11.2531167 ], [ 92.6938341, 11.252977 ], [ 92.6935514, 11.2500143 ], [ 92.6947447, 11.2492024 ], [ 92.6916247, 11.2427795 ], [ 92.6862348, 11.2417997 ], [ 92.6863455, 11.2456647 ], [ 92.6875362, 11.2461753 ], [ 92.6862862, 11.2468446 ], [ 92.689616, 11.2510567 ], [ 92.6888102, 11.251744 ], [ 92.6909088, 11.2571726 ], [ 92.694399, 11.2598163 ], [ 92.694689, 11.2658782 ], [ 92.6923637, 11.2705393 ], [ 92.6932028, 11.2752133 ], [ 92.6920088, 11.2805387 ], [ 92.6938096, 11.2845841 ], [ 92.7051097, 11.2901187 ], [ 92.7061529, 11.2864252 ] ] ], [ [ [ 92.7223041, 11.3330264 ], [ 92.7232698, 11.3305307 ], [ 92.7215085, 11.3234161 ], [ 92.7228812, 11.3194196 ], [ 92.7223077, 11.3166578 ], [ 92.7200581, 11.3148097 ], [ 92.7166734, 11.3155747 ], [ 92.7147338, 11.3086047 ], [ 92.7122005, 11.3076201 ], [ 92.7117548, 11.302693 ], [ 92.7067752, 11.2996385 ], [ 92.7030166, 11.3053941 ], [ 92.6965913, 11.3085826 ], [ 92.69601, 11.310165 ], [ 92.6994091, 11.3119994 ], [ 92.7046712, 11.3097333 ], [ 92.7108511, 11.3132123 ], [ 92.7130504, 11.3157476 ], [ 92.7129744, 11.3215112 ], [ 92.716438, 11.324141 ], [ 92.7166184, 11.3295339 ], [ 92.7185156, 11.332128 ], [ 92.7223041, 11.3330264 ] ] ], [ [ [ 92.561944, 11.3982478 ], [ 92.5633422, 11.3946951 ], [ 92.5590363, 11.3909874 ], [ 92.5556323, 11.3901866 ], [ 92.5516458, 11.3921022 ], [ 92.5546823, 11.3970529 ], [ 92.5564096, 11.3967956 ], [ 92.5558831, 11.3950777 ], [ 92.5572023, 11.3967731 ], [ 92.561683, 11.397077 ], [ 92.561944, 11.3982478 ] ] ], [ [ [ 92.5474404, 11.3906863 ], [ 92.5448704, 11.3897589 ], [ 92.5409252, 11.3912089 ], [ 92.5397649, 11.395069 ], [ 92.5411204, 11.3975149 ], [ 92.5479512, 11.3990131 ], [ 92.5506089, 11.3981277 ], [ 92.5508477, 11.3958766 ], [ 92.5474404, 11.3906863 ] ] ], [ [ [ 92.6150286, 11.5110742 ], [ 92.6096433, 11.5023676 ], [ 92.6085113, 11.5025348 ], [ 92.6083782, 11.5047092 ], [ 92.6052067, 11.5022679 ], [ 92.6030662, 11.5031222 ], [ 92.6057563, 11.5065985 ], [ 92.6085889, 11.5070914 ], [ 92.6120814, 11.5106039 ], [ 92.6150286, 11.5110742 ] ] ], [ [ [ 92.5608828, 11.5143582 ], [ 92.5605115, 11.5140914 ], [ 92.5605114, 11.5145571 ], [ 92.5608828, 11.5143582 ] ] ], [ [ [ 92.6436391, 11.5133745 ], [ 92.6432358, 11.5143193 ], [ 92.6445376, 11.5151193 ], [ 92.6446246, 11.5142468 ], [ 92.6436391, 11.5133745 ] ] ], [ [ [ 92.2554015, 11.5150583 ], [ 92.2591787, 11.5143863 ], [ 92.2547235, 11.5141313 ], [ 92.2554015, 11.5150583 ] ] ], [ [ [ 92.2397777, 11.5163281 ], [ 92.240561, 11.5153469 ], [ 92.2389065, 11.5157409 ], [ 92.2397777, 11.5163281 ] ] ], [ [ [ 92.6352456, 11.5169757 ], [ 92.6364051, 11.5137933 ], [ 92.6387885, 11.5119307 ], [ 92.6374959, 11.5095215 ], [ 92.6382659, 11.5105657 ], [ 92.6410527, 11.5096253 ], [ 92.6438808, 11.512057 ], [ 92.6450955, 11.5115914 ], [ 92.6444273, 11.5000118 ], [ 92.6483908, 11.4996506 ], [ 92.6499168, 11.4967755 ], [ 92.6503294, 11.4978196 ], [ 92.6541242, 11.496748 ], [ 92.655334, 11.4946504 ], [ 92.6577541, 11.4959248 ], [ 92.6618418, 11.4910152 ], [ 92.6661409, 11.4916881 ], [ 92.6698528, 11.4890387 ], [ 92.6742575, 11.490403 ], [ 92.6723094, 11.4890292 ], [ 92.6738307, 11.4874061 ], [ 92.6713039, 11.4783657 ], [ 92.6773063, 11.4709241 ], [ 92.6745963, 11.4621776 ], [ 92.679471, 11.455699 ], [ 92.6794612, 11.4522137 ], [ 92.6815087, 11.448041 ], [ 92.6801657, 11.4463099 ], [ 92.6834002, 11.4428874 ], [ 92.6829093, 11.4398227 ], [ 92.684498, 11.433331 ], [ 92.6843786, 11.4321874 ], [ 92.680277, 11.4302173 ], [ 92.6831815, 11.4268128 ], [ 92.6805417, 11.4245577 ], [ 92.6784299, 11.4275506 ], [ 92.6717764, 11.4261504 ], [ 92.6740297, 11.4199887 ], [ 92.6721917, 11.4163456 ], [ 92.6609973, 11.4119307 ], [ 92.6568736, 11.4123742 ], [ 92.6533636, 11.4097347 ], [ 92.6501609, 11.4094005 ], [ 92.6457351, 11.4136726 ], [ 92.6416982, 11.4105538 ], [ 92.6399023, 11.414455 ], [ 92.636136, 11.4168194 ], [ 92.6351967, 11.4153232 ], [ 92.6363924, 11.4120277 ], [ 92.6354529, 11.4061376 ], [ 92.6337163, 11.4037193 ], [ 92.636928, 11.4018342 ], [ 92.6369555, 11.4005368 ], [ 92.6392419, 11.4032489 ], [ 92.6407359, 11.4093831 ], [ 92.6430084, 11.4076697 ], [ 92.6443277, 11.4038905 ], [ 92.6416381, 11.402191 ], [ 92.641285, 11.3964727 ], [ 92.6437864, 11.3942034 ], [ 92.6453764, 11.3962555 ], [ 92.6478964, 11.3969469 ], [ 92.6470766, 11.4012594 ], [ 92.647897, 11.4049209 ], [ 92.6528273, 11.4073886 ], [ 92.6625176, 11.404716 ], [ 92.6633604, 11.4026771 ], [ 92.661775, 11.4024197 ], [ 92.6614582, 11.3975331 ], [ 92.6626583, 11.39544 ], [ 92.669389, 11.3965827 ], [ 92.671126, 11.4000135 ], [ 92.6747959, 11.3997687 ], [ 92.677168, 11.3929199 ], [ 92.6815707, 11.3917709 ], [ 92.6852269, 11.3924211 ], [ 92.6878061, 11.3911683 ], [ 92.6884008, 11.3873304 ], [ 92.6922539, 11.3872617 ], [ 92.6900863, 11.3849703 ], [ 92.6888253, 11.3803553 ], [ 92.6908446, 11.3755089 ], [ 92.6885296, 11.3687198 ], [ 92.686523, 11.3689146 ], [ 92.6844059, 11.3662661 ], [ 92.6795176, 11.365259 ], [ 92.6773273, 11.3626014 ], [ 92.6737814, 11.3616979 ], [ 92.672256, 11.3628779 ], [ 92.6674456, 11.3613147 ], [ 92.6654433, 11.3588513 ], [ 92.6637429, 11.3527851 ], [ 92.6587041, 11.3556698 ], [ 92.6519793, 11.3570402 ], [ 92.6476639, 11.3558924 ], [ 92.6381716, 11.3460836 ], [ 92.6259865, 11.3492121 ], [ 92.6217812, 11.3460071 ], [ 92.6186524, 11.3488098 ], [ 92.6090006, 11.3456993 ], [ 92.5976539, 11.345025 ], [ 92.5956748, 11.3460554 ], [ 92.5960137, 11.3475382 ], [ 92.5944746, 11.3469594 ], [ 92.5911349, 11.348374 ], [ 92.5875063, 11.3525143 ], [ 92.5853666, 11.3554614 ], [ 92.5852379, 11.3589375 ], [ 92.5796018, 11.3674396 ], [ 92.5801052, 11.3708662 ], [ 92.5886534, 11.3746691 ], [ 92.5911817, 11.3791988 ], [ 92.5899299, 11.3891482 ], [ 92.5859059, 11.3996576 ], [ 92.5877429, 11.4015113 ], [ 92.5966271, 11.4002104 ], [ 92.6062531, 11.4020373 ], [ 92.6140468, 11.4010025 ], [ 92.6217899, 11.4044517 ], [ 92.6228666, 11.4085157 ], [ 92.6232285, 11.4260142 ], [ 92.6211069, 11.4300012 ], [ 92.6193338, 11.4301324 ], [ 92.6190176, 11.4328311 ], [ 92.6213546, 11.434793 ], [ 92.6228896, 11.4401723 ], [ 92.619265, 11.4406017 ], [ 92.6195213, 11.4431148 ], [ 92.6140405, 11.448598 ], [ 92.6094666, 11.4579279 ], [ 92.6123395, 11.4701828 ], [ 92.6106621, 11.4723074 ], [ 92.6202962, 11.5000322 ], [ 92.6289568, 11.5087443 ], [ 92.6316749, 11.5129256 ], [ 92.630992, 11.5145212 ], [ 92.6352456, 11.5169757 ] ] ], [ [ [ 92.2398423, 11.5175893 ], [ 92.2393105, 11.517246 ], [ 92.239329, 11.5176528 ], [ 92.2398423, 11.5175893 ] ] ], [ [ [ 92.2699481, 11.5198916 ], [ 92.2718881, 11.5167461 ], [ 92.2696884, 11.5156062 ], [ 92.2665253, 11.516595 ], [ 92.2699481, 11.5198916 ] ] ], [ [ [ 92.6162565, 11.5284053 ], [ 92.6158072, 11.5277227 ], [ 92.6152664, 11.528455 ], [ 92.6162565, 11.5284053 ] ] ], [ [ [ 92.5882492, 11.530451 ], [ 92.5866632, 11.5303558 ], [ 92.5866127, 11.530844 ], [ 92.5882492, 11.530451 ] ] ], [ [ [ 92.6158575, 11.5319945 ], [ 92.6152112, 11.5313119 ], [ 92.6147666, 11.5317503 ], [ 92.6158575, 11.5319945 ] ] ], [ [ [ 92.5934426, 11.5319162 ], [ 92.5922784, 11.5300627 ], [ 92.5895051, 11.5307721 ], [ 92.5895554, 11.5316264 ], [ 92.5934426, 11.5319162 ] ] ], [ [ [ 92.206909, 11.5332727 ], [ 92.2071287, 11.53226 ], [ 92.2066294, 11.5331598 ], [ 92.206909, 11.5332727 ] ] ], [ [ [ 92.6307872, 11.5335631 ], [ 92.6304664, 11.5329438 ], [ 92.6305397, 11.5335631 ], [ 92.6307872, 11.5335631 ] ] ], [ [ [ 92.2058183, 11.534159 ], [ 92.2053048, 11.5338563 ], [ 92.2050116, 11.5343807 ], [ 92.2058183, 11.534159 ] ] ], [ [ [ 92.2071206, 11.5359035 ], [ 92.2069876, 11.5354651 ], [ 92.2067355, 11.5357138 ], [ 92.2071206, 11.5359035 ] ] ], [ [ [ 92.5985025, 11.5375219 ], [ 92.6027795, 11.5369211 ], [ 92.6054063, 11.5327173 ], [ 92.6059112, 11.5232154 ], [ 92.6073689, 11.5210322 ], [ 92.6059114, 11.5187764 ], [ 92.6013092, 11.5213256 ], [ 92.5965873, 11.5288652 ], [ 92.5966877, 11.5331279 ], [ 92.5985025, 11.5375219 ] ] ], [ [ [ 92.5551653, 11.5404034 ], [ 92.554918, 11.5392823 ], [ 92.5545696, 11.5395263 ], [ 92.5551653, 11.5404034 ] ] ], [ [ [ 92.5584884, 11.5414801 ], [ 92.5605854, 11.532164 ], [ 92.5672236, 11.5283637 ], [ 92.568493, 11.5297065 ], [ 92.568563, 11.5232152 ], [ 92.5672623, 11.5179126 ], [ 92.5654383, 11.5166329 ], [ 92.5604239, 11.516433 ], [ 92.5590936, 11.5206412 ], [ 92.5559121, 11.5227831 ], [ 92.5525458, 11.5300511 ], [ 92.5512214, 11.5288529 ], [ 92.5505498, 11.5379568 ], [ 92.5529877, 11.5408911 ], [ 92.5541755, 11.5388391 ], [ 92.5551059, 11.5391241 ], [ 92.5570949, 11.5411362 ], [ 92.5584884, 11.5414801 ] ] ], [ [ [ 92.583133, 11.5347763 ], [ 92.5819411, 11.5353638 ], [ 92.5832787, 11.5419321 ], [ 92.585227, 11.5407118 ], [ 92.583133, 11.5347763 ] ] ], [ [ [ 92.6277987, 11.5425316 ], [ 92.6257679, 11.5436753 ], [ 92.6272945, 11.5489686 ], [ 92.6285367, 11.5478339 ], [ 92.6277987, 11.5425316 ] ] ], [ [ [ 92.5434125, 11.5544225 ], [ 92.5412169, 11.553658 ], [ 92.5402447, 11.5546929 ], [ 92.5413906, 11.5554029 ], [ 92.5434125, 11.5544225 ] ] ], [ [ [ 92.5623813, 11.5575734 ], [ 92.5620833, 11.5576683 ], [ 92.562207, 11.557718 ], [ 92.5623813, 11.5575734 ] ] ], [ [ [ 92.6311224, 11.5575799 ], [ 92.6316634, 11.5567481 ], [ 92.6310983, 11.5560668 ], [ 92.6311224, 11.5575799 ] ] ], [ [ [ 92.5396247, 11.5582955 ], [ 92.5435306, 11.5580615 ], [ 92.5441498, 11.5568005 ], [ 92.5412802, 11.5564606 ], [ 92.5389749, 11.5544484 ], [ 92.5384017, 11.5551128 ], [ 92.5403586, 11.5570481 ], [ 92.5396247, 11.5582955 ] ] ], [ [ [ 92.5671071, 11.5599657 ], [ 92.5666626, 11.5592332 ], [ 92.5666901, 11.5597712 ], [ 92.5671071, 11.5599657 ] ] ], [ [ [ 92.5631006, 11.5597931 ], [ 92.5627292, 11.5598427 ], [ 92.5632976, 11.5601322 ], [ 92.5631006, 11.5597931 ] ] ], [ [ [ 92.5705729, 11.5598171 ], [ 92.569977, 11.5598442 ], [ 92.5705729, 11.5601335 ], [ 92.5705729, 11.5598171 ] ] ], [ [ [ 92.5739377, 11.5605275 ], [ 92.5735437, 11.5592346 ], [ 92.5733695, 11.5593792 ], [ 92.5739377, 11.5605275 ] ] ], [ [ [ 92.6143532, 11.5561468 ], [ 92.6166453, 11.5573674 ], [ 92.6176034, 11.5598536 ], [ 92.619295, 11.5566532 ], [ 92.61825, 11.5448098 ], [ 92.6163846, 11.5359996 ], [ 92.6096419, 11.5314066 ], [ 92.6048051, 11.5432498 ], [ 92.6053641, 11.5472231 ], [ 92.6019165, 11.5515173 ], [ 92.6012837, 11.554225 ], [ 92.6039472, 11.5528781 ], [ 92.6084213, 11.5537463 ], [ 92.6095442, 11.5592702 ], [ 92.6110982, 11.5611417 ], [ 92.6134179, 11.5596682 ], [ 92.6143532, 11.5561468 ] ] ], [ [ [ 92.6086413, 11.5562099 ], [ 92.6076694, 11.5560652 ], [ 92.6048452, 11.5605628 ], [ 92.6066788, 11.5630762 ], [ 92.6086413, 11.5562099 ] ] ], [ [ [ 92.5652995, 11.5672296 ], [ 92.5636167, 11.5685311 ], [ 92.5660643, 11.570855 ], [ 92.5669217, 11.5701048 ], [ 92.5652995, 11.5672296 ] ] ], [ [ [ 92.5744279, 11.5623086 ], [ 92.5717048, 11.5626742 ], [ 92.5718236, 11.5644281 ], [ 92.5763611, 11.5710558 ], [ 92.5744279, 11.5623086 ] ] ], [ [ [ 92.5295633, 11.5687615 ], [ 92.5289162, 11.5707683 ], [ 92.5300898, 11.5710129 ], [ 92.530191, 11.5700229 ], [ 92.5295633, 11.5687615 ] ] ], [ [ [ 92.2687135, 11.5730779 ], [ 92.2691448, 11.5722599 ], [ 92.268352, 11.5711837 ], [ 92.267953, 11.5717395 ], [ 92.2687135, 11.5730779 ] ] ], [ [ [ 92.5697545, 11.5726232 ], [ 92.5688147, 11.5725959 ], [ 92.5687641, 11.5730389 ], [ 92.56936, 11.5735724 ], [ 92.5697545, 11.5726232 ] ] ], [ [ [ 92.5925986, 11.5776533 ], [ 92.5944834, 11.5719622 ], [ 92.5919854, 11.567618 ], [ 92.593118, 11.5652675 ], [ 92.5947408, 11.5655705 ], [ 92.5954286, 11.5643908 ], [ 92.597002, 11.5547173 ], [ 92.596012, 11.5529226 ], [ 92.5966544, 11.54602 ], [ 92.5950146, 11.5333538 ], [ 92.5912004, 11.5368432 ], [ 92.5878637, 11.5341214 ], [ 92.5877859, 11.5326026 ], [ 92.5868184, 11.5348084 ], [ 92.5881884, 11.5395912 ], [ 92.5857036, 11.541399 ], [ 92.5847678, 11.5466153 ], [ 92.5828055, 11.5490426 ], [ 92.5837219, 11.5518996 ], [ 92.5865271, 11.5539115 ], [ 92.5872874, 11.5594039 ], [ 92.5888137, 11.5614517 ], [ 92.5868321, 11.570533 ], [ 92.5914845, 11.5779966 ], [ 92.5925986, 11.5776533 ] ] ], [ [ [ 92.1970102, 11.578131 ], [ 92.1966295, 11.5772994 ], [ 92.196529, 11.5782803 ], [ 92.1970102, 11.578131 ] ] ], [ [ [ 92.5694096, 11.5782329 ], [ 92.5701522, 11.5783551 ], [ 92.570001, 11.5779166 ], [ 92.5694096, 11.5782329 ] ] ], [ [ [ 92.5689875, 11.5795754 ], [ 92.5682219, 11.5794306 ], [ 92.5681943, 11.5796475 ], [ 92.5689875, 11.5795754 ] ] ], [ [ [ 92.5260798, 11.5801201 ], [ 92.529808, 11.5774181 ], [ 92.5283641, 11.5764593 ], [ 92.5260798, 11.5801201 ] ] ], [ [ [ 92.19697, 11.5819236 ], [ 92.196172, 11.580866 ], [ 92.1965577, 11.5832617 ], [ 92.19697, 11.5819236 ] ] ], [ [ [ 92.5997497, 11.587228 ], [ 92.5993371, 11.5865816 ], [ 92.5990757, 11.5875716 ], [ 92.5997497, 11.587228 ] ] ], [ [ [ 92.577464, 11.5823614 ], [ 92.5761751, 11.5859413 ], [ 92.5774173, 11.5876367 ], [ 92.5787199, 11.5842873 ], [ 92.577464, 11.5823614 ] ] ], [ [ [ 92.198966, 11.588229 ], [ 92.1972319, 11.584238 ], [ 92.1965809, 11.5842652 ], [ 92.1971869, 11.5874384 ], [ 92.198966, 11.588229 ] ] ], [ [ [ 92.6109778, 11.5883498 ], [ 92.6170206, 11.5823289 ], [ 92.6182219, 11.5765338 ], [ 92.6179836, 11.5724564 ], [ 92.6139541, 11.5630449 ], [ 92.6098602, 11.5660417 ], [ 92.6069672, 11.5695675 ], [ 92.6073568, 11.5705981 ], [ 92.6037075, 11.5711494 ], [ 92.603538, 11.5691288 ], [ 92.6007875, 11.567551 ], [ 92.5992195, 11.5690561 ], [ 92.5988339, 11.5749009 ], [ 92.600919, 11.5856731 ], [ 92.6109778, 11.5883498 ] ] ], [ [ [ 92.2642786, 11.5891552 ], [ 92.2651725, 11.589612 ], [ 92.2660989, 11.5888304 ], [ 92.2642786, 11.5891552 ] ] ], [ [ [ 92.5945275, 11.5891397 ], [ 92.5930374, 11.5892435 ], [ 92.5923175, 11.5900345 ], [ 92.5935462, 11.590333 ], [ 92.5945275, 11.5891397 ] ] ], [ [ [ 92.2022169, 11.5892633 ], [ 92.2010429, 11.5883777 ], [ 92.1988195, 11.5891331 ], [ 92.2004109, 11.5908459 ], [ 92.2022169, 11.5892633 ] ] ], [ [ [ 92.2217637, 11.5944377 ], [ 92.2221757, 11.5928147 ], [ 92.2201311, 11.5935839 ], [ 92.2217637, 11.5944377 ] ] ], [ [ [ 92.552589, 11.5947466 ], [ 92.5514705, 11.5941044 ], [ 92.5512592, 11.595325 ], [ 92.552589, 11.5947466 ] ] ], [ [ [ 92.2161151, 11.5944893 ], [ 92.219655, 11.5955098 ], [ 92.2189803, 11.5936883 ], [ 92.2206256, 11.5917213 ], [ 92.2271165, 11.5883515 ], [ 92.229877, 11.5895981 ], [ 92.2320148, 11.5928519 ], [ 92.2393371, 11.5935362 ], [ 92.2613572, 11.5912424 ], [ 92.2631322, 11.5894621 ], [ 92.2688784, 11.5860242 ], [ 92.2691611, 11.57763 ], [ 92.2665322, 11.5707219 ], [ 92.2671937, 11.5671918 ], [ 92.2683171, 11.5666995 ], [ 92.2666915, 11.5616903 ], [ 92.26706, 11.5570932 ], [ 92.2680119, 11.5493095 ], [ 92.2702585, 11.5482164 ], [ 92.2730268, 11.5367763 ], [ 92.2686545, 11.5224225 ], [ 92.2655834, 11.5225616 ], [ 92.2594296, 11.5172206 ], [ 92.2516667, 11.5237992 ], [ 92.2481045, 11.5252668 ], [ 92.2331025, 11.5246618 ], [ 92.220091, 11.5296749 ], [ 92.2154474, 11.529143 ], [ 92.2168173, 11.5269999 ], [ 92.2158086, 11.525947 ], [ 92.2134301, 11.5278599 ], [ 92.213903, 11.5301651 ], [ 92.2132929, 11.5286283 ], [ 92.2114184, 11.5293793 ], [ 92.2107633, 11.5308848 ], [ 92.2118361, 11.5316213 ], [ 92.2095404, 11.5344065 ], [ 92.2039573, 11.5502747 ], [ 92.2051475, 11.5604994 ], [ 92.2112807, 11.5735298 ], [ 92.2085686, 11.5798095 ], [ 92.2028308, 11.5874414 ], [ 92.2088782, 11.5881494 ], [ 92.2117901, 11.5898347 ], [ 92.2136528, 11.5939883 ], [ 92.2119662, 11.5956071 ], [ 92.2161151, 11.5944893 ] ] ], [ [ [ 92.2295993, 11.5947875 ], [ 92.2280267, 11.5946841 ], [ 92.229453, 11.5957007 ], [ 92.2295993, 11.5947875 ] ] ], [ [ [ 92.5401655, 11.6050317 ], [ 92.541779, 11.6065238 ], [ 92.5456492, 11.6051824 ], [ 92.5490844, 11.6010381 ], [ 92.5485865, 11.594488 ], [ 92.5468905, 11.592711 ], [ 92.5435759, 11.5922264 ], [ 92.5439383, 11.5914128 ], [ 92.5493478, 11.5935434 ], [ 92.5527364, 11.5918853 ], [ 92.5533961, 11.5940507 ], [ 92.5582562, 11.5935999 ], [ 92.5617033, 11.5963399 ], [ 92.5662202, 11.5931721 ], [ 92.5695946, 11.5935027 ], [ 92.5715763, 11.5877894 ], [ 92.5688535, 11.5847331 ], [ 92.5664507, 11.5869567 ], [ 92.5624257, 11.5850979 ], [ 92.5615326, 11.5810385 ], [ 92.5625419, 11.5776484 ], [ 92.5657474, 11.5737073 ], [ 92.56142, 11.5714282 ], [ 92.5617231, 11.5692765 ], [ 92.5567362, 11.5651528 ], [ 92.5541111, 11.5579738 ], [ 92.5505906, 11.557322 ], [ 92.5494945, 11.5590892 ], [ 92.5470699, 11.5571855 ], [ 92.54519, 11.5581569 ], [ 92.5442815, 11.5612757 ], [ 92.5401003, 11.562269 ], [ 92.5366672, 11.5606361 ], [ 92.5385062, 11.5582454 ], [ 92.5337524, 11.5576382 ], [ 92.526827, 11.5536987 ], [ 92.5261155, 11.5561756 ], [ 92.5272847, 11.5558461 ], [ 92.5273477, 11.5593087 ], [ 92.52864, 11.5606246 ], [ 92.5279429, 11.5616143 ], [ 92.5318982, 11.5642554 ], [ 92.5334939, 11.5631485 ], [ 92.5330806, 11.5657024 ], [ 92.5342723, 11.5663085 ], [ 92.5327307, 11.5700554 ], [ 92.5308734, 11.5717861 ], [ 92.5285858, 11.5717175 ], [ 92.5331047, 11.5760404 ], [ 92.5308261, 11.5763652 ], [ 92.5303302, 11.5787292 ], [ 92.5286248, 11.5784122 ], [ 92.525611, 11.5832977 ], [ 92.5259271, 11.5841205 ], [ 92.5281465, 11.5829686 ], [ 92.530339, 11.5796378 ], [ 92.5311366, 11.5801714 ], [ 92.530297, 11.5818347 ], [ 92.5319068, 11.580357 ], [ 92.532084, 11.5850312 ], [ 92.5291946, 11.5879006 ], [ 92.5283975, 11.5864448 ], [ 92.527631, 11.5885872 ], [ 92.5285059, 11.5908838 ], [ 92.5296798, 11.5905723 ], [ 92.5294318, 11.5916616 ], [ 92.5309675, 11.5923899 ], [ 92.5278039, 11.5925788 ], [ 92.5279677, 11.5963035 ], [ 92.529457, 11.5988129 ], [ 92.5305071, 11.5982481 ], [ 92.5319967, 11.5998579 ], [ 92.5357628, 11.6083166 ], [ 92.5401655, 11.6050317 ] ] ], [ [ [ 92.6868422, 11.6299938 ], [ 92.6861866, 11.6309072 ], [ 92.6872276, 11.6315759 ], [ 92.6874017, 11.6309295 ], [ 92.6868422, 11.6299938 ] ] ], [ [ [ 92.7550823, 11.6370704 ], [ 92.7543442, 11.636609 ], [ 92.7544816, 11.6371876 ], [ 92.7550823, 11.6370704 ] ] ], [ [ [ 92.7546144, 11.6376487 ], [ 92.7530598, 11.6378199 ], [ 92.7542655, 11.6384939 ], [ 92.7546144, 11.6376487 ] ] ], [ [ [ 92.687829, 11.6342564 ], [ 92.6855318, 11.6346863 ], [ 92.6861383, 11.6404858 ], [ 92.6886959, 11.6354134 ], [ 92.687829, 11.6342564 ] ] ], [ [ [ 92.700171, 11.6598972 ], [ 92.6935351, 11.6594695 ], [ 92.6922101, 11.6610926 ], [ 92.6971499, 11.6640206 ], [ 92.7005571, 11.6630026 ], [ 92.700171, 11.6598972 ] ] ], [ [ [ 92.7648885, 11.6784353 ], [ 92.7618829, 11.6710253 ], [ 92.7603933, 11.6687194 ], [ 92.7590387, 11.672656 ], [ 92.7598083, 11.6749482 ], [ 92.7583028, 11.6778903 ], [ 92.7613799, 11.6783752 ], [ 92.7645659, 11.6821599 ], [ 92.7648885, 11.6784353 ] ] ], [ [ [ 92.7223175, 11.6887483 ], [ 92.7250186, 11.6880106 ], [ 92.7250459, 11.687102 ], [ 92.7229817, 11.6861399 ], [ 92.7211431, 11.6877543 ], [ 92.7223175, 11.6887483 ] ] ], [ [ [ 92.5867644, 11.7000591 ], [ 92.585792, 11.7006692 ], [ 92.5869707, 11.7013338 ], [ 92.5867644, 11.7000591 ] ] ], [ [ [ 92.5853649, 11.7047103 ], [ 92.5848145, 11.7043531 ], [ 92.5850896, 11.7050357 ], [ 92.5853649, 11.7047103 ] ] ], [ [ [ 92.5826765, 11.7083895 ], [ 92.5829931, 11.7077612 ], [ 92.582805, 11.7076979 ], [ 92.5826765, 11.7083895 ] ] ], [ [ [ 93.0858016, 11.7839678 ], [ 93.0828064, 11.7791939 ], [ 93.0804988, 11.7779596 ], [ 93.0759884, 11.7810869 ], [ 93.0784511, 11.787705 ], [ 93.0815569, 11.789708 ], [ 93.0839472, 11.789862 ], [ 93.0860121, 11.7882169 ], [ 93.0858016, 11.7839678 ] ] ], [ [ [ 93.0722484, 11.8343398 ], [ 93.0722669, 11.8334855 ], [ 93.0716291, 11.8336572 ], [ 93.0722484, 11.8343398 ] ] ], [ [ [ 93.0712104, 11.8391492 ], [ 93.0716467, 11.8375084 ], [ 93.0708755, 11.8390316 ], [ 93.0712104, 11.8391492 ] ] ], [ [ [ 93.0106685, 11.8513814 ], [ 93.0152996, 11.8497334 ], [ 93.0177747, 11.8457248 ], [ 93.0304005, 11.8415254 ], [ 93.0312187, 11.8373896 ], [ 93.0343425, 11.8413639 ], [ 93.0372796, 11.840402 ], [ 93.039518, 11.8439421 ], [ 93.0587454, 11.8459722 ], [ 93.0690255, 11.8426656 ], [ 93.0717892, 11.836193 ], [ 93.0715281, 11.8341136 ], [ 93.0620467, 11.8175314 ], [ 93.058941, 11.8142669 ], [ 93.0455669, 11.8097207 ], [ 93.042309, 11.809869 ], [ 93.039165, 11.8128107 ], [ 93.0354389, 11.8136006 ], [ 93.0341988, 11.8172979 ], [ 93.0229537, 11.8259505 ], [ 93.0137248, 11.8288219 ], [ 93.0099448, 11.8369885 ], [ 93.0103328, 11.841952 ], [ 93.0091341, 11.8443834 ], [ 93.0106105, 11.8472996 ], [ 93.0106685, 11.8513814 ] ] ], [ [ [ 92.6034885, 11.9291715 ], [ 92.6016106, 11.9353551 ], [ 92.603332, 11.9360514 ], [ 92.6048285, 11.9346818 ], [ 92.6034885, 11.9291715 ] ] ], [ [ [ 92.9954905, 11.9458559 ], [ 92.9946225, 11.946299 ], [ 92.9955548, 11.946828 ], [ 92.9954905, 11.9458559 ] ] ], [ [ [ 92.7222506, 11.9513314 ], [ 92.7228394, 11.9544502 ], [ 92.7246618, 11.9539659 ], [ 92.7243722, 11.9530213 ], [ 92.7222506, 11.9513314 ] ] ], [ [ [ 92.7309156, 11.9450723 ], [ 92.7245195, 11.9416844 ], [ 92.7231487, 11.9468064 ], [ 92.7239031, 11.9505173 ], [ 92.7254004, 11.9526729 ], [ 92.7256773, 11.9565601 ], [ 92.7321564, 11.9599344 ], [ 92.7318516, 11.9555002 ], [ 92.7284763, 11.9526356 ], [ 92.7278543, 11.9470533 ], [ 92.7309156, 11.9450723 ] ] ], [ [ [ 92.6046059, 11.9665631 ], [ 92.6077968, 11.9657768 ], [ 92.6086188, 11.9612069 ], [ 92.6066539, 11.9595298 ], [ 92.6041056, 11.9653517 ], [ 92.6046059, 11.9665631 ] ] ], [ [ [ 92.7441371, 11.9667686 ], [ 92.7404132, 11.9652333 ], [ 92.7432745, 11.9676821 ], [ 92.7441371, 11.9667686 ] ] ], [ [ [ 92.7481538, 11.9686075 ], [ 92.7658251, 11.967991 ], [ 92.7674008, 11.9656139 ], [ 92.7658691, 11.9612558 ], [ 92.7679188, 11.9557149 ], [ 92.7702058, 11.9539663 ], [ 92.7700182, 11.9520316 ], [ 92.765198, 11.951858 ], [ 92.7571581, 11.9443467 ], [ 92.7472415, 11.9458431 ], [ 92.7441826, 11.9449449 ], [ 92.7417274, 11.9468218 ], [ 92.7397462, 11.9513835 ], [ 92.7379148, 11.9521844 ], [ 92.7353665, 11.951191 ], [ 92.7347705, 11.9533519 ], [ 92.7382447, 11.9616948 ], [ 92.7421659, 11.9628639 ], [ 92.7449429, 11.9617824 ], [ 92.748271, 11.9632872 ], [ 92.7481538, 11.9686075 ] ] ], [ [ [ 92.5945365, 11.9785952 ], [ 92.5973236, 11.9757703 ], [ 92.6022132, 11.9764939 ], [ 92.6035586, 11.9747764 ], [ 92.6040594, 11.969881 ], [ 92.6018928, 11.9641446 ], [ 92.6044692, 11.9525097 ], [ 92.6060899, 11.9509367 ], [ 92.605622, 11.9452773 ], [ 92.6080644, 11.9432298 ], [ 92.608014, 11.9408883 ], [ 92.6053655, 11.9369827 ], [ 92.6015416, 11.9361778 ], [ 92.5998577, 11.9276434 ], [ 92.5978932, 11.9249672 ], [ 92.5963505, 11.9284612 ], [ 92.5942621, 11.9260924 ], [ 92.5934988, 11.937628 ], [ 92.5946045, 11.9435904 ], [ 92.5931166, 11.9483003 ], [ 92.5902107, 11.9482186 ], [ 92.5901691, 11.9509036 ], [ 92.5921752, 11.9516045 ], [ 92.5922162, 11.9539551 ], [ 92.5953014, 11.9524953 ], [ 92.597234, 11.9530876 ], [ 92.5949203, 11.9530061 ], [ 92.5919314, 11.9550489 ], [ 92.5904074, 11.9537243 ], [ 92.5895671, 11.9547322 ], [ 92.5922938, 11.956744 ], [ 92.591247, 11.9578423 ], [ 92.5924909, 11.9596958 ], [ 92.5911093, 11.9584344 ], [ 92.58812, 11.9627645 ], [ 92.5864537, 11.9613043 ], [ 92.5868578, 11.9602194 ], [ 92.5856318, 11.9613448 ], [ 92.5876975, 11.9637408 ], [ 92.59345, 11.9638998 ], [ 92.590943, 11.9662002 ], [ 92.5867926, 11.9666924 ], [ 92.5868371, 11.9773466 ], [ 92.5896469, 11.9769719 ], [ 92.5945365, 11.9785952 ] ] ], [ [ [ 92.6004221, 11.9822525 ], [ 92.5998987, 11.9819813 ], [ 92.6001421, 11.9825193 ], [ 92.6004221, 11.9822525 ] ] ], [ [ [ 92.5830256, 11.9824947 ], [ 92.5840687, 11.9769259 ], [ 92.5838116, 11.9767903 ], [ 92.5799915, 11.9782271 ], [ 92.5813313, 11.982743 ], [ 92.5830256, 11.9824947 ] ] ], [ [ [ 92.7410466, 11.9970103 ], [ 92.741649, 11.9882995 ], [ 92.7517602, 11.9936918 ], [ 92.7541576, 11.9923503 ], [ 92.7569627, 11.992912 ], [ 92.7587505, 11.9890841 ], [ 92.7567915, 11.9854445 ], [ 92.7607869, 11.9831725 ], [ 92.7529185, 11.9807057 ], [ 92.7492014, 11.9768438 ], [ 92.7454462, 11.9784347 ], [ 92.7436211, 11.9833852 ], [ 92.7362403, 11.9772679 ], [ 92.7336508, 11.9772327 ], [ 92.7321226, 11.9788471 ], [ 92.7320921, 11.9830102 ], [ 92.7352607, 11.9843786 ], [ 92.7374662, 11.9884866 ], [ 92.7360533, 11.9913168 ], [ 92.7375844, 11.996632 ], [ 92.7410466, 11.9970103 ] ] ], [ [ [ 92.7719777, 12.0189335 ], [ 92.774244, 12.0184863 ], [ 92.7764254, 12.0161836 ], [ 92.774068, 12.0120201 ], [ 92.7699123, 12.0129621 ], [ 92.7699117, 12.0168019 ], [ 92.7719777, 12.0189335 ] ] ], [ [ [ 92.9721507, 12.0360755 ], [ 92.9711587, 12.0359627 ], [ 92.9719143, 12.0366315 ], [ 92.9721507, 12.0360755 ] ] ], [ [ [ 92.9890837, 12.0378593 ], [ 92.9896495, 12.0368863 ], [ 92.9887724, 12.0372911 ], [ 92.9890837, 12.0378593 ] ] ], [ [ [ 92.9775085, 12.042014 ], [ 92.9776277, 12.0419352 ], [ 92.9774257, 12.041976 ], [ 92.9775085, 12.042014 ] ] ], [ [ [ 92.9772697, 12.0424257 ], [ 92.9772696, 12.0422313 ], [ 92.9771503, 12.0423579 ], [ 92.9772697, 12.0424257 ] ] ], [ [ [ 92.976854, 12.0424644 ], [ 92.9767989, 12.0423693 ], [ 92.9767989, 12.0424506 ], [ 92.976854, 12.0424644 ] ] ], [ [ [ 92.9762388, 12.0427513 ], [ 92.9762479, 12.0426134 ], [ 92.9761446, 12.0427106 ], [ 92.9762388, 12.0427513 ] ] ], [ [ [ 92.975876, 12.0428802 ], [ 92.9757037, 12.0428282 ], [ 92.9756991, 12.0428893 ], [ 92.975876, 12.0428802 ] ] ], [ [ [ 92.9743307, 12.0429166 ], [ 92.9743237, 12.0428035 ], [ 92.974248, 12.04286 ], [ 92.9743307, 12.0429166 ] ] ], [ [ [ 92.9752475, 12.0429174 ], [ 92.9752581, 12.0428611 ], [ 92.9751389, 12.0429459 ], [ 92.9752475, 12.0429174 ] ] ], [ [ [ 92.9748909, 12.0431109 ], [ 92.9749276, 12.0430121 ], [ 92.9748447, 12.0430455 ], [ 92.9748909, 12.0431109 ] ] ], [ [ [ 92.978682, 12.0431826 ], [ 92.9785097, 12.0431872 ], [ 92.9787164, 12.0433092 ], [ 92.978682, 12.0431826 ] ] ], [ [ [ 92.9781148, 12.0429657 ], [ 92.9772083, 12.0428254 ], [ 92.9778117, 12.0434179 ], [ 92.9781148, 12.0429657 ] ] ], [ [ [ 92.9788565, 12.043768 ], [ 92.9788605, 12.0436047 ], [ 92.9788014, 12.0437273 ], [ 92.9788565, 12.043768 ] ] ], [ [ [ 92.9781745, 12.0437341 ], [ 92.9783512, 12.0430787 ], [ 92.9781538, 12.0431647 ], [ 92.9781745, 12.0437341 ] ] ], [ [ [ 92.9783032, 12.0440551 ], [ 92.978255, 12.0439579 ], [ 92.978255, 12.0440596 ], [ 92.9783032, 12.0440551 ] ] ], [ [ [ 92.9787533, 12.0442788 ], [ 92.9786247, 12.0440347 ], [ 92.9786912, 12.0442855 ], [ 92.9787533, 12.0442788 ] ] ], [ [ [ 92.96418, 12.0499942 ], [ 92.9683593, 12.0317208 ], [ 92.971115, 12.0348823 ], [ 92.9734657, 12.0312952 ], [ 92.9764479, 12.0290279 ], [ 92.9754949, 12.0271679 ], [ 92.9771591, 12.0254477 ], [ 92.9756001, 12.0245055 ], [ 92.9750672, 12.023371 ], [ 92.9768347, 12.0203806 ], [ 92.9745819, 12.0170541 ], [ 92.9748182, 12.0162494 ], [ 92.9757229, 12.0163374 ], [ 92.976072, 12.0176686 ], [ 92.9772429, 12.0169339 ], [ 92.9762741, 12.0179375 ], [ 92.9748573, 12.0166359 ], [ 92.9760078, 12.0184077 ], [ 92.9773212, 12.018742 ], [ 92.977069, 12.0206383 ], [ 92.9754483, 12.0233845 ], [ 92.9774232, 12.0253754 ], [ 92.9759725, 12.0277691 ], [ 92.978363, 12.0299678 ], [ 92.9811089, 12.0288237 ], [ 92.9798068, 12.0271267 ], [ 92.9802429, 12.0265661 ], [ 92.9825988, 12.0270471 ], [ 92.9814047, 12.0261862 ], [ 92.9810945, 12.0252098 ], [ 92.9820723, 12.0230287 ], [ 92.9825658, 12.0226014 ], [ 92.9821505, 12.0243576 ], [ 92.9834696, 12.0260318 ], [ 92.9816845, 12.0244887 ], [ 92.9827113, 12.0272572 ], [ 92.9800524, 12.0272902 ], [ 92.9813477, 12.0290204 ], [ 92.9785434, 12.0304321 ], [ 92.9770587, 12.0291408 ], [ 92.9737091, 12.0317765 ], [ 92.9719805, 12.0346109 ], [ 92.9737479, 12.0373962 ], [ 92.972109, 12.039059 ], [ 92.9729621, 12.0431585 ], [ 92.9774968, 12.0417521 ], [ 92.982374, 12.042828 ], [ 92.9879757, 12.0370743 ], [ 92.989204, 12.0367463 ], [ 92.9912384, 12.0369357 ], [ 92.9914912, 12.0378262 ], [ 92.9959293, 12.0367494 ], [ 92.9986532, 12.0345246 ], [ 92.9997266, 12.0354357 ], [ 93.00101, 12.0320851 ], [ 93.0043256, 12.0343971 ], [ 93.004239, 12.0329501 ], [ 93.0057187, 12.0315807 ], [ 93.0066648, 12.0321282 ], [ 93.0077176, 12.0299175 ], [ 93.0101195, 12.0313518 ], [ 93.0108562, 12.0270927 ], [ 93.0147836, 12.0272977 ], [ 93.0144862, 12.024467 ], [ 93.0126859, 12.0235756 ], [ 93.0135455, 12.0218848 ], [ 93.0164489, 12.0210132 ], [ 93.0140162, 12.0165313 ], [ 93.0169197, 12.0151804 ], [ 93.0156109, 12.0143389 ], [ 93.0167778, 12.0140002 ], [ 93.0168428, 12.0122006 ], [ 93.0129574, 12.0108788 ], [ 93.0125402, 12.0088574 ], [ 93.0140331, 12.0086636 ], [ 93.012831, 12.0052402 ], [ 93.0116093, 12.0050769 ], [ 93.0079701, 12.0084034 ], [ 93.0067767, 12.0063184 ], [ 93.0071043, 12.0029906 ], [ 93.0086697, 11.9988086 ], [ 93.0130318, 11.9986296 ], [ 93.009938, 11.9962416 ], [ 93.0106642, 11.9946463 ], [ 93.0150847, 11.9975048 ], [ 93.0153106, 11.9951816 ], [ 93.0123641, 11.9921518 ], [ 93.0143753, 11.9917005 ], [ 93.01253, 11.9906285 ], [ 93.0168213, 11.9834024 ], [ 93.0167031, 11.9801749 ], [ 93.0205299, 11.9744085 ], [ 93.0223991, 11.9727683 ], [ 93.0245379, 11.9746631 ], [ 93.0283256, 11.9747819 ], [ 93.0270142, 11.969981 ], [ 93.0250771, 11.9689994 ], [ 93.0272824, 11.9648054 ], [ 93.0261548, 11.9595932 ], [ 93.0283603, 11.954242 ], [ 93.0277919, 11.9519183 ], [ 93.03023, 11.9509157 ], [ 93.0300733, 11.9488545 ], [ 93.0333475, 11.9497414 ], [ 93.0390541, 11.9489251 ], [ 93.0408146, 11.9415621 ], [ 93.0453337, 11.9344666 ], [ 93.0440538, 11.9320706 ], [ 93.0462851, 11.9308688 ], [ 93.0485176, 11.9252643 ], [ 93.0473887, 11.924066 ], [ 93.049556, 11.9215037 ], [ 93.0465737, 11.9164583 ], [ 93.0503655, 11.9154061 ], [ 93.0505728, 11.9126804 ], [ 93.0489715, 11.910352 ], [ 93.0511108, 11.9094757 ], [ 93.0517078, 11.9079254 ], [ 93.0506663, 11.9062526 ], [ 93.0518872, 11.9065332 ], [ 93.0540868, 11.9027864 ], [ 93.0536706, 11.8970908 ], [ 93.0514457, 11.8924796 ], [ 93.0441046, 11.8837173 ], [ 93.0375743, 11.88141 ], [ 93.0330763, 11.8817838 ], [ 93.0254377, 11.8857772 ], [ 93.0238123, 11.8875756 ], [ 93.0147014, 11.9113217 ], [ 93.0115283, 11.9147287 ], [ 93.0102505, 11.9188507 ], [ 93.0042378, 11.9280605 ], [ 92.992334, 11.934519 ], [ 92.9930739, 11.9363313 ], [ 92.9905523, 11.9438449 ], [ 92.9952303, 11.9441278 ], [ 92.996466, 11.9460483 ], [ 93.0015533, 11.9465653 ], [ 93.0042842, 11.9479451 ], [ 93.0081827, 11.9454968 ], [ 93.0084727, 11.943752 ], [ 93.0094096, 11.9427218 ], [ 93.0128062, 11.9438125 ], [ 93.0147352, 11.9417566 ], [ 93.0146765, 11.9391303 ], [ 93.0149111, 11.9380048 ], [ 93.0153792, 11.9382672 ], [ 93.014937, 11.9421454 ], [ 93.0128979, 11.944129 ], [ 93.0089226, 11.9436664 ], [ 93.0099726, 11.946632 ], [ 93.0081505, 11.9458674 ], [ 93.0046833, 11.9483386 ], [ 93.0015987, 11.9475145 ], [ 93.0037265, 11.9528991 ], [ 93.0063973, 11.9552145 ], [ 93.0076555, 11.9546997 ], [ 93.008399, 11.9551114 ], [ 93.0085181, 11.9558753 ], [ 93.0069378, 11.9582207 ], [ 93.0049684, 11.9579306 ], [ 93.0044123, 11.9593995 ], [ 93.0047344, 11.9576592 ], [ 93.006791, 11.9579178 ], [ 93.0082106, 11.955369 ], [ 93.0063559, 11.9555445 ], [ 93.0035656, 11.9532832 ], [ 93.0008409, 11.9483866 ], [ 92.9977333, 11.9544808 ], [ 93.0, 11.9599194 ], [ 92.9972236, 11.9543768 ], [ 92.9993406, 11.950253 ], [ 92.997242, 11.947228 ], [ 92.9937262, 11.9477627 ], [ 92.9881204, 11.9464451 ], [ 92.9865628, 11.9432861 ], [ 92.975087, 11.9455461 ], [ 92.9705159, 11.9490328 ], [ 92.9651947, 11.9611669 ], [ 92.9644854, 11.9681781 ], [ 92.9628971, 11.9685627 ], [ 92.958443, 11.9809496 ], [ 92.9457857, 11.9846371 ], [ 92.9400555, 11.9836622 ], [ 92.9392984, 11.985493 ], [ 92.9359415, 11.9830347 ], [ 92.9323053, 11.9836684 ], [ 92.9305197, 11.9856034 ], [ 92.9294052, 11.9912314 ], [ 92.9255718, 11.9942651 ], [ 92.9229509, 11.9984423 ], [ 92.9279934, 12.0056091 ], [ 92.9385313, 12.0070904 ], [ 92.945625, 12.0099936 ], [ 92.9486879, 12.0130628 ], [ 92.9513129, 12.0190412 ], [ 92.9601003, 12.0316876 ], [ 92.9617827, 12.0453629 ], [ 92.96418, 12.0499942 ] ] ], [ [ [ 92.7466516, 12.0548705 ], [ 92.7500006, 12.055281 ], [ 92.7501672, 12.0541851 ], [ 92.7523258, 12.0537878 ], [ 92.7601697, 12.0546346 ], [ 92.7596286, 12.0505573 ], [ 92.7644666, 12.0514215 ], [ 92.765948, 12.0495097 ], [ 92.7639782, 12.0472063 ], [ 92.7661989, 12.0459749 ], [ 92.7692825, 12.0470264 ], [ 92.7716408, 12.0460819 ], [ 92.7757275, 12.0500196 ], [ 92.7777965, 12.0500674 ], [ 92.7797163, 12.0482166 ], [ 92.7821939, 12.0485422 ], [ 92.7820589, 12.0440446 ], [ 92.7787529, 12.0395195 ], [ 92.776158, 12.041933 ], [ 92.7779631, 12.0386809 ], [ 92.7765028, 12.0385181 ], [ 92.7775271, 12.0372999 ], [ 92.7745222, 12.0321375 ], [ 92.7760239, 12.0313127 ], [ 92.776247, 12.028239 ], [ 92.7781058, 12.0266988 ], [ 92.7777015, 12.0241858 ], [ 92.7734834, 12.0224075 ], [ 92.7665513, 12.0254396 ], [ 92.7649833, 12.0241081 ], [ 92.7650756, 12.0214729 ], [ 92.7605667, 12.0193182 ], [ 92.755903, 12.0218983 ], [ 92.7566394, 12.025413 ], [ 92.7555416, 12.0266761 ], [ 92.7537269, 12.0249103 ], [ 92.7518701, 12.0272246 ], [ 92.7513898, 12.0295253 ], [ 92.7528035, 12.0321609 ], [ 92.7518342, 12.0340184 ], [ 92.7495808, 12.0304757 ], [ 92.7499999, 12.0253971 ], [ 92.7487422, 12.0267281 ], [ 92.747235, 12.0250956 ], [ 92.7455913, 12.0256433 ], [ 92.7463341, 12.0333499 ], [ 92.7481595, 12.0354925 ], [ 92.747245, 12.0367577 ], [ 92.7448876, 12.0334002 ], [ 92.7420592, 12.0340795 ], [ 92.7414361, 12.0376688 ], [ 92.7390903, 12.0392564 ], [ 92.7406158, 12.0414977 ], [ 92.7389629, 12.0422036 ], [ 92.7395089, 12.0410868 ], [ 92.7370013, 12.0407444 ], [ 92.7392345, 12.0330455 ], [ 92.7370542, 12.0352568 ], [ 92.7336141, 12.034092 ], [ 92.7333532, 12.036203 ], [ 92.7302218, 12.0374111 ], [ 92.7292985, 12.0369007 ], [ 92.7288443, 12.0379314 ], [ 92.7301531, 12.0378812 ], [ 92.7307414, 12.0391015 ], [ 92.7303938, 12.0425234 ], [ 92.7280837, 12.0541141 ], [ 92.7257924, 12.0551546 ], [ 92.7269326, 12.0583138 ], [ 92.7332482, 12.0604043 ], [ 92.7339124, 12.0560737 ], [ 92.7369334, 12.0539253 ], [ 92.73907, 12.0564919 ], [ 92.7378916, 12.0610804 ], [ 92.7351605, 12.064648 ], [ 92.7362817, 12.0660126 ], [ 92.7411808, 12.0629821 ], [ 92.7437455, 12.0570098 ], [ 92.7466516, 12.0548705 ] ] ], [ [ [ 92.9688869, 12.065898 ], [ 92.9707214, 12.063536 ], [ 92.9681356, 12.0625328 ], [ 92.9671553, 12.065001 ], [ 92.9688869, 12.065898 ] ] ], [ [ [ 92.9615202, 12.0662694 ], [ 92.9649992, 12.0664522 ], [ 92.9660829, 12.0653333 ], [ 92.9640092, 12.0646465 ], [ 92.9615202, 12.0662694 ] ] ], [ [ [ 93.012173, 12.0652788 ], [ 93.0095447, 12.0661007 ], [ 93.0094704, 12.0680088 ], [ 93.0121721, 12.0674402 ], [ 93.012173, 12.0652788 ] ] ], [ [ [ 93.0082429, 12.070138 ], [ 93.0096486, 12.0703602 ], [ 93.0098098, 12.0694378 ], [ 93.0082429, 12.070138 ] ] ], [ [ [ 93.0074288, 12.072385 ], [ 93.0082424, 12.0712232 ], [ 93.0067679, 12.0706439 ], [ 93.0070304, 12.069197 ], [ 93.0048988, 12.068952 ], [ 93.0045117, 12.0716784 ], [ 93.0064874, 12.0711411 ], [ 93.0074288, 12.072385 ] ] ], [ [ [ 93.0530718, 12.0732102 ], [ 93.053026, 12.0725183 ], [ 93.0523229, 12.0731648 ], [ 93.0530718, 12.0732102 ] ] ], [ [ [ 92.7415516, 12.0706437 ], [ 92.7426985, 12.067592 ], [ 92.7452333, 12.0668134 ], [ 92.7425518, 12.0683198 ], [ 92.7419143, 12.0703181 ], [ 92.7440137, 12.0714698 ], [ 92.7482716, 12.0709174 ], [ 92.7551751, 12.0667591 ], [ 92.7566893, 12.0624991 ], [ 92.7537969, 12.0578585 ], [ 92.7472397, 12.0552997 ], [ 92.7442643, 12.0568514 ], [ 92.7419432, 12.0628009 ], [ 92.7367917, 12.0664645 ], [ 92.7365677, 12.0691315 ], [ 92.7406562, 12.0711142 ], [ 92.740818, 12.0735324 ], [ 92.7434305, 12.0717141 ], [ 92.7415516, 12.0706437 ] ] ], [ [ [ 93.0540364, 12.0740605 ], [ 93.0544087, 12.0732783 ], [ 93.0536827, 12.0735766 ], [ 93.0540364, 12.0740605 ] ] ], [ [ [ 93.0766645, 12.0767408 ], [ 93.0773123, 12.0763837 ], [ 93.076977, 12.0762706 ], [ 93.0766645, 12.0767408 ] ] ], [ [ [ 93.0783736, 12.0765331 ], [ 93.0789386, 12.0771029 ], [ 93.0790536, 12.0765875 ], [ 93.0783736, 12.0765331 ] ] ], [ [ [ 93.080124, 12.0772885 ], [ 93.0799541, 12.0764746 ], [ 93.0795221, 12.0771889 ], [ 93.080124, 12.0772885 ] ] ], [ [ [ 93.0823705, 12.07827 ], [ 93.0828436, 12.0788715 ], [ 93.0828299, 12.0782746 ], [ 93.0823705, 12.07827 ] ] ], [ [ [ 92.9558247, 12.0911898 ], [ 92.9575976, 12.0911806 ], [ 92.956881, 12.0898066 ], [ 92.9558247, 12.0911898 ] ] ], [ [ [ 93.033661, 12.1050318 ], [ 93.0343372, 12.1026355 ], [ 93.0331923, 12.1049503 ], [ 93.033661, 12.1050318 ] ] ], [ [ [ 93.0, 12.1090237 ], [ 93.0048086, 12.107567 ], [ 93.0048093, 12.1061065 ], [ 92.9981223, 12.1078938 ], [ 93.0, 12.1090237 ] ] ], [ [ [ 92.965764, 12.1096223 ], [ 92.9691695, 12.1050791 ], [ 92.9713513, 12.1042856 ], [ 92.9803961, 12.1065987 ], [ 92.9840184, 12.1094164 ], [ 92.9895904, 12.109881 ], [ 92.9915881, 12.1072408 ], [ 93.0044841, 12.1036466 ], [ 93.005074, 12.0994507 ], [ 93.0032414, 12.0977679 ], [ 93.0012321, 12.0905685 ], [ 92.9990626, 12.0909932 ], [ 92.9994891, 12.0925077 ], [ 92.9983444, 12.094713 ], [ 92.9977571, 12.0932889 ], [ 92.9992962, 12.0924759 ], [ 92.9987365, 12.0910247 ], [ 93.0013888, 12.0895648 ], [ 93.0000396, 12.0859243 ], [ 92.9982057, 12.0867258 ], [ 92.9997584, 12.0853934 ], [ 92.9993807, 12.0784905 ], [ 92.9978466, 12.0786299 ], [ 92.997786, 12.0806956 ], [ 92.995535, 12.081624 ], [ 92.9982926, 12.0776221 ], [ 92.9960392, 12.0769862 ], [ 92.9946709, 12.0785956 ], [ 92.9935181, 12.0787676 ], [ 92.9958968, 12.0767037 ], [ 92.9979942, 12.0772965 ], [ 93.0005313, 12.0753528 ], [ 93.0002017, 12.0728884 ], [ 92.9981431, 12.0733053 ], [ 93.0001811, 12.0675257 ], [ 92.9972451, 12.0642492 ], [ 93.0008081, 12.0625385 ], [ 93.0026609, 12.0595505 ], [ 92.9997345, 12.0583351 ], [ 93.0010982, 12.0506647 ], [ 92.9963007, 12.044323 ], [ 92.9902272, 12.0441276 ], [ 92.9813789, 12.0506835 ], [ 92.9787428, 12.0507269 ], [ 92.9777993, 12.0523634 ], [ 92.9784702, 12.0544539 ], [ 92.9739795, 12.060437 ], [ 92.9724292, 12.0582313 ], [ 92.9728628, 12.0562582 ], [ 92.9712189, 12.0573138 ], [ 92.9717478, 12.0630523 ], [ 92.9749242, 12.0672217 ], [ 92.9713506, 12.0644558 ], [ 92.9703336, 12.0663363 ], [ 92.9711513, 12.0681421 ], [ 92.9691051, 12.0667998 ], [ 92.9617798, 12.0673226 ], [ 92.9603952, 12.0691489 ], [ 92.9571137, 12.0700103 ], [ 92.9564687, 12.0732197 ], [ 92.9585793, 12.0762232 ], [ 92.9569605, 12.0776336 ], [ 92.9567747, 12.0820182 ], [ 92.9633684, 12.0856384 ], [ 92.97176, 12.0865347 ], [ 92.9689883, 12.0881126 ], [ 92.9687592, 12.0925515 ], [ 92.9698135, 12.0936633 ], [ 92.9686697, 12.0927436 ], [ 92.9683226, 12.0908542 ], [ 92.9638051, 12.0886556 ], [ 92.9636993, 12.0873764 ], [ 92.9638168, 12.0915712 ], [ 92.9629718, 12.0935624 ], [ 92.9618075, 12.0933432 ], [ 92.9599331, 12.0892029 ], [ 92.9607115, 12.0877111 ], [ 92.9574596, 12.0872752 ], [ 92.9589458, 12.0928281 ], [ 92.9579081, 12.096519 ], [ 92.9587241, 12.0976571 ], [ 92.9596673, 12.0963652 ], [ 92.9600877, 12.0972443 ], [ 92.9577729, 12.1082981 ], [ 92.965764, 12.1096223 ] ] ], [ [ [ 92.9920984, 12.1095098 ], [ 92.9908973, 12.1101994 ], [ 92.9914006, 12.111483 ], [ 92.9926682, 12.1107459 ], [ 92.9920984, 12.1095098 ] ] ], [ [ [ 92.9775508, 12.1091485 ], [ 92.9759905, 12.1100341 ], [ 92.9760997, 12.1121321 ], [ 92.9777049, 12.1108593 ], [ 92.9775508, 12.1091485 ] ] ], [ [ [ 92.7407857, 12.1117186 ], [ 92.7387275, 12.1109239 ], [ 92.7405062, 12.11312 ], [ 92.7407857, 12.1117186 ] ] ], [ [ [ 92.9725839, 12.116542 ], [ 92.973073, 12.1153441 ], [ 92.9719454, 12.115812 ], [ 92.9725839, 12.116542 ] ] ], [ [ [ 92.9594649, 12.1192894 ], [ 92.9628341, 12.1167984 ], [ 92.9625881, 12.1139705 ], [ 92.9594649, 12.1192894 ] ] ], [ [ [ 92.9456839, 12.1198756 ], [ 92.9515795, 12.1127492 ], [ 92.9537661, 12.1131423 ], [ 92.9523672, 12.1117321 ], [ 92.9539428, 12.1105387 ], [ 92.9571573, 12.0991204 ], [ 92.9546972, 12.0939427 ], [ 92.9508342, 12.0909777 ], [ 92.9518031, 12.0860009 ], [ 92.9501309, 12.0792365 ], [ 92.9474628, 12.0896534 ], [ 92.9467511, 12.0990419 ], [ 92.9479827, 12.1100463 ], [ 92.9456839, 12.1198756 ] ] ], [ [ [ 92.9609832, 12.1198023 ], [ 92.9601104, 12.1201685 ], [ 92.9602781, 12.1207674 ], [ 92.9609832, 12.1198023 ] ] ], [ [ [ 92.9566542, 12.1274832 ], [ 92.9582366, 12.1259183 ], [ 92.9567412, 12.1232764 ], [ 92.9559898, 12.1258031 ], [ 92.9566542, 12.1274832 ] ] ], [ [ [ 92.9558598, 12.1312689 ], [ 92.9575422, 12.1305268 ], [ 92.9554714, 12.1304078 ], [ 92.9558598, 12.1312689 ] ] ], [ [ [ 93.0059533, 12.1495284 ], [ 93.0045429, 12.1483567 ], [ 93.0043997, 12.1501789 ], [ 93.0059533, 12.1495284 ] ] ], [ [ [ 92.9881101, 12.1509593 ], [ 92.9873865, 12.1509233 ], [ 92.9876875, 12.1519583 ], [ 92.9881101, 12.1509593 ] ] ], [ [ [ 93.0073215, 12.1525042 ], [ 93.0069179, 12.1506863 ], [ 93.0056395, 12.1526346 ], [ 93.0073215, 12.1525042 ] ] ], [ [ [ 93.1247322, 12.1523643 ], [ 93.1236062, 12.1501171 ], [ 93.1240566, 12.1464998 ], [ 93.1213497, 12.1438185 ], [ 93.1220115, 12.1410557 ], [ 93.1234453, 12.1409653 ], [ 93.1228754, 12.1383834 ], [ 93.1208488, 12.1378635 ], [ 93.1221493, 12.1371671 ], [ 93.1191577, 12.1343773 ], [ 93.1200998, 12.1346079 ], [ 93.1171588, 12.1293311 ], [ 93.112421, 12.1292451 ], [ 93.1098338, 12.1322971 ], [ 93.1105596, 12.137895 ], [ 93.1084411, 12.1387585 ], [ 93.1085649, 12.1449486 ], [ 93.111097, 12.1466715 ], [ 93.1127606, 12.1457175 ], [ 93.1176595, 12.1508225 ], [ 93.1209132, 12.1510214 ], [ 93.1197183, 12.1513379 ], [ 93.1233305, 12.1529702 ], [ 93.1247322, 12.1523643 ] ] ], [ [ [ 92.9843986, 12.1542551 ], [ 92.983859, 12.1557514 ], [ 92.9854144, 12.1569173 ], [ 92.9857978, 12.1561398 ], [ 92.9843986, 12.1542551 ] ] ], [ [ [ 93.0122375, 12.1561596 ], [ 93.0142733, 12.1562463 ], [ 93.0133504, 12.1541434 ], [ 93.0122375, 12.1561596 ] ] ], [ [ [ 93.0131558, 12.1582716 ], [ 93.0121678, 12.157923 ], [ 93.0121675, 12.1587369 ], [ 93.0131558, 12.1582716 ] ] ], [ [ [ 92.990852, 12.1588035 ], [ 92.9894297, 12.1565685 ], [ 92.9899146, 12.158128 ], [ 92.9892899, 12.1583857 ], [ 92.9881822, 12.1561461 ], [ 92.9893395, 12.1535038 ], [ 92.9918483, 12.155429 ], [ 92.9903407, 12.1522719 ], [ 92.9921025, 12.1512749 ], [ 92.9893644, 12.1513506 ], [ 92.9905146, 12.1482715 ], [ 92.9925686, 12.1505109 ], [ 92.9918716, 12.1455208 ], [ 92.9932183, 12.148888 ], [ 92.992912, 12.1449871 ], [ 92.9937645, 12.1461894 ], [ 92.9934516, 12.1550241 ], [ 92.9943984, 12.1562805 ], [ 92.9958576, 12.148736 ], [ 92.9972079, 12.1482267 ], [ 92.9960111, 12.1468917 ], [ 92.9978426, 12.1459491 ], [ 92.9949888, 12.1458704 ], [ 92.9956232, 12.1409281 ], [ 92.9929062, 12.1394839 ], [ 92.993926, 12.1387898 ], [ 92.9931743, 12.1361207 ], [ 92.9947311, 12.1339281 ], [ 92.9949463, 12.1301899 ], [ 93.0010344, 12.1219307 ], [ 93.0010128, 12.1188695 ], [ 92.9982287, 12.1161296 ], [ 92.9972208, 12.1136637 ], [ 93.0006594, 12.1179967 ], [ 93.002125, 12.1185535 ], [ 93.0031366, 12.1168673 ], [ 93.0025735, 12.112151 ], [ 93.0009704, 12.1109702 ], [ 92.9980702, 12.1113608 ], [ 92.9993416, 12.1135175 ], [ 92.9973028, 12.1118802 ], [ 92.9924254, 12.113813 ], [ 92.9892372, 12.11227 ], [ 92.9796848, 12.1114263 ], [ 92.9749837, 12.1138928 ], [ 92.9779725, 12.1182679 ], [ 92.9751335, 12.1167337 ], [ 92.9738474, 12.1180402 ], [ 92.974934, 12.1194233 ], [ 92.9748812, 12.1198007 ], [ 92.9725795, 12.1174415 ], [ 92.9659441, 12.1176253 ], [ 92.9606068, 12.123371 ], [ 92.9588244, 12.1229689 ], [ 92.9601958, 12.1244311 ], [ 92.9581173, 12.1272141 ], [ 92.9589948, 12.1283464 ], [ 92.9580992, 12.131158 ], [ 92.9544015, 12.1355542 ], [ 92.953821, 12.1459393 ], [ 92.9561952, 12.1495532 ], [ 92.9616388, 12.1516382 ], [ 92.9648221, 12.1503388 ], [ 92.9667908, 12.1516269 ], [ 92.9713941, 12.151041 ], [ 92.9732454, 12.1499152 ], [ 92.974934, 12.1519581 ], [ 92.9751704, 12.1502246 ], [ 92.9776745, 12.151865 ], [ 92.9761512, 12.1495238 ], [ 92.9768859, 12.1474987 ], [ 92.9756062, 12.1459665 ], [ 92.975916, 12.1439414 ], [ 92.9765753, 12.144278 ], [ 92.9758773, 12.1457111 ], [ 92.9772213, 12.1473427 ], [ 92.9773228, 12.1501068 ], [ 92.9797369, 12.1494035 ], [ 92.9800478, 12.1545813 ], [ 92.9803876, 12.1533924 ], [ 92.9819868, 12.1540169 ], [ 92.9819193, 12.1502936 ], [ 92.9838632, 12.1538755 ], [ 92.9851262, 12.1516311 ], [ 92.9868239, 12.1518839 ], [ 92.9839887, 12.1493305 ], [ 92.9872988, 12.1491965 ], [ 92.9851211, 12.1484353 ], [ 92.9875487, 12.1465499 ], [ 92.9883929, 12.1527989 ], [ 92.9866334, 12.1529167 ], [ 92.9862735, 12.1568358 ], [ 92.9884882, 12.1581191 ], [ 92.9890789, 12.1601259 ], [ 92.990852, 12.1588035 ] ] ], [ [ [ 93.0157637, 12.1645848 ], [ 93.014909, 12.1642227 ], [ 93.0155338, 12.1648515 ], [ 93.0157637, 12.1645848 ] ] ], [ [ [ 93.0281028, 12.1672117 ], [ 93.028688, 12.1627219 ], [ 93.0260092, 12.1480483 ], [ 93.0277802, 12.1429937 ], [ 93.0237413, 12.1414731 ], [ 93.0290831, 12.1361755 ], [ 93.0317696, 12.1275988 ], [ 93.0354464, 12.1258591 ], [ 93.0316824, 12.115806 ], [ 93.0331335, 12.1020473 ], [ 93.0339614, 12.0997189 ], [ 93.0356065, 12.0991 ], [ 93.035814, 12.0968664 ], [ 93.0373855, 12.0964011 ], [ 93.0492803, 12.0826585 ], [ 93.0524877, 12.0807919 ], [ 93.0537978, 12.0781877 ], [ 93.0538218, 12.0741996 ], [ 93.0510602, 12.0755781 ], [ 93.0505596, 12.0747053 ], [ 93.0506384, 12.0722591 ], [ 93.0541028, 12.071134 ], [ 93.0514703, 12.0709118 ], [ 93.0520404, 12.0693927 ], [ 93.054535, 12.0698002 ], [ 93.055272, 12.0617202 ], [ 93.0530402, 12.057935 ], [ 93.0531975, 12.0537841 ], [ 93.0480592, 12.04464 ], [ 93.0434384, 12.0426447 ], [ 93.0398553, 12.042499 ], [ 93.0385686, 12.0438913 ], [ 93.0346516, 12.053458 ], [ 93.0307634, 12.0584622 ], [ 93.0313279, 12.0602259 ], [ 93.028942, 12.0645749 ], [ 93.02817, 12.0651263 ], [ 93.0274037, 12.062395 ], [ 93.0253174, 12.0639633 ], [ 93.0252289, 12.0675083 ], [ 93.0232356, 12.065717 ], [ 93.0211407, 12.0657253 ], [ 93.0219574, 12.0684702 ], [ 93.0203676, 12.069053 ], [ 93.017162, 12.0660539 ], [ 93.0166783, 12.0694269 ], [ 93.0104435, 12.0702113 ], [ 93.0050654, 12.076761 ], [ 93.0046626, 12.0838553 ], [ 93.0074064, 12.1037156 ], [ 93.005948, 12.1080784 ], [ 92.9995631, 12.1097623 ], [ 93.0028079, 12.11202 ], [ 93.0037935, 12.1174825 ], [ 93.0022118, 12.1196613 ], [ 93.0026109, 12.1211717 ], [ 92.9953485, 12.1316701 ], [ 92.9966326, 12.1321287 ], [ 92.9954179, 12.1341155 ], [ 92.9976547, 12.1343631 ], [ 92.997217, 12.1362962 ], [ 92.9956023, 12.1368321 ], [ 92.9981729, 12.1370897 ], [ 92.9960876, 12.1392978 ], [ 92.9986912, 12.1389251 ], [ 92.9996829, 12.1402816 ], [ 93.0003015, 12.1271438 ], [ 93.0017589, 12.1254986 ], [ 93.0003256, 12.13479 ], [ 93.0018635, 12.1383401 ], [ 93.0014895, 12.1423326 ], [ 93.0025049, 12.1428485 ], [ 93.0037417, 12.1414066 ], [ 93.0054309, 12.1460646 ], [ 93.0032721, 12.1432784 ], [ 93.0030777, 12.1465203 ], [ 93.0078374, 12.1496558 ], [ 93.0081025, 12.1532008 ], [ 93.0101755, 12.1522838 ], [ 93.0072694, 12.15623 ], [ 93.0086021, 12.1565335 ], [ 93.0104368, 12.1541197 ], [ 93.0111349, 12.1551283 ], [ 93.0114664, 12.1536634 ], [ 93.0146464, 12.1541394 ], [ 93.0162314, 12.1555733 ], [ 93.0150401, 12.1581141 ], [ 93.0170381, 12.1610539 ], [ 93.0186799, 12.1581516 ], [ 93.0202832, 12.1598523 ], [ 93.0174511, 12.1628672 ], [ 93.0196342, 12.1626419 ], [ 93.0225013, 12.1644561 ], [ 93.0228545, 12.1665498 ], [ 93.0195955, 12.1676383 ], [ 93.0281028, 12.1672117 ] ] ], [ [ [ 93.0873412, 12.0820282 ], [ 93.0772801, 12.0768676 ], [ 93.0737467, 12.0787661 ], [ 93.0683602, 12.0880074 ], [ 93.0568027, 12.0970845 ], [ 93.0483904, 12.1117869 ], [ 93.0479896, 12.1153634 ], [ 93.0510264, 12.1174848 ], [ 93.0533551, 12.1216724 ], [ 93.0581482, 12.1201859 ], [ 93.0604042, 12.121041 ], [ 93.0624854, 12.1227823 ], [ 93.0620358, 12.119513 ], [ 93.0605976, 12.1193454 ], [ 93.0611126, 12.1175866 ], [ 93.0608412, 12.1191511 ], [ 93.0624035, 12.1191514 ], [ 93.0631885, 12.1228412 ], [ 93.0661068, 12.120893 ], [ 93.0679723, 12.1214224 ], [ 93.0678625, 12.1193921 ], [ 93.0684456, 12.1214812 ], [ 93.0658678, 12.1212411 ], [ 93.064089, 12.1233478 ], [ 93.0615985, 12.1230444 ], [ 93.0574358, 12.1205385 ], [ 93.0552527, 12.1224325 ], [ 93.0508826, 12.1229379 ], [ 93.0526381, 12.1221109 ], [ 93.0493397, 12.1186691 ], [ 93.0467435, 12.1183926 ], [ 93.0440213, 12.1252195 ], [ 93.0426195, 12.1261958 ], [ 93.0403131, 12.1247754 ], [ 93.0380932, 12.1261855 ], [ 93.0352744, 12.1320899 ], [ 93.0372971, 12.1446109 ], [ 93.0420028, 12.1609128 ], [ 93.0447683, 12.1652001 ], [ 93.0545879, 12.1914507 ], [ 93.0651924, 12.2105252 ], [ 93.0691315, 12.2122306 ], [ 93.0783115, 12.2094604 ], [ 93.0785055, 12.203727 ], [ 93.0766806, 12.2040477 ], [ 93.0742954, 12.2016192 ], [ 93.0734771, 12.2022431 ], [ 93.0717259, 12.2016098 ], [ 93.0742679, 12.2011806 ], [ 93.0762257, 12.2031433 ], [ 93.0785149, 12.2024248 ], [ 93.0775314, 12.2013032 ], [ 93.0796641, 12.2020587 ], [ 93.077798, 12.2010501 ], [ 93.0796554, 12.1988528 ], [ 93.0826567, 12.199735 ], [ 93.0879341, 12.1951417 ], [ 93.087089, 12.1893177 ], [ 93.0895853, 12.1856283 ], [ 93.0888776, 12.1837427 ], [ 93.0857433, 12.1814951 ], [ 93.0853758, 12.1800979 ], [ 93.0803381, 12.1820099 ], [ 93.0779667, 12.1807796 ], [ 93.0780358, 12.1798527 ], [ 93.0764455, 12.1799113 ], [ 93.0784724, 12.1796177 ], [ 93.0781597, 12.1806124 ], [ 93.0805955, 12.181725 ], [ 93.0815196, 12.1800974 ], [ 93.0851047, 12.1797135 ], [ 93.0889926, 12.1833042 ], [ 93.0902751, 12.1821965 ], [ 93.0904679, 12.1844799 ], [ 93.0919068, 12.1818802 ], [ 93.0909199, 12.1697983 ], [ 93.0873037, 12.1627577 ], [ 93.087295, 12.1583898 ], [ 93.0860361, 12.1562825 ], [ 93.0880034, 12.1536195 ], [ 93.093633, 12.1544657 ], [ 93.0951451, 12.1536157 ], [ 93.097306, 12.1424701 ], [ 93.0930876, 12.1401184 ], [ 93.0922378, 12.1363111 ], [ 93.0872112, 12.1297542 ], [ 93.0899825, 12.1268245 ], [ 93.084529, 12.1193405 ], [ 93.0892751, 12.1247264 ], [ 93.091389, 12.1239805 ], [ 93.0926018, 12.1272272 ], [ 93.0902534, 12.129221 ], [ 93.0965756, 12.1389024 ], [ 93.0989423, 12.1387806 ], [ 93.1012451, 12.1320435 ], [ 93.1006892, 12.1304021 ], [ 93.0977574, 12.1306325 ], [ 93.0929876, 12.1288053 ], [ 93.0971508, 12.130239 ], [ 93.10159, 12.1287698 ], [ 93.0984153, 12.1206261 ], [ 93.0970759, 12.0928088 ], [ 93.0907817, 12.0890145 ], [ 93.0855847, 12.0926448 ], [ 93.0852356, 12.0916319 ], [ 93.0887739, 12.0881778 ], [ 93.088324, 12.0849674 ], [ 93.0873412, 12.0820282 ] ] ], [ [ [ 93.0203698, 12.2234435 ], [ 93.0187615, 12.2234022 ], [ 93.019009, 12.2249437 ], [ 93.0203095, 12.2250933 ], [ 93.0203698, 12.2234435 ] ] ], [ [ [ 92.6931455, 12.2390096 ], [ 92.698729, 12.2380453 ], [ 92.7001707, 12.2332852 ], [ 92.7031161, 12.2321453 ], [ 92.7052609, 12.2279003 ], [ 92.7053692, 12.2212013 ], [ 92.7070784, 12.220351 ], [ 92.7063098, 12.2165046 ], [ 92.7074681, 12.2174444 ], [ 92.7089245, 12.2161648 ], [ 92.7082862, 12.203165 ], [ 92.7072969, 12.1991197 ], [ 92.705137, 12.1981802 ], [ 92.703665, 12.1927971 ], [ 92.7066298, 12.1962813 ], [ 92.7118567, 12.1896983 ], [ 92.7108731, 12.1886364 ], [ 92.7082039, 12.1899435 ], [ 92.7057178, 12.1890041 ], [ 92.7035956, 12.1909619 ], [ 92.702759, 12.1902842 ], [ 92.7035626, 12.1884849 ], [ 92.7010304, 12.1869487 ], [ 92.7037783, 12.1876441 ], [ 92.7042386, 12.1902521 ], [ 92.7053914, 12.1884708 ], [ 92.7090397, 12.1886641 ], [ 92.7041984, 12.1788432 ], [ 92.7042009, 12.171638 ], [ 92.7017683, 12.1645827 ], [ 92.7025995, 12.1630954 ], [ 92.7065484, 12.1706519 ], [ 92.7085056, 12.1705609 ], [ 92.7122012, 12.1755049 ], [ 92.7114967, 12.1706459 ], [ 92.7062689, 12.1582577 ], [ 92.7087438, 12.1538452 ], [ 92.7083427, 12.1492755 ], [ 92.709238, 12.1478062 ], [ 92.7097867, 12.1537138 ], [ 92.7073623, 12.1580676 ], [ 92.7085675, 12.162949 ], [ 92.7112201, 12.1679113 ], [ 92.7096509, 12.160223 ], [ 92.7134891, 12.1658404 ], [ 92.7169063, 12.1761587 ], [ 92.7190525, 12.1775457 ], [ 92.7193657, 12.1797153 ], [ 92.7207671, 12.1796063 ], [ 92.7222273, 12.1773231 ], [ 92.7282477, 12.1807969 ], [ 92.735903, 12.1821274 ], [ 92.7439336, 12.1799045 ], [ 92.7475097, 12.177268 ], [ 92.7512573, 12.1803469 ], [ 92.7548921, 12.1783317 ], [ 92.7567006, 12.1756743 ], [ 92.7549774, 12.1659556 ], [ 92.7565631, 12.1631646 ], [ 92.7533642, 12.1582505 ], [ 92.75191, 12.1481364 ], [ 92.743469, 12.1273352 ], [ 92.7429237, 12.1201483 ], [ 92.7357533, 12.109809 ], [ 92.7338627, 12.1032013 ], [ 92.734067, 12.0972933 ], [ 92.7331846, 12.0961817 ], [ 92.7306452, 12.0978415 ], [ 92.7290007, 12.0976162 ], [ 92.730309, 12.0953646 ], [ 92.7254082, 12.0958999 ], [ 92.7308185, 12.0947271 ], [ 92.7300755, 12.0974078 ], [ 92.7329363, 12.0954856 ], [ 92.7341124, 12.096091 ], [ 92.7339613, 12.085916 ], [ 92.7318161, 12.0851801 ], [ 92.733961, 12.08536 ], [ 92.7342544, 12.0836739 ], [ 92.7324394, 12.0818936 ], [ 92.731759, 12.0803073 ], [ 92.7345527, 12.0832579 ], [ 92.7361171, 12.0787778 ], [ 92.7323987, 12.0723153 ], [ 92.7295018, 12.0752636 ], [ 92.7281516, 12.0754494 ], [ 92.7240767, 12.0728789 ], [ 92.7240488, 12.0715726 ], [ 92.7265057, 12.0711875 ], [ 92.7272495, 12.0705499 ], [ 92.7255549, 12.0708986 ], [ 92.7245011, 12.0652984 ], [ 92.7227555, 12.0643995 ], [ 92.7246249, 12.0647378 ], [ 92.7260829, 12.0703243 ], [ 92.7276766, 12.0704684 ], [ 92.7268319, 12.0715897 ], [ 92.7243612, 12.0720607 ], [ 92.7251333, 12.0733532 ], [ 92.7296164, 12.0745585 ], [ 92.7328886, 12.0683825 ], [ 92.732449, 12.0716012 ], [ 92.7369297, 12.0780677 ], [ 92.7394452, 12.0745862 ], [ 92.7396828, 12.0719508 ], [ 92.7381619, 12.0701433 ], [ 92.7359942, 12.0704335 ], [ 92.7357585, 12.0669801 ], [ 92.7335993, 12.0653447 ], [ 92.7381564, 12.0572336 ], [ 92.7361439, 12.0549698 ], [ 92.7331705, 12.0613761 ], [ 92.7274565, 12.0595341 ], [ 92.7252972, 12.0573878 ], [ 92.7250693, 12.0496538 ], [ 92.720634, 12.0525076 ], [ 92.7196273, 12.0499269 ], [ 92.71813, 12.0493895 ], [ 92.7138142, 12.0527766 ], [ 92.7124361, 12.0515249 ], [ 92.7133583, 12.0490159 ], [ 92.7109708, 12.0507343 ], [ 92.7098316, 12.0497719 ], [ 92.7093116, 12.0463909 ], [ 92.7071396, 12.0471103 ], [ 92.7061192, 12.0446109 ], [ 92.7006716, 12.0407205 ], [ 92.6986882, 12.0424704 ], [ 92.6972871, 12.0406717 ], [ 92.6966034, 12.0424981 ], [ 92.6968094, 12.0402063 ], [ 92.6988167, 12.0420274 ], [ 92.7007357, 12.0400787 ], [ 92.7062477, 12.0440594 ], [ 92.707323, 12.0465271 ], [ 92.7092102, 12.0455005 ], [ 92.7109936, 12.0501557 ], [ 92.7131697, 12.0479266 ], [ 92.7140657, 12.0493909 ], [ 92.7133546, 12.0515336 ], [ 92.7150492, 12.0516822 ], [ 92.7159856, 12.0503169 ], [ 92.7146486, 12.0483284 ], [ 92.7150105, 12.0457156 ], [ 92.713311, 12.0447262 ], [ 92.7120605, 12.0404867 ], [ 92.7124688, 12.0391802 ], [ 92.7108333, 12.0373953 ], [ 92.7095786, 12.0339195 ], [ 92.7094494, 12.0320483 ], [ 92.7104363, 12.0310444 ], [ 92.7102862, 12.0354245 ], [ 92.712951, 12.0392434 ], [ 92.7137747, 12.0443826 ], [ 92.7153501, 12.0450103 ], [ 92.7160865, 12.0498196 ], [ 92.7196039, 12.048512 ], [ 92.7211113, 12.0515853 ], [ 92.7254456, 12.048849 ], [ 92.7257278, 12.0544585 ], [ 92.7273444, 12.0543314 ], [ 92.7302179, 12.039192 ], [ 92.7283944, 12.0381938 ], [ 92.7280719, 12.0354908 ], [ 92.7306119, 12.036742 ], [ 92.7330775, 12.0357104 ], [ 92.7332833, 12.0335541 ], [ 92.7365807, 12.034023 ], [ 92.7357483, 12.0309722 ], [ 92.731964, 12.0302188 ], [ 92.7400133, 12.0286063 ], [ 92.7385695, 12.024263 ], [ 92.7286325, 12.024728 ], [ 92.7273097, 12.0237204 ], [ 92.7260154, 12.0254251 ], [ 92.7249405, 12.0246028 ], [ 92.7251421, 12.0232647 ], [ 92.7274148, 12.0225316 ], [ 92.7253948, 12.023789 ], [ 92.7257673, 12.0249731 ], [ 92.7273692, 12.0230741 ], [ 92.7285038, 12.024172 ], [ 92.731727, 12.0231402 ], [ 92.731321, 12.0183444 ], [ 92.7347149, 12.0195636 ], [ 92.7392284, 12.0188566 ], [ 92.7384652, 12.0163346 ], [ 92.7349844, 12.0161642 ], [ 92.7325867, 12.0143796 ], [ 92.7333301, 12.0130685 ], [ 92.734355, 12.0154457 ], [ 92.7368662, 12.014048 ], [ 92.7383388, 12.0107296 ], [ 92.7402918, 12.0142003 ], [ 92.7417476, 12.0144709 ], [ 92.742171, 12.016785 ], [ 92.746607, 12.0170905 ], [ 92.7492507, 12.0191253 ], [ 92.751908, 12.0151625 ], [ 92.7505921, 12.012744 ], [ 92.7517311, 12.0111808 ], [ 92.7514676, 12.0032087 ], [ 92.7556384, 12.0031412 ], [ 92.7577007, 12.0088042 ], [ 92.7626093, 12.0117946 ], [ 92.7662202, 12.0121353 ], [ 92.767036, 12.0102223 ], [ 92.7660658, 12.0040045 ], [ 92.7705147, 11.9986129 ], [ 92.7657643, 11.9938829 ], [ 92.7668449, 11.9898287 ], [ 92.7639444, 11.9865639 ], [ 92.7595974, 11.9948704 ], [ 92.7528062, 11.9956043 ], [ 92.7520252, 11.9966436 ], [ 92.7501753, 11.9954676 ], [ 92.75, 11.9967506 ], [ 92.7464689, 11.9963073 ], [ 92.7442571, 11.9990973 ], [ 92.744954, 11.9968233 ], [ 92.7435662, 11.9942971 ], [ 92.7412304, 11.9972045 ], [ 92.7402388, 11.9976616 ], [ 92.7316161, 11.9983339 ], [ 92.7305009, 11.9997085 ], [ 92.7307345, 11.9982756 ], [ 92.7271842, 11.995506 ], [ 92.7257366, 11.9924282 ], [ 92.7228261, 11.9939028 ], [ 92.7218892, 11.9930805 ], [ 92.7218514, 11.9899841 ], [ 92.7228929, 11.9880356 ], [ 92.722817, 11.993713 ], [ 92.7251809, 11.9919719 ], [ 92.7300669, 11.9938776 ], [ 92.7283998, 11.9926759 ], [ 92.7276905, 11.9870168 ], [ 92.7254398, 11.9844184 ], [ 92.7257512, 11.9823571 ], [ 92.7218803, 11.9811155 ], [ 92.7239499, 11.9781675 ], [ 92.7224341, 11.976256 ], [ 92.7229295, 11.9751303 ], [ 92.724504, 11.9743251 ], [ 92.7287699, 11.9762672 ], [ 92.7313577, 11.9716737 ], [ 92.7311546, 11.9693007 ], [ 92.7302821, 11.9685145 ], [ 92.7279963, 11.9701607 ], [ 92.7236108, 11.9673553 ], [ 92.7241746, 11.9649638 ], [ 92.7213503, 11.9628268 ], [ 92.7195651, 11.9644321 ], [ 92.7188023, 11.9626739 ], [ 92.7172875, 11.9633615 ], [ 92.7164524, 11.9646636 ], [ 92.7176007, 11.9662273 ], [ 92.715232, 11.9671456 ], [ 92.7170772, 11.9659788 ], [ 92.7162229, 11.9647405 ], [ 92.7163371, 11.9633618 ], [ 92.7175993, 11.9622358 ], [ 92.7179377, 11.9582579 ], [ 92.7145108, 11.9520437 ], [ 92.7123492, 11.9539927 ], [ 92.7131426, 11.951434 ], [ 92.714272, 11.9518901 ], [ 92.7152216, 11.9498647 ], [ 92.7173561, 11.9491363 ], [ 92.7152295, 11.945905 ], [ 92.7171735, 11.9388347 ], [ 92.7161815, 11.9374383 ], [ 92.7142994, 11.9376875 ], [ 92.7133208, 11.9350119 ], [ 92.7104878, 11.9330825 ], [ 92.7127559, 11.9341893 ], [ 92.7137833, 11.9314 ], [ 92.7134323, 11.9251893 ], [ 92.7119775, 11.9261842 ], [ 92.7109722, 11.925954 ], [ 92.7141243, 11.9219209 ], [ 92.7133678, 11.9243712 ], [ 92.7147247, 11.9327784 ], [ 92.7160199, 11.9345725 ], [ 92.719316, 11.9349918 ], [ 92.7230146, 11.9314421 ], [ 92.7239487, 11.9248648 ], [ 92.722179, 11.9182342 ], [ 92.7240715, 11.9091659 ], [ 92.7224909, 11.9048316 ], [ 92.7180467, 11.901696 ], [ 92.716624, 11.9023067 ], [ 92.7180189, 11.9008552 ], [ 92.7236193, 11.9027654 ], [ 92.7250677, 11.8972592 ], [ 92.7215822, 11.8923469 ], [ 92.7181857, 11.8920994 ], [ 92.7136792, 11.8943746 ], [ 92.7142353, 11.8964944 ], [ 92.7133454, 11.8978733 ], [ 92.7116196, 11.8981768 ], [ 92.7098703, 11.8965183 ], [ 92.7071637, 11.9008722 ], [ 92.7055706, 11.8994579 ], [ 92.7039048, 11.9007602 ], [ 92.7056898, 11.8991142 ], [ 92.7070671, 11.9004157 ], [ 92.7102374, 11.8958266 ], [ 92.7127623, 11.897643 ], [ 92.713477, 11.8934209 ], [ 92.7198055, 11.8909869 ], [ 92.7173401, 11.888809 ], [ 92.7136684, 11.8890587 ], [ 92.7169636, 11.8883118 ], [ 92.7202231, 11.890815 ], [ 92.7242118, 11.8911753 ], [ 92.7222155, 11.878926 ], [ 92.7209948, 11.8796135 ], [ 92.7209023, 11.8774348 ], [ 92.7184466, 11.8767168 ], [ 92.7172937, 11.8739192 ], [ 92.7148518, 11.8731335 ], [ 92.7123446, 11.8688762 ], [ 92.7106376, 11.8699254 ], [ 92.7101566, 11.8726965 ], [ 92.7098079, 11.8728322 ], [ 92.7103304, 11.8704995 ], [ 92.708797, 11.8690084 ], [ 92.7086683, 11.868145 ], [ 92.7111232, 11.8669193 ], [ 92.7103648, 11.8632898 ], [ 92.7083958, 11.8626213 ], [ 92.7074463, 11.8642082 ], [ 92.7063816, 11.864439 ], [ 92.7078725, 11.8621649 ], [ 92.7104932, 11.8630049 ], [ 92.7114629, 11.8673396 ], [ 92.7093111, 11.8690579 ], [ 92.7136571, 11.8687718 ], [ 92.7150579, 11.8719989 ], [ 92.7171511, 11.8728389 ], [ 92.718391, 11.8751258 ], [ 92.723541, 11.8766247 ], [ 92.7248224, 11.8668379 ], [ 92.723675, 11.8665897 ], [ 92.7252614, 11.8624757 ], [ 92.7242221, 11.8565544 ], [ 92.7154443, 11.832948 ], [ 92.7147658, 11.834996 ], [ 92.7137933, 11.835837 ], [ 92.7148201, 11.8327177 ], [ 92.7136897, 11.8279401 ], [ 92.7076158, 11.8179657 ], [ 92.7007457, 11.8141796 ], [ 92.6974788, 11.8147003 ], [ 92.6920193, 11.8179699 ], [ 92.6970261, 11.8207215 ], [ 92.6980132, 11.8225203 ], [ 92.7008967, 11.8293722 ], [ 92.6985838, 11.8286587 ], [ 92.6981934, 11.8270722 ], [ 92.697827, 11.830033 ], [ 92.6976106, 11.8272984 ], [ 92.6991844, 11.8266696 ], [ 92.6974534, 11.8225973 ], [ 92.6961636, 11.821124 ], [ 92.6953701, 11.8226159 ], [ 92.6941679, 11.8226569 ], [ 92.6957001, 11.8212235 ], [ 92.6925749, 11.8196151 ], [ 92.6915604, 11.8176852 ], [ 92.69507, 11.8155643 ], [ 92.6951978, 11.8129063 ], [ 92.689899, 11.8161577 ], [ 92.6743769, 11.8214315 ], [ 92.6727248, 11.8202882 ], [ 92.6693891, 11.8213781 ], [ 92.6646121, 11.8197154 ], [ 92.6669758, 11.8231143 ], [ 92.6628046, 11.8225816 ], [ 92.6625341, 11.8240913 ], [ 92.6595196, 11.8261575 ], [ 92.6607268, 11.8288334 ], [ 92.6554226, 11.8326356 ], [ 92.655533, 11.8349273 ], [ 92.6545416, 11.8333182 ], [ 92.6605478, 11.8285802 ], [ 92.6592443, 11.8260988 ], [ 92.6625155, 11.8223149 ], [ 92.6663975, 11.8225041 ], [ 92.6636577, 11.8203801 ], [ 92.664043, 11.8193764 ], [ 92.6681959, 11.8207048 ], [ 92.6726101, 11.8198543 ], [ 92.6744732, 11.8208981 ], [ 92.687173, 11.8144767 ], [ 92.6858924, 11.8129447 ], [ 92.6881824, 11.8143816 ], [ 92.6919173, 11.8136711 ], [ 92.6923249, 11.8109769 ], [ 92.6887863, 11.8066383 ], [ 92.6821007, 11.805496 ], [ 92.6807423, 11.8038916 ], [ 92.677496, 11.7919677 ], [ 92.676372, 11.791891 ], [ 92.6754415, 11.7970489 ], [ 92.6745425, 11.7985633 ], [ 92.6700826, 11.798198 ], [ 92.6745378, 11.7980254 ], [ 92.6759544, 11.7918867 ], [ 92.677583, 11.7910456 ], [ 92.6780412, 11.7877004 ], [ 92.6767741, 11.7835555 ], [ 92.6741179, 11.7849121 ], [ 92.6728927, 11.7835744 ], [ 92.6741637, 11.784338 ], [ 92.6767464, 11.7828866 ], [ 92.6762594, 11.7790806 ], [ 92.6781126, 11.7775478 ], [ 92.6766998, 11.7791754 ], [ 92.6770677, 11.7830763 ], [ 92.6789129, 11.7875194 ], [ 92.6804799, 11.7992809 ], [ 92.6822286, 11.8025217 ], [ 92.6841608, 11.8045102 ], [ 92.6890383, 11.80516 ], [ 92.6975012, 11.8125125 ], [ 92.6993362, 11.8112689 ], [ 92.6997064, 11.8060524 ], [ 92.7019867, 11.8052336 ], [ 92.7050225, 11.8000525 ], [ 92.7080277, 11.7995183 ], [ 92.7069813, 11.7984835 ], [ 92.7052222, 11.7921826 ], [ 92.7058004, 11.7926933 ], [ 92.7082802, 11.7997442 ], [ 92.7051697, 11.8010469 ], [ 92.705753, 11.802882 ], [ 92.704868, 11.8050611 ], [ 92.7054683, 11.8022674 ], [ 92.7042477, 11.8019649 ], [ 92.7025051, 11.8054821 ], [ 92.6997986, 11.8074899 ], [ 92.6996065, 11.809628 ], [ 92.7013729, 11.8092252 ], [ 92.7026303, 11.8099346 ], [ 92.7036213, 11.8093783 ], [ 92.7021212, 11.8106218 ], [ 92.7008178, 11.8095735 ], [ 92.7005294, 11.8119783 ], [ 92.7045262, 11.8126869 ], [ 92.705127, 11.8116741 ], [ 92.7051274, 11.813202 ], [ 92.7083992, 11.8140825 ], [ 92.7100655, 11.8159941 ], [ 92.709987, 11.8145024 ], [ 92.7121704, 11.8123773 ], [ 92.7119418, 11.8148996 ], [ 92.7104873, 11.8151668 ], [ 92.7110023, 11.8184348 ], [ 92.7177364, 11.8262708 ], [ 92.7182798, 11.8318487 ], [ 92.7238862, 11.8415563 ], [ 92.7255916, 11.8492808 ], [ 92.7296504, 11.8547806 ], [ 92.7302527, 11.8575693 ], [ 92.7284596, 11.86101 ], [ 92.729672, 11.8632289 ], [ 92.7296203, 11.8719169 ], [ 92.7309576, 11.8763011 ], [ 92.731526, 11.8746374 ], [ 92.732926, 11.8751341 ], [ 92.7303758, 11.8791897 ], [ 92.7319499, 11.8790536 ], [ 92.7345217, 11.8829761 ], [ 92.7367523, 11.8830114 ], [ 92.735766, 11.8840831 ], [ 92.7342097, 11.883243 ], [ 92.7323498, 11.880319 ], [ 92.7300413, 11.8805279 ], [ 92.7295014, 11.884967 ], [ 92.7309549, 11.8930803 ], [ 92.7299698, 11.8973659 ], [ 92.7348859, 11.8981279 ], [ 92.7355552, 11.8961613 ], [ 92.7370888, 11.8975711 ], [ 92.7355186, 11.896541 ], [ 92.7354596, 11.8983763 ], [ 92.730475, 11.8983014 ], [ 92.7302138, 11.8994271 ], [ 92.7361603, 11.9168186 ], [ 92.7407484, 11.9226705 ], [ 92.7421618, 11.9216936 ], [ 92.7419681, 11.9196098 ], [ 92.7437128, 11.9205086 ], [ 92.7446257, 11.9193601 ], [ 92.7442132, 11.9207163 ], [ 92.7421566, 11.9200889 ], [ 92.7422721, 11.9219783 ], [ 92.7405012, 11.9242166 ], [ 92.7442596, 11.9320983 ], [ 92.7485326, 11.9335305 ], [ 92.7499987, 11.9365624 ], [ 92.75, 11.9312476 ], [ 92.75796, 11.9370422 ], [ 92.7599527, 11.9360215 ], [ 92.7608237, 11.9389148 ], [ 92.7631137, 11.9408098 ], [ 92.7658963, 11.93884 ], [ 92.7696601, 11.9401748 ], [ 92.7700785, 11.9383579 ], [ 92.7706427, 11.9395515 ], [ 92.7754402, 11.9387441 ], [ 92.7790171, 11.9365394 ], [ 92.7829923, 11.9369159 ], [ 92.7846824, 11.9345659 ], [ 92.7827593, 11.9337426 ], [ 92.7818237, 11.9308946 ], [ 92.7835828, 11.9280202 ], [ 92.7871318, 11.9260459 ], [ 92.786302, 11.9229538 ], [ 92.7867529, 11.9196316 ], [ 92.7878776, 11.9195325 ], [ 92.7830214, 11.9047361 ], [ 92.7876398, 11.9018809 ], [ 92.786539, 11.8997063 ], [ 92.7800499, 11.8964134 ], [ 92.7791428, 11.8916306 ], [ 92.7849554, 11.8853856 ], [ 92.7899765, 11.8854504 ], [ 92.7851172, 11.8818417 ], [ 92.7859771, 11.8771364 ], [ 92.7847385, 11.8748668 ], [ 92.7862585, 11.87258 ], [ 92.7825139, 11.8574224 ], [ 92.784717, 11.8565416 ], [ 92.784805, 11.8540238 ], [ 92.7832642, 11.8505834 ], [ 92.7808317, 11.8512698 ], [ 92.7795152, 11.8496375 ], [ 92.7798659, 11.8440008 ], [ 92.7771826, 11.8405735 ], [ 92.7775188, 11.8370162 ], [ 92.7753905, 11.8343259 ], [ 92.7771596, 11.8277133 ], [ 92.7749718, 11.8247924 ], [ 92.7755192, 11.8208554 ], [ 92.7733139, 11.815923 ], [ 92.7738154, 11.8124743 ], [ 92.7696435, 11.802709 ], [ 92.7700894, 11.8004308 ], [ 92.7685528, 11.7992776 ], [ 92.7702051, 11.7856224 ], [ 92.7659178, 11.7793422 ], [ 92.7677817, 11.7760294 ], [ 92.7676591, 11.7727974 ], [ 92.7636469, 11.7676382 ], [ 92.7646805, 11.7638461 ], [ 92.7630168, 11.7599579 ], [ 92.7647064, 11.7566995 ], [ 92.7644564, 11.7507376 ], [ 92.7605225, 11.7453705 ], [ 92.7610937, 11.7395757 ], [ 92.7582324, 11.7368533 ], [ 92.7578369, 11.7284951 ], [ 92.7551548, 11.7251354 ], [ 92.7560378, 11.7198018 ], [ 92.7540803, 11.7170752 ], [ 92.756812, 11.7112587 ], [ 92.7568688, 11.7071226 ], [ 92.7544544, 11.7006486 ], [ 92.7535235, 11.7000424 ], [ 92.75, 11.7037961 ], [ 92.7463143, 11.7110741 ], [ 92.7434065, 11.7115363 ], [ 92.7420197, 11.7079794 ], [ 92.7446314, 11.7014239 ], [ 92.7437867, 11.6998376 ], [ 92.7454347, 11.6923784 ], [ 92.7447229, 11.6904395 ], [ 92.7377468, 11.6900309 ], [ 92.730031, 11.6985321 ], [ 92.7284713, 11.6979043 ], [ 92.7274105, 11.69418 ], [ 92.7259661, 11.6953151 ], [ 92.7259762, 11.6976476 ], [ 92.7208528, 11.6972651 ], [ 92.7184748, 11.7043176 ], [ 92.7165488, 11.7054212 ], [ 92.7136175, 11.7043057 ], [ 92.7138631, 11.6977737 ], [ 92.7109492, 11.6932498 ], [ 92.706603, 11.6992721 ], [ 92.7068656, 11.7030917 ], [ 92.7004738, 11.7105113 ], [ 92.6958646, 11.7123478 ], [ 92.7016885, 11.7077174 ], [ 92.7005551, 11.7059639 ], [ 92.7037879, 11.7030158 ], [ 92.7032235, 11.7021389 ], [ 92.6973159, 11.7022173 ], [ 92.6919013, 11.7110695 ], [ 92.6964535, 11.7188765 ], [ 92.6941183, 11.717411 ], [ 92.6913188, 11.7115036 ], [ 92.6961967, 11.7020459 ], [ 92.6899671, 11.697744 ], [ 92.6867346, 11.7024459 ], [ 92.689029, 11.707264 ], [ 92.6852042, 11.7092131 ], [ 92.685292, 11.7127164 ], [ 92.6822238, 11.7140957 ], [ 92.6818016, 11.7130426 ], [ 92.6843792, 11.712138 ], [ 92.6846766, 11.7089195 ], [ 92.6879465, 11.7071512 ], [ 92.6857989, 11.7026586 ], [ 92.6866058, 11.7008412 ], [ 92.6849129, 11.6989972 ], [ 92.6857153, 11.6977133 ], [ 92.6853441, 11.6994266 ], [ 92.6866789, 11.6992093 ], [ 92.6875452, 11.696827 ], [ 92.6891872, 11.6972243 ], [ 92.6896224, 11.6951765 ], [ 92.6862736, 11.6922075 ], [ 92.688599, 11.6926364 ], [ 92.6902095, 11.6952351 ], [ 92.6901459, 11.6973733 ], [ 92.6917604, 11.6975266 ], [ 92.6923472, 11.6966089 ], [ 92.6912324, 11.6957548 ], [ 92.6923791, 11.6956325 ], [ 92.6928747, 11.696794 ], [ 92.6920678, 11.697956 ], [ 92.6945174, 11.6995104 ], [ 92.7056767, 11.7000589 ], [ 92.7014789, 11.6959647 ], [ 92.7009044, 11.6918965 ], [ 92.7025959, 11.6887589 ], [ 92.7034564, 11.6823173 ], [ 92.6998404, 11.6752078 ], [ 92.7026233, 11.6721558 ], [ 92.707425, 11.6721815 ], [ 92.7077227, 11.6705089 ], [ 92.7021219, 11.6665959 ], [ 92.6989209, 11.6668589 ], [ 92.6977282, 11.6655438 ], [ 92.6915927, 11.6681128 ], [ 92.6912479, 11.6644153 ], [ 92.6854278, 11.6629791 ], [ 92.6831341, 11.659273 ], [ 92.685619, 11.6559499 ], [ 92.6837523, 11.654983 ], [ 92.6844583, 11.6536222 ], [ 92.682637, 11.650716 ], [ 92.6666883, 11.6548098 ], [ 92.6601425, 11.6522308 ], [ 92.6651241, 11.6525769 ], [ 92.6643896, 11.6467412 ], [ 92.6679885, 11.6414474 ], [ 92.667144, 11.6367464 ], [ 92.6703712, 11.6301055 ], [ 92.6725398, 11.6283603 ], [ 92.67369, 11.6239934 ], [ 92.6789184, 11.6295118 ], [ 92.6792863, 11.6351351 ], [ 92.6812163, 11.6327118 ], [ 92.6806192, 11.6276762 ], [ 92.6829309, 11.6309169 ], [ 92.6835506, 11.6342075 ], [ 92.6801943, 11.6356366 ], [ 92.6811257, 11.6380774 ], [ 92.6814601, 11.6363551 ], [ 92.6835966, 11.634759 ], [ 92.6840549, 11.6332943 ], [ 92.6841175, 11.6261341 ], [ 92.6849756, 11.6287783 ], [ 92.6865757, 11.6282174 ], [ 92.6874878, 11.6260204 ], [ 92.6912011, 11.622471 ], [ 92.6913155, 11.621567 ], [ 92.688519, 11.6242165 ], [ 92.6872029, 11.6233127 ], [ 92.6883664, 11.6181367 ], [ 92.6848866, 11.6202484 ], [ 92.6833734, 11.6202985 ], [ 92.6817409, 11.6193404 ], [ 92.67931, 11.6157021 ], [ 92.6792683, 11.6132928 ], [ 92.6760905, 11.6119598 ], [ 92.6740863, 11.6095237 ], [ 92.6735266, 11.6077292 ], [ 92.6720321, 11.6091986 ], [ 92.6729488, 11.6073677 ], [ 92.6739759, 11.6074263 ], [ 92.6748934, 11.6101835 ], [ 92.6794975, 11.6131887 ], [ 92.6793604, 11.6152139 ], [ 92.6825984, 11.6196025 ], [ 92.6843684, 11.6201084 ], [ 92.6853952, 11.6184764 ], [ 92.6888247, 11.6174043 ], [ 92.688019, 11.6229193 ], [ 92.6909302, 11.6206087 ], [ 92.6921916, 11.6226923 ], [ 92.6877908, 11.6274261 ], [ 92.6884192, 11.6284973 ], [ 92.6906474, 11.6274254 ], [ 92.694259, 11.6204135 ], [ 92.6949458, 11.6164264 ], [ 92.6892872, 11.6145111 ], [ 92.6942577, 11.6150163 ], [ 92.6920284, 11.6115271 ], [ 92.6897361, 11.6129967 ], [ 92.6877137, 11.6113563 ], [ 92.686956, 11.6058913 ], [ 92.6844977, 11.6031706 ], [ 92.6863959, 11.6029939 ], [ 92.6898721, 11.6061031 ], [ 92.6910638, 11.6045931 ], [ 92.690638, 11.6069302 ], [ 92.6925641, 11.6086565 ], [ 92.695035, 11.6066398 ], [ 92.6969838, 11.6074891 ], [ 92.6935638, 11.6092891 ], [ 92.6928031, 11.6110974 ], [ 92.696243, 11.6148756 ], [ 92.6961472, 11.6167561 ], [ 92.6979905, 11.6167149 ], [ 92.7016314, 11.6177265 ], [ 92.6961473, 11.6173483 ], [ 92.6953142, 11.6228317 ], [ 92.6944109, 11.6226601 ], [ 92.6937098, 11.6247848 ], [ 92.6939997, 11.6289752 ], [ 92.6917127, 11.6335322 ], [ 92.693241, 11.638893 ], [ 92.6970973, 11.6380739 ], [ 92.6995697, 11.6408216 ], [ 92.7017612, 11.6391259 ], [ 92.6989511, 11.6423722 ], [ 92.69887, 11.6481267 ], [ 92.6978524, 11.649483 ], [ 92.6951238, 11.6494746 ], [ 92.6940653, 11.6528652 ], [ 92.7005043, 11.6544592 ], [ 92.7046759, 11.6491557 ], [ 92.7059859, 11.6437942 ], [ 92.7101449, 11.6433138 ], [ 92.71131, 11.6443803 ], [ 92.7099586, 11.6487247 ], [ 92.7108205, 11.6479922 ], [ 92.7084047, 11.6511481 ], [ 92.7092122, 11.652382 ], [ 92.7188976, 11.6530163 ], [ 92.7217006, 11.6556823 ], [ 92.7282088, 11.658225 ], [ 92.7284984, 11.6599019 ], [ 92.7267332, 11.6609784 ], [ 92.7206617, 11.6618394 ], [ 92.7160215, 11.6642366 ], [ 92.7176972, 11.6698369 ], [ 92.7141037, 11.6759179 ], [ 92.7151633, 11.676686 ], [ 92.7143751, 11.6784356 ], [ 92.7228248, 11.6837487 ], [ 92.7268186, 11.6812973 ], [ 92.7308409, 11.6814269 ], [ 92.729852, 11.6740546 ], [ 92.7318508, 11.6719925 ], [ 92.7349464, 11.6731961 ], [ 92.7343384, 11.6767244 ], [ 92.7354074, 11.6778044 ], [ 92.742795, 11.6759797 ], [ 92.7472303, 11.6766648 ], [ 92.7489346, 11.674183 ], [ 92.7469799, 11.6707027 ], [ 92.7472357, 11.6684379 ], [ 92.7502632, 11.6674676 ], [ 92.7520513, 11.6684176 ], [ 92.7559922, 11.6650471 ], [ 92.7530006, 11.6580167 ], [ 92.7568536, 11.6558169 ], [ 92.7569093, 11.6543659 ], [ 92.7551992, 11.6532216 ], [ 92.7567272, 11.6511519 ], [ 92.7548491, 11.6463957 ], [ 92.7515164, 11.6437273 ], [ 92.7470665, 11.6439923 ], [ 92.7457246, 11.641859 ], [ 92.7464439, 11.6405026 ], [ 92.7390339, 11.6414866 ], [ 92.739143, 11.6391721 ], [ 92.7377213, 11.6387161 ], [ 92.7391932, 11.6385257 ], [ 92.740148, 11.6409753 ], [ 92.7453658, 11.6394633 ], [ 92.7482663, 11.6400313 ], [ 92.7482932, 11.6374793 ], [ 92.75, 11.6365983 ], [ 92.7518468, 11.6326888 ], [ 92.7526102, 11.627459 ], [ 92.7513584, 11.6275625 ], [ 92.7511443, 11.624145 ], [ 92.7523058, 11.6210943 ], [ 92.7510774, 11.620149 ], [ 92.7528249, 11.6189157 ], [ 92.7542805, 11.6141564 ], [ 92.7511788, 11.6082108 ], [ 92.7491955, 11.6070346 ], [ 92.7497529, 11.6055343 ], [ 92.7480067, 11.6041129 ], [ 92.7487837, 11.6019838 ], [ 92.7443851, 11.5982201 ], [ 92.7413388, 11.5935248 ], [ 92.7423506, 11.5902516 ], [ 92.7436755, 11.5898488 ], [ 92.7414197, 11.5787567 ], [ 92.7390673, 11.5775507 ], [ 92.7377938, 11.58006 ], [ 92.73717, 11.5794409 ], [ 92.7397492, 11.5745399 ], [ 92.7389945, 11.5677958 ], [ 92.7362286, 11.5639682 ], [ 92.7330199, 11.5647152 ], [ 92.7333072, 11.5608683 ], [ 92.7296708, 11.5581981 ], [ 92.7310267, 11.5554809 ], [ 92.7327097, 11.556981 ], [ 92.7334383, 11.5561987 ], [ 92.7328315, 11.5545036 ], [ 92.7339321, 11.5528489 ], [ 92.7323714, 11.5473799 ], [ 92.7305876, 11.5459204 ], [ 92.7310904, 11.5422723 ], [ 92.7259955, 11.5365965 ], [ 92.7229588, 11.5302103 ], [ 92.7266439, 11.5168333 ], [ 92.7226458, 11.5132997 ], [ 92.7213381, 11.5092408 ], [ 92.7186421, 11.5063984 ], [ 92.718962, 11.5038126 ], [ 92.7162208, 11.5028507 ], [ 92.7155808, 11.4944026 ], [ 92.7107984, 11.4875602 ], [ 92.7103737, 11.4776787 ], [ 92.7086242, 11.4814176 ], [ 92.7066855, 11.4814905 ], [ 92.7068833, 11.4838637 ], [ 92.7053299, 11.4850032 ], [ 92.7075907, 11.4894642 ], [ 92.7047179, 11.4922134 ], [ 92.698719, 11.4944978 ], [ 92.6992146, 11.4966042 ], [ 92.6968586, 11.4960624 ], [ 92.6953057, 11.4991908 ], [ 92.6969107, 11.5057834 ], [ 92.6924781, 11.5037593 ], [ 92.6899027, 11.5061918 ], [ 92.6869236, 11.5065135 ], [ 92.6837574, 11.5113057 ], [ 92.6817448, 11.5090324 ], [ 92.6795723, 11.5093312 ], [ 92.6822348, 11.5067631 ], [ 92.6785034, 11.5043092 ], [ 92.6713711, 11.5017474 ], [ 92.6674983, 11.5018294 ], [ 92.6580303, 11.5127247 ], [ 92.6494228, 11.5179647 ], [ 92.6452017, 11.5225261 ], [ 92.6439324, 11.5273314 ], [ 92.6445513, 11.529578 ], [ 92.6424889, 11.5352467 ], [ 92.6427964, 11.540088 ], [ 92.6477614, 11.5464433 ], [ 92.6484539, 11.5497703 ], [ 92.641294, 11.5595347 ], [ 92.6420277, 11.5626583 ], [ 92.6448199, 11.5661162 ], [ 92.6439949, 11.5689415 ], [ 92.6467411, 11.5709031 ], [ 92.6462507, 11.5723994 ], [ 92.6369351, 11.5750625 ], [ 92.6371277, 11.5774357 ], [ 92.6323966, 11.5807855 ], [ 92.6311356, 11.5743982 ], [ 92.6268719, 11.5714148 ], [ 92.6201742, 11.5612485 ], [ 92.6164791, 11.5634408 ], [ 92.6166762, 11.5666593 ], [ 92.6193946, 11.5718442 ], [ 92.6187571, 11.582553 ], [ 92.6170608, 11.5864495 ], [ 92.6136909, 11.5875343 ], [ 92.6083906, 11.593302 ], [ 92.6044522, 11.5931933 ], [ 92.6050297, 11.5960231 ], [ 92.6070333, 11.5973567 ], [ 92.6074044, 11.6008555 ], [ 92.6027917, 11.6039878 ], [ 92.6018376, 11.6086482 ], [ 92.6053314, 11.6102622 ], [ 92.6084535, 11.6157863 ], [ 92.6085724, 11.6210435 ], [ 92.617037, 11.6215862 ], [ 92.6204622, 11.6191272 ], [ 92.6217873, 11.6208902 ], [ 92.6217919, 11.6187159 ], [ 92.6238736, 11.6178254 ], [ 92.6244972, 11.6224362 ], [ 92.6270147, 11.6264412 ], [ 92.6290964, 11.625953 ], [ 92.6292292, 11.6170795 ], [ 92.6323563, 11.6170614 ], [ 92.6349056, 11.6154746 ], [ 92.6408117, 11.62051 ], [ 92.6401424, 11.6213463 ], [ 92.6430726, 11.6246958 ], [ 92.6428207, 11.6291392 ], [ 92.6440817, 11.6301156 ], [ 92.6447011, 11.6352732 ], [ 92.6414457, 11.6396401 ], [ 92.6382035, 11.6363675 ], [ 92.6390515, 11.6316076 ], [ 92.637598, 11.6319376 ], [ 92.6374743, 11.6340487 ], [ 92.6359976, 11.6322089 ], [ 92.6340627, 11.6330905 ], [ 92.6339528, 11.6401422 ], [ 92.6371126, 11.6458106 ], [ 92.6343567, 11.6502045 ], [ 92.6324949, 11.6495627 ], [ 92.6303901, 11.6518817 ], [ 92.6294958, 11.6496442 ], [ 92.6307796, 11.6414487 ], [ 92.6320315, 11.6401513 ], [ 92.6304079, 11.628299 ], [ 92.6261113, 11.6280188 ], [ 92.6202007, 11.6329686 ], [ 92.6167249, 11.6329504 ], [ 92.6122905, 11.635129 ], [ 92.6089936, 11.6342746 ], [ 92.6080904, 11.632385 ], [ 92.606953, 11.6347401 ], [ 92.607127, 11.6396266 ], [ 92.6035913, 11.6424516 ], [ 92.6034031, 11.6446439 ], [ 92.5977026, 11.649087 ], [ 92.5970649, 11.6523099 ], [ 92.5980506, 11.6554155 ], [ 92.5991558, 11.6550268 ], [ 92.5994353, 11.6571695 ], [ 92.5988026, 11.6559896 ], [ 92.5974589, 11.6566495 ], [ 92.5934773, 11.6657847 ], [ 92.5906386, 11.6660149 ], [ 92.5902027, 11.6680264 ], [ 92.5912065, 11.6724112 ], [ 92.5944626, 11.6731575 ], [ 92.5961084, 11.6794861 ], [ 92.5979657, 11.6809328 ], [ 92.5974744, 11.6859684 ], [ 92.5989692, 11.6902086 ], [ 92.5951253, 11.694272 ], [ 92.5957396, 11.6976216 ], [ 92.5940926, 11.7014457 ], [ 92.5922532, 11.7026208 ], [ 92.5924866, 11.7077469 ], [ 92.5896795, 11.7079138 ], [ 92.5976465, 11.7095826 ], [ 92.6037791, 11.7070201 ], [ 92.5982978, 11.7100257 ], [ 92.593867, 11.7095732 ], [ 92.5866648, 11.7166648 ], [ 92.5871866, 11.7257507 ], [ 92.5893972, 11.7280292 ], [ 92.5910067, 11.7328661 ], [ 92.5912904, 11.7382815 ], [ 92.5891264, 11.72934 ], [ 92.5868745, 11.7270435 ], [ 92.5852431, 11.7149694 ], [ 92.5818623, 11.7173828 ], [ 92.5851607, 11.7140653 ], [ 92.5849223, 11.7134144 ], [ 92.5813304, 11.7161849 ], [ 92.5742988, 11.7154785 ], [ 92.5709907, 11.6968136 ], [ 92.5683717, 11.6968718 ], [ 92.5676796, 11.6944262 ], [ 92.5644881, 11.6913246 ], [ 92.5580531, 11.6922996 ], [ 92.5582809, 11.6989174 ], [ 92.5554628, 11.7065108 ], [ 92.5533755, 11.7075998 ], [ 92.5544664, 11.7108185 ], [ 92.5519846, 11.712174 ], [ 92.5533876, 11.7144978 ], [ 92.5501617, 11.71951 ], [ 92.5521096, 11.7255949 ], [ 92.5501084, 11.7302413 ], [ 92.5498129, 11.7374555 ], [ 92.5525872, 11.7412353 ], [ 92.5506135, 11.7454296 ], [ 92.5515987, 11.74981 ], [ 92.550402, 11.751407 ], [ 92.5514015, 11.7535815 ], [ 92.5501661, 11.7585943 ], [ 92.5516519, 11.7607553 ], [ 92.5506327, 11.7637249 ], [ 92.5529347, 11.767735 ], [ 92.5569345, 11.7705295 ], [ 92.5586544, 11.7726545 ], [ 92.5560398, 11.7708457 ], [ 92.5548375, 11.7721835 ], [ 92.5517223, 11.7721511 ], [ 92.5502169, 11.7746866 ], [ 92.5514456, 11.7777517 ], [ 92.5490733, 11.7793467 ], [ 92.5503391, 11.7809879 ], [ 92.5493201, 11.7825969 ], [ 92.5495763, 11.8022331 ], [ 92.5420452, 11.7928424 ], [ 92.5433725, 11.7883315 ], [ 92.5405368, 11.7891217 ], [ 92.5415835, 11.7869071 ], [ 92.5407214, 11.7855372 ], [ 92.5394277, 11.7853108 ], [ 92.5396426, 11.7872862 ], [ 92.538376, 11.7883481 ], [ 92.5393022, 11.7903192 ], [ 92.5376498, 11.7926784 ], [ 92.5362183, 11.792488 ], [ 92.535572, 11.7906707 ], [ 92.5348652, 11.7914298 ], [ 92.5321815, 11.7902447 ], [ 92.5294087, 11.7949992 ], [ 92.5328908, 11.7959992 ], [ 92.5323665, 11.7997962 ], [ 92.5342747, 11.801406 ], [ 92.5352301, 11.7981155 ], [ 92.5364953, 11.8016643 ], [ 92.5385287, 11.7991788 ], [ 92.542841, 11.8013498 ], [ 92.5419778, 11.8033837 ], [ 92.542748, 11.8054497 ], [ 92.5478909, 11.8077429 ], [ 92.549556, 11.8097458 ], [ 92.5484455, 11.8102925 ], [ 92.5485697, 11.8089093 ], [ 92.5453676, 11.8067523 ], [ 92.5414813, 11.8066743 ], [ 92.5392347, 11.8010911 ], [ 92.5375684, 11.8035768 ], [ 92.5384023, 11.8072204 ], [ 92.5350725, 11.8028346 ], [ 92.5333139, 11.8069295 ], [ 92.5316532, 11.8059299 ], [ 92.531405, 11.8074623 ], [ 92.5363305, 11.8147505 ], [ 92.5383333, 11.8225713 ], [ 92.5467378, 11.82944 ], [ 92.5469056, 11.8361798 ], [ 92.5462304, 11.8384985 ], [ 92.5442838, 11.8415266 ], [ 92.5450176, 11.8433439 ], [ 92.5441003, 11.8416078 ], [ 92.5460889, 11.8359806 ], [ 92.5429752, 11.8287338 ], [ 92.541763, 11.8311473 ], [ 92.5434647, 11.8337469 ], [ 92.5405263, 11.8390212 ], [ 92.5362308, 11.8398923 ], [ 92.5327866, 11.8336397 ], [ 92.5310289, 11.8338651 ], [ 92.531103, 11.8320797 ], [ 92.5291212, 11.8302302 ], [ 92.529888, 11.8290191 ], [ 92.5272368, 11.8257228 ], [ 92.5280413, 11.8217 ], [ 92.526473, 11.8190009 ], [ 92.526228, 11.8108779 ], [ 92.5238249, 11.8073693 ], [ 92.5205569, 11.8105821 ], [ 92.5185532, 11.8066487 ], [ 92.5145474, 11.8070404 ], [ 92.5121455, 11.8122739 ], [ 92.5145762, 11.8155838 ], [ 92.5123875, 11.815384 ], [ 92.5110952, 11.8112565 ], [ 92.5099298, 11.8112018 ], [ 92.506107, 11.823414 ], [ 92.5080707, 11.8240296 ], [ 92.5056659, 11.8245168 ], [ 92.5068987, 11.8282918 ], [ 92.5092388, 11.828808 ], [ 92.5065819, 11.8288882 ], [ 92.5070288, 11.8352214 ], [ 92.5123685, 11.8393732 ], [ 92.5164476, 11.8408438 ], [ 92.51799, 11.8392668 ], [ 92.5196559, 11.839055 ], [ 92.5194134, 11.8373824 ], [ 92.5201329, 11.8396744 ], [ 92.5184305, 11.8395247 ], [ 92.5167179, 11.8416892 ], [ 92.5129369, 11.8412086 ], [ 92.5120042, 11.84383 ], [ 92.5098241, 11.8445976 ], [ 92.5083055, 11.8438466 ], [ 92.5086873, 11.8415369 ], [ 92.5075034, 11.8414958 ], [ 92.5068805, 11.8494692 ], [ 92.5102838, 11.853801 ], [ 92.5082139, 11.8544241 ], [ 92.5081718, 11.856318 ], [ 92.5106635, 11.8568388 ], [ 92.5120802, 11.8602522 ], [ 92.5146774, 11.8608363 ], [ 92.5159903, 11.8598559 ], [ 92.5153981, 11.860692 ], [ 92.5164764, 11.8610676 ], [ 92.518271, 11.8605258 ], [ 92.5192455, 11.8561912 ], [ 92.5203882, 11.8562188 ], [ 92.5182891, 11.8610863 ], [ 92.5139565, 11.8617718 ], [ 92.5116104, 11.8643519 ], [ 92.5116735, 11.866933 ], [ 92.5136606, 11.8673496 ], [ 92.5124763, 11.8679323 ], [ 92.5139752, 11.8724079 ], [ 92.5175442, 11.8767805 ], [ 92.5200776, 11.8766548 ], [ 92.5240954, 11.8714715 ], [ 92.5237183, 11.8734512 ], [ 92.5263166, 11.8714994 ], [ 92.52756, 11.8724943 ], [ 92.5251321, 11.872724 ], [ 92.5243695, 11.8746358 ], [ 92.5224053, 11.8744679 ], [ 92.5225737, 11.8783418 ], [ 92.5246012, 11.8813801 ], [ 92.522362, 11.8800684 ], [ 92.5213238, 11.8824186 ], [ 92.5189965, 11.8835613 ], [ 92.520712, 11.8862696 ], [ 92.5187242, 11.8873538 ], [ 92.5177497, 11.8909787 ], [ 92.518699, 11.893099 ], [ 92.5214669, 11.8924129 ], [ 92.5202391, 11.8986188 ], [ 92.5224363, 11.9023262 ], [ 92.5257359, 11.9040361 ], [ 92.5290967, 11.9015376 ], [ 92.5297111, 11.9030566 ], [ 92.5307257, 11.9023472 ], [ 92.5313785, 11.8995177 ], [ 92.5322263, 11.9036405 ], [ 92.5349308, 11.9003325 ], [ 92.5357982, 11.9009566 ], [ 92.5341262, 11.9044547 ], [ 92.5385467, 11.9035023 ], [ 92.5342313, 11.9059329 ], [ 92.5343131, 11.9084733 ], [ 92.533023, 11.9094086 ], [ 92.5339495, 11.911556 ], [ 92.5328112, 11.9115556 ], [ 92.5327463, 11.9131151 ], [ 92.5360171, 11.9193225 ], [ 92.5408558, 11.9176153 ], [ 92.5386381, 11.9193639 ], [ 92.539477, 11.9231928 ], [ 92.5439196, 11.9261323 ], [ 92.5403062, 11.9285857 ], [ 92.5402596, 11.9310176 ], [ 92.5434129, 11.9321441 ], [ 92.5463739, 11.9312318 ], [ 92.5477106, 11.9284252 ], [ 92.5483209, 11.9290897 ], [ 92.5495239, 11.9278923 ], [ 92.5498677, 11.929827 ], [ 92.5516487, 11.9300309 ], [ 92.5504917, 11.9308804 ], [ 92.551019, 11.9329237 ], [ 92.5570543, 11.9379517 ], [ 92.5614317, 11.9467536 ], [ 92.5648613, 11.9450096 ], [ 92.5677772, 11.9409736 ], [ 92.5660592, 11.94628 ], [ 92.5627398, 11.9478569 ], [ 92.5640659, 11.9508089 ], [ 92.5691893, 11.9505071 ], [ 92.5684825, 11.9492729 ], [ 92.5705957, 11.9417335 ], [ 92.5693748, 11.9407117 ], [ 92.5721205, 11.938547 ], [ 92.5703035, 11.9334704 ], [ 92.5715934, 11.9343025 ], [ 92.5708731, 11.9315765 ], [ 92.5727139, 11.9315769 ], [ 92.5718055, 11.9289324 ], [ 92.5749592, 11.9287657 ], [ 92.5755281, 11.9302439 ], [ 92.5777911, 11.9309133 ], [ 92.5793979, 11.9300004 ], [ 92.5805407, 11.9313748 ], [ 92.5808773, 11.9214213 ], [ 92.5774675, 11.9174564 ], [ 92.5758377, 11.9184597 ], [ 92.5743506, 11.917917 ], [ 92.5774078, 11.9172123 ], [ 92.5810612, 11.9195182 ], [ 92.5825946, 11.9183838 ], [ 92.5818288, 11.9132804 ], [ 92.583027, 11.9118839 ], [ 92.5853037, 11.9120966 ], [ 92.5840739, 11.9097956 ], [ 92.5847167, 11.9084034 ], [ 92.5812424, 11.9058038 ], [ 92.5825051, 11.903006 ], [ 92.5847769, 11.9045748 ], [ 92.5841627, 11.8987436 ], [ 92.5852732, 11.9003304 ], [ 92.5865632, 11.8987891 ], [ 92.5843281, 11.8974418 ], [ 92.5849894, 11.8954891 ], [ 92.5836954, 11.8928265 ], [ 92.5858447, 11.8840349 ], [ 92.5839174, 11.881345 ], [ 92.5827611, 11.8788768 ], [ 92.5828716, 11.8770054 ], [ 92.5835601, 11.8764902 ], [ 92.5852674, 11.876626 ], [ 92.5845793, 11.8744019 ], [ 92.5858182, 11.8766261 ], [ 92.5833123, 11.8768699 ], [ 92.5832017, 11.8789628 ], [ 92.5859549, 11.8832755 ], [ 92.58634, 11.8863945 ], [ 92.5913566, 11.8863951 ], [ 92.5909163, 11.8834614 ], [ 92.5871714, 11.881237 ], [ 92.5868692, 11.8764907 ], [ 92.5879706, 11.8775485 ], [ 92.5876671, 11.881237 ], [ 92.5915772, 11.883683 ], [ 92.5917691, 11.8914985 ], [ 92.5933107, 11.8961953 ], [ 92.592016, 11.8992644 ], [ 92.5928189, 11.90204 ], [ 92.5943888, 11.9013395 ], [ 92.5950179, 11.8977956 ], [ 92.5973359, 11.8963584 ], [ 92.5982171, 11.8976332 ], [ 92.5965598, 11.900404 ], [ 92.5989651, 11.8996448 ], [ 92.600861, 11.8964401 ], [ 92.5997325, 11.8895149 ], [ 92.600972, 11.8856367 ], [ 92.5992377, 11.8793126 ], [ 92.6008078, 11.8732872 ], [ 92.5991012, 11.8660863 ], [ 92.6027091, 11.8580586 ], [ 92.6065595, 11.8567118 ], [ 92.6047838, 11.852865 ], [ 92.6102635, 11.8473053 ], [ 92.6089096, 11.8501892 ], [ 92.6052657, 11.8525034 ], [ 92.6069634, 11.8565537 ], [ 92.6050771, 11.8586012 ], [ 92.6116536, 11.8552656 ], [ 92.604742, 11.8596408 ], [ 92.6031722, 11.8632163 ], [ 92.6045581, 11.8639848 ], [ 92.6075043, 11.8671763 ], [ 92.6036723, 11.8640752 ], [ 92.5996473, 11.8673113 ], [ 92.6034464, 11.8776314 ], [ 92.6055255, 11.879503 ], [ 92.6041027, 11.8790644 ], [ 92.6013723, 11.8751768 ], [ 92.6003025, 11.8789149 ], [ 92.6031519, 11.8886519 ], [ 92.6044605, 11.8816907 ], [ 92.6062734, 11.8811936 ], [ 92.6092243, 11.8863604 ], [ 92.6083058, 11.8953015 ], [ 92.6094069, 11.9047173 ], [ 92.60769, 11.9077413 ], [ 92.6084335, 11.9096714 ], [ 92.6090945, 11.9082747 ], [ 92.6096086, 11.9089618 ], [ 92.6106778, 11.9146213 ], [ 92.608998, 11.9118322 ], [ 92.6062943, 11.9135271 ], [ 92.6081946, 11.914142 ], [ 92.6088233, 11.9160948 ], [ 92.6082769, 11.9178486 ], [ 92.6098054, 11.9200229 ], [ 92.6118573, 11.9196659 ], [ 92.616957, 11.9212075 ], [ 92.6175124, 11.9231874 ], [ 92.6197754, 11.9218313 ], [ 92.6181642, 11.9234812 ], [ 92.6191878, 11.9251537 ], [ 92.6190225, 11.929127 ], [ 92.6203537, 11.9310753 ], [ 92.6190087, 11.9296604 ], [ 92.6186737, 11.924426 ], [ 92.6174206, 11.9234134 ], [ 92.6160757, 11.9211849 ], [ 92.6121327, 11.9200501 ], [ 92.6079693, 11.920615 ], [ 92.6086899, 11.9219078 ], [ 92.6090065, 11.9239419 ], [ 92.6123436, 11.925253 ], [ 92.6131883, 11.9240325 ], [ 92.6140329, 11.9250134 ], [ 92.6162361, 11.9288286 ], [ 92.6163555, 11.9294479 ], [ 92.6149966, 11.9330686 ], [ 92.6159193, 11.9330415 ], [ 92.6161717, 11.9340179 ], [ 92.6151663, 11.9375979 ], [ 92.615979, 11.9336201 ], [ 92.6147717, 11.9330415 ], [ 92.6158597, 11.9285167 ], [ 92.6132342, 11.9243896 ], [ 92.612495, 11.9255784 ], [ 92.6090065, 11.9243262 ], [ 92.6075882, 11.9205742 ], [ 92.60925, 11.9201585 ], [ 92.6078684, 11.9183549 ], [ 92.6078411, 11.9145805 ], [ 92.6041874, 11.913206 ], [ 92.6012775, 11.909906 ], [ 92.599524, 11.9121524 ], [ 92.5986061, 11.9106923 ], [ 92.5971143, 11.9108323 ], [ 92.599616, 11.9096437 ], [ 92.5981289, 11.9077993 ], [ 92.5983678, 11.9062217 ], [ 92.5999697, 11.9063078 ], [ 92.5986663, 11.904495 ], [ 92.5969725, 11.9044361 ], [ 92.5968531, 11.9056927 ], [ 92.5948933, 11.9047568 ], [ 92.5940944, 11.9062801 ], [ 92.5926334, 11.9184937 ], [ 92.5935558, 11.9212149 ], [ 92.5977699, 11.9183225 ], [ 92.5994817, 11.923096 ], [ 92.6032043, 11.9250942 ], [ 92.6076245, 11.9298046 ], [ 92.6103735, 11.9437814 ], [ 92.6070449, 11.9489162 ], [ 92.6081557, 11.9516601 ], [ 92.6084584, 11.9554029 ], [ 92.6067324, 11.9543677 ], [ 92.6049462, 11.9582052 ], [ 92.6056256, 11.9591545 ], [ 92.6079165, 11.9579432 ], [ 92.6107582, 11.9600815 ], [ 92.6110416, 11.9875284 ], [ 92.6122811, 11.9917956 ], [ 92.6155364, 11.9929303 ], [ 92.6132314, 11.9947564 ], [ 92.6118078, 11.9999003 ], [ 92.6158481, 12.0120546 ], [ 92.6177764, 12.0210003 ], [ 92.6172482, 12.0240287 ], [ 92.620977, 12.024856 ], [ 92.6241087, 12.0281152 ], [ 92.6203569, 12.0315234 ], [ 92.621808, 12.0364369 ], [ 92.6203798, 12.039723 ], [ 92.6239664, 12.0398948 ], [ 92.6275392, 12.0415086 ], [ 92.6281591, 12.0430047 ], [ 92.625491, 12.0468967 ], [ 92.6220697, 12.048524 ], [ 92.6216977, 12.0516655 ], [ 92.6236311, 12.0539392 ], [ 92.624917, 12.0594584 ], [ 92.6194012, 12.0632688 ], [ 92.6187077, 12.0682908 ], [ 92.6200486, 12.0786873 ], [ 92.6195524, 12.0860055 ], [ 92.6218627, 12.0925328 ], [ 92.6220464, 12.1013878 ], [ 92.6238607, 12.107463 ], [ 92.6272783, 12.1118159 ], [ 92.6271865, 12.1142432 ], [ 92.6286059, 12.116214 ], [ 92.6309441, 12.1162411 ], [ 92.6296488, 12.1195635 ], [ 92.634518, 12.1203228 ], [ 92.6304803, 12.1227773 ], [ 92.6335541, 12.1406998 ], [ 92.6393571, 12.1545313 ], [ 92.6445367, 12.1785964 ], [ 92.6503268, 12.1878352 ], [ 92.6603933, 12.2149415 ], [ 92.6647369, 12.2220872 ], [ 92.6670478, 12.218629 ], [ 92.6644465, 12.2161478 ], [ 92.6596192, 12.2000883 ], [ 92.654568, 12.189019 ], [ 92.6527385, 12.1814027 ], [ 92.6553067, 12.1801097 ], [ 92.6584271, 12.184417 ], [ 92.6584688, 12.1871562 ], [ 92.6643754, 12.2023297 ], [ 92.668461, 12.2054254 ], [ 92.6688199, 12.2083634 ], [ 92.6739544, 12.2177871 ], [ 92.6766284, 12.2153908 ], [ 92.6761437, 12.2038103 ], [ 92.6743369, 12.1991639 ], [ 92.6750514, 12.1869955 ], [ 92.6768574, 12.188184 ], [ 92.6781822, 12.1953029 ], [ 92.6799419, 12.1945432 ], [ 92.6811728, 12.1917811 ], [ 92.6808841, 12.1956414 ], [ 92.6772269, 12.1976491 ], [ 92.6782499, 12.2120275 ], [ 92.6795967, 12.213754 ], [ 92.6823995, 12.2125285 ], [ 92.6829265, 12.2058792 ], [ 92.6861357, 12.2138204 ], [ 92.6836054, 12.2209719 ], [ 92.6855416, 12.2275935 ], [ 92.6874307, 12.229053 ], [ 92.6876711, 12.2349924 ], [ 92.6898219, 12.2353988 ], [ 92.6897992, 12.2366057 ], [ 92.6911043, 12.2364246 ], [ 92.6931455, 12.2390096 ] ], [ [ 92.7252599, 11.5940499 ], [ 92.7231387, 11.5899303 ], [ 92.7233717, 11.587213 ], [ 92.7145214, 11.5836809 ], [ 92.7166963, 11.5796274 ], [ 92.7165863, 11.5766766 ], [ 92.721492, 11.5740446 ], [ 92.7214128, 11.5690227 ], [ 92.7265117, 11.5660165 ], [ 92.7295681, 11.5664572 ], [ 92.7307812, 11.5674061 ], [ 92.7298453, 11.5690361 ], [ 92.7352002, 11.5708573 ], [ 92.7362188, 11.5766148 ], [ 92.7352415, 11.5791077 ], [ 92.737313, 11.5896817 ], [ 92.7397577, 11.5913873 ], [ 92.7352976, 11.5957571 ], [ 92.7333126, 11.5958948 ], [ 92.7321731, 11.5945823 ], [ 92.7314665, 11.5968132 ], [ 92.7278943, 11.5968944 ], [ 92.7301486, 11.6017292 ], [ 92.7265671, 11.6038996 ], [ 92.7250039, 11.6006025 ], [ 92.7252599, 11.5940499 ] ] ], [ [ [ 93.1043363, 12.2640136 ], [ 93.1065387, 12.2622594 ], [ 93.1074436, 12.2451387 ], [ 93.1053386, 12.2348791 ], [ 93.1038033, 12.2327855 ], [ 93.1006497, 12.2325818 ], [ 93.1038311, 12.2294938 ], [ 93.1050958, 12.2185651 ], [ 93.1025962, 12.2026217 ], [ 93.1001188, 12.2004195 ], [ 93.0961793, 12.203815 ], [ 93.0948689, 12.2081782 ], [ 93.0898858, 12.2109314 ], [ 93.0867779, 12.2148784 ], [ 93.0872786, 12.2182878 ], [ 93.0910477, 12.2211684 ], [ 93.0912819, 12.2230766 ], [ 93.0899624, 12.2248761 ], [ 93.089627, 12.2230267 ], [ 93.0867256, 12.2293024 ], [ 93.0939101, 12.2359634 ], [ 93.096958, 12.2364701 ], [ 93.0978266, 12.2388079 ], [ 93.0967373, 12.2366193 ], [ 93.0941077, 12.2364337 ], [ 93.0864865, 12.2296369 ], [ 93.0884407, 12.2254999 ], [ 93.0879445, 12.223664 ], [ 93.0860687, 12.22559 ], [ 93.0825246, 12.2245722 ], [ 93.0857383, 12.2212945 ], [ 93.0853615, 12.2196757 ], [ 93.084079, 12.2197072 ], [ 93.083799, 12.2167364 ], [ 93.0720344, 12.2247108 ], [ 93.0631847, 12.2275261 ], [ 93.0618089, 12.2334536 ], [ 93.0650671, 12.2390837 ], [ 93.0651352, 12.2517725 ], [ 93.069947, 12.2600797 ], [ 93.0725258, 12.2622642 ], [ 93.0806173, 12.2638165 ], [ 93.0865491, 12.257044 ], [ 93.0861902, 12.2468507 ], [ 93.0830925, 12.2403572 ], [ 93.0854833, 12.2383861 ], [ 93.0894319, 12.2410679 ], [ 93.0879837, 12.2422117 ], [ 93.0885168, 12.2434914 ], [ 93.0912707, 12.2427004 ], [ 93.0939781, 12.2459562 ], [ 93.0911459, 12.2490758 ], [ 93.092476, 12.250832 ], [ 93.0954014, 12.2500019 ], [ 93.0963327, 12.2561047 ], [ 93.0994583, 12.262919 ], [ 93.1043363, 12.2640136 ] ] ], [ [ [ 93.0287642, 12.27995 ], [ 93.027805, 12.275202 ], [ 93.0253228, 12.2734377 ], [ 93.0203843, 12.274711 ], [ 93.0222545, 12.2775286 ], [ 93.0263871, 12.2800667 ], [ 93.0287642, 12.27995 ] ] ], [ [ [ 93.0725937, 12.3153341 ], [ 93.0619069, 12.3147758 ], [ 93.0612538, 12.3152775 ], [ 93.065755, 12.3185883 ], [ 93.0699119, 12.3196517 ], [ 93.073274, 12.3167269 ], [ 93.0725937, 12.3153341 ] ] ] ] } }
]
}
