{
"type": "FeatureCollection",
"name": "3503",
"crs": { "type": "name", "properties": { "name": "urn:ogc:def:crs:OGC:1.3:CRS84" } },
"features": [
{ "type": "Feature", "properties": { "code": "3503", "name": "Middle And North Andamans", "type": "district" }, "geometry": { "type": "MultiPolygon", "coordinates": [ [ [ [ 92.7243052, 12.1850321 ], [ 92.7286811, 12.1891302 ], [ 92.7302799, 12.18856 ], [ 92.7290422, 12.1843659 ], [ 92.7251364, 12.18406 ], [ 92.7243052, 12.1850321 ] ] ], [ [ [ 92.7309107, 12.2334783 ], [ 92.7289442, 12.2227482 ], [ 92.7306201, 12.2192852 ], [ 92.7295383, 12.2144219 ], [ 92.7323303, 12.2096928 ], [ 92.7341224, 12.2206173 ], [ 92.7391967, 12.2230154 ], [ 92.7428762, 12.2198 ], [ 92.7416972, 12.2140599 ], [ 92.7432304, 12.2103482 ], [ 92.742364, 12.2047571 ], [ 92.7440304, 12.2113603 ], [ 92.7425566, 12.2142765 ], [ 92.7439759, 12.2229365 ], [ 92.7384258, 12.2257821 ], [ 92.7368368, 12.2281603 ], [ 92.7389129, 12.2361872 ], [ 92.7421654, 12.2334104 ], [ 92.7441068, 12.2278724 ], [ 92.7460058, 12.2302175 ], [ 92.7479622, 12.2306287 ], [ 92.7505385, 12.2291284 ], [ 92.7539274, 12.2306571 ], [ 92.7553826, 12.2274186 ], [ 92.7574431, 12.2303797 ], [ 92.7618572, 12.2295285 ], [ 92.7618632, 12.2102387 ], [ 92.7675651, 12.200632 ], [ 92.7646856, 12.1915009 ], [ 92.7665401, 12.1883868 ], [ 92.7632882, 12.181945 ], [ 92.7545511, 12.1830349 ], [ 92.7519852, 12.1821236 ], [ 92.7500004, 12.184147 ], [ 92.7463229, 12.180107 ], [ 92.7423086, 12.1834626 ], [ 92.7326233, 12.1845244 ], [ 92.7305942, 12.188973 ], [ 92.730724, 12.19178 ], [ 92.7276741, 12.1948006 ], [ 92.728507, 12.1976796 ], [ 92.7272973, 12.1947962 ], [ 92.7291622, 12.1929106 ], [ 92.7266706, 12.1899599 ], [ 92.7224703, 12.1883252 ], [ 92.7208194, 12.1973253 ], [ 92.7227465, 12.202098 ], [ 92.7213232, 12.2051812 ], [ 92.7233641, 12.2072823 ], [ 92.7214833, 12.2158939 ], [ 92.7238979, 12.2212902 ], [ 92.7207525, 12.2281258 ], [ 92.7208647, 12.2332335 ], [ 92.7238709, 12.2353162 ], [ 92.7239645, 12.2396691 ], [ 92.7268508, 12.2401924 ], [ 92.7292553, 12.2425916 ], [ 92.7350491, 12.2388964 ], [ 92.7309107, 12.2334783 ] ] ], [ [ [ 92.6983065, 12.2435528 ], [ 92.6948193, 12.2472376 ], [ 92.6965666, 12.2501932 ], [ 92.6983584, 12.2479372 ], [ 92.6983065, 12.2435528 ] ] ], [ [ [ 92.7214148, 12.2563548 ], [ 92.7239977, 12.2561098 ], [ 92.7234316, 12.2540036 ], [ 92.7211157, 12.255365 ], [ 92.7214148, 12.2563548 ] ] ], [ [ [ 92.7170772, 12.2569019 ], [ 92.7156893, 12.258335 ], [ 92.7167695, 12.259031 ], [ 92.7170772, 12.2569019 ] ] ], [ [ [ 92.717546, 12.2966114 ], [ 92.7187824, 12.2951783 ], [ 92.7223219, 12.2959486 ], [ 92.7230727, 12.2909401 ], [ 92.7210224, 12.2894668 ], [ 92.7211321, 12.2845082 ], [ 92.7187832, 12.2831864 ], [ 92.7200858, 12.2799114 ], [ 92.7154626, 12.2658113 ], [ 92.7180408, 12.2638493 ], [ 92.7173581, 12.2616345 ], [ 92.7143705, 12.2608935 ], [ 92.7149814, 12.2577384 ], [ 92.7125589, 12.2511554 ], [ 92.7125063, 12.2500143 ], [ 92.7137835, 12.2500139 ], [ 92.7118944, 12.2482343 ], [ 92.709926, 12.2296571 ], [ 92.7063036, 12.2409089 ], [ 92.7028069, 12.2432559 ], [ 92.702278, 12.2577688 ], [ 92.6997438, 12.2679755 ], [ 92.7024374, 12.2719485 ], [ 92.6987261, 12.2747308 ], [ 92.7020909, 12.2786835 ], [ 92.7013078, 12.2898935 ], [ 92.7036228, 12.2997337 ], [ 92.7151832, 12.2959833 ], [ 92.717546, 12.2966114 ] ] ], [ [ [ 92.7494244, 12.2872253 ], [ 92.7448699, 12.2701663 ], [ 92.745522, 12.2681004 ], [ 92.7417206, 12.2554674 ], [ 92.7347013, 12.2513976 ], [ 92.7350658, 12.2500064 ], [ 92.737065, 12.2500056 ], [ 92.734577, 12.2481345 ], [ 92.7344963, 12.2586352 ], [ 92.7358572, 12.2608453 ], [ 92.7357267, 12.2640863 ], [ 92.7377172, 12.265912 ], [ 92.739091, 12.2746922 ], [ 92.7357416, 12.2696279 ], [ 92.7342709, 12.2701345 ], [ 92.7369217, 12.2757163 ], [ 92.7388337, 12.2749996 ], [ 92.7389868, 12.2827018 ], [ 92.7400761, 12.2824756 ], [ 92.7397859, 12.2792438 ], [ 92.7409672, 12.2790537 ], [ 92.7416711, 12.2822041 ], [ 92.7433972, 12.2829315 ], [ 92.7454299, 12.2875326 ], [ 92.7479646, 12.2886624 ], [ 92.7494244, 12.2872253 ] ] ], [ [ [ 92.7352129, 12.2813352 ], [ 92.7350514, 12.2905744 ], [ 92.7367365, 12.2927167 ], [ 92.7352129, 12.2813352 ] ] ], [ [ [ 92.7510163, 12.2906881 ], [ 92.7507701, 12.2914497 ], [ 92.7513286, 12.2916532 ], [ 92.7510163, 12.2906881 ] ] ], [ [ [ 92.6831585, 12.5542552 ], [ 92.6863562, 12.5537801 ], [ 92.6850676, 12.5522254 ], [ 92.6880718, 12.5500552 ], [ 92.6865531, 12.5478541 ], [ 92.6869669, 12.5455081 ], [ 92.6846199, 12.5421454 ], [ 92.6863307, 12.5366621 ], [ 92.6853183, 12.5352475 ], [ 92.6832941, 12.5359846 ], [ 92.6838873, 12.5338736 ], [ 92.6815682, 12.5315099 ], [ 92.6827591, 12.5264335 ], [ 92.6812635, 12.5229848 ], [ 92.6841564, 12.5168867 ], [ 92.6802586, 12.5067394 ], [ 92.6781378, 12.5055644 ], [ 92.6712705, 12.5142757 ], [ 92.6697528, 12.5199577 ], [ 92.663883, 12.5265578 ], [ 92.6617993, 12.5328772 ], [ 92.6672561, 12.5376591 ], [ 92.6814886, 12.5567416 ], [ 92.683375, 12.5563028 ], [ 92.6831585, 12.5542552 ] ] ], [ [ [ 92.7021823, 12.6376962 ], [ 92.7019194, 12.6361143 ], [ 92.6992087, 12.6373174 ], [ 92.7021823, 12.6376962 ] ] ], [ [ [ 92.7021778, 12.6381391 ], [ 92.6988777, 12.6389536 ], [ 92.7015251, 12.6411902 ], [ 92.7027585, 12.6402994 ], [ 92.7021778, 12.6381391 ] ] ], [ [ [ 92.7005447, 12.6412131 ], [ 92.7004524, 12.6404312 ], [ 92.70019, 12.6404132 ], [ 92.7005447, 12.6412131 ] ] ], [ [ [ 92.7027911, 12.6414926 ], [ 92.7011803, 12.6424151 ], [ 92.7025017, 12.6436667 ], [ 92.7027911, 12.6414926 ] ] ], [ [ [ 92.7301379, 12.6531214 ], [ 92.7289043, 12.6530812 ], [ 92.7263688, 12.655532 ], [ 92.7268614, 12.655473 ], [ 92.7301379, 12.6531214 ] ] ], [ [ [ 92.7269945, 12.6545871 ], [ 92.7246738, 12.6529247 ], [ 92.7253565, 12.6564092 ], [ 92.7269945, 12.6545871 ] ] ], [ [ [ 92.7134425, 12.6897974 ], [ 92.7147319, 12.6887806 ], [ 92.7138876, 12.6885598 ], [ 92.7134425, 12.6897974 ] ] ], [ [ [ 92.7223912, 12.6927413 ], [ 92.722527, 12.6919307 ], [ 92.722192, 12.6921044 ], [ 92.7223912, 12.6927413 ] ] ], [ [ [ 92.7297943, 12.7015512 ], [ 92.729385, 12.7025954 ], [ 92.7304775, 12.7058176 ], [ 92.7320557, 12.7034079 ], [ 92.7297943, 12.7015512 ] ] ], [ [ [ 92.7265804, 12.7354599 ], [ 92.7290096, 12.7302522 ], [ 92.7271294, 12.7265557 ], [ 92.7217412, 12.736194 ], [ 92.7219673, 12.7376312 ], [ 92.7265804, 12.7354599 ] ] ], [ [ [ 92.7374097, 12.7330916 ], [ 92.7378059, 12.7334394 ], [ 92.7384456, 12.7326256 ], [ 92.7374097, 12.7330916 ] ] ], [ [ [ 92.7247926, 12.7527634 ], [ 92.7259218, 12.7537919 ], [ 92.7261721, 12.7517187 ], [ 92.7256672, 12.7518707 ], [ 92.7247926, 12.7527634 ] ] ], [ [ [ 92.6547886, 12.7744314 ], [ 92.6562944, 12.774029 ], [ 92.654355, 12.7694775 ], [ 92.6534757, 12.7714076 ], [ 92.6547886, 12.7744314 ] ] ], [ [ [ 92.715972, 12.7745024 ], [ 92.7176022, 12.7743301 ], [ 92.7163493, 12.773657 ], [ 92.715972, 12.7745024 ] ] ], [ [ [ 92.709894, 12.8286666 ], [ 92.71316, 12.829425 ], [ 92.7140071, 12.8282089 ], [ 92.71153, 12.8181799 ], [ 92.7128639, 12.7879004 ], [ 92.7112528, 12.7771885 ], [ 92.7217687, 12.7601498 ], [ 92.7248035, 12.7483465 ], [ 92.7219416, 12.7426572 ], [ 92.7201193, 12.7507708 ], [ 92.7173052, 12.7563408 ], [ 92.7180702, 12.7461389 ], [ 92.7162197, 12.7351158 ], [ 92.7185209, 12.7320415 ], [ 92.7160292, 12.7303611 ], [ 92.7180917, 12.7294744 ], [ 92.7187167, 12.7261703 ], [ 92.7165638, 12.7191699 ], [ 92.715036, 12.72148 ], [ 92.711039, 12.7206995 ], [ 92.7110397, 12.722539 ], [ 92.7094239, 12.7238368 ], [ 92.7105215, 12.7287901 ], [ 92.7093428, 12.7290797 ], [ 92.7088681, 12.7279228 ], [ 92.7080908, 12.7305626 ], [ 92.7061294, 12.7309339 ], [ 92.7081377, 12.7331299 ], [ 92.7096204, 12.7330887 ], [ 92.7121362, 12.7376619 ], [ 92.7095831, 12.7626644 ], [ 92.7076745, 12.7671763 ], [ 92.7078841, 12.7746092 ], [ 92.7041389, 12.7811533 ], [ 92.6983492, 12.7854099 ], [ 92.6937774, 12.7973607 ], [ 92.6940747, 12.8009484 ], [ 92.6964777, 12.8021512 ], [ 92.6974635, 12.80106 ], [ 92.6984065, 12.8022181 ], [ 92.6972156, 12.8052699 ], [ 92.6991482, 12.8054143 ], [ 92.6994602, 12.810517 ], [ 92.7008973, 12.8109325 ], [ 92.7003041, 12.8138164 ], [ 92.7055931, 12.8184933 ], [ 92.7065503, 12.8295126 ], [ 92.7081718, 12.8300365 ], [ 92.709894, 12.8286666 ] ] ], [ [ [ 92.7192594, 12.7844543 ], [ 92.7237957, 12.762043 ], [ 92.7167218, 12.772197 ], [ 92.7177725, 12.7741854 ], [ 92.7179622, 12.7764589 ], [ 92.7187915, 12.777444 ], [ 92.7185708, 12.778434 ], [ 92.7139107, 12.7791314 ], [ 92.7166199, 12.7829183 ], [ 92.7156774, 12.787086 ], [ 92.7165667, 12.7881886 ], [ 92.7192594, 12.7844543 ] ] ], [ [ [ 92.7170777, 12.7755868 ], [ 92.7148076, 12.7761299 ], [ 92.7147664, 12.7770294 ], [ 92.7168617, 12.7767892 ], [ 92.7170777, 12.7755868 ] ] ], [ [ [ 92.7151328, 12.7838408 ], [ 92.7156575, 12.7831265 ], [ 92.7149299, 12.7831132 ], [ 92.7151328, 12.7838408 ] ] ], [ [ [ 92.7167003, 12.7899925 ], [ 92.7172419, 12.7905542 ], [ 92.7174931, 12.7898487 ], [ 92.7167003, 12.7899925 ] ] ], [ [ [ 92.718738, 12.7910721 ], [ 92.7164173, 12.7950545 ], [ 92.7165853, 12.7952613 ], [ 92.7186045, 12.7939781 ], [ 92.718738, 12.7910721 ] ] ], [ [ [ 92.7204794, 12.7951346 ], [ 92.7221334, 12.7967432 ], [ 92.722511, 12.7965713 ], [ 92.7204794, 12.7951346 ] ] ], [ [ [ 92.7141839, 12.7956653 ], [ 92.7153451, 12.7973825 ], [ 92.7143954, 12.7948336 ], [ 92.7141839, 12.7956653 ] ] ], [ [ [ 92.7152396, 12.7984764 ], [ 92.7156409, 12.8010809 ], [ 92.7163312, 12.798684 ], [ 92.7152396, 12.7984764 ] ] ], [ [ [ 92.715078, 12.8031224 ], [ 92.7158278, 12.8047361 ], [ 92.7164227, 12.8045884 ], [ 92.7162449, 12.8019429 ], [ 92.715078, 12.8031224 ] ] ], [ [ [ 92.7252775, 12.8375754 ], [ 92.7266874, 12.8386868 ], [ 92.7261145, 12.8345106 ], [ 92.7240177, 12.8319982 ], [ 92.7252775, 12.8375754 ] ] ], [ [ [ 92.7260908, 12.8657523 ], [ 92.729042, 12.8617467 ], [ 92.7242706, 12.8534406 ], [ 92.7248643, 12.8519579 ], [ 92.7199675, 12.8403161 ], [ 92.7161878, 12.8336187 ], [ 92.7113093, 12.8320787 ], [ 92.7114299, 12.834307 ], [ 92.708629, 12.8334942 ], [ 92.7070274, 12.8371964 ], [ 92.7102635, 12.8443642 ], [ 92.712055, 12.8432654 ], [ 92.7116239, 12.8484544 ], [ 92.7152371, 12.8532897 ], [ 92.713469, 12.8554055 ], [ 92.7154176, 12.8555225 ], [ 92.716944, 12.8596442 ], [ 92.7232735, 12.8596513 ], [ 92.719501, 12.860335 ], [ 92.7177881, 12.8623604 ], [ 92.7206734, 12.8661608 ], [ 92.7228193, 12.8640268 ], [ 92.7260908, 12.8657523 ] ] ], [ [ [ 92.7283759, 12.8554778 ], [ 92.7293393, 12.8568108 ], [ 92.7312694, 12.8568056 ], [ 92.729472, 12.8548175 ], [ 92.7283759, 12.8554778 ] ] ], [ [ [ 92.7002025, 12.9879901 ], [ 92.703858, 12.9897294 ], [ 92.7066368, 12.9881379 ], [ 92.7099461, 12.9881371 ], [ 92.708632, 12.9867589 ], [ 92.7118755, 12.9832147 ], [ 92.7134246, 12.9844166 ], [ 92.7136916, 12.9835894 ], [ 92.7117231, 12.9824102 ], [ 92.7128562, 12.9803942 ], [ 92.708897, 12.9800471 ], [ 92.708777, 12.9794415 ], [ 92.7100673, 12.9787903 ], [ 92.7099472, 12.9780943 ], [ 92.7105235, 12.9788309 ], [ 92.7090076, 12.9799657 ], [ 92.7132248, 12.9801726 ], [ 92.7120411, 12.9822927 ], [ 92.7139541, 12.9829566 ], [ 92.7187287, 12.9823316 ], [ 92.719695, 12.9782953 ], [ 92.7191309, 12.9618297 ], [ 92.7165499, 12.9492923 ], [ 92.7135984, 12.9434669 ], [ 92.7097791, 12.9460353 ], [ 92.7141143, 12.9427527 ], [ 92.7174462, 12.9434613 ], [ 92.719328, 12.9475015 ], [ 92.7214558, 12.944572 ], [ 92.7197234, 12.9337564 ], [ 92.7205125, 12.924965 ], [ 92.7140377, 12.9228244 ], [ 92.7180692, 12.9218876 ], [ 92.7197641, 12.9199752 ], [ 92.7187394, 12.9154963 ], [ 92.7220106, 12.9035492 ], [ 92.7217009, 12.9009729 ], [ 92.7197098, 12.899274 ], [ 92.7215984, 12.8981435 ], [ 92.7206551, 12.8896011 ], [ 92.71821, 12.8813214 ], [ 92.7156021, 12.8805221 ], [ 92.7128021, 12.8834473 ], [ 92.7073152, 12.8839324 ], [ 92.7058914, 12.8830469 ], [ 92.7038356, 12.8800371 ], [ 92.7040236, 12.8772392 ], [ 92.7030564, 12.8781886 ], [ 92.7020289, 12.8778725 ], [ 92.7016003, 12.8773166 ], [ 92.7041294, 12.8770042 ], [ 92.7058073, 12.8795891 ], [ 92.7048447, 12.8806742 ], [ 92.7057621, 12.8823734 ], [ 92.7088492, 12.8833037 ], [ 92.7116684, 12.8823719 ], [ 92.7127448, 12.8778562 ], [ 92.7171169, 12.8780086 ], [ 92.7187097, 12.8748352 ], [ 92.7137588, 12.8668047 ], [ 92.7138589, 12.8632204 ], [ 92.7085772, 12.8563877 ], [ 92.7027809, 12.8527189 ], [ 92.7014528, 12.8482942 ], [ 92.7030369, 12.8469333 ], [ 92.7029257, 12.8449988 ], [ 92.6995984, 12.8402266 ], [ 92.6912504, 12.8350259 ], [ 92.6828305, 12.8360263 ], [ 92.6786119, 12.8391321 ], [ 92.6765801, 12.8371662 ], [ 92.6747838, 12.8381608 ], [ 92.6751611, 12.8360771 ], [ 92.6710849, 12.8376234 ], [ 92.6781266, 12.8319771 ], [ 92.6760582, 12.8310734 ], [ 92.6737001, 12.8319551 ], [ 92.6767304, 12.8298439 ], [ 92.676596, 12.8261195 ], [ 92.674587, 12.8226439 ], [ 92.6810001, 12.828867 ], [ 92.6836073, 12.8297751 ], [ 92.6868399, 12.8262489 ], [ 92.6855129, 12.824396 ], [ 92.6873549, 12.8230126 ], [ 92.686143, 12.8209607 ], [ 92.6880765, 12.8173264 ], [ 92.6869065, 12.8167073 ], [ 92.6874263, 12.8141038 ], [ 92.6855836, 12.8126893 ], [ 92.6860573, 12.8103705 ], [ 92.6843394, 12.8101674 ], [ 92.683004, 12.8115959 ], [ 92.6820085, 12.8087305 ], [ 92.6765692, 12.8091154 ], [ 92.6746068, 12.8073123 ], [ 92.6752787, 12.8049166 ], [ 92.6676752, 12.782616 ], [ 92.665336, 12.784022 ], [ 92.6666175, 12.791082 ], [ 92.6633938, 12.7917016 ], [ 92.6635138, 12.7932926 ], [ 92.6577021, 12.7953225 ], [ 92.6591762, 12.7974829 ], [ 92.6608615, 12.795946 ], [ 92.6625104, 12.7963572 ], [ 92.6653771, 12.807937 ], [ 92.6639225, 12.8126786 ], [ 92.6596952, 12.8181842 ], [ 92.659784, 12.8266365 ], [ 92.6541519, 12.8345287 ], [ 92.6499293, 12.8458333 ], [ 92.6496539, 12.853603 ], [ 92.6469737, 12.8616531 ], [ 92.6487657, 12.8615988 ], [ 92.6500784, 12.8599445 ], [ 92.649577, 12.8663583 ], [ 92.6529724, 12.867565 ], [ 92.6631558, 12.8814902 ], [ 92.66541, 12.88921 ], [ 92.6641807, 12.8936125 ], [ 92.6662039, 12.8968531 ], [ 92.6647166, 12.9022862 ], [ 92.668288, 12.9055944 ], [ 92.6695883, 12.910191 ], [ 92.6684057, 12.9184942 ], [ 92.6693972, 12.923014 ], [ 92.6736562, 12.9292329 ], [ 92.6717995, 12.9307426 ], [ 92.6739335, 12.933269 ], [ 92.6735006, 12.9344532 ], [ 92.6755326, 12.9338609 ], [ 92.6762113, 12.940193 ], [ 92.6789951, 12.9421949 ], [ 92.6775575, 12.9429454 ], [ 92.6790053, 12.9465565 ], [ 92.677531, 12.9481521 ], [ 92.6794896, 12.9485361 ], [ 92.6782271, 12.9492639 ], [ 92.6771254, 12.9477951 ], [ 92.676066, 12.9498923 ], [ 92.6715959, 12.950173 ], [ 92.6689566, 12.9569347 ], [ 92.6680626, 12.9571969 ], [ 92.6691827, 12.9587968 ], [ 92.6697141, 12.9661052 ], [ 92.6790166, 12.9761833 ], [ 92.6786161, 12.9783031 ], [ 92.680188, 12.9793017 ], [ 92.6809031, 12.9825061 ], [ 92.6856931, 12.9875043 ], [ 92.6869329, 12.9874364 ], [ 92.6876296, 12.9902023 ], [ 92.6927923, 12.992249 ], [ 92.7002025, 12.9879901 ] ] ], [ [ [ 92.6730522, 12.9332994 ], [ 92.6734761, 12.9330327 ], [ 92.6729508, 12.9329333 ], [ 92.6730522, 12.9332994 ] ] ], [ [ [ 92.6720569, 12.9332225 ], [ 92.6725545, 12.9332315 ], [ 92.6721537, 12.932766 ], [ 92.6720569, 12.9332225 ] ] ], [ [ [ 92.6765585, 12.9472437 ], [ 92.6775677, 12.9471758 ], [ 92.6770145, 12.9464527 ], [ 92.6765585, 12.9472437 ] ] ], [ [ [ 92.672052, 12.9496803 ], [ 92.6704434, 12.9478183 ], [ 92.6694297, 12.9487404 ], [ 92.669665, 12.9499019 ], [ 92.672052, 12.9496803 ] ] ], [ [ [ 92.6755543, 12.94935 ], [ 92.6728122, 12.9484328 ], [ 92.6721671, 12.9488532 ], [ 92.6755543, 12.94935 ] ] ], [ [ [ 92.6682593, 12.9494953 ], [ 92.6664345, 12.9501101 ], [ 92.6662688, 12.9510457 ], [ 92.668361, 12.9508828 ], [ 92.6682593, 12.9494953 ] ] ], [ [ [ 92.6689093, 12.9506206 ], [ 92.6694211, 12.951868 ], [ 92.6708497, 12.9518227 ], [ 92.6704023, 12.9501324 ], [ 92.6689093, 12.9506206 ] ] ], [ [ [ 92.6678634, 12.9514343 ], [ 92.6675962, 12.9522162 ], [ 92.6682183, 12.9516421 ], [ 92.6678634, 12.9514343 ] ] ], [ [ [ 92.6693705, 12.9522161 ], [ 92.6694812, 12.9532059 ], [ 92.6699789, 12.9528036 ], [ 92.6693705, 12.9522161 ] ] ], [ [ [ 92.6685549, 12.9527359 ], [ 92.6667024, 12.9535722 ], [ 92.6686615, 12.9560308 ], [ 92.6693154, 12.9537392 ], [ 92.6685549, 12.9527359 ] ] ], [ [ [ 92.7040102, 13.0956903 ], [ 92.7179416, 13.099184 ], [ 92.7204123, 13.0969774 ], [ 92.7180731, 13.0935703 ], [ 92.7114508, 13.0910234 ], [ 92.7081112, 13.0874629 ], [ 92.7030136, 13.0795683 ], [ 92.7060493, 13.0709434 ], [ 92.7040202, 13.0695881 ], [ 92.7006499, 13.0698241 ], [ 92.6975803, 13.0733731 ], [ 92.6938968, 13.0910875 ], [ 92.6944608, 13.0961044 ], [ 92.6993034, 13.0992986 ], [ 92.7040102, 13.0956903 ] ] ], [ [ [ 92.7271283, 13.0913475 ], [ 92.7290897, 13.095383 ], [ 92.7313631, 13.0957753 ], [ 92.7278701, 13.0899958 ], [ 92.7271283, 13.0913475 ] ] ], [ [ [ 92.7842006, 12.0729968 ], [ 92.7868824, 12.0777048 ], [ 92.7873486, 12.0778473 ], [ 92.7864234, 12.0748526 ], [ 92.7842006, 12.0729968 ] ] ], [ [ [ 92.7992765, 12.07538 ], [ 92.7984498, 12.0760942 ], [ 92.7985486, 12.0766344 ], [ 92.7992765, 12.07538 ] ] ], [ [ [ 92.7919047, 12.0788783 ], [ 92.7920011, 12.0787314 ], [ 92.7919139, 12.0786974 ], [ 92.7919047, 12.0788783 ] ] ], [ [ [ 92.7915947, 12.0790614 ], [ 92.7917531, 12.0788873 ], [ 92.7916751, 12.0787313 ], [ 92.7915947, 12.0790614 ] ] ], [ [ [ 92.7910481, 12.0790794 ], [ 92.7911973, 12.0791132 ], [ 92.7910665, 12.0789912 ], [ 92.7910481, 12.0790794 ] ] ], [ [ [ 92.799517, 12.0901408 ], [ 92.7990233, 12.0892323 ], [ 92.7988602, 12.0897046 ], [ 92.799517, 12.0901408 ] ] ], [ [ [ 92.754323, 12.1433477 ], [ 92.754384, 12.1474904 ], [ 92.7566992, 12.1489759 ], [ 92.7563182, 12.1473439 ], [ 92.7577173, 12.1461283 ], [ 92.7556547, 12.1457754 ], [ 92.754323, 12.1433477 ] ] ], [ [ [ 92.7589762, 12.1697759 ], [ 92.7586359, 12.1712404 ], [ 92.7596257, 12.172617 ], [ 92.7601245, 12.171148 ], [ 92.7589762, 12.1697759 ] ] ], [ [ [ 92.7555463, 12.1808542 ], [ 92.7613267, 12.1796415 ], [ 92.7607558, 12.1734737 ], [ 92.7599377, 12.1745178 ], [ 92.7581781, 12.1741015 ], [ 92.7586895, 12.1786716 ], [ 92.7558337, 12.1795411 ], [ 92.7555463, 12.1808542 ] ] ], [ [ [ 92.8100089, 12.313318 ], [ 92.8237995, 12.3053307 ], [ 92.8289411, 12.2993246 ], [ 92.8327262, 12.3007625 ], [ 92.8346703, 12.2976638 ], [ 92.8326983, 12.2968119 ], [ 92.8310157, 12.2938739 ], [ 92.832121, 12.2920161 ], [ 92.8315512, 12.2939055 ], [ 92.8335577, 12.2948095 ], [ 92.8328775, 12.2965475 ], [ 92.8351933, 12.2972741 ], [ 92.8340729, 12.2997838 ], [ 92.8364222, 12.3031873 ], [ 92.8426211, 12.3033855 ], [ 92.8439355, 12.3007478 ], [ 92.8406277, 12.2974418 ], [ 92.8428849, 12.2994462 ], [ 92.8442661, 12.2981759 ], [ 92.8436569, 12.2972109 ], [ 92.8440176, 12.2962887 ], [ 92.8451462, 12.2975068 ], [ 92.8432595, 12.29941 ], [ 92.8444342, 12.3008291 ], [ 92.8427108, 12.3042556 ], [ 92.8469972, 12.3036585 ], [ 92.8498413, 12.2942449 ], [ 92.8531597, 12.2918171 ], [ 92.8519184, 12.2901991 ], [ 92.8518122, 12.2874034 ], [ 92.8513917, 12.2877809 ], [ 92.8507711, 12.2877064 ], [ 92.8503158, 12.2855865 ], [ 92.8513773, 12.2835794 ], [ 92.8503844, 12.2832744 ], [ 92.8512233, 12.2829647 ], [ 92.8516393, 12.2837489 ], [ 92.8510102, 12.2875526 ], [ 92.8522486, 12.2853354 ], [ 92.8548483, 12.2879227 ], [ 92.8541862, 12.2862866 ], [ 92.8541767, 12.2845079 ], [ 92.8560082, 12.2835267 ], [ 92.8537533, 12.2812241 ], [ 92.8547232, 12.2813301 ], [ 92.8560748, 12.2831583 ], [ 92.8561416, 12.2837843 ], [ 92.854402, 12.2845507 ], [ 92.8550872, 12.2869892 ], [ 92.8549725, 12.288047 ], [ 92.8547289, 12.288386 ], [ 92.8522395, 12.2855998 ], [ 92.8520838, 12.2901177 ], [ 92.8533758, 12.2921244 ], [ 92.8501908, 12.2952731 ], [ 92.8483643, 12.2995517 ], [ 92.8490012, 12.3020513 ], [ 92.8523157, 12.3032939 ], [ 92.8544895, 12.3000684 ], [ 92.8524721, 12.3035967 ], [ 92.8552373, 12.305167 ], [ 92.8575012, 12.3045722 ], [ 92.8579813, 12.3030715 ], [ 92.8601029, 12.3039932 ], [ 92.8655334, 12.3011105 ], [ 92.867569, 12.3024072 ], [ 92.8684454, 12.3009156 ], [ 92.8722264, 12.3017058 ], [ 92.8721641, 12.3004379 ], [ 92.8697114, 12.2990237 ], [ 92.8715195, 12.2953936 ], [ 92.8690487, 12.2953082 ], [ 92.866003, 12.2931664 ], [ 92.8651958, 12.291146 ], [ 92.8665632, 12.290305 ], [ 92.865733, 12.2879953 ], [ 92.8637496, 12.2880161 ], [ 92.8634414, 12.2867822 ], [ 92.8658018, 12.2874304 ], [ 92.8668274, 12.2901897 ], [ 92.8655222, 12.291381 ], [ 92.8665155, 12.2931866 ], [ 92.870292, 12.2947227 ], [ 92.8677358, 12.2923863 ], [ 92.8678571, 12.2902866 ], [ 92.8722819, 12.2919898 ], [ 92.8730897, 12.2876326 ], [ 92.8767969, 12.2871204 ], [ 92.8762027, 12.2824465 ], [ 92.875189, 12.2832485 ], [ 92.8743456, 12.2832439 ], [ 92.8743759, 12.2816957 ], [ 92.8722265, 12.2808629 ], [ 92.8740956, 12.2810877 ], [ 92.8748814, 12.2818743 ], [ 92.8747731, 12.2830789 ], [ 92.8763223, 12.2821188 ], [ 92.8776502, 12.2840762 ], [ 92.8804823, 12.2811975 ], [ 92.8803124, 12.2803183 ], [ 92.8791332, 12.2816379 ], [ 92.8784492, 12.2772781 ], [ 92.8815019, 12.2739541 ], [ 92.8819753, 12.2627624 ], [ 92.8833588, 12.2626474 ], [ 92.8847047, 12.2665531 ], [ 92.8837963, 12.2696108 ], [ 92.88509, 12.2704744 ], [ 92.8868136, 12.2707933 ], [ 92.8866416, 12.2684361 ], [ 92.8899093, 12.2693745 ], [ 92.8912635, 12.2664368 ], [ 92.8898553, 12.2632565 ], [ 92.8860356, 12.2647159 ], [ 92.8856318, 12.2616105 ], [ 92.8873896, 12.2624492 ], [ 92.8895316, 12.2613377 ], [ 92.8883605, 12.2565394 ], [ 92.8866135, 12.2587449 ], [ 92.8824604, 12.2575791 ], [ 92.8814276, 12.2552182 ], [ 92.8752494, 12.2506067 ], [ 92.869632, 12.2509704 ], [ 92.8692624, 12.2528482 ], [ 92.8669625, 12.2549936 ], [ 92.868121, 12.2563064 ], [ 92.8681189, 12.2572556 ], [ 92.8666758, 12.2576583 ], [ 92.8666412, 12.2567587 ], [ 92.8642469, 12.2583074 ], [ 92.8632018, 12.2604931 ], [ 92.8650931, 12.2603458 ], [ 92.8656586, 12.2611118 ], [ 92.8637375, 12.2614195 ], [ 92.864604, 12.2625155 ], [ 92.8629658, 12.2635691 ], [ 92.8618694, 12.2625432 ], [ 92.8619591, 12.2635669 ], [ 92.8615774, 12.2625184 ], [ 92.8622026, 12.2623827 ], [ 92.8630851, 12.2628299 ], [ 92.8633191, 12.2613496 ], [ 92.8654861, 12.2609446 ], [ 92.8632915, 12.2607529 ], [ 92.8614046, 12.2596662 ], [ 92.8621609, 12.2614311 ], [ 92.8610185, 12.2596753 ], [ 92.8667261, 12.2563429 ], [ 92.8677582, 12.257319 ], [ 92.8664823, 12.2548806 ], [ 92.8690094, 12.2516934 ], [ 92.8647996, 12.252257 ], [ 92.8584176, 12.2491125 ], [ 92.8594814, 12.248301 ], [ 92.8578653, 12.2444976 ], [ 92.8608242, 12.2407227 ], [ 92.8614876, 12.2367019 ], [ 92.8669601, 12.2323163 ], [ 92.8650139, 12.2324975 ], [ 92.8634743, 12.2319034 ], [ 92.8667878, 12.2320406 ], [ 92.8678828, 12.2275473 ], [ 92.8714996, 12.2254595 ], [ 92.8735809, 12.2122889 ], [ 92.8704944, 12.2127523 ], [ 92.8691566, 12.2101309 ], [ 92.8682443, 12.20927 ], [ 92.8677504, 12.2100295 ], [ 92.8690418, 12.2105151 ], [ 92.8689684, 12.2110011 ], [ 92.8671971, 12.2119507 ], [ 92.8645014, 12.2087893 ], [ 92.8672683, 12.2117857 ], [ 92.8687983, 12.2109649 ], [ 92.8675436, 12.209851 ], [ 92.8686371, 12.2088609 ], [ 92.8708872, 12.2125194 ], [ 92.8732922, 12.2088716 ], [ 92.8735966, 12.2043334 ], [ 92.878578, 12.2026711 ], [ 92.8816636, 12.2031735 ], [ 92.8828617, 12.1976772 ], [ 92.8803078, 12.1934435 ], [ 92.8745644, 12.1922965 ], [ 92.871878, 12.1946962 ], [ 92.8674046, 12.193436 ], [ 92.865395, 12.1967881 ], [ 92.861347, 12.1975167 ], [ 92.8620691, 12.2008796 ], [ 92.8558933, 12.2008467 ], [ 92.8531644, 12.2043321 ], [ 92.8457585, 12.1976795 ], [ 92.8445976, 12.2018953 ], [ 92.8423518, 12.2017955 ], [ 92.8399668, 12.1999312 ], [ 92.8364679, 12.2025419 ], [ 92.8275627, 12.2030014 ], [ 92.829084, 12.2084775 ], [ 92.8332401, 12.2058872 ], [ 92.8349064, 12.2114604 ], [ 92.8320551, 12.2129116 ], [ 92.8331811, 12.2143805 ], [ 92.8356877, 12.213074 ], [ 92.8384242, 12.2130308 ], [ 92.8398509, 12.212147 ], [ 92.8405333, 12.2123322 ], [ 92.8405082, 12.2135436 ], [ 92.8398189, 12.21445 ], [ 92.8364138, 12.2143418 ], [ 92.8381532, 12.2152435 ], [ 92.8400582, 12.217083 ], [ 92.8406764, 12.2181045 ], [ 92.8405869, 12.2193905 ], [ 92.839229, 12.2192143 ], [ 92.8384843, 12.2169701 ], [ 92.8362236, 12.2192688 ], [ 92.8346243, 12.218218 ], [ 92.8348657, 12.2191311 ], [ 92.8333907, 12.2203404 ], [ 92.8318419, 12.2190228 ], [ 92.8292778, 12.2198389 ], [ 92.8289125, 12.2211136 ], [ 92.8273778, 12.2227365 ], [ 92.8241587, 12.2236769 ], [ 92.823929, 12.2250013 ], [ 92.8217117, 12.2248115 ], [ 92.8207306, 12.2270038 ], [ 92.818704, 12.2275011 ], [ 92.819382, 12.2301883 ], [ 92.8173922, 12.2329615 ], [ 92.8128218, 12.2327649 ], [ 92.8107813, 12.233974 ], [ 92.8069831, 12.2322609 ], [ 92.805917, 12.2310743 ], [ 92.8050645, 12.2320031 ], [ 92.8026219, 12.2326449 ], [ 92.8057239, 12.2307647 ], [ 92.8100483, 12.233461 ], [ 92.8123071, 12.2325299 ], [ 92.8166752, 12.2324416 ], [ 92.8189661, 12.2303148 ], [ 92.8182927, 12.2273858 ], [ 92.8203676, 12.2267913 ], [ 92.8215439, 12.2240905 ], [ 92.8235453, 12.224721 ], [ 92.8239726, 12.2234734 ], [ 92.8252179, 12.2226891 ], [ 92.8273272, 12.222515 ], [ 92.8292524, 12.2196039 ], [ 92.8318511, 12.2188692 ], [ 92.8334251, 12.2200555 ], [ 92.8344957, 12.2179966 ], [ 92.8363339, 12.2188259 ], [ 92.838374, 12.216708 ], [ 92.8404651, 12.2190899 ], [ 92.8395986, 12.2169542 ], [ 92.8360692, 12.2143283 ], [ 92.8399361, 12.2141516 ], [ 92.8402691, 12.2124453 ], [ 92.8335189, 12.2147918 ], [ 92.8328043, 12.2145252 ], [ 92.8316599, 12.2128799 ], [ 92.8345203, 12.211083 ], [ 92.8330012, 12.2064047 ], [ 92.8286935, 12.2087352 ], [ 92.8267654, 12.2030037 ], [ 92.8365299, 12.2020425 ], [ 92.8393578, 12.1995131 ], [ 92.8428802, 12.2014542 ], [ 92.8447204, 12.2008053 ], [ 92.8446763, 12.1977113 ], [ 92.8470012, 12.1963323 ], [ 92.8471549, 12.193844 ], [ 92.8445948, 12.1882393 ], [ 92.8400204, 12.1852632 ], [ 92.8431465, 12.186193 ], [ 92.8461504, 12.1898166 ], [ 92.8475333, 12.1893486 ], [ 92.8518919, 12.1917979 ], [ 92.854141, 12.1910337 ], [ 92.855225, 12.1888526 ], [ 92.8542852, 12.1873768 ], [ 92.8566008, 12.1864318 ], [ 92.8553805, 12.1842938 ], [ 92.8516197, 12.1842967 ], [ 92.854863, 12.1806643 ], [ 92.8521746, 12.1774848 ], [ 92.854519, 12.1706431 ], [ 92.8501561, 12.1674389 ], [ 92.850018, 12.165041 ], [ 92.8539094, 12.1652778 ], [ 92.854837, 12.1617903 ], [ 92.8458739, 12.147727 ], [ 92.8444634, 12.1474537 ], [ 92.8427477, 12.1489199 ], [ 92.8445948, 12.1512438 ], [ 92.8458544, 12.1576691 ], [ 92.8441132, 12.1578795 ], [ 92.8438607, 12.1595543 ], [ 92.8387037, 12.1598509 ], [ 92.8363424, 12.1621293 ], [ 92.8366551, 12.1656324 ], [ 92.8351414, 12.1669208 ], [ 92.8296165, 12.1665551 ], [ 92.8272754, 12.1634589 ], [ 92.8244569, 12.1664243 ], [ 92.8242066, 12.1689308 ], [ 92.821172, 12.1708859 ], [ 92.8229848, 12.1757201 ], [ 92.8223853, 12.1781384 ], [ 92.822739, 12.1756614 ], [ 92.8207654, 12.170852 ], [ 92.823545, 12.1686845 ], [ 92.8238872, 12.1668063 ], [ 92.8212384, 12.1645079 ], [ 92.8223548, 12.1640016 ], [ 92.8223731, 12.160946 ], [ 92.8207742, 12.1597595 ], [ 92.8172298, 12.1637237 ], [ 92.8075655, 12.1600738 ], [ 92.8076459, 12.1618592 ], [ 92.8033226, 12.1633349 ], [ 92.8020636, 12.1653261 ], [ 92.8038899, 12.1645848 ], [ 92.8039311, 12.1676066 ], [ 92.805298, 12.1684812 ], [ 92.8037542, 12.1693242 ], [ 92.8067705, 12.1711595 ], [ 92.8055414, 12.1715618 ], [ 92.8034211, 12.1694395 ], [ 92.8046088, 12.1682235 ], [ 92.8030168, 12.1691841 ], [ 92.8022702, 12.1708317 ], [ 92.8010939, 12.1705852 ], [ 92.8010802, 12.1683771 ], [ 92.8036854, 12.1675478 ], [ 92.8038417, 12.165247 ], [ 92.8021394, 12.1659408 ], [ 92.801781, 12.1656108 ], [ 92.8023255, 12.1642751 ], [ 92.8037912, 12.1625936 ], [ 92.8070555, 12.1617553 ], [ 92.8071336, 12.1599449 ], [ 92.8114661, 12.1602772 ], [ 92.8172252, 12.1631203 ], [ 92.8200368, 12.1590905 ], [ 92.8267696, 12.1558538 ], [ 92.8247767, 12.1512522 ], [ 92.8211621, 12.1498512 ], [ 92.8187431, 12.1452949 ], [ 92.820181, 12.1423725 ], [ 92.8221036, 12.1424335 ], [ 92.8217452, 12.1407339 ], [ 92.8187866, 12.1380197 ], [ 92.8153319, 12.1385508 ], [ 92.8181822, 12.1275577 ], [ 92.8164158, 12.1246144 ], [ 92.8145462, 12.1273159 ], [ 92.8113306, 12.1272052 ], [ 92.8053516, 12.1311083 ], [ 92.8014928, 12.1319919 ], [ 92.8030622, 12.1306765 ], [ 92.8028737, 12.1262883 ], [ 92.8075798, 12.1239793 ], [ 92.8123067, 12.1188669 ], [ 92.8135952, 12.1153751 ], [ 92.8170955, 12.1149772 ], [ 92.8181956, 12.1136483 ], [ 92.8145735, 12.1053425 ], [ 92.8131725, 12.1051526 ], [ 92.8114546, 12.1069178 ], [ 92.8088685, 12.1029264 ], [ 92.8034355, 12.1040544 ], [ 92.7981589, 12.1083097 ], [ 92.797596, 12.1114964 ], [ 92.7995688, 12.1139239 ], [ 92.7970471, 12.111345 ], [ 92.7978994, 12.1070102 ], [ 92.793049, 12.1034705 ], [ 92.7930925, 12.1052832 ], [ 92.7873279, 12.1034113 ], [ 92.7843695, 12.1061435 ], [ 92.7836254, 12.1060305 ], [ 92.7864413, 12.1038339 ], [ 92.7872523, 12.1009636 ], [ 92.7993629, 12.0957843 ], [ 92.8006353, 12.0933434 ], [ 92.7966738, 12.092342 ], [ 92.7951421, 12.0895303 ], [ 92.795489, 12.0863007 ], [ 92.7927263, 12.0875141 ], [ 92.7913071, 12.0867208 ], [ 92.7926509, 12.08103 ], [ 92.7918955, 12.0791224 ], [ 92.7881889, 12.0804081 ], [ 92.7879502, 12.0787695 ], [ 92.78516, 12.0783036 ], [ 92.7810376, 12.0800322 ], [ 92.777681, 12.0736764 ], [ 92.7719354, 12.0726405 ], [ 92.7717646, 12.0714845 ], [ 92.7732787, 12.0708887 ], [ 92.7710681, 12.0676026 ], [ 92.7672401, 12.0673693 ], [ 92.763445, 12.0632235 ], [ 92.7574614, 12.0709633 ], [ 92.7572498, 12.0728008 ], [ 92.7595754, 12.0764671 ], [ 92.759683, 12.0781057 ], [ 92.7579636, 12.0750158 ], [ 92.7520458, 12.0744021 ], [ 92.7546266, 12.0760413 ], [ 92.7558062, 12.0795628 ], [ 92.7581689, 12.0813894 ], [ 92.7600649, 12.086762 ], [ 92.7591941, 12.0882467 ], [ 92.7603606, 12.0890673 ], [ 92.7592871, 12.0904499 ], [ 92.7606336, 12.0909523 ], [ 92.7616214, 12.0897547 ], [ 92.7637571, 12.0901415 ], [ 92.7635269, 12.0930276 ], [ 92.7648242, 12.0949105 ], [ 92.7633133, 12.0931586 ], [ 92.763385, 12.090155 ], [ 92.7614353, 12.0903151 ], [ 92.7617105, 12.0917955 ], [ 92.7588215, 12.0915712 ], [ 92.7591335, 12.0928257 ], [ 92.7606813, 12.0929006 ], [ 92.7603296, 12.0953504 ], [ 92.7622244, 12.0952106 ], [ 92.7625688, 12.0956537 ], [ 92.7623435, 12.096639 ], [ 92.7637789, 12.096619 ], [ 92.7633558, 12.099618 ], [ 92.7623427, 12.1007863 ], [ 92.7618378, 12.0988425 ], [ 92.7631171, 12.0987117 ], [ 92.7623457, 12.0972334 ], [ 92.7635653, 12.096793 ], [ 92.7617876, 12.0970118 ], [ 92.7623253, 12.09557 ], [ 92.7599988, 12.0954272 ], [ 92.7604908, 12.0930746 ], [ 92.7589451, 12.0931873 ], [ 92.7577652, 12.0909382 ], [ 92.7593827, 12.0867528 ], [ 92.7578405, 12.0814978 ], [ 92.7553125, 12.0796033 ], [ 92.754041, 12.0758536 ], [ 92.7523832, 12.0750396 ], [ 92.7540179, 12.0767689 ], [ 92.7542146, 12.0803625 ], [ 92.7531775, 12.0759867 ], [ 92.7506219, 12.0744561 ], [ 92.7489397, 12.0763103 ], [ 92.7490642, 12.0750267 ], [ 92.7472115, 12.0741263 ], [ 92.7423208, 12.0757015 ], [ 92.7392269, 12.0796941 ], [ 92.7408722, 12.0820213 ], [ 92.7430486, 12.0805377 ], [ 92.7410608, 12.0827444 ], [ 92.7387728, 12.0813125 ], [ 92.7377693, 12.0975404 ], [ 92.7441012, 12.1131866 ], [ 92.7458426, 12.1241926 ], [ 92.7482635, 12.1275419 ], [ 92.7523293, 12.1390943 ], [ 92.754619, 12.140869 ], [ 92.7560287, 12.1445261 ], [ 92.7582474, 12.1456679 ], [ 92.7566704, 12.151494 ], [ 92.7587484, 12.1596551 ], [ 92.7634588, 12.1652406 ], [ 92.7607298, 12.1654413 ], [ 92.7607315, 12.1683908 ], [ 92.7644332, 12.1764712 ], [ 92.7642577, 12.1818299 ], [ 92.766566, 12.1851029 ], [ 92.7675025, 12.1896729 ], [ 92.7655574, 12.1927081 ], [ 92.768778, 12.2012673 ], [ 92.7639794, 12.2090119 ], [ 92.7636158, 12.2125331 ], [ 92.7662978, 12.2218789 ], [ 92.7686186, 12.2215786 ], [ 92.7668651, 12.2236916 ], [ 92.7678706, 12.2286255 ], [ 92.7698786, 12.2308656 ], [ 92.7681754, 12.2341741 ], [ 92.7689718, 12.239578 ], [ 92.7708075, 12.2415739 ], [ 92.7648477, 12.2369375 ], [ 92.766398, 12.2411122 ], [ 92.7662391, 12.242979 ], [ 92.7693138, 12.2424755 ], [ 92.76981, 12.2430293 ], [ 92.7696698, 12.2437186 ], [ 92.7684196, 12.2442088 ], [ 92.7684768, 12.2462226 ], [ 92.7680956, 12.2441907 ], [ 92.7694218, 12.2429094 ], [ 92.7659518, 12.2432615 ], [ 92.7659132, 12.2407889 ], [ 92.7619923, 12.2325977 ], [ 92.758874, 12.2332051 ], [ 92.759944, 12.2371492 ], [ 92.7572538, 12.2343484 ], [ 92.7500002, 12.2324334 ], [ 92.7472894, 12.2333042 ], [ 92.7464263, 12.2351172 ], [ 92.7471977, 12.2437729 ], [ 92.7438206, 12.2455011 ], [ 92.7417612, 12.244155 ], [ 92.7411367, 12.2453757 ], [ 92.7428997, 12.2473499 ], [ 92.7428484, 12.2513912 ], [ 92.7482398, 12.2624818 ], [ 92.7477674, 12.2668543 ], [ 92.7493884, 12.2740898 ], [ 92.752029, 12.2738418 ], [ 92.7530844, 12.2713242 ], [ 92.7564217, 12.2692615 ], [ 92.7564524, 12.2650691 ], [ 92.7586443, 12.2677206 ], [ 92.7633516, 12.2631222 ], [ 92.7660831, 12.2683524 ], [ 92.7708994, 12.2723807 ], [ 92.7740053, 12.2802846 ], [ 92.7749557, 12.2800277 ], [ 92.7748011, 12.2756922 ], [ 92.7768162, 12.2788589 ], [ 92.7780734, 12.2778397 ], [ 92.7774048, 12.2766825 ], [ 92.779531, 12.2741378 ], [ 92.7777729, 12.2736404 ], [ 92.777996, 12.272463 ], [ 92.7796872, 12.2739752 ], [ 92.7777841, 12.2765989 ], [ 92.7784251, 12.277686 ], [ 92.7776572, 12.2797132 ], [ 92.7788611, 12.2832776 ], [ 92.7812492, 12.281081 ], [ 92.7838876, 12.2806813 ], [ 92.7843336, 12.278993 ], [ 92.7858916, 12.2804554 ], [ 92.787682, 12.2802409 ], [ 92.7858686, 12.2806883 ], [ 92.7847196, 12.2795015 ], [ 92.7838416, 12.2810587 ], [ 92.781803, 12.2811331 ], [ 92.7796908, 12.2831466 ], [ 92.7813934, 12.2866431 ], [ 92.778895, 12.2884214 ], [ 92.7784602, 12.2911244 ], [ 92.7738288, 12.2935105 ], [ 92.774132, 12.2950315 ], [ 92.7772254, 12.2954252 ], [ 92.7753791, 12.3011858 ], [ 92.77189, 12.3019787 ], [ 92.7699832, 12.2965113 ], [ 92.7686477, 12.2976818 ], [ 92.7669493, 12.2971956 ], [ 92.7685838, 12.3088759 ], [ 92.7708886, 12.3131207 ], [ 92.7766513, 12.3097585 ], [ 92.7846223, 12.3106815 ], [ 92.7897872, 12.3076286 ], [ 92.7908608, 12.3042815 ], [ 92.7950049, 12.3035902 ], [ 92.8007668, 12.3082485 ], [ 92.8020952, 12.3115732 ], [ 92.8100089, 12.313318 ] ] ], [ [ [ 92.7642623, 12.2656047 ], [ 92.761847, 12.2676177 ], [ 92.7614073, 12.271297 ], [ 92.7582913, 12.2693685 ], [ 92.7573323, 12.2723877 ], [ 92.7554132, 12.2727105 ], [ 92.7522084, 12.2778739 ], [ 92.7539195, 12.2832714 ], [ 92.7560336, 12.2845488 ], [ 92.7602356, 12.2933121 ], [ 92.7621823, 12.2940944 ], [ 92.7652118, 12.2926938 ], [ 92.7638288, 12.288682 ], [ 92.7673345, 12.2849965 ], [ 92.7668168, 12.2747154 ], [ 92.7642623, 12.2656047 ] ] ], [ [ [ 92.7659455, 12.2895728 ], [ 92.7688591, 12.2945094 ], [ 92.7700795, 12.2950023 ], [ 92.7710703, 12.2935673 ], [ 92.7684165, 12.2886309 ], [ 92.7659455, 12.2895728 ] ] ], [ [ [ 92.7515076, 12.2926138 ], [ 92.7523048, 12.2943293 ], [ 92.7531621, 12.2941148 ], [ 92.7515076, 12.2926138 ] ] ], [ [ [ 92.7629563, 12.2968248 ], [ 92.76459, 12.2994988 ], [ 92.7649763, 12.2994017 ], [ 92.7643745, 12.2967278 ], [ 92.7629563, 12.2968248 ] ] ], [ [ [ 92.7794158, 12.6485568 ], [ 92.7809904, 12.6558368 ], [ 92.7817985, 12.6476074 ], [ 92.780582, 12.6461365 ], [ 92.7794158, 12.6485568 ] ] ], [ [ [ 92.772854, 12.6736619 ], [ 92.7808454, 12.6876363 ], [ 92.7819915, 12.6882424 ], [ 92.7753764, 12.6744901 ], [ 92.772854, 12.6736619 ] ] ], [ [ [ 92.7822766, 12.714936 ], [ 92.7838937, 12.7133919 ], [ 92.7810464, 12.7116064 ], [ 92.7772858, 12.7157803 ], [ 92.7769996, 12.7179136 ], [ 92.7806694, 12.717201 ], [ 92.7824712, 12.7187199 ], [ 92.7822766, 12.714936 ] ] ], [ [ [ 92.7819705, 12.7186946 ], [ 92.7807638, 12.7187366 ], [ 92.7819052, 12.7190341 ], [ 92.7819705, 12.7186946 ] ] ], [ [ [ 92.780003, 12.8598371 ], [ 92.7807893, 12.8400737 ], [ 92.7850691, 12.8325684 ], [ 92.7839753, 12.8246992 ], [ 92.7808452, 12.8254471 ], [ 92.7737487, 12.8308684 ], [ 92.7727835, 12.833239 ], [ 92.7745334, 12.8417932 ], [ 92.7706013, 12.8455648 ], [ 92.7681731, 12.8502948 ], [ 92.7678486, 12.8527654 ], [ 92.7699369, 12.8585325 ], [ 92.7680338, 12.862076 ], [ 92.7702059, 12.8635701 ], [ 92.7725372, 12.8623295 ], [ 92.7728207, 12.8589011 ], [ 92.7735925, 12.857778 ], [ 92.7732951, 12.8610368 ], [ 92.7767525, 12.8639547 ], [ 92.7786253, 12.8631863 ], [ 92.780003, 12.8598371 ] ] ], [ [ [ 92.7656165, 12.8492142 ], [ 92.7650582, 12.8475595 ], [ 92.7658157, 12.8372771 ], [ 92.7652585, 12.8360612 ], [ 92.7614853, 12.842768 ], [ 92.7568894, 12.8456379 ], [ 92.7584851, 12.8498462 ], [ 92.7575681, 12.8514665 ], [ 92.7581776, 12.8579369 ], [ 92.7594374, 12.8595598 ], [ 92.7615366, 12.853849 ], [ 92.7656165, 12.8492142 ] ] ], [ [ [ 92.7644468, 12.8663877 ], [ 92.7656682, 12.8613842 ], [ 92.7653371, 12.8552732 ], [ 92.7626009, 12.8555423 ], [ 92.7619222, 12.865427 ], [ 92.7602472, 12.8683444 ], [ 92.7650289, 12.8729552 ], [ 92.7644468, 12.8663877 ] ] ], [ [ [ 92.7591678, 12.8781557 ], [ 92.7581015, 12.8762639 ], [ 92.7558604, 12.8763342 ], [ 92.7566336, 12.8791858 ], [ 92.7591678, 12.8781557 ] ] ], [ [ [ 92.8318125, 12.885263 ], [ 92.8314164, 12.8857106 ], [ 92.8321674, 12.8856652 ], [ 92.8318125, 12.885263 ] ] ], [ [ [ 92.8305662, 12.8854824 ], [ 92.8310339, 12.8857288 ], [ 92.831156, 12.8853468 ], [ 92.8305662, 12.8854824 ] ] ], [ [ [ 92.791419, 12.8913604 ], [ 92.7900783, 12.8898056 ], [ 92.788104, 12.883098 ], [ 92.7844504, 12.8823905 ], [ 92.7816951, 12.8839204 ], [ 92.7807805, 12.8857961 ], [ 92.7822018, 12.8871544 ], [ 92.7816095, 12.8922597 ], [ 92.7878228, 12.8933175 ], [ 92.791419, 12.8913604 ] ] ], [ [ [ 92.756319, 12.9088098 ], [ 92.7554569, 12.8926441 ], [ 92.7526743, 12.889586 ], [ 92.7521097, 12.8912131 ], [ 92.7487351, 12.8912627 ], [ 92.7480469, 12.894598 ], [ 92.7495475, 12.897243 ], [ 92.7523697, 12.8938528 ], [ 92.7521856, 12.892316 ], [ 92.7532567, 12.8935817 ], [ 92.7527726, 12.895993 ], [ 92.7546612, 12.8999008 ], [ 92.754069, 12.9015075 ], [ 92.7531498, 12.900269 ], [ 92.7524448, 12.9010011 ], [ 92.7530653, 12.9132818 ], [ 92.7542171, 12.9143238 ], [ 92.756319, 12.9088098 ] ] ], [ [ [ 92.7958726, 12.9091735 ], [ 92.7967963, 12.9014128 ], [ 92.8004501, 12.8977289 ], [ 92.7974942, 12.8944813 ], [ 92.7918015, 12.8922599 ], [ 92.7819434, 12.8955457 ], [ 92.7820471, 12.8972588 ], [ 92.7848715, 12.8983391 ], [ 92.7917968, 12.8967121 ], [ 92.7862354, 12.8985132 ], [ 92.7887419, 12.9014534 ], [ 92.7881521, 12.9051281 ], [ 92.7862629, 12.9059258 ], [ 92.779713, 12.9019956 ], [ 92.7768124, 12.9032678 ], [ 92.7736028, 12.906036 ], [ 92.7745243, 12.9081944 ], [ 92.773425, 12.9116294 ], [ 92.7754641, 12.9122873 ], [ 92.7799062, 12.9105247 ], [ 92.7888778, 12.9125567 ], [ 92.7885965, 12.9154291 ], [ 92.7909967, 12.9172679 ], [ 92.7958726, 12.9091735 ] ] ], [ [ [ 92.7665236, 12.9219705 ], [ 92.7638491, 12.9177441 ], [ 92.7612543, 12.9218479 ], [ 92.7651845, 12.926088 ], [ 92.7665236, 12.9219705 ] ] ], [ [ [ 92.7739835, 12.9322155 ], [ 92.7749931, 12.9259352 ], [ 92.7718326, 12.9175911 ], [ 92.7690005, 12.9222035 ], [ 92.7686915, 12.9249742 ], [ 92.7705854, 12.9260614 ], [ 92.7687211, 12.9286037 ], [ 92.770753, 12.9325204 ], [ 92.7739835, 12.9322155 ] ] ], [ [ [ 92.7637044, 12.9345334 ], [ 92.7656797, 12.9286509 ], [ 92.7624796, 12.9254843 ], [ 92.7600415, 12.928309 ], [ 92.7592139, 12.9315587 ], [ 92.7602805, 12.9333533 ], [ 92.7590798, 12.9351588 ], [ 92.7613516, 12.9366439 ], [ 92.7637044, 12.9345334 ] ] ], [ [ [ 92.7844994, 13.0135772 ], [ 92.7847391, 13.0132203 ], [ 92.7844673, 13.0131389 ], [ 92.7844994, 13.0135772 ] ] ], [ [ [ 92.785654, 13.0554494 ], [ 92.7852761, 13.0552596 ], [ 92.7855019, 13.0556753 ], [ 92.785654, 13.0554494 ] ] ], [ [ [ 92.7875269, 13.0606234 ], [ 92.7881445, 13.0604607 ], [ 92.7874762, 13.0605059 ], [ 92.7875269, 13.0606234 ] ] ], [ [ [ 92.7945265, 13.0758132 ], [ 92.7953515, 13.0763826 ], [ 92.794893, 13.0752168 ], [ 92.7945265, 13.0758132 ] ] ], [ [ [ 92.7932776, 13.0924908 ], [ 92.7928811, 13.0933877 ], [ 92.793591, 13.0927349 ], [ 92.7932776, 13.0924908 ] ] ], [ [ [ 92.7927911, 13.0941152 ], [ 92.7931622, 13.0938374 ], [ 92.7929271, 13.0936385 ], [ 92.7927911, 13.0941152 ] ] ], [ [ [ 92.8085682, 13.1499041 ], [ 92.8086352, 13.1480741 ], [ 92.8077729, 13.1480334 ], [ 92.8077798, 13.1493303 ], [ 92.8085682, 13.1499041 ] ] ], [ [ [ 92.8042982, 13.1521881 ], [ 92.8033621, 13.1529968 ], [ 92.8042013, 13.1537154 ], [ 92.8047915, 13.1530693 ], [ 92.8042982, 13.1521881 ] ] ], [ [ [ 92.8097505, 13.1635054 ], [ 92.8093401, 13.1630761 ], [ 92.8095522, 13.1640025 ], [ 92.8097505, 13.1635054 ] ] ], [ [ [ 92.8092708, 13.1669577 ], [ 92.8101631, 13.1670887 ], [ 92.8104282, 13.1664471 ], [ 92.8092708, 13.1669577 ] ] ], [ [ [ 92.8104167, 13.1685573 ], [ 92.8091439, 13.1690498 ], [ 92.8105873, 13.168824 ], [ 92.8104167, 13.1685573 ] ] ], [ [ [ 92.7933496, 13.167625 ], [ 92.7931416, 13.1713959 ], [ 92.7952445, 13.1712673 ], [ 92.7963539, 13.1680004 ], [ 92.7933496, 13.167625 ] ] ], [ [ [ 92.7915415, 13.1712759 ], [ 92.7925837, 13.17124 ], [ 92.7921733, 13.1708467 ], [ 92.7915415, 13.1712759 ] ] ], [ [ [ 92.8229929, 13.2067474 ], [ 92.8226839, 13.20785 ], [ 92.8258756, 13.2089367 ], [ 92.8256496, 13.2083945 ], [ 92.8229929, 13.2067474 ] ] ], [ [ [ 92.8262909, 13.2114581 ], [ 92.8272778, 13.2094201 ], [ 92.8265952, 13.2089366 ], [ 92.8255068, 13.2105499 ], [ 92.8262909, 13.2114581 ] ] ], [ [ [ 92.8282281, 13.2113902 ], [ 92.8279097, 13.2105001 ], [ 92.8277069, 13.2115801 ], [ 92.8282281, 13.2113902 ] ] ], [ [ [ 92.8188773, 13.2860866 ], [ 92.8167556, 13.2816161 ], [ 92.8130765, 13.2873056 ], [ 92.8145068, 13.2882686 ], [ 92.8170588, 13.2876048 ], [ 92.8188773, 13.2860866 ] ] ], [ [ [ 92.7998144, 13.2866467 ], [ 92.8002946, 13.2857248 ], [ 92.8000085, 13.2855168 ], [ 92.7998144, 13.2866467 ] ] ], [ [ [ 92.8291387, 13.3693189 ], [ 92.8297943, 13.3684874 ], [ 92.8290373, 13.3683697 ], [ 92.8291387, 13.3693189 ] ] ], [ [ [ 92.8186771, 13.4162401 ], [ 92.817694, 13.4146219 ], [ 92.8183974, 13.407603 ], [ 92.8159195, 13.4019438 ], [ 92.8111048, 13.3998365 ], [ 92.8056565, 13.4018102 ], [ 92.8058311, 13.4048113 ], [ 92.8109763, 13.4147243 ], [ 92.8092803, 13.4206084 ], [ 92.8064644, 13.4183886 ], [ 92.8051937, 13.4222073 ], [ 92.8064571, 13.4281013 ], [ 92.8107871, 13.4320255 ], [ 92.8129437, 13.430869 ], [ 92.8156785, 13.4248811 ], [ 92.8156617, 13.4180519 ], [ 92.8186771, 13.4162401 ] ] ], [ [ [ 92.8515443, 12.1414454 ], [ 92.8511378, 12.141337 ], [ 92.8513812, 12.1416443 ], [ 92.8515443, 12.1414454 ] ] ], [ [ [ 92.8518568, 12.142085 ], [ 92.8516661, 12.1416171 ], [ 92.8514502, 12.1418048 ], [ 92.8518568, 12.142085 ] ] ], [ [ [ 92.8652565, 12.1819575 ], [ 92.8652682, 12.1830672 ], [ 92.8660077, 12.1822082 ], [ 92.8652565, 12.1819575 ] ] ], [ [ [ 92.8473137, 12.1960881 ], [ 92.848003, 12.1968272 ], [ 92.8480166, 12.1955457 ], [ 92.8473137, 12.1960881 ] ] ], [ [ [ 92.8715593, 12.2279488 ], [ 92.8703715, 12.2283379 ], [ 92.8710149, 12.2288982 ], [ 92.8715593, 12.2279488 ] ] ], [ [ [ 92.9010494, 12.2609326 ], [ 92.9000409, 12.2583515 ], [ 92.8976647, 12.2586743 ], [ 92.8989748, 12.2577343 ], [ 92.8971456, 12.2572504 ], [ 92.8971912, 12.2562071 ], [ 92.898074, 12.2573568 ], [ 92.9013234, 12.2568464 ], [ 92.9011651, 12.2550542 ], [ 92.9051524, 12.2520194 ], [ 92.9044636, 12.247608 ], [ 92.909138, 12.2432691 ], [ 92.9093084, 12.2401006 ], [ 92.9136957, 12.2321522 ], [ 92.9127908, 12.2270263 ], [ 92.9135082, 12.2210869 ], [ 92.9119619, 12.2204675 ], [ 92.9122377, 12.2236967 ], [ 92.91133, 12.2209375 ], [ 92.9100755, 12.2211272 ], [ 92.910914, 12.2227636 ], [ 92.9096801, 12.2231861 ], [ 92.9080825, 12.2294396 ], [ 92.9102976, 12.2284138 ], [ 92.9079077, 12.23106 ], [ 92.9041745, 12.2251066 ], [ 92.9048106, 12.2284268 ], [ 92.9035444, 12.2292199 ], [ 92.9034574, 12.2271609 ], [ 92.9024463, 12.2282863 ], [ 92.9029315, 12.22432 ], [ 92.8956336, 12.2271893 ], [ 92.8931283, 12.2311734 ], [ 92.8910442, 12.2313155 ], [ 92.8848023, 12.2250585 ], [ 92.8804507, 12.2235614 ], [ 92.8853105, 12.2232889 ], [ 92.8869104, 12.2195669 ], [ 92.8851026, 12.2172861 ], [ 92.8819777, 12.2173714 ], [ 92.8809982, 12.2097321 ], [ 92.8774901, 12.2093082 ], [ 92.8738865, 12.2219734 ], [ 92.8738551, 12.2287265 ], [ 92.8689511, 12.237444 ], [ 92.869688, 12.2448433 ], [ 92.872621, 12.2486308 ], [ 92.8773202, 12.2489596 ], [ 92.878672, 12.2464782 ], [ 92.8791196, 12.2382517 ], [ 92.8801443, 12.2384983 ], [ 92.8804525, 12.2372372 ], [ 92.8813851, 12.2386092 ], [ 92.8844665, 12.2386099 ], [ 92.8841865, 12.2486965 ], [ 92.886703, 12.2522802 ], [ 92.8920563, 12.2524085 ], [ 92.895206, 12.2578943 ], [ 92.8958877, 12.2635377 ], [ 92.8973627, 12.2652579 ], [ 92.899137, 12.2641575 ], [ 92.9001756, 12.2655815 ], [ 92.9010494, 12.2609326 ] ] ], [ [ [ 92.8821208, 12.2415526 ], [ 92.8820472, 12.23974 ], [ 92.8809625, 12.2392021 ], [ 92.8809396, 12.2409334 ], [ 92.8821208, 12.2415526 ] ] ], [ [ [ 92.8629929, 12.2377458 ], [ 92.8608851, 12.246122 ], [ 92.8636204, 12.2502823 ], [ 92.868579, 12.2489275 ], [ 92.8658281, 12.236179 ], [ 92.8629929, 12.2377458 ] ] ], [ [ [ 92.8792181, 12.2499409 ], [ 92.8809235, 12.2485987 ], [ 92.8804139, 12.2457961 ], [ 92.8784371, 12.2484965 ], [ 92.8792181, 12.2499409 ] ] ], [ [ [ 92.8881285, 12.2807244 ], [ 92.8897158, 12.2723397 ], [ 92.8838965, 12.2744881 ], [ 92.884305, 12.2771482 ], [ 92.8881285, 12.2807244 ] ] ], [ [ [ 92.885008, 12.2902794 ], [ 92.887806, 12.2846501 ], [ 92.8845182, 12.2797586 ], [ 92.8825965, 12.2821698 ], [ 92.881337, 12.2822283 ], [ 92.8814131, 12.2808383 ], [ 92.8768825, 12.28491 ], [ 92.8771045, 12.2887726 ], [ 92.8783407, 12.2902261 ], [ 92.8778264, 12.287993 ], [ 92.8815904, 12.2907646 ], [ 92.885008, 12.2902794 ] ] ], [ [ [ 92.8870712, 12.2936292 ], [ 92.888383, 12.2965765 ], [ 92.8911845, 12.298202 ], [ 92.8909117, 12.2936773 ], [ 92.8870712, 12.2936292 ] ] ], [ [ [ 92.8846298, 12.2972132 ], [ 92.8786208, 12.2941277 ], [ 92.8760328, 12.2947874 ], [ 92.8785109, 12.2998653 ], [ 92.8803517, 12.3008104 ], [ 92.8820413, 12.2996581 ], [ 92.8814948, 12.2972397 ], [ 92.8846298, 12.2972132 ] ] ], [ [ [ 92.8594167, 12.3347596 ], [ 92.8621316, 12.3360744 ], [ 92.864253, 12.3341507 ], [ 92.8632873, 12.3331904 ], [ 92.862945, 12.3343747 ], [ 92.8622647, 12.3345738 ], [ 92.8609657, 12.3334327 ], [ 92.8624669, 12.3343861 ], [ 92.8631241, 12.3331 ], [ 92.8648298, 12.3331562 ], [ 92.8641123, 12.3323585 ], [ 92.8647465, 12.3309775 ], [ 92.8632021, 12.3320739 ], [ 92.8628917, 12.3317983 ], [ 92.8632523, 12.3305596 ], [ 92.8632227, 12.3318208 ], [ 92.8648729, 12.3307537 ], [ 92.8649859, 12.3329415 ], [ 92.8688494, 12.329928 ], [ 92.8731947, 12.3289534 ], [ 92.8852251, 12.331955 ], [ 92.8877571, 12.3304976 ], [ 92.8878232, 12.3289225 ], [ 92.8858513, 12.3273717 ], [ 92.8880032, 12.3253087 ], [ 92.8899939, 12.3247056 ], [ 92.8966893, 12.3269373 ], [ 92.8996114, 12.3231114 ], [ 92.8976391, 12.3226126 ], [ 92.894999, 12.3173431 ], [ 92.8915717, 12.3189761 ], [ 92.8904021, 12.3169513 ], [ 92.8852769, 12.3227955 ], [ 92.8799526, 12.3182964 ], [ 92.877768, 12.3128673 ], [ 92.8736806, 12.316262 ], [ 92.874395, 12.3176963 ], [ 92.8716717, 12.3183084 ], [ 92.8695776, 12.3173438 ], [ 92.8690138, 12.3145866 ], [ 92.8674553, 12.313753 ], [ 92.8653503, 12.3159276 ], [ 92.8641826, 12.3159369 ], [ 92.8625456, 12.3130104 ], [ 92.8561675, 12.3146478 ], [ 92.8560715, 12.3178888 ], [ 92.8588459, 12.3181324 ], [ 92.8603171, 12.318939 ], [ 92.8618437, 12.3211264 ], [ 92.8607011, 12.3202068 ], [ 92.8611064, 12.3237279 ], [ 92.8576591, 12.3270598 ], [ 92.8571582, 12.3284566 ], [ 92.8584457, 12.3298035 ], [ 92.8550372, 12.3320528 ], [ 92.8564465, 12.3332752 ], [ 92.8568821, 12.3399198 ], [ 92.8585278, 12.33869 ], [ 92.8573184, 12.3374177 ], [ 92.8577134, 12.3349542 ], [ 92.8594167, 12.3347596 ] ] ], [ [ [ 92.862648, 12.4055535 ], [ 92.8654576, 12.4021202 ], [ 92.8659385, 12.4036163 ], [ 92.8691897, 12.4037557 ], [ 92.8703673, 12.4055092 ], [ 92.872714, 12.4060672 ], [ 92.8754308, 12.400377 ], [ 92.8814162, 12.3983962 ], [ 92.8840048, 12.4001596 ], [ 92.8837372, 12.4044784 ], [ 92.8862221, 12.408052 ], [ 92.8942669, 12.40702 ], [ 92.8910861, 12.403224 ], [ 92.891399, 12.401702 ], [ 92.8942733, 12.4003353 ], [ 92.8924346, 12.3957992 ], [ 92.8894119, 12.3921989 ], [ 92.8826033, 12.3884877 ], [ 92.8834337, 12.3835865 ], [ 92.8854178, 12.3816636 ], [ 92.8833552, 12.3742601 ], [ 92.8806002, 12.3746724 ], [ 92.8815302, 12.3811385 ], [ 92.8794534, 12.3842366 ], [ 92.8777682, 12.3840893 ], [ 92.8777732, 12.382114 ], [ 92.8720203, 12.3847571 ], [ 92.866901, 12.3774785 ], [ 92.8604894, 12.3809309 ], [ 92.8585726, 12.3841405 ], [ 92.8601041, 12.3855731 ], [ 92.860917, 12.3919847 ], [ 92.860183, 12.3892411 ], [ 92.8549087, 12.3888623 ], [ 92.8486075, 12.3943145 ], [ 92.8440447, 12.3950539 ], [ 92.8426902, 12.4012333 ], [ 92.8457051, 12.4062118 ], [ 92.854351, 12.4093498 ], [ 92.862648, 12.4055535 ] ] ], [ [ [ 92.8951618, 12.3931101 ], [ 92.8944372, 12.3959463 ], [ 92.8969892, 12.396835 ], [ 92.8970887, 12.3927262 ], [ 92.8951618, 12.3931101 ] ] ], [ [ [ 92.8652059, 12.4080664 ], [ 92.8640653, 12.4084777 ], [ 92.8649654, 12.4085699 ], [ 92.8652059, 12.4080664 ] ] ], [ [ [ 92.8737621, 12.4088985 ], [ 92.8805947, 12.4106944 ], [ 92.8774027, 12.4088218 ], [ 92.8737621, 12.4088985 ] ] ], [ [ [ 92.8973404, 12.4082252 ], [ 92.896456, 12.4106347 ], [ 92.8978721, 12.4122803 ], [ 92.8988085, 12.4083959 ], [ 92.8973404, 12.4082252 ] ] ], [ [ [ 92.8884148, 12.4130472 ], [ 92.8884301, 12.4126781 ], [ 92.8882332, 12.4128076 ], [ 92.8884148, 12.4130472 ] ] ], [ [ [ 92.8885136, 12.4131896 ], [ 92.888288, 12.4144981 ], [ 92.8894367, 12.4140544 ], [ 92.8885136, 12.4131896 ] ] ], [ [ [ 92.8878718, 12.414715 ], [ 92.8881845, 12.4144551 ], [ 92.8879706, 12.4144212 ], [ 92.8878718, 12.414715 ] ] ], [ [ [ 92.8599889, 12.4134084 ], [ 92.8578601, 12.4158134 ], [ 92.8582788, 12.4176079 ], [ 92.8646423, 12.4212002 ], [ 92.8678361, 12.4201285 ], [ 92.8683843, 12.4141461 ], [ 92.8649165, 12.4127816 ], [ 92.8599889, 12.4134084 ] ] ], [ [ [ 92.8372915, 12.4249182 ], [ 92.8397159, 12.4231159 ], [ 92.8387145, 12.421341 ], [ 92.8388984, 12.4203698 ], [ 92.8392308, 12.42171 ], [ 92.8401601, 12.4203716 ], [ 92.8400298, 12.4228023 ], [ 92.8420579, 12.4205731 ], [ 92.8419867, 12.4160091 ], [ 92.8430557, 12.4204188 ], [ 92.8461114, 12.4177968 ], [ 92.8503259, 12.4177853 ], [ 92.85843, 12.4133077 ], [ 92.854266, 12.4126653 ], [ 92.8534015, 12.4102246 ], [ 92.8513849, 12.4097751 ], [ 92.8427585, 12.4151959 ], [ 92.8382779, 12.4113105 ], [ 92.8376691, 12.4153562 ], [ 92.8294765, 12.4211555 ], [ 92.8285652, 12.4240204 ], [ 92.8292204, 12.4262396 ], [ 92.831802, 12.4269755 ], [ 92.8369874, 12.4251107 ], [ 92.8358238, 12.4228148 ], [ 92.8361915, 12.4220012 ], [ 92.8372915, 12.4249182 ] ] ], [ [ [ 92.8976114, 12.9267603 ], [ 92.9021463, 12.9193117 ], [ 92.8988032, 12.9186019 ], [ 92.897378, 12.9139931 ], [ 92.9003595, 12.9115299 ], [ 92.9007765, 12.9126616 ], [ 92.898537, 12.9143881 ], [ 92.8989562, 12.9180628 ], [ 92.9011149, 12.9168227 ], [ 92.9048152, 12.9169992 ], [ 92.9071716, 12.9153819 ], [ 92.9096552, 12.9184826 ], [ 92.912324, 12.9193392 ], [ 92.9135859, 12.9165663 ], [ 92.912609, 12.9132486 ], [ 92.9072252, 12.9124408 ], [ 92.9103633, 12.9099775 ], [ 92.9164733, 12.9111367 ], [ 92.9209156, 12.9154441 ], [ 92.922321, 12.9153898 ], [ 92.9219799, 12.9117287 ], [ 92.9196596, 12.9090123 ], [ 92.9098633, 12.9036134 ], [ 92.910096, 12.8990211 ], [ 92.9120543, 12.9005489 ], [ 92.9125197, 12.8997759 ], [ 92.9064998, 12.8901439 ], [ 92.9058871, 12.8870161 ], [ 92.907122, 12.8853664 ], [ 92.9100937, 12.8854342 ], [ 92.9134526, 12.8890456 ], [ 92.9173345, 12.8861794 ], [ 92.918931, 12.8900647 ], [ 92.9217807, 12.885578 ], [ 92.924484, 12.8856155 ], [ 92.9246258, 12.8879039 ], [ 92.9279382, 12.8825725 ], [ 92.9272746, 12.8784476 ], [ 92.9304326, 12.8764342 ], [ 92.9279584, 12.8738232 ], [ 92.9281449, 12.8722096 ], [ 92.9306327, 12.8712399 ], [ 92.9311208, 12.8676149 ], [ 92.9301967, 12.8630182 ], [ 92.9284045, 12.8616849 ], [ 92.9291917, 12.8588384 ], [ 92.9280373, 12.8590872 ], [ 92.9271446, 12.8621997 ], [ 92.9263841, 12.8581409 ], [ 92.9324813, 12.8580279 ], [ 92.9346695, 12.8561565 ], [ 92.9383875, 12.8583009 ], [ 92.9412342, 12.8552676 ], [ 92.9395912, 12.8500518 ], [ 92.9402632, 12.8375836 ], [ 92.9373786, 12.836243 ], [ 92.9376301, 12.8374941 ], [ 92.9364853, 12.8394342 ], [ 92.9356011, 12.8398011 ], [ 92.9304136, 12.8384041 ], [ 92.9315422, 12.8369035 ], [ 92.9297225, 12.8368841 ], [ 92.9293722, 12.8362201 ], [ 92.9309242, 12.8351187 ], [ 92.9274259, 12.8326979 ], [ 92.9290104, 12.8316288 ], [ 92.9267026, 12.8318031 ], [ 92.9267043, 12.8303775 ], [ 92.9241258, 12.8299624 ], [ 92.9250533, 12.8273284 ], [ 92.923562, 12.8273454 ], [ 92.922556, 12.8260754 ], [ 92.922637, 12.8219542 ], [ 92.9254419, 12.8172443 ], [ 92.9274801, 12.8157571 ], [ 92.9297602, 12.8165412 ], [ 92.9262225, 12.8130542 ], [ 92.9276455, 12.8091082 ], [ 92.9257361, 12.8066856 ], [ 92.9261228, 12.8038199 ], [ 92.9244185, 12.8010764 ], [ 92.9262287, 12.8031916 ], [ 92.926146, 12.8066856 ], [ 92.9279863, 12.8092483 ], [ 92.9268812, 12.8133751 ], [ 92.9305755, 12.8163196 ], [ 92.9292651, 12.8177616 ], [ 92.9277887, 12.8161864 ], [ 92.9257276, 12.8173482 ], [ 92.9228535, 12.8220808 ], [ 92.9228329, 12.8261081 ], [ 92.9255507, 12.8270616 ], [ 92.9242887, 12.8295387 ], [ 92.9270849, 12.8300131 ], [ 92.9268777, 12.8314008 ], [ 92.9294757, 12.8316469 ], [ 92.9278036, 12.8325804 ], [ 92.9313094, 12.8350096 ], [ 92.9296994, 12.8361849 ], [ 92.9319015, 12.8369125 ], [ 92.9308789, 12.8383544 ], [ 92.9356653, 12.8395247 ], [ 92.9373325, 12.8357865 ], [ 92.9393226, 12.8368101 ], [ 92.9412572, 12.8355217 ], [ 92.9435631, 12.8382271 ], [ 92.9491738, 12.8378354 ], [ 92.9471078, 12.8368498 ], [ 92.9484687, 12.8359507 ], [ 92.9449206, 12.8326879 ], [ 92.9437968, 12.8260058 ], [ 92.9465231, 12.8238578 ], [ 92.9451783, 12.8211067 ], [ 92.9462914, 12.8179172 ], [ 92.9507065, 12.8148782 ], [ 92.954489, 12.8064343 ], [ 92.948666, 12.7995965 ], [ 92.9497114, 12.7985748 ], [ 92.9487186, 12.7968167 ], [ 92.951118, 12.7952118 ], [ 92.9489482, 12.7961331 ], [ 92.9486882, 12.7932003 ], [ 92.9414533, 12.7902909 ], [ 92.9414712, 12.7886941 ], [ 92.9372693, 12.7830367 ], [ 92.9344646, 12.7833901 ], [ 92.933064, 12.7806285 ], [ 92.9333974, 12.774244 ], [ 92.930388, 12.7751155 ], [ 92.9264181, 12.7743903 ], [ 92.9332244, 12.7737371 ], [ 92.9390269, 12.7678832 ], [ 92.9481159, 12.7707274 ], [ 92.9497784, 12.7700763 ], [ 92.9478459, 12.764448 ], [ 92.9482329, 12.7622113 ], [ 92.9510708, 12.7595129 ], [ 92.9517105, 12.7571081 ], [ 92.9613577, 12.7545188 ], [ 92.9624893, 12.7508861 ], [ 92.9616326, 12.7473131 ], [ 92.9674571, 12.7421307 ], [ 92.9682512, 12.739433 ], [ 92.9637306, 12.7301409 ], [ 92.9644434, 12.7258119 ], [ 92.9675033, 12.7205138 ], [ 92.9735258, 12.7212166 ], [ 92.9771252, 12.7185441 ], [ 92.9800497, 12.7093951 ], [ 92.9775584, 12.7078051 ], [ 92.9730437, 12.7125164 ], [ 92.9707695, 12.7129692 ], [ 92.9638553, 12.704401 ], [ 92.964813, 12.7024449 ], [ 92.9621227, 12.6971397 ], [ 92.9625247, 12.6952959 ], [ 92.9654225, 12.6942007 ], [ 92.9633955, 12.6900794 ], [ 92.9630258, 12.6855915 ], [ 92.9653031, 12.6815184 ], [ 92.9643354, 12.6784318 ], [ 92.9651831, 12.6771056 ], [ 92.9609213, 12.6690184 ], [ 92.9624538, 12.6585993 ], [ 92.9592587, 12.6516948 ], [ 92.9568157, 12.6402923 ], [ 92.9566957, 12.6242111 ], [ 92.9541368, 12.6242842 ], [ 92.9455368, 12.6313465 ], [ 92.9370433, 12.6232493 ], [ 92.9343773, 12.6175414 ], [ 92.9297289, 12.6169232 ], [ 92.9380702, 12.6157236 ], [ 92.9352589, 12.6176216 ], [ 92.9362194, 12.6185694 ], [ 92.9390989, 12.6160126 ], [ 92.9394765, 12.6171289 ], [ 92.9368723, 12.6200945 ], [ 92.9370937, 12.6220379 ], [ 92.9455962, 12.6298956 ], [ 92.9475059, 12.6285618 ], [ 92.9457469, 12.6252629 ], [ 92.943349, 12.625204 ], [ 92.9435145, 12.6241516 ], [ 92.9462301, 12.6248379 ], [ 92.9479567, 12.6275357 ], [ 92.9587976, 12.6196093 ], [ 92.956412, 12.6142949 ], [ 92.9549224, 12.6039406 ], [ 92.9565219, 12.5972192 ], [ 92.9559683, 12.5927494 ], [ 92.958217, 12.5877272 ], [ 92.9609956, 12.5850597 ], [ 92.9613241, 12.5760246 ], [ 92.9636334, 12.5741933 ], [ 92.9649611, 12.5676121 ], [ 92.9699108, 12.5602969 ], [ 92.9752276, 12.5432727 ], [ 92.9734344, 12.5359482 ], [ 92.9745735, 12.5306844 ], [ 92.9697614, 12.5194429 ], [ 92.9710231, 12.517537 ], [ 92.9656783, 12.5131794 ], [ 92.9668046, 12.510883 ], [ 92.9649022, 12.5045013 ], [ 92.9688271, 12.4966597 ], [ 92.963127, 12.4923324 ], [ 92.9633912, 12.4894147 ], [ 92.9649069, 12.488802 ], [ 92.9641083, 12.4872267 ], [ 92.9600696, 12.4856701 ], [ 92.9562379, 12.4871824 ], [ 92.95613, 12.4897746 ], [ 92.9545497, 12.4914312 ], [ 92.9507916, 12.4896258 ], [ 92.9507641, 12.4921051 ], [ 92.9528067, 12.4937841 ], [ 92.950134, 12.4950974 ], [ 92.9478388, 12.4993193 ], [ 92.9459043, 12.4996583 ], [ 92.9440205, 12.4979249 ], [ 92.9451773, 12.4949801 ], [ 92.9422263, 12.4926072 ], [ 92.9428266, 12.4914952 ], [ 92.9401216, 12.4869977 ], [ 92.9406161, 12.4851332 ], [ 92.936368, 12.4814314 ], [ 92.932619, 12.4818968 ], [ 92.9317152, 12.4835851 ], [ 92.9331274, 12.4844303 ], [ 92.9328376, 12.4852372 ], [ 92.9309514, 12.4876305 ], [ 92.9295323, 12.4878384 ], [ 92.9291874, 12.4867016 ], [ 92.9271472, 12.4883739 ], [ 92.9292149, 12.4891583 ], [ 92.9285088, 12.4904488 ], [ 92.9272092, 12.4903809 ], [ 92.928932, 12.4892284 ], [ 92.9265331, 12.4884712 ], [ 92.9290172, 12.4864778 ], [ 92.9296818, 12.4866044 ], [ 92.9296957, 12.4875695 ], [ 92.9311493, 12.4872282 ], [ 92.932619, 12.4847151 ], [ 92.93074, 12.4837026 ], [ 92.9318348, 12.4813274 ], [ 92.9292428, 12.4793429 ], [ 92.9296822, 12.4771281 ], [ 92.9317566, 12.4787871 ], [ 92.9314185, 12.4778288 ], [ 92.9297098, 12.4767597 ], [ 92.9279227, 12.47751 ], [ 92.9261449, 12.4767392 ], [ 92.9291807, 12.4764275 ], [ 92.934305, 12.4700904 ], [ 92.9326193, 12.4675004 ], [ 92.9217825, 12.4657078 ], [ 92.9194386, 12.4709284 ], [ 92.9202711, 12.4728856 ], [ 92.9161703, 12.47376 ], [ 92.9173913, 12.476011 ], [ 92.9190496, 12.4757807 ], [ 92.9197051, 12.4761559 ], [ 92.9184078, 12.4781695 ], [ 92.9208847, 12.479876 ], [ 92.9203118, 12.4832841 ], [ 92.9196494, 12.4837858 ], [ 92.9182027, 12.4837292 ], [ 92.9178211, 12.4816747 ], [ 92.9169308, 12.4840545 ], [ 92.9161327, 12.4833335 ], [ 92.9141363, 12.4843684 ], [ 92.9138716, 12.4868545 ], [ 92.9128158, 12.4866193 ], [ 92.9124937, 12.4884138 ], [ 92.9112424, 12.4892566 ], [ 92.9110651, 12.4912748 ], [ 92.9127556, 12.491944 ], [ 92.9131534, 12.4928051 ], [ 92.9121665, 12.4943622 ], [ 92.9139719, 12.4967602 ], [ 92.9145745, 12.5000252 ], [ 92.914287, 12.5000253 ], [ 92.9118238, 12.4943757 ], [ 92.9129211, 12.4925474 ], [ 92.9109248, 12.4916861 ], [ 92.9108629, 12.4893267 ], [ 92.9138281, 12.4839978 ], [ 92.9157946, 12.4830307 ], [ 92.9169378, 12.4832861 ], [ 92.9177106, 12.4813765 ], [ 92.9187134, 12.4818556 ], [ 92.9182441, 12.483467 ], [ 92.9199254, 12.4832388 ], [ 92.9205283, 12.4799844 ], [ 92.9182491, 12.4786011 ], [ 92.9191324, 12.4761061 ], [ 92.9151625, 12.4781083 ], [ 92.9131111, 12.4769758 ], [ 92.9126395, 12.4783996 ], [ 92.9120277, 12.4787001 ], [ 92.9092196, 12.4774477 ], [ 92.9084791, 12.4766996 ], [ 92.9082952, 12.4758837 ], [ 92.9066483, 12.4774091 ], [ 92.9082792, 12.4751605 ], [ 92.9091414, 12.4770477 ], [ 92.9123658, 12.4783317 ], [ 92.9126075, 12.4770164 ], [ 92.9138817, 12.4758119 ], [ 92.9138565, 12.4747135 ], [ 92.9119524, 12.4728691 ], [ 92.9113407, 12.4711266 ], [ 92.9088133, 12.469811 ], [ 92.9074288, 12.469838 ], [ 92.9061063, 12.4708097 ], [ 92.9057038, 12.4706537 ], [ 92.9070103, 12.4686537 ], [ 92.9082476, 12.4685702 ], [ 92.9077878, 12.4672187 ], [ 92.9085167, 12.468455 ], [ 92.9071689, 12.4692414 ], [ 92.909179, 12.4695308 ], [ 92.9118054, 12.4710385 ], [ 92.9140842, 12.4744491 ], [ 92.9148705, 12.4776517 ], [ 92.9167312, 12.4764201 ], [ 92.9154689, 12.472996 ], [ 92.9194454, 12.4727523 ], [ 92.9188199, 12.4707452 ], [ 92.921564, 12.4648354 ], [ 92.9337554, 12.4658077 ], [ 92.9389301, 12.4691096 ], [ 92.9421567, 12.4671343 ], [ 92.9446453, 12.4725718 ], [ 92.9507333, 12.4761627 ], [ 92.9561344, 12.4750071 ], [ 92.957837, 12.4727054 ], [ 92.9560324, 12.4663399 ], [ 92.9487502, 12.4637553 ], [ 92.9515282, 12.4606159 ], [ 92.9510452, 12.4594882 ], [ 92.9477198, 12.4628942 ], [ 92.945174, 12.4621644 ], [ 92.9472391, 12.4620807 ], [ 92.9494674, 12.4579492 ], [ 92.9469539, 12.4614094 ], [ 92.945942, 12.4602636 ], [ 92.9432283, 12.4607925 ], [ 92.944316, 12.4594704 ], [ 92.946809, 12.4594522 ], [ 92.9453554, 12.4562566 ], [ 92.9490902, 12.4567107 ], [ 92.9446378, 12.4512687 ], [ 92.943198, 12.4547917 ], [ 92.9410802, 12.4530361 ], [ 92.9407351, 12.4502156 ], [ 92.9379433, 12.4480731 ], [ 92.9360507, 12.4473634 ], [ 92.9302317, 12.4487215 ], [ 92.9274316, 12.4452524 ], [ 92.9219655, 12.4424316 ], [ 92.9195346, 12.4442237 ], [ 92.917304, 12.4438439 ], [ 92.9181297, 12.4431388 ], [ 92.9170741, 12.4426122 ], [ 92.914496, 12.4456156 ], [ 92.9123573, 12.4459883 ], [ 92.9139464, 12.4461398 ], [ 92.9146566, 12.449539 ], [ 92.9145025, 12.450339 ], [ 92.9138954, 12.4505537 ], [ 92.9133965, 12.4490416 ], [ 92.9123868, 12.4505694 ], [ 92.9130814, 12.4489129 ], [ 92.9138587, 12.4489761 ], [ 92.9139598, 12.4503819 ], [ 92.9143991, 12.4495322 ], [ 92.9137486, 12.4463771 ], [ 92.9120214, 12.4470188 ], [ 92.9119111, 12.446047 ], [ 92.9148181, 12.44442 ], [ 92.910658, 12.4448445 ], [ 92.9083722, 12.4440714 ], [ 92.9074296, 12.4423153 ], [ 92.9085728, 12.4388371 ], [ 92.9092444, 12.4381004 ], [ 92.9079308, 12.4426859 ], [ 92.9109869, 12.4443858 ], [ 92.9135856, 12.4434526 ], [ 92.9131971, 12.4409688 ], [ 92.9191899, 12.4406754 ], [ 92.917822, 12.4370141 ], [ 92.9213035, 12.4370844 ], [ 92.9228834, 12.4346548 ], [ 92.9191585, 12.4300803 ], [ 92.9198164, 12.4255693 ], [ 92.9150575, 12.4118437 ], [ 92.9152879, 12.4069484 ], [ 92.9110368, 12.4055448 ], [ 92.9054444, 12.4077046 ], [ 92.9081338, 12.415823 ], [ 92.908032, 12.4209737 ], [ 92.8947438, 12.4307008 ], [ 92.8912804, 12.4362538 ], [ 92.8920826, 12.4380485 ], [ 92.8933866, 12.4368893 ], [ 92.8945431, 12.4382771 ], [ 92.894279, 12.436121 ], [ 92.8948516, 12.4358205 ], [ 92.8970221, 12.4378006 ], [ 92.8970404, 12.4384945 ], [ 92.8948033, 12.4359786 ], [ 92.8948328, 12.4381618 ], [ 92.8943798, 12.4384534 ], [ 92.8934464, 12.4371198 ], [ 92.8921722, 12.4382677 ], [ 92.8907008, 12.4368391 ], [ 92.8844518, 12.4417603 ], [ 92.8899216, 12.4478725 ], [ 92.8956638, 12.4478576 ], [ 92.8967786, 12.4515981 ], [ 92.8981355, 12.4508751 ], [ 92.8989634, 12.4510945 ], [ 92.8983652, 12.4524369 ], [ 92.8964474, 12.4520004 ], [ 92.8958628, 12.4549745 ], [ 92.8926893, 12.4540226 ], [ 92.890559, 12.4582145 ], [ 92.8855039, 12.4598295 ], [ 92.8852093, 12.4607855 ], [ 92.8874102, 12.4608605 ], [ 92.8889667, 12.4627818 ], [ 92.8888447, 12.4637536 ], [ 92.8878856, 12.4639433 ], [ 92.8888149, 12.4630078 ], [ 92.8874354, 12.4611973 ], [ 92.8853356, 12.4611471 ], [ 92.8849794, 12.4602837 ], [ 92.8869162, 12.4583676 ], [ 92.8906557, 12.4577106 ], [ 92.892756, 12.4535909 ], [ 92.8956927, 12.4543394 ], [ 92.8962844, 12.4501041 ], [ 92.895006, 12.4485061 ], [ 92.8905721, 12.4490411 ], [ 92.8861157, 12.4468819 ], [ 92.8857064, 12.4471666 ], [ 92.8860924, 12.4486629 ], [ 92.8857128, 12.4493747 ], [ 92.8855501, 12.4468547 ], [ 92.8865137, 12.4467215 ], [ 92.8881785, 12.4474225 ], [ 92.8882084, 12.4471151 ], [ 92.8860381, 12.4440071 ], [ 92.8844282, 12.4450126 ], [ 92.8851092, 12.4436069 ], [ 92.8836077, 12.4424608 ], [ 92.8770095, 12.4450878 ], [ 92.8833415, 12.4510285 ], [ 92.8862174, 12.4564848 ], [ 92.883793, 12.4585252 ], [ 92.8813304, 12.4567642 ], [ 92.87869, 12.4580608 ], [ 92.883136, 12.4665324 ], [ 92.8815609, 12.4652122 ], [ 92.8789157, 12.4669135 ], [ 92.8789524, 12.4675418 ], [ 92.8813463, 12.4681548 ], [ 92.8818453, 12.4687266 ], [ 92.8815829, 12.4697752 ], [ 92.8804096, 12.4713254 ], [ 92.87946, 12.4707783 ], [ 92.8796973, 12.4682764 ], [ 92.8784759, 12.469187 ], [ 92.8794743, 12.4679984 ], [ 92.8799113, 12.46822 ], [ 92.880228, 12.4710021 ], [ 92.8815901, 12.4686068 ], [ 92.8789937, 12.4677316 ], [ 92.8786098, 12.4672547 ], [ 92.878895, 12.4666038 ], [ 92.880519, 12.4658155 ], [ 92.8812299, 12.4644189 ], [ 92.8780369, 12.4580607 ], [ 92.8804957, 12.4559391 ], [ 92.8838392, 12.4577704 ], [ 92.8852746, 12.4559536 ], [ 92.8826076, 12.4524726 ], [ 92.8777944, 12.4519066 ], [ 92.8757773, 12.4532125 ], [ 92.8760687, 12.456033 ], [ 92.8757015, 12.4528711 ], [ 92.881019, 12.450332 ], [ 92.8755719, 12.446604 ], [ 92.8711726, 12.4481539 ], [ 92.868028, 12.4539922 ], [ 92.8713904, 12.4548752 ], [ 92.8719913, 12.4580639 ], [ 92.8690037, 12.4569414 ], [ 92.8718302, 12.4575871 ], [ 92.8711168, 12.4552527 ], [ 92.8674048, 12.4542794 ], [ 92.8704664, 12.4473992 ], [ 92.868776, 12.4461588 ], [ 92.8554467, 12.4570502 ], [ 92.8557123, 12.463941 ], [ 92.8588276, 12.4586271 ], [ 92.8620516, 12.4574423 ], [ 92.863864, 12.4582103 ], [ 92.8633975, 12.4599597 ], [ 92.8598516, 12.4617683 ], [ 92.8628168, 12.4656822 ], [ 92.861437, 12.4661594 ], [ 92.8595855, 12.4653845 ], [ 92.8593512, 12.4671089 ], [ 92.8587715, 12.4664446 ], [ 92.859544, 12.4651608 ], [ 92.8623337, 12.4653818 ], [ 92.8592238, 12.4617346 ], [ 92.8631856, 12.4584071 ], [ 92.8607548, 12.4584911 ], [ 92.8584277, 12.4603402 ], [ 92.8567221, 12.4647657 ], [ 92.8538837, 12.4625288 ], [ 92.8542796, 12.4644497 ], [ 92.852624, 12.4658919 ], [ 92.8537142, 12.4663957 ], [ 92.8536619, 12.4700502 ], [ 92.8552398, 12.4711868 ], [ 92.8534895, 12.4709181 ], [ 92.8520881, 12.4658355 ], [ 92.8537506, 12.4642893 ], [ 92.8533778, 12.4624317 ], [ 92.8548127, 12.4612562 ], [ 92.8536851, 12.4573081 ], [ 92.8431906, 12.4707659 ], [ 92.8432608, 12.4803416 ], [ 92.8374171, 12.4854069 ], [ 92.838347, 12.491588 ], [ 92.8376595, 12.4943906 ], [ 92.835424, 12.4964339 ], [ 92.8354888, 12.5006376 ], [ 92.8369173, 12.5009809 ], [ 92.8371424, 12.4989559 ], [ 92.8381728, 12.497376 ], [ 92.8421841, 12.4971134 ], [ 92.8450663, 12.4986635 ], [ 92.8459516, 12.5024865 ], [ 92.8511383, 12.5021286 ], [ 92.8529166, 12.5055745 ], [ 92.8511825, 12.5078574 ], [ 92.8529094, 12.5080962 ], [ 92.8545087, 12.5096945 ], [ 92.8554548, 12.5077835 ], [ 92.8565707, 12.507914 ], [ 92.8551465, 12.5097645 ], [ 92.8538122, 12.5098814 ], [ 92.8525772, 12.5084518 ], [ 92.8513146, 12.5088058 ], [ 92.8507281, 12.5068804 ], [ 92.8525105, 12.5057405 ], [ 92.8504556, 12.5024657 ], [ 92.8457363, 12.5028007 ], [ 92.8437047, 12.4983337 ], [ 92.838941, 12.4974731 ], [ 92.8371427, 12.5012612 ], [ 92.8350581, 12.5014163 ], [ 92.8347133, 12.4961582 ], [ 92.8375904, 12.4933352 ], [ 92.8225293, 12.5000236 ], [ 92.8233763, 12.4985568 ], [ 92.8368726, 12.4912492 ], [ 92.835591, 12.4865869 ], [ 92.8341422, 12.4887567 ], [ 92.8328658, 12.4892585 ], [ 92.8246151, 12.4828857 ], [ 92.8226051, 12.4853131 ], [ 92.8163031, 12.4865699 ], [ 92.8163377, 12.4878219 ], [ 92.815804, 12.4868095 ], [ 92.8168068, 12.4861675 ], [ 92.8222693, 12.4847481 ], [ 92.8244713, 12.4821749 ], [ 92.8339766, 12.4884674 ], [ 92.8348734, 12.4858004 ], [ 92.8423913, 12.4793134 ], [ 92.8405068, 12.4713944 ], [ 92.839074, 12.4716432 ], [ 92.8386625, 12.4736162 ], [ 92.8408431, 12.4763891 ], [ 92.8376255, 12.4760798 ], [ 92.8365472, 12.4793772 ], [ 92.8334171, 12.4815156 ], [ 92.8317657, 12.4810501 ], [ 92.8315701, 12.4801348 ], [ 92.8335661, 12.4753931 ], [ 92.8294538, 12.4747108 ], [ 92.8287291, 12.4716847 ], [ 92.82556, 12.473294 ], [ 92.8251666, 12.4729369 ], [ 92.8255989, 12.4719922 ], [ 92.8254403, 12.4730455 ], [ 92.8278873, 12.4714882 ], [ 92.8290832, 12.4716169 ], [ 92.8295388, 12.474295 ], [ 92.830629, 12.4745413 ], [ 92.8299389, 12.4720711 ], [ 92.8303091, 12.4705613 ], [ 92.8315485, 12.4692979 ], [ 92.8332551, 12.4694808 ], [ 92.8333333, 12.4699396 ], [ 92.8314545, 12.4723196 ], [ 92.832609, 12.4717952 ], [ 92.8323469, 12.4726902 ], [ 92.8312683, 12.472297 ], [ 92.8327813, 12.4695125 ], [ 92.8301895, 12.4716936 ], [ 92.8343089, 12.4755467 ], [ 92.8320807, 12.4806093 ], [ 92.834797, 12.4801594 ], [ 92.8372345, 12.4758132 ], [ 92.8402083, 12.4757405 ], [ 92.8382348, 12.4743983 ], [ 92.8385472, 12.4709472 ], [ 92.8431443, 12.4678843 ], [ 92.8419367, 12.4660221 ], [ 92.8396736, 12.4656608 ], [ 92.8406279, 12.4647024 ], [ 92.8393906, 12.4644562 ], [ 92.8408326, 12.4646255 ], [ 92.8401865, 12.4656314 ], [ 92.8442916, 12.4652783 ], [ 92.8486602, 12.4580569 ], [ 92.8603622, 12.4497087 ], [ 92.8627392, 12.4452876 ], [ 92.863627, 12.4462457 ], [ 92.8721505, 12.4401011 ], [ 92.8750461, 12.4426737 ], [ 92.8769852, 12.4407486 ], [ 92.8761852, 12.4395031 ], [ 92.876289, 12.4381381 ], [ 92.8774037, 12.4406289 ], [ 92.8833789, 12.4365281 ], [ 92.8804497, 12.4345952 ], [ 92.878068, 12.4319549 ], [ 92.876081, 12.4323659 ], [ 92.8747222, 12.43157 ], [ 92.8740366, 12.4330908 ], [ 92.8725831, 12.4338612 ], [ 92.8747912, 12.4312898 ], [ 92.8780335, 12.4317199 ], [ 92.8845288, 12.4361057 ], [ 92.888747, 12.4322938 ], [ 92.8886759, 12.4305287 ], [ 92.889269, 12.4316701 ], [ 92.8909205, 12.4297041 ], [ 92.8934896, 12.4257902 ], [ 92.891779, 12.4247141 ], [ 92.8936345, 12.4255823 ], [ 92.8950124, 12.4225902 ], [ 92.8940927, 12.4218103 ], [ 92.8951274, 12.4223213 ], [ 92.8953623, 12.4200183 ], [ 92.8992649, 12.4168028 ], [ 92.8950136, 12.4154304 ], [ 92.8923364, 12.4188946 ], [ 92.8860033, 12.4217049 ], [ 92.8852944, 12.4252238 ], [ 92.8870397, 12.4251879 ], [ 92.8884284, 12.4262685 ], [ 92.8852001, 12.4254881 ], [ 92.88402, 12.4276191 ], [ 92.8844632, 12.4307901 ], [ 92.8835664, 12.4307582 ], [ 92.883935, 12.4271739 ], [ 92.8833783, 12.4284756 ], [ 92.8823392, 12.4271261 ], [ 92.8841743, 12.426801 ], [ 92.8847611, 12.424523 ], [ 92.8817702, 12.4209177 ], [ 92.8775742, 12.4190816 ], [ 92.8740344, 12.4134217 ], [ 92.8735068, 12.4177088 ], [ 92.8710492, 12.4210017 ], [ 92.8676142, 12.4225144 ], [ 92.8646187, 12.4262261 ], [ 92.859431, 12.425671 ], [ 92.8583619, 12.4265526 ], [ 92.8577995, 12.4323995 ], [ 92.8566317, 12.4344021 ], [ 92.8585774, 12.4355883 ], [ 92.8595503, 12.4368266 ], [ 92.8562683, 12.4341783 ], [ 92.8574086, 12.4321532 ], [ 92.8570859, 12.4277213 ], [ 92.859364, 12.4242382 ], [ 92.8562711, 12.4229233 ], [ 92.8528864, 12.4238799 ], [ 92.8507992, 12.4290332 ], [ 92.8492952, 12.4278174 ], [ 92.8509004, 12.4286873 ], [ 92.8512699, 12.4243796 ], [ 92.8456637, 12.423474 ], [ 92.8370553, 12.4307592 ], [ 92.8416965, 12.4374529 ], [ 92.8365752, 12.4373314 ], [ 92.8364443, 12.4386874 ], [ 92.8376332, 12.4384862 ], [ 92.8382587, 12.4392094 ], [ 92.8378174, 12.4400095 ], [ 92.8360628, 12.441099 ], [ 92.8379897, 12.4392117 ], [ 92.8354625, 12.4394537 ], [ 92.8346049, 12.4417229 ], [ 92.836001, 12.4436053 ], [ 92.8343037, 12.441689 ], [ 92.8351705, 12.4394199 ], [ 92.8334549, 12.438577 ], [ 92.833731, 12.4409816 ], [ 92.8288605, 12.44199 ], [ 92.8310772, 12.4405683 ], [ 92.8333401, 12.4409342 ], [ 92.8324246, 12.438351 ], [ 92.8351772, 12.4387441 ], [ 92.8365383, 12.4363008 ], [ 92.8409077, 12.4371954 ], [ 92.8355077, 12.4307051 ], [ 92.8214968, 12.4340757 ], [ 92.8201493, 12.4370613 ], [ 92.8186454, 12.437771 ], [ 92.8163344, 12.4365709 ], [ 92.8107601, 12.4428584 ], [ 92.8167967, 12.4446596 ], [ 92.8162586, 12.445645 ], [ 92.8128391, 12.4463524 ], [ 92.8121078, 12.4483232 ], [ 92.8130667, 12.449851 ], [ 92.8146098, 12.447435 ], [ 92.816123, 12.4467954 ], [ 92.8164978, 12.4484068 ], [ 92.8182111, 12.4490509 ], [ 92.8182389, 12.4512972 ], [ 92.8176642, 12.4519875 ], [ 92.817091, 12.4519029 ], [ 92.8159985, 12.4507202 ], [ 92.8160333, 12.4543324 ], [ 92.8152518, 12.4547177 ], [ 92.8156316, 12.4506791 ], [ 92.8164489, 12.4507098 ], [ 92.8171834, 12.4517439 ], [ 92.8177506, 12.4515701 ], [ 92.8177952, 12.4491885 ], [ 92.8165053, 12.4488545 ], [ 92.8160925, 12.4471265 ], [ 92.813663, 12.4501538 ], [ 92.8117199, 12.4498871 ], [ 92.8114928, 12.448774 ], [ 92.812568, 12.4458233 ], [ 92.8163309, 12.444805 ], [ 92.8102193, 12.4426807 ], [ 92.81599, 12.4355103 ], [ 92.8195737, 12.4367473 ], [ 92.8194879, 12.434957 ], [ 92.8092264, 12.4362319 ], [ 92.8041584, 12.4410831 ], [ 92.7958481, 12.4378843 ], [ 92.7951024, 12.4448866 ], [ 92.7990292, 12.4551075 ], [ 92.7971086, 12.4608208 ], [ 92.799537, 12.4646563 ], [ 92.7857578, 12.4747148 ], [ 92.7868983, 12.4775083 ], [ 92.7886555, 12.4768394 ], [ 92.7895409, 12.4771084 ], [ 92.7891889, 12.4787402 ], [ 92.7907275, 12.4807766 ], [ 92.7906422, 12.4826502 ], [ 92.7900004, 12.4835835 ], [ 92.7866102, 12.4838951 ], [ 92.7897957, 12.4834185 ], [ 92.7904882, 12.4812851 ], [ 92.7882412, 12.4800306 ], [ 92.7890787, 12.477226 ], [ 92.7868523, 12.4779603 ], [ 92.7854235, 12.4746807 ], [ 92.790968, 12.4690957 ], [ 92.7867343, 12.4670166 ], [ 92.7821084, 12.4696926 ], [ 92.7781825, 12.4698842 ], [ 92.7748271, 12.4690205 ], [ 92.7718692, 12.471036 ], [ 92.7737256, 12.4688328 ], [ 92.7789, 12.4696741 ], [ 92.7817589, 12.4684044 ], [ 92.7804689, 12.4677149 ], [ 92.7790502, 12.4651473 ], [ 92.7796668, 12.4626998 ], [ 92.7786317, 12.4641754 ], [ 92.7773187, 12.4629074 ], [ 92.7784183, 12.460148 ], [ 92.7775211, 12.4629345 ], [ 92.7786846, 12.4638794 ], [ 92.779722, 12.4623833 ], [ 92.7804508, 12.4641847 ], [ 92.7791859, 12.4651947 ], [ 92.7821224, 12.4679003 ], [ 92.7815863, 12.4693581 ], [ 92.7864807, 12.4666036 ], [ 92.7918691, 12.4686832 ], [ 92.7982009, 12.4640663 ], [ 92.795692, 12.4603032 ], [ 92.7974218, 12.45393 ], [ 92.795412, 12.449559 ], [ 92.7934483, 12.447448 ], [ 92.7891382, 12.452587 ], [ 92.7895821, 12.4532424 ], [ 92.7922015, 12.4527816 ], [ 92.7949611, 12.4539095 ], [ 92.794577, 12.4546621 ], [ 92.7926865, 12.4549536 ], [ 92.794011, 12.4582329 ], [ 92.7914144, 12.4602985 ], [ 92.7910603, 12.4587774 ], [ 92.7917481, 12.456879 ], [ 92.791056, 12.4556654 ], [ 92.7919436, 12.4569198 ], [ 92.7915754, 12.4600928 ], [ 92.7937005, 12.4581765 ], [ 92.7923784, 12.4547004 ], [ 92.7944827, 12.4540654 ], [ 92.789037, 12.453378 ], [ 92.7887887, 12.4522027 ], [ 92.7900217, 12.4478003 ], [ 92.7873128, 12.4467243 ], [ 92.7898217, 12.4469573 ], [ 92.7905069, 12.4483608 ], [ 92.7901826, 12.4498705 ], [ 92.7935725, 12.4462569 ], [ 92.7926488, 12.4362561 ], [ 92.791584, 12.4371443 ], [ 92.7872425, 12.4370875 ], [ 92.7892109, 12.4366921 ], [ 92.7887878, 12.4355937 ], [ 92.7903882, 12.4369408 ], [ 92.7924005, 12.4358358 ], [ 92.7929132, 12.4364528 ], [ 92.7930672, 12.4376077 ], [ 92.7947075, 12.4361501 ], [ 92.805002, 12.4387564 ], [ 92.8109442, 12.4331899 ], [ 92.8217382, 12.4317117 ], [ 92.8239894, 12.4306923 ], [ 92.8230603, 12.4295578 ], [ 92.8238352, 12.4287803 ], [ 92.8242929, 12.4305974 ], [ 92.8296345, 12.4282647 ], [ 92.827974, 12.4247956 ], [ 92.8285555, 12.4208698 ], [ 92.827277, 12.4201015 ], [ 92.8264701, 12.4221967 ], [ 92.8267044, 12.4191524 ], [ 92.8247984, 12.4213221 ], [ 92.8216251, 12.4226783 ], [ 92.8209125, 12.4259531 ], [ 92.8190728, 12.4248096 ], [ 92.8161502, 12.4252594 ], [ 92.8149705, 12.4248955 ], [ 92.8156029, 12.4236299 ], [ 92.8172723, 12.4220818 ], [ 92.8153293, 12.4249091 ], [ 92.819151, 12.4244389 ], [ 92.8206939, 12.4255531 ], [ 92.8211078, 12.4225765 ], [ 92.8247178, 12.4207548 ], [ 92.8252305, 12.4187072 ], [ 92.8294868, 12.4197126 ], [ 92.8302156, 12.418743 ], [ 92.8292108, 12.4180764 ], [ 92.8282081, 12.415925 ], [ 92.8260604, 12.4160787 ], [ 92.8275963, 12.415247 ], [ 92.8282885, 12.4157283 ], [ 92.8297027, 12.4181125 ], [ 92.8314181, 12.4181825 ], [ 92.8339423, 12.4104846 ], [ 92.8303322, 12.4098114 ], [ 92.8295552, 12.4112872 ], [ 92.8306336, 12.4124171 ], [ 92.825361, 12.4095065 ], [ 92.8245197, 12.4130526 ], [ 92.8226365, 12.4140268 ], [ 92.823094, 12.4109463 ], [ 92.8178561, 12.4108154 ], [ 92.8181252, 12.4150643 ], [ 92.8157546, 12.4169944 ], [ 92.8151176, 12.4163729 ], [ 92.8154234, 12.4138665 ], [ 92.8129285, 12.4121918 ], [ 92.814322, 12.4147412 ], [ 92.814322, 12.4154259 ], [ 92.8137288, 12.4159729 ], [ 92.814023, 12.4146372 ], [ 92.8122135, 12.41301 ], [ 92.8128734, 12.4119862 ], [ 92.8110868, 12.4106708 ], [ 92.8071549, 12.410334 ], [ 92.8050486, 12.4117013 ], [ 92.8041611, 12.4117375 ], [ 92.8033129, 12.4045641 ], [ 92.8013378, 12.4059064 ], [ 92.799657, 12.4043153 ], [ 92.7991306, 12.4007986 ], [ 92.800471, 12.4045526 ], [ 92.8036026, 12.4044759 ], [ 92.8050326, 12.4095317 ], [ 92.8042002, 12.4112741 ], [ 92.807148, 12.4099882 ], [ 92.8103947, 12.4098572 ], [ 92.8155107, 12.4132246 ], [ 92.8157131, 12.4163819 ], [ 92.8176147, 12.4140518 ], [ 92.816635, 12.4098232 ], [ 92.8233031, 12.4102253 ], [ 92.823048, 12.4132041 ], [ 92.8243702, 12.4117937 ], [ 92.8238825, 12.4083381 ], [ 92.8285733, 12.4101663 ], [ 92.8299873, 12.4091243 ], [ 92.8384005, 12.4086331 ], [ 92.8400855, 12.4051774 ], [ 92.8385703, 12.404956 ], [ 92.8374872, 12.4039685 ], [ 92.8369494, 12.4063393 ], [ 92.836894, 12.4044183 ], [ 92.837701, 12.4036747 ], [ 92.8396095, 12.4048972 ], [ 92.8399773, 12.4039366 ], [ 92.8388526, 12.3998935 ], [ 92.8376823, 12.3999863 ], [ 92.8373211, 12.398619 ], [ 92.8341206, 12.3981424 ], [ 92.8327091, 12.4018219 ], [ 92.8304557, 12.4008524 ], [ 92.8291036, 12.3985225 ], [ 92.8277656, 12.4009295 ], [ 92.8259194, 12.4022133 ], [ 92.8256573, 12.4015783 ], [ 92.8268551, 12.3998515 ], [ 92.8262894, 12.399221 ], [ 92.8246409, 12.3992798 ], [ 92.8245788, 12.399725 ], [ 92.8260066, 12.3995984 ], [ 92.8261722, 12.4000323 ], [ 92.8226337, 12.4025072 ], [ 92.8216496, 12.4022881 ], [ 92.8258894, 12.4000527 ], [ 92.8242937, 12.3997974 ], [ 92.8245695, 12.3990855 ], [ 92.8254202, 12.3988888 ], [ 92.8263883, 12.3989339 ], [ 92.8270183, 12.3995758 ], [ 92.8263585, 12.4017319 ], [ 92.8290552, 12.3968342 ], [ 92.8269998, 12.3983689 ], [ 92.8251511, 12.3971328 ], [ 92.8273447, 12.3979688 ], [ 92.8286873, 12.3960048 ], [ 92.8279906, 12.3950376 ], [ 92.8266386, 12.3956117 ], [ 92.8250222, 12.3936681 ], [ 92.825043, 12.394719 ], [ 92.8235417, 12.3963328 ], [ 92.8218908, 12.3961543 ], [ 92.8214009, 12.3930467 ], [ 92.821771, 12.3909855 ], [ 92.8198972, 12.3902126 ], [ 92.8195914, 12.3896952 ], [ 92.819665, 12.3890804 ], [ 92.8220423, 12.3909268 ], [ 92.8219713, 12.3958922 ], [ 92.8238176, 12.39577 ], [ 92.8247624, 12.3934376 ], [ 92.8269973, 12.3953088 ], [ 92.8276617, 12.3942511 ], [ 92.8298691, 12.3970443 ], [ 92.8304856, 12.3995236 ], [ 92.8324055, 12.4006308 ], [ 92.8321363, 12.3984024 ], [ 92.8376359, 12.3972245 ], [ 92.8385921, 12.3942502 ], [ 92.8342812, 12.3949512 ], [ 92.8339569, 12.3937625 ], [ 92.8314277, 12.3936586 ], [ 92.8311403, 12.3925512 ], [ 92.8313771, 12.3914845 ], [ 92.8311632, 12.3911681 ], [ 92.8307035, 12.3928519 ], [ 92.8297148, 12.3920315 ], [ 92.8311448, 12.3909511 ], [ 92.8316139, 12.3916088 ], [ 92.8317911, 12.393462 ], [ 92.8342972, 12.3936539 ], [ 92.8343361, 12.3917419 ], [ 92.8353891, 12.3925554 ], [ 92.8354259, 12.3916356 ], [ 92.8356651, 12.3925939 ], [ 92.8347178, 12.3925306 ], [ 92.8345088, 12.3946189 ], [ 92.8367688, 12.3928468 ], [ 92.8392473, 12.3930998 ], [ 92.8407784, 12.3916554 ], [ 92.8389849, 12.3901527 ], [ 92.8390077, 12.3888667 ], [ 92.8414285, 12.3868912 ], [ 92.8389911, 12.383838 ], [ 92.8390191, 12.3875333 ], [ 92.8375363, 12.3893821 ], [ 92.835683, 12.3867764 ], [ 92.8353424, 12.384139 ], [ 92.8323997, 12.3857258 ], [ 92.8327283, 12.383434 ], [ 92.8302774, 12.3833936 ], [ 92.8281346, 12.38138 ], [ 92.8300494, 12.3784576 ], [ 92.8287667, 12.3789255 ], [ 92.8275964, 12.3788081 ], [ 92.8257018, 12.3773776 ], [ 92.8255571, 12.3768148 ], [ 92.8249776, 12.3765527 ], [ 92.821074, 12.3800627 ], [ 92.8204049, 12.3792084 ], [ 92.8248603, 12.3762853 ], [ 92.8230763, 12.3742174 ], [ 92.8275412, 12.3786092 ], [ 92.830192, 12.3783153 ], [ 92.8283874, 12.3810433 ], [ 92.829951, 12.3829619 ], [ 92.8356574, 12.3837955 ], [ 92.8359772, 12.3869346 ], [ 92.8375547, 12.3888532 ], [ 92.8386972, 12.3873909 ], [ 92.8387106, 12.3835284 ], [ 92.8414168, 12.3853701 ], [ 92.8421183, 12.3869385 ], [ 92.8394951, 12.3891763 ], [ 92.840077, 12.3905842 ], [ 92.8426797, 12.3908551 ], [ 92.8448636, 12.3877179 ], [ 92.8423258, 12.3917954 ], [ 92.8466018, 12.3889562 ], [ 92.8457713, 12.3843074 ], [ 92.8460148, 12.3837356 ], [ 92.8443962, 12.3833471 ], [ 92.8439823, 12.3825335 ], [ 92.8461134, 12.3811342 ], [ 92.8451133, 12.3811728 ], [ 92.8443153, 12.3795683 ], [ 92.8462467, 12.3810755 ], [ 92.8442306, 12.3826554 ], [ 92.846323, 12.3836225 ], [ 92.846291, 12.3851549 ], [ 92.8506245, 12.3853974 ], [ 92.851721, 12.3795747 ], [ 92.8560831, 12.3729913 ], [ 92.8610575, 12.3694377 ], [ 92.858503, 12.3676097 ], [ 92.8544914, 12.3675742 ], [ 92.8534335, 12.3656918 ], [ 92.852328, 12.3672808 ], [ 92.8508199, 12.3676177 ], [ 92.8497552, 12.3657352 ], [ 92.8477828, 12.3662327 ], [ 92.8462631, 12.3654532 ], [ 92.8466583, 12.3638847 ], [ 92.8453937, 12.3631119 ], [ 92.8446329, 12.363677 ], [ 92.8457686, 12.3637085 ], [ 92.8459204, 12.3645288 ], [ 92.8435801, 12.3648569 ], [ 92.8457709, 12.3642916 ], [ 92.8444881, 12.3638623 ], [ 92.8446098, 12.3631662 ], [ 92.8453294, 12.3628994 ], [ 92.8467939, 12.3637264 ], [ 92.8460304, 12.3621671 ], [ 92.8480993, 12.3607814 ], [ 92.8465251, 12.3652497 ], [ 92.8510679, 12.3652694 ], [ 92.8514291, 12.3672515 ], [ 92.8534978, 12.3652646 ], [ 92.8555166, 12.3670813 ], [ 92.8602721, 12.3610507 ], [ 92.8694312, 12.3620049 ], [ 92.8701018, 12.3594328 ], [ 92.8680416, 12.3575168 ], [ 92.8697977, 12.3573941 ], [ 92.8722912, 12.3537165 ], [ 92.8763038, 12.355355 ], [ 92.8779876, 12.35928 ], [ 92.8812217, 12.3565274 ], [ 92.8833306, 12.3570255 ], [ 92.8852666, 12.3553105 ], [ 92.8859261, 12.3511743 ], [ 92.8899319, 12.3500002 ], [ 92.8891882, 12.3476931 ], [ 92.8919336, 12.342114 ], [ 92.8955829, 12.3387706 ], [ 92.8948903, 12.3366485 ], [ 92.8989665, 12.3337591 ], [ 92.8943965, 12.33395 ], [ 92.8911774, 12.3389674 ], [ 92.8855394, 12.3436599 ], [ 92.8835878, 12.3424256 ], [ 92.8796161, 12.3443797 ], [ 92.8783863, 12.343941 ], [ 92.8799568, 12.3420474 ], [ 92.8791023, 12.3392945 ], [ 92.8799216, 12.3347271 ], [ 92.8772091, 12.3350746 ], [ 92.8776852, 12.3335989 ], [ 92.8753679, 12.335004 ], [ 92.8749651, 12.3367849 ], [ 92.8736455, 12.3372412 ], [ 92.8730572, 12.3369246 ], [ 92.8732553, 12.3351708 ], [ 92.8738157, 12.337031 ], [ 92.8749472, 12.3349543 ], [ 92.8773635, 12.3332847 ], [ 92.8818366, 12.334063 ], [ 92.8830205, 12.3332021 ], [ 92.8714423, 12.3299681 ], [ 92.8695691, 12.3310963 ], [ 92.8702063, 12.3331143 ], [ 92.8693922, 12.3312613 ], [ 92.8659836, 12.3331627 ], [ 92.8681864, 12.336132 ], [ 92.8658389, 12.3334204 ], [ 92.865085, 12.3339426 ], [ 92.8639522, 12.3359588 ], [ 92.8645017, 12.3365803 ], [ 92.8649179, 12.3372695 ], [ 92.8644585, 12.3388855 ], [ 92.8650723, 12.3391317 ], [ 92.8641803, 12.3389602 ], [ 92.8642097, 12.3362639 ], [ 92.8599686, 12.3362805 ], [ 92.8608426, 12.3387235 ], [ 92.8598731, 12.3421092 ], [ 92.8570623, 12.345206 ], [ 92.8559888, 12.3451248 ], [ 92.8550252, 12.3428445 ], [ 92.8478945, 12.3434784 ], [ 92.8533286, 12.342551 ], [ 92.854363, 12.3420174 ], [ 92.8537858, 12.3407316 ], [ 92.8546458, 12.3420287 ], [ 92.8531931, 12.3428493 ], [ 92.8553746, 12.3427224 ], [ 92.8566323, 12.344962 ], [ 92.8596294, 12.3419172 ], [ 92.8604817, 12.3388026 ], [ 92.8594466, 12.3353449 ], [ 92.8577502, 12.3355441 ], [ 92.8589898, 12.3386311 ], [ 92.8569994, 12.340392 ], [ 92.8547223, 12.3323376 ], [ 92.8556806, 12.3304525 ], [ 92.8580641, 12.3294736 ], [ 92.8542088, 12.3268412 ], [ 92.852655, 12.3270131 ], [ 92.8515217, 12.3263217 ], [ 92.8511702, 12.3280101 ], [ 92.8483821, 12.3283314 ], [ 92.8475798, 12.3277755 ], [ 92.8474232, 12.3261257 ], [ 92.8468854, 12.3267993 ], [ 92.8456443, 12.3270617 ], [ 92.845941, 12.3286956 ], [ 92.8454698, 12.3292561 ], [ 92.8425457, 12.3267998 ], [ 92.8418838, 12.3279096 ], [ 92.8429159, 12.3278959 ], [ 92.8430977, 12.3300429 ], [ 92.8418564, 12.3297176 ], [ 92.8410935, 12.3315777 ], [ 92.8393074, 12.3313068 ], [ 92.8394041, 12.3327735 ], [ 92.8371606, 12.3326358 ], [ 92.8357126, 12.3343401 ], [ 92.8318647, 12.3355427 ], [ 92.8368686, 12.3324279 ], [ 92.8391796, 12.3325151 ], [ 92.8390508, 12.3313764 ], [ 92.8393626, 12.3309226 ], [ 92.8411608, 12.3312241 ], [ 92.8418122, 12.3293623 ], [ 92.8429283, 12.3294039 ], [ 92.8415746, 12.3279784 ], [ 92.8428169, 12.3264585 ], [ 92.8455262, 12.3288605 ], [ 92.8454291, 12.3266731 ], [ 92.8474421, 12.3257967 ], [ 92.8483737, 12.3280835 ], [ 92.8496041, 12.3264224 ], [ 92.8508202, 12.3275006 ], [ 92.8513645, 12.3259555 ], [ 92.8542101, 12.3265605 ], [ 92.8567606, 12.3282126 ], [ 92.8578496, 12.3254596 ], [ 92.8605524, 12.323493 ], [ 92.8591891, 12.3224377 ], [ 92.8601195, 12.319156 ], [ 92.8548927, 12.3194891 ], [ 92.8567865, 12.318526 ], [ 92.8560348, 12.3182821 ], [ 92.8554878, 12.3184267 ], [ 92.8547016, 12.3183071 ], [ 92.8537683, 12.3177558 ], [ 92.8555267, 12.3180222 ], [ 92.8555928, 12.3142705 ], [ 92.8522162, 12.3135138 ], [ 92.8474553, 12.3082802 ], [ 92.8373167, 12.3066293 ], [ 92.8362641, 12.3082476 ], [ 92.8353561, 12.3070656 ], [ 92.8352919, 12.3082431 ], [ 92.8345173, 12.3086206 ], [ 92.8337956, 12.3085529 ], [ 92.8351424, 12.3080782 ], [ 92.8350412, 12.306817 ], [ 92.8363284, 12.3071266 ], [ 92.8362824, 12.3079854 ], [ 92.8370109, 12.3064553 ], [ 92.8314507, 12.3026769 ], [ 92.826036, 12.3070686 ], [ 92.8098089, 12.3156482 ], [ 92.8018309, 12.3132388 ], [ 92.7978616, 12.3084156 ], [ 92.7943796, 12.3062774 ], [ 92.7909132, 12.3114098 ], [ 92.7924161, 12.3138779 ], [ 92.7906488, 12.3116606 ], [ 92.7840566, 12.3137981 ], [ 92.7786689, 12.3130742 ], [ 92.7748048, 12.3156434 ], [ 92.7760942, 12.3159126 ], [ 92.7776501, 12.3177254 ], [ 92.7792983, 12.3165571 ], [ 92.7798453, 12.3173256 ], [ 92.7795003, 12.3184239 ], [ 92.7814909, 12.3184965 ], [ 92.7822792, 12.3189666 ], [ 92.7790429, 12.3184984 ], [ 92.7792776, 12.3168305 ], [ 92.7775673, 12.3179897 ], [ 92.7756138, 12.3160775 ], [ 92.7722694, 12.3167686 ], [ 92.7751471, 12.3171261 ], [ 92.7766294, 12.3188213 ], [ 92.7752134, 12.3195851 ], [ 92.7769142, 12.321034 ], [ 92.7767553, 12.3229935 ], [ 92.7784265, 12.3221393 ], [ 92.7800146, 12.3231634 ], [ 92.776422, 12.3230996 ], [ 92.775018, 12.3197975 ], [ 92.7759284, 12.3187648 ], [ 92.7750643, 12.3174402 ], [ 92.7694898, 12.3206849 ], [ 92.7699007, 12.3245633 ], [ 92.7692062, 12.3264751 ], [ 92.7713922, 12.3264122 ], [ 92.7719804, 12.3273502 ], [ 92.7715966, 12.327757 ], [ 92.7705139, 12.3278788 ], [ 92.7707826, 12.3293027 ], [ 92.7699044, 12.3300845 ], [ 92.7720442, 12.3319224 ], [ 92.7721314, 12.3327066 ], [ 92.7704348, 12.3337595 ], [ 92.7719315, 12.3322884 ], [ 92.7692975, 12.330254 ], [ 92.770307, 12.3278856 ], [ 92.7717529, 12.3272123 ], [ 92.7691303, 12.3267464 ], [ 92.7690323, 12.3220137 ], [ 92.7692738, 12.3203752 ], [ 92.7707821, 12.3178035 ], [ 92.7682864, 12.314569 ], [ 92.7651877, 12.303501 ], [ 92.7635813, 12.3017107 ], [ 92.7624454, 12.3049921 ], [ 92.7648227, 12.3135875 ], [ 92.7650212, 12.3221419 ], [ 92.764161, 12.3125862 ], [ 92.7631955, 12.3127104 ], [ 92.7633102, 12.3143828 ], [ 92.759965, 12.3067206 ], [ 92.7568306, 12.3038497 ], [ 92.7573419, 12.2985635 ], [ 92.7528124, 12.2960945 ], [ 92.7501434, 12.2986547 ], [ 92.7497196, 12.3026413 ], [ 92.7485724, 12.3034818 ], [ 92.7446074, 12.2993438 ], [ 92.7421668, 12.3009264 ], [ 92.7432772, 12.3023636 ], [ 92.7430892, 12.3043841 ], [ 92.7424428, 12.3016722 ], [ 92.7353406, 12.3006724 ], [ 92.734125, 12.3024264 ], [ 92.7360782, 12.3121353 ], [ 92.7395633, 12.3149981 ], [ 92.7394123, 12.3185148 ], [ 92.7436042, 12.3265282 ], [ 92.7437977, 12.3284401 ], [ 92.7418628, 12.3308498 ], [ 92.7450379, 12.3336335 ], [ 92.7444501, 12.336965 ], [ 92.7465657, 12.3403591 ], [ 92.7476614, 12.344956 ], [ 92.7474823, 12.3496216 ], [ 92.7437228, 12.3534387 ], [ 92.746449, 12.3523894 ], [ 92.747231, 12.3543758 ], [ 92.7493854, 12.3552035 ], [ 92.7498715, 12.355902 ], [ 92.7496558, 12.3588513 ], [ 92.7485382, 12.3601596 ], [ 92.7478738, 12.3602748 ], [ 92.7447445, 12.3585982 ], [ 92.7429332, 12.3593128 ], [ 92.7442005, 12.3622324 ], [ 92.7466877, 12.3611742 ], [ 92.7478957, 12.3650322 ], [ 92.7500014, 12.3657082 ], [ 92.7491784, 12.3656178 ], [ 92.7476543, 12.3649892 ], [ 92.746642, 12.3619788 ], [ 92.7445731, 12.3625894 ], [ 92.743566, 12.3621332 ], [ 92.7426114, 12.3594574 ], [ 92.744418, 12.3581327 ], [ 92.748313, 12.3599133 ], [ 92.7497001, 12.3564104 ], [ 92.747232, 12.3547588 ], [ 92.7462191, 12.3527624 ], [ 92.7432308, 12.3536625 ], [ 92.747108, 12.3492817 ], [ 92.7471166, 12.3467188 ], [ 92.7463083, 12.3406981 ], [ 92.7439675, 12.3371187 ], [ 92.7445138, 12.3336923 ], [ 92.7415411, 12.3312567 ], [ 92.7419821, 12.3294033 ], [ 92.7408861, 12.3316229 ], [ 92.741783, 12.3337246 ], [ 92.7402247, 12.3347148 ], [ 92.7395512, 12.3347172 ], [ 92.7380591, 12.3336869 ], [ 92.7384044, 12.3359808 ], [ 92.7377466, 12.3342293 ], [ 92.7381188, 12.3334654 ], [ 92.7400131, 12.3345341 ], [ 92.7415531, 12.3335754 ], [ 92.7406976, 12.3317721 ], [ 92.7411867, 12.3294712 ], [ 92.7433425, 12.3277893 ], [ 92.7389804, 12.3195726 ], [ 92.7387588, 12.3149666 ], [ 92.7355957, 12.312949 ], [ 92.7339648, 12.3059431 ], [ 92.7315622, 12.3020381 ], [ 92.7296525, 12.303078 ], [ 92.7260644, 12.3018739 ], [ 92.7235295, 12.302575 ], [ 92.7194771, 12.3003425 ], [ 92.7178592, 12.3016151 ], [ 92.7190063, 12.3037101 ], [ 92.7149424, 12.3120916 ], [ 92.7124912, 12.3127668 ], [ 92.71042, 12.3102222 ], [ 92.7074027, 12.3172897 ], [ 92.7066746, 12.323645 ], [ 92.7085369, 12.3293267 ], [ 92.7038501, 12.3318764 ], [ 92.7017283, 12.3274965 ], [ 92.6996917, 12.327031 ], [ 92.6992642, 12.3279486 ], [ 92.7002689, 12.3330925 ], [ 92.6991014, 12.3386071 ], [ 92.7004128, 12.3587984 ], [ 92.6981672, 12.3673347 ], [ 92.7001123, 12.3699225 ], [ 92.7035929, 12.3692262 ], [ 92.7045378, 12.3706906 ], [ 92.7005333, 12.3759704 ], [ 92.7027726, 12.3770965 ], [ 92.7024646, 12.3789 ], [ 92.6986481, 12.3772323 ], [ 92.6976733, 12.378507 ], [ 92.6951291, 12.4004093 ], [ 92.698684, 12.4085521 ], [ 92.695516, 12.4201237 ], [ 92.6962335, 12.4236086 ], [ 92.6948793, 12.4290034 ], [ 92.6980343, 12.429774 ], [ 92.7004077, 12.4365179 ], [ 92.7000496, 12.447678 ], [ 92.7033843, 12.4495853 ], [ 92.7045021, 12.4522204 ], [ 92.7026604, 12.4583407 ], [ 92.7007722, 12.4564379 ], [ 92.6993694, 12.4566187 ], [ 92.6989854, 12.4582686 ], [ 92.7012301, 12.4612518 ], [ 92.7001908, 12.4649537 ], [ 92.6987787, 12.4663957 ], [ 92.6959407, 12.4647008 ], [ 92.6948945, 12.4703668 ], [ 92.6995356, 12.4698445 ], [ 92.702007, 12.4910436 ], [ 92.7058617, 12.4905393 ], [ 92.7069384, 12.4927902 ], [ 92.7059633, 12.4946436 ], [ 92.7035666, 12.4944425 ], [ 92.7037072, 12.4988948 ], [ 92.7011217, 12.4964541 ], [ 92.6984582, 12.4969831 ], [ 92.6991459, 12.500019 ], [ 92.7022398, 12.5000181 ], [ 92.703599, 12.5017538 ], [ 92.7049523, 12.5057222 ], [ 92.7016947, 12.5007211 ], [ 92.6994441, 12.5003606 ], [ 92.6993872, 12.5116178 ], [ 92.6964386, 12.5122332 ], [ 92.6934661, 12.5082062 ], [ 92.6942121, 12.5127037 ], [ 92.6930487, 12.5155923 ], [ 92.6944705, 12.5170204 ], [ 92.6946182, 12.5198907 ], [ 92.697379, 12.5227243 ], [ 92.6990225, 12.5283923 ], [ 92.6996128, 12.5355748 ], [ 92.6984672, 12.5353671 ], [ 92.6980772, 12.5410717 ], [ 92.7080385, 12.5567216 ], [ 92.7076621, 12.5597274 ], [ 92.7038354, 12.5655727 ], [ 92.7046005, 12.5694822 ], [ 92.7072242, 12.5714972 ], [ 92.7070318, 12.5743854 ], [ 92.7082058, 12.5759534 ], [ 92.7043688, 12.5791231 ], [ 92.7066719, 12.5857168 ], [ 92.7040627, 12.5863594 ], [ 92.7035208, 12.5899393 ], [ 92.7073695, 12.5940059 ], [ 92.7060948, 12.594273 ], [ 92.7069742, 12.5955428 ], [ 92.7029433, 12.5976367 ], [ 92.7022264, 12.6011579 ], [ 92.6996765, 12.6003767 ], [ 92.6937903, 12.6008123 ], [ 92.6931693, 12.6022543 ], [ 92.6854834, 12.6020076 ], [ 92.6841768, 12.6039695 ], [ 92.6842239, 12.6087153 ], [ 92.6857993, 12.6143241 ], [ 92.6858817, 12.6123489 ], [ 92.6890887, 12.6088272 ], [ 92.6932119, 12.6064713 ], [ 92.7018848, 12.6128734 ], [ 92.7025865, 12.6047872 ], [ 92.7071496, 12.611448 ], [ 92.707505, 12.6145123 ], [ 92.7101293, 12.617029 ], [ 92.7117193, 12.6231438 ], [ 92.7104732, 12.6268731 ], [ 92.7137291, 12.6319342 ], [ 92.7147951, 12.6395723 ], [ 92.7132541, 12.642348 ], [ 92.7182399, 12.644335 ], [ 92.7183343, 12.6380253 ], [ 92.7199217, 12.6364066 ], [ 92.7215294, 12.6276059 ], [ 92.7202216, 12.6261691 ], [ 92.721615, 12.6227787 ], [ 92.7199334, 12.6184087 ], [ 92.7233803, 12.6173271 ], [ 92.722436, 12.6153569 ], [ 92.7236565, 12.6172818 ], [ 92.7211486, 12.6188557 ], [ 92.7237128, 12.6201474 ], [ 92.7232904, 12.6229001 ], [ 92.7204748, 12.6261057 ], [ 92.7218836, 12.6271267 ], [ 92.722914, 12.6255715 ], [ 92.7239131, 12.6262897 ], [ 92.7272723, 12.6356309 ], [ 92.7312343, 12.6328406 ], [ 92.7346353, 12.6317182 ], [ 92.7367895, 12.6319207 ], [ 92.7355491, 12.6267732 ], [ 92.734767, 12.6275193 ], [ 92.7332057, 12.6253459 ], [ 92.7333018, 12.6240667 ], [ 92.7349188, 12.6272525 ], [ 92.735659, 12.625372 ], [ 92.7400349, 12.6223734 ], [ 92.7403193, 12.6203936 ], [ 92.7408621, 12.6197019 ], [ 92.7427398, 12.6192038 ], [ 92.7441068, 12.6192032 ], [ 92.7476615, 12.6204592 ], [ 92.743467, 12.619312 ], [ 92.7407656, 12.6199776 ], [ 92.739943, 12.6227305 ], [ 92.7357651, 12.6259369 ], [ 92.7373465, 12.6320018 ], [ 92.7318004, 12.6327771 ], [ 92.7285245, 12.6360372 ], [ 92.7348042, 12.6390267 ], [ 92.7346119, 12.641463 ], [ 92.7331897, 12.641911 ], [ 92.7343003, 12.6448529 ], [ 92.7323585, 12.6465623 ], [ 92.7315649, 12.6530033 ], [ 92.7328279, 12.6571068 ], [ 92.7366121, 12.6575707 ], [ 92.7404114, 12.6611623 ], [ 92.7404955, 12.6636933 ], [ 92.7427104, 12.6652381 ], [ 92.7434435, 12.6676513 ], [ 92.7506716, 12.6663204 ], [ 92.7505845, 12.6694977 ], [ 92.7523096, 12.6719529 ], [ 92.7563013, 12.6692532 ], [ 92.7641789, 12.6678093 ], [ 92.7694312, 12.6681235 ], [ 92.7731453, 12.6703896 ], [ 92.7764978, 12.6669332 ], [ 92.7783001, 12.6601631 ], [ 92.7774673, 12.64616 ], [ 92.778385, 12.641202 ], [ 92.7754496, 12.6378335 ], [ 92.7762795, 12.6339422 ], [ 92.7751022, 12.6313563 ], [ 92.7698054, 12.6291031 ], [ 92.7670104, 12.6319268 ], [ 92.7652337, 12.6320571 ], [ 92.7622714, 12.6277528 ], [ 92.7618677, 12.6244214 ], [ 92.7626812, 12.6273462 ], [ 92.7661928, 12.6316072 ], [ 92.7695295, 12.6282487 ], [ 92.7756593, 12.6307373 ], [ 92.7770116, 12.6332238 ], [ 92.7763104, 12.6377254 ], [ 92.7784875, 12.637889 ], [ 92.7788218, 12.6296357 ], [ 92.7840978, 12.6255156 ], [ 92.784379, 12.6239744 ], [ 92.7822869, 12.6179214 ], [ 92.7816083, 12.610314 ], [ 92.7823503, 12.6073492 ], [ 92.7799129, 12.6020735 ], [ 92.7798279, 12.5949545 ], [ 92.7772975, 12.5929783 ], [ 92.7764517, 12.5904694 ], [ 92.7789266, 12.5799751 ], [ 92.7794547, 12.582963 ], [ 92.7774181, 12.5903161 ], [ 92.7800077, 12.5941049 ], [ 92.7804928, 12.6020014 ], [ 92.7829903, 12.6064545 ], [ 92.7820682, 12.6112137 ], [ 92.7830695, 12.6174832 ], [ 92.7859897, 12.6245174 ], [ 92.7799167, 12.6309288 ], [ 92.7812587, 12.6367601 ], [ 92.7810535, 12.6448055 ], [ 92.7827282, 12.6469667 ], [ 92.7820641, 12.6546801 ], [ 92.7838808, 12.6553064 ], [ 92.7820622, 12.6564086 ], [ 92.781274, 12.6593281 ], [ 92.7823416, 12.6605399 ], [ 92.784206, 12.6602468 ], [ 92.7819453, 12.6616019 ], [ 92.7818331, 12.6666687 ], [ 92.7790834, 12.6710203 ], [ 92.7808759, 12.679175 ], [ 92.7861431, 12.6911864 ], [ 92.787097, 12.7027804 ], [ 92.7862893, 12.7088774 ], [ 92.7819458, 12.7107698 ], [ 92.7844128, 12.7128789 ], [ 92.7839499, 12.7175769 ], [ 92.7809748, 12.7253682 ], [ 92.783687, 12.7246053 ], [ 92.7869829, 12.7264053 ], [ 92.7896952, 12.725466 ], [ 92.7868953, 12.7267758 ], [ 92.7831389, 12.7250029 ], [ 92.779505, 12.7280434 ], [ 92.7825835, 12.732876 ], [ 92.7812454, 12.7403827 ], [ 92.7808787, 12.735994 ], [ 92.7776917, 12.7378369 ], [ 92.7806673, 12.7348188 ], [ 92.7764127, 12.7351969 ], [ 92.7748845, 12.7340303 ], [ 92.7723313, 12.7287413 ], [ 92.7699826, 12.7300059 ], [ 92.7691172, 12.7294948 ], [ 92.7677971, 12.7260048 ], [ 92.7687609, 12.7223215 ], [ 92.7675318, 12.7217741 ], [ 92.7683739, 12.7230039 ], [ 92.7679131, 12.7238127 ], [ 92.7662602, 12.7236041 ], [ 92.7643729, 12.7224145 ], [ 92.7632167, 12.7237383 ], [ 92.7623741, 12.7237379 ], [ 92.761601, 12.722811 ], [ 92.7630832, 12.7235845 ], [ 92.7641152, 12.7221115 ], [ 92.7678672, 12.7235144 ], [ 92.7670621, 12.7219456 ], [ 92.7677345, 12.7214352 ], [ 92.7692949, 12.7224935 ], [ 92.768124, 12.7260728 ], [ 92.7695823, 12.7293775 ], [ 92.7728749, 12.7281313 ], [ 92.7749494, 12.7330134 ], [ 92.7769838, 12.7347813 ], [ 92.7818142, 12.7336893 ], [ 92.7788327, 12.7284499 ], [ 92.7815524, 12.7200939 ], [ 92.7757839, 12.7183787 ], [ 92.7772544, 12.7135294 ], [ 92.7846736, 12.708 ], [ 92.7852733, 12.7042306 ], [ 92.7830167, 12.6924101 ], [ 92.7762657, 12.6848637 ], [ 92.7749137, 12.6809082 ], [ 92.7702613, 12.6763366 ], [ 92.7693942, 12.6731032 ], [ 92.7620001, 12.6712615 ], [ 92.7499996, 12.675025 ], [ 92.7428464, 12.6704675 ], [ 92.7426629, 12.6719301 ], [ 92.7424045, 12.6707072 ], [ 92.7421107, 12.672348 ], [ 92.7403478, 12.6729726 ], [ 92.739141, 12.6716804 ], [ 92.7377099, 12.6729963 ], [ 92.7358495, 12.6716593 ], [ 92.7322874, 12.6741783 ], [ 92.7319552, 12.6725965 ], [ 92.7316986, 12.6754441 ], [ 92.733426, 12.6777439 ], [ 92.7337861, 12.680067 ], [ 92.7331728, 12.6778842 ], [ 92.732768, 12.6786663 ], [ 92.7348237, 12.6842699 ], [ 92.7320821, 12.6895728 ], [ 92.7291318, 12.6916215 ], [ 92.7262217, 12.6905876 ], [ 92.7262043, 12.6930057 ], [ 92.7282229, 12.698171 ], [ 92.7327582, 12.6987341 ], [ 92.731169, 12.6969179 ], [ 92.7310535, 12.6961043 ], [ 92.7346047, 12.6995289 ], [ 92.7369111, 12.698999 ], [ 92.7414883, 12.700484 ], [ 92.7437818, 12.7018615 ], [ 92.7433299, 12.7003476 ], [ 92.7447151, 12.6991673 ], [ 92.7434681, 12.70056 ], [ 92.7445085, 12.7003199 ], [ 92.7441271, 12.7019156 ], [ 92.7421475, 12.7022013 ], [ 92.7438057, 12.7038005 ], [ 92.7435952, 12.706508 ], [ 92.7436677, 12.7040356 ], [ 92.7415444, 12.7023281 ], [ 92.7425799, 12.7015141 ], [ 92.7415576, 12.701049 ], [ 92.7391139, 12.703441 ], [ 92.7379336, 12.7100585 ], [ 92.7390716, 12.7118117 ], [ 92.738631, 12.7149983 ], [ 92.7403302, 12.7153366 ], [ 92.7397007, 12.7181256 ], [ 92.7388165, 12.7177644 ], [ 92.7394165, 12.7209958 ], [ 92.7458406, 12.7228188 ], [ 92.7406108, 12.7247105 ], [ 92.7415231, 12.7261835 ], [ 92.739557, 12.7263155 ], [ 92.739606, 12.7327923 ], [ 92.7374987, 12.7363729 ], [ 92.7389966, 12.7393598 ], [ 92.7404423, 12.7390473 ], [ 92.7389368, 12.7396175 ], [ 92.7374436, 12.7368249 ], [ 92.736763, 12.7387551 ], [ 92.7351102, 12.7396327 ], [ 92.7365601, 12.7381225 ], [ 92.7341152, 12.7386252 ], [ 92.7296783, 12.7438926 ], [ 92.7294117, 12.7505464 ], [ 92.7311828, 12.7535973 ], [ 92.7297466, 12.7545967 ], [ 92.7248021, 12.7682215 ], [ 92.7200031, 12.7902939 ], [ 92.7227827, 12.7964763 ], [ 92.7247682, 12.7978407 ], [ 92.7278314, 12.7991776 ], [ 92.731202, 12.7975177 ], [ 92.732112, 12.79335 ], [ 92.735709, 12.793638 ], [ 92.7335163, 12.7924771 ], [ 92.735187, 12.7900086 ], [ 92.7327412, 12.7893089 ], [ 92.7343431, 12.7876676 ], [ 92.7356146, 12.7886209 ], [ 92.7350613, 12.7870888 ], [ 92.7369435, 12.7841547 ], [ 92.7357052, 12.7851359 ], [ 92.7352123, 12.7850005 ], [ 92.7350871, 12.7829711 ], [ 92.7377333, 12.7791553 ], [ 92.7353358, 12.7830207 ], [ 92.7356083, 12.7848693 ], [ 92.7365105, 12.7837616 ], [ 92.7371277, 12.784123 ], [ 92.7352918, 12.7875588 ], [ 92.7358955, 12.7885756 ], [ 92.7357638, 12.79263 ], [ 92.738798, 12.7908842 ], [ 92.7361743, 12.7939813 ], [ 92.7370449, 12.7943019 ], [ 92.7372433, 12.7949572 ], [ 92.7369626, 12.7954862 ], [ 92.7372159, 12.7956533 ], [ 92.7386616, 12.7947307 ], [ 92.7371193, 12.7958613 ], [ 92.7367139, 12.7956625 ], [ 92.7369391, 12.7945053 ], [ 92.7323059, 12.7943488 ], [ 92.7320449, 12.7978428 ], [ 92.7296092, 12.7991951 ], [ 92.731213, 12.8017077 ], [ 92.7294573, 12.7993714 ], [ 92.7278456, 12.7999099 ], [ 92.7204663, 12.7969968 ], [ 92.7196087, 12.8062585 ], [ 92.7207389, 12.8107735 ], [ 92.721388, 12.8099598 ], [ 92.7221617, 12.8099053 ], [ 92.7207912, 12.8148957 ], [ 92.7222695, 12.8259149 ], [ 92.7237076, 12.8285179 ], [ 92.7260705, 12.8282685 ], [ 92.72827, 12.8341076 ], [ 92.730528, 12.8362493 ], [ 92.7332028, 12.8226298 ], [ 92.7353297, 12.8203374 ], [ 92.7343891, 12.8182586 ], [ 92.7358877, 12.811668 ], [ 92.7351824, 12.8103167 ], [ 92.7353099, 12.8072522 ], [ 92.7377358, 12.8043857 ], [ 92.7353526, 12.8098466 ], [ 92.7359611, 12.8112114 ], [ 92.7369831, 12.8099861 ], [ 92.7381354, 12.8118434 ], [ 92.7369673, 12.825815 ], [ 92.739119, 12.8370191 ], [ 92.7403164, 12.8364762 ], [ 92.741834, 12.8218627 ], [ 92.7425796, 12.8206601 ], [ 92.7429616, 12.839038 ], [ 92.7454969, 12.8428338 ], [ 92.7475269, 12.8367954 ], [ 92.7467626, 12.8406998 ], [ 92.7502757, 12.8450628 ], [ 92.7535924, 12.8454972 ], [ 92.7525325, 12.8480463 ], [ 92.756225, 12.8465099 ], [ 92.7566098, 12.8448986 ], [ 92.7615048, 12.8419499 ], [ 92.7619131, 12.8352491 ], [ 92.7642649, 12.8332695 ], [ 92.7620703, 12.8287629 ], [ 92.7634203, 12.8259493 ], [ 92.7608475, 12.8265977 ], [ 92.7604837, 12.8259264 ], [ 92.7607372, 12.8245479 ], [ 92.7579526, 12.8248211 ], [ 92.7555598, 12.8236818 ], [ 92.7544453, 12.8220319 ], [ 92.754844, 12.8198262 ], [ 92.7537154, 12.8195842 ], [ 92.7534415, 12.8189401 ], [ 92.7541855, 12.8177153 ], [ 92.7535658, 12.8191864 ], [ 92.7551111, 12.8195799 ], [ 92.7553618, 12.8232343 ], [ 92.7609952, 12.8242473 ], [ 92.7612115, 12.8263763 ], [ 92.7633581, 12.8250973 ], [ 92.7643812, 12.8196983 ], [ 92.7655375, 12.8188351 ], [ 92.7645125, 12.8201096 ], [ 92.7650742, 12.8228352 ], [ 92.7638396, 12.8237256 ], [ 92.7642263, 12.8270658 ], [ 92.7626691, 12.8288647 ], [ 92.7649236, 12.8336334 ], [ 92.7624682, 12.8352784 ], [ 92.7622352, 12.8391498 ], [ 92.7649188, 12.8358301 ], [ 92.7656904, 12.8358844 ], [ 92.7661141, 12.8377421 ], [ 92.7655559, 12.8472973 ], [ 92.7663459, 12.848416 ], [ 92.7726989, 12.8425631 ], [ 92.772103, 12.8317197 ], [ 92.7793053, 12.8241151 ], [ 92.7807728, 12.8095383 ], [ 92.779428, 12.7991016 ], [ 92.7834951, 12.7884526 ], [ 92.7865924, 12.7861473 ], [ 92.7842436, 12.7844162 ], [ 92.7829563, 12.7818376 ], [ 92.7831959, 12.7757221 ], [ 92.780375, 12.7763119 ], [ 92.7813836, 12.7749603 ], [ 92.7832974, 12.775463 ], [ 92.7842091, 12.7713309 ], [ 92.7823117, 12.7709286 ], [ 92.782086, 12.7686076 ], [ 92.7825972, 12.7677849 ], [ 92.7808335, 12.7660922 ], [ 92.7793599, 12.7619812 ], [ 92.7826479, 12.7676064 ], [ 92.7826594, 12.770906 ], [ 92.7849023, 12.7673713 ], [ 92.7840365, 12.7662074 ], [ 92.7838315, 12.7621463 ], [ 92.785045, 12.7670821 ], [ 92.783767, 12.7753536 ], [ 92.784741, 12.7757785 ], [ 92.7852085, 12.7771006 ], [ 92.7869539, 12.7767706 ], [ 92.7862309, 12.7784544 ], [ 92.7874076, 12.7789764 ], [ 92.7875734, 12.7772023 ], [ 92.7907649, 12.7739275 ], [ 92.7933785, 12.7743636 ], [ 92.7899428, 12.7751096 ], [ 92.7874629, 12.7792047 ], [ 92.7859868, 12.778477 ], [ 92.7865095, 12.7774125 ], [ 92.7847295, 12.7771616 ], [ 92.7837761, 12.7756836 ], [ 92.7835044, 12.7816229 ], [ 92.7871082, 12.7865067 ], [ 92.7841699, 12.7886696 ], [ 92.7803723, 12.7979942 ], [ 92.7804159, 12.8050521 ], [ 92.7816434, 12.8081619 ], [ 92.7838726, 12.8091879 ], [ 92.7882692, 12.8147182 ], [ 92.789833, 12.8147136 ], [ 92.7922028, 12.8096828 ], [ 92.7903419, 12.8074974 ], [ 92.7922187, 12.8049978 ], [ 92.7917051, 12.8017141 ], [ 92.7920206, 12.7996395 ], [ 92.7927528, 12.7991061 ], [ 92.7942797, 12.7997185 ], [ 92.7949361, 12.7986517 ], [ 92.7917948, 12.797341 ], [ 92.7937937, 12.7976891 ], [ 92.7937039, 12.7966201 ], [ 92.793059, 12.7958133 ], [ 92.7924464, 12.7934245 ], [ 92.7929439, 12.7946471 ], [ 92.7946664, 12.7936685 ], [ 92.793013, 12.7954516 ], [ 92.7952815, 12.798211 ], [ 92.795164, 12.7990811 ], [ 92.7941324, 12.8001501 ], [ 92.7923568, 12.7995626 ], [ 92.7925504, 12.8050341 ], [ 92.7907034, 12.8075878 ], [ 92.7927025, 12.8093664 ], [ 92.7921452, 12.8110479 ], [ 92.7938634, 12.8133756 ], [ 92.7961157, 12.8122229 ], [ 92.7997315, 12.8134251 ], [ 92.7975434, 12.8081888 ], [ 92.798681, 12.8062203 ], [ 92.7975594, 12.805531 ], [ 92.798978, 12.806044 ], [ 92.8002354, 12.8045636 ], [ 92.797905, 12.8081187 ], [ 92.8006297, 12.8128284 ], [ 92.8000079, 12.8136533 ], [ 92.7986445, 12.8137958 ], [ 92.796323, 12.8125099 ], [ 92.7938288, 12.8137937 ], [ 92.7919564, 12.81171 ], [ 92.7896948, 12.8155272 ], [ 92.7877096, 12.8152899 ], [ 92.7892136, 12.8288589 ], [ 92.7881311, 12.8273379 ], [ 92.7875622, 12.8146209 ], [ 92.7820717, 12.8091812 ], [ 92.7805606, 12.8238484 ], [ 92.7848238, 12.8246553 ], [ 92.785669, 12.8329245 ], [ 92.781166, 12.8411712 ], [ 92.7805807, 12.8514383 ], [ 92.7817969, 12.8599833 ], [ 92.7831973, 12.8618907 ], [ 92.7872469, 12.8612421 ], [ 92.788143, 12.8556306 ], [ 92.7888708, 12.8552712 ], [ 92.7900732, 12.8560442 ], [ 92.7894512, 12.8521909 ], [ 92.7895457, 12.8496981 ], [ 92.7901054, 12.84928 ], [ 92.7913607, 12.8502834 ], [ 92.7903634, 12.84895 ], [ 92.7907549, 12.8485659 ], [ 92.7917131, 12.8489998 ], [ 92.7915772, 12.8470449 ], [ 92.7930052, 12.8445069 ], [ 92.7917477, 12.84921 ], [ 92.790642, 12.8489161 ], [ 92.7915727, 12.8504077 ], [ 92.789723, 12.8498518 ], [ 92.7903474, 12.8558091 ], [ 92.7900179, 12.8563673 ], [ 92.7885759, 12.8557662 ], [ 92.7883964, 12.8614907 ], [ 92.7941782, 12.8628647 ], [ 92.7954128, 12.8602023 ], [ 92.7987666, 12.8594632 ], [ 92.7976195, 12.858383 ], [ 92.797783, 12.8570857 ], [ 92.7982136, 12.8566744 ], [ 92.8000196, 12.8568506 ], [ 92.7996601, 12.8541839 ], [ 92.8016294, 12.851682 ], [ 92.8001092, 12.8515283 ], [ 92.7993789, 12.8504526 ], [ 92.8004107, 12.8484593 ], [ 92.7997705, 12.8505476 ], [ 92.8018413, 12.8517113 ], [ 92.7999273, 12.8542222 ], [ 92.8002177, 12.8569907 ], [ 92.7979373, 12.8575806 ], [ 92.799179, 12.8593028 ], [ 92.7971543, 12.8609119 ], [ 92.7955902, 12.8604532 ], [ 92.7950974, 12.8628082 ], [ 92.7927569, 12.8636783 ], [ 92.7944317, 12.8637054 ], [ 92.7966546, 12.8648307 ], [ 92.7991469, 12.8627989 ], [ 92.800218, 12.862548 ], [ 92.7997319, 12.8618135 ], [ 92.8001672, 12.8605705 ], [ 92.8005312, 12.8605592 ], [ 92.8014388, 12.8616733 ], [ 92.8018696, 12.860715 ], [ 92.8043988, 12.861072 ], [ 92.8019202, 12.860932 ], [ 92.8016599, 12.8618677 ], [ 92.8002018, 12.8607716 ], [ 92.8002595, 12.8627763 ], [ 92.7965648, 12.8650748 ], [ 92.7937959, 12.8638952 ], [ 92.7920429, 12.8646297 ], [ 92.7918887, 12.8696605 ], [ 92.7949433, 12.8701101 ], [ 92.7918635, 12.8754709 ], [ 92.7930868, 12.8768706 ], [ 92.7920157, 12.8806064 ], [ 92.795628, 12.8842516 ], [ 92.7967888, 12.8806131 ], [ 92.7961901, 12.8844573 ], [ 92.7913591, 12.8841636 ], [ 92.7907903, 12.8899356 ], [ 92.7955016, 12.8918768 ], [ 92.8020838, 12.8970902 ], [ 92.8080392, 12.8971869 ], [ 92.8084443, 12.8930851 ], [ 92.80694, 12.8934762 ], [ 92.806903, 12.8914309 ], [ 92.8078036, 12.8900522 ], [ 92.8060803, 12.8893224 ], [ 92.8066953, 12.888432 ], [ 92.8080017, 12.8897675 ], [ 92.8071127, 12.8930219 ], [ 92.8084904, 12.892737 ], [ 92.8088364, 12.8974897 ], [ 92.8228481, 12.89594 ], [ 92.8249142, 12.8933407 ], [ 92.8263085, 12.8873492 ], [ 92.8297507, 12.8846188 ], [ 92.8341326, 12.8856756 ], [ 92.8406926, 12.891609 ], [ 92.8419595, 12.8907929 ], [ 92.8420736, 12.8858798 ], [ 92.8393353, 12.8791998 ], [ 92.8396019, 12.8766777 ], [ 92.842267, 12.8752163 ], [ 92.8476968, 12.876067 ], [ 92.8443955, 12.8751322 ], [ 92.8414453, 12.8680455 ], [ 92.8398889, 12.8681202 ], [ 92.8406901, 12.8698176 ], [ 92.8393293, 12.8722541 ], [ 92.8388568, 12.8715196 ], [ 92.8384532, 12.8691084 ], [ 92.8393728, 12.8715015 ], [ 92.8403907, 12.8699058 ], [ 92.8395057, 12.8680143 ], [ 92.8404566, 12.8658965 ], [ 92.8385654, 12.8661296 ], [ 92.8363516, 12.8658567 ], [ 92.8388187, 12.865707 ], [ 92.8380674, 12.8640822 ], [ 92.8397393, 12.8613858 ], [ 92.8390145, 12.8656482 ], [ 92.8406639, 12.865571 ], [ 92.8403878, 12.8674016 ], [ 92.8425579, 12.8685029 ], [ 92.844506, 12.8748339 ], [ 92.8538801, 12.8771116 ], [ 92.8526751, 12.8735388 ], [ 92.8497117, 12.8739881 ], [ 92.846707, 12.8693263 ], [ 92.8481438, 12.8670677 ], [ 92.851076, 12.8663187 ], [ 92.8488199, 12.8635963 ], [ 92.8461088, 12.8632358 ], [ 92.8450588, 12.8622246 ], [ 92.8470533, 12.8569958 ], [ 92.8503352, 12.8538712 ], [ 92.8487113, 12.8517043 ], [ 92.8495572, 12.8451004 ], [ 92.8486428, 12.8449559 ], [ 92.8487808, 12.8469704 ], [ 92.8475032, 12.8477309 ], [ 92.8455413, 12.8459619 ], [ 92.8413801, 12.8463829 ], [ 92.8381901, 12.8444453 ], [ 92.8362506, 12.8471109 ], [ 92.8361757, 12.845116 ], [ 92.8397859, 12.8425353 ], [ 92.8391477, 12.8418669 ], [ 92.8392236, 12.8413466 ], [ 92.8415429, 12.8406275 ], [ 92.8407429, 12.837319 ], [ 92.8381813, 12.8358669 ], [ 92.8367489, 12.8370016 ], [ 92.8354955, 12.8350267 ], [ 92.8323209, 12.8370963 ], [ 92.8316702, 12.8368936 ], [ 92.8307, 12.8346908 ], [ 92.8330944, 12.8288077 ], [ 92.8276502, 12.8322297 ], [ 92.8271803, 12.832223 ], [ 92.8259848, 12.8310434 ], [ 92.8256136, 12.8289079 ], [ 92.8270231, 12.826658 ], [ 92.8251329, 12.8256829 ], [ 92.82658, 12.8243976 ], [ 92.8245903, 12.8241778 ], [ 92.8236136, 12.8235226 ], [ 92.8234408, 12.8231045 ], [ 92.8288617, 12.8188891 ], [ 92.8291098, 12.8176006 ], [ 92.8270257, 12.8162703 ], [ 92.8278039, 12.8150425 ], [ 92.8266983, 12.8140302 ], [ 92.8276368, 12.8103296 ], [ 92.8284053, 12.8100574 ], [ 92.8269746, 12.8139719 ], [ 92.8280917, 12.8149751 ], [ 92.8272398, 12.8161483 ], [ 92.8294427, 12.8172127 ], [ 92.8290153, 12.8192279 ], [ 92.824903, 12.8221217 ], [ 92.8248481, 12.8233325 ], [ 92.8236574, 12.8232107 ], [ 92.8268243, 12.8242746 ], [ 92.8253828, 12.8255857 ], [ 92.8272785, 12.8266182 ], [ 92.8261758, 12.8308857 ], [ 92.8275671, 12.8319951 ], [ 92.8304435, 12.8297799 ], [ 92.8301301, 12.828503 ], [ 92.8334606, 12.828624 ], [ 92.8309591, 12.8346678 ], [ 92.8317993, 12.8364042 ], [ 92.8354125, 12.8347284 ], [ 92.8370507, 12.8366847 ], [ 92.8377736, 12.8353127 ], [ 92.8405262, 12.8364647 ], [ 92.8419204, 12.8396194 ], [ 92.8414094, 12.8411111 ], [ 92.839219, 12.8415365 ], [ 92.840106, 12.8425668 ], [ 92.8382337, 12.8441695 ], [ 92.8418597, 12.8461938 ], [ 92.8460425, 12.845691 ], [ 92.8477842, 12.8474195 ], [ 92.8482189, 12.8448679 ], [ 92.8500748, 12.8450011 ], [ 92.848923, 12.8512025 ], [ 92.8507757, 12.8537625 ], [ 92.8477704, 12.8567058 ], [ 92.8454682, 12.8619879 ], [ 92.8488661, 12.8628911 ], [ 92.8519262, 12.8666962 ], [ 92.8472344, 12.8693527 ], [ 92.8499814, 12.8733433 ], [ 92.8521259, 12.8725946 ], [ 92.8535452, 12.8737175 ], [ 92.8547487, 12.8775713 ], [ 92.8591535, 12.8783724 ], [ 92.8605584, 12.8773165 ], [ 92.8621989, 12.878254 ], [ 92.8612364, 12.873279 ], [ 92.8615126, 12.8711728 ], [ 92.8639632, 12.8696308 ], [ 92.8644419, 12.8685413 ], [ 92.8632812, 12.8694931 ], [ 92.8616553, 12.8685772 ], [ 92.8612783, 12.8657716 ], [ 92.8624263, 12.86359 ], [ 92.8619909, 12.8682325 ], [ 92.8633572, 12.8692061 ], [ 92.8642621, 12.8679697 ], [ 92.8646102, 12.868817 ], [ 92.8640393, 12.8699471 ], [ 92.8616993, 12.8714372 ], [ 92.8624869, 12.8782788 ], [ 92.8618972, 12.8784417 ], [ 92.8605055, 12.8776534 ], [ 92.8603122, 12.8780692 ], [ 92.8644503, 12.8803845 ], [ 92.8727373, 12.880877 ], [ 92.8743243, 12.8823372 ], [ 92.8744161, 12.885474 ], [ 92.8702008, 12.8890294 ], [ 92.8713147, 12.8923737 ], [ 92.8783012, 12.8953032 ], [ 92.8856966, 12.8935367 ], [ 92.8952003, 12.8982285 ], [ 92.8961827, 12.9042638 ], [ 92.9001132, 12.902844 ], [ 92.900362, 12.9038821 ], [ 92.8962703, 12.9049599 ], [ 92.8962953, 12.9100087 ], [ 92.8946641, 12.9106188 ], [ 92.8941663, 12.9137511 ], [ 92.8924059, 12.9156584 ], [ 92.8962705, 12.9263964 ], [ 92.8971183, 12.9268868 ], [ 92.8976114, 12.9267603 ] ] ], [ [ [ 92.8339253, 12.8869191 ], [ 92.8354713, 12.8875427 ], [ 92.8337041, 12.8864944 ], [ 92.8339253, 12.8869191 ] ] ], [ [ [ 92.8909793, 12.8996173 ], [ 92.8925932, 12.8995163 ], [ 92.8924708, 12.8977631 ], [ 92.890966, 12.8978526 ], [ 92.8909793, 12.8996173 ] ] ], [ [ [ 92.8804353, 12.9035758 ], [ 92.8785371, 12.9023777 ], [ 92.8794259, 12.9058129 ], [ 92.8804353, 12.9035758 ] ] ], [ [ [ 92.8795317, 12.9074085 ], [ 92.8773862, 12.9103479 ], [ 92.878663, 12.9129157 ], [ 92.8795317, 12.9074085 ] ] ], [ [ [ 92.8627758, 12.9137018 ], [ 92.8633383, 12.9149108 ], [ 92.8644805, 12.9128087 ], [ 92.8640081, 12.9126845 ], [ 92.8627758, 12.9137018 ] ] ], [ [ [ 92.8761092, 12.9352506 ], [ 92.8768056, 12.9319512 ], [ 92.8797099, 12.93291 ], [ 92.8799024, 12.9311357 ], [ 92.8817827, 12.9306025 ], [ 92.8828078, 12.9316649 ], [ 92.8872634, 12.929356 ], [ 92.8873995, 12.9276159 ], [ 92.8840495, 12.9275822 ], [ 92.8855345, 12.9235494 ], [ 92.8825064, 12.9212015 ], [ 92.8807506, 12.9224465 ], [ 92.8795528, 12.919818 ], [ 92.8768136, 12.9237385 ], [ 92.8740071, 12.924633 ], [ 92.8722573, 12.9155997 ], [ 92.8626779, 12.9180478 ], [ 92.8576848, 12.926063 ], [ 92.8584767, 12.9319885 ], [ 92.8610973, 12.9340996 ], [ 92.867045, 12.9332019 ], [ 92.8738213, 12.9347351 ], [ 92.8748187, 12.9368279 ], [ 92.8759939, 12.9361908 ], [ 92.8748651, 12.9343555 ], [ 92.8761092, 12.9352506 ] ] ], [ [ [ 92.8918114, 12.9324346 ], [ 92.8895804, 12.9315034 ], [ 92.8891432, 12.9326106 ], [ 92.8918114, 12.9324346 ] ] ], [ [ [ 92.8931862, 12.9365418 ], [ 92.8893228, 12.9334242 ], [ 92.8874085, 12.9331286 ], [ 92.8891052, 12.9382765 ], [ 92.8911449, 12.9383421 ], [ 92.8931862, 12.9365418 ] ] ], [ [ [ 92.8982509, 12.9418162 ], [ 92.8988729, 12.9423134 ], [ 92.8986333, 12.941649 ], [ 92.8982509, 12.9418162 ] ] ], [ [ [ 92.8775497, 12.9622813 ], [ 92.8788572, 12.9619607 ], [ 92.8786606, 12.9609095 ], [ 92.8775497, 12.9622813 ] ] ], [ [ [ 92.8819727, 12.9654854 ], [ 92.8818942, 12.9665927 ], [ 92.8827838, 12.9657025 ], [ 92.8819727, 12.9654854 ] ] ], [ [ [ 92.8858448, 12.9796242 ], [ 92.8870385, 12.9801554 ], [ 92.8865224, 12.9789463 ], [ 92.8858448, 12.9796242 ] ] ], [ [ [ 92.8886055, 12.9807161 ], [ 92.888315, 12.9814166 ], [ 92.888822, 12.9812178 ], [ 92.8886055, 12.9807161 ] ] ], [ [ [ 92.8931325, 12.9840735 ], [ 92.893408, 12.9831166 ], [ 92.8927904, 12.9831256 ], [ 92.8931325, 12.9840735 ] ] ], [ [ [ 92.8323159, 13.0027794 ], [ 92.8330785, 13.002052 ], [ 92.8310578, 13.0000255 ], [ 92.8308639, 13.0013781 ], [ 92.8323159, 13.0027794 ] ] ], [ [ [ 92.8400453, 13.1436115 ], [ 92.8407599, 13.1433493 ], [ 92.840202, 13.1429291 ], [ 92.8400453, 13.1436115 ] ] ], [ [ [ 92.8391837, 13.2491554 ], [ 92.8389529, 13.2486018 ], [ 92.8386924, 13.2488956 ], [ 92.8391837, 13.2491554 ] ] ], [ [ [ 92.8460418, 13.4196931 ], [ 92.8472284, 13.4196662 ], [ 92.8466144, 13.4192412 ], [ 92.8460418, 13.4196931 ] ] ], [ [ [ 92.8629773, 13.4215972 ], [ 92.8611812, 13.4213711 ], [ 92.8621138, 13.4225553 ], [ 92.8629773, 13.4215972 ] ] ], [ [ [ 92.8431814, 13.438698 ], [ 92.8460129, 13.4307708 ], [ 92.8373755, 13.4199768 ], [ 92.8298915, 13.4184027 ], [ 92.8225039, 13.41959 ], [ 92.8207399, 13.420923 ], [ 92.8183562, 13.4264139 ], [ 92.8198318, 13.4350467 ], [ 92.8217521, 13.437325 ], [ 92.8244713, 13.4397255 ], [ 92.8320717, 13.4394376 ], [ 92.8344171, 13.4414357 ], [ 92.836605, 13.4462811 ], [ 92.8411851, 13.450467 ], [ 92.8440579, 13.4460019 ], [ 92.8431814, 13.438698 ] ] ], [ [ [ 92.8695561, 13.4541752 ], [ 92.8696161, 13.4536192 ], [ 92.8693991, 13.4535966 ], [ 92.8695561, 13.4541752 ] ] ], [ [ [ 92.8630679, 13.4608234 ], [ 92.8650581, 13.463933 ], [ 92.8671962, 13.4642042 ], [ 92.8642916, 13.4608957 ], [ 92.8630679, 13.4608234 ] ] ], [ [ [ 92.8739776, 13.5110525 ], [ 92.8728829, 13.5095791 ], [ 92.8739037, 13.5062436 ], [ 92.8725134, 13.50176 ], [ 92.865114, 13.5031339 ], [ 92.8649384, 13.5078208 ], [ 92.8688412, 13.5143383 ], [ 92.8720561, 13.5131587 ], [ 92.8734279, 13.5141485 ], [ 92.8739776, 13.5110525 ] ] ], [ [ [ 92.8754051, 13.5352871 ], [ 92.8733541, 13.5377458 ], [ 92.874279, 13.5410408 ], [ 92.8768418, 13.5402723 ], [ 92.8777241, 13.5382068 ], [ 92.8754051, 13.5352871 ] ] ], [ [ [ 92.9045345, 13.5982713 ], [ 92.9039287, 13.5944746 ], [ 92.899964, 13.5925271 ], [ 92.9003288, 13.5904797 ], [ 92.8938181, 13.5855584 ], [ 92.8887118, 13.5747026 ], [ 92.8841978, 13.5737357 ], [ 92.8800628, 13.5775279 ], [ 92.8807562, 13.5862779 ], [ 92.8853865, 13.5976085 ], [ 92.8919159, 13.6027424 ], [ 92.9010975, 13.6042333 ], [ 92.9032043, 13.6023303 ], [ 92.9045345, 13.5982713 ] ] ], [ [ [ 92.9400053, 12.2213138 ], [ 92.9405268, 12.2152365 ], [ 92.9391504, 12.2122509 ], [ 92.9352353, 12.2100157 ], [ 92.9353778, 12.2015765 ], [ 92.9320694, 12.1955059 ], [ 92.9311917, 12.2034275 ], [ 92.9245516, 12.2062433 ], [ 92.9239515, 12.2164182 ], [ 92.9260398, 12.2221137 ], [ 92.9340979, 12.2260126 ], [ 92.9375996, 12.2248147 ], [ 92.9400053, 12.2213138 ] ] ], [ [ [ 92.9109303, 12.2450096 ], [ 92.9121687, 12.2451366 ], [ 92.911668, 12.2434977 ], [ 92.9109303, 12.2450096 ] ] ], [ [ [ 92.910252, 12.2492766 ], [ 92.9115847, 12.2490348 ], [ 92.9114908, 12.2471612 ], [ 92.9105692, 12.247482 ], [ 92.910252, 12.2492766 ] ] ], [ [ [ 92.90646, 12.2506724 ], [ 92.9077089, 12.2500272 ], [ 92.9075404, 12.2489192 ], [ 92.9058468, 12.2488851 ], [ 92.90646, 12.2506724 ] ] ], [ [ [ 92.9108033, 12.2507841 ], [ 92.9117511, 12.2500267 ], [ 92.9109925, 12.249784 ], [ 92.9108033, 12.2507841 ] ] ], [ [ [ 92.9078503, 12.2511657 ], [ 92.9062509, 12.251178 ], [ 92.9061635, 12.2526772 ], [ 92.90828, 12.252596 ], [ 92.9078503, 12.2511657 ] ] ], [ [ [ 92.9058636, 12.2530824 ], [ 92.9059152, 12.2541914 ], [ 92.9085922, 12.2552787 ], [ 92.9077443, 12.2538006 ], [ 92.9058636, 12.2530824 ] ] ], [ [ [ 92.9047684, 12.2546342 ], [ 92.9051637, 12.2542049 ], [ 92.9047823, 12.2541234 ], [ 92.9047684, 12.2546342 ] ] ], [ [ [ 92.9175241, 12.2547544 ], [ 92.9188022, 12.2543824 ], [ 92.917796, 12.2538162 ], [ 92.9175241, 12.2547544 ] ] ], [ [ [ 92.9196976, 12.256505 ], [ 92.9204743, 12.2555897 ], [ 92.9195169, 12.25442 ], [ 92.9191824, 12.2552183 ], [ 92.9196976, 12.256505 ] ] ], [ [ [ 92.9177728, 12.2565939 ], [ 92.9190497, 12.2563094 ], [ 92.9177621, 12.2559261 ], [ 92.9177728, 12.2565939 ] ] ], [ [ [ 92.9068836, 12.2563562 ], [ 92.906857, 12.2572268 ], [ 92.9079346, 12.2582755 ], [ 92.9085782, 12.2566778 ], [ 92.9068836, 12.2563562 ] ] ], [ [ [ 92.9007212, 12.2582295 ], [ 92.9005374, 12.2576147 ], [ 92.8998158, 12.2575898 ], [ 92.9007212, 12.2582295 ] ] ], [ [ [ 92.9125663, 12.2621263 ], [ 92.9136629, 12.2623083 ], [ 92.9143423, 12.2605649 ], [ 92.9131715, 12.2604853 ], [ 92.9125663, 12.2621263 ] ] ], [ [ [ 92.9156674, 12.2614455 ], [ 92.9170146, 12.2621913 ], [ 92.9173368, 12.2614167 ], [ 92.9156674, 12.2614455 ] ] ], [ [ [ 92.9144893, 12.2638775 ], [ 92.9154381, 12.2627976 ], [ 92.9141068, 12.2632086 ], [ 92.9144893, 12.2638775 ] ] ], [ [ [ 92.9333685, 12.3113774 ], [ 92.9368966, 12.2957061 ], [ 92.9339641, 12.289362 ], [ 92.9430258, 12.2789656 ], [ 92.9430151, 12.2747979 ], [ 92.9386983, 12.2703616 ], [ 92.9361176, 12.2621938 ], [ 92.9314226, 12.2602364 ], [ 92.9264891, 12.252491 ], [ 92.9262193, 12.2497938 ], [ 92.9301705, 12.2488505 ], [ 92.9292033, 12.2386033 ], [ 92.9221517, 12.229278 ], [ 92.9187484, 12.233703 ], [ 92.9175142, 12.2384242 ], [ 92.9178882, 12.2465922 ], [ 92.9215826, 12.2583625 ], [ 92.9198653, 12.2691362 ], [ 92.9166207, 12.2637525 ], [ 92.9144283, 12.2643964 ], [ 92.9160321, 12.2684783 ], [ 92.9114754, 12.2629723 ], [ 92.9104319, 12.2646583 ], [ 92.9111814, 12.2694439 ], [ 92.9067872, 12.268692 ], [ 92.9043945, 12.2704158 ], [ 92.9065649, 12.272393 ], [ 92.9101157, 12.2719291 ], [ 92.9136012, 12.2736435 ], [ 92.9080655, 12.2734351 ], [ 92.9063907, 12.2752078 ], [ 92.9035898, 12.271058 ], [ 92.9000391, 12.2715684 ], [ 92.9001191, 12.2749291 ], [ 92.9041128, 12.2787694 ], [ 92.9019319, 12.2789681 ], [ 92.9002998, 12.2811082 ], [ 92.901242, 12.2821593 ], [ 92.9012753, 12.2907339 ], [ 92.9028516, 12.2930801 ], [ 92.9064623, 12.2927958 ], [ 92.9098384, 12.2946223 ], [ 92.910532, 12.2988893 ], [ 92.912058, 12.2999969 ], [ 92.9133908, 12.3040968 ], [ 92.9142568, 12.2931432 ], [ 92.9133712, 12.2914223 ], [ 92.9153867, 12.2925909 ], [ 92.9144445, 12.290941 ], [ 92.9167705, 12.2894585 ], [ 92.9181126, 12.2914543 ], [ 92.9191653, 12.2906136 ], [ 92.9177892, 12.2824366 ], [ 92.9201241, 12.2832911 ], [ 92.9203491, 12.2877163 ], [ 92.9218245, 12.2880305 ], [ 92.9245598, 12.2805046 ], [ 92.9261226, 12.280873 ], [ 92.9275384, 12.2780865 ], [ 92.9268786, 12.2820099 ], [ 92.9277749, 12.283766 ], [ 92.9278485, 12.2826518 ], [ 92.9292366, 12.2832869 ], [ 92.9297601, 12.2885748 ], [ 92.9270437, 12.2926865 ], [ 92.9288709, 12.2942053 ], [ 92.9274155, 12.2963865 ], [ 92.9285191, 12.2988814 ], [ 92.9280845, 12.3044366 ], [ 92.9333685, 12.3113774 ] ] ], [ [ [ 92.9035392, 12.340632 ], [ 92.9059581, 12.3400785 ], [ 92.9059217, 12.3373122 ], [ 92.9042595, 12.3380818 ], [ 92.9035392, 12.340632 ] ] ], [ [ [ 92.9122168, 12.3406113 ], [ 92.9131179, 12.3321593 ], [ 92.9127287, 12.3306344 ], [ 92.9124113, 12.3325916 ], [ 92.9113863, 12.3315925 ], [ 92.9100493, 12.3329765 ], [ 92.9113764, 12.3393016 ], [ 92.9096275, 12.3378035 ], [ 92.9070369, 12.3415594 ], [ 92.908966, 12.351169 ], [ 92.913931, 12.3563653 ], [ 92.9175508, 12.3542242 ], [ 92.919074, 12.3511675 ], [ 92.9122168, 12.3406113 ] ] ], [ [ [ 92.956948, 12.4330732 ], [ 92.9585147, 12.4310608 ], [ 92.95498, 12.4305777 ], [ 92.9550008, 12.4280394 ], [ 92.9570772, 12.4266493 ], [ 92.9568352, 12.4236947 ], [ 92.958958, 12.4249112 ], [ 92.9605399, 12.4237946 ], [ 92.960705, 12.4214873 ], [ 92.9586628, 12.4194328 ], [ 92.95844, 12.4171661 ], [ 92.9532193, 12.4128908 ], [ 92.9511319, 12.4068878 ], [ 92.9454314, 12.405314 ], [ 92.9432303, 12.3981684 ], [ 92.9433297, 12.3839057 ], [ 92.937584, 12.3776067 ], [ 92.9323403, 12.3595891 ], [ 92.930127, 12.3569964 ], [ 92.9286666, 12.361006 ], [ 92.9255929, 12.3629473 ], [ 92.9208984, 12.3639008 ], [ 92.9164291, 12.3628717 ], [ 92.9179205, 12.376184 ], [ 92.9252793, 12.3864707 ], [ 92.9266928, 12.3864998 ], [ 92.9263115, 12.388724 ], [ 92.9277367, 12.3879505 ], [ 92.9278714, 12.3861348 ], [ 92.9278575, 12.388199 ], [ 92.9236076, 12.3904235 ], [ 92.9242164, 12.400831 ], [ 92.9311023, 12.418602 ], [ 92.9401391, 12.4233504 ], [ 92.9400471, 12.421852 ], [ 92.9443731, 12.4199048 ], [ 92.9473361, 12.4155779 ], [ 92.9465316, 12.4232147 ], [ 92.9475965, 12.4290094 ], [ 92.9519174, 12.4302251 ], [ 92.9513058, 12.4317552 ], [ 92.9532311, 12.434597 ], [ 92.9574575, 12.4377371 ], [ 92.95605, 12.4350477 ], [ 92.9573354, 12.4346137 ], [ 92.956948, 12.4330732 ] ] ], [ [ [ 92.9020869, 12.4121452 ], [ 92.9016153, 12.4130424 ], [ 92.9024914, 12.4131984 ], [ 92.9020869, 12.4121452 ] ] ], [ [ [ 92.9018865, 12.4204456 ], [ 92.8982301, 12.4217694 ], [ 92.8992573, 12.4260795 ], [ 92.9008303, 12.4261227 ], [ 92.9033785, 12.4232912 ], [ 92.9018865, 12.4204456 ] ] ], [ [ [ 92.9689471, 12.7412451 ], [ 92.9681918, 12.740703 ], [ 92.9684223, 12.7415617 ], [ 92.9689471, 12.7412451 ] ] ], [ [ [ 92.9681231, 12.7417968 ], [ 92.967456, 12.7432705 ], [ 92.968335, 12.7418419 ], [ 92.9681231, 12.7417968 ] ] ], [ [ [ 92.9602582, 12.7555946 ], [ 92.9607416, 12.7555447 ], [ 92.9607093, 12.755251 ], [ 92.9602582, 12.7555946 ] ] ], [ [ [ 92.9584578, 12.7575294 ], [ 92.9596827, 12.7569597 ], [ 92.9599313, 12.7564218 ], [ 92.9587893, 12.7567112 ], [ 92.9584578, 12.7575294 ] ] ], [ [ [ 92.9557823, 12.7574824 ], [ 92.9541059, 12.7574374 ], [ 92.9540738, 12.7576363 ], [ 92.9557823, 12.7574824 ] ] ], [ [ [ 92.9393352, 12.769306 ], [ 92.9412243, 12.7694734 ], [ 92.9392946, 12.7690352 ], [ 92.9393352, 12.769306 ] ] ], [ [ [ 92.9466979, 12.7705215 ], [ 92.9429928, 12.7696676 ], [ 92.9470203, 12.7709734 ], [ 92.9466979, 12.7705215 ] ] ], [ [ [ 92.9377182, 12.9179101 ], [ 92.9368753, 12.9140528 ], [ 92.9334738, 12.9114718 ], [ 92.9320167, 12.913461 ], [ 92.9322247, 12.9158581 ], [ 92.9290596, 12.9169548 ], [ 92.9309859, 12.9192325 ], [ 92.9346232, 12.9199228 ], [ 92.9377182, 12.9179101 ] ] ], [ [ [ 92.8988271, 12.9414322 ], [ 92.902099, 12.9406051 ], [ 92.9028065, 12.9373735 ], [ 92.9006774, 12.9390943 ], [ 92.9003847, 12.9395609 ], [ 92.9003754, 12.9401666 ], [ 92.9002234, 12.9403926 ], [ 92.8988271, 12.9414322 ] ] ], [ [ [ 92.8986116, 12.9414967 ], [ 92.8993339, 12.9405146 ], [ 92.9003754, 12.9401666 ], [ 92.8990021, 12.9405642 ], [ 92.8986116, 12.9414967 ] ] ], [ [ [ 92.9005135, 12.9423181 ], [ 92.9019284, 12.9407814 ], [ 92.8990712, 12.9422954 ], [ 92.9005135, 12.9423181 ] ] ], [ [ [ 93.007843, 12.9991158 ], [ 93.0052616, 12.9922916 ], [ 92.9931825, 12.9843562 ], [ 92.9917126, 12.978083 ], [ 92.9850985, 12.9699287 ], [ 92.9813877, 12.9677736 ], [ 92.9813889, 12.9633667 ], [ 92.9882053, 12.954768 ], [ 92.9797153, 12.9472871 ], [ 92.9832046, 12.9368478 ], [ 92.9818577, 12.9319847 ], [ 92.9778571, 12.9297325 ], [ 92.9785938, 12.9279555 ], [ 92.9759454, 12.9323997 ], [ 92.9693514, 12.9347085 ], [ 92.9687345, 12.9368564 ], [ 92.9700969, 12.9409595 ], [ 92.9681386, 12.9422751 ], [ 92.9595038, 12.9417711 ], [ 92.9532047, 12.9342752 ], [ 92.9502713, 12.9410712 ], [ 92.9578651, 12.9492986 ], [ 92.9615337, 12.9497907 ], [ 92.970434, 12.9460247 ], [ 92.9725901, 12.9463859 ], [ 92.9670134, 12.9502711 ], [ 92.9693921, 12.9532221 ], [ 92.9592993, 12.9544918 ], [ 92.9537625, 12.9580227 ], [ 92.9523345, 12.9631327 ], [ 92.9525756, 12.9681614 ], [ 92.9557573, 12.9680431 ], [ 92.9587206, 12.9652339 ], [ 92.9597667, 12.9655249 ], [ 92.9592371, 12.9684403 ], [ 92.9614451, 12.9695338 ], [ 92.9568085, 12.9706599 ], [ 92.9590536, 12.9734438 ], [ 92.9538572, 12.9754922 ], [ 92.9511247, 12.9802317 ], [ 92.9561055, 12.9841791 ], [ 92.9578318, 12.98949 ], [ 92.9634815, 12.9901419 ], [ 92.9651263, 12.986589 ], [ 92.9709723, 12.9824702 ], [ 92.9702713, 12.9807076 ], [ 92.967137, 12.9800935 ], [ 92.9650689, 12.9780371 ], [ 92.9692312, 12.9760996 ], [ 92.968371, 12.9717743 ], [ 92.9718368, 12.9702266 ], [ 92.9745941, 12.974395 ], [ 92.9787032, 12.9761937 ], [ 92.978686, 12.9802307 ], [ 92.9829037, 12.9815938 ], [ 92.9842252, 12.9847764 ], [ 92.9871106, 12.9855718 ], [ 92.9852512, 12.9888716 ], [ 92.9844437, 12.9944493 ], [ 92.9929451, 12.992022 ], [ 93.0004764, 12.9973057 ], [ 93.007843, 12.9991158 ] ] ], [ [ [ 92.9779249, 12.9877242 ], [ 92.9780098, 12.9866066 ], [ 92.9772277, 12.9861764 ], [ 92.9767189, 12.986869 ], [ 92.9779249, 12.9877242 ] ] ], [ [ [ 92.9732842, 12.9940881 ], [ 92.9728832, 12.9944204 ], [ 92.9735238, 12.9942033 ], [ 92.9732842, 12.9940881 ] ] ], [ [ [ 92.9705196, 12.9992912 ], [ 92.970167, 12.9994064 ], [ 92.9703099, 12.9995985 ], [ 92.9705196, 12.9992912 ] ] ], [ [ [ 92.9354306, 13.0269487 ], [ 92.9393799, 13.0255705 ], [ 92.9397485, 13.0237677 ], [ 92.9381079, 13.0215719 ], [ 92.9423359, 13.0192492 ], [ 92.941202, 13.0133078 ], [ 92.9391396, 13.0102444 ], [ 92.9412498, 13.0032636 ], [ 92.9432495, 13.0025068 ], [ 92.9461584, 12.9986469 ], [ 92.9440975, 12.9953884 ], [ 92.9413363, 12.9942655 ], [ 92.9400089, 12.9952916 ], [ 92.9348278, 12.9947001 ], [ 92.9340216, 12.997341 ], [ 92.9310013, 13.0000225 ], [ 92.9297394, 13.0000228 ], [ 92.9311304, 12.9981324 ], [ 92.9288798, 12.9976783 ], [ 92.9197563, 13.0000248 ], [ 92.9132213, 13.0118228 ], [ 92.9145223, 13.0202202 ], [ 92.9206857, 13.0313086 ], [ 92.9234785, 13.0314985 ], [ 92.9300434, 13.0252882 ], [ 92.9354306, 13.0269487 ] ] ], [ [ [ 92.9492805, 13.0185959 ], [ 92.9440252, 13.0253105 ], [ 92.9449008, 13.0259566 ], [ 92.9483848, 13.0246777 ], [ 92.9492805, 13.0185959 ] ] ], [ [ [ 92.9319446, 13.0486572 ], [ 92.9303684, 13.0532659 ], [ 92.9312026, 13.0544723 ], [ 92.9331246, 13.0513117 ], [ 92.9319446, 13.0486572 ] ] ], [ [ [ 92.9188781, 13.0546685 ], [ 92.9120495, 13.0581584 ], [ 92.91328, 13.0599298 ], [ 92.9119735, 13.0611363 ], [ 92.9130697, 13.0673038 ], [ 92.9175296, 13.0595212 ], [ 92.9188781, 13.0546685 ] ] ], [ [ [ 92.912936, 13.0683882 ], [ 92.914351, 13.0683997 ], [ 92.9141437, 13.0672497 ], [ 92.912936, 13.0683882 ] ] ], [ [ [ 92.9094553, 13.0754909 ], [ 92.9107897, 13.0760784 ], [ 92.911751, 13.0737561 ], [ 92.9094553, 13.0754909 ] ] ], [ [ [ 92.8273654, 13.2083763 ], [ 92.8320012, 13.2154435 ], [ 92.8267402, 13.2151966 ], [ 92.8237334, 13.2165147 ], [ 92.8234682, 13.2154777 ], [ 92.8224765, 13.2167067 ], [ 92.824253, 13.2200753 ], [ 92.8293472, 13.2248336 ], [ 92.8247299, 13.2229652 ], [ 92.8247619, 13.226158 ], [ 92.8264468, 13.2286232 ], [ 92.8255122, 13.2371723 ], [ 92.8304553, 13.2430465 ], [ 92.8319822, 13.2433199 ], [ 92.8332823, 13.2417858 ], [ 92.8366806, 13.2439295 ], [ 92.8410488, 13.2408858 ], [ 92.839704, 13.2391755 ], [ 92.8413624, 13.2400181 ], [ 92.8437541, 13.2384792 ], [ 92.8469395, 13.2397034 ], [ 92.8504241, 13.238625 ], [ 92.8535973, 13.2339206 ], [ 92.8509601, 13.2278636 ], [ 92.8548018, 13.2237667 ], [ 92.8551402, 13.2201652 ], [ 92.8534454, 13.2219324 ], [ 92.8522417, 13.2218583 ], [ 92.8551945, 13.2194697 ], [ 92.8478053, 13.2127262 ], [ 92.8483236, 13.2080808 ], [ 92.849901, 13.2074886 ], [ 92.8541863, 13.2090542 ], [ 92.8584841, 13.2061295 ], [ 92.8612394, 13.2063784 ], [ 92.8582179, 13.2007748 ], [ 92.8591262, 13.1993738 ], [ 92.862926, 13.1964699 ], [ 92.8571702, 13.1962246 ], [ 92.8560769, 13.1951629 ], [ 92.8553774, 13.1907392 ], [ 92.8566127, 13.1882402 ], [ 92.8582778, 13.1876661 ], [ 92.8591496, 13.1886012 ], [ 92.8592848, 13.1921077 ], [ 92.8604323, 13.191737 ], [ 92.8609107, 13.1855192 ], [ 92.8616691, 13.1842945 ], [ 92.8631196, 13.1848251 ], [ 92.8614341, 13.1850265 ], [ 92.8605135, 13.1920338 ], [ 92.8587768, 13.1924332 ], [ 92.8579191, 13.1882096 ], [ 92.8557269, 13.1905364 ], [ 92.8578468, 13.1960148 ], [ 92.8638114, 13.1960811 ], [ 92.8585777, 13.2007205 ], [ 92.8621186, 13.206601 ], [ 92.8585672, 13.2067259 ], [ 92.8546058, 13.2096909 ], [ 92.8489437, 13.2083889 ], [ 92.8485802, 13.2124053 ], [ 92.8541244, 13.2133827 ], [ 92.8509419, 13.2134397 ], [ 92.8559869, 13.2195743 ], [ 92.8558674, 13.2238931 ], [ 92.8518089, 13.2281482 ], [ 92.8548368, 13.233958 ], [ 92.8515247, 13.2396576 ], [ 92.849569, 13.2407288 ], [ 92.8424957, 13.2408179 ], [ 92.8399889, 13.2428453 ], [ 92.8390189, 13.2458958 ], [ 92.841642, 13.2434677 ], [ 92.8475338, 13.2433451 ], [ 92.8512977, 13.251597 ], [ 92.850172, 13.262173 ], [ 92.8518555, 13.2569845 ], [ 92.8549793, 13.2554752 ], [ 92.8541074, 13.2543135 ], [ 92.8551314, 13.250589 ], [ 92.8546703, 13.2540605 ], [ 92.8580202, 13.2522573 ], [ 92.8585184, 13.2528449 ], [ 92.8571849, 13.2544222 ], [ 92.8594456, 13.2564969 ], [ 92.8604701, 13.2541061 ], [ 92.862025, 13.2531434 ], [ 92.8620295, 13.2549739 ], [ 92.8636168, 13.2537446 ], [ 92.865167, 13.2544226 ], [ 92.8649871, 13.2558418 ], [ 92.8688536, 13.2546035 ], [ 92.8692596, 13.2555436 ], [ 92.8678708, 13.2564792 ], [ 92.8688951, 13.2559866 ], [ 92.870007, 13.2577583 ], [ 92.8671694, 13.256791 ], [ 92.8688444, 13.2550148 ], [ 92.8646548, 13.2562802 ], [ 92.8643458, 13.2544316 ], [ 92.8620018, 13.2555615 ], [ 92.8615774, 13.253844 ], [ 92.8591964, 13.2568721 ], [ 92.8566497, 13.2542505 ], [ 92.8576879, 13.2525873 ], [ 92.8547948, 13.2547204 ], [ 92.8558559, 13.2563476 ], [ 92.8534243, 13.2566005 ], [ 92.8513014, 13.2617437 ], [ 92.8494649, 13.2632306 ], [ 92.8506136, 13.2653007 ], [ 92.8493632, 13.2646633 ], [ 92.8491327, 13.2623221 ], [ 92.8446803, 13.2606538 ], [ 92.8385389, 13.2611683 ], [ 92.8387884, 13.2591616 ], [ 92.8377502, 13.2590213 ], [ 92.8362915, 13.2633962 ], [ 92.8327101, 13.2682815 ], [ 92.8270027, 13.2664636 ], [ 92.8242472, 13.2702415 ], [ 92.8217049, 13.2696761 ], [ 92.8203435, 13.2706837 ], [ 92.8195688, 13.2683016 ], [ 92.8176812, 13.2699645 ], [ 92.8141425, 13.2681513 ], [ 92.8110965, 13.2708262 ], [ 92.8117463, 13.2738727 ], [ 92.8135824, 13.2754866 ], [ 92.8220501, 13.2739111 ], [ 92.8193865, 13.279054 ], [ 92.8214026, 13.2806047 ], [ 92.8208621, 13.283687 ], [ 92.8232742, 13.289649 ], [ 92.8280871, 13.2907121 ], [ 92.8320655, 13.2871241 ], [ 92.8380413, 13.2881465 ], [ 92.8345058, 13.2920916 ], [ 92.8334623, 13.2959061 ], [ 92.8408175, 13.3012043 ], [ 92.8398618, 13.3045216 ], [ 92.8355516, 13.3036668 ], [ 92.834416, 13.3053615 ], [ 92.835363, 13.3066451 ], [ 92.8376463, 13.3065778 ], [ 92.8388784, 13.3074457 ], [ 92.8349742, 13.3069254 ], [ 92.8335718, 13.3036484 ], [ 92.8299261, 13.3033766 ], [ 92.8270874, 13.3062416 ], [ 92.8249326, 13.3039949 ], [ 92.8236219, 13.3044014 ], [ 92.822675, 13.308591 ], [ 92.8206763, 13.3105838 ], [ 92.8221331, 13.31768 ], [ 92.825743, 13.3135814 ], [ 92.827667, 13.3160811 ], [ 92.8256317, 13.3162932 ], [ 92.8252614, 13.3214953 ], [ 92.822958, 13.3235784 ], [ 92.8240596, 13.3305299 ], [ 92.8263901, 13.3323292 ], [ 92.825522, 13.3339245 ], [ 92.8331091, 13.3382919 ], [ 92.8286036, 13.3421148 ], [ 92.829808, 13.3440268 ], [ 92.8311835, 13.3434576 ], [ 92.8326188, 13.3447233 ], [ 92.8333893, 13.3468387 ], [ 92.8307581, 13.3477015 ], [ 92.8312931, 13.3503908 ], [ 92.8288516, 13.3492469 ], [ 92.8277205, 13.3502862 ], [ 92.8286432, 13.3528445 ], [ 92.8300232, 13.3533465 ], [ 92.8298521, 13.355082 ], [ 92.8319155, 13.3546394 ], [ 92.8330231, 13.355887 ], [ 92.8314298, 13.3608765 ], [ 92.8336682, 13.3626124 ], [ 92.8315446, 13.3640855 ], [ 92.832703, 13.3654913 ], [ 92.8312397, 13.3657035 ], [ 92.8300158, 13.3690931 ], [ 92.8321713, 13.3704041 ], [ 92.8341657, 13.3691932 ], [ 92.8361828, 13.3697946 ], [ 92.8358546, 13.3728499 ], [ 92.8335649, 13.3732699 ], [ 92.8333338, 13.3747523 ], [ 92.8364036, 13.3752273 ], [ 92.8408301, 13.3786674 ], [ 92.8443385, 13.3788757 ], [ 92.8471501, 13.376449 ], [ 92.8493519, 13.3778141 ], [ 92.8499156, 13.3726663 ], [ 92.851393, 13.3704472 ], [ 92.8493206, 13.3677488 ], [ 92.8493023, 13.366307 ], [ 92.8512227, 13.3643321 ], [ 92.8485408, 13.3641872 ], [ 92.8478762, 13.363455 ], [ 92.8499861, 13.3593739 ], [ 92.8515833, 13.3587322 ], [ 92.8543621, 13.3591754 ], [ 92.8510109, 13.3594146 ], [ 92.8484994, 13.3630437 ], [ 92.8516844, 13.3637852 ], [ 92.8497546, 13.3670347 ], [ 92.8519839, 13.3700722 ], [ 92.8501648, 13.3727929 ], [ 92.8506723, 13.376264 ], [ 92.8528417, 13.3795455 ], [ 92.8564238, 13.3809695 ], [ 92.8568624, 13.3801153 ], [ 92.867092, 13.3885224 ], [ 92.8674521, 13.390493 ], [ 92.8697372, 13.3906783 ], [ 92.8670504, 13.3907732 ], [ 92.8657579, 13.38798 ], [ 92.8588749, 13.3839391 ], [ 92.8633895, 13.3894849 ], [ 92.8632922, 13.3976746 ], [ 92.8623826, 13.4012948 ], [ 92.8626324, 13.3906419 ], [ 92.8610074, 13.3902306 ], [ 92.8619354, 13.3890193 ], [ 92.8582378, 13.3853582 ], [ 92.8508376, 13.385909 ], [ 92.8503709, 13.3899089 ], [ 92.8442636, 13.387097 ], [ 92.8433079, 13.3880913 ], [ 92.8443137, 13.3925478 ], [ 92.8423937, 13.3891623 ], [ 92.8404225, 13.3884525 ], [ 92.8399283, 13.3903281 ], [ 92.837292, 13.3921175 ], [ 92.8388649, 13.4011887 ], [ 92.8412419, 13.4057449 ], [ 92.8458867, 13.4036935 ], [ 92.8417496, 13.4069472 ], [ 92.8420632, 13.40965 ], [ 92.8450962, 13.4122808 ], [ 92.8501564, 13.4121864 ], [ 92.8475426, 13.417447 ], [ 92.8485906, 13.4183511 ], [ 92.8501745, 13.4162089 ], [ 92.8513431, 13.4101165 ], [ 92.8536886, 13.4092986 ], [ 92.8598752, 13.4094256 ], [ 92.8631993, 13.4120698 ], [ 92.8613386, 13.4126482 ], [ 92.8622527, 13.4143476 ], [ 92.8704848, 13.4139863 ], [ 92.8727841, 13.4087842 ], [ 92.8729873, 13.4023934 ], [ 92.8789289, 13.3961335 ], [ 92.8827053, 13.3950849 ], [ 92.8825714, 13.3938691 ], [ 92.8801338, 13.3930149 ], [ 92.8791689, 13.3911122 ], [ 92.8798613, 13.3891777 ], [ 92.8815925, 13.3886398 ], [ 92.8821003, 13.389259 ], [ 92.8819619, 13.3919618 ], [ 92.883116, 13.3922194 ], [ 92.8824327, 13.3900002 ], [ 92.8839561, 13.3887392 ], [ 92.8820725, 13.3860817 ], [ 92.8820031, 13.3832478 ], [ 92.8844083, 13.3832252 ], [ 92.8851053, 13.3815619 ], [ 92.884205, 13.3803416 ], [ 92.8855345, 13.3791529 ], [ 92.8828939, 13.3765768 ], [ 92.8829169, 13.3751531 ], [ 92.8843063, 13.3743259 ], [ 92.8858713, 13.3748275 ], [ 92.887016, 13.3730693 ], [ 92.8853633, 13.3716366 ], [ 92.8851232, 13.3708096 ], [ 92.8872375, 13.3713925 ], [ 92.8880222, 13.3704207 ], [ 92.8869881, 13.3690784 ], [ 92.885017, 13.3693949 ], [ 92.8857047, 13.3672209 ], [ 92.8861018, 13.3689022 ], [ 92.8867296, 13.3686219 ], [ 92.8878144, 13.3692501 ], [ 92.8882669, 13.3714105 ], [ 92.8878191, 13.3717134 ], [ 92.8855018, 13.3712118 ], [ 92.8872375, 13.3725405 ], [ 92.8874038, 13.3736071 ], [ 92.885779, 13.3755281 ], [ 92.8842187, 13.3747869 ], [ 92.883337, 13.3762016 ], [ 92.8860146, 13.3786738 ], [ 92.8848236, 13.3802105 ], [ 92.8854884, 13.3815573 ], [ 92.8851607, 13.3828364 ], [ 92.8876583, 13.3838532 ], [ 92.8860426, 13.384938 ], [ 92.8848145, 13.3830489 ], [ 92.8841729, 13.3837178 ], [ 92.8823494, 13.3835145 ], [ 92.8824741, 13.38605 ], [ 92.8845193, 13.3888476 ], [ 92.8827974, 13.390294 ], [ 92.8835223, 13.3921516 ], [ 92.8826129, 13.3928431 ], [ 92.8816988, 13.3921968 ], [ 92.8811724, 13.3890014 ], [ 92.8798521, 13.3912658 ], [ 92.8824421, 13.3931911 ], [ 92.8857616, 13.3980361 ], [ 92.8890808, 13.3941987 ], [ 92.8906458, 13.3941399 ], [ 92.8921417, 13.3955996 ], [ 92.8938867, 13.3947814 ], [ 92.8949529, 13.3917351 ], [ 92.8986322, 13.3910432 ], [ 92.898475, 13.3885438 ], [ 92.9029116, 13.3899354 ], [ 92.9023389, 13.387531 ], [ 92.905976, 13.3823781 ], [ 92.9079334, 13.3825406 ], [ 92.9100295, 13.3843346 ], [ 92.9119404, 13.382427 ], [ 92.9153795, 13.3822005 ], [ 92.9179328, 13.3845458 ], [ 92.9180439, 13.3860508 ], [ 92.9195951, 13.3862901 ], [ 92.9247663, 13.3902077 ], [ 92.9216732, 13.3899054 ], [ 92.9210912, 13.3883372 ], [ 92.9178039, 13.3865435 ], [ 92.9175266, 13.3846724 ], [ 92.9149687, 13.382535 ], [ 92.9119081, 13.3828745 ], [ 92.9103435, 13.3848227 ], [ 92.9072455, 13.3826672 ], [ 92.9028883, 13.387644 ], [ 92.9039555, 13.394342 ], [ 92.9029813, 13.3936913 ], [ 92.9032487, 13.3907218 ], [ 92.898729, 13.3891404 ], [ 92.8990062, 13.391111 ], [ 92.8952576, 13.3921508 ], [ 92.8948654, 13.3942028 ], [ 92.8931251, 13.395934 ], [ 92.8889746, 13.3948541 ], [ 92.8869066, 13.3979276 ], [ 92.8878808, 13.3995591 ], [ 92.8898429, 13.399794 ], [ 92.893199, 13.3967385 ], [ 92.8966063, 13.3992918 ], [ 92.8980378, 13.4016148 ], [ 92.8971561, 13.4027629 ], [ 92.8994275, 13.4028033 ], [ 92.8972161, 13.4031651 ], [ 92.8967912, 13.4009641 ], [ 92.8953971, 13.4031201 ], [ 92.8922578, 13.4040424 ], [ 92.8938001, 13.4074275 ], [ 92.8962978, 13.4081685 ], [ 92.8951715, 13.4096601 ], [ 92.8967877, 13.4126113 ], [ 92.8947606, 13.4097369 ], [ 92.8957762, 13.4083538 ], [ 92.8935923, 13.4079698 ], [ 92.8918469, 13.4043723 ], [ 92.8922854, 13.4035813 ], [ 92.8952447, 13.4028444 ], [ 92.8960202, 13.4012579 ], [ 92.892193, 13.4029667 ], [ 92.886579, 13.401706 ], [ 92.8867454, 13.4058415 ], [ 92.8844647, 13.4069987 ], [ 92.8821193, 13.4042734 ], [ 92.8857663, 13.3997445 ], [ 92.8828992, 13.3962193 ], [ 92.8796399, 13.397268 ], [ 92.8745016, 13.4020679 ], [ 92.8736151, 13.4122282 ], [ 92.8721608, 13.414723 ], [ 92.8677053, 13.4163636 ], [ 92.8669064, 13.4220132 ], [ 92.8683931, 13.4247114 ], [ 92.8724516, 13.424829 ], [ 92.8733335, 13.4273103 ], [ 92.8798992, 13.4288514 ], [ 92.8811321, 13.4308717 ], [ 92.8774429, 13.4314955 ], [ 92.8774475, 13.4337372 ], [ 92.8714727, 13.4333305 ], [ 92.8732088, 13.4363587 ], [ 92.8749542, 13.4367519 ], [ 92.8742708, 13.4355768 ], [ 92.8757807, 13.4351384 ], [ 92.8786804, 13.4356988 ], [ 92.8831314, 13.4312513 ], [ 92.8849968, 13.4308083 ], [ 92.8866822, 13.4319743 ], [ 92.8888336, 13.4285437 ], [ 92.8892673, 13.423676 ], [ 92.890006, 13.4230613 ], [ 92.8913635, 13.4232194 ], [ 92.8939909, 13.4255604 ], [ 92.8976292, 13.4256459 ], [ 92.8985804, 13.4261611 ], [ 92.8988529, 13.4267396 ], [ 92.8978418, 13.4276662 ], [ 92.898987, 13.4287644 ], [ 92.8974771, 13.4278335 ], [ 92.8977909, 13.4260572 ], [ 92.8929335, 13.4257548 ], [ 92.8898353, 13.4237212 ], [ 92.8897109, 13.4278793 ], [ 92.8871532, 13.4327561 ], [ 92.8839995, 13.4315089 ], [ 92.8791929, 13.435753 ], [ 92.8801627, 13.4391337 ], [ 92.878362, 13.443346 ], [ 92.877383, 13.4423743 ], [ 92.8708261, 13.4451313 ], [ 92.8709183, 13.4541164 ], [ 92.8727146, 13.4552509 ], [ 92.8729917, 13.4571853 ], [ 92.8709876, 13.4578994 ], [ 92.87422, 13.4596395 ], [ 92.869519, 13.4629885 ], [ 92.8689048, 13.4650359 ], [ 92.8702578, 13.4695646 ], [ 92.8688677, 13.4739983 ], [ 92.8737721, 13.4716572 ], [ 92.8747927, 13.4720595 ], [ 92.87537, 13.476448 ], [ 92.8771018, 13.4760187 ], [ 92.8861952, 13.4792816 ], [ 92.8910581, 13.4785174 ], [ 92.8931038, 13.4765061 ], [ 92.8940364, 13.4724021 ], [ 92.8917272, 13.4713312 ], [ 92.891076, 13.4696137 ], [ 92.887871, 13.4690309 ], [ 92.8910251, 13.4691075 ], [ 92.8922814, 13.4711051 ], [ 92.895528, 13.4721625 ], [ 92.8963961, 13.4714076 ], [ 92.8949044, 13.4698937 ], [ 92.8968761, 13.4677105 ], [ 92.8983953, 13.4672222 ], [ 92.8976886, 13.4659387 ], [ 92.8982243, 13.4651477 ], [ 92.8986586, 13.4673939 ], [ 92.8953061, 13.4696224 ], [ 92.8972597, 13.4711002 ], [ 92.8960683, 13.4724652 ], [ 92.894355, 13.4726281 ], [ 92.8932517, 13.4774552 ], [ 92.8959348, 13.4763521 ], [ 92.897953, 13.4771519 ], [ 92.8996577, 13.4822951 ], [ 92.9021934, 13.484984 ], [ 92.9012746, 13.4873027 ], [ 92.9031086, 13.4911171 ], [ 92.9006426, 13.493445 ], [ 92.9018622, 13.4962877 ], [ 92.9043981, 13.4982987 ], [ 92.9126146, 13.4986817 ], [ 92.915751, 13.5006789 ], [ 92.9194917, 13.5008015 ], [ 92.9206095, 13.4988656 ], [ 92.9248956, 13.4989235 ], [ 92.9269042, 13.4966091 ], [ 92.9283163, 13.4915422 ], [ 92.9246931, 13.4807863 ], [ 92.9262959, 13.4817486 ], [ 92.9285124, 13.4805098 ], [ 92.9316115, 13.4815983 ], [ 92.9318191, 13.4807395 ], [ 92.9269828, 13.476117 ], [ 92.9265897, 13.4737985 ], [ 92.9210615, 13.4723488 ], [ 92.9225431, 13.468204 ], [ 92.919209, 13.4687922 ], [ 92.9187008, 13.4678838 ], [ 92.9207872, 13.4630519 ], [ 92.9195775, 13.4638205 ], [ 92.915569, 13.4634732 ], [ 92.9200391, 13.4630204 ], [ 92.918501, 13.4611089 ], [ 92.9183662, 13.4564988 ], [ 92.9189526, 13.4560694 ], [ 92.9202828, 13.4573527 ], [ 92.9203886, 13.4551516 ], [ 92.9207353, 13.4574611 ], [ 92.9201212, 13.4578002 ], [ 92.9190174, 13.4566343 ], [ 92.9189072, 13.4599924 ], [ 92.9213322, 13.4634405 ], [ 92.9195691, 13.4683175 ], [ 92.9227461, 13.4671644 ], [ 92.9232914, 13.469388 ], [ 92.9221096, 13.4714627 ], [ 92.9263448, 13.4732517 ], [ 92.9279196, 13.4733553 ], [ 92.9300619, 13.4711718 ], [ 92.9322234, 13.4718628 ], [ 92.9310603, 13.4748913 ], [ 92.92828, 13.4740648 ], [ 92.9276198, 13.4751316 ], [ 92.9319433, 13.4786378 ], [ 92.9328213, 13.481024 ], [ 92.931801, 13.4823801 ], [ 92.9281755, 13.481477 ], [ 92.926744, 13.482544 ], [ 92.9294016, 13.4913657 ], [ 92.9274817, 13.4977027 ], [ 92.9304047, 13.4952027 ], [ 92.934805, 13.5000241 ], [ 92.9297214, 13.4960209 ], [ 92.9272188, 13.4993118 ], [ 92.9227188, 13.501357 ], [ 92.9239898, 13.5014971 ], [ 92.9241152, 13.505027 ], [ 92.9222501, 13.5093708 ], [ 92.9186243, 13.5099545 ], [ 92.9143973, 13.5061949 ], [ 92.9124116, 13.5083918 ], [ 92.9132575, 13.5123644 ], [ 92.914288, 13.5147823 ], [ 92.9173924, 13.5170868 ], [ 92.9195171, 13.5165757 ], [ 92.9215119, 13.5135109 ], [ 92.9241589, 13.514907 ], [ 92.9271612, 13.5146849 ], [ 92.9259929, 13.5160953 ], [ 92.9271581, 13.5213876 ], [ 92.9261465, 13.5216183 ], [ 92.928669, 13.5233442 ], [ 92.9329087, 13.5202518 ], [ 92.9361162, 13.5271842 ], [ 92.9394275, 13.5246749 ], [ 92.9413264, 13.5258404 ], [ 92.9400276, 13.5232058 ], [ 92.9404569, 13.5220035 ], [ 92.9418148, 13.5218269 ], [ 92.9432472, 13.5231552 ], [ 92.9438744, 13.5197563 ], [ 92.9442669, 13.5194624 ], [ 92.9451725, 13.5200813 ], [ 92.9440777, 13.5200093 ], [ 92.9436122, 13.5234037 ], [ 92.941778, 13.5222743 ], [ 92.9407759, 13.5230881 ], [ 92.941793, 13.5261793 ], [ 92.9394461, 13.5250726 ], [ 92.937317, 13.5263974 ], [ 92.9380298, 13.5315858 ], [ 92.9347534, 13.5268139 ], [ 92.9326548, 13.5207761 ], [ 92.9299624, 13.5233394 ], [ 92.9310713, 13.5246815 ], [ 92.9308222, 13.5258702 ], [ 92.9302628, 13.5240716 ], [ 92.9271909, 13.5235841 ], [ 92.9242526, 13.5211306 ], [ 92.9190935, 13.5236581 ], [ 92.9210145, 13.5209685 ], [ 92.9177122, 13.5232154 ], [ 92.9164785, 13.5209196 ], [ 92.9144414, 13.5204273 ], [ 92.9113754, 13.5274198 ], [ 92.9135524, 13.5350984 ], [ 92.9180847, 13.5386681 ], [ 92.9204592, 13.5393004 ], [ 92.9224684, 13.5377498 ], [ 92.9243305, 13.5399053 ], [ 92.935672, 13.5417602 ], [ 92.9388037, 13.5405074 ], [ 92.941242, 13.5377814 ], [ 92.9455658, 13.5377802 ], [ 92.9477097, 13.5392575 ], [ 92.9477108, 13.5427783 ], [ 92.949721, 13.5447076 ], [ 92.9559947, 13.545465 ], [ 92.958553, 13.5428608 ], [ 92.9589093, 13.5443704 ], [ 92.9633451, 13.5470359 ], [ 92.9630688, 13.5492417 ], [ 92.965208, 13.5499778 ], [ 92.9715391, 13.5440095 ], [ 92.9760579, 13.5350991 ], [ 92.9749627, 13.5342181 ], [ 92.9768148, 13.533562 ], [ 92.9782033, 13.5292314 ], [ 92.9806611, 13.5299447 ], [ 92.9796436, 13.5269755 ], [ 92.9870347, 13.5276914 ], [ 92.9862103, 13.5230181 ], [ 92.9920069, 13.5220168 ], [ 92.9907071, 13.5183788 ], [ 92.9888415, 13.519496 ], [ 92.9878982, 13.5173629 ], [ 92.9893724, 13.5187455 ], [ 92.9905683, 13.5178817 ], [ 92.9927319, 13.5215555 ], [ 92.9936364, 13.5198782 ], [ 92.9954055, 13.5199001 ], [ 92.9947191, 13.5234169 ], [ 92.9957635, 13.5244154 ], [ 93.0, 13.5239135 ], [ 92.9954866, 13.5248042 ], [ 92.9943633, 13.5232272 ], [ 92.9947359, 13.520149 ], [ 92.9910236, 13.5232467 ], [ 92.9869958, 13.5235375 ], [ 92.9882729, 13.5281519 ], [ 92.9857604, 13.5289439 ], [ 92.9873253, 13.5364193 ], [ 92.9905084, 13.537105 ], [ 92.9910076, 13.5376608 ], [ 92.9897978, 13.5387009 ], [ 92.9910314, 13.5390574 ], [ 92.9895715, 13.5388456 ], [ 92.990333, 13.5373537 ], [ 92.9872655, 13.5370657 ], [ 92.9850264, 13.539783 ], [ 92.9829937, 13.5395759 ], [ 92.9829729, 13.5446789 ], [ 92.9788637, 13.5497518 ], [ 92.9791849, 13.5551756 ], [ 92.9806685, 13.5564904 ], [ 92.9825621, 13.5554908 ], [ 92.9836715, 13.5567288 ], [ 92.9823062, 13.5614572 ], [ 92.9854548, 13.5665952 ], [ 92.9855938, 13.5674448 ], [ 92.9831578, 13.5648513 ], [ 92.9822479, 13.5654528 ], [ 92.9820881, 13.5694395 ], [ 92.9858509, 13.5737953 ], [ 92.9892381, 13.5750731 ], [ 92.9971626, 13.5678333 ], [ 93.003964, 13.565849 ], [ 93.0083206, 13.5591326 ], [ 93.0069593, 13.5549861 ], [ 93.010516, 13.5486626 ], [ 93.0132329, 13.5596547 ], [ 93.0117998, 13.5606487 ], [ 93.0118478, 13.5667026 ], [ 93.0135201, 13.5683942 ], [ 93.0144817, 13.5676667 ], [ 93.0138815, 13.5663418 ], [ 93.0153835, 13.5662384 ], [ 93.0164131, 13.5684542 ], [ 93.0138341, 13.5690092 ], [ 93.0142254, 13.572233 ], [ 93.0251756, 13.5797833 ], [ 93.0273295, 13.5793998 ], [ 93.040528, 13.5421185 ], [ 93.0408492, 13.5353232 ], [ 93.0442057, 13.5297135 ], [ 93.0444705, 13.5253959 ], [ 93.0421392, 13.519052 ], [ 93.0435175, 13.5147347 ], [ 93.0423224, 13.5101589 ], [ 93.043165, 13.5049055 ], [ 93.0396858, 13.4977067 ], [ 93.0393358, 13.4944513 ], [ 93.0405655, 13.4922997 ], [ 93.0391584, 13.4863358 ], [ 93.0363872, 13.4843138 ], [ 93.0339846, 13.4848103 ], [ 93.0378115, 13.4802769 ], [ 93.0338267, 13.4746828 ], [ 93.0350011, 13.4720338 ], [ 93.0337237, 13.4658619 ], [ 93.030994, 13.4645995 ], [ 93.0240315, 13.4666269 ], [ 93.022876, 13.4680778 ], [ 93.0186222, 13.4663037 ], [ 93.0161478, 13.4623376 ], [ 93.0144048, 13.4553155 ], [ 93.0119158, 13.4536054 ], [ 93.010801, 13.4569099 ], [ 93.012015, 13.4588138 ], [ 93.0103562, 13.4597761 ], [ 93.0080605, 13.4593682 ], [ 93.0094593, 13.4613039 ], [ 93.0077357, 13.462361 ], [ 93.0060866, 13.4623603 ], [ 93.0051114, 13.4632822 ], [ 93.0056249, 13.4617904 ], [ 93.0087247, 13.4614889 ], [ 93.0078066, 13.4590561 ], [ 93.0114376, 13.4588136 ], [ 93.0104546, 13.4567831 ], [ 93.0115649, 13.4532932 ], [ 93.0144698, 13.4545966 ], [ 93.0169974, 13.4632648 ], [ 93.0256416, 13.4606415 ], [ 93.0274612, 13.4618448 ], [ 93.0298959, 13.4610771 ], [ 93.0346479, 13.4523168 ], [ 93.0337292, 13.4508651 ], [ 93.0350002, 13.449039 ], [ 93.0334396, 13.447135 ], [ 93.033519, 13.4446981 ], [ 93.0356101, 13.4486594 ], [ 93.0364696, 13.4475701 ], [ 93.0363737, 13.4444686 ], [ 93.0335052, 13.4445354 ], [ 93.0349983, 13.441457 ], [ 93.0362959, 13.442434 ], [ 93.0365966, 13.4412857 ], [ 93.0351984, 13.4375191 ], [ 93.032898, 13.4379342 ], [ 93.0342567, 13.4357871 ], [ 93.0315235, 13.4325987 ], [ 93.0259848, 13.4340615 ], [ 93.0184431, 13.4316396 ], [ 93.0165446, 13.4321452 ], [ 93.0166121, 13.4361827 ], [ 93.0127717, 13.4404264 ], [ 93.0132096, 13.4426104 ], [ 93.012858, 13.4437315 ], [ 93.0127078, 13.4388847 ], [ 93.0105277, 13.4387436 ], [ 93.0078676, 13.4376482 ], [ 93.0132669, 13.4384328 ], [ 93.0163676, 13.4353778 ], [ 93.0153983, 13.4337859 ], [ 93.0118596, 13.4351227 ], [ 93.0052466, 13.4323617 ], [ 93.0017731, 13.4325952 ], [ 93.0007089, 13.4361529 ], [ 92.9973487, 13.4363868 ], [ 92.9965193, 13.4410608 ], [ 92.9970244, 13.4355918 ], [ 92.9938004, 13.4334917 ], [ 92.991552, 13.4340894 ], [ 92.9910034, 13.4357438 ], [ 92.9927357, 13.4373972 ], [ 92.9907921, 13.4380761 ], [ 92.992117, 13.4373659 ], [ 92.9902185, 13.4358391 ], [ 92.9916849, 13.4320419 ], [ 92.9908805, 13.4298593 ], [ 92.9888168, 13.4304614 ], [ 92.9902379, 13.4281783 ], [ 92.9890878, 13.4274059 ], [ 92.9903897, 13.4271161 ], [ 92.9924102, 13.4326969 ], [ 93.0000578, 13.4358225 ], [ 93.000563, 13.4324725 ], [ 93.0054367, 13.4309467 ], [ 93.0076842, 13.4252284 ], [ 93.0130006, 13.4248555 ], [ 93.0123041, 13.4227212 ], [ 93.0098978, 13.422702 ], [ 93.007512, 13.4182069 ], [ 93.0103329, 13.4205366 ], [ 93.0103136, 13.422327 ], [ 93.0134036, 13.4221882 ], [ 93.0131852, 13.4251902 ], [ 93.007508, 13.4266887 ], [ 93.0052747, 13.4315163 ], [ 93.0079806, 13.4332039 ], [ 93.0131211, 13.4339432 ], [ 93.0144244, 13.4323658 ], [ 93.0130256, 13.4306698 ], [ 93.0152514, 13.4319412 ], [ 93.0301764, 13.4283031 ], [ 93.0325886, 13.4252069 ], [ 93.0390401, 13.4279128 ], [ 93.0391755, 13.4237036 ], [ 93.036119, 13.4207548 ], [ 93.0360649, 13.4170383 ], [ 93.0394877, 13.415873 ], [ 93.0404122, 13.4135584 ], [ 93.0414834, 13.4144314 ], [ 93.0452538, 13.4094502 ], [ 93.0444466, 13.4061178 ], [ 93.0463314, 13.4045631 ], [ 93.0492035, 13.4063589 ], [ 93.0523795, 13.4112834 ], [ 93.0545777, 13.4121385 ], [ 93.0577577, 13.4202413 ], [ 93.0610643, 13.4214719 ], [ 93.0619151, 13.4179456 ], [ 93.0601383, 13.4125514 ], [ 93.0607903, 13.4094771 ], [ 93.0589897, 13.4071121 ], [ 93.0601217, 13.4051908 ], [ 93.0584459, 13.4026811 ], [ 93.0583961, 13.3990235 ], [ 93.0595555, 13.398436 ], [ 93.0600439, 13.4026815 ], [ 93.061388, 13.4019946 ], [ 93.064786, 13.4063087 ], [ 93.0694595, 13.4078469 ], [ 93.0703325, 13.4073588 ], [ 93.0680708, 13.4017566 ], [ 93.0684968, 13.3966296 ], [ 93.0641932, 13.3943093 ], [ 93.0651822, 13.3914069 ], [ 93.0633671, 13.3922383 ], [ 93.0636077, 13.3902445 ], [ 93.060707, 13.3920795 ], [ 93.0597467, 13.3912157 ], [ 93.0555301, 13.3920555 ], [ 93.0535174, 13.3894055 ], [ 93.0511205, 13.3897982 ], [ 93.0495022, 13.3811215 ], [ 93.0482789, 13.3794212 ], [ 93.0468199, 13.3787968 ], [ 93.0456751, 13.3772412 ], [ 93.0480252, 13.3787429 ], [ 93.0470428, 13.3746102 ], [ 93.0432915, 13.3796909 ], [ 93.0418876, 13.3799934 ], [ 93.042469, 13.3812279 ], [ 93.0419238, 13.3819601 ], [ 93.0413564, 13.3802509 ], [ 93.0432362, 13.3792795 ], [ 93.0435323, 13.3776338 ], [ 93.0399035, 13.3752364 ], [ 93.0371228, 13.3773062 ], [ 93.038877, 13.3791515 ], [ 93.0388352, 13.3798341 ], [ 93.0382532, 13.3801188 ], [ 93.0361755, 13.379042 ], [ 93.036535, 13.38114 ], [ 93.0354772, 13.3818902 ], [ 93.0341105, 13.3814602 ], [ 93.0360639, 13.3814247 ], [ 93.0357924, 13.3787751 ], [ 93.0384751, 13.3795989 ], [ 93.0367025, 13.3776813 ], [ 93.0378762, 13.3754075 ], [ 93.0328888, 13.3758896 ], [ 93.0267064, 13.3736176 ], [ 93.0270148, 13.3761587 ], [ 93.026263, 13.3739566 ], [ 93.024711, 13.3748873 ], [ 93.0249657, 13.3732236 ], [ 93.0128791, 13.3773013 ], [ 93.0099182, 13.379122 ], [ 93.0087477, 13.3835568 ], [ 93.0038277, 13.3872936 ], [ 93.0034256, 13.3880439 ], [ 93.0040151, 13.3913583 ], [ 93.0036497, 13.3923934 ], [ 93.0004676, 13.3928893 ], [ 93.0004066, 13.3946435 ], [ 92.9992072, 13.3959498 ], [ 93.0002737, 13.3926631 ], [ 93.0037286, 13.3916339 ], [ 92.9996644, 13.3866665 ], [ 92.9971476, 13.3855836 ], [ 92.996409, 13.3875707 ], [ 92.9967764, 13.3837649 ], [ 92.9998184, 13.3833491 ], [ 92.9999159, 13.3822418 ], [ 92.9970434, 13.3823547 ], [ 92.9943557, 13.380408 ], [ 92.991143, 13.3808705 ], [ 92.9919221, 13.3787097 ], [ 92.9901724, 13.3785659 ], [ 92.9887546, 13.3773191 ], [ 92.9890694, 13.3791043 ], [ 92.9858984, 13.3800141 ], [ 92.9867887, 13.378581 ], [ 92.985288, 13.3777591 ], [ 92.9824767, 13.3779004 ], [ 92.9796294, 13.3799174 ], [ 92.9831089, 13.3772945 ], [ 92.9858695, 13.3774605 ], [ 92.9887508, 13.378892 ], [ 92.9879331, 13.3777443 ], [ 92.9887267, 13.3767813 ], [ 92.9923743, 13.3783208 ], [ 92.9922552, 13.3802915 ], [ 92.9949076, 13.3763355 ], [ 92.9938292, 13.3798433 ], [ 92.9972108, 13.3819377 ], [ 93.0001407, 13.3818799 ], [ 93.0001399, 13.3834262 ], [ 92.996883, 13.3846643 ], [ 93.0, 13.3863605 ], [ 93.0031801, 13.3896036 ], [ 93.003024, 13.3877227 ], [ 93.0038976, 13.3861362 ], [ 93.0082445, 13.3832898 ], [ 93.0088513, 13.3793521 ], [ 93.0164126, 13.3753542 ], [ 93.0163073, 13.3733512 ], [ 93.0141838, 13.3716684 ], [ 93.0141288, 13.370737 ], [ 93.0173616, 13.3699381 ], [ 93.0143826, 13.3712751 ], [ 93.0166906, 13.3731705 ], [ 93.0168329, 13.3751238 ], [ 93.0243335, 13.3721202 ], [ 93.0343255, 13.3743981 ], [ 93.0362989, 13.3698233 ], [ 93.0400537, 13.3682331 ], [ 93.0357325, 13.365442 ], [ 93.0329591, 13.3605988 ], [ 93.0290295, 13.3608325 ], [ 93.0243764, 13.357589 ], [ 93.027119, 13.3580738 ], [ 93.0288681, 13.3604029 ], [ 93.0311314, 13.3585591 ], [ 93.0315326, 13.3599563 ], [ 93.0363393, 13.3601705 ], [ 93.0411248, 13.3552032 ], [ 93.0411584, 13.3515365 ], [ 93.037456, 13.3492566 ], [ 93.0340115, 13.3491559 ], [ 93.0314371, 13.3438968 ], [ 93.0288276, 13.3458626 ], [ 93.0259978, 13.344374 ], [ 93.0237894, 13.347737 ], [ 93.0187881, 13.3494304 ], [ 93.0152654, 13.3486784 ], [ 93.0107478, 13.3526506 ], [ 93.0045423, 13.3522047 ], [ 93.0002108, 13.3492173 ], [ 92.9991889, 13.3504948 ], [ 92.9885808, 13.3416408 ], [ 92.9871556, 13.3339083 ], [ 92.988072, 13.3296322 ], [ 92.9841621, 13.3280159 ], [ 92.9799777, 13.3320493 ], [ 92.9779087, 13.3397607 ], [ 92.9749467, 13.342641 ], [ 92.9761994, 13.3469748 ], [ 92.9757996, 13.3513229 ], [ 92.9709466, 13.3468232 ], [ 92.9690509, 13.350173 ], [ 92.9702013, 13.3529432 ], [ 92.9678996, 13.3570118 ], [ 92.9692482, 13.358905 ], [ 92.9730426, 13.359342 ], [ 92.965302, 13.3600816 ], [ 92.9609849, 13.3567747 ], [ 92.9575012, 13.3606899 ], [ 92.9540433, 13.3590911 ], [ 92.9542932, 13.3608989 ], [ 92.9508176, 13.3615282 ], [ 92.9538684, 13.3605736 ], [ 92.953817, 13.3586256 ], [ 92.9574318, 13.3602199 ], [ 92.9591524, 13.3569968 ], [ 92.9621104, 13.3548218 ], [ 92.9619707, 13.3514456 ], [ 92.960595, 13.3507501 ], [ 92.9610418, 13.3482957 ], [ 92.9598375, 13.349286 ], [ 92.9589095, 13.3485993 ], [ 92.9600166, 13.3466645 ], [ 92.95649, 13.3461459 ], [ 92.9546246, 13.3442844 ], [ 92.9508218, 13.3458584 ], [ 92.9493599, 13.3500577 ], [ 92.9454045, 13.3510215 ], [ 92.9494704, 13.3490994 ], [ 92.9506416, 13.3452754 ], [ 92.9492844, 13.344738 ], [ 92.9495927, 13.3415108 ], [ 92.949963, 13.3448192 ], [ 92.9553676, 13.3438005 ], [ 92.9581584, 13.3390494 ], [ 92.9551074, 13.3387024 ], [ 92.9557386, 13.3353079 ], [ 92.9597758, 13.331397 ], [ 92.9578877, 13.3304033 ], [ 92.958935, 13.3293002 ], [ 92.9582281, 13.327027 ], [ 92.9567557, 13.3268738 ], [ 92.9553707, 13.3257037 ], [ 92.9519143, 13.3269432 ], [ 92.9555829, 13.3253059 ], [ 92.9575402, 13.326503 ], [ 92.9611759, 13.3230803 ], [ 92.9605524, 13.3219099 ], [ 92.9576543, 13.3228374 ], [ 92.9559783, 13.3209081 ], [ 92.9526413, 13.320073 ], [ 92.9494664, 13.3211858 ], [ 92.9479182, 13.3186942 ], [ 92.9484268, 13.317376 ], [ 92.9493878, 13.3208378 ], [ 92.9526319, 13.3195532 ], [ 92.9562044, 13.3205916 ], [ 92.9582726, 13.3224847 ], [ 92.9607041, 13.3203099 ], [ 92.9617898, 13.3233196 ], [ 92.9590075, 13.3254449 ], [ 92.9593268, 13.3278899 ], [ 92.964607, 13.3283446 ], [ 92.9692069, 13.3242345 ], [ 92.97727, 13.3247917 ], [ 92.9801254, 13.3215273 ], [ 92.9847633, 13.3206395 ], [ 92.9847436, 13.3178734 ], [ 92.987499, 13.3181163 ], [ 92.9880517, 13.3158336 ], [ 92.9907278, 13.314481 ], [ 92.9892185, 13.3140523 ], [ 92.9881885, 13.3121861 ], [ 92.9887647, 13.3108706 ], [ 92.9922671, 13.3099063 ], [ 92.9914509, 13.3113033 ], [ 92.9886404, 13.3114583 ], [ 92.9894259, 13.3134918 ], [ 92.991106, 13.3138887 ], [ 92.9904375, 13.3153534 ], [ 92.9883566, 13.3163668 ], [ 92.9891555, 13.3174963 ], [ 92.9908853, 13.3156832 ], [ 92.9969723, 13.3148938 ], [ 92.9936658, 13.3013725 ], [ 92.9868127, 13.3011406 ], [ 92.9831895, 13.2998993 ], [ 92.9826954, 13.299226 ], [ 92.9828934, 13.2983988 ], [ 92.9846606, 13.2976749 ], [ 92.9862793, 13.2952788 ], [ 92.9903852, 13.2927368 ], [ 92.9905509, 13.2919051 ], [ 92.9861621, 13.2915049 ], [ 92.9842913, 13.2872074 ], [ 92.9817537, 13.2883068 ], [ 92.9828283, 13.2868465 ], [ 92.9821168, 13.2850615 ], [ 92.9831589, 13.2832939 ], [ 92.9811471, 13.2834122 ], [ 92.9806294, 13.2815323 ], [ 92.9783601, 13.2838111 ], [ 92.976772, 13.2821847 ], [ 92.9736992, 13.28323 ], [ 92.9738601, 13.2819056 ], [ 92.9772333, 13.2817687 ], [ 92.9780184, 13.2833457 ], [ 92.9799646, 13.2807687 ], [ 92.9810584, 13.2812473 ], [ 92.9813361, 13.2829511 ], [ 92.9834726, 13.2830316 ], [ 92.9827078, 13.2858296 ], [ 92.985251, 13.2870534 ], [ 92.9863551, 13.2895749 ], [ 92.9903508, 13.288407 ], [ 92.9885829, 13.2873321 ], [ 92.9885962, 13.2862067 ], [ 92.9907844, 13.2881627 ], [ 92.9865678, 13.2906414 ], [ 92.9903195, 13.2906262 ], [ 92.9925076, 13.2921076 ], [ 92.9987187, 13.2860113 ], [ 92.9964302, 13.2831296 ], [ 92.9945891, 13.2833746 ], [ 92.9943981, 13.2797725 ], [ 92.9953906, 13.2804454 ], [ 92.9950503, 13.2828591 ], [ 92.9969053, 13.2828853 ], [ 92.9989361, 13.2849537 ], [ 92.9979177, 13.2820922 ], [ 93.0, 13.2808543 ], [ 92.9988128, 13.2824136 ], [ 93.0, 13.2844261 ], [ 92.9971983, 13.2901868 ], [ 92.9863595, 13.2991566 ], [ 92.9933649, 13.299402 ], [ 92.9950435, 13.2971188 ], [ 92.9957359, 13.2974168 ], [ 92.9966045, 13.2995044 ], [ 92.99789, 13.3002346 ], [ 93.0008431, 13.2987256 ], [ 93.0006844, 13.3021888 ], [ 93.0025301, 13.3039078 ], [ 93.0102311, 13.3022566 ], [ 93.0051278, 13.2971859 ], [ 93.0050131, 13.295825 ], [ 93.0074985, 13.2919333 ], [ 93.0054836, 13.2965576 ], [ 93.0095995, 13.300606 ], [ 93.0139955, 13.2979133 ], [ 93.0166913, 13.298231 ], [ 93.0175369, 13.2964499 ], [ 93.0200104, 13.2983137 ], [ 93.0210082, 13.2967724 ], [ 93.0210321, 13.2948689 ], [ 93.017635, 13.2936513 ], [ 93.0120208, 13.2955885 ], [ 93.011546, 13.294024 ], [ 93.0154384, 13.2920906 ], [ 93.0161412, 13.2895861 ], [ 93.0146507, 13.2883421 ], [ 93.0127092, 13.2841998 ], [ 93.0094098, 13.2818382 ], [ 93.0110923, 13.2768249 ], [ 93.0135343, 13.2765095 ], [ 93.0160028, 13.2788842 ], [ 93.0183528, 13.2779493 ], [ 93.0253533, 13.2825728 ], [ 93.0286265, 13.281602 ], [ 93.0335533, 13.277607 ], [ 93.0331278, 13.2797002 ], [ 93.035547, 13.2788239 ], [ 93.0388511, 13.281461 ], [ 93.0421844, 13.2799655 ], [ 93.0457193, 13.2827472 ], [ 93.0466346, 13.2786467 ], [ 93.0423671, 13.2718364 ], [ 93.0397414, 13.2697693 ], [ 93.0423737, 13.2658864 ], [ 93.0458543, 13.2650149 ], [ 93.0444102, 13.2629256 ], [ 93.0466358, 13.2605978 ], [ 93.044296, 13.2593809 ], [ 93.043641, 13.2581328 ], [ 93.0437069, 13.2542672 ], [ 93.0445039, 13.2589108 ], [ 93.0617217, 13.270707 ], [ 93.0649196, 13.2743474 ], [ 93.0658014, 13.2737825 ], [ 93.0635191, 13.2632429 ], [ 93.0602236, 13.2630386 ], [ 93.0564037, 13.2562919 ], [ 93.0565296, 13.2513909 ], [ 93.0579259, 13.2493586 ], [ 93.0558794, 13.2416473 ], [ 93.0568323, 13.2329062 ], [ 93.0537974, 13.2297777 ], [ 93.0533556, 13.226008 ], [ 93.0472294, 13.2242074 ], [ 93.0455333, 13.2189504 ], [ 93.0437743, 13.2227012 ], [ 93.0423443, 13.2221539 ], [ 93.0453008, 13.21001 ], [ 93.0424093, 13.2071662 ], [ 93.0400175, 13.2001416 ], [ 93.0362182, 13.1950148 ], [ 93.0351555, 13.186915 ], [ 93.0317544, 13.1785837 ], [ 93.036078, 13.1741196 ], [ 93.0371355, 13.170599 ], [ 93.0341713, 13.166268 ], [ 93.0335452, 13.1629367 ], [ 93.0361239, 13.1490119 ], [ 93.0354708, 13.1438545 ], [ 93.0369202, 13.1401307 ], [ 93.0301594, 13.1273552 ], [ 93.0332282, 13.1217562 ], [ 93.0315892, 13.1144697 ], [ 93.0327649, 13.1026235 ], [ 93.0346152, 13.0989676 ], [ 93.0334416, 13.0931682 ], [ 93.0351025, 13.0903439 ], [ 93.0346211, 13.0828045 ], [ 93.033377, 13.0803498 ], [ 93.0293056, 13.0805518 ], [ 93.0257394, 13.074182 ], [ 93.0256985, 13.0725322 ], [ 93.0291897, 13.0701154 ], [ 93.0299423, 13.0673495 ], [ 93.0231871, 13.0578281 ], [ 93.0214607, 13.0518114 ], [ 93.0199357, 13.0495463 ], [ 93.0160168, 13.0498656 ], [ 93.0131359, 13.0486622 ], [ 93.0137143, 13.0440205 ], [ 93.0097917, 13.0426854 ], [ 93.0108901, 13.0400011 ], [ 93.0088456, 13.0349877 ], [ 93.0034368, 13.0281557 ], [ 93.0009797, 13.0281319 ], [ 93.0, 13.031506 ], [ 92.9966042, 13.0305676 ], [ 92.993832, 13.0314032 ], [ 92.9939368, 13.0348111 ], [ 92.9912295, 13.0314412 ], [ 92.9910449, 13.0282413 ], [ 92.9979385, 13.026019 ], [ 92.9992559, 13.0249918 ], [ 92.9986202, 13.0241828 ], [ 92.9935792, 13.0251647 ], [ 92.990224, 13.0240812 ], [ 92.9868787, 13.0253494 ], [ 92.9819613, 13.0242481 ], [ 92.9792429, 13.0263791 ], [ 92.9664136, 13.0296865 ], [ 92.9660306, 13.0266729 ], [ 92.9694445, 13.0215259 ], [ 92.9687273, 13.0179747 ], [ 92.9742154, 13.0160874 ], [ 92.9746988, 13.0142438 ], [ 92.9713919, 13.0114566 ], [ 92.961985, 13.0152375 ], [ 92.9596393, 13.014228 ], [ 92.9529533, 13.018729 ], [ 92.9496155, 13.028342 ], [ 92.9390509, 13.0338797 ], [ 92.9347419, 13.0378741 ], [ 92.9331958, 13.0422388 ], [ 92.9340208, 13.0441003 ], [ 92.9331406, 13.0480495 ], [ 92.9355996, 13.0528298 ], [ 92.9430247, 13.0540699 ], [ 92.9461495, 13.0519822 ], [ 92.9481728, 13.0518239 ], [ 92.9475321, 13.0505543 ], [ 92.9484724, 13.0515031 ], [ 92.9482788, 13.0521764 ], [ 92.9454076, 13.0529808 ], [ 92.9442923, 13.0545127 ], [ 92.9452236, 13.0557862 ], [ 92.9434371, 13.0546734 ], [ 92.9392777, 13.0565574 ], [ 92.9381417, 13.0588573 ], [ 92.938598, 13.0607189 ], [ 92.9465561, 13.0666128 ], [ 92.9466254, 13.0688223 ], [ 92.9498656, 13.0674394 ], [ 92.9507462, 13.0698973 ], [ 92.9525669, 13.0699898 ], [ 92.9538206, 13.0690543 ], [ 92.9558072, 13.068896 ], [ 92.9557674, 13.0643369 ], [ 92.9567309, 13.0656381 ], [ 92.9560054, 13.0691581 ], [ 92.9528988, 13.0701885 ], [ 92.9539776, 13.072538 ], [ 92.9555677, 13.0718375 ], [ 92.9562315, 13.0721446 ], [ 92.9559828, 13.0728225 ], [ 92.9537702, 13.0726645 ], [ 92.9524609, 13.0702699 ], [ 92.9504006, 13.0700464 ], [ 92.9495523, 13.0676924 ], [ 92.9464734, 13.0693058 ], [ 92.9461183, 13.0670736 ], [ 92.9399025, 13.0632447 ], [ 92.9372938, 13.0654497 ], [ 92.9381331, 13.0772563 ], [ 92.9391242, 13.078657 ], [ 92.9410694, 13.0783316 ], [ 92.9415902, 13.0789822 ], [ 92.9391993, 13.0789865 ], [ 92.9379165, 13.077907 ], [ 92.9366905, 13.0836409 ], [ 92.9388293, 13.0826378 ], [ 92.9366055, 13.0841149 ], [ 92.9348998, 13.0892755 ], [ 92.9389518, 13.0910556 ], [ 92.9390854, 13.0886654 ], [ 92.939892, 13.0880779 ], [ 92.9409753, 13.0880779 ], [ 92.9421279, 13.0891487 ], [ 92.9441147, 13.0889882 ], [ 92.9455851, 13.0896568 ], [ 92.9421924, 13.0894491 ], [ 92.9406343, 13.0882586 ], [ 92.9393574, 13.0885704 ], [ 92.9407669, 13.0945893 ], [ 92.9403861, 13.1040552 ], [ 92.9427786, 13.1043601 ], [ 92.9412872, 13.1025098 ], [ 92.941845, 13.1018094 ], [ 92.9439772, 13.1035467 ], [ 92.9416652, 13.1020941 ], [ 92.9431798, 13.1044594 ], [ 92.9408378, 13.1051893 ], [ 92.9426777, 13.1116665 ], [ 92.9425973, 13.1173779 ], [ 92.9443172, 13.12036 ], [ 92.9441352, 13.1219234 ], [ 92.946141, 13.1235144 ], [ 92.9437898, 13.1297958 ], [ 92.9416437, 13.1322404 ], [ 92.9444517, 13.1339075 ], [ 92.9397514, 13.1401254 ], [ 92.9403831, 13.1407353 ], [ 92.942096, 13.1395649 ], [ 92.9432925, 13.1397502 ], [ 92.9419555, 13.1427189 ], [ 92.9406369, 13.1440023 ], [ 92.9412226, 13.145525 ], [ 92.9400191, 13.1457329 ], [ 92.9402726, 13.1439932 ], [ 92.9429236, 13.1398857 ], [ 92.9400835, 13.1410877 ], [ 92.9392811, 13.1400304 ], [ 92.9440506, 13.133998 ], [ 92.9415838, 13.1333565 ], [ 92.9413118, 13.13215 ], [ 92.9456983, 13.1237197 ], [ 92.9435635, 13.1220409 ], [ 92.9421133, 13.1176473 ], [ 92.941834, 13.1111672 ], [ 92.9392058, 13.1041546 ], [ 92.9381964, 13.1069109 ], [ 92.9371696, 13.1083242 ], [ 92.9366475, 13.1085241 ], [ 92.9363155, 13.1076385 ], [ 92.9372881, 13.1053883 ], [ 92.9363707, 13.1047874 ], [ 92.9357806, 13.1064682 ], [ 92.9338998, 13.1074533 ], [ 92.9341626, 13.1088631 ], [ 92.9335935, 13.1092929 ], [ 92.9335218, 13.10739 ], [ 92.9358867, 13.104575 ], [ 92.9376753, 13.105194 ], [ 92.9368548, 13.1082756 ], [ 92.9381733, 13.1063958 ], [ 92.9396434, 13.0938661 ], [ 92.9386845, 13.0920181 ], [ 92.9357619, 13.0932968 ], [ 92.936209, 13.0920678 ], [ 92.9337658, 13.0892348 ], [ 92.9357915, 13.0773468 ], [ 92.9345513, 13.060597 ], [ 92.93315, 13.0580667 ], [ 92.9274002, 13.0559633 ], [ 92.9251024, 13.0642772 ], [ 92.9256601, 13.0662156 ], [ 92.9289718, 13.0684251 ], [ 92.9287229, 13.0725369 ], [ 92.9285248, 13.0684568 ], [ 92.9254596, 13.0666448 ], [ 92.9245907, 13.0648419 ], [ 92.9270775, 13.0557374 ], [ 92.922593, 13.0534894 ], [ 92.9195832, 13.0562274 ], [ 92.9171329, 13.0657114 ], [ 92.9128343, 13.0715557 ], [ 92.9135578, 13.0746509 ], [ 92.9085262, 13.0792411 ], [ 92.9101578, 13.0810848 ], [ 92.9119925, 13.0800412 ], [ 92.9100886, 13.0814508 ], [ 92.9081712, 13.079476 ], [ 92.906461, 13.0803569 ], [ 92.9040061, 13.0794673 ], [ 92.9008742, 13.0818665 ], [ 92.9005507, 13.0915906 ], [ 92.8988623, 13.0955132 ], [ 92.8969721, 13.0964573 ], [ 92.8924545, 13.0959302 ], [ 92.8871143, 13.0933401 ], [ 92.8881164, 13.0967562 ], [ 92.8924167, 13.1007559 ], [ 92.8922944, 13.1033147 ], [ 92.8875084, 13.1179435 ], [ 92.8828992, 13.1231954 ], [ 92.8838641, 13.1280743 ], [ 92.8789853, 13.131713 ], [ 92.8769281, 13.1350901 ], [ 92.8786751, 13.1369092 ], [ 92.8783381, 13.1384862 ], [ 92.8739231, 13.1395312 ], [ 92.8773669, 13.141179 ], [ 92.8767531, 13.1434336 ], [ 92.8732521, 13.1486608 ], [ 92.8758022, 13.147586 ], [ 92.8771688, 13.1499088 ], [ 92.8757651, 13.1482999 ], [ 92.8729915, 13.1490809 ], [ 92.8766797, 13.1418882 ], [ 92.8734203, 13.1401162 ], [ 92.8743682, 13.1385756 ], [ 92.876102, 13.1381829 ], [ 92.8758347, 13.137627 ], [ 92.874862, 13.1369399 ], [ 92.8733124, 13.1383449 ], [ 92.8732204, 13.1374502 ], [ 92.8745458, 13.1364245 ], [ 92.8780888, 13.1379816 ], [ 92.8763504, 13.1349972 ], [ 92.8782245, 13.1314733 ], [ 92.8830273, 13.1280154 ], [ 92.8821293, 13.1231229 ], [ 92.8884682, 13.1139222 ], [ 92.888762, 13.1079261 ], [ 92.8862125, 13.1081651 ], [ 92.8839515, 13.1066409 ], [ 92.8814871, 13.1084014 ], [ 92.8803214, 13.1051884 ], [ 92.8766784, 13.1037136 ], [ 92.8766685, 13.1023883 ], [ 92.8730699, 13.1043982 ], [ 92.8731992, 13.1034629 ], [ 92.8768807, 13.1020653 ], [ 92.8770441, 13.103326 ], [ 92.8808793, 13.1048858 ], [ 92.8817131, 13.1077688 ], [ 92.8839632, 13.1062511 ], [ 92.8868142, 13.1079144 ], [ 92.8889674, 13.1071015 ], [ 92.8912296, 13.1011556 ], [ 92.8857217, 13.0958476 ], [ 92.885568, 13.0923005 ], [ 92.8873336, 13.0916389 ], [ 92.8940244, 13.094053 ], [ 92.898314, 13.0934505 ], [ 92.8998261, 13.0812879 ], [ 92.902626, 13.0787863 ], [ 92.9084204, 13.0766068 ], [ 92.9117742, 13.0711173 ], [ 92.9121387, 13.0667931 ], [ 92.9101134, 13.0613211 ], [ 92.8950649, 13.0586624 ], [ 92.8890949, 13.0521729 ], [ 92.8857801, 13.0453608 ], [ 92.8760507, 13.0549715 ], [ 92.8641638, 13.059678 ], [ 92.8665431, 13.0645529 ], [ 92.864944, 13.0659946 ], [ 92.8602737, 13.0667789 ], [ 92.8586324, 13.0704418 ], [ 92.8592413, 13.0733833 ], [ 92.8589882, 13.0752042 ], [ 92.8581425, 13.075898 ], [ 92.8561419, 13.0757808 ], [ 92.854575, 13.0777375 ], [ 92.8557596, 13.0779091 ], [ 92.8580325, 13.0799013 ], [ 92.85363, 13.0777195 ], [ 92.8564207, 13.0751482 ], [ 92.8586701, 13.075019 ], [ 92.8580471, 13.0713614 ], [ 92.8511098, 13.0737743 ], [ 92.8478008, 13.073692 ], [ 92.8465563, 13.0750207 ], [ 92.8482827, 13.0758971 ], [ 92.8482644, 13.076855 ], [ 92.8462936, 13.0751381 ], [ 92.8479297, 13.0733035 ], [ 92.8577335, 13.0705211 ], [ 92.8596065, 13.0664248 ], [ 92.8548124, 13.0636399 ], [ 92.8495901, 13.0638665 ], [ 92.8483912, 13.0594951 ], [ 92.8502182, 13.0558643 ], [ 92.8494391, 13.0548523 ], [ 92.8444661, 13.0562558 ], [ 92.8437449, 13.057643 ], [ 92.8446762, 13.0599744 ], [ 92.8443399, 13.0609549 ], [ 92.841665, 13.0600109 ], [ 92.8443629, 13.0604399 ], [ 92.8433923, 13.0572996 ], [ 92.8455536, 13.0544437 ], [ 92.8438803, 13.0521079 ], [ 92.8435898, 13.0508925 ], [ 92.8459178, 13.0547961 ], [ 92.8486739, 13.0542763 ], [ 92.8508173, 13.0552135 ], [ 92.8488659, 13.0592329 ], [ 92.8499312, 13.0633288 ], [ 92.854591, 13.0629622 ], [ 92.8602839, 13.0655978 ], [ 92.8655014, 13.0644402 ], [ 92.8630302, 13.0614269 ], [ 92.8634723, 13.0592263 ], [ 92.8705977, 13.0558061 ], [ 92.8663354, 13.0524978 ], [ 92.8674965, 13.0511466 ], [ 92.8696213, 13.0510851 ], [ 92.8678004, 13.0493233 ], [ 92.8689544, 13.0469735 ], [ 92.8673412, 13.0465785 ], [ 92.8635568, 13.0436513 ], [ 92.8693047, 13.0469057 ], [ 92.8682889, 13.0493097 ], [ 92.8699396, 13.051323 ], [ 92.8667917, 13.0525339 ], [ 92.8700646, 13.0547992 ], [ 92.8759958, 13.0536385 ], [ 92.8792049, 13.0489045 ], [ 92.8780228, 13.0478802 ], [ 92.8740843, 13.0485142 ], [ 92.8741192, 13.0472806 ], [ 92.8750092, 13.0454735 ], [ 92.8733543, 13.0467699 ], [ 92.8725808, 13.0435209 ], [ 92.8734834, 13.0463949 ], [ 92.8751844, 13.0453199 ], [ 92.8747158, 13.0483652 ], [ 92.8778708, 13.0474826 ], [ 92.8814356, 13.0483736 ], [ 92.8837845, 13.0449762 ], [ 92.8865132, 13.0439037 ], [ 92.8891442, 13.047031 ], [ 92.8896575, 13.0506819 ], [ 92.8970975, 13.0581498 ], [ 92.9048639, 13.0579363 ], [ 92.9145824, 13.0555312 ], [ 92.9208626, 13.0452162 ], [ 92.9211071, 13.0396902 ], [ 92.9148143, 13.0324966 ], [ 92.908253, 13.0193951 ], [ 92.902195, 13.0227401 ], [ 92.8985479, 13.019875 ], [ 92.8963451, 13.020078 ], [ 92.8953361, 13.018083 ], [ 92.8965525, 13.0199018 ], [ 92.8988106, 13.0195994 ], [ 92.9017342, 13.021877 ], [ 92.9044394, 13.0213488 ], [ 92.905986, 13.0164669 ], [ 92.9017742, 13.0153571 ], [ 92.9009266, 13.0139247 ], [ 92.9058065, 13.0151701 ], [ 92.9104683, 13.0075166 ], [ 92.9045659, 13.0034699 ], [ 92.9041646, 13.0067004 ], [ 92.9024319, 13.0075948 ], [ 92.9015893, 13.0024439 ], [ 92.9015013, 13.0063657 ], [ 92.8977454, 13.008055 ], [ 92.8998097, 13.0096774 ], [ 92.8976713, 13.0110461 ], [ 92.8991368, 13.0098444 ], [ 92.896478, 13.0095096 ], [ 92.8965838, 13.0111001 ], [ 92.8942659, 13.011111 ], [ 92.8965795, 13.0092521 ], [ 92.8991876, 13.0094649 ], [ 92.8971879, 13.0079736 ], [ 92.9010036, 13.0062527 ], [ 92.9014165, 13.0020101 ], [ 92.9105699, 13.0057455 ], [ 92.9128094, 13.0048285 ], [ 92.9143843, 13.0014345 ], [ 92.9135204, 13.0007806 ], [ 92.9151639, 12.9988617 ], [ 92.9147813, 12.9938536 ], [ 92.9178349, 12.9911665 ], [ 92.9168715, 12.9895258 ], [ 92.9183879, 12.9872794 ], [ 92.927888, 12.9909423 ], [ 92.9307412, 12.9910823 ], [ 92.9317643, 12.9897398 ], [ 92.9324287, 12.9893316 ], [ 92.9330458, 12.9894052 ], [ 92.9314694, 12.9904358 ], [ 92.9330321, 12.9912945 ], [ 92.933216, 12.9855904 ], [ 92.9309526, 12.9841125 ], [ 92.9312775, 12.9825938 ], [ 92.9318855, 12.9817033 ], [ 92.9332411, 12.9829055 ], [ 92.9364814, 12.9827493 ], [ 92.9385735, 12.9788483 ], [ 92.9378379, 12.9741749 ], [ 92.9362422, 12.9736854 ], [ 92.9373117, 12.9702251 ], [ 92.9341868, 12.9661659 ], [ 92.9373994, 12.9687013 ], [ 92.9386304, 12.9723668 ], [ 92.939326, 12.9688728 ], [ 92.9380859, 12.9665678 ], [ 92.9337003, 12.9644236 ], [ 92.9324929, 12.9651739 ], [ 92.932841, 12.9666655 ], [ 92.9286975, 12.9664941 ], [ 92.9299347, 12.9623582 ], [ 92.9307207, 12.9656215 ], [ 92.9315939, 12.9629457 ], [ 92.9273902, 12.9568576 ], [ 92.9255421, 12.9562159 ], [ 92.9197812, 12.9580083 ], [ 92.9163407, 12.9548988 ], [ 92.9160042, 12.9525348 ], [ 92.9150133, 12.9505528 ], [ 92.9157184, 12.9526591 ], [ 92.9154578, 12.9537242 ], [ 92.9151467, 12.9524385 ], [ 92.9140948, 12.9510249 ], [ 92.9122952, 12.9473563 ], [ 92.9105383, 12.946616 ], [ 92.9126053, 12.946833 ], [ 92.91464, 12.9503811 ], [ 92.9125776, 12.9458341 ], [ 92.9104577, 12.9453052 ], [ 92.9076902, 12.9490115 ], [ 92.9068375, 12.953423 ], [ 92.9070102, 12.9605735 ], [ 92.9089921, 12.9628652 ], [ 92.9058165, 12.9651296 ], [ 92.9040533, 12.9740586 ], [ 92.9049266, 12.9768068 ], [ 92.9072606, 12.9777354 ], [ 92.9062056, 12.979695 ], [ 92.9045993, 12.9798577 ], [ 92.9061318, 12.9835663 ], [ 92.9013888, 12.9859414 ], [ 92.8996834, 12.9847526 ], [ 92.8956041, 12.9859479 ], [ 92.8985698, 12.9939099 ], [ 92.8960299, 12.9951776 ], [ 92.8902786, 12.9893248 ], [ 92.8862038, 12.9824556 ], [ 92.887648, 12.9913068 ], [ 92.8849974, 12.9928829 ], [ 92.8866256, 12.9936017 ], [ 92.8864687, 12.9951509 ], [ 92.8887342, 12.9966031 ], [ 92.890185, 12.9961626 ], [ 92.8905837, 12.9973038 ], [ 92.8886544, 12.9989783 ], [ 92.8874039, 13.0019783 ], [ 92.8879634, 13.0037676 ], [ 92.886055, 13.0072848 ], [ 92.8877306, 13.0000286 ], [ 92.8902772, 12.996732 ], [ 92.8880186, 12.9966641 ], [ 92.8860919, 12.9954412 ], [ 92.8855343, 12.9939089 ], [ 92.8864511, 12.9989307 ], [ 92.8855476, 12.9998888 ], [ 92.883271, 13.0005496 ], [ 92.8832014, 13.0021921 ], [ 92.8848946, 13.0028928 ], [ 92.8850143, 13.0033897 ], [ 92.8830463, 13.0055129 ], [ 92.8848715, 13.0033084 ], [ 92.8830125, 13.0022507 ], [ 92.8830807, 13.0004214 ], [ 92.8861753, 12.99889 ], [ 92.8844312, 12.9930048 ], [ 92.8865563, 12.9913011 ], [ 92.886059, 12.9859675 ], [ 92.8848425, 12.9840464 ], [ 92.8821506, 12.9841049 ], [ 92.8802035, 12.9816911 ], [ 92.8802913, 12.9800458 ], [ 92.882098, 12.980846 ], [ 92.8820983, 12.9780391 ], [ 92.8797596, 12.9740659 ], [ 92.8777132, 12.97346 ], [ 92.8802904, 12.9684974 ], [ 92.8732739, 12.9640015 ], [ 92.8765145, 12.9599565 ], [ 92.8762935, 12.9580446 ], [ 92.8725265, 12.9537683 ], [ 92.8726285, 12.9491896 ], [ 92.8741357, 12.9487061 ], [ 92.8761893, 12.944851 ], [ 92.8726691, 12.9406289 ], [ 92.8706734, 12.9355918 ], [ 92.8679311, 12.9346277 ], [ 92.8580302, 12.9351187 ], [ 92.8536628, 12.9401913 ], [ 92.8553277, 12.9445594 ], [ 92.8550238, 12.9457256 ], [ 92.8541187, 12.9473914 ], [ 92.8551687, 12.9445888 ], [ 92.8539126, 12.9435721 ], [ 92.8494198, 12.9455711 ], [ 92.8499487, 12.9503757 ], [ 92.8484056, 12.9537004 ], [ 92.8542083, 12.954725 ], [ 92.8477839, 12.9557345 ], [ 92.8497705, 12.9566991 ], [ 92.8505682, 12.957743 ], [ 92.8496948, 12.9592239 ], [ 92.848527, 12.9598679 ], [ 92.8512788, 12.9610243 ], [ 92.84808, 12.9598408 ], [ 92.8503171, 12.9579057 ], [ 92.847346, 12.955468 ], [ 92.8505536, 12.9546853 ], [ 92.8482052, 12.954166 ], [ 92.8470225, 12.9517323 ], [ 92.8467964, 12.9503787 ], [ 92.8479664, 12.9481545 ], [ 92.8420257, 12.9471367 ], [ 92.8423463, 12.9484451 ], [ 92.8450055, 12.9485418 ], [ 92.8459716, 12.9511134 ], [ 92.8455412, 12.9531203 ], [ 92.8448432, 12.9538212 ], [ 92.8438959, 12.9535139 ], [ 92.8438634, 12.9522506 ], [ 92.8421445, 12.9525538 ], [ 92.844387, 12.9543545 ], [ 92.8433989, 12.9567887 ], [ 92.8440874, 12.9544291 ], [ 92.8418634, 12.9527008 ], [ 92.842543, 12.9519412 ], [ 92.8441837, 12.9518942 ], [ 92.845032, 12.9534843 ], [ 92.8448351, 12.9489396 ], [ 92.8427843, 12.9489784 ], [ 92.8411844, 12.9478663 ], [ 92.8400109, 12.9499128 ], [ 92.8429326, 12.9428765 ], [ 92.8423273, 12.9461535 ], [ 92.8480722, 12.9474268 ], [ 92.8485404, 12.9487963 ], [ 92.8474188, 12.951409 ], [ 92.8492021, 12.9505544 ], [ 92.8491703, 12.9430445 ], [ 92.8468249, 12.9444869 ], [ 92.8454837, 12.9440421 ], [ 92.8487808, 12.942457 ], [ 92.8492907, 12.9427222 ], [ 92.8501339, 12.9445155 ], [ 92.8522424, 12.9436702 ], [ 92.8529285, 12.9397613 ], [ 92.8560967, 12.9351922 ], [ 92.855646, 12.9344434 ], [ 92.852606, 12.9345236 ], [ 92.8499681, 12.9332597 ], [ 92.8480898, 12.9348885 ], [ 92.849121, 12.9393359 ], [ 92.847929, 12.9346563 ], [ 92.8499235, 12.932583 ], [ 92.8489814, 12.9321866 ], [ 92.8488633, 12.9316611 ], [ 92.8504517, 12.9305218 ], [ 92.8459435, 12.9297205 ], [ 92.8448143, 12.9304567 ], [ 92.8454936, 12.9310072 ], [ 92.845368, 12.9321862 ], [ 92.8428915, 12.9330609 ], [ 92.8443563, 12.9312509 ], [ 92.8452343, 12.9319897 ], [ 92.8444782, 12.9303017 ], [ 92.8461025, 12.9295064 ], [ 92.8503739, 12.930167 ], [ 92.8507687, 12.9309081 ], [ 92.8491606, 12.9319526 ], [ 92.8523294, 12.9340716 ], [ 92.8557579, 12.9336753 ], [ 92.8559532, 12.9263507 ], [ 92.8588378, 12.9178863 ], [ 92.8537219, 12.9128871 ], [ 92.8519142, 12.9123404 ], [ 92.8497763, 12.9111799 ], [ 92.8447747, 12.9126343 ], [ 92.849676, 12.9109687 ], [ 92.8576967, 12.9133079 ], [ 92.8588023, 12.9120398 ], [ 92.8585853, 12.9053187 ], [ 92.8603978, 12.9031125 ], [ 92.8641991, 12.9028356 ], [ 92.8654714, 12.9056868 ], [ 92.8703652, 12.9096904 ], [ 92.8749411, 12.9081732 ], [ 92.8750425, 12.9019024 ], [ 92.8703192, 12.8964673 ], [ 92.8686124, 12.8904586 ], [ 92.8694567, 12.8868854 ], [ 92.8728159, 12.8836551 ], [ 92.8615648, 12.8814752 ], [ 92.8557749, 12.8790676 ], [ 92.8496265, 12.8790963 ], [ 92.8422727, 12.876924 ], [ 92.8409896, 12.8771276 ], [ 92.840808, 12.878626 ], [ 92.8435444, 12.8876088 ], [ 92.8425263, 12.8920312 ], [ 92.8383713, 12.8927626 ], [ 92.8318276, 12.8876608 ], [ 92.8287819, 12.8868364 ], [ 92.8264675, 12.8925795 ], [ 92.8279306, 12.8936843 ], [ 92.8282955, 12.8987872 ], [ 92.8272194, 12.8974834 ], [ 92.8277256, 12.89356 ], [ 92.8265113, 12.8929998 ], [ 92.8259588, 12.8955265 ], [ 92.8238534, 12.8969551 ], [ 92.8102242, 12.900367 ], [ 92.8045683, 12.900415 ], [ 92.8046632, 12.9062728 ], [ 92.8060503, 12.9075812 ], [ 92.8081743, 12.9058861 ], [ 92.8085107, 12.9061075 ], [ 92.808891, 12.9072014 ], [ 92.8087965, 12.9078997 ], [ 92.8097528, 12.9091945 ], [ 92.8085386, 12.9082161 ], [ 92.808384, 12.9061617 ], [ 92.8060872, 12.9079541 ], [ 92.8042762, 12.9063497 ], [ 92.8043816, 12.9001167 ], [ 92.8023358, 12.8999631 ], [ 92.802421, 12.8987789 ], [ 92.8013636, 12.8997349 ], [ 92.7972517, 12.9111412 ], [ 92.7939548, 12.913885 ], [ 92.7950125, 12.9188546 ], [ 92.7931871, 12.923969 ], [ 92.7944129, 12.9259034 ], [ 92.7922794, 12.9281024 ], [ 92.7922518, 12.9306336 ], [ 92.7956966, 12.933472 ], [ 92.7959225, 12.9354947 ], [ 92.7980171, 12.936385 ], [ 92.7982084, 12.9388574 ], [ 92.7995147, 12.9342063 ], [ 92.8002968, 12.9381319 ], [ 92.8023015, 12.938412 ], [ 92.7978039, 12.9432101 ], [ 92.8001613, 12.9455785 ], [ 92.7983665, 12.9506024 ], [ 92.8009843, 12.9520916 ], [ 92.7955751, 12.9495743 ], [ 92.7911555, 12.9519451 ], [ 92.7918707, 12.9572786 ], [ 92.7900872, 12.9630189 ], [ 92.7915184, 12.9695953 ], [ 92.7968669, 12.9634142 ], [ 92.7956618, 12.967446 ], [ 92.7971477, 12.9726235 ], [ 92.7939678, 12.9761255 ], [ 92.7924636, 12.9804296 ], [ 92.7940109, 12.9871162 ], [ 92.799374, 12.9918469 ], [ 92.8023625, 12.9849808 ], [ 92.8045076, 12.9833557 ], [ 92.8108506, 12.9841077 ], [ 92.810969, 12.9786531 ], [ 92.8117614, 12.9772972 ], [ 92.81038, 12.97576 ], [ 92.8111231, 12.9725118 ], [ 92.8107429, 12.9750905 ], [ 92.8120008, 12.9773407 ], [ 92.8115766, 12.9831304 ], [ 92.8153663, 12.9870804 ], [ 92.8171702, 12.9866438 ], [ 92.8199347, 12.9832479 ], [ 92.8214512, 12.9827053 ], [ 92.8196882, 12.9791207 ], [ 92.8214762, 12.9804725 ], [ 92.8211869, 12.9779436 ], [ 92.8220818, 12.977166 ], [ 92.8216977, 12.980483 ], [ 92.8212336, 12.9808364 ], [ 92.8205036, 12.9802669 ], [ 92.8216312, 12.9827849 ], [ 92.8181836, 12.9859519 ], [ 92.8164349, 12.9909932 ], [ 92.812766, 12.9916151 ], [ 92.8107888, 12.9944476 ], [ 92.8059489, 12.9946203 ], [ 92.8076158, 12.9961541 ], [ 92.807021, 12.9990147 ], [ 92.8086728, 12.9980852 ], [ 92.8104324, 12.9992237 ], [ 92.8118978, 12.9980764 ], [ 92.8148783, 12.9987728 ], [ 92.8183259, 13.0006474 ], [ 92.8195887, 13.0054408 ], [ 92.8228558, 13.006505 ], [ 92.8241414, 13.0034551 ], [ 92.8261827, 13.00233 ], [ 92.8246631, 12.9984816 ], [ 92.8260588, 12.9990639 ], [ 92.8264361, 13.0026283 ], [ 92.8282954, 13.0022893 ], [ 92.8290048, 12.9992447 ], [ 92.8307672, 12.9990445 ], [ 92.833356, 12.9961976 ], [ 92.8342022, 12.9967265 ], [ 92.8356328, 12.9945609 ], [ 92.8369008, 12.9968359 ], [ 92.8377245, 12.9940133 ], [ 92.8384283, 12.9935728 ], [ 92.8402514, 12.994273 ], [ 92.8396404, 12.9930483 ], [ 92.8419822, 12.991376 ], [ 92.8405006, 12.9943783 ], [ 92.8379947, 12.9940754 ], [ 92.8369347, 12.9971471 ], [ 92.8356283, 12.995405 ], [ 92.8345985, 12.9971442 ], [ 92.8330099, 12.99697 ], [ 92.8316556, 12.9985618 ], [ 92.8334056, 13.0017492 ], [ 92.8331085, 13.0047223 ], [ 92.8295494, 12.9995 ], [ 92.8296179, 13.0019279 ], [ 92.8247911, 13.0035906 ], [ 92.8228972, 13.0074809 ], [ 92.8259595, 13.0167525 ], [ 92.8292866, 13.0152388 ], [ 92.8321071, 13.0200892 ], [ 92.8340104, 13.0205319 ], [ 92.8345402, 13.0187064 ], [ 92.8353144, 13.0187425 ], [ 92.8353676, 13.0219053 ], [ 92.8371373, 13.0230665 ], [ 92.8350174, 13.0219144 ], [ 92.8350334, 13.0190543 ], [ 92.8339129, 13.0209363 ], [ 92.8316325, 13.0204462 ], [ 92.8292037, 13.0160837 ], [ 92.8260257, 13.0176693 ], [ 92.8230793, 13.0130565 ], [ 92.8204803, 13.0121506 ], [ 92.8181774, 13.01232 ], [ 92.8176298, 13.0159281 ], [ 92.8150472, 13.0166913 ], [ 92.8135561, 13.0220555 ], [ 92.8127728, 13.0218467 ], [ 92.8113511, 13.0204211 ], [ 92.8129558, 13.0209332 ], [ 92.8147891, 13.0162485 ], [ 92.8173739, 13.0155699 ], [ 92.8173975, 13.0118839 ], [ 92.8156418, 13.0116398 ], [ 92.8143124, 13.0068549 ], [ 92.8133492, 13.0092044 ], [ 92.8113355, 13.0100786 ], [ 92.8077228, 13.0090482 ], [ 92.8053728, 13.0063867 ], [ 92.8042278, 13.0085161 ], [ 92.8050245, 13.0125994 ], [ 92.8020982, 13.0125087 ], [ 92.7998935, 13.0099715 ], [ 92.7977, 13.0101203 ], [ 92.795543, 13.0124152 ], [ 92.7916468, 13.0127786 ], [ 92.7885033, 13.0181053 ], [ 92.7901223, 13.0244268 ], [ 92.7945756, 13.0301499 ], [ 92.7919161, 13.032917 ], [ 92.7922296, 13.0379494 ], [ 92.7960217, 13.0389022 ], [ 92.7924096, 13.0476878 ], [ 92.7960369, 13.0471754 ], [ 92.7979062, 13.0441643 ], [ 92.7989636, 13.0432835 ], [ 92.7992312, 13.0433893 ], [ 92.791706, 13.0533493 ], [ 92.7933894, 13.0629896 ], [ 92.7938687, 13.0641645 ], [ 92.7957585, 13.0641512 ], [ 92.7965394, 13.0677299 ], [ 92.7967046, 13.0745212 ], [ 92.7953884, 13.0766899 ], [ 92.7962913, 13.0813259 ], [ 92.7928443, 13.0919825 ], [ 92.7942827, 13.0905254 ], [ 92.8008194, 13.0913485 ], [ 92.8015206, 13.0856552 ], [ 92.7989418, 13.0826818 ], [ 92.7972546, 13.0826138 ], [ 92.7979168, 13.081545 ], [ 92.8009793, 13.0814575 ], [ 92.8019217, 13.0776327 ], [ 92.804527, 13.0748314 ], [ 92.8090557, 13.0759072 ], [ 92.808528, 13.0727849 ], [ 92.8119044, 13.0765963 ], [ 92.8129762, 13.0726654 ], [ 92.8141241, 13.0723085 ], [ 92.8154008, 13.0743463 ], [ 92.8186413, 13.075101 ], [ 92.8152181, 13.0748629 ], [ 92.8135063, 13.0727331 ], [ 92.8130798, 13.0760723 ], [ 92.8105122, 13.0776333 ], [ 92.8111713, 13.0810087 ], [ 92.8062889, 13.0801695 ], [ 92.8089724, 13.0835253 ], [ 92.8051392, 13.0857482 ], [ 92.8046645, 13.0872723 ], [ 92.8062775, 13.091654 ], [ 92.8055785, 13.1009169 ], [ 92.8130099, 13.1030614 ], [ 92.8137799, 13.098954 ], [ 92.815564, 13.1002645 ], [ 92.8184083, 13.0981498 ], [ 92.820711, 13.0939386 ], [ 92.8205773, 13.0912094 ], [ 92.821847, 13.0960836 ], [ 92.818797, 13.1025302 ], [ 92.821285, 13.1025939 ], [ 92.8195954, 13.1062742 ], [ 92.8213981, 13.111762 ], [ 92.8250425, 13.1126537 ], [ 92.8265243, 13.1109098 ], [ 92.8282397, 13.1102798 ], [ 92.8281474, 13.1088475 ], [ 92.8293553, 13.1089197 ], [ 92.8282746, 13.110508 ], [ 92.8265432, 13.1112739 ], [ 92.8260107, 13.1125075 ], [ 92.8238992, 13.1137005 ], [ 92.8236089, 13.1159778 ], [ 92.8191598, 13.1151848 ], [ 92.8180395, 13.1163099 ], [ 92.8176008, 13.1136597 ], [ 92.8140838, 13.113933 ], [ 92.813887, 13.1177283 ], [ 92.8084794, 13.1272771 ], [ 92.8167, 13.1287347 ], [ 92.8183207, 13.1279282 ], [ 92.818572, 13.1331449 ], [ 92.8230698, 13.134801 ], [ 92.8238305, 13.132013 ], [ 92.8256955, 13.1310998 ], [ 92.8251289, 13.1285627 ], [ 92.82893, 13.1322366 ], [ 92.8307465, 13.1277045 ], [ 92.8296696, 13.1252363 ], [ 92.8332381, 13.1233587 ], [ 92.8337086, 13.1262008 ], [ 92.8361612, 13.1242577 ], [ 92.8344353, 13.1263504 ], [ 92.8339854, 13.1303928 ], [ 92.8391445, 13.1271683 ], [ 92.8394487, 13.1255588 ], [ 92.8410096, 13.1279048 ], [ 92.8406493, 13.1254127 ], [ 92.8427957, 13.1239837 ], [ 92.8427771, 13.1222803 ], [ 92.8432703, 13.1217109 ], [ 92.8463397, 13.1214026 ], [ 92.8460817, 13.1197023 ], [ 92.8470343, 13.1182465 ], [ 92.8463087, 13.1219816 ], [ 92.8432612, 13.1220182 ], [ 92.8430043, 13.1243248 ], [ 92.8409413, 13.1256993 ], [ 92.8429141, 13.1305389 ], [ 92.8419922, 13.1335529 ], [ 92.8433664, 13.1355869 ], [ 92.8397192, 13.1341315 ], [ 92.8387233, 13.134841 ], [ 92.839157, 13.1368517 ], [ 92.841896, 13.1393457 ], [ 92.8467097, 13.1385613 ], [ 92.8475427, 13.1441869 ], [ 92.8474547, 13.1461628 ], [ 92.8468055, 13.1482086 ], [ 92.8484265, 13.1502236 ], [ 92.8465703, 13.1482221 ], [ 92.8470169, 13.1432064 ], [ 92.8453798, 13.141381 ], [ 92.8435493, 13.141736 ], [ 92.841913, 13.1468105 ], [ 92.8371128, 13.1453062 ], [ 92.836698, 13.1473125 ], [ 92.8381137, 13.1486273 ], [ 92.8330966, 13.1442514 ], [ 92.832343, 13.1491451 ], [ 92.830886, 13.15093 ], [ 92.8265608, 13.1504964 ], [ 92.8207991, 13.1452571 ], [ 92.8178389, 13.1487771 ], [ 92.8181363, 13.1504851 ], [ 92.8170434, 13.1518543 ], [ 92.8175922, 13.1501282 ], [ 92.8163333, 13.1497395 ], [ 92.8092829, 13.1519195 ], [ 92.8079271, 13.1537902 ], [ 92.8117796, 13.1583497 ], [ 92.8110761, 13.1681823 ], [ 92.8150143, 13.1697414 ], [ 92.8150235, 13.1721001 ], [ 92.8129667, 13.1726197 ], [ 92.8141565, 13.1747345 ], [ 92.8194045, 13.1723736 ], [ 92.8233013, 13.1743482 ], [ 92.8253083, 13.1690393 ], [ 92.8272624, 13.1673148 ], [ 92.8264714, 13.1636705 ], [ 92.8242117, 13.1619603 ], [ 92.8178089, 13.1634266 ], [ 92.8193352, 13.1621274 ], [ 92.8242855, 13.1613367 ], [ 92.8270271, 13.1636563 ], [ 92.8277881, 13.1676469 ], [ 92.8251251, 13.1710925 ], [ 92.8252613, 13.174495 ], [ 92.8262989, 13.1749333 ], [ 92.8299626, 13.1714471 ], [ 92.8339884, 13.1706244 ], [ 92.8351316, 13.1648676 ], [ 92.8365519, 13.1645738 ], [ 92.8383919, 13.1654005 ], [ 92.8370129, 13.1624364 ], [ 92.837165, 13.1619936 ], [ 92.8399732, 13.1613245 ], [ 92.8428507, 13.1615277 ], [ 92.8440221, 13.1628899 ], [ 92.8444138, 13.1608655 ], [ 92.8472453, 13.1618005 ], [ 92.8483383, 13.162781 ], [ 92.8491789, 13.1611153 ], [ 92.8482876, 13.1629301 ], [ 92.8445061, 13.1612315 ], [ 92.8445939, 13.1624605 ], [ 92.84381, 13.1631294 ], [ 92.8422604, 13.1617855 ], [ 92.8374832, 13.1621969 ], [ 92.8390883, 13.1653598 ], [ 92.8352047, 13.1657363 ], [ 92.8338709, 13.1718219 ], [ 92.835123, 13.1734598 ], [ 92.834602, 13.1752899 ], [ 92.828983, 13.1784465 ], [ 92.8264582, 13.1827099 ], [ 92.8237027, 13.1828298 ], [ 92.8249178, 13.1813974 ], [ 92.8238179, 13.1793978 ], [ 92.8221186, 13.1811782 ], [ 92.8232116, 13.1828727 ], [ 92.8191278, 13.1832252 ], [ 92.8185929, 13.1818538 ], [ 92.8159227, 13.183772 ], [ 92.8170986, 13.1857105 ], [ 92.8208365, 13.1861308 ], [ 92.8205414, 13.1900259 ], [ 92.8217843, 13.1930941 ], [ 92.8201794, 13.1950914 ], [ 92.817735, 13.1939955 ], [ 92.8167619, 13.1956991 ], [ 92.8176266, 13.1978139 ], [ 92.8195014, 13.1968808 ], [ 92.819566, 13.2006223 ], [ 92.8214939, 13.2029878 ], [ 92.8181316, 13.2026377 ], [ 92.8162568, 13.1971541 ], [ 92.8149493, 13.2000416 ], [ 92.8160653, 13.2044632 ], [ 92.8191002, 13.2077303 ], [ 92.8226055, 13.2045106 ], [ 92.8234357, 13.2067609 ], [ 92.8273654, 13.2083763 ] ] ], [ [ [ 92.969642, 13.3392035 ], [ 92.9670178, 13.3324611 ], [ 92.9640143, 13.3355582 ], [ 92.9663509, 13.338685 ], [ 92.969642, 13.3392035 ] ] ], [ [ [ 92.905895, 13.5216333 ], [ 92.9066612, 13.520296 ], [ 92.9057945, 13.519898 ], [ 92.9048754, 13.5206434 ], [ 92.905895, 13.5216333 ] ] ], [ [ [ 92.9839415, 13.5295006 ], [ 92.9783902, 13.530761 ], [ 92.9785222, 13.5349571 ], [ 92.9817734, 13.5325242 ], [ 92.9832107, 13.5334754 ], [ 92.9813932, 13.5346332 ], [ 92.9827229, 13.5381842 ], [ 92.9864308, 13.5360624 ], [ 92.9856457, 13.5302562 ], [ 92.9843375, 13.5302939 ], [ 92.9839415, 13.5295006 ] ] ], [ [ [ 92.9119769, 13.5338467 ], [ 92.906299, 13.5292781 ], [ 92.9045206, 13.5293913 ], [ 92.9027979, 13.5315746 ], [ 92.9041243, 13.5369076 ], [ 92.9071503, 13.5381818 ], [ 92.9118251, 13.5374805 ], [ 92.9119769, 13.5338467 ] ] ], [ [ [ 92.9779336, 13.5355233 ], [ 92.9784929, 13.5364271 ], [ 92.9786449, 13.5353468 ], [ 92.9779336, 13.5355233 ] ] ], [ [ [ 92.9154156, 13.5440244 ], [ 92.9164454, 13.5423564 ], [ 92.9137751, 13.541218 ], [ 92.9132535, 13.5433965 ], [ 92.9154156, 13.5440244 ] ] ], [ [ [ 92.989033, 13.0014103 ], [ 92.9864872, 12.9977071 ], [ 92.9852104, 12.9986264 ], [ 92.9866814, 13.0014114 ], [ 92.989033, 13.0014103 ] ] ], [ [ [ 93.0555747, 13.2257826 ], [ 93.0568154, 13.2273287 ], [ 93.0583194, 13.2270082 ], [ 93.0610386, 13.219854 ], [ 93.0577903, 13.2219098 ], [ 93.0555747, 13.2257826 ] ] ], [ [ [ 93.0602176, 13.2281962 ], [ 93.0610159, 13.2272201 ], [ 93.0602829, 13.2247883 ], [ 93.0590413, 13.2275496 ], [ 93.0602176, 13.2281962 ] ] ], [ [ [ 93.04874, 13.2621402 ], [ 93.0481212, 13.26299 ], [ 93.0482595, 13.2637542 ], [ 93.0495291, 13.2628955 ], [ 93.04874, 13.2621402 ] ] ], [ [ [ 93.0676816, 13.2670779 ], [ 93.0678986, 13.2666258 ], [ 93.0675848, 13.2666167 ], [ 93.0676816, 13.2670779 ] ] ], [ [ [ 93.0682308, 13.2675527 ], [ 93.0684016, 13.2671956 ], [ 93.0680416, 13.2672136 ], [ 93.0682308, 13.2675527 ] ] ], [ [ [ 93.0680183, 13.2681133 ], [ 93.0681892, 13.2677562 ], [ 93.0678291, 13.2677742 ], [ 93.0680183, 13.2681133 ] ] ], [ [ [ 93.0684982, 13.2688911 ], [ 93.0682351, 13.2686378 ], [ 93.0683274, 13.2690312 ], [ 93.0684982, 13.2688911 ] ] ], [ [ [ 93.0709437, 13.2729065 ], [ 93.0707591, 13.2726442 ], [ 93.0707221, 13.2728386 ], [ 93.0709437, 13.2729065 ] ] ], [ [ [ 93.0705421, 13.2729968 ], [ 93.0702928, 13.2730555 ], [ 93.0704082, 13.273155 ], [ 93.0705421, 13.2729968 ] ] ], [ [ [ 93.0700573, 13.2733539 ], [ 93.0698728, 13.2730057 ], [ 93.0698173, 13.2732408 ], [ 93.0700573, 13.2733539 ] ] ], [ [ [ 93.0706574, 13.2734851 ], [ 93.0705604, 13.2738016 ], [ 93.0706942, 13.2737293 ], [ 93.0706574, 13.2734851 ] ] ], [ [ [ 93.0701218, 13.2741496 ], [ 93.070408, 13.2738377 ], [ 93.0700942, 13.2737292 ], [ 93.0701218, 13.2741496 ] ] ], [ [ [ 93.0704862, 13.2749907 ], [ 93.0707033, 13.2745386 ], [ 93.0703894, 13.2745295 ], [ 93.0704862, 13.2749907 ] ] ], [ [ [ 93.032195, 13.2808347 ], [ 93.032634, 13.2794288 ], [ 93.0312488, 13.2804455 ], [ 93.032195, 13.2808347 ] ] ], [ [ [ 93.0153455, 13.2830616 ], [ 93.0137895, 13.2838973 ], [ 93.0138255, 13.285837 ], [ 93.0165079, 13.2850152 ], [ 93.0153455, 13.2830616 ] ] ], [ [ [ 93.0210506, 13.2946926 ], [ 93.0212308, 13.29434 ], [ 93.0209584, 13.2944394 ], [ 93.0210506, 13.2946926 ] ] ], [ [ [ 93.0497087, 13.2942143 ], [ 93.048518, 13.2932238 ], [ 93.0446862, 13.2941676 ], [ 93.0491773, 13.2961086 ], [ 93.0481669, 13.2942953 ], [ 93.0497087, 13.2942143 ] ] ], [ [ [ 93.0216874, 13.2953485 ], [ 93.0215491, 13.2949686 ], [ 93.0213921, 13.2950951 ], [ 93.0216874, 13.2953485 ] ] ], [ [ [ 92.9850954, 13.3000069 ], [ 92.9847209, 13.2984749 ], [ 92.9830873, 13.2984892 ], [ 92.9833185, 13.2995241 ], [ 92.9850954, 13.3000069 ] ] ], [ [ [ 93.0098447, 13.3092237 ], [ 93.0124638, 13.3060057 ], [ 93.0128253, 13.3028726 ], [ 93.0114227, 13.3011449 ], [ 93.0108125, 13.3028536 ], [ 93.0021513, 13.304301 ], [ 93.0004716, 13.3030432 ], [ 93.0002237, 13.3001993 ], [ 92.9979498, 13.3005148 ], [ 92.9969582, 13.3001787 ], [ 92.9948684, 13.2975889 ], [ 92.9939143, 13.2999215 ], [ 92.996798, 13.3078658 ], [ 93.001467, 13.3138238 ], [ 93.0025696, 13.3172545 ], [ 93.0072585, 13.3208014 ], [ 93.0085562, 13.3200243 ], [ 93.0080363, 13.316285 ], [ 93.0053845, 13.3105283 ], [ 93.0049986, 13.3065042 ], [ 93.006996, 13.3098373 ], [ 93.0098447, 13.3092237 ] ] ], [ [ [ 93.0218129, 13.315233 ], [ 93.0215591, 13.3150294 ], [ 93.0215959, 13.3153324 ], [ 93.0218129, 13.315233 ] ] ], [ [ [ 93.0235674, 13.3261163 ], [ 93.0218729, 13.3263462 ], [ 93.0202868, 13.3214672 ], [ 93.0203229, 13.3124744 ], [ 93.0231365, 13.3075835 ], [ 93.0212001, 13.3016012 ], [ 93.0209912, 13.3041917 ], [ 93.018631, 13.3070618 ], [ 93.0138476, 13.3084116 ], [ 93.0144393, 13.3170068 ], [ 93.0168993, 13.3292332 ], [ 93.024273, 13.3281783 ], [ 93.0235674, 13.3261163 ] ] ], [ [ [ 93.0223667, 13.3158571 ], [ 93.0220759, 13.3157395 ], [ 93.0221773, 13.3159927 ], [ 93.0223667, 13.3158571 ] ] ], [ [ [ 93.0222049, 13.3164448 ], [ 93.0218955, 13.3164899 ], [ 93.0220571, 13.316603 ], [ 93.0222049, 13.3164448 ] ] ], [ [ [ 93.0212716, 13.318149 ], [ 93.0215161, 13.3184068 ], [ 93.0215532, 13.3181852 ], [ 93.0212716, 13.318149 ] ] ], [ [ [ 93.0057295, 13.3226047 ], [ 92.9993448, 13.3162352 ], [ 92.9942516, 13.3193335 ], [ 92.9972067, 13.3221478 ], [ 93.0057295, 13.3226047 ] ] ], [ [ [ 93.0066, 13.3363949 ], [ 93.0083493, 13.3375712 ], [ 93.0089358, 13.3372595 ], [ 93.0071408, 13.3351744 ], [ 93.0066, 13.3363949 ] ] ], [ [ [ 93.0124124, 13.3374916 ], [ 93.0132152, 13.3388574 ], [ 93.0153713, 13.3390256 ], [ 93.0140424, 13.3371668 ], [ 93.0124124, 13.3374916 ] ] ], [ [ [ 93.0612401, 13.3632671 ], [ 93.0707331, 13.3490985 ], [ 93.0744274, 13.3472455 ], [ 93.0752444, 13.3485839 ], [ 93.0790443, 13.3491995 ], [ 93.0797326, 13.3475856 ], [ 93.0778494, 13.3438959 ], [ 93.0830668, 13.3442495 ], [ 93.0872589, 13.346895 ], [ 93.0880624, 13.3460361 ], [ 93.0898694, 13.3340053 ], [ 93.0829999, 13.3304416 ], [ 93.0801743, 13.3302422 ], [ 93.0796431, 13.3315668 ], [ 93.0788079, 13.3292608 ], [ 93.0762453, 13.3300471 ], [ 93.0714822, 13.3226629 ], [ 93.072051, 13.3181689 ], [ 93.0692143, 13.3066889 ], [ 93.0724465, 13.3038186 ], [ 93.0753588, 13.3072508 ], [ 93.0786694, 13.3043985 ], [ 93.0806321, 13.3005151 ], [ 93.0780246, 13.2966083 ], [ 93.0696225, 13.2983111 ], [ 93.0689341, 13.3005897 ], [ 93.0710988, 13.3023399 ], [ 93.067594, 13.3062455 ], [ 93.0643908, 13.303532 ], [ 93.0618742, 13.3061221 ], [ 93.0624367, 13.3090746 ], [ 93.0597938, 13.3175422 ], [ 93.0608403, 13.3232302 ], [ 93.0584657, 13.3288947 ], [ 93.0565218, 13.3297713 ], [ 93.0512869, 13.3272154 ], [ 93.0484211, 13.3230233 ], [ 93.0457623, 13.3214808 ], [ 93.0405408, 13.3211129 ], [ 93.0384075, 13.3222199 ], [ 93.0378013, 13.3260311 ], [ 93.0407799, 13.337403 ], [ 93.0397912, 13.3394011 ], [ 93.0438896, 13.3444029 ], [ 93.0446365, 13.3476539 ], [ 93.0440255, 13.3523015 ], [ 93.0409157, 13.3589739 ], [ 93.041677, 13.3607238 ], [ 93.0435753, 13.3593319 ], [ 93.0444987, 13.3597436 ], [ 93.0420694, 13.3611128 ], [ 93.0400983, 13.3592585 ], [ 93.0384305, 13.3618938 ], [ 93.0408824, 13.3619172 ], [ 93.042419, 13.364965 ], [ 93.0424937, 13.3625597 ], [ 93.0437871, 13.3610907 ], [ 93.0424697, 13.365277 ], [ 93.0406976, 13.362306 ], [ 93.0389289, 13.3627711 ], [ 93.0399348, 13.3646794 ], [ 93.0456046, 13.3667248 ], [ 93.0496178, 13.3652249 ], [ 93.0473225, 13.3664404 ], [ 93.0474791, 13.3675798 ], [ 93.0458676, 13.3673216 ], [ 93.0476864, 13.3692618 ], [ 93.0478513, 13.3736022 ], [ 93.049651, 13.3775227 ], [ 93.0537639, 13.3830668 ], [ 93.056563, 13.3809743 ], [ 93.0598956, 13.3693737 ], [ 93.0614197, 13.3682573 ], [ 93.0612401, 13.3632671 ] ] ], [ [ [ 93.0202261, 13.3446521 ], [ 93.0184366, 13.3400939 ], [ 93.0201366, 13.3381098 ], [ 93.017427, 13.3366664 ], [ 93.0176387, 13.3380274 ], [ 93.0157317, 13.3384018 ], [ 93.0156006, 13.3425975 ], [ 93.017557, 13.3455281 ], [ 93.0202261, 13.3446521 ] ] ], [ [ [ 93.0380949, 13.3444779 ], [ 93.0383541, 13.3428051 ], [ 93.0361066, 13.3396259 ], [ 93.0353113, 13.342786 ], [ 93.0380949, 13.3444779 ] ] ], [ [ [ 93.0356277, 13.3616532 ], [ 93.035702, 13.3605998 ], [ 93.0349674, 13.3614766 ], [ 93.0356277, 13.3616532 ] ] ], [ [ [ 93.0401969, 13.3681472 ], [ 93.0396208, 13.3647561 ], [ 93.0377144, 13.3629244 ], [ 93.0364814, 13.3633083 ], [ 93.0366884, 13.3654288 ], [ 93.0401969, 13.3681472 ] ] ], [ [ [ 93.0453413, 13.3669824 ], [ 93.0403825, 13.3653803 ], [ 93.0403582, 13.3690741 ], [ 93.0363448, 13.3706236 ], [ 93.0365791, 13.37401 ], [ 93.0412801, 13.3736499 ], [ 93.044549, 13.3751746 ], [ 93.0472972, 13.3735749 ], [ 93.0474786, 13.3693883 ], [ 93.0453413, 13.3669824 ] ] ], [ [ [ 93.035471, 13.3735937 ], [ 93.034681, 13.3746017 ], [ 93.0363158, 13.3742405 ], [ 93.035471, 13.3735937 ] ] ], [ [ [ 93.0440823, 13.3761149 ], [ 93.0448535, 13.3761784 ], [ 93.044609, 13.375473 ], [ 93.0440823, 13.3761149 ] ] ], [ [ [ 93.0663243, 13.3853216 ], [ 93.0608111, 13.38249 ], [ 93.0594065, 13.3855505 ], [ 93.0621676, 13.3872376 ], [ 93.0642091, 13.386058 ], [ 93.0664163, 13.3867684 ], [ 93.0663243, 13.3853216 ] ] ], [ [ [ 93.0721793, 13.4322756 ], [ 93.0700899, 13.4188246 ], [ 93.0713381, 13.4133406 ], [ 93.0696294, 13.4125807 ], [ 93.0669085, 13.4150577 ], [ 93.0655303, 13.422644 ], [ 93.0697132, 13.4302405 ], [ 93.0721793, 13.4322756 ] ] ], [ [ [ 92.9840642, 13.529685 ], [ 92.9852144, 13.5293707 ], [ 92.9845638, 13.5284019 ], [ 92.9840642, 13.529685 ] ] ], [ [ [ 93.0556424, 13.5621291 ], [ 93.0528751, 13.5589093 ], [ 93.0506742, 13.5627109 ], [ 93.0507612, 13.5654734 ], [ 93.0568102, 13.5673151 ], [ 93.0556424, 13.5621291 ] ] ], [ [ [ 92.9997716, 13.5687235 ], [ 92.9982244, 13.5706784 ], [ 93.0, 13.5726767 ], [ 93.0023255, 13.5708396 ], [ 92.9997716, 13.5687235 ] ] ], [ [ [ 93.0146238, 13.6320705 ], [ 93.015198, 13.6297695 ], [ 93.0144031, 13.6293261 ], [ 93.014176, 13.6307502 ], [ 93.0146238, 13.6320705 ] ] ], [ [ [ 93.0134759, 13.6351715 ], [ 93.0137819, 13.633205 ], [ 93.0131672, 13.6329153 ], [ 93.0134759, 13.6351715 ] ] ], [ [ [ 93.0682529, 13.6507058 ], [ 93.062355, 13.6457493 ], [ 93.0551301, 13.6426731 ], [ 93.0546696, 13.6362439 ], [ 93.0491902, 13.6254369 ], [ 93.0487849, 13.6206263 ], [ 93.0461272, 13.6198433 ], [ 93.0443564, 13.6209731 ], [ 93.0439803, 13.6259281 ], [ 93.0418071, 13.6275867 ], [ 93.0409114, 13.6379534 ], [ 93.0429762, 13.6429589 ], [ 93.0440494, 13.6408886 ], [ 93.0453112, 13.6416937 ], [ 93.045143, 13.6473722 ], [ 93.0474771, 13.6490819 ], [ 93.0489753, 13.6481148 ], [ 93.0490266, 13.6464104 ], [ 93.0523162, 13.6534236 ], [ 93.0574659, 13.6552786 ], [ 93.0615943, 13.6558312 ], [ 93.0639017, 13.6542946 ], [ 93.0657278, 13.6546838 ], [ 93.0682529, 13.6507058 ] ] ], [ [ [ 93.0102291, 13.6386107 ], [ 93.0104093, 13.6388142 ], [ 93.0103493, 13.6384932 ], [ 93.0102291, 13.6386107 ] ] ], [ [ [ 93.0342438, 13.6420518 ], [ 93.0352327, 13.6430377 ], [ 93.0350669, 13.6412563 ], [ 93.0342438, 13.6420518 ] ] ], [ [ [ 93.0344226, 13.6459038 ], [ 93.0333225, 13.6454513 ], [ 93.0347413, 13.6468715 ], [ 93.0344226, 13.6459038 ] ] ], [ [ [ 93.0198805, 13.6738298 ], [ 93.0201708, 13.6762488 ], [ 93.0262804, 13.6717662 ], [ 93.024686, 13.6700295 ], [ 93.0217363, 13.6697073 ], [ 93.0255931, 13.6676789 ], [ 93.0231615, 13.6669364 ], [ 93.0255821, 13.6606802 ], [ 93.0256977, 13.6491965 ], [ 93.0280711, 13.6445 ], [ 93.0289661, 13.6374609 ], [ 93.031972, 13.6347493 ], [ 93.0324723, 13.6320595 ], [ 93.0285594, 13.6254436 ], [ 93.0227957, 13.6235154 ], [ 93.020609, 13.6240525 ], [ 93.01975, 13.6221171 ], [ 93.0171241, 13.622749 ], [ 93.0201781, 13.6264033 ], [ 93.0195721, 13.6274791 ], [ 93.0170574, 13.6273605 ], [ 93.0170703, 13.6296256 ], [ 93.0159425, 13.6292499 ], [ 93.0158939, 13.634621 ], [ 93.0128976, 13.6361026 ], [ 93.0142376, 13.6375138 ], [ 93.0120967, 13.6385934 ], [ 93.0133613, 13.6433366 ], [ 93.0095753, 13.6427969 ], [ 93.0091443, 13.6449714 ], [ 93.0073917, 13.6460647 ], [ 93.0059544, 13.6451689 ], [ 93.0057179, 13.646602 ], [ 93.0027318, 13.645728 ], [ 93.001362, 13.648553 ], [ 93.0002169, 13.6457629 ], [ 92.9996081, 13.6469757 ], [ 92.9959793, 13.6464624 ], [ 92.9958116, 13.6440262 ], [ 92.992899, 13.6418941 ], [ 92.9906717, 13.6425187 ], [ 92.9902385, 13.6448874 ], [ 92.9886534, 13.6451682 ], [ 92.9883048, 13.6411095 ], [ 92.9867192, 13.6402694 ], [ 92.9812988, 13.6414558 ], [ 92.9817115, 13.6444162 ], [ 92.9802708, 13.6470518 ], [ 92.9815048, 13.6472367 ], [ 92.9815012, 13.6493701 ], [ 92.9793237, 13.6478748 ], [ 92.9785254, 13.6506232 ], [ 92.9771895, 13.6500135 ], [ 92.975541, 13.6427325 ], [ 92.9736005, 13.6439084 ], [ 92.9716701, 13.6473532 ], [ 92.9714927, 13.6540789 ], [ 92.9723345, 13.6555295 ], [ 92.9740723, 13.6555922 ], [ 92.9749374, 13.6575128 ], [ 92.9735654, 13.6589778 ], [ 92.9749887, 13.6585795 ], [ 92.9766725, 13.6618423 ], [ 92.9743286, 13.6604826 ], [ 92.9742829, 13.6615222 ], [ 92.9796697, 13.6666097 ], [ 92.9916741, 13.668892 ], [ 93.0028155, 13.6726604 ], [ 93.0029921, 13.6709108 ], [ 93.0040319, 13.671716 ], [ 93.0049852, 13.6700708 ], [ 93.0042521, 13.6660331 ], [ 93.0095613, 13.6627532 ], [ 93.0116824, 13.6650554 ], [ 93.0089321, 13.6636707 ], [ 93.0047097, 13.6661011 ], [ 93.0060587, 13.6683487 ], [ 93.0037168, 13.6731672 ], [ 93.0070401, 13.6753388 ], [ 93.0105083, 13.6744091 ], [ 93.0097953, 13.6764885 ], [ 93.0118803, 13.677059 ], [ 93.0172808, 13.6766997 ], [ 93.0198805, 13.6738298 ] ] ], [ [ [ 93.0297525, 13.6636069 ], [ 93.0302694, 13.6627521 ], [ 93.0301843, 13.662686 ], [ 93.0297525, 13.6636069 ] ] ], [ [ [ 93.854497, 12.3010995 ], [ 93.8577423, 12.3006929 ], [ 93.864647, 12.2941797 ], [ 93.86564, 12.2882177 ], [ 93.8683474, 12.2856865 ], [ 93.8685313, 12.2833767 ], [ 93.8664217, 12.2806104 ], [ 93.8669963, 12.275376 ], [ 93.863393, 12.2715564 ], [ 93.8608972, 12.2719721 ], [ 93.8510981, 12.268952 ], [ 93.845362, 12.269173 ], [ 93.8413723, 12.27075 ], [ 93.8391703, 12.2736607 ], [ 93.8365183, 12.2738954 ], [ 93.8340632, 12.2777779 ], [ 93.8381853, 12.2837361 ], [ 93.8370037, 12.2863123 ], [ 93.8417332, 12.2890973 ], [ 93.8402569, 12.2953802 ], [ 93.8423118, 12.2948471 ], [ 93.8461587, 12.2988026 ], [ 93.8487329, 12.2988481 ], [ 93.8503184, 12.3020801 ], [ 93.8532421, 12.3001593 ], [ 93.854497, 12.3010995 ] ] ], [ [ [ 93.0710867, 13.2731371 ], [ 93.0709528, 13.2735485 ], [ 93.0710774, 13.2736163 ], [ 93.0710867, 13.2731371 ] ] ], [ [ [ 93.071705, 13.274055 ], [ 93.0714005, 13.2736435 ], [ 93.0713727, 13.2739329 ], [ 93.071705, 13.274055 ] ] ], [ [ [ 93.0711788, 13.2742041 ], [ 93.0708649, 13.274091 ], [ 93.071008, 13.2743442 ], [ 93.0711788, 13.2742041 ] ] ], [ [ [ 93.0801576, 13.2951347 ], [ 93.0798022, 13.2948589 ], [ 93.0797421, 13.2949764 ], [ 93.0801576, 13.2951347 ] ] ], [ [ [ 93.0758597, 13.2954595 ], [ 93.0755781, 13.2957623 ], [ 93.075772, 13.2958076 ], [ 93.0758597, 13.2954595 ] ] ], [ [ [ 93.0763628, 13.2960112 ], [ 93.0760674, 13.2955725 ], [ 93.0760535, 13.2961286 ], [ 93.0763628, 13.2960112 ] ] ], [ [ [ 93.0775954, 13.2957356 ], [ 93.0772999, 13.2958802 ], [ 93.0775215, 13.2960249 ], [ 93.0775954, 13.2957356 ] ] ], [ [ [ 93.0781909, 13.2959301 ], [ 93.0778632, 13.2956904 ], [ 93.077877, 13.2960114 ], [ 93.0781909, 13.2959301 ] ] ], [ [ [ 93.0769583, 13.2960836 ], [ 93.0766767, 13.2958213 ], [ 93.0768383, 13.2961559 ], [ 93.0769583, 13.2960836 ] ] ], [ [ [ 93.0758734, 13.2962733 ], [ 93.0760074, 13.2959252 ], [ 93.0756658, 13.2959251 ], [ 93.0758734, 13.2962733 ] ] ], [ [ [ 93.078634, 13.2960251 ], [ 93.0783801, 13.29612 ], [ 93.0784862, 13.2963371 ], [ 93.078634, 13.2960251 ] ] ], [ [ [ 93.0777015, 13.2962149 ], [ 93.0774337, 13.2964183 ], [ 93.0776414, 13.2964906 ], [ 93.0777015, 13.2962149 ] ] ], [ [ [ 93.0760535, 13.2962417 ], [ 93.0761134, 13.2965763 ], [ 93.0762427, 13.2962734 ], [ 93.0760535, 13.2962417 ] ] ], [ [ [ 93.0787678, 13.2967802 ], [ 93.0785, 13.2965767 ], [ 93.07862, 13.2968661 ], [ 93.0787678, 13.2967802 ] ] ], [ [ [ 93.0821283, 13.2973912 ], [ 93.0817776, 13.2970701 ], [ 93.0819252, 13.2975222 ], [ 93.0821283, 13.2973912 ] ] ], [ [ [ 93.0800278, 13.2977841 ], [ 93.0797047, 13.2975264 ], [ 93.0799262, 13.2979333 ], [ 93.0800278, 13.2977841 ] ] ], [ [ [ 93.0805586, 13.2983946 ], [ 93.0807941, 13.2980872 ], [ 93.0805448, 13.2981459 ], [ 93.0805586, 13.2983946 ] ] ], [ [ [ 93.0813711, 13.2985666 ], [ 93.0812048, 13.2988875 ], [ 93.0814587, 13.2989192 ], [ 93.0813711, 13.2985666 ] ] ], [ [ [ 93.0821187, 13.299905 ], [ 93.0819064, 13.2996427 ], [ 93.0820125, 13.3000089 ], [ 93.0821187, 13.299905 ] ] ], [ [ [ 93.0825895, 13.3000949 ], [ 93.0823079, 13.299905 ], [ 93.0823264, 13.3002396 ], [ 93.0825895, 13.3000949 ] ] ], [ [ [ 93.0830373, 13.3001538 ], [ 93.0828295, 13.3003301 ], [ 93.083005, 13.3002985 ], [ 93.0830373, 13.3001538 ] ] ], [ [ [ 93.0774348, 13.3635134 ], [ 93.0762528, 13.362496 ], [ 93.0721056, 13.3655651 ], [ 93.0755223, 13.3671527 ], [ 93.0751486, 13.3655611 ], [ 93.0774348, 13.3635134 ] ] ], [ [ [ 93.0808236, 13.3664212 ], [ 93.080759, 13.3661454 ], [ 93.0806389, 13.3662358 ], [ 93.0808236, 13.3664212 ] ] ], [ [ [ 93.0813961, 13.3664936 ], [ 93.0810821, 13.366471 ], [ 93.0813407, 13.3666428 ], [ 93.0813961, 13.3664936 ] ] ], [ [ [ 93.0808789, 13.366706 ], [ 93.0806434, 13.3668552 ], [ 93.0808327, 13.3668914 ], [ 93.0808789, 13.366706 ] ] ], [ [ [ 93.0823241, 13.3674704 ], [ 93.0819963, 13.3672985 ], [ 93.0820147, 13.3674251 ], [ 93.0823241, 13.3674704 ] ] ], [ [ [ 93.0793132, 13.3685007 ], [ 93.0812154, 13.3702146 ], [ 93.0829287, 13.3692292 ], [ 93.0812668, 13.3668056 ], [ 93.0793132, 13.3685007 ] ] ], [ [ [ 93.0779263, 13.3767743 ], [ 93.0776817, 13.3764216 ], [ 93.077617, 13.3767064 ], [ 93.0779263, 13.3767743 ] ] ], [ [ [ 93.0800551, 13.3770052 ], [ 93.0797412, 13.3766571 ], [ 93.0797319, 13.3769464 ], [ 93.0800551, 13.3770052 ] ] ], [ [ [ 93.0797597, 13.3763134 ], [ 93.0780279, 13.3772309 ], [ 93.079016, 13.3777465 ], [ 93.0797597, 13.3763134 ] ] ], [ [ [ 93.0773167, 13.3773122 ], [ 93.0770627, 13.3771313 ], [ 93.0770119, 13.3773709 ], [ 93.0773167, 13.3773122 ] ] ], [ [ [ 93.0776907, 13.3774796 ], [ 93.0776307, 13.3771721 ], [ 93.0775245, 13.377371 ], [ 93.0776907, 13.3774796 ] ] ], [ [ [ 93.0832983, 13.3963023 ], [ 93.0829288, 13.3963972 ], [ 93.0831135, 13.3966143 ], [ 93.0832983, 13.3963023 ] ] ], [ [ [ 93.0815662, 13.3977986 ], [ 93.082596, 13.3979479 ], [ 93.0827534, 13.3961395 ], [ 93.081705, 13.3964242 ], [ 93.0815662, 13.3977986 ] ] ], [ [ [ 93.0912486, 13.4136016 ], [ 93.0917155, 13.4097993 ], [ 93.0902057, 13.406779 ], [ 93.0862518, 13.4100789 ], [ 93.0858029, 13.4161011 ], [ 93.0893308, 13.4210478 ], [ 93.0957229, 13.4231961 ], [ 93.0912486, 13.4136016 ] ] ], [ [ [ 93.0866733, 13.4326895 ], [ 93.0873848, 13.4317447 ], [ 93.0866644, 13.4310709 ], [ 93.0866733, 13.4326895 ] ] ], [ [ [ 93.0732414, 13.4332298 ], [ 93.0741008, 13.4321313 ], [ 93.073334, 13.4320814 ], [ 93.0732414, 13.4332298 ] ] ], [ [ [ 93.0757495, 13.4333071 ], [ 93.0777679, 13.4335923 ], [ 93.0764888, 13.4319645 ], [ 93.0757495, 13.4333071 ] ] ], [ [ [ 93.0978692, 13.4363983 ], [ 93.1043266, 13.4356528 ], [ 93.1044241, 13.4291107 ], [ 93.0957912, 13.4314067 ], [ 93.094331, 13.4368907 ], [ 93.0977535, 13.4386905 ], [ 93.0978692, 13.4363983 ] ] ], [ [ [ 94.2673984, 13.46391 ], [ 94.2644411, 13.4577619 ], [ 94.2667562, 13.4541878 ], [ 94.2653015, 13.4443025 ], [ 94.2634097, 13.4411153 ], [ 94.261056, 13.438321 ], [ 94.2571317, 13.4369633 ], [ 94.253357, 13.4322475 ], [ 94.2453039, 13.4328627 ], [ 94.2422991, 13.4391301 ], [ 94.2397911, 13.4404169 ], [ 94.2391271, 13.4469656 ], [ 94.2419705, 13.4491501 ], [ 94.2475662, 13.4598015 ], [ 94.2508766, 13.4612313 ], [ 94.2524857, 13.4660456 ], [ 94.258278, 13.4637613 ], [ 94.2621281, 13.4664704 ], [ 94.2642675, 13.4637098 ], [ 94.2673984, 13.46391 ] ] ], [ [ [ 93.1083304, 13.6557501 ], [ 93.1080439, 13.6565094 ], [ 93.1083304, 13.6565094 ], [ 93.1083304, 13.6557501 ] ] ], [ [ [ 93.1108122, 13.6573954 ], [ 93.1103501, 13.6574496 ], [ 93.1105025, 13.6579558 ], [ 93.1108122, 13.6573954 ] ] ], [ [ [ 93.1063106, 13.6575217 ], [ 93.1056913, 13.6580279 ], [ 93.106232, 13.6581047 ], [ 93.1063106, 13.6575217 ] ] ], [ [ [ 93.1078633, 13.6611963 ], [ 93.1073226, 13.6607398 ], [ 93.1073456, 13.6616483 ], [ 93.1078633, 13.6611963 ] ] ] ] } }
]
}
