{
"type": "FeatureCollection",
"name": "08",
"crs": { "type": "name", "properties": { "name": "urn:ogc:def:crs:OGC:1.3:CRS84" } },
"features": [
{ "type": "Feature", "properties": { "code": "08", "name": "RAJASTHAN", "type": "state" }, "geometry": { "type": "MultiPolygon", "coordinates": [ [ [ [ 75.2169199, 24.8889059 ], [ 75.220308, 24.8877705 ], [ 75.2212107, 24.885418 ], [ 75.2194014, 24.8756083 ], [ 75.2216255, 24.8737807 ], [ 75.2300849, 24.8772983 ], [ 75.23894, 24.8865963 ], [ 75.2429609, 24.887222 ], [ 75.2506706, 24.8805084 ], [ 75.2491284, 24.8670724 ], [ 75.2467222, 24.8619854 ], [ 75.2430377, 24.8606476 ], [ 75.2326553, 24.8481198 ], [ 75.2226366, 24.8440936 ], [ 75.2179446, 24.8465479 ], [ 75.2160071, 24.8507548 ], [ 75.2100201, 24.8544436 ], [ 75.2087426, 24.8540254 ], [ 75.2081362, 24.8613957 ], [ 75.2007325, 24.8678406 ], [ 75.2054102, 24.8770054 ], [ 75.2084736, 24.8943004 ], [ 75.2132691, 24.8933184 ], [ 75.2169199, 24.8889059 ] ] ], [ [ [ 76.5724019, 25.4383199 ], [ 76.5824284, 25.4368596 ], [ 76.5879557, 25.4310986 ], [ 76.5982257, 25.4054324 ], [ 76.5984655, 25.3923297 ], [ 76.6020447, 25.3909049 ], [ 76.6082819, 25.3909361 ], [ 76.6166393, 25.3807643 ], [ 76.6227875, 25.3767829 ], [ 76.6289128, 25.3777895 ], [ 76.630887, 25.3812345 ], [ 76.6355579, 25.3834443 ], [ 76.639763, 25.3835329 ], [ 76.6406679, 25.3795278 ], [ 76.6438315, 25.3779396 ], [ 76.6464651, 25.3731748 ], [ 76.6458505, 25.3707215 ], [ 76.6493598, 25.3715624 ], [ 76.6492728, 25.3666159 ], [ 76.6535473, 25.3671051 ], [ 76.654612, 25.3657525 ], [ 76.6540641, 25.3630953 ], [ 76.6568205, 25.3612 ], [ 76.6585739, 25.3615368 ], [ 76.6588305, 25.3654116 ], [ 76.6604273, 25.3651859 ], [ 76.6635079, 25.3579466 ], [ 76.6688007, 25.3530069 ], [ 76.6684487, 25.350167 ], [ 76.6694972, 25.3491034 ], [ 76.6734416, 25.3480249 ], [ 76.6753211, 25.3492313 ], [ 76.6771545, 25.3478156 ], [ 76.677929, 25.3506597 ], [ 76.6805145, 25.3504677 ], [ 76.6825521, 25.3483724 ], [ 76.6888205, 25.3522505 ], [ 76.7002825, 25.3516265 ], [ 76.7032953, 25.3478947 ], [ 76.7111244, 25.3460629 ], [ 76.7169523, 25.3384594 ], [ 76.7236953, 25.3355009 ], [ 76.7255926, 25.3312897 ], [ 76.7293238, 25.3285691 ], [ 76.7409146, 25.3275325 ], [ 76.7561918, 25.3225726 ], [ 76.7603673, 25.3197377 ], [ 76.7662743, 25.3202177 ], [ 76.7697143, 25.3177073 ], [ 76.7775652, 25.3156086 ], [ 76.7896559, 25.3195384 ], [ 76.8002656, 25.3196529 ], [ 76.8145418, 25.3229849 ], [ 76.8203639, 25.3262806 ], [ 76.8307841, 25.3273026 ], [ 76.839439, 25.3261972 ], [ 76.8520136, 25.332034 ], [ 76.8572848, 25.3327846 ], [ 76.8634843, 25.3312303 ], [ 76.8662545, 25.3282387 ], [ 76.8704027, 25.327026 ], [ 76.8723754, 25.3287027 ], [ 76.8814828, 25.3241315 ], [ 76.901539, 25.3236347 ], [ 76.9176465, 25.3092619 ], [ 76.9294083, 25.3031864 ], [ 76.9273866, 25.2915268 ], [ 76.9232984, 25.2854503 ], [ 76.9299024, 25.2829674 ], [ 76.9430946, 25.2821217 ], [ 76.9578097, 25.284411 ], [ 76.9591312, 25.2948728 ], [ 76.9606548, 25.2972945 ], [ 76.9737385, 25.3004059 ], [ 76.9804707, 25.2979279 ], [ 76.996878, 25.2983971 ], [ 77.0256994, 25.2962707 ], [ 77.0316904, 25.2943874 ], [ 77.043769, 25.3126853 ], [ 77.0458973, 25.321439 ], [ 77.0569085, 25.3165465 ], [ 77.0639503, 25.3165745 ], [ 77.0700509, 25.3184929 ], [ 77.0749575, 25.3252166 ], [ 77.0752274, 25.3282323 ], [ 77.0836734, 25.3365577 ], [ 77.0921472, 25.3354627 ], [ 77.1090285, 25.3306317 ], [ 77.1124934, 25.3319767 ], [ 77.1176838, 25.3294514 ], [ 77.1209324, 25.3306323 ], [ 77.1250826, 25.3302656 ], [ 77.1350301, 25.3206663 ], [ 77.1386446, 25.3220491 ], [ 77.1441199, 25.3205297 ], [ 77.1537373, 25.312613 ], [ 77.1653577, 25.3082318 ], [ 77.1796733, 25.3119067 ], [ 77.1856043, 25.3090026 ], [ 77.2094176, 25.3063051 ], [ 77.2091871, 25.3086509 ], [ 77.2113892, 25.3093445 ], [ 77.2082774, 25.3143422 ], [ 77.205548, 25.3264785 ], [ 77.2172185, 25.3295302 ], [ 77.219466, 25.3277859 ], [ 77.2198829, 25.3247783 ], [ 77.218836, 25.3231919 ], [ 77.2163209, 25.3230538 ], [ 77.2152337, 25.3203441 ], [ 77.217497, 25.3178369 ], [ 77.2194297, 25.3189902 ], [ 77.2233687, 25.3187909 ], [ 77.226948, 25.3252629 ], [ 77.225779, 25.3303083 ], [ 77.2339469, 25.3337726 ], [ 77.22923, 25.337608 ], [ 77.2256557, 25.3346969 ], [ 77.2243152, 25.3355341 ], [ 77.2256243, 25.3423683 ], [ 77.2281527, 25.3465694 ], [ 77.2298706, 25.3608862 ], [ 77.2279371, 25.3686736 ], [ 77.2315679, 25.3727029 ], [ 77.2339435, 25.3787009 ], [ 77.2361655, 25.3803912 ], [ 77.243955, 25.3790359 ], [ 77.2478661, 25.3801857 ], [ 77.2496659, 25.3821394 ], [ 77.250941, 25.3879418 ], [ 77.2669434, 25.395648 ], [ 77.2756425, 25.4035513 ], [ 77.2783779, 25.4095067 ], [ 77.2899077, 25.4216931 ], [ 77.3068777, 25.4302595 ], [ 77.3154588, 25.4314693 ], [ 77.3199442, 25.4277114 ], [ 77.3312404, 25.4274603 ], [ 77.3348984, 25.4254165 ], [ 77.3346438, 25.4238095 ], [ 77.343519, 25.4207122 ], [ 77.3442041, 25.4186208 ], [ 77.3499618, 25.4157173 ], [ 77.3539043, 25.4188899 ], [ 77.3609428, 25.4189936 ], [ 77.370969, 25.4084932 ], [ 77.3705523, 25.4057335 ], [ 77.3674989, 25.4017844 ], [ 77.3576568, 25.398743 ], [ 77.3505011, 25.3840688 ], [ 77.3507293, 25.3725122 ], [ 77.3526557, 25.3691283 ], [ 77.3594024, 25.3691962 ], [ 77.3610468, 25.3646073 ], [ 77.3641312, 25.363583 ], [ 77.366685, 25.3603108 ], [ 77.3613155, 25.3587589 ], [ 77.3616016, 25.3566106 ], [ 77.3518164, 25.3355206 ], [ 77.3503605, 25.3298214 ], [ 77.3421215, 25.3217707 ], [ 77.348836, 25.3200437 ], [ 77.3528153, 25.3204134 ], [ 77.3570837, 25.3228905 ], [ 77.3580011, 25.3261567 ], [ 77.3688094, 25.3283796 ], [ 77.3717122, 25.3208911 ], [ 77.3747552, 25.320093 ], [ 77.3778524, 25.3157197 ], [ 77.3815886, 25.3031587 ], [ 77.3796172, 25.2975404 ], [ 77.3809255, 25.2923475 ], [ 77.3758653, 25.2851228 ], [ 77.3739514, 25.2745212 ], [ 77.367612, 25.2759905 ], [ 77.3626576, 25.2790124 ], [ 77.3575473, 25.2757862 ], [ 77.3569438, 25.2738372 ], [ 77.3541747, 25.2736017 ], [ 77.3556895, 25.262602 ], [ 77.3581551, 25.2617818 ], [ 77.3621236, 25.2627202 ], [ 77.3661138, 25.2599079 ], [ 77.3662538, 25.2576582 ], [ 77.3690497, 25.2554562 ], [ 77.3684355, 25.2539813 ], [ 77.3703748, 25.2460075 ], [ 77.3824166, 25.2456873 ], [ 77.3866157, 25.2427041 ], [ 77.3876503, 25.2390229 ], [ 77.3931293, 25.2337625 ], [ 77.3944237, 25.2299371 ], [ 77.3997709, 25.2260866 ], [ 77.4116965, 25.2240105 ], [ 77.4146809, 25.2201349 ], [ 77.418498, 25.1984153 ], [ 77.426616, 25.1880743 ], [ 77.4219687, 25.1833082 ], [ 77.4215797, 25.1857064 ], [ 77.4162908, 25.1861088 ], [ 77.4094537, 25.1829395 ], [ 77.4001433, 25.1838806 ], [ 77.3993597, 25.1800845 ], [ 77.4010814, 25.1793661 ], [ 77.3995555, 25.174887 ], [ 77.4000324, 25.1655646 ], [ 77.3946792, 25.1621313 ], [ 77.3930011, 25.1592295 ], [ 77.3946872, 25.1564449 ], [ 77.393992, 25.1548721 ], [ 77.3961572, 25.1372773 ], [ 77.390582, 25.1233863 ], [ 77.40128, 25.1216428 ], [ 77.4053669, 25.117208 ], [ 77.4066169, 25.1116864 ], [ 77.4021885, 25.1092942 ], [ 77.4024307, 25.1125532 ], [ 77.394376, 25.1199223 ], [ 77.3755763, 25.1102918 ], [ 77.3756703, 25.1046446 ], [ 77.3572916, 25.093511 ], [ 77.3504309, 25.0957591 ], [ 77.3378103, 25.094853 ], [ 77.338344, 25.0921683 ], [ 77.3219088, 25.0855441 ], [ 77.3148354, 25.0846708 ], [ 77.3115471, 25.0824204 ], [ 77.3107799, 25.0798328 ], [ 77.2982562, 25.0858764 ], [ 77.2977417, 25.0912324 ], [ 77.2915878, 25.0971587 ], [ 77.2925727, 25.1002756 ], [ 77.2888284, 25.106011 ], [ 77.2746102, 25.1106934 ], [ 77.2700108, 25.116094 ], [ 77.2593565, 25.1108906 ], [ 77.248791, 25.1099501 ], [ 77.2426271, 25.1073716 ], [ 77.2369575, 25.1066088 ], [ 77.2257184, 25.1089534 ], [ 77.2151016, 25.1090041 ], [ 77.2052998, 25.1138712 ], [ 77.195904, 25.1093169 ], [ 77.1888825, 25.1094613 ], [ 77.1842292, 25.1081399 ], [ 77.1744248, 25.111809 ], [ 77.1732909, 25.1085173 ], [ 77.168762, 25.1030051 ], [ 77.1715768, 25.0979134 ], [ 77.1671243, 25.0846098 ], [ 77.1553509, 25.0856776 ], [ 77.1519624, 25.0870828 ], [ 77.1493972, 25.0863572 ], [ 77.1506046, 25.093331 ], [ 77.1477213, 25.0951105 ], [ 77.1414864, 25.0885884 ], [ 77.1334173, 25.0848547 ], [ 77.1332907, 25.0826991 ], [ 77.1225716, 25.0666539 ], [ 77.0959797, 25.0654295 ], [ 77.0891304, 25.062159 ], [ 77.0848289, 25.0542395 ], [ 77.0637984, 25.0597736 ], [ 77.0427789, 25.0634045 ], [ 77.0375913, 25.0685401 ], [ 77.0324046, 25.0689543 ], [ 77.0303785, 25.0680973 ], [ 77.0296873, 25.0658499 ], [ 77.0240442, 25.0659315 ], [ 77.0229654, 25.0675305 ], [ 77.0134589, 25.0707652 ], [ 77.0104797, 25.0734507 ], [ 76.9990691, 25.0748461 ], [ 76.989838, 25.0731285 ], [ 76.9786036, 25.0663907 ], [ 76.9746396, 25.0664255 ], [ 76.9714802, 25.0622381 ], [ 76.9734338, 25.0607587 ], [ 76.9732973, 25.0584269 ], [ 76.9722805, 25.0565085 ], [ 76.9687271, 25.0546238 ], [ 76.968205, 25.0511009 ], [ 76.9658387, 25.0515475 ], [ 76.961669, 25.0563738 ], [ 76.958956, 25.0521711 ], [ 76.9523011, 25.0521595 ], [ 76.945095, 25.0467426 ], [ 76.9343253, 25.045633 ], [ 76.9257193, 25.04695 ], [ 76.9115859, 25.0430024 ], [ 76.8875416, 25.0437703 ], [ 76.8761587, 25.0414003 ], [ 76.8784987, 25.0284789 ], [ 76.8757268, 25.0072055 ], [ 76.8673287, 25.0060271 ], [ 76.8624319, 25.0025541 ], [ 76.8567789, 25.0024759 ], [ 76.861354, 24.9997283 ], [ 76.8672141, 24.9901596 ], [ 76.8672926, 24.9803027 ], [ 76.8651287, 24.9755041 ], [ 76.8638893, 24.9655165 ], [ 76.8623872, 24.9644203 ], [ 76.8626886, 24.9598018 ], [ 76.8674817, 24.9564886 ], [ 76.8719568, 24.9478896 ], [ 76.8776341, 24.9413961 ], [ 76.8855465, 24.9387331 ], [ 76.8876297, 24.9346618 ], [ 76.8893692, 24.9339236 ], [ 76.8886791, 24.9233864 ], [ 76.8904879, 24.9196892 ], [ 76.9093698, 24.9211058 ], [ 76.9204155, 24.9167742 ], [ 76.9222944, 24.9124888 ], [ 76.9214098, 24.9084241 ], [ 76.9196569, 24.9045376 ], [ 76.9164159, 24.9042633 ], [ 76.9138236, 24.8983121 ], [ 76.9130546, 24.8878441 ], [ 76.9229831, 24.8803621 ], [ 76.9326341, 24.8819854 ], [ 76.934245, 24.8797545 ], [ 76.9336421, 24.8750714 ], [ 76.9439567, 24.8744445 ], [ 76.9485633, 24.8690715 ], [ 76.9441116, 24.865374 ], [ 76.9405353, 24.8578191 ], [ 76.9340983, 24.8552528 ], [ 76.9295288, 24.8486674 ], [ 76.92496, 24.8465777 ], [ 76.9166467, 24.8467478 ], [ 76.9037275, 24.8423764 ], [ 76.8978862, 24.8382256 ], [ 76.8814786, 24.8363024 ], [ 76.8688878, 24.8394985 ], [ 76.8620779, 24.8373084 ], [ 76.846173, 24.8365623 ], [ 76.8411326, 24.8345795 ], [ 76.8325696, 24.8365717 ], [ 76.8250801, 24.8355483 ], [ 76.8225024, 24.8321445 ], [ 76.8119743, 24.825569 ], [ 76.8004038, 24.8240182 ], [ 76.8025236, 24.8188533 ], [ 76.8019968, 24.8101337 ], [ 76.8075587, 24.8041936 ], [ 76.823489, 24.7941187 ], [ 76.8354587, 24.7788364 ], [ 76.8475199, 24.7692715 ], [ 76.8492518, 24.7630296 ], [ 76.8485851, 24.7503891 ], [ 76.8501995, 24.7465773 ], [ 76.8561298, 24.7424864 ], [ 76.8743835, 24.7437624 ], [ 76.8815958, 24.7467461 ], [ 76.8894778, 24.7472563 ], [ 76.8959695, 24.7431116 ], [ 76.9022377, 24.7334082 ], [ 76.9074936, 24.7315944 ], [ 76.9120388, 24.7356759 ], [ 76.9231876, 24.7423133 ], [ 76.9315269, 24.743637 ], [ 76.9435273, 24.7575495 ], [ 76.953965, 24.7603603 ], [ 76.9645684, 24.7545511 ], [ 76.9690667, 24.7423133 ], [ 76.9745554, 24.7361969 ], [ 76.9791157, 24.7351572 ], [ 76.9894611, 24.7361442 ], [ 76.9955201, 24.7333282 ], [ 76.9977008, 24.7278328 ], [ 76.9978796, 24.7204637 ], [ 77.0016634, 24.7160393 ], [ 77.0137774, 24.7121757 ], [ 77.0258199, 24.7143246 ], [ 77.0316663, 24.711316 ], [ 77.0414783, 24.6994016 ], [ 77.0413165, 24.686747 ], [ 77.0437397, 24.678711 ], [ 77.0514696, 24.6665581 ], [ 77.0572822, 24.6538263 ], [ 77.0637305, 24.646791 ], [ 77.0649858, 24.6438443 ], [ 77.0678833, 24.6302539 ], [ 77.0671712, 24.6157878 ], [ 77.0686708, 24.6087978 ], [ 77.0655791, 24.6003227 ], [ 77.0652574, 24.594265 ], [ 77.0698338, 24.584064 ], [ 77.0713312, 24.5727633 ], [ 77.0681605, 24.5558121 ], [ 77.0597467, 24.545884 ], [ 77.0576299, 24.5371288 ], [ 77.0543457, 24.5318111 ], [ 77.0547096, 24.5262766 ], [ 77.0422019, 24.5247673 ], [ 77.0368941, 24.5278995 ], [ 77.035105, 24.5243486 ], [ 77.0355427, 24.5208941 ], [ 77.0303653, 24.5189461 ], [ 77.0293326, 24.516703 ], [ 77.0306637, 24.5018341 ], [ 77.0289728, 24.4960796 ], [ 77.0118293, 24.4916622 ], [ 77.0109601, 24.4873415 ], [ 77.0137408, 24.4832493 ], [ 77.0088046, 24.4818959 ], [ 77.0071253, 24.4790236 ], [ 77.0092816, 24.4780773 ], [ 77.008824, 24.4767362 ], [ 77.0036036, 24.4737439 ], [ 76.9835786, 24.4727987 ], [ 76.9823412, 24.4678176 ], [ 76.9776095, 24.4613838 ], [ 76.962138, 24.4616532 ], [ 76.9607894, 24.4634177 ], [ 76.9554898, 24.4645111 ], [ 76.9522248, 24.4638626 ], [ 76.9519864, 24.4618388 ], [ 76.9509501, 24.4617981 ], [ 76.9507638, 24.4657097 ], [ 76.9431056, 24.4651358 ], [ 76.9415425, 24.4667629 ], [ 76.9410576, 24.4705204 ], [ 76.9385203, 24.472309 ], [ 76.9267001, 24.4740808 ], [ 76.9184204, 24.4806911 ], [ 76.9169304, 24.4832696 ], [ 76.9179366, 24.4855455 ], [ 76.916145, 24.4899337 ], [ 76.9172529, 24.4967971 ], [ 76.9157825, 24.5026404 ], [ 76.9197852, 24.5180484 ], [ 76.9217985, 24.5204911 ], [ 76.9208281, 24.5285422 ], [ 76.918674, 24.5350798 ], [ 76.9166696, 24.5370494 ], [ 76.9178965, 24.5434751 ], [ 76.9018661, 24.5458508 ], [ 76.8943252, 24.5382987 ], [ 76.8898553, 24.5248573 ], [ 76.8843076, 24.5214508 ], [ 76.8730661, 24.5270169 ], [ 76.8715675, 24.532105 ], [ 76.8747681, 24.5336317 ], [ 76.8766558, 24.538786 ], [ 76.8741059, 24.539215 ], [ 76.8696284, 24.5443679 ], [ 76.8619215, 24.5492986 ], [ 76.8606242, 24.547769 ], [ 76.8381195, 24.5456079 ], [ 76.8242632, 24.5375511 ], [ 76.821595, 24.5345859 ], [ 76.8163891, 24.5335833 ], [ 76.8163113, 24.5244066 ], [ 76.8227526, 24.520433 ], [ 76.8286708, 24.5127322 ], [ 76.8281519, 24.5031275 ], [ 76.8366559, 24.493183 ], [ 76.8354002, 24.4889187 ], [ 76.8422731, 24.4883249 ], [ 76.8466142, 24.4859606 ], [ 76.847846, 24.482149 ], [ 76.8477489, 24.4734782 ], [ 76.8530832, 24.465892 ], [ 76.8511626, 24.4603584 ], [ 76.8525122, 24.4555206 ], [ 76.8515899, 24.4501192 ], [ 76.8500728, 24.4492259 ], [ 76.8469437, 24.4510789 ], [ 76.8448123, 24.4506761 ], [ 76.8427613, 24.4486742 ], [ 76.8410299, 24.4435535 ], [ 76.8410839, 24.44014 ], [ 76.8443444, 24.4371659 ], [ 76.8459231, 24.4307814 ], [ 76.849882, 24.4266882 ], [ 76.8504461, 24.4241262 ], [ 76.8457364, 24.415918 ], [ 76.8390555, 24.4131688 ], [ 76.8373785, 24.4097086 ], [ 76.8379283, 24.4064832 ], [ 76.8406213, 24.4058907 ], [ 76.8436908, 24.4030545 ], [ 76.8506911, 24.3834445 ], [ 76.8452324, 24.3751324 ], [ 76.8513852, 24.3705249 ], [ 76.8373488, 24.3595904 ], [ 76.8318849, 24.3579681 ], [ 76.8373112, 24.3464043 ], [ 76.8378685, 24.33415 ], [ 76.8410542, 24.3224145 ], [ 76.8516674, 24.3123447 ], [ 76.8568849, 24.3029227 ], [ 76.8601156, 24.2940936 ], [ 76.862615, 24.2733194 ], [ 76.873513, 24.2659218 ], [ 76.8731297, 24.2626175 ], [ 76.8799202, 24.260281 ], [ 76.8796302, 24.2552962 ], [ 76.8878424, 24.2521276 ], [ 76.8859745, 24.2477825 ], [ 76.8882016, 24.2448928 ], [ 76.8961556, 24.2430892 ], [ 76.900569, 24.2391587 ], [ 76.9034224, 24.2391462 ], [ 76.9052837, 24.2368026 ], [ 76.9072293, 24.237979 ], [ 76.9126503, 24.2379501 ], [ 76.9157365, 24.2300301 ], [ 76.9181643, 24.2299129 ], [ 76.9228538, 24.225309 ], [ 76.9223026, 24.2116964 ], [ 76.9315667, 24.2103502 ], [ 76.9336322, 24.2085418 ], [ 76.933472, 24.2070586 ], [ 76.9459347, 24.2061099 ], [ 76.9473974, 24.2013105 ], [ 76.9471957, 24.1987264 ], [ 76.9398654, 24.1933893 ], [ 76.9357677, 24.1837266 ], [ 76.9314333, 24.1835593 ], [ 76.9236237, 24.1852804 ], [ 76.9181136, 24.1881714 ], [ 76.9162928, 24.1878551 ], [ 76.9157048, 24.1735294 ], [ 76.9094954, 24.162976 ], [ 76.9087056, 24.1601553 ], [ 76.9106759, 24.1586545 ], [ 76.9099384, 24.1527318 ], [ 76.9046507, 24.1438549 ], [ 76.9032232, 24.1346404 ], [ 76.9006002, 24.1274324 ], [ 76.8922688, 24.1278564 ], [ 76.8912782, 24.1267265 ], [ 76.8861553, 24.1289162 ], [ 76.8860239, 24.1280059 ], [ 76.8839699, 24.1299902 ], [ 76.878796, 24.1302349 ], [ 76.8800889, 24.1350551 ], [ 76.8784084, 24.1356886 ], [ 76.8731738, 24.1347989 ], [ 76.8688054, 24.1359341 ], [ 76.8545887, 24.1358255 ], [ 76.8537702, 24.1335337 ], [ 76.8363247, 24.1267298 ], [ 76.8330837, 24.1220234 ], [ 76.8115788, 24.1227496 ], [ 76.8063743, 24.1181793 ], [ 76.8012869, 24.1166729 ], [ 76.7961287, 24.1213611 ], [ 76.789999, 24.1227197 ], [ 76.7904846, 24.1250977 ], [ 76.7882212, 24.1321492 ], [ 76.7808834, 24.1394016 ], [ 76.7783682, 24.1469937 ], [ 76.7738046, 24.1500685 ], [ 76.7711059, 24.1548989 ], [ 76.7701881, 24.1601219 ], [ 76.7597825, 24.160145 ], [ 76.760784, 24.1650002 ], [ 76.7579205, 24.1682567 ], [ 76.7261906, 24.1685741 ], [ 76.7260752, 24.1607244 ], [ 76.719115, 24.1586901 ], [ 76.7114339, 24.163842 ], [ 76.6983126, 24.1684673 ], [ 76.6985798, 24.1719271 ], [ 76.6929552, 24.1764096 ], [ 76.6920406, 24.1805687 ], [ 76.6863026, 24.1862035 ], [ 76.6758852, 24.1908467 ], [ 76.6780968, 24.2048903 ], [ 76.6904363, 24.2305689 ], [ 76.6943623, 24.2363131 ], [ 76.7005127, 24.2389758 ], [ 76.7027304, 24.2431993 ], [ 76.7015603, 24.249998 ], [ 76.6940899, 24.2616623 ], [ 76.6930888, 24.267933 ], [ 76.6952312, 24.2776285 ], [ 76.6927736, 24.2864819 ], [ 76.6913697, 24.2857377 ], [ 76.6927457, 24.2802343 ], [ 76.687727, 24.2792027 ], [ 76.681269, 24.2750703 ], [ 76.6797508, 24.2716942 ], [ 76.6781009, 24.2712253 ], [ 76.6777543, 24.2666384 ], [ 76.6666818, 24.2636506 ], [ 76.6651316, 24.2619343 ], [ 76.6567327, 24.2648257 ], [ 76.6530345, 24.2634992 ], [ 76.6434725, 24.2693907 ], [ 76.6399668, 24.2682185 ], [ 76.6365984, 24.2642463 ], [ 76.6372033, 24.2583351 ], [ 76.6313047, 24.2608249 ], [ 76.6238597, 24.2591547 ], [ 76.6225697, 24.2573536 ], [ 76.6176458, 24.2588295 ], [ 76.6147855, 24.2536201 ], [ 76.6111985, 24.2386521 ], [ 76.5956031, 24.244022 ], [ 76.5860608, 24.2444423 ], [ 76.5835448, 24.2428658 ], [ 76.587836, 24.2347259 ], [ 76.5943947, 24.2284449 ], [ 76.5952318, 24.2233208 ], [ 76.5894378, 24.2170155 ], [ 76.5834127, 24.2162656 ], [ 76.5819966, 24.2113407 ], [ 76.577741, 24.211746 ], [ 76.5702511, 24.2089885 ], [ 76.5687613, 24.2048296 ], [ 76.5665419, 24.203383 ], [ 76.5642735, 24.1909452 ], [ 76.5746689, 24.1865625 ], [ 76.5777275, 24.1791743 ], [ 76.5748853, 24.17572 ], [ 76.5704952, 24.174894 ], [ 76.5698936, 24.1780199 ], [ 76.5661785, 24.1744417 ], [ 76.561795, 24.1733399 ], [ 76.5599402, 24.1701397 ], [ 76.5519539, 24.1632817 ], [ 76.5446904, 24.1628543 ], [ 76.5274239, 24.1567343 ], [ 76.5224088, 24.1570734 ], [ 76.5153689, 24.1626338 ], [ 76.5129305, 24.1665905 ], [ 76.5094372, 24.1821341 ], [ 76.5087254, 24.1935822 ], [ 76.504535, 24.203087 ], [ 76.4994693, 24.2060683 ], [ 76.4957986, 24.2054016 ], [ 76.4805398, 24.2080813 ], [ 76.4740275, 24.2221692 ], [ 76.4704788, 24.2229764 ], [ 76.4705099, 24.2261504 ], [ 76.4655865, 24.2252251 ], [ 76.4627242, 24.2232151 ], [ 76.4605201, 24.2185136 ], [ 76.4522663, 24.2093635 ], [ 76.440329, 24.214887 ], [ 76.4302185, 24.22131 ], [ 76.4162164, 24.2206344 ], [ 76.4164175, 24.2109665 ], [ 76.4205694, 24.2086416 ], [ 76.4148034, 24.2006373 ], [ 76.4116826, 24.2005062 ], [ 76.407962, 24.2035237 ], [ 76.4015828, 24.2152736 ], [ 76.3923767, 24.2169237 ], [ 76.3819083, 24.2210002 ], [ 76.3728978, 24.2278498 ], [ 76.3583398, 24.2354368 ], [ 76.3572097, 24.2397448 ], [ 76.3484196, 24.2407662 ], [ 76.3467892, 24.242353 ], [ 76.3432153, 24.2423483 ], [ 76.3398809, 24.244106 ], [ 76.3229145, 24.2455449 ], [ 76.3191126, 24.2448067 ], [ 76.3108391, 24.2376334 ], [ 76.3018603, 24.2360787 ], [ 76.2956845, 24.2318544 ], [ 76.2873604, 24.2298605 ], [ 76.2873295, 24.2200868 ], [ 76.28511, 24.213179 ], [ 76.2853989, 24.209544 ], [ 76.2823209, 24.2073077 ], [ 76.2755373, 24.2108752 ], [ 76.2671476, 24.2103589 ], [ 76.2581256, 24.2146323 ], [ 76.2551699, 24.2153193 ], [ 76.2523446, 24.2143673 ], [ 76.2458266, 24.2176499 ], [ 76.2399452, 24.2188855 ], [ 76.2276524, 24.2154089 ], [ 76.2247831, 24.2165383 ], [ 76.2186416, 24.2132282 ], [ 76.2171311, 24.2111829 ], [ 76.2125548, 24.2099399 ], [ 76.2116358, 24.2121868 ], [ 76.2046973, 24.2172494 ], [ 76.2033297, 24.2205158 ], [ 76.2064665, 24.2284063 ], [ 76.202952, 24.2447616 ], [ 76.2021441, 24.2688302 ], [ 76.2009338, 24.2710703 ], [ 76.1945899, 24.2731929 ], [ 76.1972896, 24.2879593 ], [ 76.2042418, 24.2980186 ], [ 76.2047272, 24.3009046 ], [ 76.2028584, 24.3049199 ], [ 76.195585, 24.3105493 ], [ 76.1899207, 24.3234218 ], [ 76.1855157, 24.3292765 ], [ 76.1796304, 24.3168691 ], [ 76.1741521, 24.3126807 ], [ 76.1749947, 24.308949 ], [ 76.1741116, 24.3072129 ], [ 76.1701545, 24.3060605 ], [ 76.1655597, 24.3078929 ], [ 76.1646067, 24.3065862 ], [ 76.1658701, 24.2998126 ], [ 76.1688798, 24.2970667 ], [ 76.1646994, 24.2946108 ], [ 76.1653329, 24.2922309 ], [ 76.1625451, 24.2847252 ], [ 76.1596795, 24.2827016 ], [ 76.149319, 24.2847806 ], [ 76.1432923, 24.2829025 ], [ 76.1405436, 24.2746329 ], [ 76.1367167, 24.2708055 ], [ 76.1413882, 24.2671762 ], [ 76.1390547, 24.2562484 ], [ 76.1431183, 24.2557438 ], [ 76.1484263, 24.2320251 ], [ 76.1451205, 24.2230237 ], [ 76.1409097, 24.2190456 ], [ 76.1378036, 24.2180213 ], [ 76.1322696, 24.2085621 ], [ 76.1173827, 24.1939877 ], [ 76.1154645, 24.1828531 ], [ 76.1153549, 24.1798692 ], [ 76.1166371, 24.1801488 ], [ 76.1137788, 24.1638689 ], [ 76.1147161, 24.1627835 ], [ 76.1213012, 24.16301 ], [ 76.1244198, 24.1594514 ], [ 76.1249616, 24.1510712 ], [ 76.1224433, 24.1377014 ], [ 76.1267867, 24.1324901 ], [ 76.1272924, 24.1267472 ], [ 76.1302012, 24.1229418 ], [ 76.1311443, 24.1154933 ], [ 76.1206365, 24.1082104 ], [ 76.1267923, 24.0887305 ], [ 76.1217895, 24.0847033 ], [ 76.1180379, 24.087115 ], [ 76.1145744, 24.084738 ], [ 76.1066566, 24.0842852 ], [ 76.1049179, 24.0874406 ], [ 76.1006212, 24.0871149 ], [ 76.0963548, 24.0834112 ], [ 76.0927027, 24.0825297 ], [ 76.0892724, 24.0770362 ], [ 76.0845108, 24.0769391 ], [ 76.0758432, 24.070841 ], [ 76.074371, 24.0718177 ], [ 76.0740141, 24.0762048 ], [ 76.0727489, 24.0766562 ], [ 76.0679524, 24.0711582 ], [ 76.0632467, 24.0682739 ], [ 76.0576735, 24.0675359 ], [ 76.0546452, 24.0652584 ], [ 76.0489569, 24.0666747 ], [ 76.0454329, 24.0645088 ], [ 76.0426715, 24.0660223 ], [ 76.0399584, 24.0631643 ], [ 76.0368089, 24.0628967 ], [ 76.0346045, 24.0584457 ], [ 76.0316937, 24.0578738 ], [ 76.0305563, 24.051537 ], [ 76.028173, 24.0517382 ], [ 76.026557, 24.0494957 ], [ 76.0222267, 24.0472398 ], [ 76.0220166, 24.0411857 ], [ 76.0194054, 24.037419 ], [ 76.021568, 24.0354538 ], [ 76.0212975, 24.0341913 ], [ 76.0106698, 24.0250363 ], [ 75.9999988, 24.0208887 ], [ 75.9970195, 24.0176884 ], [ 75.9845342, 24.0198238 ], [ 75.973008, 24.0194594 ], [ 75.9706402, 24.0203595 ], [ 75.9634552, 24.0187069 ], [ 75.9622159, 24.0146912 ], [ 75.9671541, 24.0 ], [ 75.9674382, 23.9912308 ], [ 75.9724308, 23.9884673 ], [ 75.9759569, 23.9822132 ], [ 75.9799675, 23.9796453 ], [ 75.9848542, 23.974028 ], [ 75.9839096, 23.9674231 ], [ 75.9867584, 23.9588475 ], [ 75.9838778, 23.9502726 ], [ 75.9876109, 23.9417365 ], [ 75.9865054, 23.9397883 ], [ 75.9799564, 23.935906 ], [ 75.9822286, 23.9310371 ], [ 75.9813631, 23.9289699 ], [ 75.9745348, 23.9290224 ], [ 75.9678123, 23.9241608 ], [ 75.9603827, 23.9232455 ], [ 75.955315, 23.9208431 ], [ 75.9513707, 23.91553 ], [ 75.9530326, 23.9117219 ], [ 75.9491683, 23.9125993 ], [ 75.944657, 23.9089557 ], [ 75.9438915, 23.902977 ], [ 75.9412208, 23.9017967 ], [ 75.9413218, 23.8994569 ], [ 75.9394358, 23.8994684 ], [ 75.9375149, 23.8966894 ], [ 75.9339831, 23.897307 ], [ 75.931991, 23.8962217 ], [ 75.9285833, 23.8991008 ], [ 75.9271444, 23.8977412 ], [ 75.9238047, 23.8984658 ], [ 75.9217793, 23.8961342 ], [ 75.9048646, 23.8891584 ], [ 75.8948375, 23.8894021 ], [ 75.8871008, 23.8791147 ], [ 75.8802865, 23.8786977 ], [ 75.8764159, 23.8800249 ], [ 75.8765197, 23.8852401 ], [ 75.8747919, 23.8853719 ], [ 75.8706316, 23.8904216 ], [ 75.8530247, 23.8874811 ], [ 75.8487842, 23.8841492 ], [ 75.8447804, 23.8839545 ], [ 75.8447611, 23.8762051 ], [ 75.840565, 23.87458 ], [ 75.8391375, 23.878625 ], [ 75.8377514, 23.8784339 ], [ 75.8372845, 23.8768558 ], [ 75.8350843, 23.8768407 ], [ 75.835471, 23.8781753 ], [ 75.8336476, 23.8779458 ], [ 75.8326486, 23.8799247 ], [ 75.8208696, 23.8733089 ], [ 75.8189339, 23.8684872 ], [ 75.8173586, 23.8678589 ], [ 75.8029951, 23.8654507 ], [ 75.7990023, 23.8685558 ], [ 75.7938466, 23.8670065 ], [ 75.7920071, 23.8584537 ], [ 75.7850645, 23.8528218 ], [ 75.783295, 23.849227 ], [ 75.7812495, 23.8487271 ], [ 75.7734491, 23.8481388 ], [ 75.7645419, 23.8517398 ], [ 75.7616998, 23.8657599 ], [ 75.7645415, 23.8755544 ], [ 75.7527008, 23.8873452 ], [ 75.7399997, 23.8890009 ], [ 75.7394872, 23.8921601 ], [ 75.7354095, 23.8976904 ], [ 75.7271067, 23.8932848 ], [ 75.722743, 23.896435 ], [ 75.7192985, 23.8970608 ], [ 75.7154748, 23.8930549 ], [ 75.710277, 23.8955086 ], [ 75.7080486, 23.899398 ], [ 75.7060872, 23.8990955 ], [ 75.7042728, 23.8887622 ], [ 75.7054812, 23.8826501 ], [ 75.7021917, 23.8817313 ], [ 75.7030534, 23.8803274 ], [ 75.701574, 23.8728331 ], [ 75.7034923, 23.8724902 ], [ 75.7052292, 23.8685849 ], [ 75.7089403, 23.8692317 ], [ 75.7108477, 23.8624083 ], [ 75.7201812, 23.8595379 ], [ 75.7271648, 23.8588638 ], [ 75.7352157, 23.8619913 ], [ 75.7364059, 23.8562458 ], [ 75.7313113, 23.8531315 ], [ 75.7256509, 23.8418276 ], [ 75.7212425, 23.8419161 ], [ 75.7189527, 23.8406668 ], [ 75.7222716, 23.8353586 ], [ 75.7240433, 23.8237622 ], [ 75.7264731, 23.8202057 ], [ 75.7236702, 23.8184396 ], [ 75.720977, 23.8187502 ], [ 75.7215914, 23.8117927 ], [ 75.7125573, 23.8131489 ], [ 75.7072997, 23.8112267 ], [ 75.7062065, 23.813309 ], [ 75.6979948, 23.813369 ], [ 75.6966129, 23.8147346 ], [ 75.695078, 23.8140957 ], [ 75.6927688, 23.8164544 ], [ 75.6901159, 23.8132464 ], [ 75.6965102, 23.8009928 ], [ 75.6992706, 23.7903631 ], [ 75.7018356, 23.7863864 ], [ 75.7015737, 23.7833076 ], [ 75.6996439, 23.7803358 ], [ 75.6962875, 23.7793904 ], [ 75.6929372, 23.7760306 ], [ 75.6927614, 23.7724818 ], [ 75.6901215, 23.7678511 ], [ 75.689565, 23.7618743 ], [ 75.6867187, 23.7559393 ], [ 75.6804612, 23.7652746 ], [ 75.6756304, 23.7818879 ], [ 75.6599777, 23.7842317 ], [ 75.6545032, 23.7984038 ], [ 75.6500072, 23.7954559 ], [ 75.6440116, 23.7977841 ], [ 75.6384846, 23.7956619 ], [ 75.6341056, 23.7964387 ], [ 75.6270382, 23.7954379 ], [ 75.6204533, 23.8009335 ], [ 75.6143481, 23.8010528 ], [ 75.6089181, 23.7975444 ], [ 75.5984354, 23.7977643 ], [ 75.5834477, 23.794823 ], [ 75.5890121, 23.8097818 ], [ 75.5805953, 23.812284 ], [ 75.5715693, 23.8091474 ], [ 75.5667854, 23.809576 ], [ 75.5593024, 23.8181795 ], [ 75.5591151, 23.8283233 ], [ 75.5606209, 23.8314249 ], [ 75.5630529, 23.8330012 ], [ 75.5666867, 23.8332046 ], [ 75.5746143, 23.8284831 ], [ 75.5780579, 23.8312115 ], [ 75.5793271, 23.8351131 ], [ 75.5790288, 23.8397974 ], [ 75.5767569, 23.8423078 ], [ 75.5664974, 23.8438678 ], [ 75.5655911, 23.8454518 ], [ 75.5659301, 23.8534169 ], [ 75.5632229, 23.8575771 ], [ 75.5530757, 23.8616242 ], [ 75.5470887, 23.8695577 ], [ 75.5307548, 23.8766239 ], [ 75.5214914, 23.884929 ], [ 75.505671, 23.8872534 ], [ 75.5011144, 23.8977863 ], [ 75.4916488, 23.9067813 ], [ 75.4773716, 23.9115185 ], [ 75.4659671, 23.9120954 ], [ 75.4620564, 23.9147626 ], [ 75.4593856, 23.9207816 ], [ 75.460036, 23.9324176 ], [ 75.4653129, 23.947526 ], [ 75.46885, 23.9744536 ], [ 75.4746801, 23.9828401 ], [ 75.4832304, 23.9875462 ], [ 75.492267, 23.9972179 ], [ 75.5046862, 24.0059647 ], [ 75.5130666, 24.014296 ], [ 75.5210511, 24.0250208 ], [ 75.5396301, 24.0090563 ], [ 75.5482204, 24.0072149 ], [ 75.5655074, 24.0076843 ], [ 75.568686, 24.0051471 ], [ 75.5723497, 23.9987779 ], [ 75.5762848, 23.9971645 ], [ 75.5758019, 23.9941314 ], [ 75.5775052, 23.9941387 ], [ 75.5795297, 23.9983852 ], [ 75.580997, 23.9967448 ], [ 75.5813417, 23.9914011 ], [ 75.5879052, 23.99064 ], [ 75.5954699, 23.9944726 ], [ 75.5955248, 23.9899999 ], [ 75.5972972, 23.9912137 ], [ 75.5980175, 23.9941414 ], [ 75.6037894, 23.9954465 ], [ 75.6070969, 23.9925537 ], [ 75.6111369, 23.9954516 ], [ 75.6153702, 23.9964256 ], [ 75.6197674, 23.9949492 ], [ 75.6258106, 23.9963878 ], [ 75.630002, 23.9950475 ], [ 75.635024, 23.9978824 ], [ 75.6400535, 23.9978871 ], [ 75.6410848, 24.0007484 ], [ 75.6475169, 24.0035054 ], [ 75.6516329, 24.0028209 ], [ 75.6526441, 24.0039687 ], [ 75.6504857, 24.0051655 ], [ 75.6509016, 24.0063133 ], [ 75.6546046, 24.0064138 ], [ 75.6580997, 24.0102418 ], [ 75.6663963, 24.0135279 ], [ 75.6719649, 24.0176759 ], [ 75.6743385, 24.017676 ], [ 75.6781839, 24.0073104 ], [ 75.6831123, 24.0063594 ], [ 75.6829433, 24.0054125 ], [ 75.6877208, 24.0054617 ], [ 75.6869931, 23.988774 ], [ 75.6925032, 23.9869564 ], [ 75.698824, 23.9878445 ], [ 75.6987549, 23.9823354 ], [ 75.7017317, 23.9665928 ], [ 75.7175181, 23.9668585 ], [ 75.7182782, 23.9683362 ], [ 75.7295332, 23.970252 ], [ 75.7289254, 23.9731677 ], [ 75.7306708, 23.9767766 ], [ 75.7362064, 23.9753322 ], [ 75.7411303, 23.9769387 ], [ 75.7414498, 23.9829568 ], [ 75.7436413, 23.9862925 ], [ 75.7434031, 23.9884658 ], [ 75.7419443, 23.9886355 ], [ 75.7422819, 23.9927226 ], [ 75.7535233, 23.9909769 ], [ 75.7653398, 23.9926751 ], [ 75.7684309, 23.9975278 ], [ 75.7684652, 24.0007127 ], [ 75.7639893, 24.0053714 ], [ 75.7626592, 24.0098849 ], [ 75.7733934, 24.0078667 ], [ 75.776766, 24.0144609 ], [ 75.7753726, 24.0141112 ], [ 75.7752768, 24.0169883 ], [ 75.7784137, 24.0178665 ], [ 75.7830904, 24.0221373 ], [ 75.7819328, 24.0364042 ], [ 75.7805749, 24.0395225 ], [ 75.7816945, 24.0425289 ], [ 75.8104493, 24.0486474 ], [ 75.8149817, 24.0515405 ], [ 75.8367234, 24.0570634 ], [ 75.8350349, 24.0735101 ], [ 75.8365382, 24.0884039 ], [ 75.8356965, 24.092116 ], [ 75.8169037, 24.0855794 ], [ 75.8057025, 24.09957 ], [ 75.7928597, 24.0918474 ], [ 75.7876185, 24.0987024 ], [ 75.7891329, 24.1041903 ], [ 75.7908917, 24.105414 ], [ 75.7876017, 24.1047943 ], [ 75.7832664, 24.1078512 ], [ 75.7825892, 24.1097513 ], [ 75.7840511, 24.1122817 ], [ 75.7826367, 24.1159467 ], [ 75.7786421, 24.1192591 ], [ 75.7735727, 24.1189914 ], [ 75.7700308, 24.1157895 ], [ 75.7641189, 24.1211027 ], [ 75.762203, 24.1307264 ], [ 75.7576958, 24.1349124 ], [ 75.7558329, 24.1402864 ], [ 75.7509592, 24.143327 ], [ 75.7516246, 24.1477131 ], [ 75.7591655, 24.1554745 ], [ 75.7587126, 24.1587823 ], [ 75.7615178, 24.162092 ], [ 75.7603108, 24.1660403 ], [ 75.7638781, 24.1699963 ], [ 75.7637572, 24.1744992 ], [ 75.7681228, 24.1785279 ], [ 75.7739428, 24.1812711 ], [ 75.7709765, 24.1889675 ], [ 75.7725882, 24.1941885 ], [ 75.7722326, 24.2005485 ], [ 75.7774445, 24.2099825 ], [ 75.7927985, 24.2103459 ], [ 75.7941583, 24.2112736 ], [ 75.7948984, 24.2146972 ], [ 75.807365, 24.2177655 ], [ 75.8098825, 24.2249953 ], [ 75.8093558, 24.2297035 ], [ 75.8156834, 24.2258088 ], [ 75.8179424, 24.2294725 ], [ 75.8236529, 24.229979 ], [ 75.8302317, 24.2337591 ], [ 75.8254953, 24.2369594 ], [ 75.8180163, 24.2387202 ], [ 75.817984, 24.2421478 ], [ 75.8163988, 24.2422331 ], [ 75.8140191, 24.2451909 ], [ 75.812989, 24.2504699 ], [ 75.8186371, 24.2549192 ], [ 75.8192215, 24.2569662 ], [ 75.8116128, 24.2579101 ], [ 75.814202, 24.2677043 ], [ 75.8141903, 24.2712808 ], [ 75.8125703, 24.2713798 ], [ 75.8117133, 24.2752814 ], [ 75.8131864, 24.2784119 ], [ 75.8167872, 24.27837 ], [ 75.8184376, 24.2806912 ], [ 75.8118866, 24.2854949 ], [ 75.8121928, 24.2884707 ], [ 75.8136491, 24.2899515 ], [ 75.8121826, 24.29331 ], [ 75.8108935, 24.2927975 ], [ 75.808931, 24.294095 ], [ 75.8107272, 24.2960904 ], [ 75.8078247, 24.2975599 ], [ 75.8065233, 24.299784 ], [ 75.8035339, 24.2984316 ], [ 75.8018278, 24.3021344 ], [ 75.7872078, 24.2987177 ], [ 75.7858053, 24.2966367 ], [ 75.7792726, 24.2975013 ], [ 75.7722812, 24.2966926 ], [ 75.7664655, 24.298018 ], [ 75.7609569, 24.3145009 ], [ 75.7573436, 24.3192514 ], [ 75.7488046, 24.3269856 ], [ 75.7398381, 24.3321479 ], [ 75.7382245, 24.334817 ], [ 75.7431808, 24.3400542 ], [ 75.7421207, 24.3498553 ], [ 75.7431967, 24.3516826 ], [ 75.7407523, 24.3512873 ], [ 75.7375267, 24.3535559 ], [ 75.7399726, 24.3609617 ], [ 75.7388188, 24.3656709 ], [ 75.738978, 24.3782382 ], [ 75.7378678, 24.3823378 ], [ 75.7368869, 24.3823024 ], [ 75.7341088, 24.3783997 ], [ 75.7294853, 24.3777485 ], [ 75.727751, 24.3905156 ], [ 75.7279086, 24.3964111 ], [ 75.7353353, 24.3988096 ], [ 75.7427862, 24.3977318 ], [ 75.7432165, 24.399343 ], [ 75.7495171, 24.4009719 ], [ 75.7498964, 24.4043837 ], [ 75.7553071, 24.4065278 ], [ 75.7546863, 24.416702 ], [ 75.7558905, 24.4206573 ], [ 75.747591, 24.4228877 ], [ 75.7476001, 24.4241834 ], [ 75.7578626, 24.4311451 ], [ 75.7617925, 24.4308637 ], [ 75.7632004, 24.4331713 ], [ 75.768912, 24.4367775 ], [ 75.7714916, 24.441876 ], [ 75.7739771, 24.4416519 ], [ 75.7733957, 24.4496958 ], [ 75.7811919, 24.449619 ], [ 75.7860635, 24.4532604 ], [ 75.7843141, 24.4581713 ], [ 75.7854655, 24.4673618 ], [ 75.7894036, 24.4715311 ], [ 75.8033501, 24.4682515 ], [ 75.8134733, 24.4620246 ], [ 75.8144491, 24.4503647 ], [ 75.8098608, 24.4340429 ], [ 75.8168728, 24.4294373 ], [ 75.8248407, 24.4273105 ], [ 75.8277088, 24.421673 ], [ 75.8340715, 24.4172895 ], [ 75.8355696, 24.4148745 ], [ 75.8387902, 24.4141793 ], [ 75.8420145, 24.4162747 ], [ 75.8444898, 24.4154933 ], [ 75.8554792, 24.4179693 ], [ 75.8611945, 24.4215539 ], [ 75.8750858, 24.4263645 ], [ 75.8757546, 24.4303704 ], [ 75.8895619, 24.4377676 ], [ 75.8903722, 24.4393704 ], [ 75.9002325, 24.4422155 ], [ 75.9030618, 24.4495589 ], [ 75.9026283, 24.453788 ], [ 75.9090597, 24.4550093 ], [ 75.9088596, 24.4621811 ], [ 75.9053911, 24.4724746 ], [ 75.9100903, 24.4830939 ], [ 75.911639, 24.4919123 ], [ 75.9079168, 24.4923683 ], [ 75.9039326, 24.4969076 ], [ 75.902818, 24.5045951 ], [ 75.8981984, 24.5045188 ], [ 75.8883114, 24.5069976 ], [ 75.8878551, 24.5080705 ], [ 75.8898831, 24.5101357 ], [ 75.8905268, 24.5188287 ], [ 75.9011229, 24.5187884 ], [ 75.9053763, 24.513823 ], [ 75.9077736, 24.5129597 ], [ 75.9113831, 24.5138997 ], [ 75.9205501, 24.5216603 ], [ 75.9233388, 24.5351761 ], [ 75.9205946, 24.5358837 ], [ 75.9161026, 24.5426616 ], [ 75.905963, 24.5453735 ], [ 75.9041931, 24.5463956 ], [ 75.9036683, 24.5489274 ], [ 75.9035842, 24.5509779 ], [ 75.9052527, 24.5530179 ], [ 75.905846, 24.5627631 ], [ 75.9121896, 24.561307 ], [ 75.9148177, 24.5690035 ], [ 75.9144166, 24.5722389 ], [ 75.906447, 24.5756195 ], [ 75.8987341, 24.5762843 ], [ 75.8941173, 24.5797616 ], [ 75.8820772, 24.5816523 ], [ 75.8783661, 24.5833853 ], [ 75.8721875, 24.5903434 ], [ 75.8726418, 24.5960438 ], [ 75.8711548, 24.6066637 ], [ 75.8628438, 24.6061336 ], [ 75.8630237, 24.6100339 ], [ 75.8492394, 24.6108755 ], [ 75.8458715, 24.6094811 ], [ 75.8457949, 24.6076392 ], [ 75.8416567, 24.6070167 ], [ 75.8383741, 24.5976474 ], [ 75.8354622, 24.5949498 ], [ 75.832528, 24.5955937 ], [ 75.8356123, 24.6011984 ], [ 75.836386, 24.606152 ], [ 75.8328498, 24.6050992 ], [ 75.8258764, 24.6107301 ], [ 75.8248471, 24.613454 ], [ 75.8282319, 24.6204163 ], [ 75.8371559, 24.6208998 ], [ 75.8381091, 24.623098 ], [ 75.8415564, 24.6237561 ], [ 75.842118, 24.6257533 ], [ 75.8447032, 24.6272176 ], [ 75.842598, 24.6280761 ], [ 75.8462731, 24.6309949 ], [ 75.8423694, 24.6337758 ], [ 75.8409663, 24.6381067 ], [ 75.8487566, 24.6474008 ], [ 75.8469141, 24.6518792 ], [ 75.8481391, 24.6564199 ], [ 75.8469148, 24.6609603 ], [ 75.8477638, 24.6630191 ], [ 75.8412626, 24.6654352 ], [ 75.8384476, 24.6686253 ], [ 75.82494, 24.6674539 ], [ 75.8284204, 24.672203 ], [ 75.8285327, 24.6764785 ], [ 75.8335721, 24.6882043 ], [ 75.8338663, 24.6960278 ], [ 75.8378043, 24.718005 ], [ 75.8373175, 24.7250472 ], [ 75.8360207, 24.7277637 ], [ 75.834132, 24.7284876 ], [ 75.8336056, 24.7318455 ], [ 75.8264569, 24.7348607 ], [ 75.8021671, 24.7564634 ], [ 75.7979728, 24.7563097 ], [ 75.7847358, 24.7617164 ], [ 75.7775669, 24.761375 ], [ 75.7698097, 24.7584303 ], [ 75.7568331, 24.7615534 ], [ 75.7404754, 24.7550155 ], [ 75.6834207, 24.7251186 ], [ 75.6577224, 24.6929881 ], [ 75.6459621, 24.6849157 ], [ 75.6107862, 24.6804074 ], [ 75.6085135, 24.68155 ], [ 75.5985699, 24.6980763 ], [ 75.5905742, 24.70578 ], [ 75.5845703, 24.7082961 ], [ 75.5829721, 24.7132649 ], [ 75.580968, 24.711769 ], [ 75.5753396, 24.7121881 ], [ 75.5747854, 24.7077739 ], [ 75.5631919, 24.7073618 ], [ 75.5538811, 24.7044569 ], [ 75.5520107, 24.7051501 ], [ 75.5482196, 24.7029378 ], [ 75.5400853, 24.7056541 ], [ 75.5334345, 24.7120494 ], [ 75.53025, 24.7094778 ], [ 75.5183467, 24.7058843 ], [ 75.5063306, 24.6999285 ], [ 75.4965236, 24.6911152 ], [ 75.4894136, 24.6866455 ], [ 75.4564552, 24.68045 ], [ 75.4340632, 24.6821059 ], [ 75.3917987, 24.6903774 ], [ 75.382541, 24.6902613 ], [ 75.3707, 24.6923863 ], [ 75.3490352, 24.7008012 ], [ 75.3299513, 24.7029849 ], [ 75.3203998, 24.7024005 ], [ 75.2846021, 24.7089059 ], [ 75.2685293, 24.7147487 ], [ 75.2649016, 24.7175098 ], [ 75.2616694, 24.7156189 ], [ 75.2516991, 24.7135993 ], [ 75.2415499, 24.7134399 ], [ 75.2283831, 24.7176196 ], [ 75.2245078, 24.7151553 ], [ 75.2194432, 24.7025549 ], [ 75.2140727, 24.7098194 ], [ 75.2133022, 24.7130989 ], [ 75.2080724, 24.7193424 ], [ 75.2040382, 24.7313733 ], [ 75.1976443, 24.7432491 ], [ 75.1876321, 24.7437361 ], [ 75.1870098, 24.747503 ], [ 75.1844004, 24.7485538 ], [ 75.1903664, 24.7534052 ], [ 75.1929096, 24.7735734 ], [ 75.2046248, 24.7695796 ], [ 75.2074373, 24.7707411 ], [ 75.2015768, 24.7717422 ], [ 75.2074533, 24.7812036 ], [ 75.2047202, 24.785583 ], [ 75.2069409, 24.7883707 ], [ 75.207383, 24.7920804 ], [ 75.2152004, 24.8021181 ], [ 75.2186686, 24.8051206 ], [ 75.2217028, 24.803215 ], [ 75.2330256, 24.8026604 ], [ 75.2399258, 24.8047809 ], [ 75.2441306, 24.8047109 ], [ 75.2495813, 24.8088366 ], [ 75.2523203, 24.8131054 ], [ 75.2542607, 24.8184757 ], [ 75.2539559, 24.8242743 ], [ 75.2500568, 24.8266606 ], [ 75.2490883, 24.8298232 ], [ 75.245083, 24.8311258 ], [ 75.2323765, 24.8313312 ], [ 75.2251965, 24.8339838 ], [ 75.2262226, 24.8403809 ], [ 75.2240912, 24.8439243 ], [ 75.23656, 24.8422216 ], [ 75.2404203, 24.8457007 ], [ 75.2502287, 24.8456937 ], [ 75.2576099, 24.8446064 ], [ 75.262316, 24.842214 ], [ 75.272937, 24.8428362 ], [ 75.2899587, 24.8336555 ], [ 75.2903082, 24.8285974 ], [ 75.2957955, 24.8202553 ], [ 75.2948595, 24.8157054 ], [ 75.297336, 24.8126886 ], [ 75.2979362, 24.8071377 ], [ 75.304731, 24.802053 ], [ 75.3115953, 24.8011763 ], [ 75.3170389, 24.8038969 ], [ 75.3240152, 24.8118746 ], [ 75.3266933, 24.8181274 ], [ 75.3284273, 24.8190312 ], [ 75.3358622, 24.8221711 ], [ 75.3454149, 24.8216797 ], [ 75.3626822, 24.8300197 ], [ 75.3717054, 24.8326482 ], [ 75.3812872, 24.8381963 ], [ 75.3960243, 24.8415493 ], [ 75.4039289, 24.8451586 ], [ 75.4123894, 24.8521301 ], [ 75.4185734, 24.8544068 ], [ 75.4197127, 24.8561872 ], [ 75.419084, 24.8620096 ], [ 75.4257551, 24.8690666 ], [ 75.4243055, 24.8808427 ], [ 75.4257974, 24.8842928 ], [ 75.4216998, 24.8861017 ], [ 75.4161258, 24.8860812 ], [ 75.4017787, 24.8826977 ], [ 75.3959755, 24.8775158 ], [ 75.3801871, 24.8716776 ], [ 75.3736317, 24.8677431 ], [ 75.3505338, 24.8736512 ], [ 75.3382905, 24.8727583 ], [ 75.3266394, 24.8748749 ], [ 75.3225858, 24.8731452 ], [ 75.3227687, 24.8691892 ], [ 75.3181778, 24.8604532 ], [ 75.3152958, 24.8579116 ], [ 75.3080504, 24.8560438 ], [ 75.2946272, 24.8576243 ], [ 75.2931342, 24.8625085 ], [ 75.2913964, 24.8622861 ], [ 75.290193, 24.8662125 ], [ 75.2811056, 24.8683793 ], [ 75.2781258, 24.872738 ], [ 75.2743634, 24.8747815 ], [ 75.2634343, 24.8748553 ], [ 75.2623123, 24.8826376 ], [ 75.2633004, 24.8910846 ], [ 75.2650701, 24.8921877 ], [ 75.2640715, 24.8952104 ], [ 75.2673085, 24.8994358 ], [ 75.2726952, 24.9040545 ], [ 75.2773334, 24.8991511 ], [ 75.2816201, 24.9032206 ], [ 75.2842996, 24.9079569 ], [ 75.2867437, 24.9087638 ], [ 75.2940673, 24.9075451 ], [ 75.2934771, 24.9112851 ], [ 75.287793, 24.9198261 ], [ 75.2878353, 24.9235236 ], [ 75.277282, 24.924935 ], [ 75.2792642, 24.9343507 ], [ 75.2726416, 24.935939 ], [ 75.2729288, 24.9381826 ], [ 75.2689163, 24.9422314 ], [ 75.2670845, 24.9471476 ], [ 75.2667062, 24.9508826 ], [ 75.2708212, 24.9527311 ], [ 75.2706378, 24.9571883 ], [ 75.2728722, 24.9596722 ], [ 75.272181, 24.9607301 ], [ 75.2738923, 24.9640414 ], [ 75.2777877, 24.9649282 ], [ 75.278266, 24.9638309 ], [ 75.2821929, 24.9656064 ], [ 75.2853067, 24.9647831 ], [ 75.2818721, 24.9530854 ], [ 75.2884017, 24.9516144 ], [ 75.2867117, 24.9490348 ], [ 75.2867744, 24.9461356 ], [ 75.28839, 24.9444392 ], [ 75.2900877, 24.9376581 ], [ 75.2977032, 24.9330055 ], [ 75.3005113, 24.9331128 ], [ 75.3048731, 24.9286561 ], [ 75.301406, 24.9262836 ], [ 75.3008845, 24.9236249 ], [ 75.3027224, 24.9198732 ], [ 75.3085919, 24.9166145 ], [ 75.3093122, 24.9116053 ], [ 75.311654, 24.9075816 ], [ 75.3152697, 24.8944292 ], [ 75.315123, 24.889336 ], [ 75.3127363, 24.885137 ], [ 75.3143323, 24.8859509 ], [ 75.3184473, 24.894156 ], [ 75.3203429, 24.9016704 ], [ 75.3210004, 24.9127862 ], [ 75.3258258, 24.9194679 ], [ 75.3290933, 24.9341543 ], [ 75.3352849, 24.9437856 ], [ 75.3368848, 24.9548177 ], [ 75.3319378, 24.9574615 ], [ 75.3299557, 24.9604598 ], [ 75.3270219, 24.9674382 ], [ 75.3272344, 24.9709735 ], [ 75.3184744, 24.9741262 ], [ 75.3134563, 24.9800116 ], [ 75.3115068, 24.9888344 ], [ 75.3117661, 24.9953724 ], [ 75.3165288, 25.0055582 ], [ 75.3205406, 25.0067688 ], [ 75.3329848, 25.0166485 ], [ 75.339256, 25.019321 ], [ 75.3391414, 25.0172848 ], [ 75.3448728, 25.0182831 ], [ 75.3503515, 25.0175342 ], [ 75.3502068, 25.0224023 ], [ 75.342717, 25.0307192 ], [ 75.3463944, 25.0307333 ], [ 75.3471765, 25.0321403 ], [ 75.3321598, 25.0414945 ], [ 75.3251401, 25.039171 ], [ 75.3094247, 25.0417333 ], [ 75.3011027, 25.0417368 ], [ 75.2939737, 25.0390644 ], [ 75.2831911, 25.0380558 ], [ 75.2738465, 25.0395092 ], [ 75.268376, 25.0424407 ], [ 75.2601973, 25.0399447 ], [ 75.2539016, 25.0394905 ], [ 75.2516345, 25.0384874 ], [ 75.2499996, 25.0357991 ], [ 75.2402926, 25.0351421 ], [ 75.2361375, 25.036842 ], [ 75.2301208, 25.0370502 ], [ 75.2270527, 25.0342915 ], [ 75.2251195, 25.0340957 ], [ 75.2218333, 25.0367783 ], [ 75.217845, 25.0348787 ], [ 75.2053677, 25.0394662 ], [ 75.1988025, 25.0377095 ], [ 75.1998515, 25.0396543 ], [ 75.1994257, 25.0429828 ], [ 75.1968456, 25.0444854 ], [ 75.193325, 25.0436366 ], [ 75.1923646, 25.0380386 ], [ 75.1908504, 25.0364525 ], [ 75.1839075, 25.0371191 ], [ 75.1760902, 25.0397521 ], [ 75.167081, 25.0484142 ], [ 75.1641182, 25.0456901 ], [ 75.1652484, 25.0438371 ], [ 75.1645195, 25.041856 ], [ 75.1559443, 25.037711 ], [ 75.155363, 25.0366052 ], [ 75.1571216, 25.0358674 ], [ 75.1522358, 25.0314245 ], [ 75.1513603, 25.0261831 ], [ 75.1516258, 25.0203578 ], [ 75.1567311, 25.0211202 ], [ 75.1614705, 25.0186315 ], [ 75.1661211, 25.0129007 ], [ 75.1685695, 25.0059305 ], [ 75.1661266, 25.0059242 ], [ 75.1663257, 25.0028805 ], [ 75.1586827, 25.0010962 ], [ 75.1558193, 24.9936396 ], [ 75.1531155, 24.9947487 ], [ 75.1517707, 24.989074 ], [ 75.1421623, 24.9898719 ], [ 75.1393559, 24.9856588 ], [ 75.1372261, 24.9861892 ], [ 75.1321946, 24.9836108 ], [ 75.1294909, 24.9800686 ], [ 75.1384477, 24.9798527 ], [ 75.1411818, 24.9783465 ], [ 75.13559, 24.9760397 ], [ 75.1303542, 24.971872 ], [ 75.127571, 24.9678782 ], [ 75.1135612, 24.9668083 ], [ 75.1150804, 24.9438656 ], [ 75.1141226, 24.9364382 ], [ 75.1183713, 24.925602 ], [ 75.1167682, 24.9217966 ], [ 75.116426, 24.910599 ], [ 75.1194855, 24.9101803 ], [ 75.1176353, 24.9066506 ], [ 75.1159218, 24.9062139 ], [ 75.1132373, 24.8997135 ], [ 75.113339, 24.8972435 ], [ 75.1160964, 24.8970607 ], [ 75.1174114, 24.8950096 ], [ 75.1144043, 24.8927722 ], [ 75.11625, 24.8918993 ], [ 75.1185259, 24.8852504 ], [ 75.118924, 24.882297 ], [ 75.1169303, 24.8782616 ], [ 75.1124902, 24.8785179 ], [ 75.0984916, 24.8724542 ], [ 75.0871949, 24.8707904 ], [ 75.0882054, 24.8787057 ], [ 75.0765344, 24.880681 ], [ 75.0654443, 24.86802 ], [ 75.0638553, 24.867691 ], [ 75.0627682, 24.8714801 ], [ 75.0553054, 24.8718945 ], [ 75.0554846, 24.8698272 ], [ 75.0593557, 24.8668801 ], [ 75.0598961, 24.8635772 ], [ 75.0588387, 24.8622156 ], [ 75.0565916, 24.8621442 ], [ 75.051996, 24.8559279 ], [ 75.0513067, 24.8526723 ], [ 75.0471632, 24.8495805 ], [ 75.0414471, 24.8492119 ], [ 75.041961, 24.846972 ], [ 75.0388775, 24.8455459 ], [ 75.0330476, 24.8444094 ], [ 75.0294256, 24.846668 ], [ 75.0209882, 24.8485704 ], [ 75.0147632, 24.8540035 ], [ 75.0083146, 24.8564244 ], [ 75.0015738, 24.8561176 ], [ 74.9938774, 24.8534639 ], [ 74.9921823, 24.8545697 ], [ 74.9849697, 24.8533161 ], [ 74.9840158, 24.8568478 ], [ 74.980574, 24.8586468 ], [ 74.968115, 24.8561182 ], [ 74.9586622, 24.8581867 ], [ 74.9567592, 24.860702 ], [ 74.9482075, 24.8645748 ], [ 74.951929, 24.8741603 ], [ 74.9510681, 24.8742059 ], [ 74.9518957, 24.8764578 ], [ 74.9508762, 24.876007 ], [ 74.952606, 24.8806824 ], [ 74.9492466, 24.8814515 ], [ 74.9449848, 24.8789078 ], [ 74.9438919, 24.8800457 ], [ 74.941081, 24.8794015 ], [ 74.9412845, 24.8807015 ], [ 74.9322346, 24.8813146 ], [ 74.9315885, 24.8754017 ], [ 74.9266969, 24.8798135 ], [ 74.9238957, 24.8783023 ], [ 74.920657, 24.8848709 ], [ 74.9169412, 24.88619 ], [ 74.9104117, 24.8943708 ], [ 74.9124031, 24.9008928 ], [ 74.9163019, 24.9071648 ], [ 74.9130043, 24.9086925 ], [ 74.9133431, 24.9161763 ], [ 74.9077953, 24.9182856 ], [ 74.9029422, 24.929508 ], [ 74.8919479, 24.9297398 ], [ 74.8878452, 24.937549 ], [ 74.8806966, 24.93736 ], [ 74.8793944, 24.9299799 ], [ 74.8694795, 24.9249741 ], [ 74.8657068, 24.9350171 ], [ 74.8625814, 24.9531804 ], [ 74.8591104, 24.9557891 ], [ 74.8590353, 24.9622348 ], [ 74.8517607, 24.9670726 ], [ 74.8481462, 24.9661422 ], [ 74.8426344, 24.9688493 ], [ 74.8332243, 24.9597156 ], [ 74.8338632, 24.9441342 ], [ 74.8263819, 24.9335201 ], [ 74.8265289, 24.9245061 ], [ 74.8248911, 24.9229077 ], [ 74.8252862, 24.9001492 ], [ 74.8284318, 24.8923819 ], [ 74.8300504, 24.8912044 ], [ 74.8307398, 24.88693 ], [ 74.8374843, 24.8872613 ], [ 74.8403749, 24.8848155 ], [ 74.8429348, 24.878781 ], [ 74.8430343, 24.874171 ], [ 74.8465734, 24.8604966 ], [ 74.8499695, 24.8573664 ], [ 74.8510663, 24.8512863 ], [ 74.8587604, 24.8385074 ], [ 74.8608482, 24.8224607 ], [ 74.8595343, 24.8077085 ], [ 74.8615188, 24.8041365 ], [ 74.8386955, 24.7980368 ], [ 74.840503, 24.7897402 ], [ 74.8483166, 24.7796707 ], [ 74.8493729, 24.7761345 ], [ 74.860171, 24.7794173 ], [ 74.8609377, 24.7854262 ], [ 74.8591115, 24.7958798 ], [ 74.860435, 24.7984868 ], [ 74.8793201, 24.797377 ], [ 74.8804224, 24.7894146 ], [ 74.8885213, 24.7864123 ], [ 74.8921056, 24.7835952 ], [ 74.9067107, 24.7818278 ], [ 74.9104206, 24.7704204 ], [ 74.9145334, 24.7692006 ], [ 74.9212921, 24.7706973 ], [ 74.9308919, 24.7790988 ], [ 74.9373882, 24.7783605 ], [ 74.9406147, 24.7747435 ], [ 74.9479847, 24.7719911 ], [ 74.9534289, 24.7736811 ], [ 74.9647721, 24.7693188 ], [ 74.9691483, 24.7706116 ], [ 74.9720203, 24.7637756 ], [ 74.9756191, 24.7636875 ], [ 74.9817148, 24.7641212 ], [ 74.9844132, 24.7688272 ], [ 74.9904104, 24.7692289 ], [ 74.9991169, 24.7747469 ], [ 75.0014888, 24.7745241 ], [ 75.0069291, 24.7712456 ], [ 75.0151502, 24.7401221 ], [ 75.0144049, 24.7346999 ], [ 75.016033, 24.7321203 ], [ 74.992387, 24.7317458 ], [ 74.993882, 24.7260085 ], [ 74.9926801, 24.722435 ], [ 74.9932151, 24.7110099 ], [ 74.9919335, 24.6932231 ], [ 75.0004596, 24.6918371 ], [ 75.00172, 24.6864587 ], [ 74.9971597, 24.6839184 ], [ 74.983053, 24.6819465 ], [ 74.9761146, 24.6787665 ], [ 74.9601863, 24.6777652 ], [ 74.9648933, 24.6702928 ], [ 74.9607586, 24.6654689 ], [ 74.9622783, 24.6564243 ], [ 74.9612754, 24.6560402 ], [ 74.9585511, 24.6609346 ], [ 74.9564627, 24.6557905 ], [ 74.9530244, 24.6537438 ], [ 74.9540281, 24.6519559 ], [ 74.9512975, 24.6472406 ], [ 74.9497648, 24.6497193 ], [ 74.9474096, 24.645722 ], [ 74.9438215, 24.6480914 ], [ 74.9421964, 24.6471426 ], [ 74.941693, 24.6458147 ], [ 74.944101, 24.6419005 ], [ 74.9430899, 24.6378043 ], [ 74.9407962, 24.6405897 ], [ 74.9391473, 24.6379518 ], [ 74.9370426, 24.6380142 ], [ 74.9360092, 24.6397884 ], [ 74.9291688, 24.6354592 ], [ 74.9249334, 24.6379093 ], [ 74.9214948, 24.6378353 ], [ 74.9197568, 24.6362538 ], [ 74.9172361, 24.6377697 ], [ 74.9138623, 24.6370002 ], [ 74.9114895, 24.6388503 ], [ 74.9094498, 24.6379188 ], [ 74.905258, 24.640874 ], [ 74.9033119, 24.6401051 ], [ 74.9013578, 24.6370376 ], [ 74.9018206, 24.6328067 ], [ 74.8981115, 24.6375683 ], [ 74.898612, 24.6418586 ], [ 74.8949789, 24.6439379 ], [ 74.8930184, 24.642636 ], [ 74.8940221, 24.6418013 ], [ 74.893976, 24.6378093 ], [ 74.8890785, 24.6338319 ], [ 74.8846826, 24.6382044 ], [ 74.88323, 24.6382168 ], [ 74.8847946, 24.6398978 ], [ 74.8843931, 24.6414239 ], [ 74.8815164, 24.6426002 ], [ 74.8782021, 24.6468063 ], [ 74.8765508, 24.6428492 ], [ 74.8732269, 24.646468 ], [ 74.8737771, 24.6496837 ], [ 74.8716566, 24.6505037 ], [ 74.8713877, 24.6525491 ], [ 74.8755777, 24.6526566 ], [ 74.8683685, 24.65741 ], [ 74.8686887, 24.663055 ], [ 74.8672388, 24.664991 ], [ 74.864891, 24.6654856 ], [ 74.8649854, 24.6696221 ], [ 74.8635473, 24.6696524 ], [ 74.8607747, 24.6743598 ], [ 74.8579578, 24.6743571 ], [ 74.860137, 24.6789381 ], [ 74.8593814, 24.6828435 ], [ 74.8524952, 24.6842187 ], [ 74.8530854, 24.6781772 ], [ 74.8514997, 24.6776654 ], [ 74.8501772, 24.6842029 ], [ 74.8507346, 24.6851788 ], [ 74.8518771, 24.6845116 ], [ 74.8545028, 24.6876481 ], [ 74.8494809, 24.6879141 ], [ 74.8463865, 24.6962289 ], [ 74.8480974, 24.6997665 ], [ 74.8437341, 24.6987008 ], [ 74.8358297, 24.7067394 ], [ 74.83649, 24.707953 ], [ 74.8298495, 24.7204243 ], [ 74.8304378, 24.7277721 ], [ 74.8232092, 24.7350385 ], [ 74.8161049, 24.748008 ], [ 74.8169639, 24.7481368 ], [ 74.8144115, 24.7606355 ], [ 74.8087998, 24.7810496 ], [ 74.7997778, 24.7790681 ], [ 74.7992135, 24.7637658 ], [ 74.8039673, 24.733967 ], [ 74.7890937, 24.7318018 ], [ 74.784843, 24.7281381 ], [ 74.7821077, 24.7288069 ], [ 74.7796046, 24.732452 ], [ 74.7822125, 24.7254519 ], [ 74.7841624, 24.7128063 ], [ 74.7876128, 24.7041772 ], [ 74.7845078, 24.7017117 ], [ 74.7835511, 24.6975559 ], [ 74.7843074, 24.6917633 ], [ 74.7807422, 24.6841853 ], [ 74.7776979, 24.6813179 ], [ 74.7740341, 24.6657467 ], [ 74.7719368, 24.6614807 ], [ 74.7742776, 24.6594838 ], [ 74.7805464, 24.6605046 ], [ 74.7839411, 24.6577527 ], [ 74.7860185, 24.6588554 ], [ 74.7885108, 24.6582581 ], [ 74.7885036, 24.6595631 ], [ 74.7902178, 24.6598726 ], [ 74.7907527, 24.6650755 ], [ 74.7980037, 24.6639701 ], [ 74.8007224, 24.6666018 ], [ 74.8035855, 24.6653592 ], [ 74.814585, 24.6657525 ], [ 74.8136655, 24.6593165 ], [ 74.8162609, 24.6585475 ], [ 74.8141386, 24.6501818 ], [ 74.8117542, 24.6520528 ], [ 74.8104624, 24.6502132 ], [ 74.8063148, 24.6483971 ], [ 74.8029426, 24.6341998 ], [ 74.7965194, 24.6346744 ], [ 74.7912824, 24.6317817 ], [ 74.7902065, 24.6222836 ], [ 74.7917371, 24.6197659 ], [ 74.7857459, 24.6192924 ], [ 74.7847259, 24.6177736 ], [ 74.7819298, 24.6178916 ], [ 74.7812919, 24.6154973 ], [ 74.7794001, 24.6154403 ], [ 74.7809323, 24.6053686 ], [ 74.7828208, 24.6054248 ], [ 74.7833338, 24.5943619 ], [ 74.7859616, 24.5941625 ], [ 74.7864299, 24.5859308 ], [ 74.7806275, 24.5856877 ], [ 74.7781312, 24.5814708 ], [ 74.7668525, 24.5785592 ], [ 74.7659171, 24.5796776 ], [ 74.7600955, 24.5794427 ], [ 74.7600742, 24.5776634 ], [ 74.7581986, 24.5771637 ], [ 74.7527816, 24.5796431 ], [ 74.751981, 24.5774291 ], [ 74.7532907, 24.574347 ], [ 74.7492902, 24.5746135 ], [ 74.7435129, 24.5714588 ], [ 74.7445949, 24.5677673 ], [ 74.7485942, 24.5626363 ], [ 74.7491551, 24.5594562 ], [ 74.7535929, 24.553602 ], [ 74.7524432, 24.5507641 ], [ 74.7527476, 24.5440813 ], [ 74.7555349, 24.5348826 ], [ 74.7442224, 24.5323122 ], [ 74.7447884, 24.5292174 ], [ 74.7435825, 24.5274764 ], [ 74.7458017, 24.5253513 ], [ 74.7465256, 24.5196943 ], [ 74.7446258, 24.5134577 ], [ 74.7246724, 24.5131808 ], [ 74.7247786, 24.5120367 ], [ 74.71814, 24.5089763 ], [ 74.7121628, 24.5004633 ], [ 74.708727, 24.4864735 ], [ 74.7205288, 24.4891572 ], [ 74.7279467, 24.4890841 ], [ 74.7316985, 24.4807982 ], [ 74.7443238, 24.4737152 ], [ 74.7460857, 24.469782 ], [ 74.7481524, 24.4699202 ], [ 74.7501168, 24.4666972 ], [ 74.7656571, 24.4667679 ], [ 74.7694182, 24.4632089 ], [ 74.7771385, 24.4605011 ], [ 74.7806522, 24.4639973 ], [ 74.7817937, 24.4675144 ], [ 74.7868846, 24.4722111 ], [ 74.8061823, 24.4671032 ], [ 74.8153452, 24.4684748 ], [ 74.8195456, 24.4605452 ], [ 74.8217582, 24.4531067 ], [ 74.818987, 24.452686 ], [ 74.8137526, 24.4367402 ], [ 74.8259267, 24.4364738 ], [ 74.8300935, 24.4351389 ], [ 74.8322767, 24.438358 ], [ 74.831881, 24.4420956 ], [ 74.833927, 24.4431751 ], [ 74.8413585, 24.4410056 ], [ 74.8471323, 24.4424378 ], [ 74.8514068, 24.4456028 ], [ 74.8538726, 24.4445288 ], [ 74.8552272, 24.4408985 ], [ 74.85379, 24.436277 ], [ 74.8550986, 24.4241387 ], [ 74.8498679, 24.4225852 ], [ 74.8473984, 24.4204044 ], [ 74.8397749, 24.4081425 ], [ 74.8349839, 24.4064937 ], [ 74.8302433, 24.4015178 ], [ 74.8251913, 24.4000176 ], [ 74.824915, 24.3882628 ], [ 74.8225921, 24.3795859 ], [ 74.8173089, 24.3794936 ], [ 74.8109643, 24.3825427 ], [ 74.8072589, 24.3808302 ], [ 74.8084243, 24.3765513 ], [ 74.8010732, 24.3643688 ], [ 74.8019931, 24.3585505 ], [ 74.7961223, 24.3537672 ], [ 74.7923804, 24.3491426 ], [ 74.7909323, 24.3451681 ], [ 74.7811796, 24.3383379 ], [ 74.7788591, 24.3238555 ], [ 74.7831384, 24.3193484 ], [ 74.7836592, 24.3145052 ], [ 74.7807541, 24.3059941 ], [ 74.781323, 24.2891746 ], [ 74.7751524, 24.2824175 ], [ 74.7746139, 24.278052 ], [ 74.7672847, 24.2740745 ], [ 74.7589698, 24.2657894 ], [ 74.7491783, 24.2584054 ], [ 74.7471103, 24.2534685 ], [ 74.7543515, 24.2445465 ], [ 74.7543242, 24.2421675 ], [ 74.7587393, 24.2432814 ], [ 74.762217, 24.2411803 ], [ 74.7748271, 24.2387108 ], [ 74.7868731, 24.2397519 ], [ 74.7950384, 24.2431648 ], [ 74.8040924, 24.2429389 ], [ 74.8108169, 24.2441789 ], [ 74.8158292, 24.2433819 ], [ 74.8232794, 24.2398182 ], [ 74.8333176, 24.2398619 ], [ 74.8392605, 24.2372723 ], [ 74.8517848, 24.2367376 ], [ 74.8675773, 24.2430861 ], [ 74.8779209, 24.2378226 ], [ 74.887136, 24.229692 ], [ 74.897104, 24.2272893 ], [ 74.8980238, 24.214488 ], [ 74.9057694, 24.2130545 ], [ 74.9103215, 24.2100832 ], [ 74.9069967, 24.2006582 ], [ 74.90235, 24.1972329 ], [ 74.9017981, 24.1941677 ], [ 74.8990318, 24.1906742 ], [ 74.8979291, 24.1897128 ], [ 74.8944746, 24.1901918 ], [ 74.8905274, 24.1877185 ], [ 74.8844986, 24.1822387 ], [ 74.8797546, 24.1736077 ], [ 74.881708, 24.173102 ], [ 74.8824114, 24.1702354 ], [ 74.884729, 24.1699374 ], [ 74.8864999, 24.1657164 ], [ 74.8897375, 24.1654453 ], [ 74.8908343, 24.1624883 ], [ 74.896108, 24.1579509 ], [ 74.8956549, 24.1526049 ], [ 74.9020644, 24.1389088 ], [ 74.9013521, 24.1260336 ], [ 74.9048773, 24.1245888 ], [ 74.9082408, 24.121243 ], [ 74.9035212, 24.1093037 ], [ 74.9084725, 24.1046169 ], [ 74.9152045, 24.1026244 ], [ 74.9181733, 24.0980642 ], [ 74.9176989, 24.0909317 ], [ 74.9206626, 24.0868544 ], [ 74.9191475, 24.0853968 ], [ 74.9187379, 24.0809909 ], [ 74.9208814, 24.0802364 ], [ 74.9209033, 24.0776684 ], [ 74.9274728, 24.0743928 ], [ 74.9323944, 24.0742917 ], [ 74.940677, 24.0699185 ], [ 74.9382004, 24.0630803 ], [ 74.9393414, 24.0539203 ], [ 74.9457887, 24.0494979 ], [ 74.9553101, 24.0486039 ], [ 74.9553485, 24.0469562 ], [ 74.9596603, 24.0460393 ], [ 74.9605685, 24.0388411 ], [ 74.9653561, 24.0387751 ], [ 74.9691961, 24.0403755 ], [ 74.9714411, 24.0385367 ], [ 74.9738212, 24.0397902 ], [ 74.9765709, 24.0360505 ], [ 74.9781688, 24.0366633 ], [ 74.9789509, 24.0312502 ], [ 74.9822982, 24.0254107 ], [ 74.9764702, 24.0206251 ], [ 74.9722626, 24.0132649 ], [ 74.9673456, 24.0097513 ], [ 74.9648219, 24.0059427 ], [ 74.9633943, 24.0021967 ], [ 74.9631461, 23.9980714 ], [ 74.9646903, 23.9958272 ], [ 74.9624998, 23.9891835 ], [ 74.962724, 23.9787376 ], [ 74.959143, 23.9721612 ], [ 74.9559005, 23.9684706 ], [ 74.9472038, 23.9626013 ], [ 74.9336222, 23.9588522 ], [ 74.9307532, 23.9569858 ], [ 74.929069, 23.9544423 ], [ 74.9294444, 23.9508884 ], [ 74.9279973, 23.9463263 ], [ 74.9292769, 23.9427004 ], [ 74.928237, 23.9394031 ], [ 74.9269408, 23.9377631 ], [ 74.9201371, 23.9352216 ], [ 74.9165084, 23.9317468 ], [ 74.9162147, 23.929895 ], [ 74.9212052, 23.924135 ], [ 74.9202134, 23.922879 ], [ 74.9208987, 23.9190903 ], [ 74.9129208, 23.9110742 ], [ 74.9104874, 23.9062901 ], [ 74.9106841, 23.898938 ], [ 74.90868, 23.8918057 ], [ 74.9081911, 23.8816213 ], [ 74.9026183, 23.8729513 ], [ 74.9040403, 23.8692534 ], [ 74.9030138, 23.8628985 ], [ 74.9036695, 23.8527374 ], [ 74.9060101, 23.848069 ], [ 74.9124046, 23.8459546 ], [ 74.9138361, 23.8416831 ], [ 74.908901, 23.8357189 ], [ 74.9115931, 23.8261415 ], [ 74.9085418, 23.8229286 ], [ 74.9063819, 23.8158324 ], [ 74.9057384, 23.8095227 ], [ 74.9067631, 23.8044426 ], [ 74.9038862, 23.7984929 ], [ 74.9037077, 23.7943062 ], [ 74.92434, 23.796621 ], [ 74.9284533, 23.7879521 ], [ 74.9319885, 23.7842003 ], [ 74.9353067, 23.7732859 ], [ 74.9388218, 23.7701305 ], [ 74.9403631, 23.7647336 ], [ 74.9342495, 23.7579192 ], [ 74.924521, 23.7563857 ], [ 74.9263348, 23.7517024 ], [ 74.9303179, 23.7495594 ], [ 74.9299608, 23.740097 ], [ 74.9317679, 23.7343359 ], [ 74.9351019, 23.7328403 ], [ 74.9363753, 23.7295804 ], [ 74.9286218, 23.7280122 ], [ 74.9279779, 23.7240622 ], [ 74.9252561, 23.723395 ], [ 74.9265787, 23.7202073 ], [ 74.9244549, 23.7183977 ], [ 74.9202285, 23.71918 ], [ 74.9201418, 23.7111839 ], [ 74.9183019, 23.705628 ], [ 74.9215928, 23.6946522 ], [ 74.9177234, 23.690649 ], [ 74.8995927, 23.6840034 ], [ 74.8994607, 23.6822018 ], [ 74.9042006, 23.6801423 ], [ 74.9038366, 23.674743 ], [ 74.907101, 23.6745798 ], [ 74.908007, 23.6710988 ], [ 74.9175351, 23.6694126 ], [ 74.9216806, 23.666486 ], [ 74.9242945, 23.6572123 ], [ 74.9240078, 23.6506482 ], [ 74.9284099, 23.6415499 ], [ 74.9361027, 23.6395787 ], [ 74.9365387, 23.6287707 ], [ 74.9273497, 23.6252482 ], [ 74.9274563, 23.6218984 ], [ 74.9244373, 23.6199942 ], [ 74.9149853, 23.6181054 ], [ 74.9110659, 23.6191582 ], [ 74.9100329, 23.6222193 ], [ 74.9074218, 23.6240148 ], [ 74.9029436, 23.625101 ], [ 74.9035099, 23.6230101 ], [ 74.9008746, 23.6186321 ], [ 74.9016485, 23.6175845 ], [ 74.8974988, 23.61567 ], [ 74.8936071, 23.6094956 ], [ 74.8854644, 23.6081419 ], [ 74.8846804, 23.6066296 ], [ 74.8820593, 23.6059932 ], [ 74.8798153, 23.5996594 ], [ 74.8798494, 23.595217 ], [ 74.8699051, 23.5919349 ], [ 74.8709046, 23.5855196 ], [ 74.8733146, 23.5815875 ], [ 74.8733637, 23.5769014 ], [ 74.8711888, 23.5777501 ], [ 74.8682747, 23.5741654 ], [ 74.8664184, 23.5737003 ], [ 74.8569066, 23.5739298 ], [ 74.8538034, 23.5711413 ], [ 74.8523728, 23.5639112 ], [ 74.8501405, 23.5606852 ], [ 74.8508946, 23.5587554 ], [ 74.8484612, 23.5560733 ], [ 74.8487799, 23.5544029 ], [ 74.8466252, 23.554055 ], [ 74.8468314, 23.5518609 ], [ 74.8402942, 23.5498776 ], [ 74.8365328, 23.5510371 ], [ 74.8292315, 23.5505521 ], [ 74.8287769, 23.5482856 ], [ 74.8246597, 23.5451016 ], [ 74.8243031, 23.5427086 ], [ 74.8221198, 23.5408479 ], [ 74.8180696, 23.5423678 ], [ 74.8141676, 23.5407411 ], [ 74.8103237, 23.5408163 ], [ 74.8064811, 23.5381285 ], [ 74.8032961, 23.5330842 ], [ 74.7990137, 23.5381025 ], [ 74.7941094, 23.5508809 ], [ 74.7736837, 23.5443725 ], [ 74.7709185, 23.5423888 ], [ 74.767227, 23.5355691 ], [ 74.766893, 23.5308602 ], [ 74.7623725, 23.5263965 ], [ 74.7615104, 23.5211409 ], [ 74.7352881, 23.5205652 ], [ 74.7346806, 23.5182112 ], [ 74.7391218, 23.5137926 ], [ 74.7340493, 23.5081837 ], [ 74.7324608, 23.504193 ], [ 74.7329365, 23.5014433 ], [ 74.7292392, 23.4966179 ], [ 74.7237259, 23.4962875 ], [ 74.7187212, 23.5032294 ], [ 74.7113704, 23.5032295 ], [ 74.7034917, 23.5050077 ], [ 74.6967388, 23.5026597 ], [ 74.6865273, 23.4947358 ], [ 74.6803375, 23.4947774 ], [ 74.6821659, 23.4878891 ], [ 74.6813105, 23.4852272 ], [ 74.6770272, 23.4827254 ], [ 74.6660597, 23.4825035 ], [ 74.6664199, 23.4775182 ], [ 74.664162, 23.4758558 ], [ 74.6589548, 23.4672995 ], [ 74.6518837, 23.4622797 ], [ 74.6392856, 23.4635469 ], [ 74.6361481, 23.4679164 ], [ 74.6327705, 23.4695073 ], [ 74.633541, 23.4670748 ], [ 74.6318725, 23.4613937 ], [ 74.6162258, 23.4597753 ], [ 74.6126996, 23.4619299 ], [ 74.6038866, 23.457265 ], [ 74.6097375, 23.4536711 ], [ 74.6099148, 23.4516256 ], [ 74.6061714, 23.4445345 ], [ 74.5993158, 23.4372592 ], [ 74.5990674, 23.4287497 ], [ 74.5965677, 23.4282826 ], [ 74.5942506, 23.4241531 ], [ 74.5901725, 23.4245264 ], [ 74.5871808, 23.4265147 ], [ 74.5847905, 23.4255464 ], [ 74.5851483, 23.4238176 ], [ 74.581842, 23.4215641 ], [ 74.575073, 23.4232124 ], [ 74.5723502, 23.4206667 ], [ 74.5699537, 23.4126029 ], [ 74.5730399, 23.3963568 ], [ 74.5665701, 23.386141 ], [ 74.5694868, 23.3783853 ], [ 74.5689407, 23.3763017 ], [ 74.5651309, 23.3728542 ], [ 74.559246, 23.3711802 ], [ 74.5576861, 23.3680008 ], [ 74.5586083, 23.3642909 ], [ 74.5577014, 23.3619081 ], [ 74.55469, 23.3612944 ], [ 74.5466256, 23.3648979 ], [ 74.5423948, 23.3646553 ], [ 74.5398166, 23.3618656 ], [ 74.5413729, 23.3602262 ], [ 74.5415585, 23.3574853 ], [ 74.5381935, 23.3459946 ], [ 74.5401005, 23.3362538 ], [ 74.5352675, 23.3308198 ], [ 74.5140368, 23.3280456 ], [ 74.5150338, 23.3160982 ], [ 74.5236228, 23.3211332 ], [ 74.5297326, 23.320673 ], [ 74.5310806, 23.3128048 ], [ 74.527919, 23.3107539 ], [ 74.5319247, 23.3063624 ], [ 74.5342673, 23.3006516 ], [ 74.539571, 23.2997007 ], [ 74.5414686, 23.2867305 ], [ 74.5438321, 23.2804098 ], [ 74.5466691, 23.277121 ], [ 74.5496707, 23.2786065 ], [ 74.553483, 23.2774702 ], [ 74.5564718, 23.2784317 ], [ 74.5599366, 23.2818333 ], [ 74.5633607, 23.2882774 ], [ 74.5623805, 23.2910131 ], [ 74.5632111, 23.2926865 ], [ 74.5682392, 23.2951845 ], [ 74.5743658, 23.2951696 ], [ 74.5736904, 23.2892151 ], [ 74.5768531, 23.2848065 ], [ 74.5793423, 23.28461 ], [ 74.5852788, 23.2795086 ], [ 74.5849935, 23.276938 ], [ 74.5874569, 23.2771161 ], [ 74.5892159, 23.2790357 ], [ 74.5928195, 23.2788825 ], [ 74.5947472, 23.2767964 ], [ 74.5982863, 23.276941 ], [ 74.6016792, 23.2802331 ], [ 74.6079501, 23.2824574 ], [ 74.6168913, 23.2793812 ], [ 74.6218502, 23.2736708 ], [ 74.6248415, 23.2738677 ], [ 74.6239265, 23.2718167 ], [ 74.626765, 23.2590627 ], [ 74.6385555, 23.2554093 ], [ 74.6485552, 23.2559288 ], [ 74.6566668, 23.260802 ], [ 74.6637773, 23.267407 ], [ 74.6731425, 23.269956 ], [ 74.6768244, 23.2736943 ], [ 74.678105, 23.2717864 ], [ 74.6862154, 23.2675889 ], [ 74.6882631, 23.267855 ], [ 74.6924279, 23.2658398 ], [ 74.695327, 23.2657596 ], [ 74.6999554, 23.2683656 ], [ 74.7010734, 23.2646551 ], [ 74.6987826, 23.2573068 ], [ 74.7076747, 23.254835 ], [ 74.7127675, 23.2505311 ], [ 74.7129748, 23.2427992 ], [ 74.7151139, 23.2366832 ], [ 74.7095056, 23.2332674 ], [ 74.7088058, 23.2314234 ], [ 74.7058879, 23.2315218 ], [ 74.7039581, 23.2289934 ], [ 74.6978896, 23.2261997 ], [ 74.6920269, 23.225398 ], [ 74.6920658, 23.2191516 ], [ 74.7022162, 23.2145101 ], [ 74.7156642, 23.2191419 ], [ 74.716937, 23.2157793 ], [ 74.7228282, 23.216788 ], [ 74.726365, 23.2150056 ], [ 74.732908, 23.2175732 ], [ 74.7337673, 23.2204246 ], [ 74.7412847, 23.224755 ], [ 74.741116, 23.226444 ], [ 74.7475219, 23.2266531 ], [ 74.7489103, 23.2237602 ], [ 74.7435691, 23.2210597 ], [ 74.7405556, 23.2176809 ], [ 74.7444324, 23.2116576 ], [ 74.7421361, 23.2089123 ], [ 74.7250451, 23.200889 ], [ 74.7245262, 23.1965974 ], [ 74.7216108, 23.1958651 ], [ 74.7150989, 23.1907136 ], [ 74.7080753, 23.1942281 ], [ 74.6988111, 23.1923047 ], [ 74.6818731, 23.1938747 ], [ 74.6776672, 23.1955689 ], [ 74.6750304, 23.1989283 ], [ 74.6715441, 23.1999599 ], [ 74.6642465, 23.1951615 ], [ 74.6493036, 23.1752199 ], [ 74.6327101, 23.1639494 ], [ 74.6249446, 23.161718 ], [ 74.618397, 23.1503747 ], [ 74.6066146, 23.1425592 ], [ 74.5964991, 23.1378906 ], [ 74.5854902, 23.1397454 ], [ 74.5767753, 23.1341804 ], [ 74.572227, 23.1331474 ], [ 74.5393733, 23.1293016 ], [ 74.5394192, 23.1272919 ], [ 74.5439582, 23.1222691 ], [ 74.5447921, 23.1197061 ], [ 74.5464216, 23.1143497 ], [ 74.5455139, 23.109844 ], [ 74.5393398, 23.1033449 ], [ 74.5314351, 23.0990715 ], [ 74.5233842, 23.0962562 ], [ 74.5148548, 23.0962754 ], [ 74.510277, 23.0944637 ], [ 74.5069097, 23.0913955 ], [ 74.5090844, 23.0867502 ], [ 74.5058633, 23.0851413 ], [ 74.499203, 23.0868772 ], [ 74.4917422, 23.0858959 ], [ 74.4892408, 23.0876809 ], [ 74.474718, 23.0836452 ], [ 74.4743889, 23.0816568 ], [ 74.4670169, 23.0830322 ], [ 74.4638438, 23.081793 ], [ 74.4577303, 23.0846266 ], [ 74.4540833, 23.0883311 ], [ 74.4407165, 23.0906826 ], [ 74.4403854, 23.0951844 ], [ 74.4318101, 23.1049952 ], [ 74.4273793, 23.1066955 ], [ 74.421579, 23.1043709 ], [ 74.406307, 23.1120239 ], [ 74.4000693, 23.1114493 ], [ 74.3984297, 23.110263 ], [ 74.3921654, 23.1111706 ], [ 74.3898892, 23.109773 ], [ 74.3890489, 23.1114657 ], [ 74.386202, 23.1115179 ], [ 74.3774124, 23.1063663 ], [ 74.3696654, 23.0986846 ], [ 74.356287, 23.0886538 ], [ 74.3543906, 23.08604 ], [ 74.3558897, 23.0798134 ], [ 74.3499135, 23.0760041 ], [ 74.3416008, 23.0678988 ], [ 74.3328087, 23.0621937 ], [ 74.3299236, 23.0613008 ], [ 74.3275535, 23.0628152 ], [ 74.3233218, 23.0608888 ], [ 74.3209031, 23.0614204 ], [ 74.3189011, 23.0586612 ], [ 74.3143927, 23.0699329 ], [ 74.3073383, 23.0777698 ], [ 74.2946895, 23.0854414 ], [ 74.2828739, 23.0885317 ], [ 74.2788903, 23.0921854 ], [ 74.2771584, 23.0956235 ], [ 74.2771235, 23.0993991 ], [ 74.2857687, 23.1125676 ], [ 74.2871216, 23.1171218 ], [ 74.2783684, 23.1249902 ], [ 74.2743674, 23.1307528 ], [ 74.2703784, 23.1432494 ], [ 74.2674735, 23.1583477 ], [ 74.2611022, 23.164966 ], [ 74.2473599, 23.1714311 ], [ 74.2428628, 23.1773399 ], [ 74.2407986, 23.1846916 ], [ 74.2316357, 23.1772668 ], [ 74.2308164, 23.178658 ], [ 74.2237912, 23.1815069 ], [ 74.2125165, 23.1836672 ], [ 74.2125577, 23.1869315 ], [ 74.2071234, 23.189088 ], [ 74.2029241, 23.1903092 ], [ 74.2012141, 23.1893033 ], [ 74.2013255, 23.1876688 ], [ 74.1957786, 23.180538 ], [ 74.1885986, 23.1781482 ], [ 74.1887046, 23.1752 ], [ 74.1829335, 23.1663442 ], [ 74.1854244, 23.1568214 ], [ 74.1821564, 23.1535629 ], [ 74.1788777, 23.1472794 ], [ 74.1724405, 23.1545369 ], [ 74.1667917, 23.1557214 ], [ 74.1544827, 23.1564874 ], [ 74.1540716, 23.1520448 ], [ 74.1527339, 23.1523882 ], [ 74.1479353, 23.1576579 ], [ 74.1452784, 23.1682638 ], [ 74.141204, 23.1731538 ], [ 74.1346899, 23.1750867 ], [ 74.1214756, 23.1761932 ], [ 74.116377, 23.1846584 ], [ 74.1190187, 23.1919048 ], [ 74.1192089, 23.2040001 ], [ 74.1268335, 23.2080229 ], [ 74.1273171, 23.2097249 ], [ 74.130072, 23.2111471 ], [ 74.1281378, 23.213883 ], [ 74.1286215, 23.2166597 ], [ 74.1344692, 23.2230253 ], [ 74.1311575, 23.2292289 ], [ 74.1337272, 23.2298563 ], [ 74.1325011, 23.23159 ], [ 74.132575, 23.2407777 ], [ 74.1306354, 23.2424077 ], [ 74.1300786, 23.2451166 ], [ 74.1320135, 23.2472023 ], [ 74.1307092, 23.2504665 ], [ 74.1320872, 23.2528274 ], [ 74.130773, 23.256489 ], [ 74.1323661, 23.2592475 ], [ 74.1326402, 23.2661912 ], [ 74.1279345, 23.2689906 ], [ 74.1092176, 23.2743626 ], [ 74.1075548, 23.2844394 ], [ 74.1005791, 23.2938113 ], [ 74.0961656, 23.2932463 ], [ 74.0859296, 23.2980388 ], [ 74.0829779, 23.2960922 ], [ 74.0713831, 23.2988247 ], [ 74.0482862, 23.2933209 ], [ 74.0381639, 23.2934466 ], [ 74.0388302, 23.2985712 ], [ 74.0423973, 23.3002887 ], [ 74.0448558, 23.3088094 ], [ 74.0408622, 23.3087305 ], [ 74.0355218, 23.3050075 ], [ 74.0330674, 23.3059903 ], [ 74.0307456, 23.3129146 ], [ 74.0248051, 23.3210601 ], [ 74.0286547, 23.3316722 ], [ 74.0043914, 23.3359176 ], [ 73.9875833, 23.33576 ], [ 73.9813954, 23.3381391 ], [ 73.9791531, 23.3590078 ], [ 73.9804126, 23.3623794 ], [ 73.9770647, 23.3648467 ], [ 73.9755343, 23.371516 ], [ 73.9742147, 23.3727448 ], [ 73.9668071, 23.3748984 ], [ 73.9617634, 23.3724396 ], [ 73.9598642, 23.3777061 ], [ 73.9574983, 23.3795449 ], [ 73.9522674, 23.3751774 ], [ 73.9380077, 23.3679377 ], [ 73.9369675, 23.3605791 ], [ 73.9394095, 23.3444107 ], [ 73.9337007, 23.3385891 ], [ 73.918582, 23.3354699 ], [ 73.9081825, 23.3349082 ], [ 73.9009419, 23.3359706 ], [ 73.8919259, 23.3341118 ], [ 73.8896039, 23.3363697 ], [ 73.8926564, 23.348279 ], [ 73.8907838, 23.3488887 ], [ 73.8911752, 23.3500806 ], [ 73.8897866, 23.350907 ], [ 73.8872348, 23.3572775 ], [ 73.8803448, 23.3584969 ], [ 73.8742865, 23.3639397 ], [ 73.8740759, 23.3707275 ], [ 73.8724571, 23.3724657 ], [ 73.8737678, 23.3755764 ], [ 73.8724767, 23.3758653 ], [ 73.873758, 23.3768586 ], [ 73.8729657, 23.3794546 ], [ 73.8719093, 23.3772558 ], [ 73.867757, 23.3780458 ], [ 73.8670479, 23.3785379 ], [ 73.8692095, 23.381906 ], [ 73.8663581, 23.3812557 ], [ 73.8658494, 23.3842173 ], [ 73.8617801, 23.3836257 ], [ 73.8608408, 23.3856663 ], [ 73.8633792, 23.3872466 ], [ 73.8636089, 23.3894859 ], [ 73.8618717, 23.3895878 ], [ 73.8609079, 23.3916574 ], [ 73.8592701, 23.3921358 ], [ 73.8581691, 23.396235 ], [ 73.8500386, 23.4019768 ], [ 73.8493188, 23.4054755 ], [ 73.8455616, 23.4075246 ], [ 73.8456098, 23.4103561 ], [ 73.8408737, 23.4133522 ], [ 73.8406432, 23.4161919 ], [ 73.8391117, 23.4171352 ], [ 73.8396298, 23.4188238 ], [ 73.8350943, 23.4204435 ], [ 73.8341344, 23.4236216 ], [ 73.8302343, 23.4262346 ], [ 73.830854, 23.4311648 ], [ 73.8324345, 23.4310524 ], [ 73.8314604, 23.4323117 ], [ 73.8331326, 23.4358246 ], [ 73.8318003, 23.4404518 ], [ 73.8286823, 23.4438325 ], [ 73.8287055, 23.4476926 ], [ 73.8245627, 23.4426123 ], [ 73.8186046, 23.4384613 ], [ 73.8034368, 23.4377735 ], [ 73.7944671, 23.4311235 ], [ 73.7862774, 23.4302253 ], [ 73.7789767, 23.4313045 ], [ 73.7765697, 23.4377907 ], [ 73.7722883, 23.4378241 ], [ 73.7705581, 23.4480713 ], [ 73.7672314, 23.453121 ], [ 73.7557307, 23.4543227 ], [ 73.7550123, 23.4532116 ], [ 73.7564536, 23.4501833 ], [ 73.7498808, 23.4407425 ], [ 73.7365841, 23.4298126 ], [ 73.7349952, 23.4254931 ], [ 73.7287457, 23.4232131 ], [ 73.7208056, 23.4101346 ], [ 73.713705, 23.4138138 ], [ 73.7131382, 23.4147938 ], [ 73.7145093, 23.4167344 ], [ 73.7120794, 23.4190156 ], [ 73.7112154, 23.421865 ], [ 73.7080796, 23.4223227 ], [ 73.7104495, 23.4253643 ], [ 73.7079874, 23.4311625 ], [ 73.7116489, 23.4339234 ], [ 73.7116353, 23.4355036 ], [ 73.7051099, 23.4382024 ], [ 73.7068565, 23.4456417 ], [ 73.7042665, 23.45144 ], [ 73.6973992, 23.4566713 ], [ 73.6953868, 23.4559097 ], [ 73.6921198, 23.45843 ], [ 73.6852321, 23.4535931 ], [ 73.6739136, 23.4541119 ], [ 73.6605232, 23.4480343 ], [ 73.647456, 23.4364522 ], [ 73.6461944, 23.441423 ], [ 73.6360176, 23.449063 ], [ 73.6272095, 23.4485713 ], [ 73.6268964, 23.4502418 ], [ 73.6297592, 23.4541018 ], [ 73.6306695, 23.4579212 ], [ 73.6343158, 23.4623815 ], [ 73.6334354, 23.4699527 ], [ 73.640328, 23.4827196 ], [ 73.6391684, 23.4870809 ], [ 73.6407164, 23.4964081 ], [ 73.6453278, 23.4976896 ], [ 73.6497304, 23.496667 ], [ 73.6541249, 23.5020479 ], [ 73.6563648, 23.5074575 ], [ 73.6553249, 23.5123972 ], [ 73.6505155, 23.5185467 ], [ 73.6330678, 23.5286858 ], [ 73.6351375, 23.5383551 ], [ 73.6331078, 23.5550938 ], [ 73.6366174, 23.5646031 ], [ 73.6405769, 23.5680228 ], [ 73.6471862, 23.5660629 ], [ 73.6496758, 23.5681027 ], [ 73.6450664, 23.5703526 ], [ 73.6441566, 23.5722624 ], [ 73.6476061, 23.5746222 ], [ 73.6462763, 23.5854114 ], [ 73.6438966, 23.5877712 ], [ 73.6433568, 23.5943706 ], [ 73.6450266, 23.5967804 ], [ 73.6448466, 23.6041099 ], [ 73.6489762, 23.6083695 ], [ 73.6556554, 23.6212885 ], [ 73.6406673, 23.628208 ], [ 73.626779, 23.641867 ], [ 73.6207199, 23.6457367 ], [ 73.61943, 23.6488165 ], [ 73.6154805, 23.6521162 ], [ 73.5981827, 23.6538862 ], [ 73.5790151, 23.6526064 ], [ 73.5726559, 23.6537663 ], [ 73.5685463, 23.6528964 ], [ 73.5464689, 23.6259886 ], [ 73.5330106, 23.6195492 ], [ 73.5311808, 23.6141796 ], [ 73.5248716, 23.6118398 ], [ 73.5230817, 23.6069003 ], [ 73.5063939, 23.6190293 ], [ 73.5034642, 23.6183194 ], [ 73.5027043, 23.6227991 ], [ 73.5037942, 23.6244289 ], [ 73.4967151, 23.6288386 ], [ 73.4937655, 23.6323383 ], [ 73.4971152, 23.6352481 ], [ 73.505734, 23.6388378 ], [ 73.5087737, 23.6443873 ], [ 73.5058241, 23.6470071 ], [ 73.5018846, 23.6478371 ], [ 73.4994349, 23.6468171 ], [ 73.4995149, 23.648727 ], [ 73.4966053, 23.649157 ], [ 73.5038844, 23.6567163 ], [ 73.508414, 23.6954932 ], [ 73.5051845, 23.698813 ], [ 73.5073942, 23.7030427 ], [ 73.4983453, 23.7042525 ], [ 73.4906563, 23.7069024 ], [ 73.4814075, 23.7042027 ], [ 73.4735184, 23.7052326 ], [ 73.4714188, 23.7197315 ], [ 73.4603701, 23.7273109 ], [ 73.4567406, 23.7335204 ], [ 73.4526011, 23.7342504 ], [ 73.4501115, 23.7333604 ], [ 73.4492116, 23.7348104 ], [ 73.4466819, 23.7443996 ], [ 73.4486816, 23.7510869 ], [ 73.4477318, 23.7528689 ], [ 73.4452522, 23.7548188 ], [ 73.4394529, 23.7549688 ], [ 73.4365833, 23.7569587 ], [ 73.4318938, 23.7565188 ], [ 73.4306341, 23.7580386 ], [ 73.4311539, 23.7612483 ], [ 73.4270245, 23.7600885 ], [ 73.4243348, 23.7616384 ], [ 73.4192754, 23.7695077 ], [ 73.4164059, 23.7703177 ], [ 73.4186256, 23.7752773 ], [ 73.4180157, 23.7768071 ], [ 73.4107765, 23.7801569 ], [ 73.4085768, 23.7791671 ], [ 73.4002479, 23.7850566 ], [ 73.399188, 23.7831168 ], [ 73.3944587, 23.7829268 ], [ 73.3862397, 23.7766573 ], [ 73.38282, 23.768238 ], [ 73.3707715, 23.7652583 ], [ 73.3715214, 23.7704879 ], [ 73.3672419, 23.7743676 ], [ 73.3665621, 23.7770374 ], [ 73.3637724, 23.7781473 ], [ 73.3633325, 23.782227 ], [ 73.3560634, 23.7850168 ], [ 73.351844, 23.7913963 ], [ 73.3587232, 23.7956759 ], [ 73.3679121, 23.8142344 ], [ 73.3681121, 23.8226037 ], [ 73.3663823, 23.8221838 ], [ 73.3650825, 23.8237637 ], [ 73.3664923, 23.8293032 ], [ 73.3685521, 23.831883 ], [ 73.3668624, 23.8366426 ], [ 73.3677122, 23.8394624 ], [ 73.3578335, 23.8466118 ], [ 73.353844, 23.8528514 ], [ 73.3560738, 23.8545713 ], [ 73.3557238, 23.8592309 ], [ 73.3581336, 23.8619407 ], [ 73.3611233, 23.8726998 ], [ 73.3652028, 23.8754795 ], [ 73.3660527, 23.8783293 ], [ 73.3680224, 23.8783293 ], [ 73.3710121, 23.8911382 ], [ 73.3745317, 23.893258 ], [ 73.3759615, 23.8958679 ], [ 73.3777113, 23.8961478 ], [ 73.3786312, 23.9045272 ], [ 73.3838206, 23.9088568 ], [ 73.3874602, 23.9159062 ], [ 73.3951593, 23.9190159 ], [ 73.4003886, 23.916826 ], [ 73.4065179, 23.9165061 ], [ 73.4089876, 23.9215757 ], [ 73.4145469, 23.9215856 ], [ 73.4200549, 23.9248747 ], [ 73.4208262, 23.9308248 ], [ 73.4169167, 23.9346546 ], [ 73.4162968, 23.9378743 ], [ 73.4132372, 23.9391642 ], [ 73.414637, 23.9404641 ], [ 73.414907, 23.9445838 ], [ 73.4130272, 23.9459637 ], [ 73.4142071, 23.955003 ], [ 73.4132272, 23.9588327 ], [ 73.4143772, 23.967172 ], [ 73.4157869, 23.9678119 ], [ 73.416037, 23.9701617 ], [ 73.4145072, 23.979531 ], [ 73.4149572, 23.9857805 ], [ 73.4045785, 23.9908002 ], [ 73.3978793, 23.9895103 ], [ 73.4037487, 23.9933 ], [ 73.4079948, 24.0080926 ], [ 73.4066558, 24.0185166 ], [ 73.4008888, 24.0322052 ], [ 73.4042677, 24.0413281 ], [ 73.3862498, 24.0647285 ], [ 73.3703006, 24.0763714 ], [ 73.3673702, 24.0758342 ], [ 73.3653197, 24.0790573 ], [ 73.3608695, 24.0812825 ], [ 73.3620492, 24.0862755 ], [ 73.3607116, 24.0874897 ], [ 73.3608828, 24.0963062 ], [ 73.3628397, 24.1006265 ], [ 73.3619934, 24.1046623 ], [ 73.3477802, 24.106376 ], [ 73.3440833, 24.1001726 ], [ 73.3390332, 24.0984065 ], [ 73.3357527, 24.0997871 ], [ 73.3348863, 24.1028837 ], [ 73.3334009, 24.103249 ], [ 73.3330108, 24.1086929 ], [ 73.3270055, 24.1092241 ], [ 73.3237196, 24.0982172 ], [ 73.3221219, 24.0968172 ], [ 73.3259502, 24.07696 ], [ 73.3239747, 24.0741288 ], [ 73.3240551, 24.0696371 ], [ 73.3163218, 24.0575992 ], [ 73.3160083, 24.0549221 ], [ 73.3173855, 24.0532072 ], [ 73.3080678, 24.0473348 ], [ 73.3073165, 24.0456596 ], [ 73.3003705, 24.0460989 ], [ 73.2973635, 24.0435287 ], [ 73.295955, 24.0396095 ], [ 73.2906308, 24.0332641 ], [ 73.2898486, 24.0266637 ], [ 73.2867289, 24.0246666 ], [ 73.2861412, 24.0217681 ], [ 73.2831058, 24.0188726 ], [ 73.2793844, 24.0203105 ], [ 73.275483, 24.0190982 ], [ 73.2704734, 24.0210315 ], [ 73.2653283, 24.0203192 ], [ 73.2609957, 24.0177113 ], [ 73.2584354, 24.0119672 ], [ 73.2523734, 24.009484 ], [ 73.2493301, 24.0031891 ], [ 73.2427915, 24.0022819 ], [ 73.2398785, 24.0034308 ], [ 73.2374103, 24.0074369 ], [ 73.2379184, 24.0096892 ], [ 73.2366332, 24.01234 ], [ 73.2335274, 24.0125454 ], [ 73.2297459, 24.0156676 ], [ 73.2293728, 24.0221053 ], [ 73.2159202, 24.0279601 ], [ 73.2107404, 24.0288479 ], [ 73.2105654, 24.0318095 ], [ 73.2089104, 24.0338915 ], [ 73.1995531, 24.0362348 ], [ 73.1931412, 24.0409961 ], [ 73.2023835, 24.0509863 ], [ 73.2053053, 24.0613903 ], [ 73.2132257, 24.0780405 ], [ 73.2032881, 24.0831701 ], [ 73.1983208, 24.084267 ], [ 73.1965699, 24.086843 ], [ 73.1831802, 24.0896558 ], [ 73.1751421, 24.0942181 ], [ 73.1718769, 24.094147 ], [ 73.1589203, 24.0983262 ], [ 73.1558874, 24.1038073 ], [ 73.1568027, 24.1059559 ], [ 73.1549936, 24.1086919 ], [ 73.1571922, 24.1095312 ], [ 73.1535339, 24.1127822 ], [ 73.1381211, 24.1222103 ], [ 73.1300103, 24.1222786 ], [ 73.1252195, 24.1248609 ], [ 73.1221601, 24.1306527 ], [ 73.1104223, 24.1423126 ], [ 73.1063688, 24.1420052 ], [ 73.1034268, 24.1437519 ], [ 73.1038636, 24.1498778 ], [ 73.1008963, 24.1539448 ], [ 73.0991585, 24.1594655 ], [ 73.0766471, 24.1791199 ], [ 73.0674433, 24.194691 ], [ 73.0714141, 24.1967284 ], [ 73.076801, 24.2022691 ], [ 73.0770263, 24.2051763 ], [ 73.0792707, 24.2051047 ], [ 73.0784536, 24.219374 ], [ 73.0922254, 24.223341 ], [ 73.0971217, 24.2310839 ], [ 73.0901355, 24.2338272 ], [ 73.0880436, 24.2326349 ], [ 73.0879104, 24.2338221 ], [ 73.0878706, 24.2349191 ], [ 73.0933787, 24.2379809 ], [ 73.093997, 24.2463731 ], [ 73.0953552, 24.2493481 ], [ 73.1036011, 24.2554889 ], [ 73.1071452, 24.2639355 ], [ 73.1183422, 24.2686807 ], [ 73.1202922, 24.2720439 ], [ 73.1239509, 24.2712449 ], [ 73.125448, 24.2734297 ], [ 73.1309889, 24.2886695 ], [ 73.135438, 24.3084324 ], [ 73.1408665, 24.3110863 ], [ 73.1665165, 24.2992494 ], [ 73.1692209, 24.3003049 ], [ 73.173593, 24.3085871 ], [ 73.1737154, 24.3190555 ], [ 73.1762251, 24.3247335 ], [ 73.1745621, 24.3300744 ], [ 73.1749229, 24.3327286 ], [ 73.1765591, 24.3342763 ], [ 73.1763488, 24.3378787 ], [ 73.1816625, 24.3433209 ], [ 73.1862084, 24.3397394 ], [ 73.1865906, 24.3354598 ], [ 73.1885013, 24.3336262 ], [ 73.1985657, 24.3319333 ], [ 73.2021464, 24.3384048 ], [ 73.2062589, 24.3512634 ], [ 73.2090336, 24.3521647 ], [ 73.219262, 24.3638954 ], [ 73.2172146, 24.3675171 ], [ 73.2066782, 24.3746556 ], [ 73.1991882, 24.3765104 ], [ 73.1968667, 24.3760826 ], [ 73.1933358, 24.3721524 ], [ 73.1877169, 24.3708233 ], [ 73.181466, 24.3662529 ], [ 73.1781325, 24.3613111 ], [ 73.1713743, 24.3554179 ], [ 73.1648158, 24.3560022 ], [ 73.1585572, 24.3541033 ], [ 73.1553352, 24.3561354 ], [ 73.1525702, 24.3538428 ], [ 73.1508164, 24.3555178 ], [ 73.145889, 24.3567284 ], [ 73.1334722, 24.3666473 ], [ 73.1309981, 24.3656047 ], [ 73.1242961, 24.3672887 ], [ 73.1209154, 24.370092 ], [ 73.1118621, 24.3734139 ], [ 73.1076035, 24.3775305 ], [ 73.1053407, 24.3825906 ], [ 73.1022653, 24.3817189 ], [ 73.1026883, 24.3874339 ], [ 73.0991577, 24.3907843 ], [ 73.095359, 24.3878706 ], [ 73.0874978, 24.3866275 ], [ 73.0818573, 24.3929278 ], [ 73.0765029, 24.3966007 ], [ 73.0811151, 24.4012832 ], [ 73.0867214, 24.4125295 ], [ 73.0901916, 24.4140921 ], [ 73.0923499, 24.4180199 ], [ 73.1002512, 24.4260971 ], [ 73.1028287, 24.4330085 ], [ 73.1001058, 24.4392422 ], [ 73.098393, 24.4480128 ], [ 73.1000587, 24.4542697 ], [ 73.1032787, 24.4557597 ], [ 73.1018213, 24.4708096 ], [ 73.0938064, 24.4715395 ], [ 73.0911274, 24.4751006 ], [ 73.0958887, 24.4901198 ], [ 73.0878806, 24.4976522 ], [ 73.0817785, 24.4971721 ], [ 73.0804426, 24.4942376 ], [ 73.0778624, 24.4947741 ], [ 73.0723486, 24.4916485 ], [ 73.0730559, 24.486778 ], [ 73.0701309, 24.4868719 ], [ 73.0683803, 24.4855035 ], [ 73.0680311, 24.4832598 ], [ 73.060864, 24.4836091 ], [ 73.0610775, 24.4807518 ], [ 73.0573008, 24.4776941 ], [ 73.0485726, 24.4742638 ], [ 73.0491627, 24.468766 ], [ 73.0434564, 24.4687811 ], [ 73.0370709, 24.4667688 ], [ 73.0372106, 24.4644351 ], [ 73.0352284, 24.4638472 ], [ 73.032346, 24.4668834 ], [ 73.0289442, 24.4652652 ], [ 73.0206632, 24.4658512 ], [ 73.0201021, 24.4644469 ], [ 73.0110157, 24.4666027 ], [ 73.0038154, 24.466376 ], [ 73.0014501, 24.4692767 ], [ 73.0060728, 24.4732075 ], [ 73.0066576, 24.475438 ], [ 73.0042499, 24.4814715 ], [ 73.0009826, 24.4835452 ], [ 72.9910072, 24.4776011 ], [ 72.9874819, 24.4735276 ], [ 72.9861909, 24.4694026 ], [ 72.9679631, 24.4509073 ], [ 72.9748659, 24.4494765 ], [ 72.9731551, 24.4436815 ], [ 72.9739469, 24.4411621 ], [ 72.9804824, 24.4377449 ], [ 72.9812143, 24.4343814 ], [ 72.9763127, 24.4275639 ], [ 72.973324, 24.4265412 ], [ 72.9700811, 24.4152309 ], [ 72.9683604, 24.4149431 ], [ 72.9667108, 24.4109221 ], [ 72.9609293, 24.405319 ], [ 72.9523953, 24.4025254 ], [ 72.9493005, 24.3981843 ], [ 72.9544085, 24.3913153 ], [ 72.9596726, 24.3912672 ], [ 72.9743641, 24.3827535 ], [ 72.9775431, 24.3768243 ], [ 72.9776291, 24.3735244 ], [ 72.9751169, 24.3687997 ], [ 72.9686161, 24.3679779 ], [ 72.9665698, 24.3664985 ], [ 72.966776, 24.3653473 ], [ 72.9621274, 24.3631246 ], [ 72.9540315, 24.3563624 ], [ 72.9509101, 24.3563368 ], [ 72.9382098, 24.3483031 ], [ 72.9275456, 24.3449623 ], [ 72.9197949, 24.3444187 ], [ 72.9136291, 24.3380012 ], [ 72.9107269, 24.3372119 ], [ 72.907855, 24.3388783 ], [ 72.901634, 24.3471089 ], [ 72.8939633, 24.3531141 ], [ 72.8911502, 24.356974 ], [ 72.869966, 24.3658589 ], [ 72.8697985, 24.3637824 ], [ 72.8585819, 24.3697359 ], [ 72.8576704, 24.3681829 ], [ 72.8556844, 24.3686386 ], [ 72.8540773, 24.3713063 ], [ 72.8497601, 24.3720414 ], [ 72.8364942, 24.3691633 ], [ 72.8147803, 24.3702262 ], [ 72.8085036, 24.3667568 ], [ 72.8058248, 24.3629366 ], [ 72.7714141, 24.368226 ], [ 72.7493976, 24.3650422 ], [ 72.7308608, 24.364301 ], [ 72.724329, 24.3676188 ], [ 72.7199042, 24.3747767 ], [ 72.7002725, 24.3959636 ], [ 72.6965742, 24.4021182 ], [ 72.6919083, 24.4061245 ], [ 72.6891457, 24.4117323 ], [ 72.6797732, 24.4429286 ], [ 72.6875, 24.4526038 ], [ 72.6882325, 24.4578083 ], [ 72.683358, 24.4638772 ], [ 72.6808779, 24.4651376 ], [ 72.6709402, 24.4648793 ], [ 72.6563313, 24.4622153 ], [ 72.6135674, 24.4723075 ], [ 72.5759428, 24.4788547 ], [ 72.5554196, 24.5002111 ], [ 72.5543304, 24.5026554 ], [ 72.551951, 24.5033953 ], [ 72.5518243, 24.504843 ], [ 72.5436498, 24.5130082 ], [ 72.5410045, 24.5181226 ], [ 72.5382438, 24.5196821 ], [ 72.5359845, 24.5176096 ], [ 72.5352462, 24.5056722 ], [ 72.5325993, 24.5037169 ], [ 72.5259887, 24.5031299 ], [ 72.5201861, 24.5 ], [ 72.5144858, 24.4839553 ], [ 72.5048, 24.4715975 ], [ 72.5044376, 24.4583665 ], [ 72.4931928, 24.4590839 ], [ 72.5004239, 24.4170546 ], [ 72.4749945, 24.4143975 ], [ 72.457243, 24.4147987 ], [ 72.4584133, 24.4248671 ], [ 72.4520916, 24.4339676 ], [ 72.4514568, 24.4421079 ], [ 72.4480395, 24.447794 ], [ 72.4438879, 24.4499561 ], [ 72.4337791, 24.4601067 ], [ 72.4302176, 24.4801744 ], [ 72.4429345, 24.5039813 ], [ 72.4436821, 24.508978 ], [ 72.4414337, 24.5113625 ], [ 72.4410806, 24.5153261 ], [ 72.4392352, 24.5151327 ], [ 72.4363056, 24.5171472 ], [ 72.4338331, 24.5158798 ], [ 72.4253424, 24.5175756 ], [ 72.4234379, 24.5166871 ], [ 72.4201482, 24.5201008 ], [ 72.4163298, 24.5211717 ], [ 72.4129684, 24.5172544 ], [ 72.4000411, 24.514472 ], [ 72.3917221, 24.510853 ], [ 72.3885791, 24.5076799 ], [ 72.3857329, 24.5118693 ], [ 72.3823433, 24.5110434 ], [ 72.3796891, 24.5123933 ], [ 72.3784508, 24.5144969 ], [ 72.3789789, 24.5183608 ], [ 72.3764628, 24.5246896 ], [ 72.3709019, 24.531014 ], [ 72.368163, 24.5373425 ], [ 72.3675115, 24.5397711 ], [ 72.3697172, 24.5418205 ], [ 72.3698602, 24.5437029 ], [ 72.367516, 24.5477203 ], [ 72.3621761, 24.5485913 ], [ 72.3612287, 24.5477966 ], [ 72.360498, 24.5509203 ], [ 72.3583562, 24.5508976 ], [ 72.3579558, 24.5556418 ], [ 72.3542936, 24.5565577 ], [ 72.3537298, 24.5637619 ], [ 72.348745, 24.5624477 ], [ 72.3409514, 24.5632181 ], [ 72.3331864, 24.5669268 ], [ 72.330935, 24.569305 ], [ 72.3268718, 24.5580233 ], [ 72.3304019, 24.554544 ], [ 72.3289911, 24.5524084 ], [ 72.3268783, 24.5539696 ], [ 72.3235974, 24.5513188 ], [ 72.3018585, 24.5502087 ], [ 72.2993382, 24.5472913 ], [ 72.295435, 24.5466258 ], [ 72.2892999, 24.5480218 ], [ 72.2901271, 24.5507398 ], [ 72.2854976, 24.5653581 ], [ 72.2752065, 24.5652344 ], [ 72.2713056, 24.5613632 ], [ 72.2647324, 24.5602753 ], [ 72.263213, 24.5650094 ], [ 72.2531047, 24.5750995 ], [ 72.2514807, 24.5802533 ], [ 72.2463957, 24.5856071 ], [ 72.2484704, 24.5893375 ], [ 72.256883, 24.5941652 ], [ 72.2584491, 24.5982968 ], [ 72.2643029, 24.6000615 ], [ 72.2643533, 24.6044763 ], [ 72.2763437, 24.6075269 ], [ 72.2853498, 24.6071443 ], [ 72.2867183, 24.6049766 ], [ 72.2897463, 24.6038651 ], [ 72.2951936, 24.6094113 ], [ 72.297394, 24.6089682 ], [ 72.3032491, 24.6057037 ], [ 72.3033001, 24.603425 ], [ 72.3053783, 24.6027941 ], [ 72.30462, 24.5989751 ], [ 72.3072983, 24.5977991 ], [ 72.3077814, 24.5958934 ], [ 72.3135684, 24.594018 ], [ 72.3173894, 24.5943174 ], [ 72.3306234, 24.5995534 ], [ 72.3355855, 24.5985843 ], [ 72.3385127, 24.6001468 ], [ 72.3386742, 24.6056043 ], [ 72.3410236, 24.6085344 ], [ 72.3439266, 24.6096274 ], [ 72.3453077, 24.6156268 ], [ 72.3431881, 24.6211876 ], [ 72.3476362, 24.6260501 ], [ 72.3473344, 24.628456 ], [ 72.3379513, 24.6300655 ], [ 72.3354466, 24.6333015 ], [ 72.3202231, 24.6177822 ], [ 72.3155812, 24.6197634 ], [ 72.3049851, 24.6175458 ], [ 72.2971493, 24.6247915 ], [ 72.2892026, 24.619533 ], [ 72.2829764, 24.6257542 ], [ 72.273656, 24.6283664 ], [ 72.2706814, 24.6305175 ], [ 72.2722317, 24.6370413 ], [ 72.2708436, 24.637573 ], [ 72.2678909, 24.6367991 ], [ 72.2631156, 24.6309274 ], [ 72.2546866, 24.6248813 ], [ 72.2485679, 24.6269001 ], [ 72.2422889, 24.6345789 ], [ 72.2369759, 24.6353911 ], [ 72.2340023, 24.6404264 ], [ 72.2303676, 24.6406095 ], [ 72.2268748, 24.639163 ], [ 72.216692, 24.6269005 ], [ 72.2103317, 24.6268457 ], [ 72.202211, 24.6231126 ], [ 72.1947495, 24.6230215 ], [ 72.1977876, 24.6167005 ], [ 72.1965718, 24.6147194 ], [ 72.192032, 24.6200481 ], [ 72.1871382, 24.619504 ], [ 72.1839933, 24.6205977 ], [ 72.1838893, 24.6197311 ], [ 72.1732973, 24.621465 ], [ 72.1703409, 24.6231755 ], [ 72.1648097, 24.6212767 ], [ 72.1603301, 24.6352622 ], [ 72.1502573, 24.6436695 ], [ 72.1281855, 24.6416991 ], [ 72.1245705, 24.6386026 ], [ 72.1169944, 24.6433647 ], [ 72.1149591, 24.6484292 ], [ 72.1087658, 24.6466458 ], [ 72.1076197, 24.6489975 ], [ 72.102478, 24.6504593 ], [ 72.0980562, 24.6561191 ], [ 72.0944649, 24.6582131 ], [ 72.0898168, 24.6586951 ], [ 72.0900228, 24.6641435 ], [ 72.0872104, 24.67002 ], [ 72.0861412, 24.6775897 ], [ 72.0863532, 24.6788763 ], [ 72.0927549, 24.6819472 ], [ 72.0911617, 24.6909703 ], [ 72.0851986, 24.7064111 ], [ 72.0613293, 24.7121088 ], [ 72.0485316, 24.7105591 ], [ 72.0425762, 24.7043719 ], [ 72.0349434, 24.7024492 ], [ 72.0284645, 24.6973308 ], [ 72.0178288, 24.6947778 ], [ 72.0125014, 24.6905806 ], [ 72.0059254, 24.6904311 ], [ 72.0014263, 24.6884052 ], [ 72.0010989, 24.6948825 ], [ 71.9951571, 24.6931694 ], [ 71.9938349, 24.6950618 ], [ 71.9838462, 24.6859468 ], [ 71.982753, 24.6730015 ], [ 71.9882478, 24.6575303 ], [ 71.9813915, 24.657971 ], [ 71.9774392, 24.6569175 ], [ 71.9642529, 24.6458306 ], [ 71.9552785, 24.6452445 ], [ 71.9461836, 24.6410873 ], [ 71.9428717, 24.6357578 ], [ 71.9398731, 24.6338046 ], [ 71.9386448, 24.6365045 ], [ 71.9360119, 24.6353952 ], [ 71.925503, 24.6360402 ], [ 71.9154428, 24.649513 ], [ 71.9116425, 24.658569 ], [ 71.9170073, 24.6602874 ], [ 71.9203181, 24.6641639 ], [ 71.9201725, 24.6709169 ], [ 71.9186119, 24.6721136 ], [ 71.9074984, 24.6775604 ], [ 71.8995249, 24.6767404 ], [ 71.8882312, 24.6721421 ], [ 71.886453, 24.6735327 ], [ 71.8850305, 24.6775458 ], [ 71.8799768, 24.6789137 ], [ 71.8765534, 24.6816402 ], [ 71.8717513, 24.6817667 ], [ 71.8663321, 24.6757449 ], [ 71.8613529, 24.6723004 ], [ 71.8577673, 24.6661656 ], [ 71.8574924, 24.6522038 ], [ 71.8653916, 24.6307132 ], [ 71.8556248, 24.6220726 ], [ 71.8521673, 24.6093626 ], [ 71.8378341, 24.621302 ], [ 71.8308412, 24.6233856 ], [ 71.8212727, 24.6201687 ], [ 71.8160433, 24.6203157 ], [ 71.8085783, 24.6240366 ], [ 71.8058996, 24.6267509 ], [ 71.8025313, 24.6311254 ], [ 71.8101355, 24.6524801 ], [ 71.8103856, 24.6560643 ], [ 71.8029635, 24.6716477 ], [ 71.7915288, 24.6773386 ], [ 71.7802719, 24.6749125 ], [ 71.7726931, 24.6758691 ], [ 71.7624291, 24.668626 ], [ 71.7477446, 24.6650739 ], [ 71.7355588, 24.6600458 ], [ 71.7063575, 24.6612971 ], [ 71.6971016, 24.6544451 ], [ 71.6904286, 24.6542044 ], [ 71.6835358, 24.6488854 ], [ 71.6774499, 24.6463057 ], [ 71.6644792, 24.6434388 ], [ 71.6627065, 24.6444189 ], [ 71.655366, 24.6391889 ], [ 71.647238, 24.6445756 ], [ 71.643919, 24.643926 ], [ 71.6399442, 24.6512843 ], [ 71.6387548, 24.659536 ], [ 71.6288809, 24.6599249 ], [ 71.6275868, 24.661067 ], [ 71.6273695, 24.6642673 ], [ 71.6247416, 24.6638566 ], [ 71.6268608, 24.6671157 ], [ 71.6241538, 24.6697249 ], [ 71.6192634, 24.6674046 ], [ 71.616823, 24.6708667 ], [ 71.6110975, 24.6729924 ], [ 71.6075995, 24.6765536 ], [ 71.5893143, 24.6674054 ], [ 71.5845311, 24.6700538 ], [ 71.5777001, 24.6814044 ], [ 71.572996, 24.6834162 ], [ 71.5570268, 24.6777449 ], [ 71.5418321, 24.6757558 ], [ 71.528902, 24.6847039 ], [ 71.5213444, 24.6831732 ], [ 71.5137547, 24.6789157 ], [ 71.5026351, 24.6821405 ], [ 71.4999998, 24.6804348 ], [ 71.4913625, 24.6792633 ], [ 71.4791703, 24.679647 ], [ 71.4723151, 24.6756569 ], [ 71.4619937, 24.666518 ], [ 71.4504856, 24.6689167 ], [ 71.4477239, 24.6683855 ], [ 71.4290069, 24.656919 ], [ 71.4225772, 24.64783 ], [ 71.3983846, 24.6407806 ], [ 71.3962303, 24.6350301 ], [ 71.3911628, 24.6312887 ], [ 71.3879628, 24.6311987 ], [ 71.382995, 24.6336592 ], [ 71.3816863, 24.6326301 ], [ 71.3812861, 24.62887 ], [ 71.3778045, 24.6259676 ], [ 71.3732663, 24.6277011 ], [ 71.3693356, 24.6264191 ], [ 71.3671281, 24.6292989 ], [ 71.358639, 24.6307517 ], [ 71.3481685, 24.6609354 ], [ 71.3135045, 24.6476499 ], [ 71.3043741, 24.6352776 ], [ 71.3045457, 24.6286602 ], [ 71.298004, 24.6261202 ], [ 71.2986966, 24.6240712 ], [ 71.2911456, 24.6176212 ], [ 71.2878234, 24.616229 ], [ 71.1133974, 24.6752571 ], [ 71.0962097, 24.6886768 ], [ 71.0652991, 24.7174609 ], [ 71.0338426, 24.7880421 ], [ 71.0264801, 24.8088494 ], [ 71.018011, 24.8192354 ], [ 70.9921242, 24.8634437 ], [ 70.9569957, 24.9104173 ], [ 70.9439598, 24.9254595 ], [ 70.9376278, 24.9385584 ], [ 70.9197787, 24.9956867 ], [ 70.9112195, 25.0308439 ], [ 70.9023655, 25.0725117 ], [ 70.8886706, 25.1481735 ], [ 70.8421925, 25.1906078 ], [ 70.751581, 25.2778155 ], [ 70.7367953, 25.3325573 ], [ 70.6871776, 25.375173 ], [ 70.6648139, 25.3968827 ], [ 70.6720107, 25.4202478 ], [ 70.6727993, 25.4571398 ], [ 70.6713793, 25.4609319 ], [ 70.6784083, 25.5247011 ], [ 70.6783607, 25.5256774 ], [ 70.6671361, 25.5313386 ], [ 70.6694113, 25.5935398 ], [ 70.6713472, 25.6109921 ], [ 70.6702104, 25.6326344 ], [ 70.6735508, 25.6446629 ], [ 70.6739337, 25.6758419 ], [ 70.6600743, 25.7021526 ], [ 70.6472602, 25.7126067 ], [ 70.6088518, 25.7149732 ], [ 70.5939459, 25.7106237 ], [ 70.5301549, 25.6834804 ], [ 70.5022217, 25.6847713 ], [ 70.4486003, 25.6819568 ], [ 70.3870022, 25.6738315 ], [ 70.3585585, 25.6801113 ], [ 70.268652, 25.7136002 ], [ 70.2627266, 25.7202132 ], [ 70.2516882, 25.7552389 ], [ 70.2472414, 25.7616053 ], [ 70.222408, 25.7931082 ], [ 70.1971097, 25.8154804 ], [ 70.1744548, 25.8283658 ], [ 70.0997632, 25.938263 ], [ 70.0833872, 26.083289 ], [ 70.1412491, 26.1557943 ], [ 70.1682653, 26.2180901 ], [ 70.1750473, 26.2515285 ], [ 70.1635094, 26.2949309 ], [ 70.1790736, 26.3427071 ], [ 70.1853627, 26.3743345 ], [ 70.1769011, 26.4240094 ], [ 70.1846205, 26.4816445 ], [ 70.1835067, 26.4937715 ], [ 70.1817935, 26.5015573 ], [ 70.1794791, 26.5057355 ], [ 70.1783876, 26.5221483 ], [ 70.1741764, 26.5514434 ], [ 70.1550167, 26.5637826 ], [ 70.1384483, 26.5716226 ], [ 70.1286116, 26.5796715 ], [ 70.1171964, 26.5868806 ], [ 70.0562333, 26.6005685 ], [ 70.0113733, 26.5927341 ], [ 69.934615, 26.5815315 ], [ 69.8869396, 26.5788814 ], [ 69.823119, 26.589029 ], [ 69.791727, 26.5984543 ], [ 69.7301065, 26.6484453 ], [ 69.7197056, 26.6546953 ], [ 69.5103097, 26.7435038 ], [ 69.4861741, 26.7980179 ], [ 69.4844257, 26.8048353 ], [ 69.4884834, 26.8302442 ], [ 69.4978701, 26.8683488 ], [ 69.5137102, 27.0021296 ], [ 69.5133129, 27.0099835 ], [ 69.586841, 27.1833228 ], [ 69.6005289, 27.1941468 ], [ 69.627942, 27.2110561 ], [ 69.6426666, 27.2233619 ], [ 69.7027113, 27.284316 ], [ 69.7135248, 27.2924422 ], [ 69.7601367, 27.3210348 ], [ 69.7832841, 27.3426454 ], [ 69.8624847, 27.4018075 ], [ 69.8909255, 27.4335019 ], [ 69.9338909, 27.4978308 ], [ 69.9662927, 27.5235085 ], [ 70.0258997, 27.5629199 ], [ 70.0722446, 27.6631392 ], [ 70.1236067, 27.7887635 ], [ 70.1323962, 27.8059556 ], [ 70.1453747, 27.8204988 ], [ 70.1976504, 27.867222 ], [ 70.2064925, 27.8792087 ], [ 70.2270116, 27.9013706 ], [ 70.2961849, 27.9360155 ], [ 70.3111016, 27.9496291 ], [ 70.3721923, 28.0118321 ], [ 70.4394709, 28.0202392 ], [ 70.4887448, 28.0345823 ], [ 70.5058206, 28.037038 ], [ 70.5217943, 28.0325885 ], [ 70.5543151, 28.0263201 ], [ 70.58946, 28.0104397 ], [ 70.5985403, 27.99315 ], [ 70.6773992, 27.9218462 ], [ 70.6784858, 27.8724271 ], [ 70.6843719, 27.8281858 ], [ 70.6981826, 27.8111835 ], [ 70.7324086, 27.7603332 ], [ 70.7397679, 27.7419218 ], [ 70.7506744, 27.7336082 ], [ 70.7593161, 27.7212658 ], [ 70.8718394, 27.7055979 ], [ 70.9061185, 27.7095927 ], [ 70.9512024, 27.7288494 ], [ 70.9631993, 27.7293775 ], [ 70.9826859, 27.7422335 ], [ 71.0619851, 27.7740851 ], [ 71.1503899, 27.8137131 ], [ 71.2055354, 27.8354175 ], [ 71.3830632, 27.8726301 ], [ 71.4472646, 27.8741825 ], [ 71.4812272, 27.8734077 ], [ 71.5317234, 27.8760129 ], [ 71.6664499, 27.8777834 ], [ 71.8829043, 27.957626 ], [ 71.8983443, 27.9612104 ], [ 71.9273613, 28.1217401 ], [ 72.0042903, 28.2186566 ], [ 72.1322435, 28.3130984 ], [ 72.2061307, 28.3942688 ], [ 72.2341805, 28.4787282 ], [ 72.2807229, 28.6089084 ], [ 72.2992376, 28.6697541 ], [ 72.3546019, 28.7335313 ], [ 72.3907026, 28.7703573 ], [ 72.4037701, 28.782996 ], [ 72.4793951, 28.8120845 ], [ 72.7330853, 28.9480879 ], [ 72.9458405, 29.0279476 ], [ 73.0043576, 29.1529541 ], [ 73.0844285, 29.2362656 ], [ 73.1801387, 29.3972594 ], [ 73.1888069, 29.413721 ], [ 73.2820972, 29.5720319 ], [ 73.283891, 29.5810491 ], [ 73.2924972, 29.6045069 ], [ 73.3370188, 29.7451846 ], [ 73.3969252, 29.9459977 ], [ 73.5970019, 30.0189773 ], [ 73.8065604, 30.068029 ], [ 73.8199299, 30.0852909 ], [ 73.8278157, 30.0923339 ], [ 73.9097903, 30.1504812 ], [ 73.9725607, 30.1981481 ], [ 73.9743318, 30.1891124 ], [ 73.9738314, 30.1819368 ], [ 73.9721479, 30.1752447 ], [ 73.9683313, 30.1686668 ], [ 73.9681426, 30.144843 ], [ 73.9708223, 30.1254102 ], [ 73.9756484, 30.1209909 ], [ 73.9676255, 30.1192874 ], [ 73.9521734, 30.1043363 ], [ 73.9495216, 30.0961424 ], [ 73.9298938, 30.0687466 ], [ 73.9040532, 30.0501223 ], [ 73.8936161, 30.0218931 ], [ 73.886536, 30.0124181 ], [ 73.8862168, 29.9960299 ], [ 73.8953942, 29.9822106 ], [ 73.8961065, 29.9782597 ], [ 73.8951214, 29.9740779 ], [ 74.1365827, 29.9654003 ], [ 74.261241, 29.9573015 ], [ 74.5271591, 29.9429394 ], [ 74.5186018, 29.9295771 ], [ 74.5155252, 29.9159167 ], [ 74.5097916, 29.9084242 ], [ 74.521866, 29.9025434 ], [ 74.5438277, 29.9016836 ], [ 74.5511619, 29.8827118 ], [ 74.5587967, 29.874484 ], [ 74.5610562, 29.8697761 ], [ 74.5513804, 29.8527571 ], [ 74.5441894, 29.8443947 ], [ 74.5335565, 29.8388218 ], [ 74.5079684, 29.8332852 ], [ 74.4835201, 29.8135992 ], [ 74.4797616, 29.8059865 ], [ 74.4738174, 29.7878307 ], [ 74.4736211, 29.7672148 ], [ 74.4778668, 29.7468073 ], [ 74.5067091, 29.7423133 ], [ 74.5346961, 29.7405871 ], [ 74.5414498, 29.75 ], [ 74.5485974, 29.7554926 ], [ 74.5773144, 29.7541437 ], [ 74.574817, 29.7487903 ], [ 74.5781143, 29.7479886 ], [ 74.5792994, 29.7490257 ], [ 74.5787885, 29.7522272 ], [ 74.5813989, 29.7525122 ], [ 74.5874882, 29.7669076 ], [ 74.6000878, 29.7664865 ], [ 74.6033364, 29.7579122 ], [ 74.6159403, 29.7522663 ], [ 74.6095367, 29.7432252 ], [ 74.6081484, 29.7319038 ], [ 74.6098215, 29.7217603 ], [ 74.6047488, 29.7049048 ], [ 74.6001768, 29.699052 ], [ 74.6012086, 29.6903867 ], [ 74.5931547, 29.6767616 ], [ 74.5854795, 29.6544688 ], [ 74.5865419, 29.6473378 ], [ 74.5913777, 29.6395372 ], [ 74.5892963, 29.6318054 ], [ 74.5815627, 29.6271559 ], [ 74.5827562, 29.623288 ], [ 74.5803182, 29.6171162 ], [ 74.5776215, 29.6000052 ], [ 74.5769801, 29.5718044 ], [ 74.5749724, 29.5643207 ], [ 74.5759242, 29.5601136 ], [ 74.5821454, 29.5559592 ], [ 74.5899147, 29.5479059 ], [ 74.5951904, 29.5449844 ], [ 74.6023008, 29.5439229 ], [ 74.6074444, 29.5403281 ], [ 74.6077029, 29.5388713 ], [ 74.6118481, 29.5384954 ], [ 74.6142804, 29.5353347 ], [ 74.6148328, 29.5311622 ], [ 74.6183613, 29.5314205 ], [ 74.6190329, 29.5325777 ], [ 74.6230893, 29.531055 ], [ 74.6218939, 29.5222475 ], [ 74.6097734, 29.5116847 ], [ 74.6045958, 29.5031812 ], [ 74.6010138, 29.501036 ], [ 74.5997313, 29.493979 ], [ 74.5963782, 29.4914644 ], [ 74.5953918, 29.4891645 ], [ 74.5958805, 29.4804025 ], [ 74.5863913, 29.4650485 ], [ 74.5846647, 29.4584908 ], [ 74.5732261, 29.4651017 ], [ 74.5437688, 29.4679688 ], [ 74.5389613, 29.4637194 ], [ 74.5367783, 29.4595557 ], [ 74.5346564, 29.4477163 ], [ 74.5364402, 29.4432054 ], [ 74.5345843, 29.4352567 ], [ 74.5366228, 29.4245464 ], [ 74.5492611, 29.4247341 ], [ 74.566413, 29.4204815 ], [ 74.5695751, 29.4125631 ], [ 74.5736619, 29.4064796 ], [ 74.5739211, 29.3999416 ], [ 74.57789, 29.3885011 ], [ 74.5852526, 29.3785197 ], [ 74.5897272, 29.3766382 ], [ 74.5952179, 29.3705042 ], [ 74.6029108, 29.364909 ], [ 74.6073436, 29.3562307 ], [ 74.6028288, 29.3435502 ], [ 74.5992864, 29.3274564 ], [ 74.6343844, 29.3296149 ], [ 74.6545091, 29.3329402 ], [ 74.6520932, 29.3512917 ], [ 74.6582259, 29.3719667 ], [ 74.6793265, 29.3692979 ], [ 74.6909747, 29.3659228 ], [ 74.708081, 29.3667646 ], [ 74.7195193, 29.3700067 ], [ 74.7298585, 29.3604882 ], [ 74.7392142, 29.3541439 ], [ 74.762203, 29.3543764 ], [ 74.7700219, 29.3569082 ], [ 74.7818934, 29.3579074 ], [ 74.7875525, 29.3614274 ], [ 74.8203768, 29.3972073 ], [ 74.8448151, 29.3996839 ], [ 74.8496565, 29.4015261 ], [ 74.850576, 29.4035783 ], [ 74.8668227, 29.3976996 ], [ 74.8714024, 29.3948746 ], [ 74.874318, 29.3915741 ], [ 74.8759235, 29.384969 ], [ 74.8776616, 29.3835445 ], [ 74.9003113, 29.3847638 ], [ 74.9167953, 29.3712956 ], [ 74.9382847, 29.3620336 ], [ 74.938147, 29.3512932 ], [ 74.9398946, 29.3400166 ], [ 74.9545302, 29.3327163 ], [ 74.9580701, 29.3281821 ], [ 74.9608953, 29.320254 ], [ 74.9608446, 29.3180473 ], [ 74.9553387, 29.3090967 ], [ 74.9484122, 29.3014721 ], [ 74.9558069, 29.2861539 ], [ 74.9611677, 29.2805822 ], [ 74.9709998, 29.2790775 ], [ 74.9832605, 29.2805733 ], [ 74.9992281, 29.2703065 ], [ 75.019878, 29.2862047 ], [ 75.0348198, 29.2875959 ], [ 75.0500008, 29.286076 ], [ 75.0604115, 29.2760083 ], [ 75.0612421, 29.2639734 ], [ 75.0705802, 29.2528488 ], [ 75.0732092, 29.2478319 ], [ 75.0741939, 29.2432689 ], [ 75.0728728, 29.2378317 ], [ 75.0741137, 29.2319463 ], [ 75.0758078, 29.2296546 ], [ 75.1196107, 29.2228652 ], [ 75.1243899, 29.2398696 ], [ 75.1378385, 29.2387328 ], [ 75.1522024, 29.2409465 ], [ 75.1628326, 29.2440162 ], [ 75.1743851, 29.2512488 ], [ 75.1686426, 29.2587481 ], [ 75.1762327, 29.2631887 ], [ 75.1813826, 29.2636603 ], [ 75.1836686, 29.2668891 ], [ 75.1880064, 29.2681908 ], [ 75.1957253, 29.263315 ], [ 75.1985063, 29.2532585 ], [ 75.210142, 29.23465 ], [ 75.2180344, 29.2318659 ], [ 75.224631, 29.232207 ], [ 75.2383945, 29.2302381 ], [ 75.2420722, 29.2364141 ], [ 75.2422975, 29.2446811 ], [ 75.2446868, 29.2500007 ], [ 75.2557047, 29.2518141 ], [ 75.2717079, 29.2515207 ], [ 75.277678, 29.2498332 ], [ 75.2837681, 29.2497884 ], [ 75.2830887, 29.2545964 ], [ 75.2841124, 29.2545971 ], [ 75.2840472, 29.2584585 ], [ 75.2852712, 29.2588382 ], [ 75.2849743, 29.269087 ], [ 75.2874145, 29.2733245 ], [ 75.2974227, 29.271824 ], [ 75.3057917, 29.2746027 ], [ 75.3161755, 29.2817757 ], [ 75.3220477, 29.2894919 ], [ 75.3350368, 29.2868845 ], [ 75.3406115, 29.2811345 ], [ 75.3403207, 29.2734702 ], [ 75.3386537, 29.2734517 ], [ 75.340035, 29.2663382 ], [ 75.3399124, 29.2634556 ], [ 75.3384565, 29.2634688 ], [ 75.3396256, 29.2597701 ], [ 75.3384273, 29.2588631 ], [ 75.3396009, 29.2568605 ], [ 75.3387384, 29.2519748 ], [ 75.3356549, 29.2479579 ], [ 75.3358486, 29.244266 ], [ 75.3343149, 29.2441525 ], [ 75.3338884, 29.241157 ], [ 75.3281223, 29.2353137 ], [ 75.3296264, 29.2326475 ], [ 75.3426887, 29.2292932 ], [ 75.3498418, 29.2237736 ], [ 75.3558943, 29.2230085 ], [ 75.3599782, 29.227199 ], [ 75.3612927, 29.2294067 ], [ 75.3608495, 29.2394398 ], [ 75.362354, 29.2444269 ], [ 75.3752964, 29.2553537 ], [ 75.3772872, 29.2547087 ], [ 75.378023, 29.2568334 ], [ 75.3851838, 29.2580193 ], [ 75.3886051, 29.2612399 ], [ 75.3926641, 29.2613521 ], [ 75.4054735, 29.2605423 ], [ 75.4060743, 29.25701 ], [ 75.407191, 29.2582954 ], [ 75.4106984, 29.2554751 ], [ 75.4119917, 29.2427489 ], [ 75.4086849, 29.241888 ], [ 75.4077611, 29.2359972 ], [ 75.4087813, 29.2350644 ], [ 75.4052635, 29.2315146 ], [ 75.4049828, 29.2281805 ], [ 75.4020821, 29.2271017 ], [ 75.4018204, 29.2246249 ], [ 75.4031529, 29.2246435 ], [ 75.4022954, 29.2224348 ], [ 75.3980142, 29.2234946 ], [ 75.3968234, 29.2175367 ], [ 75.3983303, 29.2174465 ], [ 75.3996388, 29.2152675 ], [ 75.4015317, 29.2152573 ], [ 75.4029282, 29.2132449 ], [ 75.4085766, 29.2133135 ], [ 75.4073691, 29.2110653 ], [ 75.4110223, 29.2074575 ], [ 75.4103996, 29.2047878 ], [ 75.412276, 29.196817 ], [ 75.4113232, 29.1939182 ], [ 75.4117853, 29.1911414 ], [ 75.414072, 29.1893879 ], [ 75.4129442, 29.1877216 ], [ 75.4143807, 29.1843145 ], [ 75.4126985, 29.1815895 ], [ 75.4094481, 29.1802095 ], [ 75.4058814, 29.1728916 ], [ 75.4071933, 29.1717774 ], [ 75.406774, 29.169748 ], [ 75.395264, 29.1677471 ], [ 75.3812521, 29.1689521 ], [ 75.3813672, 29.1527823 ], [ 75.3810987, 29.1510727 ], [ 75.3797045, 29.1507969 ], [ 75.3787426, 29.1422342 ], [ 75.37437, 29.142779 ], [ 75.3733776, 29.14127 ], [ 75.3711683, 29.141574 ], [ 75.3715002, 29.1381027 ], [ 75.3730372, 29.1381165 ], [ 75.3750057, 29.1352092 ], [ 75.3843908, 29.1294739 ], [ 75.4021633, 29.1279009 ], [ 75.4057756, 29.119803 ], [ 75.3938666, 29.1100727 ], [ 75.3921093, 29.1019863 ], [ 75.3940183, 29.099968 ], [ 75.3937957, 29.0981996 ], [ 75.3969277, 29.0975811 ], [ 75.3957395, 29.0932072 ], [ 75.3928505, 29.0928456 ], [ 75.390988, 29.0853777 ], [ 75.39239, 29.0852247 ], [ 75.3932551, 29.0830334 ], [ 75.3926983, 29.0784455 ], [ 75.394213, 29.078238 ], [ 75.3946923, 29.0759575 ], [ 75.391257, 29.0627313 ], [ 75.3947155, 29.0618051 ], [ 75.4105991, 29.0622313 ], [ 75.4314491, 29.0563127 ], [ 75.4418192, 29.0575381 ], [ 75.4438592, 29.0522342 ], [ 75.4421741, 29.0509575 ], [ 75.4431999, 29.0480434 ], [ 75.4462171, 29.0485695 ], [ 75.4467154, 29.0455439 ], [ 75.4519268, 29.0391684 ], [ 75.4504485, 29.0353945 ], [ 75.4471287, 29.0351625 ], [ 75.4478149, 29.0309825 ], [ 75.4461519, 29.029679 ], [ 75.4449493, 29.0243816 ], [ 75.4429523, 29.0230868 ], [ 75.4429487, 29.0209228 ], [ 75.4456863, 29.0179749 ], [ 75.4457189, 29.0083206 ], [ 75.4586028, 29.0141987 ], [ 75.4626994, 29.0126085 ], [ 75.4726094, 29.0143104 ], [ 75.4848078, 29.0121301 ], [ 75.4977638, 29.0127687 ], [ 75.5051528, 29.0117886 ], [ 75.5153127, 29.0083285 ], [ 75.5219959, 29.0037454 ], [ 75.5203938, 29.0036478 ], [ 75.5207707, 29.0000016 ], [ 75.522844, 28.992587 ], [ 75.526853, 28.9853224 ], [ 75.5280303, 28.9772212 ], [ 75.5274204, 28.9710042 ], [ 75.5243593, 28.9694998 ], [ 75.5211648, 28.9628704 ], [ 75.5187331, 28.9630805 ], [ 75.5160684, 28.9605702 ], [ 75.5147499, 28.9607315 ], [ 75.512138, 28.9569174 ], [ 75.5127347, 28.9552849 ], [ 75.510028, 28.9538796 ], [ 75.5104626, 28.9504559 ], [ 75.5089241, 28.9502787 ], [ 75.5083519, 28.9483067 ], [ 75.5118701, 28.9436948 ], [ 75.5115642, 28.9420615 ], [ 75.5087381, 28.9422441 ], [ 75.5077067, 28.9381199 ], [ 75.50624, 28.9380916 ], [ 75.5056938, 28.9359122 ], [ 75.5004733, 28.9359345 ], [ 75.5008395, 28.9339273 ], [ 75.4941271, 28.9346689 ], [ 75.4933293, 28.9362694 ], [ 75.4907349, 28.934406 ], [ 75.4842156, 28.9346463 ], [ 75.4838199, 28.9333976 ], [ 75.4798691, 28.9332764 ], [ 75.4772183, 28.9346983 ], [ 75.4733962, 28.9233798 ], [ 75.4816659, 28.911346 ], [ 75.4849206, 28.9086537 ], [ 75.4839768, 28.9075333 ], [ 75.4872817, 28.9079547 ], [ 75.4875122, 28.9067895 ], [ 75.4863265, 28.9065952 ], [ 75.4875671, 28.9031654 ], [ 75.4898123, 28.9010474 ], [ 75.4929476, 28.9011375 ], [ 75.4942479, 28.8973915 ], [ 75.4965993, 28.8961616 ], [ 75.4986116, 28.8704375 ], [ 75.4969684, 28.8569723 ], [ 75.4984681, 28.8489562 ], [ 75.5, 28.8472808 ], [ 75.502019, 28.8509303 ], [ 75.505293, 28.8512715 ], [ 75.50506, 28.844351 ], [ 75.5076697, 28.8428105 ], [ 75.5078274, 28.8392151 ], [ 75.5107437, 28.8382792 ], [ 75.5153174, 28.8398349 ], [ 75.5163641, 28.8383199 ], [ 75.5155538, 28.8342276 ], [ 75.5202469, 28.8339876 ], [ 75.5190046, 28.8262724 ], [ 75.5201101, 28.8221815 ], [ 75.5191167, 28.8218198 ], [ 75.5185478, 28.8170644 ], [ 75.5193716, 28.8127387 ], [ 75.5162475, 28.8124159 ], [ 75.5118204, 28.8041386 ], [ 75.5089077, 28.8027196 ], [ 75.508685, 28.7956366 ], [ 75.5106772, 28.7956699 ], [ 75.5112735, 28.7936358 ], [ 75.5095941, 28.7933907 ], [ 75.5096828, 28.7917351 ], [ 75.5084543, 28.79131 ], [ 75.506087, 28.7923592 ], [ 75.5079604, 28.7887292 ], [ 75.5046636, 28.7876886 ], [ 75.5032613, 28.782531 ], [ 75.5071179, 28.7818802 ], [ 75.5085431, 28.7804333 ], [ 75.5106674, 28.7810983 ], [ 75.5134526, 28.7767517 ], [ 75.5140503, 28.7731837 ], [ 75.5169673, 28.7746793 ], [ 75.5179572, 28.7730785 ], [ 75.5165518, 28.7703841 ], [ 75.5220636, 28.7678982 ], [ 75.5230126, 28.7660808 ], [ 75.521469, 28.7633683 ], [ 75.5231327, 28.7636448 ], [ 75.5221164, 28.7610094 ], [ 75.5240363, 28.7609838 ], [ 75.5238864, 28.757158 ], [ 75.526091, 28.7536679 ], [ 75.5286264, 28.7521674 ], [ 75.5291415, 28.7486371 ], [ 75.5360962, 28.745168 ], [ 75.5329503, 28.7426756 ], [ 75.5323537, 28.7399775 ], [ 75.5308336, 28.7398546 ], [ 75.5304562, 28.7382528 ], [ 75.5400237, 28.7244769 ], [ 75.5399136, 28.7213414 ], [ 75.5374496, 28.7180105 ], [ 75.5399333, 28.6967183 ], [ 75.5389065, 28.6947778 ], [ 75.5450193, 28.6831015 ], [ 75.5412104, 28.6604881 ], [ 75.5450882, 28.6594347 ], [ 75.5442534, 28.6541468 ], [ 75.5497966, 28.6410352 ], [ 75.5548625, 28.6438395 ], [ 75.560728, 28.6359159 ], [ 75.5615188, 28.6132146 ], [ 75.5862736, 28.6131877 ], [ 75.5876915, 28.6079864 ], [ 75.5911022, 28.6055782 ], [ 75.6182018, 28.6034437 ], [ 75.6217087, 28.6020678 ], [ 75.6240602, 28.595639 ], [ 75.6232169, 28.5890117 ], [ 75.6257519, 28.5756893 ], [ 75.6257212, 28.5658001 ], [ 75.6317044, 28.5539031 ], [ 75.6334766, 28.5444379 ], [ 75.6394849, 28.5441622 ], [ 75.6452421, 28.5393747 ], [ 75.6537221, 28.5365445 ], [ 75.6657991, 28.5359909 ], [ 75.668587, 28.5323853 ], [ 75.6709952, 28.525342 ], [ 75.6709302, 28.5171176 ], [ 75.6773959, 28.515261 ], [ 75.6841919, 28.5109677 ], [ 75.6902175, 28.5005297 ], [ 75.6992555, 28.4954037 ], [ 75.7019799, 28.4917746 ], [ 75.706678, 28.4922783 ], [ 75.7079493, 28.4937114 ], [ 75.7185873, 28.4902256 ], [ 75.7255553, 28.4895026 ], [ 75.7290218, 28.490698 ], [ 75.7312371, 28.485997 ], [ 75.7345022, 28.484648 ], [ 75.7394731, 28.484761 ], [ 75.7384263, 28.4774599 ], [ 75.735678, 28.4759449 ], [ 75.7356696, 28.4688413 ], [ 75.7669845, 28.4613029 ], [ 75.7805468, 28.4568886 ], [ 75.7834873, 28.4553734 ], [ 75.7838604, 28.4533358 ], [ 75.7882945, 28.4535494 ], [ 75.7921291, 28.4445866 ], [ 75.7885241, 28.4335594 ], [ 75.7811047, 28.4329551 ], [ 75.7797731, 28.4275136 ], [ 75.7769607, 28.4262458 ], [ 75.7766298, 28.4247189 ], [ 75.7722574, 28.4243872 ], [ 75.7697135, 28.4227724 ], [ 75.7667165, 28.4142278 ], [ 75.7666079, 28.4133168 ], [ 75.7700282, 28.4126386 ], [ 75.7720371, 28.4073965 ], [ 75.7763166, 28.4041768 ], [ 75.7767944, 28.4003728 ], [ 75.7853818, 28.4021075 ], [ 75.7855349, 28.4041827 ], [ 75.7885716, 28.4041471 ], [ 75.7885957, 28.4011953 ], [ 75.794571, 28.3996081 ], [ 75.7969824, 28.4006004 ], [ 75.7979226, 28.4034743 ], [ 75.7994816, 28.4037675 ], [ 75.7995682, 28.4071474 ], [ 75.8069437, 28.4091303 ], [ 75.8060205, 28.4058457 ], [ 75.809823, 28.4058321 ], [ 75.812502, 28.4077343 ], [ 75.8154412, 28.4076219 ], [ 75.8153495, 28.4096353 ], [ 75.8186695, 28.4099133 ], [ 75.8198507, 28.4068643 ], [ 75.8228577, 28.4056186 ], [ 75.8221636, 28.4029781 ], [ 75.8248125, 28.4029621 ], [ 75.8283019, 28.4053509 ], [ 75.8328497, 28.4053503 ], [ 75.834521, 28.4030248 ], [ 75.8371779, 28.4020743 ], [ 75.8374472, 28.3973745 ], [ 75.8395263, 28.394374 ], [ 75.8442798, 28.3946109 ], [ 75.8450017, 28.3916819 ], [ 75.8540712, 28.3917382 ], [ 75.8547499, 28.3898204 ], [ 75.8640111, 28.3889993 ], [ 75.8639509, 28.3852199 ], [ 75.8755456, 28.3872332 ], [ 75.8792609, 28.3853815 ], [ 75.8866276, 28.3850901 ], [ 75.8903974, 28.3830842 ], [ 75.8930809, 28.3896919 ], [ 75.8960374, 28.3898846 ], [ 75.8951764, 28.3876171 ], [ 75.8965607, 28.3849817 ], [ 75.8993033, 28.38396 ], [ 75.8984368, 28.3803303 ], [ 75.9002135, 28.3780629 ], [ 75.9006383, 28.3717769 ], [ 75.9048339, 28.3732708 ], [ 75.9082153, 28.3726968 ], [ 75.9085418, 28.3709163 ], [ 75.9182428, 28.3719995 ], [ 75.9166919, 28.3673885 ], [ 75.9223793, 28.3664235 ], [ 75.9235488, 28.3633508 ], [ 75.9271333, 28.3629009 ], [ 75.9273798, 28.3598046 ], [ 75.9295494, 28.3591441 ], [ 75.9300878, 28.3490146 ], [ 75.9285372, 28.3431184 ], [ 75.9319993, 28.3429039 ], [ 75.9329727, 28.336604 ], [ 75.9384994, 28.3373417 ], [ 75.9480647, 28.3341706 ], [ 75.9550156, 28.333772 ], [ 75.9551657, 28.331129 ], [ 75.9523119, 28.3310104 ], [ 75.952246, 28.3292095 ], [ 75.9567945, 28.3267458 ], [ 75.9578387, 28.3138292 ], [ 75.9724562, 28.3185697 ], [ 75.9734171, 28.314911 ], [ 75.9780452, 28.3093276 ], [ 75.9788618, 28.305612 ], [ 75.9779339, 28.3018707 ], [ 75.981781, 28.2995263 ], [ 75.9864397, 28.2929585 ], [ 75.9934691, 28.2901735 ], [ 76.0029888, 28.2840411 ], [ 76.0263195, 28.275032 ], [ 76.0226112, 28.2703491 ], [ 76.0226447, 28.267348 ], [ 76.0186925, 28.261548 ], [ 76.0188931, 28.2594874 ], [ 76.0150818, 28.2525341 ], [ 76.014743, 28.250157 ], [ 76.0160948, 28.2501909 ], [ 76.0129614, 28.2460443 ], [ 76.0131813, 28.2440484 ], [ 76.0165339, 28.2411856 ], [ 76.0154346, 28.2392025 ], [ 76.0162698, 28.2367998 ], [ 76.0278145, 28.2326456 ], [ 76.0277726, 28.2313593 ], [ 76.0372135, 28.2257471 ], [ 76.0378297, 28.2227053 ], [ 76.0558802, 28.2200222 ], [ 76.0557315, 28.2126094 ], [ 76.0524126, 28.2040161 ], [ 76.0474378, 28.2027814 ], [ 76.0473364, 28.1981424 ], [ 76.0509404, 28.1980557 ], [ 76.0514852, 28.1962901 ], [ 76.0719162, 28.1943223 ], [ 76.0721198, 28.1901811 ], [ 76.0743733, 28.1901085 ], [ 76.0739937, 28.173591 ], [ 76.0763377, 28.1733431 ], [ 76.076178, 28.168549 ], [ 76.0801627, 28.163735 ], [ 76.08576, 28.1603472 ], [ 76.0954533, 28.150862 ], [ 76.094806, 28.1414163 ], [ 76.093212, 28.1413771 ], [ 76.0929434, 28.1400299 ], [ 76.0878797, 28.1399788 ], [ 76.0870709, 28.1380215 ], [ 76.084412, 28.1369276 ], [ 76.0746996, 28.137138 ], [ 76.0653735, 28.1415259 ], [ 76.0696634, 28.1557822 ], [ 76.0706856, 28.1651452 ], [ 76.0602519, 28.1669068 ], [ 76.0422499, 28.1654768 ], [ 76.0317854, 28.1678598 ], [ 76.0300079, 28.1640906 ], [ 76.0262594, 28.1646188 ], [ 76.0168492, 28.150087 ], [ 76.0076478, 28.1530699 ], [ 76.0049251, 28.149448 ], [ 76.0037257, 28.1461399 ], [ 76.0044308, 28.1438529 ], [ 76.0030226, 28.1431839 ], [ 76.0006074, 28.1332064 ], [ 76.0043113, 28.1319774 ], [ 75.9996925, 28.1234859 ], [ 75.9881912, 28.1250425 ], [ 75.9766727, 28.1247513 ], [ 75.9673931, 28.1138185 ], [ 75.9616954, 28.1147937 ], [ 75.9455642, 28.1071646 ], [ 75.9423599, 28.0958162 ], [ 75.9386033, 28.0879421 ], [ 75.9498635, 28.0861181 ], [ 75.9571012, 28.0823266 ], [ 75.9646282, 28.0804704 ], [ 75.9722802, 28.0832714 ], [ 75.9834335, 28.0813505 ], [ 75.9828908, 28.0766534 ], [ 75.9853918, 28.0748617 ], [ 75.9851626, 28.0726519 ], [ 75.9886859, 28.0690034 ], [ 75.9883319, 28.0663037 ], [ 75.9826463, 28.0574083 ], [ 75.9793011, 28.0579296 ], [ 75.9748389, 28.0509933 ], [ 75.9844104, 28.0470852 ], [ 75.9928739, 28.046335 ], [ 75.9947275, 28.0522039 ], [ 75.9988168, 28.0571443 ], [ 76.0052954, 28.0575574 ], [ 76.0076636, 28.0589301 ], [ 76.0098807, 28.0676272 ], [ 76.0168204, 28.0746621 ], [ 76.0232112, 28.0859333 ], [ 76.0336501, 28.0803625 ], [ 76.0353743, 28.0805157 ], [ 76.0387379, 28.0782189 ], [ 76.0372843, 28.07597 ], [ 76.0407931, 28.0740436 ], [ 76.0388245, 28.0693343 ], [ 76.0337142, 28.0633388 ], [ 76.0295923, 28.0614359 ], [ 76.0253595, 28.0542411 ], [ 76.0082767, 28.0583939 ], [ 76.0077615, 28.0557086 ], [ 76.0170698, 28.0525633 ], [ 76.0186727, 28.0420062 ], [ 76.0163922, 28.0305092 ], [ 75.9977381, 28.0330035 ], [ 75.9960063, 28.0382771 ], [ 75.994622, 28.0385177 ], [ 75.9935173, 28.0352021 ], [ 75.9896679, 28.0358213 ], [ 75.9890557, 28.0336109 ], [ 75.9834762, 28.0313852 ], [ 75.976946, 28.0313668 ], [ 75.9727343, 28.0236376 ], [ 75.9711151, 28.016075 ], [ 75.9952019, 28.0087863 ], [ 75.9955319, 28.0068844 ], [ 75.9899315, 27.9946936 ], [ 75.9868925, 27.9975926 ], [ 75.9776051, 28.0002044 ], [ 75.9687295, 28.0003279 ], [ 75.9684572, 27.9991363 ], [ 75.966718, 28.0000279 ], [ 75.965004, 27.9963207 ], [ 75.9659753, 27.9944903 ], [ 75.9657994, 27.9836118 ], [ 75.968777, 27.9809416 ], [ 75.9730282, 27.9811783 ], [ 75.9859391, 27.9786219 ], [ 75.9898864, 27.9823253 ], [ 75.9999352, 27.9775785 ], [ 75.9981655, 27.9752932 ], [ 75.9945557, 27.9754133 ], [ 75.988643, 27.9682102 ], [ 75.9819595, 27.9653315 ], [ 75.977827, 27.9543799 ], [ 75.9830231, 27.9509941 ], [ 75.9727151, 27.9326664 ], [ 75.9681576, 27.9319261 ], [ 75.9660323, 27.9349766 ], [ 75.9579149, 27.9359088 ], [ 75.9575094, 27.9385346 ], [ 75.9516789, 27.9477268 ], [ 75.9465874, 27.9458976 ], [ 75.9390747, 27.9405987 ], [ 75.9323559, 27.9301384 ], [ 75.9396288, 27.9227934 ], [ 75.9393944, 27.9210881 ], [ 75.9369659, 27.9218709 ], [ 75.934472, 27.9186288 ], [ 75.9370687, 27.9177678 ], [ 75.9382766, 27.9140789 ], [ 75.9423346, 27.9131818 ], [ 75.9490476, 27.9150345 ], [ 75.9680738, 27.9143717 ], [ 75.9748036, 27.9117868 ], [ 75.9731746, 27.9020905 ], [ 75.9874869, 27.904163 ], [ 75.9813637, 27.8991787 ], [ 75.9792544, 27.89555 ], [ 75.9753142, 27.8936589 ], [ 75.9844155, 27.8825916 ], [ 75.9776276, 27.8737851 ], [ 75.9793631, 27.8654518 ], [ 75.9724906, 27.8606018 ], [ 75.9713731, 27.8519663 ], [ 75.9870298, 27.841671 ], [ 75.99857, 27.8382057 ], [ 76.0046422, 27.8344457 ], [ 76.0064579, 27.8390752 ], [ 76.0095524, 27.8415232 ], [ 76.0272877, 27.838524 ], [ 76.0302155, 27.8400487 ], [ 76.0362517, 27.8373981 ], [ 76.0399472, 27.8388316 ], [ 76.0408721, 27.8412798 ], [ 76.0480772, 27.8349836 ], [ 76.060639, 27.8482758 ], [ 76.0742834, 27.8440767 ], [ 76.0792926, 27.8457532 ], [ 76.0856709, 27.8447077 ], [ 76.0861994, 27.8558994 ], [ 76.0878409, 27.8606613 ], [ 76.0888834, 27.8605424 ], [ 76.0980851, 27.8568623 ], [ 76.1058735, 27.8560989 ], [ 76.1144098, 27.85088 ], [ 76.1156028, 27.8520666 ], [ 76.123335, 27.8510143 ], [ 76.1277871, 27.843721 ], [ 76.1335018, 27.8393687 ], [ 76.1353954, 27.8392863 ], [ 76.1322864, 27.8244738 ], [ 76.1444878, 27.8227278 ], [ 76.1536447, 27.8197486 ], [ 76.1530753, 27.8153732 ], [ 76.1605298, 27.8139377 ], [ 76.1693658, 27.8079515 ], [ 76.1721514, 27.8051525 ], [ 76.1722044, 27.8000371 ], [ 76.1749606, 27.7980735 ], [ 76.1811751, 27.7975345 ], [ 76.1826503, 27.7986173 ], [ 76.1922645, 27.8092564 ], [ 76.1995982, 27.8215579 ], [ 76.2077863, 27.8186585 ], [ 76.2075355, 27.8170449 ], [ 76.2090919, 27.8164851 ], [ 76.2173266, 27.8168105 ], [ 76.2251789, 27.8332565 ], [ 76.208855, 27.8400133 ], [ 76.2121637, 27.8464396 ], [ 76.1938058, 27.8595117 ], [ 76.1943686, 27.8773814 ], [ 76.2002757, 27.8782395 ], [ 76.2020883, 27.8873211 ], [ 76.2014647, 27.8925416 ], [ 76.1860923, 27.8989878 ], [ 76.1682069, 27.9033801 ], [ 76.1686801, 27.9152762 ], [ 76.1739503, 27.9298235 ], [ 76.1770485, 27.9297321 ], [ 76.1824087, 27.9519312 ], [ 76.1799347, 27.9528727 ], [ 76.1806582, 27.9571331 ], [ 76.1824539, 27.9620072 ], [ 76.184001, 27.9618148 ], [ 76.1866407, 27.9654785 ], [ 76.1634542, 27.973424 ], [ 76.1659749, 27.9769106 ], [ 76.1669266, 27.9829858 ], [ 76.1575583, 27.9872134 ], [ 76.1578667, 27.9892965 ], [ 76.1613807, 28.0002 ], [ 76.1695508, 28.0074228 ], [ 76.1727138, 28.0153051 ], [ 76.1768898, 28.0215494 ], [ 76.1853885, 28.0202855 ], [ 76.1968655, 28.0154831 ], [ 76.1986961, 28.0210459 ], [ 76.2011446, 28.0230146 ], [ 76.2033449, 28.0280261 ], [ 76.2148026, 28.0265827 ], [ 76.2166989, 28.0354801 ], [ 76.2063656, 28.0363997 ], [ 76.2037221, 28.0377506 ], [ 76.2018117, 28.0293485 ], [ 76.1960364, 28.0303947 ], [ 76.1895363, 28.0344536 ], [ 76.1887755, 28.0366116 ], [ 76.1779449, 28.0455982 ], [ 76.1804048, 28.054519 ], [ 76.1887877, 28.0532144 ], [ 76.1894963, 28.0564546 ], [ 76.1991768, 28.0557132 ], [ 76.2011336, 28.058423 ], [ 76.2095892, 28.0558701 ], [ 76.2086104, 28.0522654 ], [ 76.2193422, 28.0492067 ], [ 76.2211466, 28.0502231 ], [ 76.2280974, 28.0483959 ], [ 76.2307205, 28.0511396 ], [ 76.2380426, 28.0497156 ], [ 76.2429375, 28.0643397 ], [ 76.25552, 28.0677679 ], [ 76.2609621, 28.0675288 ], [ 76.2838538, 28.0569825 ], [ 76.2831388, 28.0552669 ], [ 76.284722, 28.0549367 ], [ 76.2841825, 28.0514989 ], [ 76.293556, 28.0492018 ], [ 76.2911747, 28.0345729 ], [ 76.2924081, 28.0257859 ], [ 76.2989775, 28.0227068 ], [ 76.3132051, 28.0188962 ], [ 76.3135692, 28.0170772 ], [ 76.3189543, 28.0155308 ], [ 76.3207624, 28.0159767 ], [ 76.3229791, 28.0215288 ], [ 76.3287681, 28.0187835 ], [ 76.3423634, 28.0305757 ], [ 76.3496481, 28.0458758 ], [ 76.3566049, 28.0674851 ], [ 76.3551449, 28.0681127 ], [ 76.3556697, 28.0707324 ], [ 76.3527196, 28.0716013 ], [ 76.3515669, 28.0698853 ], [ 76.343489, 28.0702043 ], [ 76.3439407, 28.0714176 ], [ 76.3330156, 28.07684 ], [ 76.3342213, 28.0799163 ], [ 76.332529, 28.0806761 ], [ 76.3328607, 28.0820886 ], [ 76.3288785, 28.0876803 ], [ 76.323237, 28.0905319 ], [ 76.3187626, 28.0888139 ], [ 76.3014418, 28.0978693 ], [ 76.3092653, 28.1081883 ], [ 76.3186416, 28.1076804 ], [ 76.3365944, 28.1026078 ], [ 76.3464584, 28.1125645 ], [ 76.350439, 28.1141986 ], [ 76.3598612, 28.1249187 ], [ 76.3541321, 28.1278173 ], [ 76.3331459, 28.1335597 ], [ 76.3334815, 28.1362393 ], [ 76.3306304, 28.1370366 ], [ 76.3318179, 28.1392768 ], [ 76.3299032, 28.1427491 ], [ 76.3262818, 28.1461361 ], [ 76.320969, 28.1485565 ], [ 76.3152285, 28.15037 ], [ 76.3137297, 28.1471034 ], [ 76.3117261, 28.1472497 ], [ 76.3110876, 28.145551 ], [ 76.2975829, 28.1491153 ], [ 76.2978669, 28.1521151 ], [ 76.3033597, 28.1548321 ], [ 76.3045632, 28.1593222 ], [ 76.3016328, 28.1585747 ], [ 76.3014337, 28.1600482 ], [ 76.2832812, 28.1639493 ], [ 76.2807061, 28.1655326 ], [ 76.2824311, 28.1712745 ], [ 76.2893394, 28.1703066 ], [ 76.2922659, 28.1792164 ], [ 76.3052334, 28.1758825 ], [ 76.307261, 28.1787941 ], [ 76.3088604, 28.1788755 ], [ 76.3331793, 28.1698198 ], [ 76.3345275, 28.1723557 ], [ 76.3452508, 28.1693987 ], [ 76.357853, 28.1610586 ], [ 76.3541836, 28.1547958 ], [ 76.3581817, 28.1549162 ], [ 76.3565678, 28.1437333 ], [ 76.3663209, 28.1368087 ], [ 76.3817272, 28.1332354 ], [ 76.3847304, 28.1367138 ], [ 76.3904051, 28.1341461 ], [ 76.3936223, 28.1374889 ], [ 76.3956785, 28.1371456 ], [ 76.4008312, 28.1450177 ], [ 76.4326219, 28.1409158 ], [ 76.4374008, 28.1487145 ], [ 76.449886, 28.1470252 ], [ 76.4599498, 28.147466 ], [ 76.4630096, 28.1481092 ], [ 76.4663364, 28.1515134 ], [ 76.4725865, 28.1504578 ], [ 76.4757356, 28.1485832 ], [ 76.475568, 28.1434489 ], [ 76.4713082, 28.1384981 ], [ 76.4720482, 28.1350777 ], [ 76.4767481, 28.1320468 ], [ 76.4763754, 28.1308425 ], [ 76.4818696, 28.1283658 ], [ 76.483409, 28.1308145 ], [ 76.4919277, 28.1298509 ], [ 76.4870768, 28.1194057 ], [ 76.4962794, 28.1200677 ], [ 76.5026762, 28.1187112 ], [ 76.5005233, 28.1145674 ], [ 76.4990472, 28.1001984 ], [ 76.4800153, 28.100516 ], [ 76.4782557, 28.1014559 ], [ 76.4787208, 28.1036888 ], [ 76.476667, 28.1055267 ], [ 76.4772545, 28.1079716 ], [ 76.4636949, 28.1091587 ], [ 76.4570515, 28.1052872 ], [ 76.4520397, 28.0912179 ], [ 76.4478409, 28.0889598 ], [ 76.4568516, 28.0833646 ], [ 76.4676478, 28.0787872 ], [ 76.4718001, 28.0802416 ], [ 76.4789093, 28.0776692 ], [ 76.5012437, 28.0596873 ], [ 76.4968646, 28.0538095 ], [ 76.4894331, 28.0527827 ], [ 76.4762523, 28.0544083 ], [ 76.4760617, 28.0572058 ], [ 76.4723807, 28.0585485 ], [ 76.4684835, 28.0571526 ], [ 76.4625396, 28.0591056 ], [ 76.4586798, 28.0532607 ], [ 76.4546743, 28.0423265 ], [ 76.4615481, 28.0405265 ], [ 76.462653, 28.0422494 ], [ 76.4642132, 28.0410934 ], [ 76.4648195, 28.042433 ], [ 76.470117, 28.0408999 ], [ 76.4811822, 28.0405939 ], [ 76.4822716, 28.0418744 ], [ 76.4974171, 28.04331 ], [ 76.5012058, 28.036647 ], [ 76.5025718, 28.0314449 ], [ 76.5100712, 28.0296614 ], [ 76.5204109, 28.0322323 ], [ 76.5303702, 28.0402435 ], [ 76.5438199, 28.0342061 ], [ 76.5409603, 28.030049 ], [ 76.5392725, 28.023199 ], [ 76.5428051, 28.017769 ], [ 76.5454616, 28.0072895 ], [ 76.5440534, 28.007415 ], [ 76.5407175, 28.0021702 ], [ 76.5363937, 28.0000007 ], [ 76.5427478, 27.9994843 ], [ 76.5410918, 27.9847791 ], [ 76.5359525, 27.9795151 ], [ 76.5380863, 27.9676954 ], [ 76.5447159, 27.9636748 ], [ 76.5481357, 27.9638437 ], [ 76.561687, 27.966129 ], [ 76.5644194, 27.9781047 ], [ 76.5803926, 27.9789049 ], [ 76.5837422, 27.9916654 ], [ 76.5879858, 27.9932953 ], [ 76.5898853, 27.9978574 ], [ 76.595177, 27.9976871 ], [ 76.6018559, 27.9995202 ], [ 76.6061861, 28.0038458 ], [ 76.6406772, 28.002321 ], [ 76.6577437, 28.0074344 ], [ 76.6681576, 28.0138292 ], [ 76.6653913, 28.025588 ], [ 76.6630235, 28.0298523 ], [ 76.6595059, 28.0328988 ], [ 76.654391, 28.0346821 ], [ 76.6586497, 28.0429198 ], [ 76.6585696, 28.0469218 ], [ 76.6555862, 28.0531172 ], [ 76.6519202, 28.0563304 ], [ 76.6516468, 28.0616228 ], [ 76.6555775, 28.0757395 ], [ 76.6571585, 28.0891707 ], [ 76.663371, 28.0912039 ], [ 76.6873569, 28.0876532 ], [ 76.6880045, 28.0902336 ], [ 76.6849985, 28.0915795 ], [ 76.6981894, 28.1119799 ], [ 76.7030203, 28.1075962 ], [ 76.7120565, 28.1254529 ], [ 76.7157582, 28.1277379 ], [ 76.7433198, 28.1212288 ], [ 76.7531262, 28.1351146 ], [ 76.7624478, 28.1426391 ], [ 76.7714803, 28.1450104 ], [ 76.7763676, 28.1441071 ], [ 76.7820609, 28.1470662 ], [ 76.7838086, 28.1509115 ], [ 76.7900804, 28.1504507 ], [ 76.7948108, 28.1483826 ], [ 76.8006297, 28.1623408 ], [ 76.8002871, 28.1644611 ], [ 76.7960648, 28.1669267 ], [ 76.7974333, 28.1684388 ], [ 76.7950193, 28.1693895 ], [ 76.7957292, 28.180421 ], [ 76.7924879, 28.1841909 ], [ 76.7975235, 28.1918142 ], [ 76.8003645, 28.192488 ], [ 76.8012335, 28.1877377 ], [ 76.8062246, 28.1865356 ], [ 76.8091572, 28.1870378 ], [ 76.812251, 28.1909103 ], [ 76.8123768, 28.1935858 ], [ 76.8047765, 28.1972954 ], [ 76.8056211, 28.1985319 ], [ 76.8048024, 28.2045412 ], [ 76.8083992, 28.2108638 ], [ 76.8127907, 28.2090026 ], [ 76.8312124, 28.2091675 ], [ 76.8381763, 28.2199526 ], [ 76.8412475, 28.2207383 ], [ 76.8460563, 28.2195348 ], [ 76.8469302, 28.2214644 ], [ 76.8549752, 28.2201274 ], [ 76.8576084, 28.2211969 ], [ 76.8625037, 28.2193928 ], [ 76.8675259, 28.2198398 ], [ 76.8749016, 28.2177691 ], [ 76.8727369, 28.215053 ], [ 76.8730578, 28.2110196 ], [ 76.8709952, 28.206589 ], [ 76.874708, 28.2054927 ], [ 76.8789199, 28.2068191 ], [ 76.8888712, 28.2032045 ], [ 76.8908781, 28.2049639 ], [ 76.9067667, 28.2003095 ], [ 76.9061751, 28.1973048 ], [ 76.9020454, 28.198975 ], [ 76.8986422, 28.1933495 ], [ 76.8922614, 28.1932332 ], [ 76.8916243, 28.1902916 ], [ 76.8925195, 28.1835871 ], [ 76.9024533, 28.1811085 ], [ 76.9015004, 28.1786588 ], [ 76.907009, 28.1729598 ], [ 76.9065392, 28.1718856 ], [ 76.9197339, 28.1669009 ], [ 76.9275754, 28.1586596 ], [ 76.92703, 28.1574371 ], [ 76.931986, 28.1530452 ], [ 76.9509459, 28.1498822 ], [ 76.9481613, 28.1422138 ], [ 76.9579238, 28.1422217 ], [ 76.9705488, 28.138428 ], [ 76.9669122, 28.1297228 ], [ 76.9619453, 28.111273 ], [ 76.9614218, 28.0995788 ], [ 76.9579527, 28.0875119 ], [ 76.9579093, 28.0774506 ], [ 76.9545741, 28.0731257 ], [ 76.953844, 28.0625956 ], [ 76.9483935, 28.0579515 ], [ 76.9396009, 28.0429812 ], [ 76.936456, 28.0126587 ], [ 76.9309912, 27.993853 ], [ 76.9328523, 27.9890189 ], [ 76.9335108, 27.9816068 ], [ 76.9379388, 27.9828205 ], [ 76.9336576, 27.9712881 ], [ 76.9332967, 27.9617005 ], [ 76.9307374, 27.9532974 ], [ 76.9302603, 27.9400155 ], [ 76.9315381, 27.9223485 ], [ 76.9516199, 27.9180253 ], [ 76.9496023, 27.9092688 ], [ 76.9505731, 27.8956423 ], [ 76.9416309, 27.8970818 ], [ 76.937659, 27.8962218 ], [ 76.9374415, 27.8783847 ], [ 76.9412857, 27.8641809 ], [ 76.9414834, 27.8554999 ], [ 76.943, 27.8535725 ], [ 76.942318, 27.8426178 ], [ 76.935577, 27.8288657 ], [ 76.9150218, 27.8345387 ], [ 76.9135844, 27.831701 ], [ 76.9099854, 27.8149039 ], [ 76.9140427, 27.8081078 ], [ 76.9186144, 27.8074386 ], [ 76.9190038, 27.8041403 ], [ 76.9136343, 27.8010061 ], [ 76.9115218, 27.7960885 ], [ 76.9133406, 27.7885892 ], [ 76.9090378, 27.7869073 ], [ 76.9061715, 27.7877834 ], [ 76.9076057, 27.7823505 ], [ 76.9063973, 27.7788856 ], [ 76.9022772, 27.7753356 ], [ 76.9021543, 27.7713605 ], [ 76.9036499, 27.7693312 ], [ 76.9016005, 27.7675299 ], [ 76.900844, 27.7646559 ], [ 76.9005454, 27.7473741 ], [ 76.9016934, 27.743974 ], [ 76.8998581, 27.7367072 ], [ 76.8969767, 27.7381231 ], [ 76.8926817, 27.7334574 ], [ 76.8924051, 27.7256682 ], [ 76.894365, 27.7243464 ], [ 76.894516, 27.7178329 ], [ 76.8987771, 27.7164704 ], [ 76.9047803, 27.7173355 ], [ 76.9123678, 27.7142481 ], [ 76.9190435, 27.7097967 ], [ 76.9199619, 27.7080964 ], [ 76.9191464, 27.7064065 ], [ 76.920527, 27.7056248 ], [ 76.921025, 27.7030864 ], [ 76.9247262, 27.6999214 ], [ 76.920612, 27.6957144 ], [ 76.9164161, 27.698128 ], [ 76.9142121, 27.6958797 ], [ 76.9099964, 27.6954235 ], [ 76.9088747, 27.69418 ], [ 76.8944954, 27.7013808 ], [ 76.889876, 27.7007491 ], [ 76.8893425, 27.6971509 ], [ 76.8903265, 27.695707 ], [ 76.9062283, 27.6862927 ], [ 76.8985897, 27.6775352 ], [ 76.9108931, 27.6680208 ], [ 76.9067084, 27.6616933 ], [ 76.9116353, 27.6582501 ], [ 76.9108282, 27.6546739 ], [ 76.9155701, 27.652271 ], [ 76.9269167, 27.6612558 ], [ 76.9322254, 27.6588129 ], [ 76.9333573, 27.656031 ], [ 76.9382189, 27.6664679 ], [ 76.9437702, 27.6737228 ], [ 76.9531267, 27.6680364 ], [ 76.9548612, 27.6646863 ], [ 76.9587639, 27.6624292 ], [ 76.9626735, 27.6619903 ], [ 76.9661261, 27.6583856 ], [ 76.9793729, 27.653599 ], [ 76.9820596, 27.6761177 ], [ 76.9853093, 27.683724 ], [ 76.9858162, 27.6884862 ], [ 76.9886097, 27.69299 ], [ 76.9871991, 27.6951536 ], [ 76.989515, 27.7012571 ], [ 76.9903896, 27.7094975 ], [ 77.000098, 27.7369693 ], [ 77.0036333, 27.7362595 ], [ 77.011524, 27.7310819 ], [ 77.0198158, 27.7457705 ], [ 77.0250919, 27.7439019 ], [ 77.0260988, 27.7463797 ], [ 77.0339352, 27.7452165 ], [ 77.0364732, 27.7486112 ], [ 77.0450734, 27.7432831 ], [ 77.0445216, 27.7419021 ], [ 77.0468509, 27.7397196 ], [ 77.0461376, 27.7372962 ], [ 77.0503176, 27.7350381 ], [ 77.0487379, 27.7315268 ], [ 77.0596279, 27.7264879 ], [ 77.065431, 27.7314041 ], [ 77.0682502, 27.7317211 ], [ 77.06962, 27.7304492 ], [ 77.0728142, 27.7311454 ], [ 77.0772391, 27.7355056 ], [ 77.085661, 27.738089 ], [ 77.0818296, 27.7449417 ], [ 77.0824785, 27.7458804 ], [ 77.0781908, 27.7511968 ], [ 77.0801968, 27.7572526 ], [ 77.075933, 27.7648088 ], [ 77.0763533, 27.7663159 ], [ 77.0745573, 27.7670056 ], [ 77.0720934, 27.7644645 ], [ 77.0696217, 27.767473 ], [ 77.0656468, 27.7638979 ], [ 77.0639525, 27.7642085 ], [ 77.0595517, 27.7609127 ], [ 77.0558526, 27.7634196 ], [ 77.0575782, 27.770008 ], [ 77.0561369, 27.7711984 ], [ 77.047643, 27.7744246 ], [ 77.035767, 27.7815329 ], [ 77.034395, 27.7781119 ], [ 77.0265766, 27.7792392 ], [ 77.0330338, 27.7984059 ], [ 77.0387073, 27.8101182 ], [ 77.0405728, 27.8125694 ], [ 77.0443841, 27.812161 ], [ 77.0458283, 27.8149593 ], [ 77.0427202, 27.8182827 ], [ 77.0447988, 27.8209822 ], [ 77.0537992, 27.8169398 ], [ 77.0555596, 27.8179153 ], [ 77.0638606, 27.811264 ], [ 77.0746174, 27.8135604 ], [ 77.0816739, 27.8062488 ], [ 77.0807969, 27.8040828 ], [ 77.108479, 27.7854768 ], [ 77.1131007, 27.7864157 ], [ 77.1228515, 27.7926247 ], [ 77.1345151, 27.7860368 ], [ 77.1318004, 27.7780688 ], [ 77.1352192, 27.7750861 ], [ 77.143576, 27.7855937 ], [ 77.1513635, 27.7859082 ], [ 77.1565074, 27.7845265 ], [ 77.1585527, 27.787346 ], [ 77.1608071, 27.7925838 ], [ 77.1615515, 27.803286 ], [ 77.1565501, 27.8087784 ], [ 77.1573228, 27.8134797 ], [ 77.1595108, 27.8163352 ], [ 77.1672333, 27.8129491 ], [ 77.1798507, 27.8171452 ], [ 77.1833754, 27.8130649 ], [ 77.189436, 27.8090197 ], [ 77.1846997, 27.8025013 ], [ 77.1824155, 27.802029 ], [ 77.1789308, 27.8043811 ], [ 77.1735731, 27.7944071 ], [ 77.1690967, 27.7908984 ], [ 77.177024, 27.7854676 ], [ 77.177801, 27.7870962 ], [ 77.1832952, 27.7867826 ], [ 77.1904532, 27.794337 ], [ 77.1926805, 27.7941194 ], [ 77.1985691, 27.7988222 ], [ 77.1914553, 27.8068256 ], [ 77.1926537, 27.8081742 ], [ 77.1913501, 27.8090817 ], [ 77.1978397, 27.8158554 ], [ 77.2020726, 27.8237581 ], [ 77.2033766, 27.8234414 ], [ 77.2067088, 27.8137749 ], [ 77.2133311, 27.8076525 ], [ 77.2106519, 27.8010983 ], [ 77.2134321, 27.8007852 ], [ 77.2223783, 27.7958837 ], [ 77.2265767, 27.7985788 ], [ 77.2325974, 27.7965032 ], [ 77.2382248, 27.7922665 ], [ 77.2338158, 27.7870631 ], [ 77.2366998, 27.7845161 ], [ 77.2417366, 27.7835418 ], [ 77.2478426, 27.7906249 ], [ 77.2523728, 27.7906859 ], [ 77.2644337, 27.8046425 ], [ 77.2687571, 27.8149377 ], [ 77.2836945, 27.8010673 ], [ 77.2829037, 27.7993695 ], [ 77.2841174, 27.7980618 ], [ 77.2851774, 27.798622 ], [ 77.2857884, 27.7962131 ], [ 77.295423, 27.7967422 ], [ 77.3028628, 27.7940526 ], [ 77.3057936, 27.7910389 ], [ 77.3044687, 27.7900694 ], [ 77.3059613, 27.7884638 ], [ 77.3088288, 27.7868951 ], [ 77.3104363, 27.7880825 ], [ 77.308678, 27.7844676 ], [ 77.310485, 27.7828756 ], [ 77.3113986, 27.7799386 ], [ 77.3105121, 27.7771899 ], [ 77.3127476, 27.7739565 ], [ 77.3110841, 27.7733376 ], [ 77.3078413, 27.7672133 ], [ 77.3099096, 27.7606583 ], [ 77.3093137, 27.7594347 ], [ 77.3116965, 27.7580422 ], [ 77.3079794, 27.7527997 ], [ 77.308399, 27.7509748 ], [ 77.3104599, 27.7494286 ], [ 77.310957, 27.7468664 ], [ 77.3141396, 27.7446423 ], [ 77.3121687, 27.741941 ], [ 77.3162501, 27.740154 ], [ 77.3194515, 27.7366692 ], [ 77.3193761, 27.7334864 ], [ 77.3057988, 27.726993 ], [ 77.3048074, 27.7277462 ], [ 77.3029915, 27.7259094 ], [ 77.3039324, 27.7107891 ], [ 77.3097049, 27.7066271 ], [ 77.311753, 27.7086913 ], [ 77.3221015, 27.7066245 ], [ 77.3230185, 27.7076536 ], [ 77.3292948, 27.7076017 ], [ 77.3302321, 27.7090638 ], [ 77.3411506, 27.7033673 ], [ 77.3384558, 27.6984147 ], [ 77.3413991, 27.6950845 ], [ 77.3408241, 27.6863544 ], [ 77.3445526, 27.6812019 ], [ 77.3409642, 27.676759 ], [ 77.3456793, 27.6734328 ], [ 77.3439785, 27.6635207 ], [ 77.3447823, 27.6609161 ], [ 77.352583, 27.6512374 ], [ 77.3461918, 27.6395023 ], [ 77.3272083, 27.6203962 ], [ 77.3187768, 27.6107954 ], [ 77.3170593, 27.6067516 ], [ 77.3345286, 27.5912997 ], [ 77.3441087, 27.5970777 ], [ 77.3532566, 27.5932575 ], [ 77.3582181, 27.5889608 ], [ 77.3505571, 27.5834856 ], [ 77.3514368, 27.5812224 ], [ 77.3472382, 27.5777259 ], [ 77.3472189, 27.5747344 ], [ 77.3452649, 27.5723741 ], [ 77.3395938, 27.5726119 ], [ 77.3377915, 27.5714159 ], [ 77.3383766, 27.5690746 ], [ 77.3369726, 27.5671923 ], [ 77.3373632, 27.5607041 ], [ 77.3362524, 27.5576668 ], [ 77.3380807, 27.5497415 ], [ 77.3414056, 27.5470719 ], [ 77.3478042, 27.5449766 ], [ 77.3491638, 27.5431524 ], [ 77.3459825, 27.5387361 ], [ 77.3400552, 27.5388912 ], [ 77.3386921, 27.5313424 ], [ 77.3402278, 27.5264652 ], [ 77.3558477, 27.5173148 ], [ 77.3679019, 27.5154698 ], [ 77.3737018, 27.5119144 ], [ 77.3828363, 27.515685 ], [ 77.387391, 27.5128928 ], [ 77.3916478, 27.5081367 ], [ 77.3905656, 27.5046984 ], [ 77.3989784, 27.5001907 ], [ 77.4009983, 27.4972735 ], [ 77.4000641, 27.4920043 ], [ 77.4010435, 27.4911374 ], [ 77.3989192, 27.4885712 ], [ 77.3999689, 27.4873394 ], [ 77.3987951, 27.4828331 ], [ 77.399289, 27.4795084 ], [ 77.4015487, 27.4765045 ], [ 77.4157622, 27.4726432 ], [ 77.4190693, 27.4699604 ], [ 77.4222334, 27.4612541 ], [ 77.4257011, 27.4668885 ], [ 77.4270915, 27.4641747 ], [ 77.426088, 27.4629376 ], [ 77.4336724, 27.4599963 ], [ 77.437814, 27.4563184 ], [ 77.4366246, 27.45331 ], [ 77.4386639, 27.4490505 ], [ 77.4362034, 27.4464645 ], [ 77.4350229, 27.4458383 ], [ 77.4326401, 27.4471269 ], [ 77.4300376, 27.4461699 ], [ 77.4293448, 27.4445453 ], [ 77.4266588, 27.4451102 ], [ 77.4258426, 27.4363134 ], [ 77.421102, 27.422018 ], [ 77.4322153, 27.4153926 ], [ 77.438058, 27.4089491 ], [ 77.4399767, 27.3903304 ], [ 77.4702541, 27.3834824 ], [ 77.472697, 27.377082 ], [ 77.484623, 27.3835322 ], [ 77.5071884, 27.37709 ], [ 77.5076577, 27.3751594 ], [ 77.5095312, 27.3740515 ], [ 77.5084445, 27.3718173 ], [ 77.5099058, 27.3698058 ], [ 77.513261, 27.3701113 ], [ 77.5157716, 27.3679369 ], [ 77.5152971, 27.3644497 ], [ 77.5164813, 27.3622743 ], [ 77.5196924, 27.3611776 ], [ 77.5203544, 27.3592281 ], [ 77.529932, 27.3526848 ], [ 77.530284, 27.3512776 ], [ 77.5332524, 27.3493629 ], [ 77.5365408, 27.3496565 ], [ 77.5397312, 27.3480718 ], [ 77.5455621, 27.3495695 ], [ 77.5481729, 27.3400963 ], [ 77.5479449, 27.3368935 ], [ 77.577049, 27.3279415 ], [ 77.5773237, 27.3238541 ], [ 77.5787834, 27.3226639 ], [ 77.5837946, 27.3212955 ], [ 77.5865489, 27.3234003 ], [ 77.5911712, 27.3304591 ], [ 77.5996487, 27.3321739 ], [ 77.6012964, 27.3342897 ], [ 77.6045264, 27.3320516 ], [ 77.6125369, 27.3319204 ], [ 77.6119919, 27.3362341 ], [ 77.6147016, 27.3365838 ], [ 77.6163641, 27.3404257 ], [ 77.6227095, 27.3361856 ], [ 77.6220249, 27.3283734 ], [ 77.6208265, 27.3264229 ], [ 77.6218745, 27.3259436 ], [ 77.6218984, 27.3130483 ], [ 77.6187822, 27.3121744 ], [ 77.6144898, 27.307169 ], [ 77.6101609, 27.3061353 ], [ 77.6080061, 27.3005737 ], [ 77.6005153, 27.3007265 ], [ 77.5986674, 27.2972042 ], [ 77.6057087, 27.2905475 ], [ 77.6062914, 27.2920999 ], [ 77.6080426, 27.2908074 ], [ 77.6118024, 27.2907802 ], [ 77.6168288, 27.28645 ], [ 77.6146955, 27.2789242 ], [ 77.6217765, 27.2750457 ], [ 77.6182059, 27.2696592 ], [ 77.6171003, 27.2708634 ], [ 77.6131859, 27.2658225 ], [ 77.6160181, 27.2617115 ], [ 77.6165086, 27.2577615 ], [ 77.621163, 27.2551936 ], [ 77.6273073, 27.2595001 ], [ 77.6298506, 27.2597885 ], [ 77.6331767, 27.258129 ], [ 77.6356005, 27.2531899 ], [ 77.64301, 27.2478911 ], [ 77.6455432, 27.243275 ], [ 77.6429362, 27.234895 ], [ 77.6528212, 27.2348427 ], [ 77.6521775, 27.2261762 ], [ 77.6483212, 27.2235255 ], [ 77.6469903, 27.2185813 ], [ 77.6451508, 27.2167221 ], [ 77.6467143, 27.2102183 ], [ 77.6502901, 27.2080746 ], [ 77.663537, 27.207277 ], [ 77.6656438, 27.2090073 ], [ 77.6755338, 27.198066 ], [ 77.6811304, 27.1944038 ], [ 77.6730145, 27.1819638 ], [ 77.6584025, 27.1701059 ], [ 77.6490027, 27.1703233 ], [ 77.6441153, 27.1655459 ], [ 77.6378708, 27.1638417 ], [ 77.6343382, 27.1678798 ], [ 77.6199568, 27.1735504 ], [ 77.6182574, 27.1688603 ], [ 77.6100444, 27.1627017 ], [ 77.6105741, 27.1558134 ], [ 77.6121737, 27.1528439 ], [ 77.6141512, 27.1524925 ], [ 77.6136879, 27.150603 ], [ 77.6055481, 27.1435615 ], [ 77.6003223, 27.142297 ], [ 77.598967, 27.1434491 ], [ 77.5978258, 27.1384506 ], [ 77.5989689, 27.1345531 ], [ 77.6028238, 27.1327627 ], [ 77.6026364, 27.1273422 ], [ 77.6039211, 27.1261673 ], [ 77.6029912, 27.1245472 ], [ 77.6044603, 27.1242513 ], [ 77.5978451, 27.1179998 ], [ 77.5926629, 27.1202275 ], [ 77.5881131, 27.1165163 ], [ 77.581227, 27.1192398 ], [ 77.5624814, 27.1101661 ], [ 77.5502842, 27.1112825 ], [ 77.5490444, 27.1075056 ], [ 77.5462206, 27.1068232 ], [ 77.5432883, 27.1042241 ], [ 77.5399257, 27.1062317 ], [ 77.5375672, 27.0983313 ], [ 77.5266501, 27.1011779 ], [ 77.5203946, 27.1043729 ], [ 77.5177411, 27.1024596 ], [ 77.5145719, 27.0987534 ], [ 77.5054432, 27.0922979 ], [ 77.507618, 27.0888793 ], [ 77.5103173, 27.0892702 ], [ 77.5105864, 27.0904206 ], [ 77.5226548, 27.0891747 ], [ 77.5263589, 27.0846192 ], [ 77.5263706, 27.0782356 ], [ 77.5193459, 27.0666195 ], [ 77.5255527, 27.0637502 ], [ 77.5316221, 27.0645709 ], [ 77.5416435, 27.0626095 ], [ 77.5447038, 27.0719066 ], [ 77.5476688, 27.0715394 ], [ 77.5497057, 27.0743132 ], [ 77.5527714, 27.0741868 ], [ 77.5535947, 27.0760277 ], [ 77.5568658, 27.0753386 ], [ 77.5588761, 27.0719602 ], [ 77.5593398, 27.0731281 ], [ 77.5658253, 27.0721549 ], [ 77.5667454, 27.073192 ], [ 77.5716898, 27.0718683 ], [ 77.5772197, 27.0683263 ], [ 77.5727633, 27.0645144 ], [ 77.5753484, 27.0598679 ], [ 77.5753094, 27.0564141 ], [ 77.5730382, 27.0527519 ], [ 77.5729029, 27.0488323 ], [ 77.5671396, 27.0468717 ], [ 77.5632078, 27.0293707 ], [ 77.5791916, 27.0382069 ], [ 77.58209, 27.0357704 ], [ 77.5968119, 27.0327024 ], [ 77.5960538, 27.0265678 ], [ 77.6018173, 27.0225279 ], [ 77.6149697, 27.0235331 ], [ 77.6234574, 27.0219929 ], [ 77.6285313, 27.0186872 ], [ 77.6279676, 27.015069 ], [ 77.6299022, 27.0138428 ], [ 77.6292051, 27.0105466 ], [ 77.6300281, 27.0102075 ], [ 77.6341528, 27.0124539 ], [ 77.6364853, 27.0194201 ], [ 77.6422149, 27.025666 ], [ 77.6563021, 27.0209828 ], [ 77.6602302, 27.0210346 ], [ 77.6655835, 27.0172521 ], [ 77.6734113, 27.0288659 ], [ 77.6756366, 27.0413778 ], [ 77.6797665, 27.0470835 ], [ 77.6930617, 27.0408545 ], [ 77.6929071, 27.0344241 ], [ 77.6896226, 27.0266689 ], [ 77.7057324, 27.0144588 ], [ 77.7064949, 27.0068957 ], [ 77.7052643, 27.0037854 ], [ 77.711941, 26.9971047 ], [ 77.7300591, 26.9938883 ], [ 77.7292993, 27.0075176 ], [ 77.7328511, 27.0235285 ], [ 77.7376867, 27.029751 ], [ 77.7411113, 27.0290391 ], [ 77.7486091, 27.0308617 ], [ 77.7510774, 27.0288545 ], [ 77.7495385, 27.021212 ], [ 77.7595181, 27.0179845 ], [ 77.7567915, 27.0104261 ], [ 77.7598561, 27.0062942 ], [ 77.7629573, 27.0068455 ], [ 77.7622426, 27.0009592 ], [ 77.759989, 26.9998124 ], [ 77.7579985, 27.0017979 ], [ 77.7502945, 27.0018691 ], [ 77.7519587, 26.9977789 ], [ 77.7585786, 26.9969607 ], [ 77.7532657, 26.9927507 ], [ 77.7457224, 26.9950454 ], [ 77.7474976, 26.9895936 ], [ 77.745904, 26.9854137 ], [ 77.7434743, 26.9831661 ], [ 77.7390664, 26.9842201 ], [ 77.7294769, 26.9829574 ], [ 77.7224003, 26.9878465 ], [ 77.7091017, 26.979448 ], [ 77.6994877, 26.9751215 ], [ 77.6830858, 26.9729582 ], [ 77.6762469, 26.97322 ], [ 77.6769222, 26.9655614 ], [ 77.673603, 26.9637783 ], [ 77.6721673, 26.9599699 ], [ 77.6709811, 26.9606343 ], [ 77.6709214, 26.9629914 ], [ 77.6685721, 26.9617449 ], [ 77.6682027, 26.9637709 ], [ 77.6654521, 26.962776 ], [ 77.6638134, 26.9642608 ], [ 77.6637747, 26.9672275 ], [ 77.660883, 26.9712184 ], [ 77.6495768, 26.9628805 ], [ 77.6349625, 26.9557436 ], [ 77.629905, 26.9517242 ], [ 77.6229466, 26.9497836 ], [ 77.6021382, 26.9332737 ], [ 77.5975046, 26.9351546 ], [ 77.5973314, 26.9383008 ], [ 77.5922424, 26.9402762 ], [ 77.5910941, 26.9359707 ], [ 77.5885122, 26.9355248 ], [ 77.5878892, 26.9310604 ], [ 77.5831968, 26.924161 ], [ 77.5672304, 26.9210415 ], [ 77.5534171, 26.9200435 ], [ 77.5450629, 26.9153132 ], [ 77.5429199, 26.9162664 ], [ 77.5364397, 26.9136255 ], [ 77.5234901, 26.9111438 ], [ 77.4996767, 26.9020744 ], [ 77.4920225, 26.8999064 ], [ 77.4902564, 26.9004914 ], [ 77.4763183, 26.8931661 ], [ 77.4683348, 26.8872155 ], [ 77.4603151, 26.8858444 ], [ 77.4618966, 26.8774877 ], [ 77.4589642, 26.8728397 ], [ 77.4544377, 26.8718329 ], [ 77.4484219, 26.8753317 ], [ 77.4453988, 26.8682572 ], [ 77.4380745, 26.8631168 ], [ 77.4272838, 26.8640867 ], [ 77.426639, 26.8590011 ], [ 77.4311643, 26.8526775 ], [ 77.4296834, 26.8470785 ], [ 77.4212997, 26.8398308 ], [ 77.405199, 26.8347826 ], [ 77.397872, 26.8303677 ], [ 77.408164, 26.8167136 ], [ 77.4206121, 26.810587 ], [ 77.4234762, 26.8070574 ], [ 77.4236332, 26.8026756 ], [ 77.4251627, 26.8015213 ], [ 77.4290877, 26.80157 ], [ 77.4282662, 26.7931918 ], [ 77.432291, 26.7870309 ], [ 77.433803, 26.7873695 ], [ 77.4341568, 26.7857229 ], [ 77.4370843, 26.7842876 ], [ 77.4340528, 26.7798093 ], [ 77.4352426, 26.7752431 ], [ 77.4331935, 26.7748177 ], [ 77.4335424, 26.7733587 ], [ 77.4313427, 26.7710788 ], [ 77.4342849, 26.769716 ], [ 77.4326857, 26.767838 ], [ 77.4366412, 26.7676381 ], [ 77.4383157, 26.770115 ], [ 77.4417623, 26.7686531 ], [ 77.4466551, 26.7739154 ], [ 77.4514518, 26.7740665 ], [ 77.4534525, 26.7778765 ], [ 77.4669082, 26.773734 ], [ 77.4674482, 26.7674816 ], [ 77.4703696, 26.7646567 ], [ 77.4670855, 26.762704 ], [ 77.4636695, 26.7566915 ], [ 77.4622581, 26.7574035 ], [ 77.4562274, 26.7497386 ], [ 77.4545635, 26.7418732 ], [ 77.4614062, 26.7419841 ], [ 77.4662983, 26.7446528 ], [ 77.47804, 26.7457009 ], [ 77.485226, 26.7480143 ], [ 77.4946272, 26.7570515 ], [ 77.5025628, 26.768734 ], [ 77.4889463, 26.7790362 ], [ 77.4888618, 26.7860404 ], [ 77.4874661, 26.7881541 ], [ 77.4932437, 26.7976721 ], [ 77.493658, 26.8015587 ], [ 77.5006866, 26.8170124 ], [ 77.4991219, 26.8241187 ], [ 77.5013996, 26.8351911 ], [ 77.5011724, 26.8444542 ], [ 77.5082273, 26.8456159 ], [ 77.5176823, 26.8441874 ], [ 77.5177108, 26.8428432 ], [ 77.5206116, 26.8413812 ], [ 77.5208636, 26.838177 ], [ 77.517449, 26.8370648 ], [ 77.5169834, 26.8257787 ], [ 77.520108, 26.8217884 ], [ 77.5257665, 26.8189141 ], [ 77.5419698, 26.8224155 ], [ 77.5575977, 26.8176377 ], [ 77.5744802, 26.8208631 ], [ 77.578046, 26.8272059 ], [ 77.5924278, 26.8279119 ], [ 77.6008059, 26.8356058 ], [ 77.6083705, 26.8391208 ], [ 77.6076173, 26.8277954 ], [ 77.6103388, 26.8285772 ], [ 77.6182325, 26.8320399 ], [ 77.6203983, 26.8428013 ], [ 77.6297615, 26.8414661 ], [ 77.6747442, 26.8575454 ], [ 77.6745809, 26.8634878 ], [ 77.6764303, 26.8684831 ], [ 77.6802851, 26.8700365 ], [ 77.6823261, 26.8694107 ], [ 77.6866513, 26.8752495 ], [ 77.6943036, 26.873958 ], [ 77.6961473, 26.8676965 ], [ 77.6976012, 26.8673754 ], [ 77.7012392, 26.8677481 ], [ 77.7065104, 26.8768445 ], [ 77.72261, 26.8743183 ], [ 77.7278836, 26.8852626 ], [ 77.726494, 26.885964 ], [ 77.7258973, 26.8887599 ], [ 77.7269759, 26.8902177 ], [ 77.7229995, 26.8951358 ], [ 77.7176441, 26.8972593 ], [ 77.7249183, 26.9103818 ], [ 77.7323784, 26.9201474 ], [ 77.7377879, 26.9205831 ], [ 77.7439992, 26.9187628 ], [ 77.7457137, 26.9210152 ], [ 77.7531757, 26.9168748 ], [ 77.7589103, 26.9264827 ], [ 77.7598527, 26.9324589 ], [ 77.7747545, 26.9321531 ], [ 77.7804686, 26.9298536 ], [ 77.779495, 26.9268623 ], [ 77.7868769, 26.9238576 ], [ 77.7864657, 26.9223352 ], [ 77.7929889, 26.9170539 ], [ 77.7954244, 26.9175641 ], [ 77.7982029, 26.9160008 ], [ 77.8102112, 26.9241866 ], [ 77.8149977, 26.9197542 ], [ 77.8215007, 26.9177683 ], [ 77.8238323, 26.9199321 ], [ 77.8319352, 26.9142681 ], [ 77.836381, 26.916764 ], [ 77.838775, 26.913872 ], [ 77.841846, 26.9125681 ], [ 77.8502425, 26.912829 ], [ 77.8578198, 26.906263 ], [ 77.8677119, 26.9062788 ], [ 77.8689571, 26.9016358 ], [ 77.8775613, 26.9023684 ], [ 77.8808208, 26.8994466 ], [ 77.8845245, 26.8909773 ], [ 77.8924769, 26.8901587 ], [ 77.893803, 26.8889221 ], [ 77.8918749, 26.8870668 ], [ 77.8942431, 26.8845039 ], [ 77.8964891, 26.8839976 ], [ 77.9043245, 26.8833345 ], [ 77.9088761, 26.8906233 ], [ 77.9067238, 26.8928585 ], [ 77.9088313, 26.9063836 ], [ 77.9068644, 26.9126532 ], [ 77.9035538, 26.9146024 ], [ 77.9063601, 26.9177788 ], [ 77.9154876, 26.9142324 ], [ 77.9130189, 26.9088625 ], [ 77.9156211, 26.9073879 ], [ 77.9257667, 26.9098211 ], [ 77.9297962, 26.9081074 ], [ 77.9396881, 26.9067797 ], [ 77.9429985, 26.8971061 ], [ 77.9483834, 26.8935924 ], [ 77.9581269, 26.8968332 ], [ 77.9695827, 26.9059668 ], [ 77.9713395, 26.9058706 ], [ 77.9734468, 26.9029429 ], [ 77.971391, 26.900318 ], [ 77.9734123, 26.8982135 ], [ 77.9723185, 26.8960665 ], [ 77.9751759, 26.8945709 ], [ 77.9764521, 26.8922098 ], [ 77.9872113, 26.8893477 ], [ 77.9887333, 26.8916915 ], [ 77.9930295, 26.892495 ], [ 77.9987384, 26.9004101 ], [ 78.0022377, 26.9029036 ], [ 78.0056452, 26.9020747 ], [ 78.009629, 26.9040468 ], [ 78.0145864, 26.9029112 ], [ 78.0219364, 26.8995575 ], [ 78.0234036, 26.8909936 ], [ 78.0263839, 26.8900346 ], [ 78.0301919, 26.88603 ], [ 78.0299747, 26.8841024 ], [ 78.0272245, 26.8839657 ], [ 78.0277818, 26.8804401 ], [ 78.0257732, 26.8789019 ], [ 78.0242282, 26.8725659 ], [ 78.0311934, 26.8736301 ], [ 78.0341328, 26.8727792 ], [ 78.0354761, 26.8707951 ], [ 78.0352755, 26.868365 ], [ 78.032268, 26.8651577 ], [ 78.0209576, 26.8575064 ], [ 78.0222392, 26.8526799 ], [ 78.0264741, 26.8495342 ], [ 78.0320012, 26.8518032 ], [ 78.0389253, 26.8632786 ], [ 78.0446615, 26.8699786 ], [ 78.0559739, 26.8683916 ], [ 78.0544057, 26.8701879 ], [ 78.0517187, 26.8707206 ], [ 78.0501941, 26.8757822 ], [ 78.0521185, 26.8942133 ], [ 78.0512562, 26.9017042 ], [ 78.0480494, 26.9074715 ], [ 78.0488066, 26.9101327 ], [ 78.055847, 26.9069087 ], [ 78.0595239, 26.9088543 ], [ 78.0640964, 26.9065212 ], [ 78.066954, 26.911392 ], [ 78.0717254, 26.9063739 ], [ 78.0894113, 26.8963087 ], [ 78.0947117, 26.8951534 ], [ 78.0960442, 26.8937798 ], [ 78.0986651, 26.8965911 ], [ 78.0943794, 26.9032963 ], [ 78.1002077, 26.9048983 ], [ 78.1043354, 26.9034309 ], [ 78.1057201, 26.8980446 ], [ 78.1073691, 26.8963769 ], [ 78.1111975, 26.8958771 ], [ 78.1129289, 26.8990106 ], [ 78.1126534, 26.9029069 ], [ 78.1079384, 26.9108694 ], [ 78.1083967, 26.9121937 ], [ 78.1062126, 26.914486 ], [ 78.1015845, 26.9163516 ], [ 78.1017599, 26.9178285 ], [ 78.1051661, 26.9268174 ], [ 78.1201865, 26.9214897 ], [ 78.1218171, 26.9225788 ], [ 78.1220541, 26.9302887 ], [ 78.1210834, 26.9320425 ], [ 78.123205, 26.9318339 ], [ 78.1227779, 26.934516 ], [ 78.113748, 26.9359891 ], [ 78.1117745, 26.9397586 ], [ 78.1144425, 26.9440022 ], [ 78.1245104, 26.9492849 ], [ 78.1327957, 26.9473651 ], [ 78.1426817, 26.9498344 ], [ 78.1472696, 26.949435 ], [ 78.1512879, 26.9480089 ], [ 78.1541078, 26.9442587 ], [ 78.1564575, 26.9432094 ], [ 78.1719916, 26.9481727 ], [ 78.1774915, 26.9425971 ], [ 78.181277, 26.9408414 ], [ 78.1915548, 26.942462 ], [ 78.1976595, 26.9409309 ], [ 78.2003604, 26.9392118 ], [ 78.2051694, 26.9326262 ], [ 78.210136, 26.9312256 ], [ 78.2164322, 26.9350804 ], [ 78.2205644, 26.9434306 ], [ 78.224203, 26.9464615 ], [ 78.2266883, 26.9452745 ], [ 78.2312933, 26.9365803 ], [ 78.2373842, 26.9359685 ], [ 78.2386204, 26.9266446 ], [ 78.2419131, 26.9261429 ], [ 78.2478971, 26.928647 ], [ 78.254615, 26.9258064 ], [ 78.2557631, 26.9280924 ], [ 78.2531933, 26.9327324 ], [ 78.2541092, 26.9354603 ], [ 78.2585631, 26.933707 ], [ 78.2648544, 26.9267491 ], [ 78.2653074, 26.9225866 ], [ 78.271594, 26.9212245 ], [ 78.2707187, 26.9153316 ], [ 78.2636982, 26.9083099 ], [ 78.262291, 26.9019467 ], [ 78.2591343, 26.8967447 ], [ 78.2508073, 26.891776 ], [ 78.2468983, 26.8930708 ], [ 78.243713, 26.8886872 ], [ 78.2370753, 26.8889725 ], [ 78.2342089, 26.8759879 ], [ 78.2326447, 26.8742759 ], [ 78.2266403, 26.8748811 ], [ 78.2192211, 26.8718729 ], [ 78.2125776, 26.8713694 ], [ 78.2127047, 26.8698175 ], [ 78.2086213, 26.8688624 ], [ 78.208407, 26.871971 ], [ 78.2030805, 26.8809325 ], [ 78.2000595, 26.8830189 ], [ 78.1969802, 26.882176 ], [ 78.1964968, 26.8809164 ], [ 78.2022215, 26.8663348 ], [ 78.2117622, 26.8506897 ], [ 78.2127276, 26.8461332 ], [ 78.2170225, 26.8433645 ], [ 78.2201716, 26.8437776 ], [ 78.2208051, 26.8401182 ], [ 78.2185847, 26.8344956 ], [ 78.22228, 26.8313224 ], [ 78.2218631, 26.8300611 ], [ 78.2021091, 26.8213797 ], [ 78.1773071, 26.825592 ], [ 78.1723313, 26.8238866 ], [ 78.1687225, 26.8203949 ], [ 78.1672677, 26.8154126 ], [ 78.1683827, 26.812832 ], [ 78.180473, 26.8041415 ], [ 78.1872172, 26.7948699 ], [ 78.1876067, 26.7896763 ], [ 78.1840016, 26.7838212 ], [ 78.1561873, 26.7839734 ], [ 78.1432554, 26.7911653 ], [ 78.1328357, 26.7951499 ], [ 78.1246755, 26.7964188 ], [ 78.1142644, 26.7952596 ], [ 78.1096023, 26.7927735 ], [ 78.1059613, 26.7888829 ], [ 78.1021635, 26.7814883 ], [ 78.1012156, 26.774089 ], [ 78.1034541, 26.7633219 ], [ 78.1073465, 26.7594408 ], [ 78.1153556, 26.7572855 ], [ 78.1206455, 26.7541542 ], [ 78.1237098, 26.7500023 ], [ 78.123527, 26.7468822 ], [ 78.1184006, 26.7421588 ], [ 78.1116411, 26.7406408 ], [ 78.1080826, 26.7375143 ], [ 78.1013661, 26.7370929 ], [ 78.0959301, 26.7278017 ], [ 78.0923251, 26.7186382 ], [ 78.0961609, 26.6848752 ], [ 78.0952083, 26.679271 ], [ 78.0926737, 26.6762554 ], [ 78.0787875, 26.6704353 ], [ 78.0740886, 26.6706002 ], [ 78.0560143, 26.6836329 ], [ 78.0407422, 26.685052 ], [ 78.0343688, 26.68703 ], [ 78.0316356, 26.6863097 ], [ 78.0179613, 26.6924961 ], [ 78.0075864, 26.6930625 ], [ 78.0004319, 26.6948568 ], [ 77.9960364, 26.6925665 ], [ 77.9847617, 26.674815 ], [ 77.9801188, 26.6712092 ], [ 77.9597855, 26.6629151 ], [ 77.9531763, 26.6589388 ], [ 77.9430259, 26.6581932 ], [ 77.9352162, 26.6602404 ], [ 77.9136723, 26.6610089 ], [ 77.9011056, 26.6574409 ], [ 77.8975154, 26.6528542 ], [ 77.898691, 26.6375874 ], [ 77.8981055, 26.6231459 ], [ 77.8967021, 26.6170575 ], [ 77.8942791, 26.6147115 ], [ 77.8857707, 26.612444 ], [ 77.8588141, 26.6135976 ], [ 77.8506625, 26.6125387 ], [ 77.8357799, 26.6061507 ], [ 77.8320635, 26.5989121 ], [ 77.8273261, 26.596047 ], [ 77.8267035, 26.5943992 ], [ 77.828108, 26.5892781 ], [ 77.8331047, 26.5835351 ], [ 77.8357775, 26.5771617 ], [ 77.8325063, 26.5614691 ], [ 77.823873, 26.5506303 ], [ 77.8190638, 26.5482156 ], [ 77.8107372, 26.5471892 ], [ 77.7825449, 26.5518661 ], [ 77.7678146, 26.5475831 ], [ 77.7574819, 26.5398435 ], [ 77.7542145, 26.5387066 ], [ 77.7514645, 26.5396981 ], [ 77.7459096, 26.5387542 ], [ 77.7402892, 26.5272453 ], [ 77.738109, 26.5142085 ], [ 77.7337449, 26.5078047 ], [ 77.7270113, 26.5023168 ], [ 77.7224479, 26.4999588 ], [ 77.71331, 26.4982699 ], [ 77.6912876, 26.4996434 ], [ 77.6802381, 26.5042593 ], [ 77.6737165, 26.5028343 ], [ 77.6598375, 26.4911154 ], [ 77.6505832, 26.4878993 ], [ 77.6333214, 26.4786902 ], [ 77.6274686, 26.4724185 ], [ 77.622968, 26.4614249 ], [ 77.6134829, 26.4527242 ], [ 77.6060344, 26.4498239 ], [ 77.5890283, 26.4464831 ], [ 77.5714733, 26.4364455 ], [ 77.5623957, 26.4368387 ], [ 77.5586654, 26.435182 ], [ 77.5551671, 26.4313147 ], [ 77.5463336, 26.4161228 ], [ 77.5383808, 26.4112965 ], [ 77.5214609, 26.4072103 ], [ 77.4865141, 26.4108229 ], [ 77.459677, 26.4037835 ], [ 77.4487413, 26.4046074 ], [ 77.4373492, 26.4032769 ], [ 77.4350564, 26.4000356 ], [ 77.435053, 26.3943819 ], [ 77.4397534, 26.3846547 ], [ 77.4462239, 26.3752807 ], [ 77.4485601, 26.3675294 ], [ 77.447469, 26.3642452 ], [ 77.4432659, 26.3611178 ], [ 77.4139527, 26.3634426 ], [ 77.3970475, 26.3607757 ], [ 77.3904034, 26.3565188 ], [ 77.3745194, 26.365721 ], [ 77.3668503, 26.3634541 ], [ 77.3548298, 26.3545013 ], [ 77.3421233, 26.3518126 ], [ 77.3352548, 26.3413387 ], [ 77.3305885, 26.3438694 ], [ 77.3213914, 26.3340009 ], [ 77.3146444, 26.3187223 ], [ 77.3176213, 26.317456 ], [ 77.3168395, 26.3119306 ], [ 77.3113014, 26.3047376 ], [ 77.2984275, 26.2910161 ], [ 77.27898, 26.2759644 ], [ 77.2697555, 26.2668188 ], [ 77.2517702, 26.2597819 ], [ 77.2308912, 26.2459824 ], [ 77.2167965, 26.2400386 ], [ 77.2128379, 26.2337718 ], [ 77.2038889, 26.2298668 ], [ 77.1934939, 26.2314112 ], [ 77.1763553, 26.2388939 ], [ 77.171859, 26.238234 ], [ 77.1701288, 26.2334924 ], [ 77.1661928, 26.232261 ], [ 77.1525445, 26.2318889 ], [ 77.1417243, 26.2343739 ], [ 77.1347183, 26.2329477 ], [ 77.1164256, 26.220584 ], [ 77.1129124, 26.2139801 ], [ 77.1119758, 26.2023479 ], [ 77.1059649, 26.1961439 ], [ 77.1009268, 26.1865631 ], [ 77.0967513, 26.1832379 ], [ 77.0822554, 26.1790561 ], [ 77.0544836, 26.1795669 ], [ 77.031622, 26.1726106 ], [ 77.0239911, 26.1673307 ], [ 77.0152459, 26.1570399 ], [ 77.0063098, 26.1510219 ], [ 77.0015553, 26.1424642 ], [ 77.0028788, 26.1380028 ], [ 77.0021489, 26.1339851 ], [ 76.9976137, 26.1290667 ], [ 76.9871205, 26.1280397 ], [ 76.9774785, 26.1248607 ], [ 76.9476632, 26.1027378 ], [ 76.940769, 26.1005252 ], [ 76.936531, 26.1017681 ], [ 76.9181056, 26.0987647 ], [ 76.8997754, 26.0925049 ], [ 76.8989954, 26.0911827 ], [ 76.900249, 26.08708 ], [ 76.8983488, 26.0819174 ], [ 76.8977176, 26.0742453 ], [ 76.8941584, 26.067237 ], [ 76.8897305, 26.0626567 ], [ 76.8848473, 26.0480392 ], [ 76.8758142, 26.0431473 ], [ 76.8663075, 26.0343556 ], [ 76.8568008, 26.0347338 ], [ 76.8407773, 26.0264855 ], [ 76.8327576, 26.0187118 ], [ 76.826204, 26.0073908 ], [ 76.8192485, 26.0034844 ], [ 76.8067798, 25.9898081 ], [ 76.8045458, 25.9861079 ], [ 76.8025178, 25.9782209 ], [ 76.8035801, 25.9745291 ], [ 76.8083091, 25.9732379 ], [ 76.8074548, 25.9653724 ], [ 76.7909634, 25.9426664 ], [ 76.7852361, 25.9392752 ], [ 76.7778979, 25.9379573 ], [ 76.7639757, 25.9379875 ], [ 76.7513903, 25.941002 ], [ 76.7474811, 25.9392888 ], [ 76.7462604, 25.9360582 ], [ 76.7488925, 25.9304024 ], [ 76.7581319, 25.9256776 ], [ 76.7566152, 25.9210109 ], [ 76.7527276, 25.9173432 ], [ 76.74379, 25.9133797 ], [ 76.732432, 25.9059735 ], [ 76.7117034, 25.9006498 ], [ 76.7072498, 25.9005128 ], [ 76.6872025, 25.9078611 ], [ 76.6745895, 25.9102598 ], [ 76.656002, 25.9101934 ], [ 76.6429666, 25.9084776 ], [ 76.6357516, 25.9050023 ], [ 76.6306202, 25.8991379 ], [ 76.6280212, 25.8901259 ], [ 76.6260974, 25.8757347 ], [ 76.6232224, 25.8705533 ], [ 76.6144772, 25.8684436 ], [ 76.5940875, 25.8752684 ], [ 76.5892835, 25.874978 ], [ 76.5820528, 25.8704213 ], [ 76.5561063, 25.8349015 ], [ 76.5347342, 25.8191717 ], [ 76.52081, 25.7930554 ], [ 76.515483, 25.776445 ], [ 76.5178871, 25.7671299 ], [ 76.5172572, 25.7552283 ], [ 76.5208762, 25.7521075 ], [ 76.5252201, 25.7417473 ], [ 76.5229524, 25.7374601 ], [ 76.5242819, 25.7342322 ], [ 76.5237672, 25.7298318 ], [ 76.5203198, 25.7287528 ], [ 76.5136732, 25.7300544 ], [ 76.5013972, 25.7299693 ], [ 76.4910916, 25.7208346 ], [ 76.4816087, 25.7180513 ], [ 76.4773209, 25.7150478 ], [ 76.4734258, 25.7099185 ], [ 76.4719918, 25.7039382 ], [ 76.4755632, 25.6909057 ], [ 76.4803911, 25.683264 ], [ 76.4914376, 25.6790209 ], [ 76.4989131, 25.6780822 ], [ 76.5022877, 25.6758672 ], [ 76.5038383, 25.6732014 ], [ 76.5039978, 25.6684418 ], [ 76.4981732, 25.6567514 ], [ 76.4965831, 25.6470712 ], [ 76.498943, 25.6394361 ], [ 76.5022668, 25.6376233 ], [ 76.5055894, 25.6381037 ], [ 76.5063381, 25.6350625 ], [ 76.5098764, 25.6309226 ], [ 76.5123006, 25.6055459 ], [ 76.5111641, 25.5998878 ], [ 76.5053809, 25.5896777 ], [ 76.5033074, 25.5826884 ], [ 76.5050613, 25.5756734 ], [ 76.5141495, 25.562985 ], [ 76.5199831, 25.5472738 ], [ 76.5196687, 25.5393095 ], [ 76.5164209, 25.5271547 ], [ 76.5249636, 25.5185116 ], [ 76.5343088, 25.5143964 ], [ 76.5377474, 25.509011 ], [ 76.5377269, 25.5027184 ], [ 76.5495821, 25.4881212 ], [ 76.5549819, 25.4833602 ], [ 76.5580742, 25.4705432 ], [ 76.557155, 25.4594029 ], [ 76.5551895, 25.453492 ], [ 76.5570205, 25.4508815 ], [ 76.5622289, 25.4476165 ], [ 76.5675291, 25.4403373 ], [ 76.5724019, 25.4383199 ] ], [ [ 76.5723443, 25.4382657 ], [ 76.5723438, 25.4382645 ], [ 76.5723703, 25.4383309 ], [ 76.5723443, 25.4382657 ] ], [ [ 76.4358975, 28.1101891 ], [ 76.4396425, 28.1101152 ], [ 76.4410428, 28.1198781 ], [ 76.43571, 28.1292876 ], [ 76.4332626, 28.1303444 ], [ 76.4336017, 28.1364126 ], [ 76.4292765, 28.1385124 ], [ 76.421813, 28.1225164 ], [ 76.4237409, 28.1208103 ], [ 76.4228525, 28.1143226 ], [ 76.4304729, 28.1097403 ], [ 76.4345331, 28.1090754 ], [ 76.4358975, 28.1101891 ] ] ] ] } }
]
}
