{
"type": "FeatureCollection",
"name": "09",
"crs": { "type": "name", "properties": { "name": "urn:ogc:def:crs:OGC:1.3:CRS84" } },
"features": [
{ "type": "Feature", "properties": { "code": "09", "name": "UTTAR PRADESH", "type": "state" }, "geometry": { "type": "MultiPolygon", "coordinates": [ [ [ [ 79.3650603, 25.144532 ], [ 79.3741963, 25.1426037 ], [ 79.3638166, 25.1256457 ], [ 79.3713155, 25.1234542 ], [ 79.3777045, 25.1251793 ], [ 79.3808952, 25.122433 ], [ 79.3826099, 25.1127255 ], [ 79.3804051, 25.1114193 ], [ 79.3803692, 25.1076006 ], [ 79.3868583, 25.1021036 ], [ 79.389361, 25.0917691 ], [ 79.3871906, 25.0856966 ], [ 79.394325, 25.0831741 ], [ 79.3982108, 25.0830956 ], [ 79.4023726, 25.0786885 ], [ 79.4056642, 25.0777472 ], [ 79.4049375, 25.0688728 ], [ 79.4073888, 25.0647804 ], [ 79.4125927, 25.0638402 ], [ 79.4184819, 25.0607742 ], [ 79.4193832, 25.0617316 ], [ 79.4259113, 25.0585889 ], [ 79.4224549, 25.0548498 ], [ 79.4246561, 25.0530003 ], [ 79.4238583, 25.0450016 ], [ 79.422042, 25.0415747 ], [ 79.4202392, 25.0406033 ], [ 79.4163842, 25.0410661 ], [ 79.4169463, 25.0377714 ], [ 79.4139387, 25.0381669 ], [ 79.4130489, 25.0352731 ], [ 79.4109136, 25.0352764 ], [ 79.4096017, 25.0338628 ], [ 79.4070592, 25.0350709 ], [ 79.4040926, 25.0337645 ], [ 79.4018075, 25.0351262 ], [ 79.3949582, 25.0321199 ], [ 79.395273, 25.0347697 ], [ 79.3941971, 25.0357394 ], [ 79.384142, 25.0385439 ], [ 79.384287, 25.0423627 ], [ 79.3814139, 25.0418233 ], [ 79.3784298, 25.043184 ], [ 79.3772635, 25.0452007 ], [ 79.3740234, 25.0448189 ], [ 79.3739159, 25.0481724 ], [ 79.3753305, 25.050751 ], [ 79.3690388, 25.0543159 ], [ 79.3678049, 25.054369 ], [ 79.3677282, 25.0519451 ], [ 79.3620242, 25.0482026 ], [ 79.3674768, 25.0460725 ], [ 79.3641776, 25.040978 ], [ 79.3598046, 25.0392768 ], [ 79.3561071, 25.0404694 ], [ 79.3597687, 25.0534454 ], [ 79.3562224, 25.0564256 ], [ 79.3560375, 25.0576711 ], [ 79.35843, 25.058513 ], [ 79.3580623, 25.0593522 ], [ 79.3491983, 25.0624986 ], [ 79.3511332, 25.0688829 ], [ 79.3574028, 25.0682706 ], [ 79.3600153, 25.0632539 ], [ 79.3637805, 25.0596148 ], [ 79.3668536, 25.0588638 ], [ 79.3698208, 25.0598008 ], [ 79.3710217, 25.0629343 ], [ 79.3798061, 25.0647923 ], [ 79.3798337, 25.0669454 ], [ 79.3746642, 25.0677264 ], [ 79.3774862, 25.0754202 ], [ 79.3766732, 25.0756316 ], [ 79.3778949, 25.0830803 ], [ 79.3795677, 25.0856093 ], [ 79.3725131, 25.0919859 ], [ 79.3794555, 25.0989743 ], [ 79.3796912, 25.1012223 ], [ 79.3739382, 25.1040657 ], [ 79.3618741, 25.1062663 ], [ 79.3563887, 25.109394 ], [ 79.35521, 25.1125659 ], [ 79.3510565, 25.1159832 ], [ 79.3503697, 25.1180994 ], [ 79.3521524, 25.1198706 ], [ 79.3525701, 25.1229764 ], [ 79.3550622, 25.1244638 ], [ 79.3530372, 25.1262447 ], [ 79.3505184, 25.1263595 ], [ 79.3541381, 25.1302133 ], [ 79.3581988, 25.1432888 ], [ 79.3650603, 25.144532 ] ] ], [ [ [ 79.3662606, 25.1715834 ], [ 79.3614649, 25.171096 ], [ 79.3544659, 25.1758918 ], [ 79.3595206, 25.188553 ], [ 79.3673081, 25.1844618 ], [ 79.3725559, 25.1800159 ], [ 79.3662606, 25.1715834 ] ] ], [ [ [ 77.6011922, 30.3999066 ], [ 77.6022828, 30.3999227 ], [ 77.602884, 30.4029345 ], [ 77.6050518, 30.4017055 ], [ 77.6122219, 30.4030553 ], [ 77.6184937, 30.4023841 ], [ 77.622889, 30.4051942 ], [ 77.625036, 30.4045288 ], [ 77.6255207, 30.4017487 ], [ 77.629251, 30.3979043 ], [ 77.635909, 30.3990133 ], [ 77.6408983, 30.4027938 ], [ 77.6472632, 30.4047276 ], [ 77.6527856, 30.4012155 ], [ 77.6566475, 30.4009395 ], [ 77.6597317, 30.3905566 ], [ 77.6724216, 30.3904734 ], [ 77.6765491, 30.3877783 ], [ 77.6762316, 30.3803244 ], [ 77.6780809, 30.3756555 ], [ 77.6830983, 30.3764571 ], [ 77.6860687, 30.3792536 ], [ 77.6903985, 30.3759471 ], [ 77.6947244, 30.3657384 ], [ 77.7022428, 30.3556242 ], [ 77.7060768, 30.347067 ], [ 77.708966, 30.3450006 ], [ 77.7097756, 30.3416105 ], [ 77.7135474, 30.3399048 ], [ 77.7142687, 30.3376501 ], [ 77.7218487, 30.3302068 ], [ 77.7320929, 30.3280853 ], [ 77.7470067, 30.3201041 ], [ 77.7547043, 30.3182852 ], [ 77.7611604, 30.3182886 ], [ 77.7657816, 30.3141514 ], [ 77.7842492, 30.3056501 ], [ 77.7857137, 30.3029838 ], [ 77.7942393, 30.2971555 ], [ 77.8197399, 30.2848872 ], [ 77.8328307, 30.2801755 ], [ 77.8390222, 30.2745326 ], [ 77.840748, 30.2737649 ], [ 77.8421724, 30.2763941 ], [ 77.8471738, 30.2765938 ], [ 77.8465257, 30.271641 ], [ 77.8548679, 30.2715895 ], [ 77.8576423, 30.2704734 ], [ 77.8586905, 30.2714113 ], [ 77.8656697, 30.2658158 ], [ 77.8693302, 30.2661116 ], [ 77.8795761, 30.2619492 ], [ 77.8816557, 30.2622717 ], [ 77.8857446, 30.2669836 ], [ 77.8940036, 30.2653666 ], [ 77.9057203, 30.2604976 ], [ 77.9108943, 30.2569918 ], [ 77.9306812, 30.2511099 ], [ 77.9336428, 30.2491926 ], [ 77.9369936, 30.2491631 ], [ 77.9382166, 30.2438404 ], [ 77.9414697, 30.2397918 ], [ 77.9441328, 30.2392525 ], [ 77.949819, 30.2423061 ], [ 77.9515144, 30.2452812 ], [ 77.9593327, 30.2446323 ], [ 77.9616973, 30.2423693 ], [ 77.9580025, 30.2422361 ], [ 77.9498468, 30.2350542 ], [ 77.9469246, 30.2340565 ], [ 77.9460213, 30.2303599 ], [ 77.9411614, 30.2278765 ], [ 77.9383855, 30.2243431 ], [ 77.9379281, 30.2208378 ], [ 77.9348021, 30.2192772 ], [ 77.9321349, 30.214388 ], [ 77.9231483, 30.2132779 ], [ 77.9189352, 30.2112787 ], [ 77.9171325, 30.2041019 ], [ 77.9180222, 30.2030696 ], [ 77.914991, 30.1997548 ], [ 77.9139338, 30.1964708 ], [ 77.9134526, 30.193994 ], [ 77.9148257, 30.1915621 ], [ 77.9117472, 30.1866455 ], [ 77.9120188, 30.1825312 ], [ 77.9087435, 30.1785945 ], [ 77.9002808, 30.1725918 ], [ 77.8889289, 30.1573194 ], [ 77.881177, 30.1507317 ], [ 77.8768765, 30.1392263 ], [ 77.8684162, 30.1268299 ], [ 77.8660902, 30.119135 ], [ 77.8604155, 30.1131925 ], [ 77.8532378, 30.1069884 ], [ 77.8479212, 30.1041353 ], [ 77.8394467, 30.102623 ], [ 77.8368228, 30.1035187 ], [ 77.836237, 30.098257 ], [ 77.8330329, 30.0945788 ], [ 77.8342777, 30.0905153 ], [ 77.8280537, 30.0859174 ], [ 77.8216694, 30.0856817 ], [ 77.8104514, 30.0927236 ], [ 77.801195, 30.0954774 ], [ 77.7991668, 30.0904711 ], [ 77.7996962, 30.0871946 ], [ 77.7967477, 30.0852773 ], [ 77.7984457, 30.0835524 ], [ 77.794766, 30.0812528 ], [ 77.7958211, 30.0798554 ], [ 77.7908416, 30.0750247 ], [ 77.7899159, 30.0718834 ], [ 77.7845238, 30.0665976 ], [ 77.7811297, 30.0604792 ], [ 77.7748179, 30.0552159 ], [ 77.7746053, 30.0527822 ], [ 77.7711387, 30.0480219 ], [ 77.7700539, 30.0425481 ], [ 77.7813742, 30.0334983 ], [ 77.7793776, 30.0306734 ], [ 77.7854921, 30.0278927 ], [ 77.7827563, 30.0238475 ], [ 77.7819844, 30.0186275 ], [ 77.777659, 30.0173438 ], [ 77.7758102, 30.0179724 ], [ 77.773909, 30.0147516 ], [ 77.7716822, 30.0149796 ], [ 77.7619588, 30.0093044 ], [ 77.7642262, 30.0044451 ], [ 77.7576036, 30.0015165 ], [ 77.7553849, 29.9990018 ], [ 77.7603752, 29.9951065 ], [ 77.755275, 29.9919777 ], [ 77.7503377, 29.9858672 ], [ 77.7473895, 29.9856413 ], [ 77.7437143, 29.9833559 ], [ 77.7460306, 29.9805485 ], [ 77.7401957, 29.9752883 ], [ 77.7406174, 29.969564 ], [ 77.7332974, 29.9559338 ], [ 77.737007, 29.9537647 ], [ 77.7483645, 29.9516392 ], [ 77.7449241, 29.9478372 ], [ 77.7470635, 29.9465413 ], [ 77.7429373, 29.9434424 ], [ 77.7429883, 29.9409438 ], [ 77.7406218, 29.9421944 ], [ 77.7304716, 29.931695 ], [ 77.7345826, 29.9289912 ], [ 77.7375912, 29.9288486 ], [ 77.7429853, 29.9246756 ], [ 77.7438935, 29.9231413 ], [ 77.742979, 29.9180998 ], [ 77.7477763, 29.9111659 ], [ 77.7466897, 29.9097192 ], [ 77.7365319, 29.9066589 ], [ 77.7383586, 29.9030269 ], [ 77.7336735, 29.9015667 ], [ 77.7339158, 29.8996398 ], [ 77.7292726, 29.9005121 ], [ 77.7285718, 29.8976364 ], [ 77.7317477, 29.8929704 ], [ 77.7306761, 29.8913927 ], [ 77.7291896, 29.8923924 ], [ 77.7271343, 29.8903317 ], [ 77.725073, 29.8903072 ], [ 77.7232962, 29.8883796 ], [ 77.7240332, 29.8866489 ], [ 77.7227522, 29.8844211 ], [ 77.7184625, 29.887404 ], [ 77.7157751, 29.8855422 ], [ 77.7147139, 29.8840768 ], [ 77.716946, 29.8784672 ], [ 77.7207726, 29.8761566 ], [ 77.7195702, 29.8743455 ], [ 77.7152117, 29.8729923 ], [ 77.7142979, 29.8694545 ], [ 77.7178579, 29.86679 ], [ 77.7186364, 29.865449 ], [ 77.7165183, 29.863186 ], [ 77.7213722, 29.8587991 ], [ 77.7206875, 29.8577933 ], [ 77.7234385, 29.8550515 ], [ 77.7256665, 29.8561338 ], [ 77.7270086, 29.8555396 ], [ 77.726568, 29.8542416 ], [ 77.7338549, 29.8537364 ], [ 77.7355031, 29.8525498 ], [ 77.7364641, 29.8535595 ], [ 77.7397656, 29.8515805 ], [ 77.7418893, 29.8518455 ], [ 77.7438892, 29.8475767 ], [ 77.7416148, 29.846286 ], [ 77.7440368, 29.8398773 ], [ 77.7402199, 29.8347335 ], [ 77.7557002, 29.8253008 ], [ 77.7539877, 29.8208048 ], [ 77.7589914, 29.8185031 ], [ 77.7560789, 29.8128355 ], [ 77.7515793, 29.8106796 ], [ 77.7554532, 29.8090284 ], [ 77.756395, 29.8064398 ], [ 77.7632166, 29.8026265 ], [ 77.7654627, 29.7989937 ], [ 77.7654525, 29.795924 ], [ 77.7742509, 29.7910447 ], [ 77.7745612, 29.7887441 ], [ 77.7721876, 29.7864102 ], [ 77.7739618, 29.784006 ], [ 77.7723836, 29.7800028 ], [ 77.7778558, 29.7749766 ], [ 77.7731199, 29.7687001 ], [ 77.780356, 29.7650159 ], [ 77.7705158, 29.7502178 ], [ 77.7693129, 29.7505856 ], [ 77.7695293, 29.7453381 ], [ 77.782678, 29.7362379 ], [ 77.769731, 29.7176023 ], [ 77.7717242, 29.7138467 ], [ 77.7787191, 29.7106757 ], [ 77.7833413, 29.7093951 ], [ 77.7855769, 29.7105713 ], [ 77.7872, 29.7095389 ], [ 77.7918485, 29.7099421 ], [ 77.802597, 29.7033937 ], [ 77.8104834, 29.7023711 ], [ 77.7990536, 29.6861914 ], [ 77.8092385, 29.679861 ], [ 77.8153376, 29.6783125 ], [ 77.8236584, 29.6714488 ], [ 77.8300488, 29.6682995 ], [ 77.8319478, 29.6704077 ], [ 77.8338173, 29.6689887 ], [ 77.8356815, 29.6695565 ], [ 77.8367795, 29.6717135 ], [ 77.8386173, 29.6704869 ], [ 77.8431039, 29.6752246 ], [ 77.8470864, 29.6754113 ], [ 77.8502511, 29.6799777 ], [ 77.8529819, 29.6803256 ], [ 77.8537309, 29.681544 ], [ 77.8557042, 29.680059 ], [ 77.8628103, 29.6894493 ], [ 77.8656041, 29.6878115 ], [ 77.8696029, 29.688987 ], [ 77.87471, 29.6872926 ], [ 77.8794839, 29.6929076 ], [ 77.8790055, 29.7002396 ], [ 77.8826466, 29.7024276 ], [ 77.8842916, 29.7007458 ], [ 77.8908983, 29.6988555 ], [ 77.8945025, 29.6997296 ], [ 77.8966069, 29.7021992 ], [ 77.9020747, 29.7011938 ], [ 77.9125333, 29.6959219 ], [ 77.9139622, 29.6984761 ], [ 77.9200691, 29.6992879 ], [ 77.9157658, 29.7022138 ], [ 77.9169221, 29.7055564 ], [ 77.9197873, 29.7050012 ], [ 77.9264435, 29.7142196 ], [ 77.9345661, 29.7111159 ], [ 77.9381505, 29.7144842 ], [ 77.9409404, 29.7108411 ], [ 77.9455434, 29.7130639 ], [ 77.9470224, 29.7124841 ], [ 77.9530184, 29.7073471 ], [ 77.9495676, 29.7041338 ], [ 77.950981, 29.7015942 ], [ 77.9398945, 29.6960831 ], [ 77.9456724, 29.6918244 ], [ 77.9449567, 29.6907771 ], [ 77.9458923, 29.6899613 ], [ 77.9509343, 29.687357 ], [ 77.9474418, 29.6830883 ], [ 77.9493685, 29.6798008 ], [ 77.969959, 29.6664307 ], [ 77.9695465, 29.6562336 ], [ 77.9664506, 29.6501435 ], [ 77.9794527, 29.642657 ], [ 77.9818597, 29.6451247 ], [ 77.9837674, 29.6447237 ], [ 77.977386, 29.631249 ], [ 77.9759686, 29.6173794 ], [ 77.9776898, 29.6134455 ], [ 77.9669434, 29.6114202 ], [ 77.9602132, 29.6116466 ], [ 77.948421, 29.6169145 ], [ 77.9427687, 29.6086464 ], [ 77.9333023, 29.6005149 ], [ 77.9403444, 29.5927103 ], [ 77.9575873, 29.5856814 ], [ 77.9615908, 29.5820547 ], [ 77.9671037, 29.5801399 ], [ 77.9688948, 29.5814137 ], [ 77.9730632, 29.5806889 ], [ 77.9749327, 29.5850161 ], [ 77.9799741, 29.5851477 ], [ 77.982724, 29.5835641 ], [ 77.9864502, 29.5843833 ], [ 77.9892699, 29.5883711 ], [ 77.9935293, 29.591219 ], [ 77.995165, 29.5957958 ], [ 77.996173, 29.5914574 ], [ 78.0007996, 29.5862056 ], [ 78.0215992, 29.5808523 ], [ 78.0152355, 29.5872497 ], [ 78.0182837, 29.5981991 ], [ 78.0310898, 29.608324 ], [ 78.0330742, 29.6116138 ], [ 78.0343199, 29.6103784 ], [ 78.0464923, 29.616075 ], [ 78.0488475, 29.6146106 ], [ 78.0528364, 29.6188248 ], [ 78.0571106, 29.6266903 ], [ 78.0574717, 29.6306869 ], [ 78.0685465, 29.6304207 ], [ 78.0818792, 29.625135 ], [ 78.0866882, 29.6250327 ], [ 78.0814629, 29.6351422 ], [ 78.0933969, 29.640449 ], [ 78.1040343, 29.6412264 ], [ 78.1192874, 29.6499662 ], [ 78.130538, 29.6525376 ], [ 78.1335938, 29.6594952 ], [ 78.1375771, 29.6635439 ], [ 78.1716222, 29.6915705 ], [ 78.1805099, 29.696826 ], [ 78.1884006, 29.6922866 ], [ 78.1960357, 29.6929861 ], [ 78.2020117, 29.714431 ], [ 78.2035817, 29.7282558 ], [ 78.2001551, 29.7302883 ], [ 78.2039218, 29.7372652 ], [ 78.2216531, 29.7406571 ], [ 78.2295799, 29.7366932 ], [ 78.2402338, 29.7414336 ], [ 78.2459213, 29.7345192 ], [ 78.2500897, 29.7342602 ], [ 78.2556451, 29.7382454 ], [ 78.2597516, 29.7383367 ], [ 78.2621874, 29.7435498 ], [ 78.2670332, 29.7428397 ], [ 78.2682977, 29.7464523 ], [ 78.2809491, 29.7557574 ], [ 78.2845278, 29.761782 ], [ 78.2880896, 29.7612435 ], [ 78.2909468, 29.7585949 ], [ 78.2926761, 29.7590631 ], [ 78.2981085, 29.7663561 ], [ 78.3009628, 29.7682512 ], [ 78.3006136, 29.7710389 ], [ 78.3036321, 29.7747593 ], [ 78.306866, 29.7755074 ], [ 78.3095153, 29.7799605 ], [ 78.3129032, 29.7794084 ], [ 78.3134222, 29.7809376 ], [ 78.3210951, 29.785503 ], [ 78.324395, 29.7898636 ], [ 78.3307393, 29.7931787 ], [ 78.3331589, 29.7926651 ], [ 78.3356586, 29.7966056 ], [ 78.3492869, 29.7884759 ], [ 78.3927552, 29.7673913 ], [ 78.409063, 29.7633846 ], [ 78.4285054, 29.7644553 ], [ 78.445144, 29.7503784 ], [ 78.4556373, 29.7451517 ], [ 78.4736872, 29.7398776 ], [ 78.4878163, 29.7383748 ], [ 78.5009643, 29.7329048 ], [ 78.5101986, 29.7266096 ], [ 78.5165424, 29.7194017 ], [ 78.5187058, 29.7017662 ], [ 78.5214456, 29.6934687 ], [ 78.5205379, 29.6837865 ], [ 78.5223508, 29.6745635 ], [ 78.5214871, 29.6578154 ], [ 78.532674, 29.6387499 ], [ 78.5408065, 29.6270898 ], [ 78.5442406, 29.6255451 ], [ 78.5650685, 29.6010891 ], [ 78.5803567, 29.5863682 ], [ 78.6177322, 29.5580267 ], [ 78.6242452, 29.556538 ], [ 78.6385125, 29.5466613 ], [ 78.650471, 29.5459995 ], [ 78.6757441, 29.5267207 ], [ 78.699722, 29.5062103 ], [ 78.7062569, 29.5026846 ], [ 78.7112134, 29.500364 ], [ 78.7170387, 29.5007201 ], [ 78.7200869, 29.5021683 ], [ 78.7305881, 29.5003802 ], [ 78.7327269, 29.5019935 ], [ 78.7381889, 29.5001921 ], [ 78.7450109, 29.5007822 ], [ 78.7491907, 29.4959648 ], [ 78.7535903, 29.4961929 ], [ 78.7565508, 29.494586 ], [ 78.7590278, 29.4906423 ], [ 78.7775654, 29.4771428 ], [ 78.7996729, 29.4645749 ], [ 78.8105569, 29.4658069 ], [ 78.822742, 29.4597506 ], [ 78.8410831, 29.4571474 ], [ 78.8808715, 29.4433849 ], [ 78.9002007, 29.4414872 ], [ 78.9040388, 29.4389789 ], [ 78.915776, 29.4362849 ], [ 78.9187235, 29.4342593 ], [ 78.9253448, 29.4338341 ], [ 78.936339, 29.4382169 ], [ 78.9423323, 29.4385709 ], [ 78.9403765, 29.437556 ], [ 78.9402399, 29.4352645 ], [ 78.9431179, 29.4346892 ], [ 78.9383101, 29.434006 ], [ 78.9257141, 29.4259513 ], [ 78.923976, 29.4188081 ], [ 78.9187479, 29.4098804 ], [ 78.9183807, 29.4035087 ], [ 78.9125574, 29.4011666 ], [ 78.9114838, 29.3996101 ], [ 78.9117917, 29.3937483 ], [ 78.9050735, 29.3895066 ], [ 78.9021879, 29.3849521 ], [ 78.892164, 29.3809636 ], [ 78.8873367, 29.3730526 ], [ 78.8811376, 29.3751698 ], [ 78.8777359, 29.3749652 ], [ 78.8757344, 29.3719832 ], [ 78.8766057, 29.3702176 ], [ 78.8795777, 29.369364 ], [ 78.8787144, 29.3660053 ], [ 78.8603157, 29.3581955 ], [ 78.8519284, 29.3603319 ], [ 78.8511258, 29.3555235 ], [ 78.8529833, 29.3518826 ], [ 78.8559767, 29.3497243 ], [ 78.8545656, 29.3496424 ], [ 78.8541015, 29.3477299 ], [ 78.849868, 29.3448171 ], [ 78.8455817, 29.3441912 ], [ 78.8402379, 29.3459744 ], [ 78.8357596, 29.3504591 ], [ 78.8307396, 29.3514861 ], [ 78.8274525, 29.3542067 ], [ 78.828339, 29.359667 ], [ 78.8263568, 29.3614333 ], [ 78.8276007, 29.3637653 ], [ 78.825863, 29.3655474 ], [ 78.8302612, 29.368012 ], [ 78.8247328, 29.3671308 ], [ 78.8221519, 29.3591376 ], [ 78.810507, 29.3401244 ], [ 78.799902, 29.3345754 ], [ 78.8028573, 29.3312465 ], [ 78.8012003, 29.3252445 ], [ 78.8047217, 29.3192497 ], [ 78.7981975, 29.3190101 ], [ 78.7954469, 29.3147108 ], [ 78.7959107, 29.3117652 ], [ 78.7895508, 29.3152964 ], [ 78.7905409, 29.3188873 ], [ 78.7953989, 29.3250116 ], [ 78.7930899, 29.3268292 ], [ 78.7934475, 29.3281668 ], [ 78.7905179, 29.330591 ], [ 78.7867868, 29.3261064 ], [ 78.7852499, 29.3271505 ], [ 78.7815929, 29.3255302 ], [ 78.778818, 29.3265198 ], [ 78.7774824, 29.3257277 ], [ 78.7733298, 29.3284918 ], [ 78.7743092, 29.3319768 ], [ 78.7665514, 29.3374011 ], [ 78.7608082, 29.3329264 ], [ 78.7537641, 29.3312184 ], [ 78.7527873, 29.3290662 ], [ 78.7536917, 29.3273231 ], [ 78.7495502, 29.3232434 ], [ 78.7503182, 29.3173546 ], [ 78.7450795, 29.3179404 ], [ 78.7429289, 29.3158249 ], [ 78.7406762, 29.3157866 ], [ 78.7400814, 29.3168963 ], [ 78.7416614, 29.3170831 ], [ 78.7406728, 29.3204185 ], [ 78.7336688, 29.3219035 ], [ 78.7357711, 29.3185252 ], [ 78.7320877, 29.3175592 ], [ 78.7313432, 29.3135243 ], [ 78.7351787, 29.30654 ], [ 78.7344534, 29.3029397 ], [ 78.727193, 29.3055089 ], [ 78.7229851, 29.3034477 ], [ 78.7201193, 29.3066203 ], [ 78.718588, 29.3066407 ], [ 78.7189167, 29.303232 ], [ 78.7226905, 29.2993187 ], [ 78.7267531, 29.297796 ], [ 78.728428, 29.2992164 ], [ 78.7345217, 29.299566 ], [ 78.7361355, 29.2967586 ], [ 78.7493295, 29.2886054 ], [ 78.7537325, 29.2871122 ], [ 78.7650155, 29.2793059 ], [ 78.7732124, 29.2711346 ], [ 78.7701863, 29.2670377 ], [ 78.7738281, 29.2619864 ], [ 78.785094, 29.2536483 ], [ 78.7881522, 29.2533692 ], [ 78.7897543, 29.2549551 ], [ 78.791887, 29.2522669 ], [ 78.7904163, 29.2501691 ], [ 78.7914756, 29.2487024 ], [ 78.7900805, 29.2476409 ], [ 78.7907739, 29.2469039 ], [ 78.7932388, 29.2445276 ], [ 78.7984075, 29.2444169 ], [ 78.7999235, 29.241951 ], [ 78.8077969, 29.2366672 ], [ 78.8200754, 29.2321429 ], [ 78.8198956, 29.2337359 ], [ 78.8224653, 29.2334119 ], [ 78.8257191, 29.2361039 ], [ 78.8323115, 29.2367458 ], [ 78.8381574, 29.2425466 ], [ 78.8381767, 29.2410909 ], [ 78.8412965, 29.23969 ], [ 78.8394592, 29.2367851 ], [ 78.8433713, 29.2348389 ], [ 78.8455445, 29.2367741 ], [ 78.8495438, 29.2327129 ], [ 78.8510693, 29.2368186 ], [ 78.8526177, 29.2384152 ], [ 78.8553738, 29.2385196 ], [ 78.8582877, 29.2417842 ], [ 78.8621665, 29.2394321 ], [ 78.8585888, 29.23299 ], [ 78.8615468, 29.2326929 ], [ 78.8632628, 29.230305 ], [ 78.8706908, 29.2272543 ], [ 78.8726359, 29.2275893 ], [ 78.8726111, 29.2303061 ], [ 78.8744801, 29.2302485 ], [ 78.8742272, 29.2267807 ], [ 78.8764762, 29.2255331 ], [ 78.8717641, 29.2225689 ], [ 78.8758318, 29.2190185 ], [ 78.8795614, 29.2185833 ], [ 78.880524, 29.2169952 ], [ 78.8781181, 29.2157136 ], [ 78.8785377, 29.2142609 ], [ 78.8832811, 29.2113083 ], [ 78.8810343, 29.2103145 ], [ 78.8782831, 29.2063553 ], [ 78.8750999, 29.2065093 ], [ 78.8752161, 29.2051682 ], [ 78.8810374, 29.1999237 ], [ 78.8854996, 29.2031719 ], [ 78.8906243, 29.2011769 ], [ 78.8912828, 29.1980801 ], [ 78.8867453, 29.1950807 ], [ 78.8900598, 29.1922105 ], [ 78.8942846, 29.1918906 ], [ 78.8963635, 29.1935753 ], [ 78.8995589, 29.1885812 ], [ 78.8997419, 29.1858849 ], [ 78.8978169, 29.1851138 ], [ 78.8952555, 29.1867018 ], [ 78.8945724, 29.1857597 ], [ 78.8984856, 29.1818051 ], [ 78.9031697, 29.1809097 ], [ 78.9034654, 29.1782385 ], [ 78.90683, 29.1800552 ], [ 78.9087501, 29.1785618 ], [ 78.9016671, 29.169563 ], [ 78.9090529, 29.1635397 ], [ 78.9080144, 29.1606922 ], [ 78.9090865, 29.1573237 ], [ 78.9063741, 29.1517415 ], [ 78.9128674, 29.1543774 ], [ 78.915452, 29.1524452 ], [ 78.9154796, 29.1499422 ], [ 78.9120545, 29.1474198 ], [ 78.9110462, 29.1444345 ], [ 78.9162297, 29.1406673 ], [ 78.91621, 29.1377276 ], [ 78.9187581, 29.1355345 ], [ 78.9071807, 29.1274127 ], [ 78.9063344, 29.125014 ], [ 78.9270213, 29.1181298 ], [ 78.9346438, 29.1296432 ], [ 78.942865, 29.1261671 ], [ 78.9437491, 29.1275093 ], [ 78.9564453, 29.119888 ], [ 78.9641728, 29.1305008 ], [ 78.9728677, 29.1269137 ], [ 78.9745658, 29.1298381 ], [ 78.9746773, 29.1359463 ], [ 78.9775515, 29.1366029 ], [ 78.9771391, 29.1384004 ], [ 78.9799031, 29.141754 ], [ 78.9823649, 29.1418095 ], [ 78.9823434, 29.143046 ], [ 78.989836, 29.1394931 ], [ 78.9912795, 29.1306784 ], [ 78.9966455, 29.1301236 ], [ 79.0001272, 29.1272104 ], [ 79.0042352, 29.125899 ], [ 79.0017108, 29.1222563 ], [ 79.0034972, 29.1192079 ], [ 79.0062503, 29.1182793 ], [ 79.0081699, 29.1119111 ], [ 79.0141931, 29.1166181 ], [ 79.0266988, 29.1124171 ], [ 79.0345582, 29.1177021 ], [ 79.0406322, 29.1276669 ], [ 79.031753, 29.1281049 ], [ 79.027317, 29.1324439 ], [ 79.0192142, 29.1293361 ], [ 79.0169206, 29.1307721 ], [ 79.014938, 29.1339452 ], [ 79.0211146, 29.145829 ], [ 79.0178211, 29.1538403 ], [ 79.0190834, 29.1557174 ], [ 79.0238233, 29.1555512 ], [ 79.0297768, 29.1469718 ], [ 79.0346118, 29.1440749 ], [ 79.0374007, 29.1448232 ], [ 79.0359482, 29.1530886 ], [ 79.0393682, 29.1584084 ], [ 79.0323656, 29.1591304 ], [ 79.0291239, 29.1641337 ], [ 79.0321262, 29.1684269 ], [ 79.0358397, 29.1693921 ], [ 79.0394374, 29.1685684 ], [ 79.0453767, 29.1641824 ], [ 79.0505045, 29.1569304 ], [ 79.053704, 29.1548685 ], [ 79.0594195, 29.1554223 ], [ 79.0748689, 29.1516405 ], [ 79.0905685, 29.1433899 ], [ 79.1013888, 29.1340995 ], [ 79.1118992, 29.1279242 ], [ 79.114742, 29.1280296 ], [ 79.1194577, 29.1257671 ], [ 79.1227327, 29.1273376 ], [ 79.1249228, 29.1330632 ], [ 79.1268666, 29.1326849 ], [ 79.141886, 29.1243343 ], [ 79.1408243, 29.122262 ], [ 79.143397, 29.1202672 ], [ 79.1454956, 29.1206886 ], [ 79.1501681, 29.1186666 ], [ 79.1535008, 29.1151847 ], [ 79.1512717, 29.1132715 ], [ 79.1524535, 29.1071208 ], [ 79.1508382, 29.1034144 ], [ 79.1531771, 29.1015502 ], [ 79.1483187, 29.0991386 ], [ 79.1515302, 29.095401 ], [ 79.1500213, 29.0945105 ], [ 79.1499551, 29.0917578 ], [ 79.1432734, 29.0866791 ], [ 79.1434727, 29.0831782 ], [ 79.1421196, 29.0819444 ], [ 79.1418066, 29.0776336 ], [ 79.144224, 29.0720299 ], [ 79.1425031, 29.0669473 ], [ 79.1458705, 29.0645674 ], [ 79.1451313, 29.0629624 ], [ 79.1473256, 29.0622643 ], [ 79.1487633, 29.0584483 ], [ 79.1534044, 29.0566427 ], [ 79.1619103, 29.0489648 ], [ 79.1679985, 29.0473777 ], [ 79.1702906, 29.0486059 ], [ 79.1751076, 29.0462466 ], [ 79.1717995, 29.0450583 ], [ 79.1719157, 29.042641 ], [ 79.1691561, 29.0423824 ], [ 79.1708483, 29.0394218 ], [ 79.1679997, 29.0382562 ], [ 79.1688403, 29.0357668 ], [ 79.1675098, 29.0321979 ], [ 79.1661231, 29.031391 ], [ 79.1643953, 29.0322173 ], [ 79.1649692, 29.0288425 ], [ 79.1623501, 29.0292099 ], [ 79.1622025, 29.0240913 ], [ 79.1639473, 29.0210463 ], [ 79.1658893, 29.0202387 ], [ 79.165278, 29.0177882 ], [ 79.1684334, 29.0194166 ], [ 79.1690092, 29.0180518 ], [ 79.1736957, 29.0178328 ], [ 79.175815, 29.0157383 ], [ 79.1710559, 29.0118694 ], [ 79.1769386, 29.0133309 ], [ 79.1809433, 29.0128765 ], [ 79.1826721, 29.0160497 ], [ 79.1859479, 29.0176413 ], [ 79.1938415, 29.0155889 ], [ 79.1908922, 29.0189491 ], [ 79.1907701, 29.0231773 ], [ 79.1920638, 29.0232766 ], [ 79.1942624, 29.0197183 ], [ 79.1974069, 29.0213803 ], [ 79.2036489, 29.0207445 ], [ 79.2063061, 29.0242134 ], [ 79.2117332, 29.0275649 ], [ 79.2220262, 29.0194471 ], [ 79.2315501, 29.015121 ], [ 79.2449477, 29.0100795 ], [ 79.25102, 29.010239 ], [ 79.2477513, 29.0033446 ], [ 79.2591323, 28.9924011 ], [ 79.2923317, 28.9738084 ], [ 79.298849, 28.9727959 ], [ 79.3072659, 28.9664676 ], [ 79.3074666, 28.9678704 ], [ 79.3103315, 28.9679892 ], [ 79.310919, 28.9699912 ], [ 79.3126837, 28.9689724 ], [ 79.3126818, 28.9711226 ], [ 79.3101905, 28.9721619 ], [ 79.3126504, 28.9749763 ], [ 79.3109412, 28.9756759 ], [ 79.3122256, 28.9769679 ], [ 79.3214565, 28.9718018 ], [ 79.3372222, 28.972128 ], [ 79.3503367, 28.9700759 ], [ 79.3562685, 28.9676982 ], [ 79.3647016, 28.9680749 ], [ 79.3651655, 28.9707446 ], [ 79.3624416, 28.9706805 ], [ 79.3609889, 28.9719347 ], [ 79.3630902, 28.9779825 ], [ 79.3621104, 28.981445 ], [ 79.3676272, 28.9866367 ], [ 79.3723591, 28.9874715 ], [ 79.3723938, 28.9845969 ], [ 79.3776859, 28.9756974 ], [ 79.3771425, 28.971389 ], [ 79.3817515, 28.9697979 ], [ 79.3820986, 28.9622394 ], [ 79.3863136, 28.9531931 ], [ 79.3852984, 28.9517695 ], [ 79.3873263, 28.949695 ], [ 79.3906466, 28.9473888 ], [ 79.402807, 28.9500108 ], [ 79.4047074, 28.9492074 ], [ 79.4043318, 28.9504069 ], [ 79.4062041, 28.9498518 ], [ 79.4054026, 28.9515052 ], [ 79.4074773, 28.9522464 ], [ 79.4158299, 28.9438179 ], [ 79.4155791, 28.9413679 ], [ 79.4190085, 28.9400316 ], [ 79.4188936, 28.9329797 ], [ 79.4158377, 28.9278693 ], [ 79.4265164, 28.9219566 ], [ 79.4278649, 28.9182463 ], [ 79.4268861, 28.9161782 ], [ 79.424873, 28.9167507 ], [ 79.4270043, 28.9153267 ], [ 79.4247916, 28.915449 ], [ 79.4269211, 28.9144154 ], [ 79.4251328, 28.9143735 ], [ 79.4253868, 28.9132445 ], [ 79.4276418, 28.9126905 ], [ 79.4251096, 28.9121313 ], [ 79.4265809, 28.9109238 ], [ 79.4242797, 28.9084072 ], [ 79.4253231, 28.9052223 ], [ 79.4226587, 28.9027812 ], [ 79.4225127, 28.8994796 ], [ 79.42466, 28.8974345 ], [ 79.4229372, 28.8934941 ], [ 79.4244215, 28.8937893 ], [ 79.4257593, 28.8923151 ], [ 79.4277326, 28.8929848 ], [ 79.4279163, 28.8910686 ], [ 79.4301928, 28.8901065 ], [ 79.4296639, 28.8881819 ], [ 79.430978, 28.8859976 ], [ 79.4277239, 28.878857 ], [ 79.427869, 28.8765265 ], [ 79.4267296, 28.8765491 ], [ 79.4250055, 28.8736647 ], [ 79.425421, 28.8666731 ], [ 79.4417218, 28.8616604 ], [ 79.44518, 28.863826 ], [ 79.4458357, 28.8674964 ], [ 79.4499488, 28.8675461 ], [ 79.4497866, 28.8707876 ], [ 79.4519953, 28.8713691 ], [ 79.4619359, 28.8667644 ], [ 79.466112, 28.8677723 ], [ 79.4705714, 28.8654088 ], [ 79.4772153, 28.8645668 ], [ 79.4789177, 28.8672761 ], [ 79.4787334, 28.8711448 ], [ 79.4806116, 28.8704468 ], [ 79.4818631, 28.8717347 ], [ 79.486209, 28.8723995 ], [ 79.4951567, 28.8719901 ], [ 79.4968267, 28.8728887 ], [ 79.5025231, 28.8705462 ], [ 79.5099175, 28.8645346 ], [ 79.5113956, 28.8672178 ], [ 79.5170103, 28.8668728 ], [ 79.5217811, 28.8647449 ], [ 79.5235084, 28.8671192 ], [ 79.533041, 28.8697086 ], [ 79.5365967, 28.8740148 ], [ 79.5371631, 28.8769384 ], [ 79.5416553, 28.8804285 ], [ 79.5404599, 28.8819345 ], [ 79.5421928, 28.8845273 ], [ 79.543399, 28.8856964 ], [ 79.5452809, 28.8847682 ], [ 79.5459518, 28.8855806 ], [ 79.5479135, 28.8909659 ], [ 79.5494469, 28.8900781 ], [ 79.5549396, 28.89376 ], [ 79.5527518, 28.8958024 ], [ 79.5563509, 28.899093 ], [ 79.5706161, 28.8925334 ], [ 79.5699855, 28.8877489 ], [ 79.571242, 28.8864637 ], [ 79.5775535, 28.8886404 ], [ 79.5791744, 28.8861779 ], [ 79.5783503, 28.8834888 ], [ 79.5842696, 28.8791802 ], [ 79.5805898, 28.8721144 ], [ 79.5809716, 28.8661552 ], [ 79.5753222, 28.8590457 ], [ 79.57496, 28.855802 ], [ 79.5734898, 28.8546465 ], [ 79.5756491, 28.8504495 ], [ 79.5843616, 28.8462727 ], [ 79.5875141, 28.8499864 ], [ 79.5915494, 28.8494957 ], [ 79.5935957, 28.8520383 ], [ 79.5971239, 28.8512541 ], [ 79.6012352, 28.854661 ], [ 79.6033874, 28.8547221 ], [ 79.6038969, 28.8568335 ], [ 79.6133082, 28.8528263 ], [ 79.6213785, 28.864308 ], [ 79.6258652, 28.8656028 ], [ 79.6261317, 28.8666246 ], [ 79.6290578, 28.8617884 ], [ 79.6309231, 28.8611207 ], [ 79.6360074, 28.8668113 ], [ 79.6448573, 28.8634267 ], [ 79.6474486, 28.8670173 ], [ 79.6487041, 28.8664284 ], [ 79.649486, 28.8678809 ], [ 79.6534915, 28.8692109 ], [ 79.6555746, 28.8684142 ], [ 79.6560491, 28.8697697 ], [ 79.6657132, 28.8655671 ], [ 79.6634159, 28.861943 ], [ 79.6674353, 28.8596974 ], [ 79.6721234, 28.8580131 ], [ 79.6735665, 28.8591291 ], [ 79.6767355, 28.8582641 ], [ 79.6773843, 28.8592698 ], [ 79.6818925, 28.8567912 ], [ 79.6836673, 28.855322 ], [ 79.6831444, 28.8503892 ], [ 79.6920023, 28.8478836 ], [ 79.6899613, 28.8453289 ], [ 79.6929182, 28.8459139 ], [ 79.7066693, 28.8410092 ], [ 79.7075223, 28.8441689 ], [ 79.7062493, 28.8444493 ], [ 79.709621, 28.8511036 ], [ 79.7185477, 28.8488083 ], [ 79.7189626, 28.8457831 ], [ 79.7199129, 28.8456651 ], [ 79.7205833, 28.850273 ], [ 79.7233989, 28.8528897 ], [ 79.7227068, 28.8552339 ], [ 79.7263712, 28.860974 ], [ 79.7365153, 28.8562606 ], [ 79.7382475, 28.8587562 ], [ 79.7403966, 28.858204 ], [ 79.7456486, 28.8599204 ], [ 79.7490708, 28.8717683 ], [ 79.7592473, 28.8708547 ], [ 79.7667511, 28.8749265 ], [ 79.78344, 28.8712453 ], [ 79.7862891, 28.8734069 ], [ 79.788611, 28.8726922 ], [ 79.7950877, 28.8852616 ], [ 79.7997993, 28.8874793 ], [ 79.8146999, 28.883686 ], [ 79.8138319, 28.8865615 ], [ 79.8180242, 28.8878062 ], [ 79.829295, 28.884454 ], [ 79.8283932, 28.8778177 ], [ 79.8330816, 28.8707098 ], [ 79.8357263, 28.871429 ], [ 79.8353786, 28.8748869 ], [ 79.8410091, 28.8760213 ], [ 79.8446835, 28.8750271 ], [ 79.8466726, 28.8687356 ], [ 79.8457741, 28.8635388 ], [ 79.8496006, 28.8592972 ], [ 79.8450539, 28.8553736 ], [ 79.8453422, 28.8511126 ], [ 79.8406321, 28.8476761 ], [ 79.8380037, 28.8483195 ], [ 79.8328837, 28.8553174 ], [ 79.8307392, 28.8552297 ], [ 79.8297754, 28.8532359 ], [ 79.8324489, 28.8458393 ], [ 79.8363398, 28.8429356 ], [ 79.8367797, 28.8399175 ], [ 79.8308744, 28.83778 ], [ 79.828864, 28.8411705 ], [ 79.8272732, 28.8416715 ], [ 79.823817, 28.8390102 ], [ 79.8278975, 28.8369549 ], [ 79.829275, 28.8327682 ], [ 79.8313112, 28.8307604 ], [ 79.8364246, 28.8330039 ], [ 79.8371724, 28.8323497 ], [ 79.8324496, 28.8235377 ], [ 79.8291528, 28.8213907 ], [ 79.8294468, 28.8181448 ], [ 79.8260425, 28.8149309 ], [ 79.8242871, 28.8072731 ], [ 79.8215928, 28.8053606 ], [ 79.8189704, 28.8054735 ], [ 79.8198955, 28.8121637 ], [ 79.816451, 28.8169188 ], [ 79.8124042, 28.8106301 ], [ 79.8072259, 28.8056585 ], [ 79.8067319, 28.8031841 ], [ 79.8087576, 28.8000149 ], [ 79.8139354, 28.7968841 ], [ 79.8145449, 28.7988894 ], [ 79.8128139, 28.8019638 ], [ 79.8145706, 28.8026067 ], [ 79.8199506, 28.7961079 ], [ 79.8228851, 28.7956317 ], [ 79.8243194, 28.7982865 ], [ 79.8269309, 28.7949705 ], [ 79.8308056, 28.7977264 ], [ 79.8330794, 28.7968216 ], [ 79.834332, 28.7985853 ], [ 79.8383189, 28.7975334 ], [ 79.8398636, 28.8001745 ], [ 79.8384299, 28.8012214 ], [ 79.8403251, 28.8019541 ], [ 79.8393523, 28.8030844 ], [ 79.8454298, 28.8048311 ], [ 79.8462619, 28.8041993 ], [ 79.8454694, 28.8007461 ], [ 79.849341, 28.7996376 ], [ 79.8523738, 28.8018969 ], [ 79.8505946, 28.8033343 ], [ 79.8528929, 28.8061328 ], [ 79.8503139, 28.8060141 ], [ 79.8516569, 28.8088333 ], [ 79.8507586, 28.810453 ], [ 79.8465866, 28.8104407 ], [ 79.8529368, 28.8137299 ], [ 79.8521206, 28.8156587 ], [ 79.849946, 28.8154789 ], [ 79.849657, 28.816591 ], [ 79.8466145, 28.8174377 ], [ 79.8478524, 28.8195329 ], [ 79.846304, 28.8231762 ], [ 79.8488275, 28.8250454 ], [ 79.8540704, 28.8241146 ], [ 79.8537101, 28.826032 ], [ 79.8508262, 28.8269306 ], [ 79.8510241, 28.8285456 ], [ 79.8538667, 28.8269906 ], [ 79.8577181, 28.8306412 ], [ 79.8614196, 28.8305272 ], [ 79.8589789, 28.8316604 ], [ 79.8606138, 28.833038 ], [ 79.8588774, 28.8337987 ], [ 79.8626599, 28.8370613 ], [ 79.8631892, 28.8402168 ], [ 79.8646968, 28.8377688 ], [ 79.8671878, 28.839543 ], [ 79.8702459, 28.83845 ], [ 79.8716635, 28.8401411 ], [ 79.8717958, 28.8385214 ], [ 79.87372, 28.8385954 ], [ 79.8746089, 28.8363421 ], [ 79.873374, 28.8363038 ], [ 79.8743528, 28.8342421 ], [ 79.8725577, 28.8315602 ], [ 79.8757284, 28.8331074 ], [ 79.8784718, 28.8303104 ], [ 79.8783488, 28.83186 ], [ 79.8796143, 28.8324103 ], [ 79.8785744, 28.8335608 ], [ 79.8833953, 28.8339824 ], [ 79.883316, 28.8353831 ], [ 79.8815844, 28.8359291 ], [ 79.8821224, 28.8369328 ], [ 79.8882218, 28.8365579 ], [ 79.8890463, 28.834045 ], [ 79.8939053, 28.8314571 ], [ 79.8919908, 28.8256108 ], [ 79.8940371, 28.8237947 ], [ 79.8940671, 28.8204044 ], [ 79.914526, 28.8184848 ], [ 79.9106383, 28.8119153 ], [ 79.9116997, 28.8078593 ], [ 79.9155219, 28.8042739 ], [ 79.9055442, 28.8029931 ], [ 79.8976983, 28.8054331 ], [ 79.8961059, 28.8080341 ], [ 79.878489, 28.8148343 ], [ 79.8734792, 28.8093918 ], [ 79.8696043, 28.8083418 ], [ 79.8700741, 28.8057634 ], [ 79.8747303, 28.8023554 ], [ 79.8722625, 28.7993586 ], [ 79.8734924, 28.7986144 ], [ 79.8730577, 28.7972831 ], [ 79.8756869, 28.795677 ], [ 79.8832997, 28.7945422 ], [ 79.8827567, 28.7923136 ], [ 79.8842596, 28.7900015 ], [ 79.8972767, 28.7862306 ], [ 79.9013595, 28.7819757 ], [ 79.9061935, 28.7819364 ], [ 79.9098176, 28.7853956 ], [ 79.9139875, 28.7827598 ], [ 79.9178075, 28.7823617 ], [ 79.9193546, 28.7841228 ], [ 79.918841, 28.7865005 ], [ 79.9237777, 28.7867085 ], [ 79.9265241, 28.7900053 ], [ 79.9398197, 28.7877168 ], [ 79.9285209, 28.779024 ], [ 79.9245991, 28.7750307 ], [ 79.9242116, 28.773091 ], [ 79.9269934, 28.7709696 ], [ 79.9273405, 28.768707 ], [ 79.9305709, 28.76802 ], [ 79.9313043, 28.7655361 ], [ 79.9332286, 28.7642767 ], [ 79.9325776, 28.7627206 ], [ 79.9432044, 28.7598915 ], [ 79.9431494, 28.7579786 ], [ 79.9387179, 28.7531311 ], [ 79.9386267, 28.750377 ], [ 79.9435861, 28.7486223 ], [ 79.9464844, 28.7423607 ], [ 79.9436886, 28.7351137 ], [ 79.9454899, 28.7305784 ], [ 79.9541649, 28.7228331 ], [ 80.0301318, 28.7486342 ], [ 80.0522736, 28.7782842 ], [ 80.0554509, 28.7812474 ], [ 80.061736, 28.783195 ], [ 80.0586727, 28.7883872 ], [ 80.0648756, 28.7944327 ], [ 80.0666101, 28.7979275 ], [ 80.0661952, 28.8003042 ], [ 80.0679622, 28.8009472 ], [ 80.068082, 28.8025003 ], [ 80.05922, 28.8168025 ], [ 80.0517888, 28.8203723 ], [ 80.0555953, 28.8217326 ], [ 80.0597861, 28.8253939 ], [ 80.0619723, 28.829098 ], [ 80.0629205, 28.8346749 ], [ 80.0653611, 28.8368995 ], [ 80.0748191, 28.8244868 ], [ 80.1180516, 28.8289798 ], [ 80.1381936, 28.8138346 ], [ 80.1706869, 28.7828193 ], [ 80.2159858, 28.7555682 ], [ 80.2347677, 28.7594324 ], [ 80.2369246, 28.7571433 ], [ 80.2434714, 28.7557856 ], [ 80.251048, 28.7575175 ], [ 80.2565807, 28.7542518 ], [ 80.2642372, 28.7467021 ], [ 80.2655732, 28.7436057 ], [ 80.2648428, 28.7380575 ], [ 80.2625503, 28.7329076 ], [ 80.2565191, 28.7292484 ], [ 80.2672864, 28.7211276 ], [ 80.2758442, 28.7113355 ], [ 80.2791511, 28.7097156 ], [ 80.2934816, 28.7117415 ], [ 80.297863, 28.7097142 ], [ 80.2995908, 28.7066759 ], [ 80.3080543, 28.7049453 ], [ 80.3171217, 28.700143 ], [ 80.321012, 28.6939992 ], [ 80.3227164, 28.6869149 ], [ 80.321136, 28.6816125 ], [ 80.3250893, 28.6722826 ], [ 80.325727, 28.6664776 ], [ 80.3455291, 28.6553213 ], [ 80.3531315, 28.6503506 ], [ 80.3559279, 28.6468602 ], [ 80.3602747, 28.645815 ], [ 80.3570877, 28.6414902 ], [ 80.3609954, 28.6352627 ], [ 80.3674124, 28.6349192 ], [ 80.3708608, 28.6324527 ], [ 80.3708154, 28.6295555 ], [ 80.3743251, 28.6303679 ], [ 80.376353, 28.6289428 ], [ 80.3788532, 28.630358 ], [ 80.3854194, 28.6302196 ], [ 80.4043462, 28.6349516 ], [ 80.4143371, 28.6394651 ], [ 80.4208166, 28.6398917 ], [ 80.4229121, 28.6396077 ], [ 80.4233362, 28.6377679 ], [ 80.4313301, 28.6380534 ], [ 80.4359943, 28.6366505 ], [ 80.4392423, 28.6341008 ], [ 80.439497, 28.6319836 ], [ 80.4427179, 28.6288059 ], [ 80.447687, 28.6297415 ], [ 80.4519398, 28.6288566 ], [ 80.4558362, 28.6238669 ], [ 80.4589555, 28.6226999 ], [ 80.4606547, 28.6204325 ], [ 80.4613933, 28.6189727 ], [ 80.4594348, 28.61771 ], [ 80.4625333, 28.6175852 ], [ 80.4636958, 28.6160831 ], [ 80.463455, 28.6145486 ], [ 80.4615101, 28.6155015 ], [ 80.4603011, 28.6143915 ], [ 80.4619307, 28.6132791 ], [ 80.4696829, 28.5936023 ], [ 80.4720364, 28.5910406 ], [ 80.4711067, 28.5848117 ], [ 80.4686772, 28.5835302 ], [ 80.4702378, 28.5826104 ], [ 80.4742154, 28.5831219 ], [ 80.4790608, 28.5855329 ], [ 80.4814435, 28.5853153 ], [ 80.4838226, 28.5822796 ], [ 80.4937047, 28.5765553 ], [ 80.4996106, 28.569728 ], [ 80.5057551, 28.5684878 ], [ 80.5150102, 28.5575441 ], [ 80.5176238, 28.5519602 ], [ 80.5188312, 28.5521305 ], [ 80.5197406, 28.5544848 ], [ 80.5227785, 28.5529983 ], [ 80.5305953, 28.5726208 ], [ 80.5298288, 28.5749141 ], [ 80.525557, 28.5731908 ], [ 80.5215366, 28.5767469 ], [ 80.5147688, 28.6158507 ], [ 80.5113785, 28.6232299 ], [ 80.5033784, 28.6651429 ], [ 80.5059264, 28.6708363 ], [ 80.5395297, 28.6907564 ], [ 80.5502618, 28.6917419 ], [ 80.5686575, 28.6881326 ], [ 80.59052, 28.6800367 ], [ 80.5802447, 28.6614593 ], [ 80.5974251, 28.6560491 ], [ 80.5894484, 28.6480372 ], [ 80.6061975, 28.6524311 ], [ 80.6116126, 28.6395212 ], [ 80.6332907, 28.6374779 ], [ 80.6414179, 28.643323 ], [ 80.6512974, 28.6340659 ], [ 80.6676254, 28.6421893 ], [ 80.6708415, 28.6279367 ], [ 80.6797414, 28.6210893 ], [ 80.6774668, 28.604446 ], [ 80.6957507, 28.6034857 ], [ 80.690446, 28.5875959 ], [ 80.7036262, 28.5792222 ], [ 80.7145327, 28.5684048 ], [ 80.7244028, 28.5752935 ], [ 80.7384626, 28.5663881 ], [ 80.73838, 28.5748015 ], [ 80.7686007, 28.5659072 ], [ 80.7697107, 28.549947 ], [ 80.7828547, 28.546692 ], [ 80.7896001, 28.5433878 ], [ 80.7846081, 28.5293606 ], [ 80.7891945, 28.5245187 ], [ 80.799683, 28.521233 ], [ 80.815446, 28.5207091 ], [ 80.8300339, 28.5121026 ], [ 80.8438628, 28.4997821 ], [ 80.844537, 28.4957543 ], [ 80.8556309, 28.4975605 ], [ 80.865949, 28.4895839 ], [ 80.8615216, 28.5043936 ], [ 80.8754348, 28.5107082 ], [ 80.8847593, 28.5079422 ], [ 80.896094, 28.5070194 ], [ 80.9000538, 28.5010941 ], [ 80.9087401, 28.4981095 ], [ 80.9067311, 28.490143 ], [ 80.9015339, 28.4861059 ], [ 80.9055559, 28.4663675 ], [ 80.9154146, 28.4576372 ], [ 80.9141482, 28.4684277 ], [ 80.9195429, 28.4642252 ], [ 80.9172165, 28.460045 ], [ 80.9305175, 28.4577748 ], [ 80.9323677, 28.4634921 ], [ 80.9427051, 28.4687361 ], [ 80.9455494, 28.4662596 ], [ 80.9320213, 28.4588907 ], [ 80.9443727, 28.4549285 ], [ 80.9514297, 28.4557809 ], [ 80.9517268, 28.4476402 ], [ 80.9639118, 28.4495764 ], [ 80.9669948, 28.4571536 ], [ 80.9801674, 28.4552416 ], [ 80.9646435, 28.4448377 ], [ 80.9678674, 28.443032 ], [ 80.9649692, 28.4379137 ], [ 80.9788341, 28.4341519 ], [ 80.9776458, 28.4424223 ], [ 80.9889489, 28.4415359 ], [ 80.998887, 28.4530595 ], [ 81.0167571, 28.4512888 ], [ 81.0126093, 28.4378197 ], [ 81.0192832, 28.431467 ], [ 81.0294244, 28.4387946 ], [ 81.0342034, 28.4281792 ], [ 81.0175318, 28.4154726 ], [ 81.0338336, 28.3988984 ], [ 81.0356734, 28.4135774 ], [ 81.0469867, 28.4104264 ], [ 81.079739, 28.3850597 ], [ 81.116322, 28.3771292 ], [ 81.2105969, 28.3608335 ], [ 81.2132924, 28.3585114 ], [ 81.2191419, 28.3454677 ], [ 81.2344823, 28.3247386 ], [ 81.2326386, 28.2891481 ], [ 81.286014, 28.2287169 ], [ 81.2919775, 28.2229209 ], [ 81.2994671, 28.2200899 ], [ 81.3209438, 28.1975543 ], [ 81.318442, 28.1825149 ], [ 81.3246631, 28.175287 ], [ 81.3213472, 28.1688857 ], [ 81.314379, 28.1675803 ], [ 81.3026785, 28.1676819 ], [ 81.3020042, 28.1647627 ], [ 81.3035681, 28.162982 ], [ 81.310135, 28.1603877 ], [ 81.3120599, 28.155898 ], [ 81.3203839, 28.1602839 ], [ 81.3280595, 28.1480817 ], [ 81.318257, 28.145193 ], [ 81.315358, 28.1372198 ], [ 81.3180307, 28.1336716 ], [ 81.3347744, 28.1402859 ], [ 81.342356, 28.1396179 ], [ 81.3638131, 28.141435 ], [ 81.3710763, 28.1434916 ], [ 81.3762283, 28.1499635 ], [ 81.3756889, 28.1520213 ], [ 81.37758, 28.156624 ], [ 81.3761571, 28.1575308 ], [ 81.3763577, 28.1591369 ], [ 81.3695811, 28.1603416 ], [ 81.3670182, 28.1630925 ], [ 81.3677126, 28.1675434 ], [ 81.3744873, 28.1748977 ], [ 81.3722819, 28.1765507 ], [ 81.3735149, 28.1773007 ], [ 81.3906072, 28.1737323 ], [ 81.4107645, 28.1746456 ], [ 81.4176865, 28.1737438 ], [ 81.426723, 28.1706806 ], [ 81.4466836, 28.1610157 ], [ 81.4473286, 28.1587072 ], [ 81.446083, 28.1558958 ], [ 81.4502321, 28.1508889 ], [ 81.4499337, 28.1408506 ], [ 81.4676889, 28.1272355 ], [ 81.4736785, 28.1254535 ], [ 81.4840052, 28.118566 ], [ 81.4798116, 28.1102956 ], [ 81.4782763, 28.0827132 ], [ 81.4877712, 28.0770607 ], [ 81.5474246, 28.049303 ], [ 81.5844826, 28.0254726 ], [ 81.5960352, 28.0212742 ], [ 81.6180667, 28.0094559 ], [ 81.6239851, 28.001601 ], [ 81.6265239, 28.0009074 ], [ 81.6272956, 28.001934 ], [ 81.6360658, 27.9974534 ], [ 81.6388483, 27.9973356 ], [ 81.6437564, 27.9936176 ], [ 81.6844887, 27.9903949 ], [ 81.6984407, 27.9881911 ], [ 81.80494, 27.9033204 ], [ 81.8133998, 27.9044324 ], [ 81.8210592, 27.9036775 ], [ 81.8250234, 27.900656 ], [ 81.8340933, 27.8972288 ], [ 81.8395741, 27.8913729 ], [ 81.8662603, 27.87482 ], [ 81.8776194, 27.866117 ], [ 81.8849585, 27.8569506 ], [ 81.9001169, 27.8535764 ], [ 81.9258498, 27.8598313 ], [ 81.925229, 27.8753279 ], [ 81.9298377, 27.882653 ], [ 81.9380261, 27.8878819 ], [ 81.9382158, 27.8939842 ], [ 81.9475027, 27.9033401 ], [ 81.950928, 27.9103591 ], [ 81.9593932, 27.9164848 ], [ 81.9617859, 27.9233226 ], [ 81.9683243, 27.9291208 ], [ 81.9913041, 27.9291641 ], [ 82.025125, 27.9251033 ], [ 82.0446786, 27.9246046 ], [ 82.0621411, 27.9216945 ], [ 82.0699608, 27.9236458 ], [ 82.0805025, 27.9088625 ], [ 82.0897878, 27.8993146 ], [ 82.0910912, 27.8945454 ], [ 82.1005618, 27.8861151 ], [ 82.1139209, 27.8782245 ], [ 82.1213824, 27.8658463 ], [ 82.1484699, 27.8583687 ], [ 82.1502372, 27.8584632 ], [ 82.1540077, 27.866808 ], [ 82.1766285, 27.8554803 ], [ 82.2083068, 27.8435788 ], [ 82.2304381, 27.8211352 ], [ 82.2527112, 27.8103524 ], [ 82.3034572, 27.7728332 ], [ 82.336687, 27.7546086 ], [ 82.3677155, 27.7429189 ], [ 82.3827283, 27.7207601 ], [ 82.4017242, 27.703723 ], [ 82.4128749, 27.6990472 ], [ 82.4271079, 27.6891564 ], [ 82.436617, 27.6859802 ], [ 82.4486703, 27.6793151 ], [ 82.473308, 27.6766735 ], [ 82.48204, 27.68316 ], [ 82.4843082, 27.6810683 ], [ 82.4898881, 27.6816522 ], [ 82.4922425, 27.6843671 ], [ 82.500837, 27.6851269 ], [ 82.5166088, 27.6905579 ], [ 82.531383, 27.6865199 ], [ 82.5393157, 27.687756 ], [ 82.5412825, 27.6856994 ], [ 82.549891, 27.68888 ], [ 82.5546528, 27.688529 ], [ 82.5626997, 27.6921911 ], [ 82.5850946, 27.6990507 ], [ 82.5940786, 27.6973731 ], [ 82.6002862, 27.704352 ], [ 82.6051931, 27.7060683 ], [ 82.6188691, 27.7023307 ], [ 82.6274133, 27.7092627 ], [ 82.627346, 27.7114372 ], [ 82.6380681, 27.7091137 ], [ 82.6552411, 27.7134574 ], [ 82.6643176, 27.7226387 ], [ 82.6658004, 27.7159434 ], [ 82.6709639, 27.714338 ], [ 82.6808946, 27.713906 ], [ 82.6890424, 27.7151299 ], [ 82.6953275, 27.7181633 ], [ 82.6991261, 27.7219525 ], [ 82.7020865, 27.71615 ], [ 82.7050889, 27.7166271 ], [ 82.7076528, 27.7229164 ], [ 82.7081771, 27.720823 ], [ 82.7054025, 27.7102623 ], [ 82.7060751, 27.7016974 ], [ 82.7097365, 27.6955755 ], [ 82.7157435, 27.6917768 ], [ 82.7183399, 27.6873608 ], [ 82.7151683, 27.681959 ], [ 82.715496, 27.67908 ], [ 82.7141928, 27.677158 ], [ 82.7159549, 27.6758689 ], [ 82.7158952, 27.6729051 ], [ 82.7129685, 27.6708477 ], [ 82.7155751, 27.667634 ], [ 82.7115007, 27.6652901 ], [ 82.7144795, 27.6625975 ], [ 82.7202217, 27.6618228 ], [ 82.7189523, 27.6588978 ], [ 82.7201862, 27.6575349 ], [ 82.723325, 27.6592351 ], [ 82.7257498, 27.6583769 ], [ 82.7293461, 27.6548092 ], [ 82.7303765, 27.6505592 ], [ 82.7321062, 27.649142 ], [ 82.7291669, 27.6475349 ], [ 82.7288656, 27.6457929 ], [ 82.7304407, 27.6450572 ], [ 82.7334869, 27.6464454 ], [ 82.7334459, 27.6429228 ], [ 82.7366016, 27.6434528 ], [ 82.7380245, 27.6403763 ], [ 82.7376684, 27.6374193 ], [ 82.7351698, 27.6359254 ], [ 82.7383772, 27.6324889 ], [ 82.7340417, 27.6287618 ], [ 82.7366686, 27.6259609 ], [ 82.731123, 27.6238509 ], [ 82.7365165, 27.6224244 ], [ 82.7363638, 27.6212875 ], [ 82.7339977, 27.6205143 ], [ 82.7337092, 27.6187147 ], [ 82.7349123, 27.6181101 ], [ 82.7366619, 27.6121851 ], [ 82.7351154, 27.6099329 ], [ 82.7416983, 27.6053841 ], [ 82.7456749, 27.6007637 ], [ 82.7450433, 27.5954944 ], [ 82.7503927, 27.5936862 ], [ 82.755767, 27.5877992 ], [ 82.7552023, 27.5863104 ], [ 82.7523472, 27.5851953 ], [ 82.7508873, 27.5769764 ], [ 82.7486554, 27.5764119 ], [ 82.7492173, 27.5740312 ], [ 82.7474209, 27.5725209 ], [ 82.7508088, 27.5676873 ], [ 82.7508488, 27.5649123 ], [ 82.7435165, 27.5602917 ], [ 82.7469496, 27.5555591 ], [ 82.7453081, 27.5539379 ], [ 82.7411972, 27.5534382 ], [ 82.7401332, 27.5513191 ], [ 82.7382824, 27.5518723 ], [ 82.7388092, 27.5500558 ], [ 82.7409642, 27.549952 ], [ 82.7377651, 27.5465558 ], [ 82.7390095, 27.5448341 ], [ 82.7419748, 27.5460603 ], [ 82.7406549, 27.544376 ], [ 82.7427321, 27.5430312 ], [ 82.7412274, 27.5426539 ], [ 82.7417007, 27.5410847 ], [ 82.7432418, 27.5411467 ], [ 82.7412811, 27.5394062 ], [ 82.7423792, 27.5387647 ], [ 82.7406707, 27.5362989 ], [ 82.7439313, 27.5355948 ], [ 82.7445141, 27.5337141 ], [ 82.7426266, 27.5333649 ], [ 82.7419572, 27.5316549 ], [ 82.7440075, 27.5312786 ], [ 82.744382, 27.5322865 ], [ 82.7455266, 27.5313517 ], [ 82.7443429, 27.5295198 ], [ 82.747162, 27.5312943 ], [ 82.745137, 27.5286997 ], [ 82.7470411, 27.527725 ], [ 82.7462272, 27.525618 ], [ 82.7479521, 27.5268395 ], [ 82.7493102, 27.524513 ], [ 82.7474601, 27.5228116 ], [ 82.7496477, 27.5225677 ], [ 82.7471777, 27.5192678 ], [ 82.7463006, 27.5206664 ], [ 82.7450862, 27.519705 ], [ 82.7418999, 27.5207335 ], [ 82.7431691, 27.5165161 ], [ 82.7387164, 27.5185488 ], [ 82.7367873, 27.5178913 ], [ 82.7376426, 27.508627 ], [ 82.735087, 27.5079909 ], [ 82.7355469, 27.5023521 ], [ 82.7850226, 27.4999962 ], [ 82.801595, 27.4964231 ], [ 82.8325105, 27.5019387 ], [ 82.8478609, 27.4994337 ], [ 82.8658462, 27.4985581 ], [ 82.8794199, 27.4985509 ], [ 82.9133233, 27.5013456 ], [ 82.929288, 27.5011899 ], [ 82.9395733, 27.4910394 ], [ 82.9447872, 27.4767749 ], [ 82.9540924, 27.4677326 ], [ 82.9667482, 27.4640846 ], [ 83.0189621, 27.453909 ], [ 83.0340513, 27.4489009 ], [ 83.077221, 27.4527034 ], [ 83.1657159, 27.4574601 ], [ 83.187948, 27.4543155 ], [ 83.1959094, 27.4463867 ], [ 83.2111056, 27.4234937 ], [ 83.2188306, 27.4162202 ], [ 83.2257307, 27.4116832 ], [ 83.2399624, 27.406409 ], [ 83.2721516, 27.3833486 ], [ 83.2653169, 27.3653676 ], [ 83.2724271, 27.3526281 ], [ 83.2925233, 27.336237 ], [ 83.2916279, 27.3349251 ], [ 83.2944069, 27.3349269 ], [ 83.2948777, 27.3333137 ], [ 83.3006417, 27.3345044 ], [ 83.3048646, 27.3313025 ], [ 83.3084738, 27.3336254 ], [ 83.3175875, 27.3301636 ], [ 83.3156509, 27.3329211 ], [ 83.3188475, 27.3361117 ], [ 83.317839, 27.3374158 ], [ 83.3250072, 27.3366114 ], [ 83.3272338, 27.3341735 ], [ 83.32931, 27.3345412 ], [ 83.3318173, 27.3328397 ], [ 83.3350238, 27.3338303 ], [ 83.3371681, 27.3326328 ], [ 83.3430301, 27.3350521 ], [ 83.344112, 27.3382695 ], [ 83.3522431, 27.3399282 ], [ 83.3508656, 27.3422655 ], [ 83.3539785, 27.3440323 ], [ 83.3554654, 27.3446396 ], [ 83.3592339, 27.3432616 ], [ 83.3578921, 27.3507178 ], [ 83.3640707, 27.3554679 ], [ 83.3680245, 27.3557107 ], [ 83.3690366, 27.3577946 ], [ 83.3737625, 27.3572151 ], [ 83.3737295, 27.3615499 ], [ 83.3721261, 27.3646136 ], [ 83.3746362, 27.3699968 ], [ 83.3821448, 27.3705144 ], [ 83.3876824, 27.375618 ], [ 83.3862716, 27.3805161 ], [ 83.3879042, 27.383268 ], [ 83.3848144, 27.3857018 ], [ 83.3845099, 27.3901673 ], [ 83.3883419, 27.3917196 ], [ 83.3927918, 27.3958869 ], [ 83.3964766, 27.3959849 ], [ 83.3972792, 27.3978219 ], [ 83.4023163, 27.4008756 ], [ 83.4053918, 27.405425 ], [ 83.4059879, 27.4113671 ], [ 83.4093419, 27.4128061 ], [ 83.4091726, 27.4148955 ], [ 83.4068481, 27.4153493 ], [ 83.404964, 27.4188545 ], [ 83.3997069, 27.4189936 ], [ 83.3991637, 27.4197897 ], [ 83.4009262, 27.4209178 ], [ 83.3954458, 27.4225169 ], [ 83.3929135, 27.4248302 ], [ 83.3915973, 27.429797 ], [ 83.386813, 27.4326239 ], [ 83.3839105, 27.4362766 ], [ 83.3861522, 27.4390905 ], [ 83.3835079, 27.4422419 ], [ 83.3898625, 27.4448426 ], [ 83.3907821, 27.4464228 ], [ 83.3953126, 27.4465019 ], [ 83.3976154, 27.4482469 ], [ 83.4017393, 27.4575391 ], [ 83.3999912, 27.4590786 ], [ 83.399516, 27.462955 ], [ 83.402425, 27.4661861 ], [ 83.4010836, 27.4673109 ], [ 83.39762, 27.465525 ], [ 83.3950927, 27.4666077 ], [ 83.3953042, 27.4696374 ], [ 83.388263, 27.4707784 ], [ 83.3889819, 27.4734208 ], [ 83.3922265, 27.475915 ], [ 83.3918052, 27.477936 ], [ 83.3881752, 27.4797552 ], [ 83.6142535, 27.4694433 ], [ 83.8308426, 27.3697887 ], [ 83.8639437, 27.3472335 ], [ 83.8635789, 27.3375348 ], [ 83.862341, 27.3356847 ], [ 83.8365719, 27.3222151 ], [ 83.8454224, 27.3151831 ], [ 83.8526609, 27.3172918 ], [ 83.8593381, 27.3080655 ], [ 83.87144, 27.3072423 ], [ 83.9023656, 27.3262863 ], [ 83.9166323, 27.3265366 ], [ 83.9254752, 27.321413 ], [ 83.9338271, 27.3082795 ], [ 83.9340738, 27.2997463 ], [ 83.9298315, 27.2926857 ], [ 83.9208717, 27.2840875 ], [ 83.9125808, 27.2775598 ], [ 83.9058278, 27.2749574 ], [ 83.9046853, 27.272381 ], [ 83.905072, 27.2576158 ], [ 83.9120981, 27.2457555 ], [ 83.919302, 27.2445442 ], [ 83.9232992, 27.2417767 ], [ 83.9324003, 27.2393592 ], [ 83.9482624, 27.2378222 ], [ 83.9534137, 27.2362467 ], [ 83.9608112, 27.2314751 ], [ 83.9633177, 27.2285135 ], [ 83.9625439, 27.2266368 ], [ 83.9701839, 27.223992 ], [ 83.9727431, 27.2181919 ], [ 83.9675249, 27.2130648 ], [ 83.9674665, 27.2095091 ], [ 83.9717706, 27.2084458 ], [ 83.9745234, 27.2052627 ], [ 83.9789077, 27.203829 ], [ 83.986956, 27.1975281 ], [ 83.988819, 27.1884251 ], [ 83.9933882, 27.1816393 ], [ 83.9941836, 27.1751723 ], [ 83.9932684, 27.1731741 ], [ 83.9884434, 27.1716033 ], [ 83.9868167, 27.1694792 ], [ 83.9787352, 27.1648737 ], [ 83.9753621, 27.1558198 ], [ 83.9590642, 27.1368783 ], [ 83.9628045, 27.1276931 ], [ 83.9595171, 27.1220682 ], [ 83.9521873, 27.1186159 ], [ 83.9476749, 27.1124949 ], [ 83.9464712, 27.0908222 ], [ 83.9494682, 27.0867007 ], [ 83.9528397, 27.0849256 ], [ 83.9644039, 27.0841244 ], [ 83.9669825, 27.087119 ], [ 83.9783998, 27.0907617 ], [ 83.9855581, 27.0900163 ], [ 83.9892596, 27.0908525 ], [ 83.9999854, 27.1002922 ], [ 84.0031972, 27.1018602 ], [ 84.0087663, 27.0992387 ], [ 84.0164444, 27.1054224 ], [ 84.0220123, 27.1041271 ], [ 84.0239672, 27.1001169 ], [ 84.0303374, 27.0976304 ], [ 84.0303709, 27.0938355 ], [ 84.0249421, 27.092478 ], [ 84.0251256, 27.0903077 ], [ 84.0287732, 27.0872236 ], [ 84.0286231, 27.0860277 ], [ 84.0240146, 27.0810156 ], [ 84.0204772, 27.0794112 ], [ 84.0165979, 27.0717957 ], [ 84.0039609, 27.0715191 ], [ 84.0002125, 27.069756 ], [ 84.0000627, 27.0685871 ], [ 84.005601, 27.0602303 ], [ 84.0118895, 27.056982 ], [ 84.0180041, 27.0560211 ], [ 84.0281806, 27.0494718 ], [ 84.0313185, 27.0456293 ], [ 84.0390757, 27.0440414 ], [ 84.0471378, 27.0457608 ], [ 84.0495031, 27.0432712 ], [ 84.0495287, 27.0350224 ], [ 84.0441302, 27.0231831 ], [ 84.0442457, 27.0167212 ], [ 84.0373089, 27.0090774 ], [ 84.0398346, 27.006773 ], [ 84.0437542, 27.0065768 ], [ 84.0458964, 27.0050032 ], [ 84.0528063, 26.9969515 ], [ 84.0525609, 26.9947044 ], [ 84.0566992, 26.9896621 ], [ 84.0539974, 26.9851669 ], [ 84.0478485, 26.9845951 ], [ 84.04576, 26.9822387 ], [ 84.0537871, 26.9752314 ], [ 84.0529963, 26.967502 ], [ 84.0548339, 26.9600626 ], [ 84.0527978, 26.9549811 ], [ 84.0459722, 26.9524507 ], [ 84.042009, 26.9467994 ], [ 84.0349063, 26.9452069 ], [ 84.0321357, 26.9411849 ], [ 84.0349724, 26.9381998 ], [ 84.043111, 26.9404968 ], [ 84.0465352, 26.9391632 ], [ 84.0432332, 26.9317932 ], [ 84.0533576, 26.9296691 ], [ 84.0562058, 26.9231055 ], [ 84.0599718, 26.9201891 ], [ 84.0590917, 26.9164571 ], [ 84.0530907, 26.9096042 ], [ 84.0523679, 26.9064133 ], [ 84.055277, 26.9026296 ], [ 84.0580555, 26.9018864 ], [ 84.0608489, 26.8956348 ], [ 84.0602675, 26.8881032 ], [ 84.0669851, 26.8884942 ], [ 84.0752146, 26.8834213 ], [ 84.0782153, 26.879041 ], [ 84.0814111, 26.8773727 ], [ 84.0842085, 26.8774367 ], [ 84.0873618, 26.8816923 ], [ 84.0943308, 26.8816174 ], [ 84.0964908, 26.8762349 ], [ 84.0981361, 26.8759375 ], [ 84.1044999, 26.881908 ], [ 84.1067631, 26.8877378 ], [ 84.1075769, 26.896929 ], [ 84.110415, 26.8985988 ], [ 84.1158654, 26.8949382 ], [ 84.1163608, 26.8891209 ], [ 84.1179545, 26.8877137 ], [ 84.1290012, 26.8932011 ], [ 84.1307072, 26.8900739 ], [ 84.1300311, 26.8866738 ], [ 84.1312755, 26.8844511 ], [ 84.1354725, 26.8833317 ], [ 84.1399968, 26.8846265 ], [ 84.141527, 26.8871218 ], [ 84.1464082, 26.8854244 ], [ 84.1477121, 26.8822777 ], [ 84.1435146, 26.8796059 ], [ 84.1470913, 26.872446 ], [ 84.1423266, 26.8715262 ], [ 84.1403739, 26.867601 ], [ 84.1406083, 26.8526525 ], [ 84.1458391, 26.8480992 ], [ 84.1459746, 26.8462763 ], [ 84.1491729, 26.8425804 ], [ 84.1562185, 26.8375616 ], [ 84.1660956, 26.8337689 ], [ 84.1776026, 26.8323935 ], [ 84.1817425, 26.8334792 ], [ 84.1867916, 26.8416439 ], [ 84.1833039, 26.8475111 ], [ 84.190126, 26.8584724 ], [ 84.1930301, 26.8607542 ], [ 84.1978638, 26.8595515 ], [ 84.2061056, 26.8617174 ], [ 84.2194857, 26.8715995 ], [ 84.2355719, 26.8677119 ], [ 84.2540946, 26.8565944 ], [ 84.2569283, 26.8492193 ], [ 84.2618108, 26.8425786 ], [ 84.2600979, 26.8335138 ], [ 84.2609316, 26.8302186 ], [ 84.2535443, 26.8252302 ], [ 84.2503631, 26.8193307 ], [ 84.2568154, 26.8182334 ], [ 84.2542051, 26.8124263 ], [ 84.2600021, 26.8069942 ], [ 84.259984, 26.805027 ], [ 84.2571734, 26.7893768 ], [ 84.2499986, 26.7737292 ], [ 84.2325764, 26.7536669 ], [ 84.2394816, 26.7429498 ], [ 84.240669, 26.7387233 ], [ 84.2494157, 26.7291623 ], [ 84.2554202, 26.7266215 ], [ 84.2581063, 26.7285773 ], [ 84.2662898, 26.7399507 ], [ 84.2756778, 26.7419721 ], [ 84.2857944, 26.7499349 ], [ 84.2910507, 26.7488715 ], [ 84.3058652, 26.7494879 ], [ 84.3142113, 26.7390443 ], [ 84.3146759, 26.7353086 ], [ 84.3181053, 26.7319854 ], [ 84.3242421, 26.7151561 ], [ 84.3258581, 26.7141489 ], [ 84.3300556, 26.6840999 ], [ 84.3350318, 26.6815496 ], [ 84.3430422, 26.6809012 ], [ 84.3449129, 26.6792805 ], [ 84.3501845, 26.6780481 ], [ 84.3765783, 26.6774961 ], [ 84.4039131, 26.6717725 ], [ 84.4051551, 26.6730314 ], [ 84.4063027, 26.6709228 ], [ 84.4104108, 26.6702489 ], [ 84.4112214, 26.6503623 ], [ 84.4097817, 26.6467447 ], [ 84.4132676, 26.6373291 ], [ 84.4197087, 26.626815 ], [ 84.4104031, 26.6232244 ], [ 84.3998793, 26.6245414 ], [ 84.3907291, 26.6210941 ], [ 84.3861919, 26.6216849 ], [ 84.3787939, 26.6146996 ], [ 84.3648738, 26.616317 ], [ 84.3539946, 26.6199752 ], [ 84.3350215, 26.6155483 ], [ 84.3316262, 26.612493 ], [ 84.3257994, 26.6116214 ], [ 84.3190985, 26.6115129 ], [ 84.3160001, 26.6144849 ], [ 84.3072672, 26.6163228 ], [ 84.3054225, 26.614267 ], [ 84.3032497, 26.6144386 ], [ 84.3001127, 26.6037822 ], [ 84.2958237, 26.6044642 ], [ 84.2945073, 26.6025957 ], [ 84.2858249, 26.6057983 ], [ 84.2845325, 26.5995872 ], [ 84.2813213, 26.5995998 ], [ 84.26792, 26.6016478 ], [ 84.2686027, 26.6036107 ], [ 84.2664689, 26.6057408 ], [ 84.2395614, 26.6100107 ], [ 84.2390986, 26.6129793 ], [ 84.2292275, 26.6131482 ], [ 84.229281, 26.6165372 ], [ 84.2279526, 26.6175083 ], [ 84.2110779, 26.6200069 ], [ 84.2084764, 26.6227574 ], [ 84.2011945, 26.6247706 ], [ 84.1912678, 26.6251161 ], [ 84.1832709, 26.6235233 ], [ 84.174432, 26.6242697 ], [ 84.173621, 26.6228219 ], [ 84.1692739, 26.6226407 ], [ 84.1602936, 26.6245052 ], [ 84.1566238, 26.6269671 ], [ 84.1570649, 26.630436 ], [ 84.1588451, 26.6321272 ], [ 84.1586993, 26.6362024 ], [ 84.1468395, 26.6357121 ], [ 84.1451625, 26.6347221 ], [ 84.1363154, 26.6360282 ], [ 84.1305516, 26.6334624 ], [ 84.1125129, 26.6344007 ], [ 84.1119651, 26.6306363 ], [ 84.1082308, 26.6314265 ], [ 84.1081305, 26.6328184 ], [ 84.1029581, 26.633507 ], [ 84.1005974, 26.6359534 ], [ 84.0864991, 26.639142 ], [ 84.0883971, 26.6348739 ], [ 84.0873118, 26.6262559 ], [ 84.0855492, 26.6254552 ], [ 84.085199, 26.6238285 ], [ 84.0886334, 26.6178361 ], [ 84.0863623, 26.6123989 ], [ 84.0899838, 26.606929 ], [ 84.089087, 26.6030231 ], [ 84.0848768, 26.5982835 ], [ 84.0832894, 26.5924919 ], [ 84.0778401, 26.5903275 ], [ 84.0750372, 26.5859123 ], [ 84.0756023, 26.5834113 ], [ 84.0661133, 26.5769862 ], [ 84.0668799, 26.572694 ], [ 84.0606435, 26.5681987 ], [ 84.0583816, 26.5632711 ], [ 84.0594107, 26.561276 ], [ 84.0550957, 26.5583765 ], [ 84.0547381, 26.5511786 ], [ 84.0564416, 26.5491271 ], [ 84.0563265, 26.5441743 ], [ 84.0481197, 26.5364036 ], [ 84.0238072, 26.5319144 ], [ 84.0140605, 26.52738 ], [ 84.0083194, 26.5219412 ], [ 84.006491, 26.5222592 ], [ 84.0068479, 26.5252814 ], [ 83.9988181, 26.5272268 ], [ 83.9926439, 26.5331666 ], [ 83.9827374, 26.5315339 ], [ 83.9761288, 26.5335126 ], [ 83.9767218, 26.5316192 ], [ 83.9751052, 26.5278548 ], [ 83.9765221, 26.5258269 ], [ 83.9715065, 26.5176133 ], [ 83.9718351, 26.5142143 ], [ 83.9736151, 26.512657 ], [ 83.9720146, 26.5102815 ], [ 83.973909, 26.5083023 ], [ 83.9708251, 26.5075095 ], [ 83.9634745, 26.508082 ], [ 83.9619404, 26.5102341 ], [ 83.9516971, 26.5088722 ], [ 83.9490136, 26.5102044 ], [ 83.9477231, 26.512482 ], [ 83.948403, 26.5147596 ], [ 83.9526105, 26.5163505 ], [ 83.9527921, 26.5177632 ], [ 83.9466805, 26.5187784 ], [ 83.9403568, 26.5252424 ], [ 83.934622, 26.5251261 ], [ 83.9312403, 26.5203193 ], [ 83.927062, 26.5188849 ], [ 83.9257622, 26.5200304 ], [ 83.9222967, 26.5196143 ], [ 83.9164004, 26.5166675 ], [ 83.9080855, 26.5190771 ], [ 83.9060648, 26.5126472 ], [ 83.9067447, 26.5093809 ], [ 83.9151686, 26.5028437 ], [ 83.9123977, 26.497731 ], [ 83.9126891, 26.4838765 ], [ 83.9106027, 26.4832181 ], [ 83.9096202, 26.4756919 ], [ 83.9123104, 26.4757039 ], [ 83.9097301, 26.4661598 ], [ 83.9114557, 26.4559143 ], [ 83.909225, 26.4537541 ], [ 83.9080199, 26.447089 ], [ 83.9110378, 26.4470476 ], [ 83.9105625, 26.4499133 ], [ 83.921945, 26.4464399 ], [ 83.9221365, 26.4451128 ], [ 83.9244473, 26.4444892 ], [ 83.9467788, 26.4409823 ], [ 83.9462366, 26.4386207 ], [ 83.963329, 26.437304 ], [ 83.9736039, 26.4355193 ], [ 83.9810102, 26.4327973 ], [ 83.9844447, 26.4335709 ], [ 83.991301, 26.4323622 ], [ 83.9935736, 26.439313 ], [ 83.997896, 26.4468112 ], [ 84.000135, 26.4470916 ], [ 84.0046844, 26.4442145 ], [ 84.0076323, 26.443965 ], [ 84.0168301, 26.4475542 ], [ 84.0195978, 26.4459385 ], [ 84.023793, 26.4402519 ], [ 84.0244236, 26.4342384 ], [ 84.0226056, 26.430894 ], [ 84.0348584, 26.4194564 ], [ 84.0338608, 26.4116543 ], [ 84.0370769, 26.4130292 ], [ 84.040968, 26.4126903 ], [ 84.0396765, 26.4108862 ], [ 84.0412019, 26.4072593 ], [ 84.0436292, 26.4095109 ], [ 84.0478192, 26.4068729 ], [ 84.0495114, 26.4071108 ], [ 84.0493717, 26.4037427 ], [ 84.0528663, 26.4046042 ], [ 84.055377, 26.4022019 ], [ 84.0631288, 26.4007194 ], [ 84.0624356, 26.3984225 ], [ 84.0654705, 26.3964684 ], [ 84.0651314, 26.3928481 ], [ 84.067976, 26.391084 ], [ 84.0681623, 26.3882684 ], [ 84.0737056, 26.3875293 ], [ 84.0760867, 26.3850653 ], [ 84.0791775, 26.3846503 ], [ 84.0791663, 26.3825073 ], [ 84.0840079, 26.381776 ], [ 84.0877144, 26.3841612 ], [ 84.0887556, 26.3867808 ], [ 84.098119, 26.3856945 ], [ 84.0992935, 26.384595 ], [ 84.1028968, 26.3857147 ], [ 84.1219897, 26.3851212 ], [ 84.1246559, 26.3830365 ], [ 84.1356043, 26.3816894 ], [ 84.1375187, 26.3779396 ], [ 84.1611332, 26.3740703 ], [ 84.1623061, 26.375668 ], [ 84.1637842, 26.3754402 ], [ 84.1754159, 26.3730898 ], [ 84.1766814, 26.3706832 ], [ 84.1759049, 26.360603 ], [ 84.1728428, 26.3534958 ], [ 84.1725424, 26.3343527 ], [ 84.1745353, 26.3293935 ], [ 84.1812823, 26.3216134 ], [ 84.1859735, 26.3128994 ], [ 84.1839427, 26.3086999 ], [ 84.1777389, 26.3032003 ], [ 84.1745053, 26.2922732 ], [ 84.1748868, 26.2856219 ], [ 84.1760996, 26.2834848 ], [ 84.1765471, 26.2769927 ], [ 84.1752077, 26.2725858 ], [ 84.1766185, 26.2645381 ], [ 84.1727841, 26.2615077 ], [ 84.1640762, 26.2591117 ], [ 84.1611719, 26.2559189 ], [ 84.1615031, 26.2503223 ], [ 84.1660405, 26.2433291 ], [ 84.1662084, 26.2409459 ], [ 84.1630852, 26.2418361 ], [ 84.1511629, 26.2577902 ], [ 84.1465496, 26.2552139 ], [ 84.1322217, 26.2590336 ], [ 84.1291704, 26.2555485 ], [ 84.1269071, 26.258115 ], [ 84.1216889, 26.2588678 ], [ 84.1200226, 26.2580675 ], [ 84.1167861, 26.2497379 ], [ 84.1196829, 26.2479103 ], [ 84.117444, 26.240115 ], [ 84.1070764, 26.2412283 ], [ 84.1060182, 26.2366912 ], [ 84.0994947, 26.2373174 ], [ 84.0981234, 26.2333198 ], [ 84.0941056, 26.2333649 ], [ 84.0937203, 26.2345751 ], [ 84.091044, 26.2337768 ], [ 84.0901726, 26.2303886 ], [ 84.0876376, 26.2303647 ], [ 84.08714, 26.2262495 ], [ 84.0882531, 26.2235337 ], [ 84.0864117, 26.2187506 ], [ 84.0802139, 26.2200154 ], [ 84.0801611, 26.2223048 ], [ 84.0634595, 26.2241477 ], [ 84.0620812, 26.2222745 ], [ 84.0619971, 26.2234321 ], [ 84.0565601, 26.2246336 ], [ 84.0567475, 26.2260912 ], [ 84.0512043, 26.2291521 ], [ 84.0422813, 26.2299529 ], [ 84.0376958, 26.2320589 ], [ 84.038231, 26.2369916 ], [ 84.0272638, 26.2396475 ], [ 84.0246556, 26.2377665 ], [ 84.0192284, 26.2389396 ], [ 84.0157422, 26.2340367 ], [ 84.0122199, 26.2321176 ], [ 84.0153018, 26.2232769 ], [ 84.0221177, 26.2201704 ], [ 84.0292634, 26.2198357 ], [ 84.0312138, 26.2168852 ], [ 84.0276612, 26.2143235 ], [ 84.0290717, 26.2111854 ], [ 84.031881, 26.2093999 ], [ 84.0392436, 26.2090523 ], [ 84.0383502, 26.2009736 ], [ 84.0353809, 26.1986336 ], [ 84.0323516, 26.1998423 ], [ 84.0285894, 26.1956518 ], [ 84.0266388, 26.1969094 ], [ 84.0166468, 26.1960491 ], [ 84.0135995, 26.1942783 ], [ 84.0080073, 26.1874068 ], [ 84.0093842, 26.1755895 ], [ 84.0186998, 26.1674735 ], [ 84.033454, 26.1606871 ], [ 84.0343591, 26.1511918 ], [ 84.0274393, 26.1424013 ], [ 84.0434488, 26.1348365 ], [ 84.0501171, 26.1300155 ], [ 84.0517739, 26.1205625 ], [ 84.0500437, 26.1200128 ], [ 84.0487298, 26.1090643 ], [ 84.0559022, 26.1002067 ], [ 84.0886723, 26.1002409 ], [ 84.1038155, 26.0927326 ], [ 84.1211151, 26.0765403 ], [ 84.1372929, 26.0522121 ], [ 84.1724577, 26.0246047 ], [ 84.1700272, 25.9876762 ], [ 84.1756665, 25.9913705 ], [ 84.1746285, 25.9928422 ], [ 84.1760384, 25.9965153 ], [ 84.1860661, 25.9936073 ], [ 84.1962837, 25.9878777 ], [ 84.2015286, 25.9903572 ], [ 84.2070782, 25.9998317 ], [ 84.2074292, 25.9983798 ], [ 84.2130675, 25.9949044 ], [ 84.2176767, 25.99473 ], [ 84.2392859, 25.9850564 ], [ 84.2451288, 25.9806288 ], [ 84.2449141, 25.9757909 ], [ 84.2822928, 25.9587819 ], [ 84.2969145, 25.9451743 ], [ 84.3118657, 25.943769 ], [ 84.3539534, 25.9587829 ], [ 84.3873651, 25.9373283 ], [ 84.4119012, 25.9307799 ], [ 84.4137553, 25.9229988 ], [ 84.4198705, 25.9135057 ], [ 84.4249559, 25.901666 ], [ 84.4288967, 25.8975087 ], [ 84.4275559, 25.8912351 ], [ 84.4353139, 25.8898736 ], [ 84.4366172, 25.8915971 ], [ 84.4544316, 25.8877416 ], [ 84.4595267, 25.8881465 ], [ 84.4601513, 25.8895091 ], [ 84.472399, 25.8817116 ], [ 84.4785186, 25.8850607 ], [ 84.49015, 25.8864464 ], [ 84.4894882, 25.8883199 ], [ 84.5107509, 25.8717584 ], [ 84.53398, 25.8763693 ], [ 84.5432209, 25.8599556 ], [ 84.5406571, 25.8596608 ], [ 84.5337001, 25.8640299 ], [ 84.5232194, 25.8602903 ], [ 84.5307553, 25.8535032 ], [ 84.5305267, 25.8316295 ], [ 84.5486134, 25.8285373 ], [ 84.550865, 25.8406837 ], [ 84.5521121, 25.8401833 ], [ 84.5817828, 25.8250849 ], [ 84.6245746, 25.7921715 ], [ 84.6234683, 25.7707965 ], [ 84.6194058, 25.7724031 ], [ 84.6185933, 25.771171 ], [ 84.6134638, 25.7757742 ], [ 84.6073781, 25.7714138 ], [ 84.6062233, 25.7612722 ], [ 84.6029563, 25.7619355 ], [ 84.6107001, 25.7546876 ], [ 84.6221615, 25.7500004 ], [ 84.6253473, 25.7475255 ], [ 84.6317807, 25.7392795 ], [ 84.6340775, 25.7334662 ], [ 84.6346501, 25.7279419 ], [ 84.6301706, 25.7288538 ], [ 84.6288352, 25.7261684 ], [ 84.6274251, 25.7263038 ], [ 84.611196, 25.7310783 ], [ 84.6113951, 25.7324865 ], [ 84.6077622, 25.7353295 ], [ 84.6003219, 25.7383749 ], [ 84.5602829, 25.7368957 ], [ 84.5643494, 25.7168086 ], [ 84.5618056, 25.685813 ], [ 84.55754, 25.6796837 ], [ 84.5553229, 25.6800886 ], [ 84.5564476, 25.6819531 ], [ 84.5556902, 25.6825169 ], [ 84.5515244, 25.6854079 ], [ 84.5468165, 25.6867188 ], [ 84.5456748, 25.6883295 ], [ 84.5351878, 25.6907697 ], [ 84.5394359, 25.72673 ], [ 84.5344551, 25.7242311 ], [ 84.5288683, 25.6824926 ], [ 84.5200488, 25.6749628 ], [ 84.5077452, 25.6818543 ], [ 84.5054041, 25.6769193 ], [ 84.5043666, 25.6776416 ], [ 84.4993385, 25.6746823 ], [ 84.4960635, 25.676737 ], [ 84.4919593, 25.6764876 ], [ 84.4936072, 25.6908386 ], [ 84.4781123, 25.6875497 ], [ 84.4708005, 25.6872448 ], [ 84.4658827, 25.69168 ], [ 84.4660605, 25.6953479 ], [ 84.4689301, 25.6966156 ], [ 84.468289, 25.6985296 ], [ 84.4624899, 25.6976667 ], [ 84.4642258, 25.7007709 ], [ 84.4621746, 25.7092751 ], [ 84.4528934, 25.7094294 ], [ 84.4535093, 25.714326 ], [ 84.4469166, 25.7120004 ], [ 84.4468119, 25.7107878 ], [ 84.4442504, 25.7106477 ], [ 84.4442791, 25.7084949 ], [ 84.4404131, 25.7083613 ], [ 84.440285, 25.7110558 ], [ 84.4296487, 25.7116153 ], [ 84.43155, 25.707679 ], [ 84.4303193, 25.7072191 ], [ 84.4280847, 25.7011947 ], [ 84.4276779, 25.693617 ], [ 84.4231797, 25.6936683 ], [ 84.4221194, 25.695185 ], [ 84.4147728, 25.6980351 ], [ 84.4067379, 25.6984208 ], [ 84.4010861, 25.7083421 ], [ 84.4065433, 25.7159776 ], [ 84.4005815, 25.7249241 ], [ 84.3985139, 25.7255518 ], [ 84.4000394, 25.7293697 ], [ 84.3890477, 25.7322778 ], [ 84.3875677, 25.7311632 ], [ 84.3843938, 25.7327747 ], [ 84.3878226, 25.7376036 ], [ 84.3901196, 25.7369129 ], [ 84.3936338, 25.7442014 ], [ 84.3917005, 25.745163 ], [ 84.3849531, 25.747506 ], [ 84.3778265, 25.7392786 ], [ 84.3762768, 25.7407409 ], [ 84.3770492, 25.7416165 ], [ 84.3737353, 25.7442884 ], [ 84.3717669, 25.7420317 ], [ 84.3768995, 25.7371529 ], [ 84.3752203, 25.7353295 ], [ 84.3648052, 25.7424872 ], [ 84.3363449, 25.7442337 ], [ 84.3284212, 25.7319281 ], [ 84.3295611, 25.7086625 ], [ 84.3243459, 25.6710333 ], [ 84.3170317, 25.6672935 ], [ 84.3159943, 25.6701952 ], [ 84.3168897, 25.6724883 ], [ 84.3072831, 25.6713649 ], [ 84.2991848, 25.6719386 ], [ 84.297981, 25.67739 ], [ 84.2929119, 25.6756452 ], [ 84.2876112, 25.6775467 ], [ 84.2870354, 25.6750009 ], [ 84.2881523, 25.6732594 ], [ 84.2913914, 25.6706526 ], [ 84.2995356, 25.6684951 ], [ 84.3002595, 25.6653948 ], [ 84.2945055, 25.6611312 ], [ 84.2768621, 25.6604119 ], [ 84.2743601, 25.6628924 ], [ 84.2232177, 25.6625074 ], [ 84.2060114, 25.6694641 ], [ 84.1988948, 25.7020768 ], [ 84.1745409, 25.717631 ], [ 84.1741016, 25.7206166 ], [ 84.1721475, 25.7206277 ], [ 84.1699292, 25.722913 ], [ 84.1669391, 25.721578 ], [ 84.1629841, 25.7248693 ], [ 84.1544944, 25.7274393 ], [ 84.1546198, 25.7292477 ], [ 84.1508624, 25.7292454 ], [ 84.1489676, 25.7269476 ], [ 84.1527454, 25.7269522 ], [ 84.1551712, 25.7239368 ], [ 84.152605, 25.7234635 ], [ 84.1498139, 25.7187972 ], [ 84.1417371, 25.7160903 ], [ 84.1298844, 25.7177882 ], [ 84.1352494, 25.7240278 ], [ 84.1416432, 25.721741 ], [ 84.142232, 25.7281454 ], [ 84.1404135, 25.7293687 ], [ 84.1399006, 25.731657 ], [ 84.1291273, 25.7237052 ], [ 84.1050619, 25.721217 ], [ 84.0889562, 25.7130854 ], [ 84.0751581, 25.6952716 ], [ 84.0851152, 25.6525783 ], [ 84.081276, 25.636308 ], [ 84.0461569, 25.6269129 ], [ 84.0174118, 25.6146904 ], [ 83.9583704, 25.5708231 ], [ 83.9245901, 25.5543147 ], [ 83.9141882, 25.5452142 ], [ 83.9052684, 25.5278531 ], [ 83.902089, 25.5240263 ], [ 83.8941793, 25.5199248 ], [ 83.8762127, 25.518062 ], [ 83.8741585, 25.5095315 ], [ 83.8774211, 25.5039213 ], [ 83.8778137, 25.4992536 ], [ 83.8715874, 25.4931333 ], [ 83.8707371, 25.487514 ], [ 83.8635965, 25.4844128 ], [ 83.8567467, 25.4685698 ], [ 83.8327805, 25.4576106 ], [ 83.8304933, 25.4583772 ], [ 83.8280951, 25.4631337 ], [ 83.8248872, 25.4657956 ], [ 83.8212679, 25.4654242 ], [ 83.8165558, 25.4627595 ], [ 83.8126925, 25.4536406 ], [ 83.8128096, 25.4481974 ], [ 83.8195943, 25.4502583 ], [ 83.8253678, 25.4459048 ], [ 83.8349812, 25.4474965 ], [ 83.8419211, 25.4469205 ], [ 83.8465213, 25.4387971 ], [ 83.8463534, 25.4343514 ], [ 83.8329936, 25.4310262 ], [ 83.8317903, 25.4321677 ], [ 83.8328777, 25.435657 ], [ 83.8291445, 25.4362065 ], [ 83.8215054, 25.4343353 ], [ 83.8123967, 25.4296241 ], [ 83.8045081, 25.4306586 ], [ 83.8015611, 25.4298312 ], [ 83.8000614, 25.4277542 ], [ 83.8009575, 25.4254889 ], [ 83.8130214, 25.4231023 ], [ 83.8143941, 25.4212072 ], [ 83.8078354, 25.4090992 ], [ 83.7896505, 25.3967723 ], [ 83.784806, 25.3963 ], [ 83.7763018, 25.3990342 ], [ 83.7727844, 25.3981607 ], [ 83.7691363, 25.3933919 ], [ 83.7689735, 25.3863551 ], [ 83.7577811, 25.3895242 ], [ 83.7549859, 25.3922526 ], [ 83.7565119, 25.3967538 ], [ 83.7662755, 25.3973978 ], [ 83.7662674, 25.4009499 ], [ 83.7554558, 25.4044711 ], [ 83.7450666, 25.4004592 ], [ 83.7435085, 25.4078716 ], [ 83.7405941, 25.4106317 ], [ 83.734065, 25.4062044 ], [ 83.7323483, 25.398149 ], [ 83.7305886, 25.3974281 ], [ 83.724459, 25.4000096 ], [ 83.7174257, 25.3975227 ], [ 83.7136214, 25.3935035 ], [ 83.710123, 25.3860447 ], [ 83.7066104, 25.3863536 ], [ 83.7053549, 25.3888277 ], [ 83.7052645, 25.3946818 ], [ 83.7039636, 25.3963254 ], [ 83.7016827, 25.3961596 ], [ 83.6944785, 25.3889506 ], [ 83.694432, 25.3858453 ], [ 83.6965467, 25.3824727 ], [ 83.6905853, 25.3839468 ], [ 83.6843236, 25.3810834 ], [ 83.6820568, 25.3786244 ], [ 83.6840082, 25.3762586 ], [ 83.6893785, 25.3757101 ], [ 83.694528, 25.3712259 ], [ 83.6937074, 25.3696285 ], [ 83.6889865, 25.3671346 ], [ 83.6807098, 25.3663752 ], [ 83.6766601, 25.364341 ], [ 83.6639157, 25.3728259 ], [ 83.6670918, 25.3627237 ], [ 83.664394, 25.361912 ], [ 83.6598642, 25.363732 ], [ 83.6559458, 25.3683639 ], [ 83.6579405, 25.3596252 ], [ 83.6545272, 25.3568771 ], [ 83.6513481, 25.3574013 ], [ 83.6491567, 25.3539849 ], [ 83.6492012, 25.3524097 ], [ 83.6528114, 25.3483424 ], [ 83.6493288, 25.3445019 ], [ 83.6488013, 25.3392708 ], [ 83.6476937, 25.3393567 ], [ 83.6462985, 25.3424668 ], [ 83.6421856, 25.3397321 ], [ 83.6337077, 25.3432128 ], [ 83.6351525, 25.335842 ], [ 83.6341392, 25.3343526 ], [ 83.6298878, 25.3338564 ], [ 83.6297636, 25.3300469 ], [ 83.6284425, 25.3285214 ], [ 83.6240374, 25.3287154 ], [ 83.6213803, 25.3314732 ], [ 83.6168509, 25.3320643 ], [ 83.6080952, 25.3315174 ], [ 83.6060098, 25.3286962 ], [ 83.5962811, 25.3276655 ], [ 83.5874232, 25.3217462 ], [ 83.5857368, 25.3153093 ], [ 83.5806165, 25.3170953 ], [ 83.5762375, 25.3150357 ], [ 83.5756125, 25.3134151 ], [ 83.5771035, 25.3101072 ], [ 83.5737237, 25.3061251 ], [ 83.5707344, 25.3071754 ], [ 83.573478, 25.3124935 ], [ 83.5734277, 25.3140731 ], [ 83.5720566, 25.3146641 ], [ 83.5617037, 25.3135858 ], [ 83.5573003, 25.3114805 ], [ 83.5539218, 25.31481 ], [ 83.5458069, 25.3162952 ], [ 83.5399078, 25.3157864 ], [ 83.5371489, 25.3129999 ], [ 83.5372903, 25.3097683 ], [ 83.5429946, 25.3113243 ], [ 83.5472284, 25.3140618 ], [ 83.5537557, 25.3102196 ], [ 83.5540943, 25.308491 ], [ 83.5451378, 25.3067532 ], [ 83.542796, 25.3040753 ], [ 83.5383667, 25.3043572 ], [ 83.5340124, 25.2973494 ], [ 83.5318124, 25.2980116 ], [ 83.5280802, 25.3024731 ], [ 83.5234574, 25.3025557 ], [ 83.5237011, 25.2961421 ], [ 83.5269359, 25.2929803 ], [ 83.5152512, 25.2847032 ], [ 83.5110375, 25.2887938 ], [ 83.508918, 25.2884446 ], [ 83.5054599, 25.2810395 ], [ 83.5019934, 25.2823952 ], [ 83.5044665, 25.2865769 ], [ 83.5022762, 25.2874733 ], [ 83.4979662, 25.2858355 ], [ 83.4968344, 25.2832278 ], [ 83.4973875, 25.2803477 ], [ 83.4913753, 25.2799102 ], [ 83.4910703, 25.2827766 ], [ 83.4933709, 25.2849097 ], [ 83.4935374, 25.2876989 ], [ 83.4923478, 25.289731 ], [ 83.4903767, 25.2894798 ], [ 83.4899495, 25.2840412 ], [ 83.4869903, 25.2835922 ], [ 83.4853234, 25.2793236 ], [ 83.4800288, 25.2762537 ], [ 83.4768034, 25.2718055 ], [ 83.4766684, 25.2705643 ], [ 83.4797135, 25.2675246 ], [ 83.4770133, 25.2615098 ], [ 83.4706568, 25.2576008 ], [ 83.4679231, 25.2523442 ], [ 83.4626756, 25.2503614 ], [ 83.46031, 25.25294 ], [ 83.4529864, 25.2562661 ], [ 83.4500907, 25.2610384 ], [ 83.4470028, 25.259898 ], [ 83.446505, 25.2575151 ], [ 83.4430191, 25.2545649 ], [ 83.4421384, 25.2591509 ], [ 83.4389608, 25.2578345 ], [ 83.4407701, 25.2533066 ], [ 83.4370256, 25.2488743 ], [ 83.4375006, 25.2461072 ], [ 83.4362292, 25.2442391 ], [ 83.433664, 25.245531 ], [ 83.4326886, 25.2504483 ], [ 83.4272058, 25.2536685 ], [ 83.4247532, 25.2518188 ], [ 83.4274068, 25.2479136 ], [ 83.4267213, 25.2463928 ], [ 83.4218182, 25.2465207 ], [ 83.417981, 25.2506573 ], [ 83.4099122, 25.2466063 ], [ 83.4088581, 25.2407886 ], [ 83.4128027, 25.2388511 ], [ 83.4136103, 25.2354927 ], [ 83.412573, 25.2349468 ], [ 83.4117549, 25.2369511 ], [ 83.4076964, 25.2395206 ], [ 83.4062617, 25.2377336 ], [ 83.406568, 25.2338066 ], [ 83.409276, 25.2293193 ], [ 83.402769, 25.2243651 ], [ 83.4020586, 25.2212012 ], [ 83.4038424, 25.213153 ], [ 83.4020402, 25.209064 ], [ 83.4008992, 25.2095247 ], [ 83.4021702, 25.2127832 ], [ 83.3997151, 25.2158621 ], [ 83.3976065, 25.2163094 ], [ 83.3952443, 25.2145225 ], [ 83.3958629, 25.2075894 ], [ 83.3931235, 25.2043446 ], [ 83.3903801, 25.204959 ], [ 83.3897113, 25.210082 ], [ 83.3862237, 25.2121543 ], [ 83.3824775, 25.2106968 ], [ 83.3835333, 25.2032763 ], [ 83.3819356, 25.2017508 ], [ 83.3726881, 25.2003342 ], [ 83.3663032, 25.1953557 ], [ 83.3634607, 25.1968452 ], [ 83.3633912, 25.1982173 ], [ 83.3572494, 25.1996614 ], [ 83.355305, 25.1963844 ], [ 83.3538049, 25.188875 ], [ 83.3519473, 25.1886613 ], [ 83.3497851, 25.1848876 ], [ 83.3535304, 25.1833308 ], [ 83.3529704, 25.178641 ], [ 83.3563732, 25.1776347 ], [ 83.3516331, 25.1629604 ], [ 83.3513015, 25.1570113 ], [ 83.3577488, 25.1561362 ], [ 83.3634123, 25.1534734 ], [ 83.3627531, 25.1418011 ], [ 83.3636258, 25.1417514 ], [ 83.3637945, 25.1378876 ], [ 83.3619055, 25.1326833 ], [ 83.3641913, 25.1319612 ], [ 83.3642658, 25.1306026 ], [ 83.3681679, 25.1298895 ], [ 83.3673696, 25.1252269 ], [ 83.3660607, 25.125114 ], [ 83.3632846, 25.1111801 ], [ 83.3500876, 25.1132781 ], [ 83.3506935, 25.1050677 ], [ 83.3481858, 25.1005988 ], [ 83.347266, 25.0867958 ], [ 83.3441089, 25.0861499 ], [ 83.3413095, 25.0815364 ], [ 83.3404241, 25.0686547 ], [ 83.335937, 25.0614584 ], [ 83.342751, 25.0598708 ], [ 83.3433524, 25.0508795 ], [ 83.3357136, 25.0509318 ], [ 83.3243446, 25.0373341 ], [ 83.3238166, 25.0265889 ], [ 83.3247996, 25.0247287 ], [ 83.3214115, 25.0246734 ], [ 83.3202159, 25.0172614 ], [ 83.3265831, 25.0129123 ], [ 83.3341183, 25.0140972 ], [ 83.3466354, 25.009248 ], [ 83.3498105, 25.0092486 ], [ 83.352538, 24.9965613 ], [ 83.3499882, 24.992142 ], [ 83.3502016, 24.990183 ], [ 83.3476366, 24.9881469 ], [ 83.3433743, 24.981204 ], [ 83.3450255, 24.9721451 ], [ 83.3431066, 24.9630721 ], [ 83.343701, 24.9620566 ], [ 83.346726, 24.963452 ], [ 83.3498306, 24.9630598 ], [ 83.3550208, 24.9566285 ], [ 83.3596948, 24.9561461 ], [ 83.3614528, 24.9537223 ], [ 83.3610529, 24.94228 ], [ 83.3649049, 24.9374956 ], [ 83.3609353, 24.9323721 ], [ 83.3628465, 24.9277322 ], [ 83.3622386, 24.9182667 ], [ 83.3636745, 24.9130083 ], [ 83.3623039, 24.909018 ], [ 83.356454, 24.9074691 ], [ 83.3545786, 24.9054693 ], [ 83.3574498, 24.9005135 ], [ 83.362117, 24.8976206 ], [ 83.3658784, 24.8930169 ], [ 83.3647948, 24.8908502 ], [ 83.3582578, 24.8907683 ], [ 83.358273, 24.8881323 ], [ 83.3615393, 24.8846569 ], [ 83.3694618, 24.8798728 ], [ 83.3680073, 24.8766815 ], [ 83.3608824, 24.8742435 ], [ 83.3575282, 24.8705418 ], [ 83.3692795, 24.8623096 ], [ 83.3767402, 24.860143 ], [ 83.376567, 24.8563875 ], [ 83.3805098, 24.8537107 ], [ 83.3799456, 24.8495219 ], [ 83.3814196, 24.8465201 ], [ 83.386816, 24.8397535 ], [ 83.3925194, 24.8406015 ], [ 83.3928255, 24.8360967 ], [ 83.396594, 24.8323453 ], [ 83.3950992, 24.826166 ], [ 83.4013642, 24.8188752 ], [ 83.4018528, 24.8139008 ], [ 83.3992456, 24.8089495 ], [ 83.3937407, 24.8047615 ], [ 83.3958317, 24.8000127 ], [ 83.3996387, 24.7966628 ], [ 83.3911771, 24.7894733 ], [ 83.3932485, 24.7865301 ], [ 83.3930502, 24.7827339 ], [ 83.3969856, 24.7817855 ], [ 83.3967082, 24.779023 ], [ 83.3977761, 24.7781066 ], [ 83.407945, 24.7741054 ], [ 83.4128151, 24.775025 ], [ 83.4219741, 24.7693982 ], [ 83.427832, 24.7682948 ], [ 83.4278396, 24.7631039 ], [ 83.4348534, 24.7607901 ], [ 83.437442, 24.7573404 ], [ 83.4413764, 24.7564495 ], [ 83.4415564, 24.7509696 ], [ 83.4471161, 24.7407811 ], [ 83.4488158, 24.7398414 ], [ 83.448637, 24.7383293 ], [ 83.4508316, 24.7385539 ], [ 83.4531869, 24.7350048 ], [ 83.4573279, 24.7338019 ], [ 83.4580972, 24.7313459 ], [ 83.4602915, 24.7312183 ], [ 83.4622747, 24.7330904 ], [ 83.4708985, 24.7323719 ], [ 83.4863913, 24.7365636 ], [ 83.4893396, 24.7363285 ], [ 83.4883311, 24.7227858 ], [ 83.4854433, 24.7153491 ], [ 83.4851299, 24.7016721 ], [ 83.4897388, 24.7004454 ], [ 83.4952915, 24.7045171 ], [ 83.4986398, 24.7033283 ], [ 83.5005352, 24.6973166 ], [ 83.4988559, 24.6948603 ], [ 83.5070121, 24.6928214 ], [ 83.5108031, 24.6857826 ], [ 83.5177568, 24.6830072 ], [ 83.5168395, 24.6811152 ], [ 83.5203798, 24.677502 ], [ 83.5091467, 24.6711877 ], [ 83.5039893, 24.666295 ], [ 83.5004921, 24.6512516 ], [ 83.5028761, 24.6477959 ], [ 83.5047933, 24.6468992 ], [ 83.5098989, 24.6483025 ], [ 83.5163523, 24.6447909 ], [ 83.5201929, 24.6410606 ], [ 83.5298071, 24.6430261 ], [ 83.5267948, 24.6300148 ], [ 83.5247606, 24.6294312 ], [ 83.5246928, 24.6278242 ], [ 83.5315329, 24.6269619 ], [ 83.5436996, 24.6282825 ], [ 83.5479597, 24.622877 ], [ 83.5432673, 24.6173043 ], [ 83.5419174, 24.6127489 ], [ 83.5304179, 24.612399 ], [ 83.5272975, 24.6058698 ], [ 83.5235276, 24.6031318 ], [ 83.5226575, 24.5985495 ], [ 83.5243487, 24.5889403 ], [ 83.527999, 24.5862749 ], [ 83.5302187, 24.5820512 ], [ 83.5288126, 24.5745841 ], [ 83.5300965, 24.567322 ], [ 83.5282945, 24.5615835 ], [ 83.5227467, 24.5556754 ], [ 83.5222794, 24.5476627 ], [ 83.4971217, 24.5390957 ], [ 83.4986094, 24.5318022 ], [ 83.5032904, 24.5254294 ], [ 83.4841987, 24.5221066 ], [ 83.4689383, 24.5167346 ], [ 83.4294296, 24.5109331 ], [ 83.4031509, 24.5038863 ], [ 83.4015049, 24.5034332 ], [ 83.3969427, 24.4969011 ], [ 83.3960862, 24.4944697 ], [ 83.3983664, 24.4929483 ], [ 83.3953622, 24.4887273 ], [ 83.3975532, 24.487589 ], [ 83.3981967, 24.4854177 ], [ 83.3965615, 24.4812334 ], [ 83.3935317, 24.4779228 ], [ 83.3934661, 24.4753867 ], [ 83.3909258, 24.4735762 ], [ 83.3906827, 24.4651728 ], [ 83.3854169, 24.4570192 ], [ 83.3855121, 24.4512668 ], [ 83.3871249, 24.4472374 ], [ 83.3898059, 24.444785 ], [ 83.3907372, 24.4394223 ], [ 83.3935412, 24.4374269 ], [ 83.3941182, 24.4346481 ], [ 83.4048941, 24.4359986 ], [ 83.4033141, 24.4198152 ], [ 83.4050702, 24.4047845 ], [ 83.4134147, 24.4047301 ], [ 83.418938, 24.4062139 ], [ 83.4235558, 24.4045372 ], [ 83.4300187, 24.3999453 ], [ 83.4344185, 24.4007526 ], [ 83.4360368, 24.3992483 ], [ 83.4326758, 24.3961744 ], [ 83.433951, 24.3949596 ], [ 83.4335156, 24.3932807 ], [ 83.4374886, 24.3920934 ], [ 83.4397569, 24.3888273 ], [ 83.4388028, 24.3877314 ], [ 83.4422666, 24.386081 ], [ 83.4453719, 24.3782342 ], [ 83.4495024, 24.3770322 ], [ 83.4479698, 24.3737309 ], [ 83.4485439, 24.3701002 ], [ 83.4572662, 24.3645495 ], [ 83.445166, 24.3588447 ], [ 83.4432713, 24.3526574 ], [ 83.4394727, 24.3462541 ], [ 83.4340414, 24.3429692 ], [ 83.4326286, 24.3382274 ], [ 83.4209691, 24.3379886 ], [ 83.4114159, 24.3398644 ], [ 83.4047756, 24.3358555 ], [ 83.3998257, 24.3307126 ], [ 83.3972502, 24.3297416 ], [ 83.3944611, 24.3257049 ], [ 83.3921045, 24.3247846 ], [ 83.3877692, 24.3161951 ], [ 83.3857622, 24.3172842 ], [ 83.3803687, 24.3137801 ], [ 83.379979, 24.3108664 ], [ 83.3842819, 24.3065927 ], [ 83.3861866, 24.2988285 ], [ 83.392358, 24.2959868 ], [ 83.4014946, 24.2955391 ], [ 83.4017739, 24.2922715 ], [ 83.4071667, 24.2887821 ], [ 83.4063497, 24.2859558 ], [ 83.4078938, 24.2811041 ], [ 83.4078183, 24.2694855 ], [ 83.4091018, 24.2663282 ], [ 83.4075334, 24.2621274 ], [ 83.4003159, 24.2563912 ], [ 83.3976396, 24.2438439 ], [ 83.3852405, 24.2391117 ], [ 83.3848843, 24.2360545 ], [ 83.3811547, 24.2339693 ], [ 83.3787319, 24.2303607 ], [ 83.3785709, 24.2266581 ], [ 83.3813354, 24.2259038 ], [ 83.3846245, 24.220543 ], [ 83.3812208, 24.2170885 ], [ 83.3830068, 24.2147948 ], [ 83.3793722, 24.2132472 ], [ 83.3786165, 24.2107577 ], [ 83.3806487, 24.2077573 ], [ 83.380361, 24.2050625 ], [ 83.3818492, 24.2046018 ], [ 83.3813937, 24.2001892 ], [ 83.3829919, 24.197918 ], [ 83.3750224, 24.1861012 ], [ 83.3753835, 24.1839461 ], [ 83.3717721, 24.1742893 ], [ 83.3619759, 24.1563948 ], [ 83.3615608, 24.1488442 ], [ 83.3587603, 24.1403518 ], [ 83.3548107, 24.1355862 ], [ 83.3540621, 24.1249067 ], [ 83.3503653, 24.121499 ], [ 83.3449091, 24.1108513 ], [ 83.3401561, 24.1090146 ], [ 83.3342243, 24.1041086 ], [ 83.3293539, 24.101329 ], [ 83.3227761, 24.1062771 ], [ 83.3214512, 24.1060169 ], [ 83.3147472, 24.0909725 ], [ 83.311133, 24.0880162 ], [ 83.3076856, 24.0820485 ], [ 83.3056042, 24.0796372 ], [ 83.2994553, 24.0789289 ], [ 83.2983667, 24.0755635 ], [ 83.2947307, 24.0717143 ], [ 83.2874047, 24.0551113 ], [ 83.2821125, 24.0497342 ], [ 83.2840017, 24.0395274 ], [ 83.283449, 24.0324201 ], [ 83.2791098, 24.0182747 ], [ 83.2750091, 24.0191767 ], [ 83.2727502, 24.0181741 ], [ 83.2636336, 24.0092396 ], [ 83.2597595, 24.0094665 ], [ 83.2576752, 24.0131098 ], [ 83.2518792, 24.014914 ], [ 83.2425857, 24.0115857 ], [ 83.241139, 24.0052962 ], [ 83.2424325, 23.9971784 ], [ 83.2336558, 23.996074 ], [ 83.2314328, 23.9939772 ], [ 83.2304971, 23.9887685 ], [ 83.2236105, 23.9866478 ], [ 83.2233319, 23.9842138 ], [ 83.2269083, 23.9778819 ], [ 83.2196681, 23.972945 ], [ 83.2186121, 23.9689761 ], [ 83.2228216, 23.9621953 ], [ 83.2231284, 23.9581456 ], [ 83.2199418, 23.9527052 ], [ 83.2200259, 23.9488518 ], [ 83.2155181, 23.945513 ], [ 83.2159924, 23.9379045 ], [ 83.2119311, 23.9357414 ], [ 83.2084584, 23.9305682 ], [ 83.2038168, 23.9286785 ], [ 83.2079415, 23.9242351 ], [ 83.2079186, 23.9213948 ], [ 83.1984347, 23.9140641 ], [ 83.1946428, 23.9143348 ], [ 83.1931721, 23.9169275 ], [ 83.1897627, 23.917347 ], [ 83.188026, 23.9145249 ], [ 83.1812904, 23.9150954 ], [ 83.1782688, 23.9121625 ], [ 83.1746739, 23.9123021 ], [ 83.1711888, 23.9077726 ], [ 83.1647565, 23.9076667 ], [ 83.1636747, 23.9087744 ], [ 83.1594762, 23.9073849 ], [ 83.1583259, 23.9056938 ], [ 83.1542157, 23.9040419 ], [ 83.1527714, 23.8994699 ], [ 83.1538373, 23.8967347 ], [ 83.148221, 23.8932903 ], [ 83.1475855, 23.8889838 ], [ 83.141483, 23.8849197 ], [ 83.1157734, 23.8801876 ], [ 83.0913767, 23.8715466 ], [ 83.0750481, 23.8701179 ], [ 83.0719378, 23.8738775 ], [ 83.0621434, 23.8739382 ], [ 83.0542509, 23.8792975 ], [ 83.0400369, 23.8786489 ], [ 83.0353068, 23.8796456 ], [ 83.0187119, 23.8794655 ], [ 83.0012465, 23.8767891 ], [ 83.0016257, 23.873636 ], [ 82.9972228, 23.8725879 ], [ 82.9828396, 23.8741609 ], [ 82.9745763, 23.8716322 ], [ 82.9478794, 23.8714223 ], [ 82.9437223, 23.8745139 ], [ 82.9366248, 23.8770683 ], [ 82.9306514, 23.8894572 ], [ 82.9272198, 23.8922909 ], [ 82.9116979, 23.8974975 ], [ 82.9051571, 23.8978872 ], [ 82.8894101, 23.9072419 ], [ 82.8847118, 23.9088399 ], [ 82.877251, 23.9177856 ], [ 82.8652221, 23.926397 ], [ 82.8611063, 23.9389271 ], [ 82.8582786, 23.9392594 ], [ 82.8533461, 23.9454731 ], [ 82.8486462, 23.9453508 ], [ 82.8411164, 23.9506619 ], [ 82.8369868, 23.9568043 ], [ 82.8336193, 23.9574955 ], [ 82.8267234, 23.962305 ], [ 82.8126116, 23.9598694 ], [ 82.8078268, 23.9655549 ], [ 82.8022404, 23.9793 ], [ 82.8053768, 23.9801209 ], [ 82.8053268, 23.9828799 ], [ 82.8085012, 23.9860569 ], [ 82.8056117, 23.9899194 ], [ 82.8045754, 23.9959451 ], [ 82.8062912, 23.9977623 ], [ 82.8041829, 24.0035247 ], [ 82.799891, 24.0034122 ], [ 82.7887892, 24.0082844 ], [ 82.7843597, 24.0046367 ], [ 82.7756357, 24.0064504 ], [ 82.7690033, 24.0056797 ], [ 82.7507045, 24.0119781 ], [ 82.7491722, 24.0235627 ], [ 82.7471838, 24.0272746 ], [ 82.7555796, 24.033298 ], [ 82.7673686, 24.0485626 ], [ 82.7705431, 24.0563158 ], [ 82.7740195, 24.0763043 ], [ 82.7676022, 24.0758882 ], [ 82.7656525, 24.0708261 ], [ 82.7630502, 24.0699109 ], [ 82.7602157, 24.0726017 ], [ 82.7606212, 24.0764902 ], [ 82.7596834, 24.0777307 ], [ 82.7534334, 24.0773137 ], [ 82.7530866, 24.0752968 ], [ 82.7509499, 24.074702 ], [ 82.7518189, 24.0721241 ], [ 82.7483168, 24.0708223 ], [ 82.7447462, 24.0749738 ], [ 82.7402348, 24.07723 ], [ 82.7389697, 24.0757636 ], [ 82.7331373, 24.0804537 ], [ 82.7285579, 24.0781367 ], [ 82.7164177, 24.0777246 ], [ 82.7138994, 24.0762497 ], [ 82.7142213, 24.0797122 ], [ 82.7102887, 24.0810053 ], [ 82.7098734, 24.0850458 ], [ 82.7118234, 24.0892658 ], [ 82.7048787, 24.0948672 ], [ 82.70754, 24.0963914 ], [ 82.7025159, 24.0989853 ], [ 82.6958529, 24.1000449 ], [ 82.6926196, 24.1048091 ], [ 82.6913214, 24.105243 ], [ 82.6912665, 24.1033696 ], [ 82.687064, 24.1082875 ], [ 82.6829481, 24.1093634 ], [ 82.6834019, 24.1118415 ], [ 82.6802151, 24.1125875 ], [ 82.6806292, 24.114849 ], [ 82.678057, 24.1147867 ], [ 82.677154, 24.1199876 ], [ 82.6740847, 24.1196815 ], [ 82.6729146, 24.1207969 ], [ 82.6706421, 24.1198768 ], [ 82.665238, 24.1244874 ], [ 82.664305, 24.129467 ], [ 82.6681928, 24.1349687 ], [ 82.666816, 24.1369282 ], [ 82.6705249, 24.1366564 ], [ 82.6741275, 24.1409707 ], [ 82.6723093, 24.1461539 ], [ 82.6707035, 24.1471229 ], [ 82.6773049, 24.1524586 ], [ 82.682885, 24.1545919 ], [ 82.6849353, 24.1522615 ], [ 82.6883052, 24.151723 ], [ 82.6930168, 24.148728 ], [ 82.6949027, 24.1432874 ], [ 82.6997115, 24.1392406 ], [ 82.7042915, 24.1393015 ], [ 82.7105121, 24.1362238 ], [ 82.7280776, 24.1351429 ], [ 82.7292981, 24.1479626 ], [ 82.735851, 24.1538672 ], [ 82.7444369, 24.1654804 ], [ 82.7396019, 24.200099 ], [ 82.7347147, 24.217311 ], [ 82.736477, 24.2229477 ], [ 82.7448725, 24.2260653 ], [ 82.7499996, 24.2263679 ], [ 82.7592949, 24.2370571 ], [ 82.7578816, 24.2499999 ], [ 82.7554998, 24.2558382 ], [ 82.7561641, 24.2614229 ], [ 82.7621986, 24.2695846 ], [ 82.7715144, 24.2950423 ], [ 82.7732185, 24.3073627 ], [ 82.7661007, 24.3132713 ], [ 82.7659459, 24.3156998 ], [ 82.7684376, 24.3167669 ], [ 82.7689439, 24.3240306 ], [ 82.7714972, 24.3281583 ], [ 82.7670961, 24.3302859 ], [ 82.7699316, 24.3330145 ], [ 82.7683843, 24.3391978 ], [ 82.7693231, 24.3418709 ], [ 82.7709937, 24.3415199 ], [ 82.7713864, 24.3433123 ], [ 82.7727074, 24.3425548 ], [ 82.773638, 24.3434221 ], [ 82.7692452, 24.3466377 ], [ 82.769288, 24.3484299 ], [ 82.7677151, 24.349801 ], [ 82.7679638, 24.3528528 ], [ 82.7644986, 24.3542497 ], [ 82.76494, 24.3566831 ], [ 82.7668799, 24.3581557 ], [ 82.7655728, 24.3599428 ], [ 82.767415, 24.360847 ], [ 82.7651562, 24.363134 ], [ 82.7651395, 24.3652241 ], [ 82.7687311, 24.3663326 ], [ 82.7696993, 24.3695473 ], [ 82.7689195, 24.370901 ], [ 82.7639178, 24.3704596 ], [ 82.7635955, 24.3726442 ], [ 82.7651855, 24.3747986 ], [ 82.7640063, 24.3762693 ], [ 82.7602055, 24.3773454 ], [ 82.7603715, 24.3736845 ], [ 82.7549007, 24.3740911 ], [ 82.7543598, 24.372777 ], [ 82.7564319, 24.3703907 ], [ 82.7559053, 24.3696319 ], [ 82.7520553, 24.3708386 ], [ 82.7481016, 24.3696534 ], [ 82.7441363, 24.3704736 ], [ 82.7398163, 24.367362 ], [ 82.7319531, 24.3694716 ], [ 82.7259693, 24.3679408 ], [ 82.72422, 24.3682354 ], [ 82.7229902, 24.3711704 ], [ 82.7190199, 24.3735699 ], [ 82.7200224, 24.376341 ], [ 82.7191269, 24.3783323 ], [ 82.713207, 24.3802358 ], [ 82.7234051, 24.4167849 ], [ 82.7270856, 24.4202358 ], [ 82.7375025, 24.4253249 ], [ 82.7392103, 24.4276439 ], [ 82.7392147, 24.4323746 ], [ 82.7358707, 24.4310953 ], [ 82.7343876, 24.4323781 ], [ 82.7326261, 24.4308402 ], [ 82.7348883, 24.4354473 ], [ 82.7308913, 24.4375763 ], [ 82.7341238, 24.4466654 ], [ 82.7327739, 24.4479845 ], [ 82.7330667, 24.4500699 ], [ 82.7313121, 24.4513395 ], [ 82.731388, 24.4534159 ], [ 82.7347983, 24.4567809 ], [ 82.736361, 24.4616458 ], [ 82.7347215, 24.4704405 ], [ 82.7309784, 24.4708855 ], [ 82.7298949, 24.4726515 ], [ 82.7342278, 24.4755282 ], [ 82.7337273, 24.4785709 ], [ 82.7401228, 24.4820196 ], [ 82.7399844, 24.4873508 ], [ 82.7432491, 24.4917674 ], [ 82.7435632, 24.4953468 ], [ 82.7431862, 24.4987969 ], [ 82.7359228, 24.5017392 ], [ 82.7292689, 24.5090476 ], [ 82.7235813, 24.5100491 ], [ 82.7206341, 24.5140324 ], [ 82.723124, 24.5183056 ], [ 82.7212778, 24.5234618 ], [ 82.723485, 24.5254736 ], [ 82.7209419, 24.5295018 ], [ 82.7291786, 24.5312476 ], [ 82.7310275, 24.5350834 ], [ 82.7280411, 24.5398974 ], [ 82.7213763, 24.5455208 ], [ 82.7195505, 24.5494364 ], [ 82.7206528, 24.5516792 ], [ 82.7191827, 24.55247 ], [ 82.7204678, 24.5549115 ], [ 82.7220697, 24.5552115 ], [ 82.742373, 24.5469241 ], [ 82.7430981, 24.5518211 ], [ 82.7475526, 24.5497819 ], [ 82.7516391, 24.5499068 ], [ 82.752308, 24.5472306 ], [ 82.7490843, 24.5433142 ], [ 82.7525976, 24.5436873 ], [ 82.7527487, 24.5405682 ], [ 82.7511403, 24.5402239 ], [ 82.7515326, 24.5377234 ], [ 82.7555201, 24.5374468 ], [ 82.7913121, 24.5435603 ], [ 82.7952289, 24.5458104 ], [ 82.807545, 24.5489944 ], [ 82.8051675, 24.5556063 ], [ 82.8056384, 24.5697806 ], [ 82.8012462, 24.5768565 ], [ 82.8030812, 24.5791234 ], [ 82.8027188, 24.582599 ], [ 82.8012228, 24.5829956 ], [ 82.8031849, 24.5875828 ], [ 82.803031, 24.597685 ], [ 82.7965293, 24.5970724 ], [ 82.7916015, 24.5981847 ], [ 82.7895536, 24.5966352 ], [ 82.7801749, 24.5946163 ], [ 82.7654619, 24.595771 ], [ 82.7658507, 24.5972654 ], [ 82.7698927, 24.5989656 ], [ 82.7700713, 24.6036963 ], [ 82.7778223, 24.6108247 ], [ 82.7795481, 24.6139359 ], [ 82.7753999, 24.61466 ], [ 82.7756223, 24.6204651 ], [ 82.7722733, 24.6219344 ], [ 82.7729984, 24.6288865 ], [ 82.7719317, 24.6348983 ], [ 82.7743017, 24.6417747 ], [ 82.7620824, 24.6425876 ], [ 82.7535202, 24.6409107 ], [ 82.7530944, 24.6369516 ], [ 82.746334, 24.6420756 ], [ 82.7410588, 24.6416147 ], [ 82.7322853, 24.64428 ], [ 82.7281343, 24.6353543 ], [ 82.7228425, 24.6384004 ], [ 82.7181729, 24.6346748 ], [ 82.7168016, 24.6370907 ], [ 82.7186763, 24.641134 ], [ 82.7176192, 24.6408862 ], [ 82.7179614, 24.6425472 ], [ 82.7094248, 24.6390721 ], [ 82.7067018, 24.6362749 ], [ 82.6981987, 24.646201 ], [ 82.6987464, 24.6625321 ], [ 82.7017948, 24.6716578 ], [ 82.7008885, 24.6760187 ], [ 82.6865722, 24.6857935 ], [ 82.676145, 24.6907072 ], [ 82.6708468, 24.6970267 ], [ 82.6574684, 24.6951133 ], [ 82.6422404, 24.6847239 ], [ 82.6366013, 24.6823474 ], [ 82.6071757, 24.6755449 ], [ 82.5930438, 24.6687807 ], [ 82.5798432, 24.6592936 ], [ 82.5396345, 24.6478514 ], [ 82.5312903, 24.6509024 ], [ 82.5297827, 24.6525309 ], [ 82.5229522, 24.6762697 ], [ 82.5174119, 24.6734358 ], [ 82.5107414, 24.6752725 ], [ 82.5050588, 24.6716389 ], [ 82.4939543, 24.6709284 ], [ 82.489242, 24.6713698 ], [ 82.4835315, 24.6770075 ], [ 82.4798274, 24.6783418 ], [ 82.4728251, 24.6756562 ], [ 82.4686408, 24.6756181 ], [ 82.4683185, 24.6739843 ], [ 82.4666889, 24.674852 ], [ 82.4567238, 24.6731876 ], [ 82.4502384, 24.6744097 ], [ 82.4537323, 24.6845327 ], [ 82.4530283, 24.688537 ], [ 82.4384549, 24.7010068 ], [ 82.4294479, 24.7025857 ], [ 82.4154958, 24.6922622 ], [ 82.4157666, 24.6894861 ], [ 82.4062045, 24.6811195 ], [ 82.4086841, 24.6793314 ], [ 82.4067666, 24.67698 ], [ 82.4093203, 24.675702 ], [ 82.4138883, 24.6701667 ], [ 82.4114959, 24.6653103 ], [ 82.4120228, 24.6597039 ], [ 82.4159437, 24.6563129 ], [ 82.4162537, 24.6527106 ], [ 82.4184463, 24.6517214 ], [ 82.4161228, 24.6452581 ], [ 82.4177612, 24.6412718 ], [ 82.4120016, 24.6377208 ], [ 82.4122481, 24.6361499 ], [ 82.4096847, 24.6354237 ], [ 82.4089955, 24.6252358 ], [ 82.4132063, 24.62031 ], [ 82.4132694, 24.6164731 ], [ 82.4108144, 24.6137382 ], [ 82.4220227, 24.5996198 ], [ 82.4195676, 24.5957566 ], [ 82.4200757, 24.5948131 ], [ 82.4171479, 24.5943489 ], [ 82.4161102, 24.5911984 ], [ 82.4113966, 24.5945355 ], [ 82.4064054, 24.5947578 ], [ 82.4041446, 24.5963246 ], [ 82.4042429, 24.5940992 ], [ 82.4019167, 24.5913769 ], [ 82.3709633, 24.5970495 ], [ 82.3647673, 24.5971982 ], [ 82.3615039, 24.5985927 ], [ 82.3555884, 24.6042256 ], [ 82.3496269, 24.6151034 ], [ 82.3471774, 24.6166332 ], [ 82.3443335, 24.6155313 ], [ 82.3386389, 24.6203645 ], [ 82.3370592, 24.6189512 ], [ 82.3358658, 24.6199417 ], [ 82.3296082, 24.6184345 ], [ 82.3219719, 24.6124645 ], [ 82.3219433, 24.6099096 ], [ 82.3199688, 24.6088978 ], [ 82.3196392, 24.6062028 ], [ 82.3154269, 24.6078171 ], [ 82.3016811, 24.6077975 ], [ 82.2989623, 24.6048575 ], [ 82.2968041, 24.6058404 ], [ 82.2954099, 24.6089048 ], [ 82.2999603, 24.6120669 ], [ 82.3036758, 24.6251864 ], [ 82.3018029, 24.6274109 ], [ 82.3002136, 24.6343301 ], [ 82.3018801, 24.6391427 ], [ 82.300841, 24.6424555 ], [ 82.3037986, 24.6437615 ], [ 82.3006071, 24.6453895 ], [ 82.2999839, 24.6469781 ], [ 82.3039015, 24.6536923 ], [ 82.3024775, 24.6563729 ], [ 82.2963645, 24.6612494 ], [ 82.3035997, 24.6633114 ], [ 82.3042753, 24.665316 ], [ 82.3031431, 24.667103 ], [ 82.3009256, 24.666339 ], [ 82.2992505, 24.667259 ], [ 82.2981796, 24.6655205 ], [ 82.2946026, 24.6665614 ], [ 82.2922325, 24.6651066 ], [ 82.2880086, 24.6658626 ], [ 82.2853047, 24.6683798 ], [ 82.2860573, 24.6729935 ], [ 82.2851858, 24.6757826 ], [ 82.2806165, 24.6754051 ], [ 82.2687584, 24.683405 ], [ 82.267634, 24.6811788 ], [ 82.2629768, 24.6794781 ], [ 82.2628594, 24.6782593 ], [ 82.2645604, 24.6763917 ], [ 82.2725741, 24.6754134 ], [ 82.2725509, 24.6735491 ], [ 82.2635126, 24.6659096 ], [ 82.260874, 24.6613124 ], [ 82.2552734, 24.6604504 ], [ 82.2570824, 24.6644556 ], [ 82.2563425, 24.6686079 ], [ 82.2541872, 24.6701771 ], [ 82.251087, 24.66808 ], [ 82.2490017, 24.6711617 ], [ 82.2475279, 24.6686562 ], [ 82.2451738, 24.6709242 ], [ 82.2401143, 24.6696643 ], [ 82.2411495, 24.6620485 ], [ 82.2397114, 24.6612731 ], [ 82.2351015, 24.6708958 ], [ 82.2365441, 24.6766951 ], [ 82.2334998, 24.6809901 ], [ 82.2297113, 24.6817872 ], [ 82.2345215, 24.6856252 ], [ 82.2353953, 24.6903912 ], [ 82.2394019, 24.6902122 ], [ 82.2423064, 24.6947825 ], [ 82.2448235, 24.6920225 ], [ 82.2469335, 24.6922465 ], [ 82.2501106, 24.697453 ], [ 82.2451805, 24.7035101 ], [ 82.2461642, 24.7090615 ], [ 82.2502401, 24.7099101 ], [ 82.2509699, 24.7114725 ], [ 82.2495253, 24.7146998 ], [ 82.2498249, 24.7193998 ], [ 82.2446975, 24.7306977 ], [ 82.2452167, 24.7327853 ], [ 82.2477103, 24.7328611 ], [ 82.2506693, 24.7354728 ], [ 82.2554759, 24.7482421 ], [ 82.2555836, 24.7520953 ], [ 82.2532708, 24.7515608 ], [ 82.2508084, 24.7573185 ], [ 82.2494684, 24.7681313 ], [ 82.2507296, 24.7697497 ], [ 82.2466619, 24.7710354 ], [ 82.2461364, 24.7696591 ], [ 82.2466031, 24.7666162 ], [ 82.2498073, 24.7628396 ], [ 82.2487436, 24.7561963 ], [ 82.2462255, 24.7544471 ], [ 82.2451605, 24.7444106 ], [ 82.2425658, 24.7446699 ], [ 82.2399344, 24.7507822 ], [ 82.2374439, 24.7517365 ], [ 82.2379116, 24.7550132 ], [ 82.2354198, 24.7602016 ], [ 82.234125, 24.7605862 ], [ 82.2332381, 24.7582577 ], [ 82.231316, 24.7592566 ], [ 82.2313577, 24.7559841 ], [ 82.2264583, 24.7612371 ], [ 82.2247451, 24.7578303 ], [ 82.2281334, 24.7543613 ], [ 82.2268864, 24.7527281 ], [ 82.2292786, 24.7493471 ], [ 82.2288405, 24.7455828 ], [ 82.2259648, 24.7468577 ], [ 82.2222723, 24.7465668 ], [ 82.2222489, 24.7482505 ], [ 82.2187332, 24.7501289 ], [ 82.2158499, 24.7548838 ], [ 82.2065692, 24.7471946 ], [ 82.2064136, 24.7435158 ], [ 82.2095661, 24.7421238 ], [ 82.2105777, 24.7397941 ], [ 82.2166859, 24.7386033 ], [ 82.2175549, 24.7374607 ], [ 82.2200262, 24.7310495 ], [ 82.2188827, 24.7284502 ], [ 82.2212984, 24.7272118 ], [ 82.2213045, 24.7223278 ], [ 82.2199699, 24.7219495 ], [ 82.2193591, 24.724604 ], [ 82.215743, 24.7264931 ], [ 82.2159239, 24.7305374 ], [ 82.2140387, 24.7344251 ], [ 82.2091354, 24.7338456 ], [ 82.2049703, 24.7357753 ], [ 82.2032591, 24.7340429 ], [ 82.1995333, 24.73525 ], [ 82.1970935, 24.7381581 ], [ 82.1914192, 24.7375875 ], [ 82.1881504, 24.7341899 ], [ 82.18525, 24.7357214 ], [ 82.1813193, 24.7325631 ], [ 82.1774543, 24.7323253 ], [ 82.1839764, 24.7388455 ], [ 82.1866403, 24.7386277 ], [ 82.1975038, 24.7467659 ], [ 82.1974709, 24.7497767 ], [ 82.2032568, 24.7583395 ], [ 82.203656, 24.760486 ], [ 82.1954199, 24.7641663 ], [ 82.2000646, 24.7686193 ], [ 82.194902, 24.7751895 ], [ 82.1965451, 24.7780595 ], [ 82.2040195, 24.7762277 ], [ 82.2094449, 24.7715258 ], [ 82.2103517, 24.7747211 ], [ 82.2140386, 24.7728728 ], [ 82.2179224, 24.7766756 ], [ 82.2097602, 24.7773892 ], [ 82.2092121, 24.7784367 ], [ 82.2118334, 24.7867137 ], [ 82.2151083, 24.7901838 ], [ 82.2172897, 24.7901816 ], [ 82.2161504, 24.794141 ], [ 82.2121497, 24.7936423 ], [ 82.2063214, 24.7961237 ], [ 82.2032977, 24.7922976 ], [ 82.1997529, 24.7931028 ], [ 82.1954206, 24.7918681 ], [ 82.1842573, 24.795633 ], [ 82.1839054, 24.7989043 ], [ 82.1887622, 24.8057874 ], [ 82.1916205, 24.8057591 ], [ 82.1981396, 24.8162733 ], [ 82.2035916, 24.8192047 ], [ 82.1994016, 24.8177488 ], [ 82.191104, 24.8106885 ], [ 82.184798, 24.8097116 ], [ 82.1781816, 24.8108877 ], [ 82.1751165, 24.8009086 ], [ 82.1699582, 24.7993754 ], [ 82.1666505, 24.800875 ], [ 82.1696512, 24.7980485 ], [ 82.1789018, 24.7950663 ], [ 82.1782334, 24.7928727 ], [ 82.1740202, 24.7923957 ], [ 82.1713297, 24.790591 ], [ 82.1677351, 24.7911834 ], [ 82.1670211, 24.7854419 ], [ 82.1532721, 24.7915795 ], [ 82.1509191, 24.7946223 ], [ 82.1497269, 24.7919051 ], [ 82.1443528, 24.7970156 ], [ 82.1385819, 24.7994094 ], [ 82.1355658, 24.7973957 ], [ 82.1318765, 24.7916091 ], [ 82.1338789, 24.7879798 ], [ 82.1300914, 24.7880882 ], [ 82.1295771, 24.7856327 ], [ 82.125933, 24.7883096 ], [ 82.1232621, 24.7870197 ], [ 82.1203211, 24.7881334 ], [ 82.1156092, 24.7844363 ], [ 82.112181, 24.800519 ], [ 82.1103167, 24.8005505 ], [ 82.1057023, 24.8053753 ], [ 82.0976541, 24.8161487 ], [ 82.0750452, 24.8219386 ], [ 82.0715744, 24.8191794 ], [ 82.0514285, 24.8305231 ], [ 82.0487722, 24.8307249 ], [ 82.0470543, 24.8283413 ], [ 82.0452141, 24.8286189 ], [ 82.0312308, 24.8402437 ], [ 82.0240029, 24.8412004 ], [ 82.0170142, 24.8459216 ], [ 82.010721, 24.8469099 ], [ 82.0031081, 24.8414466 ], [ 81.9922513, 24.8422371 ], [ 81.9853085, 24.8392497 ], [ 81.9715371, 24.8389342 ], [ 81.9687501, 24.836178 ], [ 81.9679187, 24.8290195 ], [ 81.9652662, 24.8270395 ], [ 81.9606135, 24.836544 ], [ 81.9441741, 24.8412378 ], [ 81.9423954, 24.8451973 ], [ 81.9435735, 24.846578 ], [ 81.9410264, 24.847509 ], [ 81.9389748, 24.8501144 ], [ 81.9379357, 24.8497266 ], [ 81.9364973, 24.8520112 ], [ 81.937818, 24.8518617 ], [ 81.93768, 24.8528503 ], [ 81.9327208, 24.8587384 ], [ 81.9345901, 24.8682633 ], [ 81.9337159, 24.8707042 ], [ 81.9280125, 24.874033 ], [ 81.9255031, 24.8722012 ], [ 81.9200612, 24.8743245 ], [ 81.9212495, 24.876396 ], [ 81.9205671, 24.8773892 ], [ 81.9164997, 24.8772008 ], [ 81.9146255, 24.8807176 ], [ 81.9078862, 24.8813466 ], [ 81.9065655, 24.8834459 ], [ 81.9089117, 24.8857384 ], [ 81.9049482, 24.8867774 ], [ 81.9035486, 24.8900096 ], [ 81.9044198, 24.8913861 ], [ 81.9028363, 24.8916753 ], [ 81.9057414, 24.8926904 ], [ 81.9062712, 24.8937961 ], [ 81.9047918, 24.8950738 ], [ 81.9078555, 24.8965447 ], [ 81.9035258, 24.8987484 ], [ 81.9064312, 24.9002644 ], [ 81.9057981, 24.9019392 ], [ 81.9071752, 24.9048397 ], [ 81.91835, 24.9195175 ], [ 81.9175831, 24.9203301 ], [ 81.9190241, 24.9219005 ], [ 81.9175544, 24.9232776 ], [ 81.919645, 24.9281249 ], [ 81.9174777, 24.9305449 ], [ 81.9180276, 24.9319982 ], [ 81.9146028, 24.9340168 ], [ 81.9140589, 24.9362603 ], [ 81.9103613, 24.9373761 ], [ 81.9108817, 24.9394208 ], [ 81.9090706, 24.9426395 ], [ 81.9100635, 24.9524252 ], [ 81.9089349, 24.9532966 ], [ 81.9090452, 24.9581625 ], [ 81.9074957, 24.9595079 ], [ 81.9093924, 24.9607036 ], [ 81.9080514, 24.9634935 ], [ 81.9075135, 24.9707563 ], [ 81.9040823, 24.9722014 ], [ 81.9078576, 24.9801178 ], [ 81.9051739, 24.9813687 ], [ 81.905927, 24.9827226 ], [ 81.9029856, 24.9837388 ], [ 81.9014559, 24.986497 ], [ 81.9063361, 24.9950316 ], [ 81.9072697, 25.005673 ], [ 81.8981178, 25.0106391 ], [ 81.8955982, 25.0095317 ], [ 81.8948417, 25.0078231 ], [ 81.8974026, 25.0035217 ], [ 81.9016864, 24.9993976 ], [ 81.8955236, 24.9897644 ], [ 81.8913135, 24.9888682 ], [ 81.8899074, 24.9918565 ], [ 81.8909033, 24.9957607 ], [ 81.8768771, 24.9993996 ], [ 81.8768771, 24.9957931 ], [ 81.8741926, 24.9951749 ], [ 81.8727762, 24.996258 ], [ 81.8725532, 24.9997562 ], [ 81.866416, 25.0023495 ], [ 81.8652125, 25.0008689 ], [ 81.8595509, 25.0031388 ], [ 81.8534686, 25.0026776 ], [ 81.848648, 25.0082197 ], [ 81.8487414, 25.0116412 ], [ 81.8448677, 25.0122498 ], [ 81.8437923, 25.0144207 ], [ 81.8348153, 25.0169721 ], [ 81.8318993, 25.012128 ], [ 81.8256808, 25.0167887 ], [ 81.8230503, 25.0171173 ], [ 81.8194899, 25.014137 ], [ 81.817721, 25.015197 ], [ 81.8140131, 25.0106908 ], [ 81.8103811, 25.0126933 ], [ 81.8046389, 25.0059021 ], [ 81.8055854, 25.0052435 ], [ 81.8037662, 25.0017048 ], [ 81.7922127, 25.0044074 ], [ 81.7808887, 25.0188762 ], [ 81.7580042, 25.0273864 ], [ 81.7551713, 25.0316857 ], [ 81.7550038, 25.0348363 ], [ 81.7458027, 25.0334693 ], [ 81.7466983, 25.0374181 ], [ 81.741879, 25.0389386 ], [ 81.7425552, 25.0414387 ], [ 81.7401298, 25.0437244 ], [ 81.740413, 25.0448347 ], [ 81.7315077, 25.0486419 ], [ 81.7304363, 25.0474645 ], [ 81.7238783, 25.0501682 ], [ 81.7190854, 25.0418409 ], [ 81.7216771, 25.0423204 ], [ 81.7214113, 25.0382537 ], [ 81.713314, 25.036074 ], [ 81.7071007, 25.0352289 ], [ 81.6897523, 25.0389478 ], [ 81.6887221, 25.039544 ], [ 81.6934391, 25.0487997 ], [ 81.6916657, 25.0497573 ], [ 81.691508, 25.0514816 ], [ 81.6886243, 25.0517402 ], [ 81.6857387, 25.0583947 ], [ 81.6823159, 25.0611945 ], [ 81.6779654, 25.0620402 ], [ 81.6708833, 25.0599075 ], [ 81.667197, 25.0613621 ], [ 81.6685584, 25.0717116 ], [ 81.6665425, 25.075111 ], [ 81.6649515, 25.074633 ], [ 81.6641628, 25.0725931 ], [ 81.6626667, 25.0741687 ], [ 81.6605101, 25.0716054 ], [ 81.6526983, 25.0708186 ], [ 81.6514846, 25.0671567 ], [ 81.6412249, 25.0567631 ], [ 81.6333116, 25.0593365 ], [ 81.6319635, 25.0562989 ], [ 81.6303383, 25.0561906 ], [ 81.6272656, 25.0527261 ], [ 81.6114341, 25.0565015 ], [ 81.6103186, 25.0610737 ], [ 81.6169243, 25.0587904 ], [ 81.6174544, 25.0609209 ], [ 81.6092982, 25.0655181 ], [ 81.6105357, 25.0686479 ], [ 81.6003506, 25.0738463 ], [ 81.6054297, 25.0784781 ], [ 81.6116149, 25.0785827 ], [ 81.6157878, 25.0803433 ], [ 81.6214326, 25.0901564 ], [ 81.6283711, 25.0910454 ], [ 81.6286094, 25.094745 ], [ 81.6408635, 25.0984924 ], [ 81.6335722, 25.1030022 ], [ 81.6320555, 25.1064282 ], [ 81.6296866, 25.1056955 ], [ 81.6283385, 25.1067948 ], [ 81.6317087, 25.1117815 ], [ 81.6329435, 25.1171211 ], [ 81.6240816, 25.120037 ], [ 81.6206485, 25.115889 ], [ 81.6236483, 25.1122278 ], [ 81.6231423, 25.1109917 ], [ 81.6189682, 25.110134 ], [ 81.6163161, 25.1077326 ], [ 81.6146561, 25.1000366 ], [ 81.6114743, 25.0950577 ], [ 81.6083167, 25.0960549 ], [ 81.6102284, 25.1087611 ], [ 81.608493, 25.1117446 ], [ 81.610109, 25.1125166 ], [ 81.6063853, 25.1162715 ], [ 81.6006146, 25.1162707 ], [ 81.5969553, 25.1190866 ], [ 81.5980354, 25.122287 ], [ 81.5999984, 25.1231268 ], [ 81.5984963, 25.1237985 ], [ 81.6005883, 25.1240298 ], [ 81.6023279, 25.1272528 ], [ 81.5980643, 25.1313357 ], [ 81.6025791, 25.1361539 ], [ 81.6104627, 25.1390977 ], [ 81.6145878, 25.1443926 ], [ 81.6184954, 25.1427408 ], [ 81.6206129, 25.1402945 ], [ 81.6233203, 25.1410394 ], [ 81.6257104, 25.1448489 ], [ 81.6241788, 25.1561442 ], [ 81.6262105, 25.1604667 ], [ 81.6204186, 25.1624161 ], [ 81.6196894, 25.1660134 ], [ 81.6153978, 25.1690131 ], [ 81.6118236, 25.1639186 ], [ 81.608937, 25.1646856 ], [ 81.6046274, 25.1630286 ], [ 81.594356, 25.1637263 ], [ 81.5884634, 25.1657697 ], [ 81.5950767, 25.1774886 ], [ 81.595588, 25.181778 ], [ 81.5785742, 25.1908538 ], [ 81.5701703, 25.1920786 ], [ 81.5629057, 25.1865059 ], [ 81.5559726, 25.1836276 ], [ 81.5541061, 25.1860867 ], [ 81.5459755, 25.1860176 ], [ 81.5454556, 25.1850622 ], [ 81.5399142, 25.1860791 ], [ 81.5398041, 25.1803603 ], [ 81.534114, 25.1809252 ], [ 81.5328383, 25.1823917 ], [ 81.5274576, 25.1808537 ], [ 81.5249765, 25.1823594 ], [ 81.5249552, 25.1838581 ], [ 81.5185792, 25.1860473 ], [ 81.5146034, 25.1843374 ], [ 81.5144084, 25.1795264 ], [ 81.5124809, 25.1773403 ], [ 81.514637, 25.1735776 ], [ 81.5161742, 25.1740707 ], [ 81.515972, 25.1727075 ], [ 81.5182448, 25.1714499 ], [ 81.5207727, 25.1675518 ], [ 81.5251839, 25.1656868 ], [ 81.5249611, 25.1645712 ], [ 81.5309919, 25.1646971 ], [ 81.5365001, 25.1605479 ], [ 81.5355992, 25.158119 ], [ 81.5314306, 25.1552187 ], [ 81.5299208, 25.1516067 ], [ 81.5226996, 25.1466729 ], [ 81.5265766, 25.147795 ], [ 81.5308978, 25.1452069 ], [ 81.5272388, 25.1380911 ], [ 81.5239556, 25.1391179 ], [ 81.5191571, 25.1431453 ], [ 81.5154778, 25.1430388 ], [ 81.5139036, 25.1456373 ], [ 81.5099758, 25.1460091 ], [ 81.5087988, 25.1478182 ], [ 81.4995098, 25.1486817 ], [ 81.4986366, 25.1443569 ], [ 81.4964654, 25.1411647 ], [ 81.496384, 25.12898 ], [ 81.4938782, 25.1320784 ], [ 81.4851937, 25.1348339 ], [ 81.4800549, 25.1325492 ], [ 81.4807596, 25.1276423 ], [ 81.4874397, 25.1237737 ], [ 81.4841357, 25.1159494 ], [ 81.4886604, 25.1142128 ], [ 81.4903219, 25.109445 ], [ 81.4958335, 25.1085289 ], [ 81.4982554, 25.105056 ], [ 81.5003361, 25.1066916 ], [ 81.5037666, 25.1066313 ], [ 81.5089332, 25.1053535 ], [ 81.5137056, 25.1015612 ], [ 81.5180982, 25.1007384 ], [ 81.5096194, 25.0978298 ], [ 81.5066525, 25.0955345 ], [ 81.5031881, 25.0951525 ], [ 81.5002376, 25.0963778 ], [ 81.502804, 25.0926425 ], [ 81.5029803, 25.0897088 ], [ 81.5010845, 25.0774254 ], [ 81.4994744, 25.0768238 ], [ 81.4984365, 25.0787366 ], [ 81.4936321, 25.0801893 ], [ 81.4911345, 25.0723237 ], [ 81.486472, 25.0734603 ], [ 81.4820543, 25.0767539 ], [ 81.4722819, 25.0780922 ], [ 81.4692699, 25.0797868 ], [ 81.465065, 25.0838066 ], [ 81.4673335, 25.0884047 ], [ 81.4648069, 25.0901124 ], [ 81.4619131, 25.0893737 ], [ 81.4615853, 25.0903806 ], [ 81.4545074, 25.0903936 ], [ 81.4367744, 25.0940761 ], [ 81.4299257, 25.0976176 ], [ 81.4240719, 25.0980891 ], [ 81.4175947, 25.1023475 ], [ 81.40727, 25.1049143 ], [ 81.41371, 25.1079184 ], [ 81.418786, 25.1068789 ], [ 81.422203, 25.1075841 ], [ 81.4240702, 25.1064304 ], [ 81.4271737, 25.1071154 ], [ 81.4306927, 25.105584 ], [ 81.4342627, 25.1072301 ], [ 81.4445037, 25.1059438 ], [ 81.4476577, 25.1071722 ], [ 81.4456953, 25.1092608 ], [ 81.4466779, 25.1110884 ], [ 81.4451291, 25.1160811 ], [ 81.4438154, 25.1162173 ], [ 81.442692, 25.1197385 ], [ 81.4379048, 25.1238887 ], [ 81.4369254, 25.1281545 ], [ 81.4385247, 25.1303347 ], [ 81.4289189, 25.1304867 ], [ 81.4258683, 25.1323275 ], [ 81.4218725, 25.1285527 ], [ 81.4153973, 25.1284372 ], [ 81.4061857, 25.1312876 ], [ 81.4056753, 25.129257 ], [ 81.4085294, 25.1252252 ], [ 81.4142134, 25.1210186 ], [ 81.4121272, 25.1199253 ], [ 81.399921, 25.1192192 ], [ 81.3952117, 25.1227405 ], [ 81.3954007, 25.1261619 ], [ 81.3932588, 25.1262343 ], [ 81.3940525, 25.1292359 ], [ 81.3926149, 25.1309558 ], [ 81.385376, 25.1321615 ], [ 81.3822773, 25.1360796 ], [ 81.3785584, 25.1348385 ], [ 81.3708976, 25.1348385 ], [ 81.3754106, 25.1390429 ], [ 81.3757272, 25.1417265 ], [ 81.3688196, 25.1439019 ], [ 81.3626847, 25.1530597 ], [ 81.3616972, 25.1592298 ], [ 81.3572777, 25.1631021 ], [ 81.3540242, 25.1639141 ], [ 81.3527251, 25.1620181 ], [ 81.345281, 25.1618995 ], [ 81.3345164, 25.1692948 ], [ 81.3223234, 25.1619336 ], [ 81.3195634, 25.1567826 ], [ 81.3186716, 25.1439679 ], [ 81.3250269, 25.1365091 ], [ 81.3239368, 25.1347619 ], [ 81.3240141, 25.1276258 ], [ 81.3251963, 25.1223903 ], [ 81.3262883, 25.1192085 ], [ 81.3310405, 25.114661 ], [ 81.3214722, 25.1127659 ], [ 81.3212712, 25.1187734 ], [ 81.3185724, 25.1228168 ], [ 81.3162418, 25.1234928 ], [ 81.3178969, 25.1253983 ], [ 81.3156897, 25.1270946 ], [ 81.3143222, 25.1353947 ], [ 81.3119211, 25.1375647 ], [ 81.3132192, 25.1494498 ], [ 81.3122885, 25.1559085 ], [ 81.3155007, 25.1588844 ], [ 81.3134303, 25.1637355 ], [ 81.2992057, 25.1644693 ], [ 81.2965832, 25.1626851 ], [ 81.2889708, 25.1618773 ], [ 81.2775162, 25.1660002 ], [ 81.2750979, 25.1634619 ], [ 81.280624, 25.1555983 ], [ 81.2816731, 25.1520602 ], [ 81.2775466, 25.1465147 ], [ 81.2661473, 25.1396866 ], [ 81.2685146, 25.1315637 ], [ 81.2681755, 25.128088 ], [ 81.2627587, 25.1253847 ], [ 81.2647943, 25.1222763 ], [ 81.2647249, 25.1166929 ], [ 81.26133, 25.1101816 ], [ 81.2572046, 25.1110584 ], [ 81.2538209, 25.1082062 ], [ 81.2521373, 25.1020766 ], [ 81.2549964, 25.0985444 ], [ 81.2584916, 25.0975229 ], [ 81.2615635, 25.088367 ], [ 81.2666721, 25.0843897 ], [ 81.2594943, 25.0757323 ], [ 81.2650612, 25.0735511 ], [ 81.2688973, 25.0674469 ], [ 81.2620374, 25.0580803 ], [ 81.2638211, 25.0527645 ], [ 81.2585724, 25.048996 ], [ 81.2537313, 25.0389039 ], [ 81.2451022, 25.0275228 ], [ 81.2418261, 25.0258734 ], [ 81.2393528, 25.019222 ], [ 81.2372414, 25.0179237 ], [ 81.2266621, 25.0019616 ], [ 81.2208043, 24.997395 ], [ 81.21304, 24.9999952 ], [ 81.2120761, 24.9956986 ], [ 81.2089241, 24.9926175 ], [ 81.2164276, 24.9862713 ], [ 81.2208732, 24.9776111 ], [ 81.220276, 24.9738244 ], [ 81.2071373, 24.9644842 ], [ 81.2144263, 24.9579576 ], [ 81.2135516, 24.9534443 ], [ 81.2146274, 24.9485191 ], [ 81.2111354, 24.9461424 ], [ 81.2131806, 24.9453118 ], [ 81.2147342, 24.9386609 ], [ 81.2135893, 24.9368606 ], [ 81.2152349, 24.9328784 ], [ 81.2173038, 24.9323942 ], [ 81.2193454, 24.9351147 ], [ 81.2206073, 24.9345317 ], [ 81.2195236, 24.9286373 ], [ 81.2138748, 24.927562 ], [ 81.2101746, 24.9240027 ], [ 81.2101737, 24.9226215 ], [ 81.2035026, 24.9247602 ], [ 81.2016229, 24.9268962 ], [ 81.1963944, 24.924678 ], [ 81.19291, 24.9253522 ], [ 81.191624, 24.9271763 ], [ 81.1975942, 24.9279454 ], [ 81.2007002, 24.9317761 ], [ 81.2028091, 24.9318608 ], [ 81.2059066, 24.9298053 ], [ 81.2071941, 24.9304321 ], [ 81.2035373, 24.9326593 ], [ 81.2009714, 24.938005 ], [ 81.1973727, 24.9386658 ], [ 81.1971466, 24.9414735 ], [ 81.1922326, 24.9450146 ], [ 81.1888114, 24.9447227 ], [ 81.1851514, 24.9520365 ], [ 81.1826503, 24.9501959 ], [ 81.1793676, 24.9498812 ], [ 81.1722064, 24.9572997 ], [ 81.168012, 24.9552292 ], [ 81.1640174, 24.9426458 ], [ 81.1660556, 24.9381631 ], [ 81.1637139, 24.9376401 ], [ 81.1637803, 24.9283145 ], [ 81.1613249, 24.9279179 ], [ 81.158522, 24.9234364 ], [ 81.1607927, 24.9191161 ], [ 81.1601972, 24.9135553 ], [ 81.1503972, 24.9137017 ], [ 81.145462, 24.9103035 ], [ 81.145115, 24.9067196 ], [ 81.1416501, 24.9032399 ], [ 81.1399072, 24.8967537 ], [ 81.1412376, 24.8902491 ], [ 81.1396043, 24.8875274 ], [ 81.1224823, 24.8996748 ], [ 81.1180821, 24.9078717 ], [ 81.1123014, 24.9073703 ], [ 81.1038759, 24.9182973 ], [ 81.0963022, 24.9211894 ], [ 81.0933649, 24.9289931 ], [ 81.0904592, 24.9288661 ], [ 81.0897011, 24.93152 ], [ 81.0870373, 24.9332166 ], [ 81.0902963, 24.9449442 ], [ 81.0845072, 24.9499079 ], [ 81.0797103, 24.948277 ], [ 81.0705009, 24.9498447 ], [ 81.0662534, 24.9490261 ], [ 81.0608504, 24.9519172 ], [ 81.0551814, 24.9521629 ], [ 81.0528407, 24.9501712 ], [ 81.0499, 24.9498132 ], [ 81.0407551, 24.9504582 ], [ 81.0337306, 24.9526117 ], [ 81.0285574, 24.9485866 ], [ 81.0258491, 24.9487518 ], [ 81.0283534, 24.9434904 ], [ 81.025481, 24.9447479 ], [ 81.0241949, 24.9434244 ], [ 81.0255788, 24.9400536 ], [ 81.0162666, 24.951503 ], [ 81.0141092, 24.9501473 ], [ 81.013537, 24.9477591 ], [ 81.0212031, 24.9394457 ], [ 81.0226071, 24.9357815 ], [ 81.0288515, 24.9332624 ], [ 81.0246736, 24.9330927 ], [ 81.0230692, 24.9276208 ], [ 81.0171757, 24.9310156 ], [ 81.0131639, 24.9279342 ], [ 81.0095181, 24.9359885 ], [ 81.004512, 24.9372213 ], [ 81.0004043, 24.9360444 ], [ 80.9972156, 24.9328796 ], [ 80.9959931, 24.9280735 ], [ 80.9876306, 24.9260352 ], [ 80.986747, 24.9231968 ], [ 80.9827553, 24.9266392 ], [ 80.9846989, 24.9301766 ], [ 80.9861843, 24.9305953 ], [ 80.9853844, 24.9328844 ], [ 80.9738513, 24.9341924 ], [ 80.9701971, 24.9330483 ], [ 80.9682543, 24.9300298 ], [ 80.9646009, 24.9298244 ], [ 80.9657416, 24.9260727 ], [ 80.9618607, 24.9257635 ], [ 80.9619725, 24.9228476 ], [ 80.9599158, 24.9192061 ], [ 80.9571777, 24.9178535 ], [ 80.9575119, 24.9217608 ], [ 80.9556954, 24.9219167 ], [ 80.9572949, 24.9230578 ], [ 80.956552, 24.9298876 ], [ 80.9587854, 24.93858 ], [ 80.9556975, 24.9405497 ], [ 80.9527317, 24.9397162 ], [ 80.9477125, 24.9409691 ], [ 80.9540479, 24.9543447 ], [ 80.9509513, 24.958964 ], [ 80.9500633, 24.964408 ], [ 80.9460041, 24.9662652 ], [ 80.9363513, 24.9619813 ], [ 80.9283544, 24.9610591 ], [ 80.8991485, 24.9486221 ], [ 80.897623, 24.9450293 ], [ 80.900162, 24.9412057 ], [ 80.9052407, 24.938659 ], [ 80.9070764, 24.9350521 ], [ 80.9044732, 24.9380634 ], [ 80.8994588, 24.9400367 ], [ 80.8954644, 24.9451063 ], [ 80.8917167, 24.9451068 ], [ 80.8789684, 24.9394925 ], [ 80.8790227, 24.9367662 ], [ 80.8808295, 24.9353442 ], [ 80.8775721, 24.9344957 ], [ 80.8732357, 24.9358093 ], [ 80.8607268, 24.9286678 ], [ 80.8566673, 24.9315831 ], [ 80.8547021, 24.9306937 ], [ 80.851326, 24.9315734 ], [ 80.8478117, 24.9298485 ], [ 80.8438613, 24.9306196 ], [ 80.8374416, 24.9283251 ], [ 80.8372312, 24.9203175 ], [ 80.8325414, 24.9200088 ], [ 80.8297974, 24.9180134 ], [ 80.8253173, 24.9197678 ], [ 80.8145857, 24.9209013 ], [ 80.8119911, 24.9225478 ], [ 80.8139142, 24.927428 ], [ 80.8190509, 24.9307386 ], [ 80.8200498, 24.9329057 ], [ 80.8181142, 24.9331081 ], [ 80.8127905, 24.9373669 ], [ 80.8081709, 24.9386785 ], [ 80.8058414, 24.9436786 ], [ 80.8099259, 24.9527306 ], [ 80.8051675, 24.9535139 ], [ 80.7995052, 24.9585395 ], [ 80.7951817, 24.9602254 ], [ 80.7922077, 24.9648684 ], [ 80.7998013, 24.9684113 ], [ 80.8113675, 24.9702267 ], [ 80.8138885, 24.9693567 ], [ 80.8138349, 24.9674924 ], [ 80.8158756, 24.9662068 ], [ 80.8237925, 24.9677671 ], [ 80.8254258, 24.9696588 ], [ 80.8258739, 24.976204 ], [ 80.8329236, 24.9819793 ], [ 80.845893, 24.9839234 ], [ 80.8517359, 24.9882486 ], [ 80.8551261, 25.0039862 ], [ 80.8430265, 25.0196242 ], [ 80.8365509, 25.0226875 ], [ 80.8317817, 25.0328737 ], [ 80.8401196, 25.0334175 ], [ 80.8423336, 25.0356569 ], [ 80.846404, 25.0444369 ], [ 80.8554559, 25.0473092 ], [ 80.8637495, 25.0565181 ], [ 80.8696561, 25.058861 ], [ 80.8780406, 25.0654692 ], [ 80.8777087, 25.0717027 ], [ 80.8764202, 25.0733998 ], [ 80.8691548, 25.0728355 ], [ 80.8676034, 25.0753361 ], [ 80.867177, 25.0795067 ], [ 80.8795879, 25.0992543 ], [ 80.8785866, 25.1021025 ], [ 80.8745863, 25.1041473 ], [ 80.8742293, 25.1086249 ], [ 80.869247, 25.1122492 ], [ 80.8684388, 25.1156796 ], [ 80.8749432, 25.1202612 ], [ 80.876257, 25.1237593 ], [ 80.878855, 25.1256504 ], [ 80.8795248, 25.1383384 ], [ 80.887106, 25.1346413 ], [ 80.888628, 25.1325153 ], [ 80.8947815, 25.1340086 ], [ 80.8957338, 25.1352903 ], [ 80.8942117, 25.1364641 ], [ 80.8945442, 25.1381793 ], [ 80.9019344, 25.1478058 ], [ 80.9079459, 25.152571 ], [ 80.912912, 25.1590831 ], [ 80.9037207, 25.1593075 ], [ 80.8989142, 25.1663215 ], [ 80.8893923, 25.1753676 ], [ 80.8887631, 25.1781214 ], [ 80.8861839, 25.179083 ], [ 80.8851772, 25.1818048 ], [ 80.8820771, 25.1824369 ], [ 80.881968, 25.1850729 ], [ 80.8843243, 25.1861154 ], [ 80.8846618, 25.1879389 ], [ 80.8805742, 25.1868739 ], [ 80.8794976, 25.1812635 ], [ 80.8723797, 25.1780904 ], [ 80.8687926, 25.1745109 ], [ 80.8679809, 25.1779576 ], [ 80.8641493, 25.1827751 ], [ 80.8571654, 25.1806846 ], [ 80.8556275, 25.1824673 ], [ 80.8450814, 25.1849364 ], [ 80.8441492, 25.1869023 ], [ 80.838143, 25.180347 ], [ 80.8392278, 25.1798932 ], [ 80.8381549, 25.1776886 ], [ 80.8394793, 25.17726 ], [ 80.8387852, 25.176154 ], [ 80.8430261, 25.1759926 ], [ 80.8462165, 25.1717187 ], [ 80.8486041, 25.1630078 ], [ 80.8400249, 25.1561904 ], [ 80.8398212, 25.1445451 ], [ 80.837471, 25.1394937 ], [ 80.8364524, 25.1305563 ], [ 80.8385241, 25.1248438 ], [ 80.8406106, 25.1232 ], [ 80.8391783, 25.1218095 ], [ 80.8389113, 25.1189252 ], [ 80.8407024, 25.1142855 ], [ 80.8406087, 25.1086072 ], [ 80.837536, 25.1059299 ], [ 80.839109, 25.1055005 ], [ 80.8381412, 25.1043141 ], [ 80.8355385, 25.1051305 ], [ 80.8360535, 25.106584 ], [ 80.8340807, 25.1060282 ], [ 80.8329162, 25.1046603 ], [ 80.8334511, 25.103444 ], [ 80.8299135, 25.1001676 ], [ 80.8278124, 25.1152208 ], [ 80.8243863, 25.1161314 ], [ 80.8266498, 25.1214493 ], [ 80.8232135, 25.1225721 ], [ 80.822499, 25.1239485 ], [ 80.8172295, 25.124193 ], [ 80.8159651, 25.1224068 ], [ 80.8119484, 25.1240797 ], [ 80.8152741, 25.1316522 ], [ 80.8145615, 25.1335054 ], [ 80.8069944, 25.13689 ], [ 80.8037648, 25.1375674 ], [ 80.8007779, 25.1354015 ], [ 80.7970765, 25.1365666 ], [ 80.794745, 25.1305937 ], [ 80.7913578, 25.1316751 ], [ 80.7863764, 25.1294424 ], [ 80.7817075, 25.1336282 ], [ 80.7831402, 25.1339135 ], [ 80.7841743, 25.1369428 ], [ 80.7787803, 25.142261 ], [ 80.7771721, 25.1365127 ], [ 80.7757601, 25.1364589 ], [ 80.7720594, 25.1326287 ], [ 80.7618035, 25.1348284 ], [ 80.7599852, 25.1333556 ], [ 80.7539068, 25.1328001 ], [ 80.7454534, 25.1291056 ], [ 80.7443197, 25.1257032 ], [ 80.7419527, 25.1236333 ], [ 80.7367525, 25.1353593 ], [ 80.7325756, 25.1332139 ], [ 80.7348456, 25.1376672 ], [ 80.7339604, 25.1403806 ], [ 80.7325109, 25.1386078 ], [ 80.7318918, 25.139362 ], [ 80.7316337, 25.1449726 ], [ 80.7302416, 25.1463188 ], [ 80.7276333, 25.1376752 ], [ 80.723285, 25.1370278 ], [ 80.7215698, 25.1352887 ], [ 80.7204198, 25.1357995 ], [ 80.7208933, 25.138864 ], [ 80.7192091, 25.1346718 ], [ 80.7203146, 25.1343732 ], [ 80.7201148, 25.1324054 ], [ 80.71811, 25.1303394 ], [ 80.714014, 25.1295069 ], [ 80.7076136, 25.1305351 ], [ 80.7043894, 25.1283749 ], [ 80.703466, 25.1264119 ], [ 80.7041029, 25.122268 ], [ 80.7076298, 25.1176531 ], [ 80.7108686, 25.1197591 ], [ 80.7210133, 25.1210348 ], [ 80.7228619, 25.1202663 ], [ 80.7238496, 25.1215791 ], [ 80.7273516, 25.1185525 ], [ 80.7306572, 25.1126449 ], [ 80.726315, 25.1111599 ], [ 80.7232366, 25.1050729 ], [ 80.7232367, 25.0946493 ], [ 80.7254512, 25.0914311 ], [ 80.7307877, 25.0892789 ], [ 80.7351197, 25.0892351 ], [ 80.7362108, 25.0900016 ], [ 80.7365969, 25.0948672 ], [ 80.7433609, 25.0927224 ], [ 80.7519339, 25.0928876 ], [ 80.7541013, 25.0903128 ], [ 80.7574961, 25.0908301 ], [ 80.7552398, 25.0867886 ], [ 80.7571276, 25.0823216 ], [ 80.7688569, 25.079234 ], [ 80.7699935, 25.077172 ], [ 80.7719255, 25.0782071 ], [ 80.7835942, 25.0756058 ], [ 80.7840898, 25.0688535 ], [ 80.7877921, 25.0613901 ], [ 80.7846749, 25.0616681 ], [ 80.7757606, 25.054824 ], [ 80.7710137, 25.0547351 ], [ 80.7658768, 25.0528942 ], [ 80.761713, 25.0559447 ], [ 80.7520581, 25.0567607 ], [ 80.7510698, 25.0540652 ], [ 80.7432242, 25.0540382 ], [ 80.7430283, 25.0559539 ], [ 80.7377498, 25.0546626 ], [ 80.7369059, 25.052957 ], [ 80.7343071, 25.0559425 ], [ 80.7323367, 25.0636941 ], [ 80.7207212, 25.0640089 ], [ 80.708377, 25.0567266 ], [ 80.6960225, 25.0550132 ], [ 80.6925037, 25.0538188 ], [ 80.6911747, 25.051734 ], [ 80.6797369, 25.0484571 ], [ 80.6810275, 25.0532864 ], [ 80.6802613, 25.0577101 ], [ 80.6758058, 25.0558295 ], [ 80.6738602, 25.0606147 ], [ 80.6840272, 25.0677291 ], [ 80.6824425, 25.0701356 ], [ 80.6843122, 25.0730553 ], [ 80.6828905, 25.0742925 ], [ 80.6850127, 25.0766073 ], [ 80.6787683, 25.0770385 ], [ 80.6729222, 25.0825246 ], [ 80.6691472, 25.0731146 ], [ 80.6617364, 25.0676054 ], [ 80.6586747, 25.0709147 ], [ 80.6583868, 25.0807925 ], [ 80.6559673, 25.0847137 ], [ 80.6522352, 25.0848634 ], [ 80.6519326, 25.0837756 ], [ 80.6476644, 25.0873144 ], [ 80.64266, 25.088566 ], [ 80.6424863, 25.0872165 ], [ 80.6408903, 25.0872437 ], [ 80.6416593, 25.0920056 ], [ 80.640425, 25.0924932 ], [ 80.6394682, 25.0908097 ], [ 80.6409749, 25.0892523 ], [ 80.6393092, 25.0871491 ], [ 80.6338918, 25.087646 ], [ 80.6342141, 25.0898803 ], [ 80.6288115, 25.0904311 ], [ 80.6283703, 25.0871587 ], [ 80.6258919, 25.086705 ], [ 80.6276515, 25.0853487 ], [ 80.6260259, 25.082943 ], [ 80.6239441, 25.0886934 ], [ 80.620626, 25.0894586 ], [ 80.6158943, 25.0935905 ], [ 80.6146998, 25.0931075 ], [ 80.6102533, 25.0957702 ], [ 80.6080819, 25.098433 ], [ 80.6113333, 25.1007354 ], [ 80.6188085, 25.1004921 ], [ 80.6207713, 25.1049833 ], [ 80.6187487, 25.1064908 ], [ 80.6195764, 25.1081564 ], [ 80.6250146, 25.111271 ], [ 80.6244544, 25.1148819 ], [ 80.6274093, 25.1174051 ], [ 80.6307754, 25.1159832 ], [ 80.6323667, 25.1130537 ], [ 80.6357427, 25.1131574 ], [ 80.6382269, 25.1168674 ], [ 80.6375726, 25.1189212 ], [ 80.6325408, 25.1225009 ], [ 80.6345491, 25.1286259 ], [ 80.6285102, 25.1333971 ], [ 80.6223718, 25.1349362 ], [ 80.6200216, 25.1339206 ], [ 80.616551, 25.1286033 ], [ 80.6122079, 25.1274881 ], [ 80.6103385, 25.1290136 ], [ 80.6112256, 25.1320965 ], [ 80.610501, 25.1375579 ], [ 80.6126822, 25.1431912 ], [ 80.6096669, 25.145687 ], [ 80.6084416, 25.1498349 ], [ 80.6065422, 25.1503583 ], [ 80.6007005, 25.1498474 ], [ 80.5967844, 25.1437487 ], [ 80.5976921, 25.142652 ], [ 80.5949984, 25.1271967 ], [ 80.5967682, 25.1279102 ], [ 80.600031, 25.1261504 ], [ 80.6024413, 25.1225444 ], [ 80.6063831, 25.1211999 ], [ 80.6071867, 25.1179049 ], [ 80.6018971, 25.1163696 ], [ 80.600207, 25.1139139 ], [ 80.5975647, 25.1139314 ], [ 80.595108, 25.1051883 ], [ 80.5923274, 25.1031968 ], [ 80.5935972, 25.1003986 ], [ 80.5961255, 25.0990766 ], [ 80.5949012, 25.0976793 ], [ 80.5957445, 25.0963502 ], [ 80.5937078, 25.0945037 ], [ 80.5975649, 25.0912276 ], [ 80.5975206, 25.0895439 ], [ 80.5922863, 25.0901973 ], [ 80.59311, 25.0867852 ], [ 80.597121, 25.0818524 ], [ 80.5960261, 25.0798075 ], [ 80.5994308, 25.0802414 ], [ 80.5981953, 25.0872646 ], [ 80.6028051, 25.0851755 ], [ 80.6067255, 25.0862774 ], [ 80.6074642, 25.0850137 ], [ 80.6062634, 25.0838223 ], [ 80.606201, 25.0801613 ], [ 80.6098638, 25.0793808 ], [ 80.6111477, 25.0771331 ], [ 80.6141469, 25.0692073 ], [ 80.6144642, 25.0665849 ], [ 80.6131362, 25.0656956 ], [ 80.6042948, 25.0696124 ], [ 80.6032833, 25.0721987 ], [ 80.6000473, 25.0733706 ], [ 80.5972557, 25.0776818 ], [ 80.5962053, 25.0764178 ], [ 80.5951143, 25.0794192 ], [ 80.5821876, 25.0821197 ], [ 80.5758587, 25.0815264 ], [ 80.5718086, 25.0833846 ], [ 80.5684466, 25.086877 ], [ 80.5666517, 25.0780159 ], [ 80.5681239, 25.0774793 ], [ 80.5675807, 25.0733626 ], [ 80.5644153, 25.0702605 ], [ 80.5526217, 25.0632887 ], [ 80.5458002, 25.0644018 ], [ 80.5407406, 25.0717158 ], [ 80.5334863, 25.0701361 ], [ 80.5215973, 25.0760458 ], [ 80.5193367, 25.0826568 ], [ 80.5209651, 25.0910851 ], [ 80.5181317, 25.094703 ], [ 80.5076768, 25.0988639 ], [ 80.4997364, 25.1003081 ], [ 80.4984199, 25.0970726 ], [ 80.4955236, 25.0976193 ], [ 80.4951679, 25.0988383 ], [ 80.4941397, 25.0980969 ], [ 80.4931065, 25.0996254 ], [ 80.4923466, 25.0980146 ], [ 80.4888571, 25.0981572 ], [ 80.4879139, 25.096709 ], [ 80.4876036, 25.0988307 ], [ 80.4843418, 25.0983144 ], [ 80.4827222, 25.100211 ], [ 80.4806538, 25.0986778 ], [ 80.4815189, 25.0958652 ], [ 80.4795315, 25.096345 ], [ 80.4807678, 25.0929138 ], [ 80.4850051, 25.0920892 ], [ 80.4868503, 25.09023 ], [ 80.4887211, 25.0905247 ], [ 80.4924821, 25.0882261 ], [ 80.5005279, 25.0872236 ], [ 80.5066275, 25.0839742 ], [ 80.503382, 25.0730529 ], [ 80.5019204, 25.0727132 ], [ 80.5014582, 25.0738819 ], [ 80.4964141, 25.0729477 ], [ 80.4987901, 25.070887 ], [ 80.5017895, 25.0706937 ], [ 80.5089857, 25.0587851 ], [ 80.5064484, 25.053845 ], [ 80.5037333, 25.0535991 ], [ 80.503482, 25.0520552 ], [ 80.5009654, 25.0514618 ], [ 80.5007416, 25.0477928 ], [ 80.5030676, 25.0452391 ], [ 80.5005792, 25.0415312 ], [ 80.5141532, 25.0433611 ], [ 80.5183222, 25.0409447 ], [ 80.5323015, 25.0379165 ], [ 80.536575, 25.0340778 ], [ 80.5408171, 25.0324509 ], [ 80.5460686, 25.0324176 ], [ 80.5481559, 25.0299271 ], [ 80.5474506, 25.0249256 ], [ 80.543625, 25.0197535 ], [ 80.5416684, 25.0190411 ], [ 80.5413677, 25.0166757 ], [ 80.5443714, 25.0140548 ], [ 80.5433874, 25.011337 ], [ 80.5494757, 25.0024662 ], [ 80.5437051, 25.0028965 ], [ 80.5386002, 25.0004335 ], [ 80.5308383, 25.0012503 ], [ 80.5250314, 25.0035576 ], [ 80.5235876, 25.0065808 ], [ 80.517617, 25.0087838 ], [ 80.5147642, 25.0029454 ], [ 80.5096227, 25.0031311 ], [ 80.5050094, 25.0051992 ], [ 80.5007949, 25.0044691 ], [ 80.4993023, 25.0062146 ], [ 80.4976752, 25.0029828 ], [ 80.4981732, 25.0005293 ], [ 80.4966214, 24.9988691 ], [ 80.4975047, 24.9956501 ], [ 80.4926216, 24.9907521 ], [ 80.4925856, 24.9893799 ], [ 80.4882872, 24.9898843 ], [ 80.4803896, 24.9859992 ], [ 80.4783639, 24.9799431 ], [ 80.4795637, 24.9757354 ], [ 80.4786561, 24.9739532 ], [ 80.4764397, 24.9764599 ], [ 80.4715015, 24.9751541 ], [ 80.4652426, 24.9757674 ], [ 80.4561447, 24.981636 ], [ 80.4594301, 24.9848254 ], [ 80.4555955, 24.9900364 ], [ 80.4559182, 24.9912549 ], [ 80.4639592, 24.995385 ], [ 80.4626637, 24.9983242 ], [ 80.4628546, 25.0025334 ], [ 80.4565156, 25.0040175 ], [ 80.4518769, 24.9994405 ], [ 80.4469104, 25.0020273 ], [ 80.4447617, 24.9944247 ], [ 80.4370255, 24.9945229 ], [ 80.4371806, 24.9974071 ], [ 80.4356456, 24.9982608 ], [ 80.4367864, 25.0014812 ], [ 80.4428786, 25.0020653 ], [ 80.4435286, 25.0041007 ], [ 80.4538403, 25.0031252 ], [ 80.4548724, 25.0057291 ], [ 80.4512442, 25.0099062 ], [ 80.4531684, 25.013462 ], [ 80.4524461, 25.0151461 ], [ 80.4474673, 25.0142187 ], [ 80.4441125, 25.020851 ], [ 80.4393778, 25.0229926 ], [ 80.4355229, 25.0215543 ], [ 80.4330916, 25.0237355 ], [ 80.4413945, 25.0334094 ], [ 80.4458508, 25.0373615 ], [ 80.4476688, 25.0369273 ], [ 80.4489493, 25.0405512 ], [ 80.4540682, 25.0418214 ], [ 80.4563555, 25.0393376 ], [ 80.4631733, 25.0398077 ], [ 80.4646419, 25.035749 ], [ 80.4743533, 25.0305295 ], [ 80.4783976, 25.0325986 ], [ 80.482712, 25.0311061 ], [ 80.4836004, 25.0335021 ], [ 80.484849, 25.0336727 ], [ 80.4880662, 25.0301857 ], [ 80.4898317, 25.0313055 ], [ 80.4955856, 25.0290965 ], [ 80.5018766, 25.0372488 ], [ 80.4888166, 25.0434826 ], [ 80.4872853, 25.0430504 ], [ 80.4864952, 25.0405324 ], [ 80.4835722, 25.0408956 ], [ 80.4817366, 25.0380172 ], [ 80.475147, 25.0379405 ], [ 80.4756488, 25.0396283 ], [ 80.4741401, 25.0427573 ], [ 80.4715337, 25.0423934 ], [ 80.4699894, 25.0443218 ], [ 80.4727109, 25.0460262 ], [ 80.4697388, 25.0471927 ], [ 80.4681354, 25.0562979 ], [ 80.4688459, 25.0588838 ], [ 80.4665065, 25.0649246 ], [ 80.46357, 25.0680274 ], [ 80.4618918, 25.0679432 ], [ 80.4570551, 25.0633097 ], [ 80.4514299, 25.0622068 ], [ 80.4514638, 25.0689729 ], [ 80.4494716, 25.0689423 ], [ 80.4464152, 25.0711239 ], [ 80.4527065, 25.0747363 ], [ 80.4499561, 25.0751755 ], [ 80.4507253, 25.0769129 ], [ 80.4489819, 25.0786515 ], [ 80.4440056, 25.0779678 ], [ 80.4432154, 25.0741496 ], [ 80.4409563, 25.0756357 ], [ 80.4395634, 25.0751442 ], [ 80.4372708, 25.0693406 ], [ 80.433032, 25.0657583 ], [ 80.4285424, 25.0661934 ], [ 80.4276262, 25.0676697 ], [ 80.4230625, 25.068935 ], [ 80.4161061, 25.0731755 ], [ 80.4161546, 25.0702552 ], [ 80.4181415, 25.0690133 ], [ 80.4168213, 25.0630195 ], [ 80.4140598, 25.0589533 ], [ 80.4144854, 25.0573147 ], [ 80.4122109, 25.0574417 ], [ 80.4086982, 25.0553539 ], [ 80.4082764, 25.0573207 ], [ 80.40412, 25.0616729 ], [ 80.4065685, 25.0637035 ], [ 80.4053008, 25.067721 ], [ 80.4022973, 25.065749 ], [ 80.4006231, 25.0695725 ], [ 80.3995369, 25.0643549 ], [ 80.3922718, 25.0638142 ], [ 80.392162, 25.0584699 ], [ 80.388465, 25.0550263 ], [ 80.3880037, 25.0509145 ], [ 80.3809726, 25.0518627 ], [ 80.3736589, 25.0559116 ], [ 80.372663, 25.0533568 ], [ 80.3748284, 25.0489424 ], [ 80.3705129, 25.0426863 ], [ 80.3777021, 25.0405919 ], [ 80.385362, 25.0418329 ], [ 80.3870412, 25.0379555 ], [ 80.3898353, 25.0355584 ], [ 80.3885568, 25.0328549 ], [ 80.3870704, 25.0324577 ], [ 80.3856835, 25.0355678 ], [ 80.3832955, 25.0352655 ], [ 80.3807983, 25.0298672 ], [ 80.3778455, 25.0270236 ], [ 80.3869359, 25.0239493 ], [ 80.3853272, 25.0182315 ], [ 80.390903, 25.0161537 ], [ 80.3914376, 25.0130843 ], [ 80.3964404, 25.0119462 ], [ 80.3938839, 25.0083581 ], [ 80.3873155, 25.0043144 ], [ 80.3784146, 25.0047392 ], [ 80.3758836, 25.014665 ], [ 80.377464, 25.0195443 ], [ 80.3718562, 25.0208397 ], [ 80.3691862, 25.0199279 ], [ 80.3629491, 25.0235972 ], [ 80.3573826, 25.0115765 ], [ 80.3537811, 25.0133499 ], [ 80.3519971, 25.0175113 ], [ 80.3451711, 25.0167292 ], [ 80.3416648, 25.0134785 ], [ 80.341601, 25.0111675 ], [ 80.3339671, 24.9992919 ], [ 80.330993, 24.9921999 ], [ 80.3231357, 24.9977358 ], [ 80.320632, 25.0028334 ], [ 80.315207, 25.0041649 ], [ 80.3133803, 25.0035166 ], [ 80.3082575, 25.0058435 ], [ 80.3043959, 25.0110912 ], [ 80.3002093, 25.0128269 ], [ 80.2997519, 25.0155846 ], [ 80.2923752, 25.0167001 ], [ 80.273623, 25.0259732 ], [ 80.287872, 25.0381197 ], [ 80.2880889, 25.0466057 ], [ 80.2854953, 25.0497366 ], [ 80.2848976, 25.0539611 ], [ 80.2861742, 25.0564535 ], [ 80.2903652, 25.0593702 ], [ 80.296688, 25.0534566 ], [ 80.3007147, 25.0534283 ], [ 80.3036838, 25.0517462 ], [ 80.3031302, 25.0510684 ], [ 80.3046456, 25.0508619 ], [ 80.3065105, 25.047649 ], [ 80.3113977, 25.0442343 ], [ 80.3216716, 25.0496819 ], [ 80.3277519, 25.0495159 ], [ 80.3303286, 25.0475498 ], [ 80.331478, 25.0479835 ], [ 80.3319526, 25.0512876 ], [ 80.3365533, 25.0589713 ], [ 80.3404632, 25.0586202 ], [ 80.3406724, 25.0544315 ], [ 80.3436508, 25.0534708 ], [ 80.3445223, 25.0557414 ], [ 80.3507119, 25.0531697 ], [ 80.3540709, 25.05591 ], [ 80.3553346, 25.0556349 ], [ 80.3562015, 25.0573637 ], [ 80.3542289, 25.059327 ], [ 80.3559729, 25.061566 ], [ 80.3490846, 25.0624226 ], [ 80.3457837, 25.0649045 ], [ 80.3515143, 25.0811943 ], [ 80.3483765, 25.0827794 ], [ 80.3484314, 25.0866508 ], [ 80.3498176, 25.0882231 ], [ 80.3516119, 25.0881602 ], [ 80.3521173, 25.0890586 ], [ 80.3503428, 25.0893471 ], [ 80.3513436, 25.091392 ], [ 80.3543422, 25.0919972 ], [ 80.3565426, 25.0948909 ], [ 80.3600769, 25.0938847 ], [ 80.3624111, 25.0975591 ], [ 80.3704759, 25.0997171 ], [ 80.3711798, 25.1013782 ], [ 80.370099, 25.1022177 ], [ 80.3747339, 25.108704 ], [ 80.3760823, 25.1163592 ], [ 80.3757105, 25.1175598 ], [ 80.3738815, 25.1165355 ], [ 80.3691515, 25.1177719 ], [ 80.3684871, 25.1191801 ], [ 80.3547181, 25.1264188 ], [ 80.3553375, 25.1284907 ], [ 80.3523226, 25.1309457 ], [ 80.356408, 25.1321605 ], [ 80.3538488, 25.1359516 ], [ 80.3545575, 25.1383575 ], [ 80.3578196, 25.1424969 ], [ 80.3622525, 25.1443661 ], [ 80.3734791, 25.1473953 ], [ 80.3748775, 25.1455267 ], [ 80.3765537, 25.1458291 ], [ 80.3850786, 25.1556144 ], [ 80.3898101, 25.1580649 ], [ 80.4098769, 25.1629635 ], [ 80.4198902, 25.163182 ], [ 80.4281903, 25.1695345 ], [ 80.4310889, 25.1739387 ], [ 80.4316659, 25.1776171 ], [ 80.4220855, 25.1974129 ], [ 80.4145822, 25.205648 ], [ 80.4126384, 25.2089073 ], [ 80.412089, 25.2132405 ], [ 80.407734, 25.2180215 ], [ 80.4107476, 25.224078 ], [ 80.4074607, 25.2353448 ], [ 80.4033438, 25.2440343 ], [ 80.4001284, 25.2463414 ], [ 80.3962574, 25.2464278 ], [ 80.3886682, 25.2375053 ], [ 80.3835765, 25.237289 ], [ 80.3696263, 25.2476297 ], [ 80.3693929, 25.2495255 ], [ 80.3658743, 25.2510749 ], [ 80.35681, 25.2617983 ], [ 80.3549671, 25.2709246 ], [ 80.3514265, 25.2771574 ], [ 80.3482144, 25.2784477 ], [ 80.3255132, 25.2782296 ], [ 80.3202005, 25.2802679 ], [ 80.3186307, 25.2827001 ], [ 80.313204, 25.2840068 ], [ 80.3107999, 25.286407 ], [ 80.3101311, 25.2930326 ], [ 80.3111709, 25.2982283 ], [ 80.313999, 25.3021247 ], [ 80.318506, 25.3050648 ], [ 80.3213629, 25.3123237 ], [ 80.3206003, 25.3186695 ], [ 80.3188457, 25.3222256 ], [ 80.3226702, 25.3320891 ], [ 80.322098, 25.3345488 ], [ 80.3181921, 25.339264 ], [ 80.3123835, 25.3440686 ], [ 80.3095518, 25.3543628 ], [ 80.3112722, 25.3605651 ], [ 80.3203107, 25.3660527 ], [ 80.3199114, 25.369871 ], [ 80.3165544, 25.377615 ], [ 80.315411, 25.3888712 ], [ 80.2884455, 25.4170311 ], [ 80.2856077, 25.4171106 ], [ 80.2850622, 25.4154629 ], [ 80.2799242, 25.4207631 ], [ 80.2679253, 25.4220953 ], [ 80.2638382, 25.4240195 ], [ 80.2620911, 25.4214636 ], [ 80.2612711, 25.4160738 ], [ 80.2555075, 25.4095607 ], [ 80.2555376, 25.4043795 ], [ 80.2534192, 25.4008344 ], [ 80.2429149, 25.40357 ], [ 80.2361605, 25.4078224 ], [ 80.2317329, 25.4023643 ], [ 80.2208209, 25.3967435 ], [ 80.2203599, 25.3981339 ], [ 80.2061773, 25.4044659 ], [ 80.2054732, 25.4068177 ], [ 80.2075577, 25.4113549 ], [ 80.2023719, 25.4140365 ], [ 80.1991982, 25.4091997 ], [ 80.1995298, 25.4069609 ], [ 80.1959987, 25.4020473 ], [ 80.1971061, 25.4008282 ], [ 80.1958727, 25.3991 ], [ 80.1966551, 25.3859518 ], [ 80.1964066, 25.3809048 ], [ 80.1949315, 25.3781577 ], [ 80.1890049, 25.3792437 ], [ 80.1821027, 25.3768002 ], [ 80.1689619, 25.3768588 ], [ 80.1673409, 25.3732981 ], [ 80.1671639, 25.3640815 ], [ 80.1630353, 25.3629904 ], [ 80.1580815, 25.3590467 ], [ 80.1493881, 25.3576085 ], [ 80.141777, 25.3506588 ], [ 80.1310969, 25.3342301 ], [ 80.1296816, 25.337665 ], [ 80.1265824, 25.3402604 ], [ 80.1188341, 25.3432889 ], [ 80.1173691, 25.3415194 ], [ 80.1067887, 25.3488079 ], [ 80.1052887, 25.3485459 ], [ 80.1031373, 25.3515426 ], [ 80.1009619, 25.3508742 ], [ 80.0887808, 25.3558547 ], [ 80.082074, 25.3446276 ], [ 80.0726699, 25.336947 ], [ 80.0714773, 25.3384226 ], [ 80.0670415, 25.3394274 ], [ 80.0646978, 25.3383252 ], [ 80.0614586, 25.3403097 ], [ 80.042954, 25.3380166 ], [ 80.0389497, 25.339707 ], [ 80.0382652, 25.3384969 ], [ 80.0377573, 25.3402659 ], [ 80.033415, 25.3420236 ], [ 80.0274244, 25.3366531 ], [ 80.027431, 25.3345994 ], [ 80.0258417, 25.3346661 ], [ 80.0264461, 25.3305275 ], [ 80.0243112, 25.3297046 ], [ 80.0231023, 25.3262283 ], [ 80.0205405, 25.3253554 ], [ 80.018214, 25.3224425 ], [ 80.0196301, 25.315786 ], [ 80.0242613, 25.3119573 ], [ 80.0209499, 25.3054373 ], [ 80.0226547, 25.3034932 ], [ 80.021737, 25.3024319 ], [ 80.0222127, 25.2976162 ], [ 80.0190537, 25.2990899 ], [ 80.0185037, 25.2978618 ], [ 80.0119818, 25.2956272 ], [ 80.0109319, 25.2928144 ], [ 80.0077851, 25.2917783 ], [ 80.0044824, 25.2879572 ], [ 80.0019196, 25.2890158 ], [ 79.9989434, 25.2859729 ], [ 79.9976635, 25.2803569 ], [ 79.9993027, 25.2792841 ], [ 79.9985054, 25.2775366 ], [ 80.000639, 25.2765531 ], [ 80.0015924, 25.2738363 ], [ 80.0072826, 25.272145 ], [ 80.0042987, 25.2693542 ], [ 80.005115, 25.2657102 ], [ 79.9870672, 25.2673391 ], [ 79.9807778, 25.2618451 ], [ 79.9684818, 25.2665476 ], [ 79.9604935, 25.2642325 ], [ 79.9532468, 25.2645344 ], [ 79.9483304, 25.2686624 ], [ 79.9387992, 25.2580012 ], [ 79.9365734, 25.2537142 ], [ 79.9365355, 25.247536 ], [ 79.9276229, 25.2496112 ], [ 79.9230291, 25.2417816 ], [ 79.9220227, 25.2318385 ], [ 79.9175548, 25.2268252 ], [ 79.9169658, 25.2309418 ], [ 79.9183412, 25.2334284 ], [ 79.9183337, 25.2378707 ], [ 79.9165239, 25.2446227 ], [ 79.9074882, 25.2508899 ], [ 79.905139, 25.2491123 ], [ 79.901967, 25.2408211 ], [ 79.8983394, 25.2410158 ], [ 79.8963099, 25.2425463 ], [ 79.8915103, 25.2422043 ], [ 79.8778835, 25.2510244 ], [ 79.8723944, 25.24276 ], [ 79.8680967, 25.2407919 ], [ 79.864524, 25.2363457 ], [ 79.8573188, 25.2347202 ], [ 79.8513785, 25.235559 ], [ 79.8516134, 25.2265047 ], [ 79.8541197, 25.2239594 ], [ 79.8615134, 25.2214642 ], [ 79.8628235, 25.2195189 ], [ 79.8685893, 25.2164906 ], [ 79.8657662, 25.2152989 ], [ 79.8670514, 25.2135522 ], [ 79.8658606, 25.2117782 ], [ 79.863499, 25.2124912 ], [ 79.8617335, 25.2047637 ], [ 79.8568081, 25.1973744 ], [ 79.8560198, 25.1940523 ], [ 79.858912, 25.1935425 ], [ 79.865044, 25.1880364 ], [ 79.8653671, 25.1799543 ], [ 79.8630855, 25.1771856 ], [ 79.8700943, 25.172275 ], [ 79.868051, 25.169639 ], [ 79.8656015, 25.1610494 ], [ 79.8665445, 25.1500948 ], [ 79.8690284, 25.1479106 ], [ 79.8734028, 25.1490027 ], [ 79.8815301, 25.142047 ], [ 79.8796408, 25.1414648 ], [ 79.8762343, 25.1434057 ], [ 79.8688162, 25.1405349 ], [ 79.8661435, 25.1410584 ], [ 79.8516169, 25.1285494 ], [ 79.852728, 25.1262431 ], [ 79.8521139, 25.1225914 ], [ 79.8490113, 25.1173009 ], [ 79.8468303, 25.115978 ], [ 79.8480064, 25.1105347 ], [ 79.850386, 25.1102282 ], [ 79.8498313, 25.1075922 ], [ 79.8532522, 25.1058278 ], [ 79.8524942, 25.1028758 ], [ 79.8577106, 25.1008194 ], [ 79.8615318, 25.0962101 ], [ 79.8450409, 25.0940321 ], [ 79.8287015, 25.0993225 ], [ 79.8265673, 25.1062639 ], [ 79.8239689, 25.108249 ], [ 79.8083326, 25.1100304 ], [ 79.8048755, 25.1130935 ], [ 79.7726219, 25.1251038 ], [ 79.7673382, 25.1291218 ], [ 79.7636485, 25.1300489 ], [ 79.7619935, 25.1342724 ], [ 79.7484993, 25.1393513 ], [ 79.7398537, 25.1353472 ], [ 79.7356404, 25.1312927 ], [ 79.7172533, 25.1287686 ], [ 79.7131626, 25.1297775 ], [ 79.7117449, 25.128772 ], [ 79.6928866, 25.1332368 ], [ 79.6880568, 25.1326748 ], [ 79.6833575, 25.1351547 ], [ 79.6783382, 25.1317759 ], [ 79.6763666, 25.124302 ], [ 79.6732217, 25.1203581 ], [ 79.6700149, 25.122837 ], [ 79.6604765, 25.1247129 ], [ 79.6492228, 25.1297073 ], [ 79.6415075, 25.1269234 ], [ 79.6374981, 25.1290622 ], [ 79.6364244, 25.1313817 ], [ 79.6287953, 25.1342184 ], [ 79.6227063, 25.1406098 ], [ 79.6215377, 25.1404648 ], [ 79.6220519, 25.1359291 ], [ 79.6203809, 25.1344667 ], [ 79.6145203, 25.1324217 ], [ 79.6083429, 25.1280429 ], [ 79.6011388, 25.1274868 ], [ 79.5994133, 25.1281365 ], [ 79.6000612, 25.1361393 ], [ 79.6023268, 25.1386041 ], [ 79.6033177, 25.1429329 ], [ 79.6058108, 25.1440665 ], [ 79.607621, 25.1492752 ], [ 79.6063564, 25.149758 ], [ 79.6069858, 25.1527686 ], [ 79.6052997, 25.1522539 ], [ 79.5998054, 25.1438321 ], [ 79.5956862, 25.1433677 ], [ 79.5936864, 25.148975 ], [ 79.5891428, 25.1487047 ], [ 79.5824934, 25.1508815 ], [ 79.5796807, 25.1534579 ], [ 79.5780389, 25.1602274 ], [ 79.5758092, 25.1618928 ], [ 79.5773612, 25.1625974 ], [ 79.5764137, 25.1632651 ], [ 79.5772509, 25.1656531 ], [ 79.5752913, 25.1670652 ], [ 79.5762827, 25.168221 ], [ 79.5693587, 25.171802 ], [ 79.5685233, 25.16909 ], [ 79.5650627, 25.1706273 ], [ 79.5604059, 25.1697858 ], [ 79.5602646, 25.167816 ], [ 79.5569026, 25.1636457 ], [ 79.5516373, 25.1607093 ], [ 79.5464775, 25.1483573 ], [ 79.5418446, 25.1428436 ], [ 79.5389058, 25.1404993 ], [ 79.53466, 25.1421488 ], [ 79.5348599, 25.1400185 ], [ 79.5323759, 25.1388194 ], [ 79.5333096, 25.1376343 ], [ 79.5328913, 25.1333054 ], [ 79.5275084, 25.1310948 ], [ 79.5239134, 25.1313497 ], [ 79.5207835, 25.1269873 ], [ 79.5179475, 25.1270349 ], [ 79.5211172, 25.1251911 ], [ 79.5190529, 25.1215697 ], [ 79.5187583, 25.1180984 ], [ 79.5242456, 25.1071611 ], [ 79.5245735, 25.1026171 ], [ 79.5261139, 25.0998917 ], [ 79.5248946, 25.0969731 ], [ 79.520615, 25.0976212 ], [ 79.5187286, 25.095038 ], [ 79.5104144, 25.0968283 ], [ 79.5058356, 25.0954525 ], [ 79.5036021, 25.0935053 ], [ 79.5030415, 25.0888829 ], [ 79.5, 25.0834387 ], [ 79.4952895, 25.0835511 ], [ 79.4915042, 25.0796542 ], [ 79.4828408, 25.0796472 ], [ 79.4808103, 25.0815264 ], [ 79.4773115, 25.0817862 ], [ 79.475283, 25.0861749 ], [ 79.4723996, 25.0877837 ], [ 79.4681563, 25.0870191 ], [ 79.4650246, 25.0880456 ], [ 79.4682311, 25.0941688 ], [ 79.4701402, 25.1079659 ], [ 79.4772405, 25.1274512 ], [ 79.4715045, 25.1281231 ], [ 79.4697121, 25.1247615 ], [ 79.4647679, 25.1233519 ], [ 79.4595993, 25.1198027 ], [ 79.452106, 25.1086489 ], [ 79.4461798, 25.1047882 ], [ 79.4412616, 25.1035899 ], [ 79.4389206, 25.1012212 ], [ 79.4369648, 25.1054694 ], [ 79.437549, 25.113824 ], [ 79.4389385, 25.1165587 ], [ 79.4391973, 25.1278022 ], [ 79.4352675, 25.1317082 ], [ 79.4305428, 25.1328204 ], [ 79.4270235, 25.1354261 ], [ 79.4212965, 25.1354325 ], [ 79.415772, 25.133096 ], [ 79.4255238, 25.1301501 ], [ 79.4268855, 25.1258345 ], [ 79.4255351, 25.1213349 ], [ 79.426134, 25.1190553 ], [ 79.4220824, 25.1160505 ], [ 79.419582, 25.1114203 ], [ 79.414386, 25.1094176 ], [ 79.4113869, 25.1101226 ], [ 79.4057395, 25.1063594 ], [ 79.3931264, 25.1172693 ], [ 79.3960073, 25.1283608 ], [ 79.3875738, 25.1303072 ], [ 79.3906989, 25.1412751 ], [ 79.3839454, 25.1427066 ], [ 79.3878045, 25.1548119 ], [ 79.3896011, 25.1654549 ], [ 79.39225, 25.1690475 ], [ 79.3900428, 25.1700458 ], [ 79.3934255, 25.1731566 ], [ 79.4030739, 25.1763805 ], [ 79.4116319, 25.1826977 ], [ 79.412501, 25.1861144 ], [ 79.4115053, 25.1905921 ], [ 79.4083564, 25.1946913 ], [ 79.4123014, 25.1983058 ], [ 79.4120788, 25.2003189 ], [ 79.4152288, 25.1993883 ], [ 79.4217181, 25.2003297 ], [ 79.4256366, 25.1984687 ], [ 79.4309548, 25.1987151 ], [ 79.4373683, 25.1968168 ], [ 79.4403707, 25.1988195 ], [ 79.4442335, 25.2042838 ], [ 79.4488341, 25.2150736 ], [ 79.4356817, 25.2168354 ], [ 79.4337222, 25.2176261 ], [ 79.4326569, 25.2206371 ], [ 79.4465292, 25.2442011 ], [ 79.4505737, 25.2437929 ], [ 79.4535065, 25.2482245 ], [ 79.4560898, 25.2475046 ], [ 79.4594342, 25.253873 ], [ 79.4621359, 25.2562727 ], [ 79.4624623, 25.2646665 ], [ 79.4749769, 25.2612132 ], [ 79.4763802, 25.2616934 ], [ 79.4763517, 25.2650766 ], [ 79.4925023, 25.2622591 ], [ 79.494459, 25.2669057 ], [ 79.4819156, 25.2685411 ], [ 79.4815354, 25.2708162 ], [ 79.4784399, 25.2731204 ], [ 79.4793032, 25.2784322 ], [ 79.467219, 25.283297 ], [ 79.4665065, 25.2797452 ], [ 79.4611586, 25.2825215 ], [ 79.4585785, 25.2797769 ], [ 79.4602425, 25.2740663 ], [ 79.4629168, 25.2722052 ], [ 79.4622706, 25.2710591 ], [ 79.4574341, 25.2685208 ], [ 79.4553844, 25.2690455 ], [ 79.4498956, 25.2629866 ], [ 79.4441919, 25.258846 ], [ 79.4404969, 25.2580712 ], [ 79.4374528, 25.254877 ], [ 79.425896, 25.2535411 ], [ 79.4088129, 25.2560911 ], [ 79.4067807, 25.2580553 ], [ 79.408504, 25.2616343 ], [ 79.4087917, 25.2688664 ], [ 79.4074889, 25.270594 ], [ 79.4076139, 25.2739159 ], [ 79.3945699, 25.2827513 ], [ 79.3920524, 25.2795697 ], [ 79.3890292, 25.279579 ], [ 79.3866465, 25.2815155 ], [ 79.3875406, 25.2858169 ], [ 79.3685921, 25.2924564 ], [ 79.3673351, 25.2812053 ], [ 79.3699531, 25.2797994 ], [ 79.3703864, 25.276415 ], [ 79.3730699, 25.275034 ], [ 79.3724984, 25.2729898 ], [ 79.3738933, 25.2725024 ], [ 79.3702102, 25.2655288 ], [ 79.3698183, 25.2599861 ], [ 79.3628991, 25.2616964 ], [ 79.3552795, 25.2659022 ], [ 79.355125, 25.2690662 ], [ 79.358559, 25.2767939 ], [ 79.356622, 25.2784835 ], [ 79.3583098, 25.2842368 ], [ 79.3519307, 25.2833377 ], [ 79.342915, 25.2870098 ], [ 79.3406407, 25.2865448 ], [ 79.3361473, 25.2880963 ], [ 79.3409598, 25.2995484 ], [ 79.346579, 25.3050787 ], [ 79.3413598, 25.3076233 ], [ 79.3419003, 25.3102007 ], [ 79.3396506, 25.3112834 ], [ 79.3413269, 25.3189253 ], [ 79.3446729, 25.3230107 ], [ 79.3469657, 25.3219891 ], [ 79.349767, 25.3277103 ], [ 79.3522311, 25.3298822 ], [ 79.3444372, 25.3323176 ], [ 79.3420902, 25.3290056 ], [ 79.339051, 25.3292221 ], [ 79.3309734, 25.3318449 ], [ 79.330059, 25.3335778 ], [ 79.326542, 25.3352468 ], [ 79.3215467, 25.3340948 ], [ 79.3084198, 25.334012 ], [ 79.2998861, 25.3376345 ], [ 79.2983088, 25.3328742 ], [ 79.2991557, 25.3287763 ], [ 79.2956777, 25.3236426 ], [ 79.288059, 25.324717 ], [ 79.2833474, 25.3230216 ], [ 79.2788976, 25.3239899 ], [ 79.2783291, 25.3201523 ], [ 79.2705167, 25.3097162 ], [ 79.2689813, 25.3051158 ], [ 79.2675297, 25.2846231 ], [ 79.2628187, 25.2733944 ], [ 79.2644659, 25.2689452 ], [ 79.2735416, 25.2606105 ], [ 79.2753214, 25.2632748 ], [ 79.2826787, 25.2621619 ], [ 79.2891968, 25.2727198 ], [ 79.2878322, 25.2737 ], [ 79.2901178, 25.2777726 ], [ 79.2900811, 25.2804131 ], [ 79.2937874, 25.2835836 ], [ 79.2954162, 25.2827405 ], [ 79.2953231, 25.2808583 ], [ 79.2983418, 25.2803408 ], [ 79.3005038, 25.2761217 ], [ 79.3029125, 25.2742903 ], [ 79.303357, 25.2696326 ], [ 79.309908, 25.2626215 ], [ 79.3103909, 25.259891 ], [ 79.3165177, 25.2559577 ], [ 79.3201271, 25.2554037 ], [ 79.3220365, 25.2568218 ], [ 79.3270052, 25.2557854 ], [ 79.3295855, 25.2576097 ], [ 79.3352149, 25.2698025 ], [ 79.3381789, 25.2680249 ], [ 79.3433509, 25.2689559 ], [ 79.3508622, 25.2639201 ], [ 79.3488979, 25.257515 ], [ 79.3457371, 25.2535334 ], [ 79.3446835, 25.2500012 ], [ 79.3453396, 25.2347281 ], [ 79.3435758, 25.2270567 ], [ 79.3390794, 25.2266112 ], [ 79.3373619, 25.2287683 ], [ 79.3361761, 25.2282083 ], [ 79.3345134, 25.229589 ], [ 79.3327571, 25.2282796 ], [ 79.3360685, 25.222995 ], [ 79.344292, 25.2173414 ], [ 79.3477214, 25.2130812 ], [ 79.3518943, 25.2121566 ], [ 79.3492509, 25.2065412 ], [ 79.3383635, 25.1979586 ], [ 79.3282089, 25.2098627 ], [ 79.3293842, 25.2114563 ], [ 79.3277907, 25.2134193 ], [ 79.328527, 25.2213228 ], [ 79.3247323, 25.2185051 ], [ 79.3089858, 25.2236806 ], [ 79.3068713, 25.2249164 ], [ 79.3081577, 25.2319401 ], [ 79.3052247, 25.2324579 ], [ 79.3043447, 25.2349168 ], [ 79.2991908, 25.2399295 ], [ 79.2939003, 25.2403284 ], [ 79.2849883, 25.2459337 ], [ 79.2792521, 25.2447295 ], [ 79.2835549, 25.2379753 ], [ 79.2859594, 25.2276361 ], [ 79.2854339, 25.2202786 ], [ 79.2818203, 25.2089065 ], [ 79.2828315, 25.1969686 ], [ 79.2846166, 25.1911877 ], [ 79.2922559, 25.1841734 ], [ 79.2989131, 25.191462 ], [ 79.3014322, 25.2014339 ], [ 79.3085083, 25.1982867 ], [ 79.3100549, 25.1818848 ], [ 79.3086874, 25.178991 ], [ 79.3043675, 25.1782307 ], [ 79.3104469, 25.172131 ], [ 79.3136263, 25.1618774 ], [ 79.3231337, 25.1498295 ], [ 79.3214298, 25.1483565 ], [ 79.3152602, 25.1471454 ], [ 79.3136539, 25.1362352 ], [ 79.3112246, 25.1358054 ], [ 79.3069738, 25.1293129 ], [ 79.297993, 25.1318768 ], [ 79.2921796, 25.1306947 ], [ 79.2871096, 25.1318617 ], [ 79.2863762, 25.1312294 ], [ 79.2878958, 25.1277818 ], [ 79.2825488, 25.1175371 ], [ 79.2781811, 25.1174304 ], [ 79.277723, 25.1199443 ], [ 79.2748908, 25.1216937 ], [ 79.2726591, 25.1223331 ], [ 79.269681, 25.1205978 ], [ 79.2599048, 25.1252577 ], [ 79.264042, 25.1282443 ], [ 79.2648997, 25.1338736 ], [ 79.2688129, 25.1384488 ], [ 79.2635895, 25.1406927 ], [ 79.2664556, 25.1462602 ], [ 79.2644319, 25.1523386 ], [ 79.2605672, 25.1530561 ], [ 79.2555599, 25.1576895 ], [ 79.2515064, 25.1593833 ], [ 79.2489522, 25.1594894 ], [ 79.2480535, 25.1583701 ], [ 79.2445975, 25.1590499 ], [ 79.2331319, 25.1539132 ], [ 79.2316815, 25.1512647 ], [ 79.2241594, 25.1460477 ], [ 79.2363382, 25.1404962 ], [ 79.2492198, 25.1402977 ], [ 79.2499404, 25.138714 ], [ 79.2461109, 25.1347968 ], [ 79.2430353, 25.1229825 ], [ 79.2480912, 25.1168623 ], [ 79.245436, 25.1139757 ], [ 79.2403687, 25.1132621 ], [ 79.2273724, 25.1220012 ], [ 79.2222801, 25.11504 ], [ 79.2180348, 25.1129122 ], [ 79.2171756, 25.110805 ], [ 79.2150295, 25.1114066 ], [ 79.2124088, 25.1139855 ], [ 79.2132713, 25.1207284 ], [ 79.2038447, 25.1256085 ], [ 79.2052353, 25.1291465 ], [ 79.2034361, 25.1300637 ], [ 79.2024559, 25.1325106 ], [ 79.2043052, 25.1399166 ], [ 79.1960458, 25.1428366 ], [ 79.1922096, 25.1462139 ], [ 79.1903386, 25.1433132 ], [ 79.1861241, 25.1441952 ], [ 79.1851462, 25.14202 ], [ 79.1837436, 25.1431971 ], [ 79.1794878, 25.1407809 ], [ 79.176604, 25.1413484 ], [ 79.1761801, 25.14006 ], [ 79.1771956, 25.1375274 ], [ 79.1746233, 25.1282076 ], [ 79.1872903, 25.1263792 ], [ 79.185448, 25.1206567 ], [ 79.1859955, 25.1149331 ], [ 79.1841213, 25.1146044 ], [ 79.181341, 25.1164786 ], [ 79.1784503, 25.1156357 ], [ 79.1753937, 25.1089294 ], [ 79.1731575, 25.1078242 ], [ 79.1692662, 25.1085522 ], [ 79.1657957, 25.1071945 ], [ 79.1642941, 25.1088019 ], [ 79.1622562, 25.1073715 ], [ 79.1612703, 25.108929 ], [ 79.158205, 25.1078673 ], [ 79.1577214, 25.111444 ], [ 79.1439106, 25.1148678 ], [ 79.1410942, 25.1117357 ], [ 79.1401729, 25.1085846 ], [ 79.1318865, 25.1090141 ], [ 79.1240207, 25.1107797 ], [ 79.1235101, 25.1149097 ], [ 79.1246603, 25.116178 ], [ 79.1243727, 25.1187869 ], [ 79.12646, 25.1195858 ], [ 79.1287556, 25.1248758 ], [ 79.1321321, 25.1271099 ], [ 79.1212638, 25.1342507 ], [ 79.1160026, 25.1396489 ], [ 79.1227411, 25.1520888 ], [ 79.1260936, 25.1612199 ], [ 79.1131739, 25.1645145 ], [ 79.1102375, 25.1673578 ], [ 79.0958476, 25.174704 ], [ 79.0946071, 25.1766265 ], [ 79.095449, 25.1824628 ], [ 79.0906303, 25.1908075 ], [ 79.0881511, 25.1869523 ], [ 79.088623, 25.184348 ], [ 79.0814068, 25.1813445 ], [ 79.0767766, 25.1742928 ], [ 79.0747536, 25.1728342 ], [ 79.0738803, 25.1736374 ], [ 79.0714861, 25.1702016 ], [ 79.0712371, 25.1611245 ], [ 79.0680038, 25.1496993 ], [ 79.0669, 25.148447 ], [ 79.0629912, 25.1479821 ], [ 79.0612473, 25.1448895 ], [ 79.0555912, 25.1413257 ], [ 79.0554785, 25.1389965 ], [ 79.0527717, 25.1380248 ], [ 79.0508056, 25.1339841 ], [ 79.0307632, 25.1384796 ], [ 79.0287944, 25.1417757 ], [ 79.0334227, 25.1524985 ], [ 79.0323585, 25.1564474 ], [ 79.0368763, 25.1613855 ], [ 79.0318371, 25.1639984 ], [ 79.0368592, 25.1666013 ], [ 79.0400404, 25.1709046 ], [ 79.0343888, 25.174097 ], [ 79.0346935, 25.177988 ], [ 79.0315717, 25.1803512 ], [ 79.0309138, 25.1844807 ], [ 79.0387444, 25.1942169 ], [ 79.0422302, 25.1967014 ], [ 79.0445039, 25.2017398 ], [ 79.0487281, 25.2060932 ], [ 79.0523292, 25.2074446 ], [ 79.0540194, 25.201686 ], [ 79.0485871, 25.1934549 ], [ 79.0520632, 25.187431 ], [ 79.0596661, 25.190409 ], [ 79.0620904, 25.1933259 ], [ 79.0609831, 25.1951804 ], [ 79.0620477, 25.1990401 ], [ 79.0643196, 25.1994743 ], [ 79.064145, 25.2016905 ], [ 79.0624241, 25.2002815 ], [ 79.0603203, 25.201075 ], [ 79.0619545, 25.2066545 ], [ 79.0605452, 25.2073761 ], [ 79.0605688, 25.209642 ], [ 79.0629343, 25.211629 ], [ 79.0637316, 25.2148701 ], [ 79.0636834, 25.2217578 ], [ 79.0412799, 25.229736 ], [ 79.0369306, 25.2331052 ], [ 79.033655, 25.2337171 ], [ 79.0366256, 25.2362871 ], [ 79.0399858, 25.2426758 ], [ 79.0379951, 25.2435413 ], [ 79.0338666, 25.2428527 ], [ 79.0284689, 25.2405971 ], [ 79.0261302, 25.2422203 ], [ 79.0248459, 25.2408699 ], [ 79.0217734, 25.2415719 ], [ 79.0213931, 25.2453812 ], [ 79.017995, 25.249274 ], [ 79.024393, 25.2573894 ], [ 79.0256092, 25.2612818 ], [ 79.0208376, 25.2644361 ], [ 79.0227919, 25.2678122 ], [ 79.0217764, 25.2689894 ], [ 79.0132216, 25.2740499 ], [ 79.01215, 25.2724258 ], [ 78.9943746, 25.2731634 ], [ 78.9949345, 25.2670786 ], [ 78.986826, 25.2641376 ], [ 78.9852232, 25.2591558 ], [ 78.9835502, 25.2588274 ], [ 78.9813726, 25.2546044 ], [ 78.9799481, 25.2545242 ], [ 78.9748443, 25.2404934 ], [ 78.9747176, 25.2372933 ], [ 78.9760818, 25.236665 ], [ 78.9803868, 25.239668 ], [ 78.9846, 25.2395837 ], [ 78.9842184, 25.2355081 ], [ 78.9828882, 25.2342544 ], [ 78.9946621, 25.2322187 ], [ 79.0011862, 25.2336981 ], [ 78.9992332, 25.2315119 ], [ 79.0019195, 25.2298214 ], [ 79.0024807, 25.2279029 ], [ 79.0010252, 25.2210507 ], [ 79.0074199, 25.2119971 ], [ 79.0061192, 25.211987 ], [ 79.0048312, 25.200562 ], [ 79.0058734, 25.1950472 ], [ 78.9996658, 25.1967213 ], [ 78.992772, 25.1968605 ], [ 78.9807404, 25.2053224 ], [ 78.9806007, 25.2114623 ], [ 78.9759503, 25.2119735 ], [ 78.9702946, 25.2164388 ], [ 78.9649811, 25.2171779 ], [ 78.9636403, 25.2156802 ], [ 78.9630813, 25.2110766 ], [ 78.9574662, 25.217455 ], [ 78.9538581, 25.2189626 ], [ 78.9516464, 25.212875 ], [ 78.9465566, 25.2142948 ], [ 78.935292, 25.2107025 ], [ 78.93433, 25.2118899 ], [ 78.9252126, 25.2044549 ], [ 78.9075356, 25.1847895 ], [ 78.9118946, 25.1808389 ], [ 78.9099995, 25.179842 ], [ 78.9096467, 25.177865 ], [ 78.9030491, 25.1749235 ], [ 78.9029637, 25.1703603 ], [ 78.898063, 25.1686188 ], [ 78.8902802, 25.1606578 ], [ 78.8877063, 25.1610056 ], [ 78.8819084, 25.156894 ], [ 78.8803959, 25.1576163 ], [ 78.8786456, 25.1668423 ], [ 78.8799849, 25.171058 ], [ 78.8743703, 25.1724077 ], [ 78.8728525, 25.1754092 ], [ 78.8739784, 25.1790428 ], [ 78.8733138, 25.184089 ], [ 78.8725453, 25.1865616 ], [ 78.8709758, 25.1869759 ], [ 78.8739833, 25.191365 ], [ 78.8828287, 25.1979411 ], [ 78.8867982, 25.2060383 ], [ 78.8863471, 25.2099968 ], [ 78.8905848, 25.2144243 ], [ 78.8772179, 25.2237414 ], [ 78.8703559, 25.2264268 ], [ 78.869532, 25.2311074 ], [ 78.8717598, 25.239223 ], [ 78.8771146, 25.2450726 ], [ 78.8809216, 25.2540109 ], [ 78.8858103, 25.2537534 ], [ 78.8933829, 25.2447057 ], [ 78.8997746, 25.243116 ], [ 78.9023857, 25.2458869 ], [ 78.9038463, 25.2524736 ], [ 78.9084135, 25.2564717 ], [ 78.9123335, 25.2692352 ], [ 78.9170258, 25.273585 ], [ 78.9201432, 25.273584 ], [ 78.9292505, 25.2698166 ], [ 78.9329306, 25.2633021 ], [ 78.9375945, 25.2596939 ], [ 78.9451438, 25.2594196 ], [ 78.9455118, 25.2611058 ], [ 78.9473241, 25.2617882 ], [ 78.9545954, 25.2613557 ], [ 78.9539156, 25.2693405 ], [ 78.9486768, 25.2741773 ], [ 78.9555129, 25.2827586 ], [ 78.9623616, 25.2797666 ], [ 78.973529, 25.2771598 ], [ 78.9775398, 25.2767283 ], [ 78.9799246, 25.2790465 ], [ 78.9768698, 25.2829169 ], [ 78.9756083, 25.2881354 ], [ 78.9688995, 25.2925947 ], [ 78.9638652, 25.2993592 ], [ 78.9574276, 25.3022381 ], [ 78.9602861, 25.3073684 ], [ 78.9574768, 25.3162482 ], [ 78.9582886, 25.3198676 ], [ 78.9572691, 25.3249414 ], [ 78.9594137, 25.3381062 ], [ 78.9615085, 25.3434536 ], [ 78.9601828, 25.343996 ], [ 78.9606156, 25.3450834 ], [ 78.9577056, 25.3459021 ], [ 78.9531821, 25.3404703 ], [ 78.9477147, 25.3421341 ], [ 78.9463142, 25.3338975 ], [ 78.9389713, 25.32927 ], [ 78.9377386, 25.3271808 ], [ 78.9327624, 25.3269842 ], [ 78.932255, 25.3251655 ], [ 78.927934, 25.324129 ], [ 78.9267236, 25.3272437 ], [ 78.9300569, 25.3295038 ], [ 78.9322154, 25.3359438 ], [ 78.9225433, 25.3428981 ], [ 78.9209094, 25.3435893 ], [ 78.9161929, 25.3349427 ], [ 78.9138935, 25.3349749 ], [ 78.9118416, 25.3325607 ], [ 78.8960149, 25.3397043 ], [ 78.8926622, 25.338644 ], [ 78.8906312, 25.3413524 ], [ 78.8865685, 25.3433929 ], [ 78.882004, 25.3436368 ], [ 78.8803693, 25.332114 ], [ 78.881253, 25.3249238 ], [ 78.8675714, 25.3255511 ], [ 78.8655408, 25.3184377 ], [ 78.8626163, 25.314452 ], [ 78.8639673, 25.3102184 ], [ 78.8744644, 25.3084495 ], [ 78.8708845, 25.3033536 ], [ 78.8717634, 25.2991243 ], [ 78.8798956, 25.2859763 ], [ 78.8749757, 25.27838 ], [ 78.8728063, 25.2804247 ], [ 78.8666059, 25.2803883 ], [ 78.8649988, 25.264699 ], [ 78.8599317, 25.2577025 ], [ 78.8562888, 25.2566504 ], [ 78.8556393, 25.2525339 ], [ 78.8575108, 25.2496665 ], [ 78.8573676, 25.2439567 ], [ 78.8539239, 25.2410721 ], [ 78.8521381, 25.2373209 ], [ 78.8529967, 25.2362197 ], [ 78.852169, 25.2308169 ], [ 78.8496536, 25.2287854 ], [ 78.842801, 25.2276918 ], [ 78.8351395, 25.2429143 ], [ 78.8327392, 25.2525202 ], [ 78.8229056, 25.2562001 ], [ 78.8186246, 25.2635777 ], [ 78.8094722, 25.2706023 ], [ 78.8108794, 25.2755859 ], [ 78.8137426, 25.2776226 ], [ 78.8129273, 25.2800596 ], [ 78.8180788, 25.2831264 ], [ 78.8174048, 25.2911062 ], [ 78.8204311, 25.2960948 ], [ 78.8184488, 25.2989512 ], [ 78.8209899, 25.3013534 ], [ 78.827797, 25.3014099 ], [ 78.8285661, 25.3027371 ], [ 78.8227303, 25.3067974 ], [ 78.820307, 25.3070222 ], [ 78.8195876, 25.3059296 ], [ 78.8171543, 25.3066824 ], [ 78.8045899, 25.2928159 ], [ 78.7988132, 25.2891705 ], [ 78.7939267, 25.2911674 ], [ 78.7911729, 25.2958916 ], [ 78.7877818, 25.2960071 ], [ 78.7923216, 25.3080879 ], [ 78.7982366, 25.3139362 ], [ 78.8103362, 25.3078126 ], [ 78.8135539, 25.3074618 ], [ 78.8143348, 25.3084651 ], [ 78.8192991, 25.3069406 ], [ 78.817188, 25.3087723 ], [ 78.8212883, 25.311509 ], [ 78.8206171, 25.3132826 ], [ 78.821897, 25.3161041 ], [ 78.8342996, 25.3231182 ], [ 78.839362, 25.3317984 ], [ 78.8420734, 25.332616 ], [ 78.8426137, 25.3365519 ], [ 78.847158, 25.3367785 ], [ 78.8472782, 25.3324681 ], [ 78.8457883, 25.3325762 ], [ 78.8461571, 25.3269794 ], [ 78.847477, 25.3319671 ], [ 78.8499397, 25.3349374 ], [ 78.8445496, 25.3409305 ], [ 78.8448324, 25.3420183 ], [ 78.8413008, 25.3426449 ], [ 78.8410419, 25.3449693 ], [ 78.8435938, 25.3494654 ], [ 78.8473139, 25.3505132 ], [ 78.8457431, 25.3555546 ], [ 78.8516141, 25.3574558 ], [ 78.857008, 25.362918 ], [ 78.8595265, 25.3631168 ], [ 78.8583391, 25.364403 ], [ 78.8615379, 25.3693726 ], [ 78.862577, 25.3693841 ], [ 78.862874, 25.3711738 ], [ 78.8678618, 25.3724424 ], [ 78.8717814, 25.3809504 ], [ 78.8746382, 25.3796958 ], [ 78.8814499, 25.3822593 ], [ 78.8800638, 25.3836269 ], [ 78.8802427, 25.3858928 ], [ 78.9137956, 25.3843374 ], [ 78.9177914, 25.3960818 ], [ 78.9198068, 25.3969666 ], [ 78.9264107, 25.3954349 ], [ 78.9296898, 25.3958935 ], [ 78.9316593, 25.3998827 ], [ 78.9350628, 25.3989742 ], [ 78.9347428, 25.3951784 ], [ 78.9359751, 25.3951282 ], [ 78.9402669, 25.4003167 ], [ 78.9442409, 25.3992815 ], [ 78.9487039, 25.4005025 ], [ 78.9533001, 25.3999495 ], [ 78.9537562, 25.3980859 ], [ 78.9564686, 25.3971945 ], [ 78.9575494, 25.3936824 ], [ 78.9523735, 25.3885443 ], [ 78.9510326, 25.3896914 ], [ 78.9473971, 25.3849434 ], [ 78.9454056, 25.3856096 ], [ 78.9421199, 25.3829435 ], [ 78.9382949, 25.3748254 ], [ 78.9285689, 25.3783364 ], [ 78.9288577, 25.3799971 ], [ 78.9242972, 25.3808158 ], [ 78.9210276, 25.3800179 ], [ 78.9159356, 25.3814413 ], [ 78.9125855, 25.3771182 ], [ 78.899077, 25.3776942 ], [ 78.8965376, 25.3740387 ], [ 78.896572, 25.3718587 ], [ 78.8978041, 25.3717637 ], [ 78.8996812, 25.3686129 ], [ 78.9013391, 25.3616167 ], [ 78.9037135, 25.3612326 ], [ 78.9050294, 25.3594809 ], [ 78.9145267, 25.3576236 ], [ 78.92325, 25.3587945 ], [ 78.9238246, 25.3548315 ], [ 78.9269134, 25.3528355 ], [ 78.9269874, 25.3516123 ], [ 78.9387125, 25.3469767 ], [ 78.9449977, 25.3504132 ], [ 78.9504381, 25.3606066 ], [ 78.9518142, 25.3606736 ], [ 78.9591589, 25.3715111 ], [ 78.9635387, 25.3689041 ], [ 78.965403, 25.3706768 ], [ 78.9752357, 25.3660667 ], [ 78.9789645, 25.3695395 ], [ 78.9816025, 25.3695376 ], [ 78.9893319, 25.3740408 ], [ 78.9861908, 25.3780692 ], [ 78.9875054, 25.3812909 ], [ 78.9752625, 25.3863278 ], [ 78.9699291, 25.3901137 ], [ 78.9732962, 25.3941827 ], [ 78.9737963, 25.3978924 ], [ 78.9720413, 25.4029803 ], [ 78.9695518, 25.4031941 ], [ 78.9684647, 25.4046707 ], [ 78.9709446, 25.4077321 ], [ 78.9762346, 25.4199619 ], [ 78.9699949, 25.4232338 ], [ 78.9690142, 25.4274997 ], [ 78.9697431, 25.4316606 ], [ 78.9669967, 25.4346232 ], [ 78.9602981, 25.4371549 ], [ 78.9580038, 25.440284 ], [ 78.9534845, 25.4390137 ], [ 78.9509355, 25.4405496 ], [ 78.9503725, 25.4373326 ], [ 78.9467771, 25.4359344 ], [ 78.9382296, 25.422261 ], [ 78.932446, 25.4240387 ], [ 78.9326511, 25.4269137 ], [ 78.9315133, 25.4275641 ], [ 78.9326429, 25.4302988 ], [ 78.9216541, 25.4324241 ], [ 78.9088728, 25.4424205 ], [ 78.908968, 25.4450789 ], [ 78.9154109, 25.4462598 ], [ 78.9235118, 25.4538355 ], [ 78.9252183, 25.4571161 ], [ 78.9239864, 25.4594907 ], [ 78.9360237, 25.4616075 ], [ 78.9439061, 25.4829255 ], [ 78.9268085, 25.4899601 ], [ 78.9269784, 25.4918466 ], [ 78.9371915, 25.4893332 ], [ 78.9422405, 25.4921338 ], [ 78.9402022, 25.4933353 ], [ 78.9410933, 25.4950274 ], [ 78.9367619, 25.4954175 ], [ 78.9330042, 25.4993593 ], [ 78.9349914, 25.5052584 ], [ 78.9271193, 25.5073963 ], [ 78.9199007, 25.5154011 ], [ 78.9224375, 25.5156665 ], [ 78.9272016, 25.5249761 ], [ 78.9364213, 25.5197911 ], [ 78.9468528, 25.5294586 ], [ 78.9528473, 25.5375301 ], [ 78.9475462, 25.5408591 ], [ 78.9511811, 25.5458627 ], [ 78.9517899, 25.5487871 ], [ 78.9433049, 25.5537786 ], [ 78.9441273, 25.5562696 ], [ 78.9393662, 25.5572196 ], [ 78.9330959, 25.5553357 ], [ 78.9308698, 25.5508999 ], [ 78.9279488, 25.5497952 ], [ 78.9233659, 25.535936 ], [ 78.9209984, 25.5372953 ], [ 78.9186426, 25.543308 ], [ 78.9164543, 25.5455472 ], [ 78.9177294, 25.5497308 ], [ 78.9171084, 25.5522856 ], [ 78.9124219, 25.55351 ], [ 78.9112034, 25.5551623 ], [ 78.9056448, 25.5512324 ], [ 78.9000526, 25.5521993 ], [ 78.8952369, 25.5553459 ], [ 78.8826487, 25.5539615 ], [ 78.877494, 25.5494347 ], [ 78.8742949, 25.5409495 ], [ 78.8779066, 25.5368062 ], [ 78.8864429, 25.5324277 ], [ 78.8870592, 25.5268445 ], [ 78.884382, 25.5155792 ], [ 78.8761105, 25.5174707 ], [ 78.8710669, 25.5131964 ], [ 78.8690823, 25.5136883 ], [ 78.8664812, 25.5120498 ], [ 78.8521613, 25.5138717 ], [ 78.8415376, 25.5125382 ], [ 78.8349595, 25.5058206 ], [ 78.8328181, 25.4995049 ], [ 78.8423221, 25.4989115 ], [ 78.8424567, 25.4979682 ], [ 78.8408553, 25.4978324 ], [ 78.8401852, 25.493364 ], [ 78.8532385, 25.4906767 ], [ 78.855647, 25.4883704 ], [ 78.8553593, 25.4844752 ], [ 78.8574379, 25.4842363 ], [ 78.8602977, 25.4792493 ], [ 78.8603086, 25.4712559 ], [ 78.8661711, 25.4656686 ], [ 78.8654655, 25.4589345 ], [ 78.8629801, 25.4561359 ], [ 78.8638804, 25.451239 ], [ 78.8606995, 25.4449965 ], [ 78.8565087, 25.4466841 ], [ 78.8484031, 25.4362567 ], [ 78.8480715, 25.4297391 ], [ 78.8441503, 25.4277525 ], [ 78.8382157, 25.4280986 ], [ 78.8328024, 25.4299116 ], [ 78.8316337, 25.4315723 ], [ 78.8280215, 25.4282493 ], [ 78.8235718, 25.431335 ], [ 78.8243156, 25.4342159 ], [ 78.8207254, 25.438691 ], [ 78.823398, 25.4426096 ], [ 78.8250286, 25.4421588 ], [ 78.8257638, 25.4433507 ], [ 78.8270766, 25.4423717 ], [ 78.8320819, 25.44347 ], [ 78.8404585, 25.4417029 ], [ 78.8418397, 25.44382 ], [ 78.8457277, 25.4434134 ], [ 78.8482568, 25.4459472 ], [ 78.8520697, 25.4454919 ], [ 78.8548879, 25.4476949 ], [ 78.8531925, 25.4491796 ], [ 78.8497624, 25.4491249 ], [ 78.83518, 25.4547861 ], [ 78.8408904, 25.4614991 ], [ 78.8312304, 25.4611761 ], [ 78.820608, 25.4677442 ], [ 78.8159273, 25.4617621 ], [ 78.8142646, 25.456142 ], [ 78.8124796, 25.4566016 ], [ 78.8091637, 25.4534163 ], [ 78.8063809, 25.4544731 ], [ 78.8104874, 25.4614146 ], [ 78.8179729, 25.4675084 ], [ 78.8182495, 25.471652 ], [ 78.8050962, 25.4753293 ], [ 78.7966932, 25.4827633 ], [ 78.7915611, 25.4834194 ], [ 78.7866485, 25.4795305 ], [ 78.7807336, 25.4797073 ], [ 78.7763192, 25.4784046 ], [ 78.7749288, 25.4761108 ], [ 78.7728005, 25.4762718 ], [ 78.7710391, 25.4719061 ], [ 78.7678289, 25.4694281 ], [ 78.7616713, 25.4723054 ], [ 78.7582076, 25.4755343 ], [ 78.7562157, 25.4785974 ], [ 78.7571981, 25.4806879 ], [ 78.7539742, 25.4824996 ], [ 78.75, 25.4827659 ], [ 78.7473309, 25.4847572 ], [ 78.7478422, 25.4887016 ], [ 78.7463087, 25.4894227 ], [ 78.7477176, 25.4933415 ], [ 78.7454103, 25.49582 ], [ 78.7462688, 25.496624 ], [ 78.7428344, 25.4987797 ], [ 78.7363497, 25.4938155 ], [ 78.7334565, 25.489426 ], [ 78.7327362, 25.4848455 ], [ 78.7318273, 25.4580587 ], [ 78.7359177, 25.4566565 ], [ 78.7376545, 25.4532249 ], [ 78.7374525, 25.4497949 ], [ 78.7500001, 25.4485775 ], [ 78.7523644, 25.4467065 ], [ 78.7538295, 25.4431737 ], [ 78.7577543, 25.4402521 ], [ 78.756111, 25.4382423 ], [ 78.7579859, 25.4320829 ], [ 78.7623597, 25.4269004 ], [ 78.7706532, 25.4228745 ], [ 78.7733987, 25.426967 ], [ 78.7784765, 25.429173 ], [ 78.7834277, 25.4348722 ], [ 78.7923682, 25.4371342 ], [ 78.8029707, 25.4371623 ], [ 78.8053021, 25.4351575 ], [ 78.8095138, 25.434218 ], [ 78.8104651, 25.4303504 ], [ 78.8213736, 25.4225781 ], [ 78.8197398, 25.4199055 ], [ 78.8048281, 25.4229096 ], [ 78.7990975, 25.4228888 ], [ 78.7981246, 25.4208436 ], [ 78.7997707, 25.4192738 ], [ 78.7958065, 25.4164462 ], [ 78.7879219, 25.4198585 ], [ 78.7825128, 25.4157073 ], [ 78.7791703, 25.4192483 ], [ 78.7749453, 25.4198683 ], [ 78.7673753, 25.4149613 ], [ 78.758255, 25.4153912 ], [ 78.7497399, 25.4110595 ], [ 78.7468606, 25.4030637 ], [ 78.7455756, 25.4027353 ], [ 78.7471323, 25.3916894 ], [ 78.7481452, 25.390989 ], [ 78.7500001, 25.3938515 ], [ 78.7569827, 25.3953648 ], [ 78.764793, 25.4018748 ], [ 78.7679849, 25.4000311 ], [ 78.7651706, 25.3909073 ], [ 78.7613443, 25.3859395 ], [ 78.7569228, 25.3854439 ], [ 78.7598578, 25.3816595 ], [ 78.7687982, 25.3790845 ], [ 78.7736597, 25.3761676 ], [ 78.7659205, 25.3691482 ], [ 78.7744412, 25.3561372 ], [ 78.7745878, 25.3531041 ], [ 78.7599667, 25.3504441 ], [ 78.754785, 25.351469 ], [ 78.7543766, 25.3475058 ], [ 78.7527788, 25.3459067 ], [ 78.7421051, 25.3451605 ], [ 78.7380035, 25.3479427 ], [ 78.730956, 25.3487152 ], [ 78.7275249, 25.3442989 ], [ 78.7241223, 25.3439673 ], [ 78.7087852, 25.3519883 ], [ 78.7079136, 25.3630921 ], [ 78.7135536, 25.3695748 ], [ 78.7140504, 25.3721472 ], [ 78.7076067, 25.3719298 ], [ 78.7030125, 25.3737738 ], [ 78.6996043, 25.3818886 ], [ 78.6978277, 25.3806671 ], [ 78.6946661, 25.3738593 ], [ 78.6822114, 25.3776601 ], [ 78.6753582, 25.381152 ], [ 78.6659384, 25.3819087 ], [ 78.6589487, 25.3852866 ], [ 78.6662947, 25.3927275 ], [ 78.6623358, 25.3963259 ], [ 78.6636242, 25.4008752 ], [ 78.6592234, 25.4057356 ], [ 78.6588957, 25.4085042 ], [ 78.6660095, 25.4158142 ], [ 78.6683072, 25.4064841 ], [ 78.6714225, 25.4050659 ], [ 78.6748988, 25.3995673 ], [ 78.7030715, 25.4189405 ], [ 78.7090588, 25.4240148 ], [ 78.7114275, 25.4281027 ], [ 78.7025735, 25.4329371 ], [ 78.6996981, 25.4370143 ], [ 78.6996056, 25.440088 ], [ 78.6965453, 25.4429872 ], [ 78.6898659, 25.445748 ], [ 78.6817124, 25.433222 ], [ 78.674427, 25.4365556 ], [ 78.670407, 25.4400188 ], [ 78.6654461, 25.4397765 ], [ 78.6598346, 25.4416601 ], [ 78.6562496, 25.4377883 ], [ 78.6539831, 25.4384071 ], [ 78.6506771, 25.4363676 ], [ 78.643211, 25.4353081 ], [ 78.6413567, 25.4334939 ], [ 78.6421259, 25.4247467 ], [ 78.6445604, 25.4194656 ], [ 78.6438643, 25.4171232 ], [ 78.6452556, 25.4160397 ], [ 78.644932, 25.4126727 ], [ 78.6358165, 25.4006948 ], [ 78.6308025, 25.3993862 ], [ 78.6257489, 25.4012324 ], [ 78.623617, 25.4134685 ], [ 78.6193778, 25.4155897 ], [ 78.613921, 25.4145784 ], [ 78.6096667, 25.4160224 ], [ 78.6044588, 25.4135122 ], [ 78.6066706, 25.4113009 ], [ 78.6011101, 25.4089982 ], [ 78.6020553, 25.4033565 ], [ 78.6009623, 25.4019571 ], [ 78.6022549, 25.399159 ], [ 78.5984523, 25.3960328 ], [ 78.5994139, 25.3925643 ], [ 78.5901935, 25.3860268 ], [ 78.5857217, 25.3862965 ], [ 78.5836394, 25.3876952 ], [ 78.5814539, 25.3857086 ], [ 78.5761156, 25.390735 ], [ 78.5665047, 25.3935344 ], [ 78.5661649, 25.3871025 ], [ 78.5635434, 25.3832649 ], [ 78.5628906, 25.3772617 ], [ 78.5685495, 25.3771285 ], [ 78.5736108, 25.380335 ], [ 78.5778447, 25.3811358 ], [ 78.5857008, 25.3741732 ], [ 78.5862834, 25.369899 ], [ 78.5887685, 25.3659684 ], [ 78.5877929, 25.3558849 ], [ 78.5847487, 25.3533836 ], [ 78.5847004, 25.3493711 ], [ 78.5832905, 25.346974 ], [ 78.5775052, 25.3438399 ], [ 78.5708349, 25.3433005 ], [ 78.567265, 25.3407399 ], [ 78.5613791, 25.341216 ], [ 78.5528145, 25.3529382 ], [ 78.5518387, 25.3566975 ], [ 78.5485007, 25.3565649 ], [ 78.5364918, 25.3602007 ], [ 78.531999, 25.3565781 ], [ 78.5305002, 25.354704 ], [ 78.5306418, 25.3514769 ], [ 78.541226, 25.3455434 ], [ 78.5370491, 25.3382336 ], [ 78.5404767, 25.3301066 ], [ 78.5396441, 25.3277456 ], [ 78.5437125, 25.3260328 ], [ 78.5438627, 25.3241823 ], [ 78.5469381, 25.3219768 ], [ 78.5500665, 25.3223801 ], [ 78.5530676, 25.3196419 ], [ 78.5375407, 25.3106606 ], [ 78.5339957, 25.3101349 ], [ 78.531193, 25.3000183 ], [ 78.5212433, 25.299637 ], [ 78.5148708, 25.2967346 ], [ 78.5088584, 25.2964547 ], [ 78.5065716, 25.2995176 ], [ 78.5027521, 25.3008685 ], [ 78.5035881, 25.3040739 ], [ 78.500604, 25.3137756 ], [ 78.5029826, 25.3186973 ], [ 78.503179, 25.3209091 ], [ 78.5023001, 25.3208994 ], [ 78.4971714, 25.3194261 ], [ 78.4947766, 25.3130775 ], [ 78.4881316, 25.3067232 ], [ 78.4843428, 25.3008991 ], [ 78.4804298, 25.3003061 ], [ 78.4780351, 25.2985204 ], [ 78.4769313, 25.29663 ], [ 78.4775557, 25.2894847 ], [ 78.4734671, 25.2861158 ], [ 78.4726056, 25.2858523 ], [ 78.4711818, 25.290342 ], [ 78.4670862, 25.2907599 ], [ 78.463842, 25.2943502 ], [ 78.4587298, 25.2967544 ], [ 78.4578177, 25.2987003 ], [ 78.4537926, 25.3012662 ], [ 78.4494728, 25.3008892 ], [ 78.4477338, 25.2990351 ], [ 78.445187, 25.2993071 ], [ 78.440339, 25.2954683 ], [ 78.4386025, 25.2884775 ], [ 78.4350308, 25.284164 ], [ 78.4364872, 25.2829284 ], [ 78.4382875, 25.2745849 ], [ 78.4508536, 25.2621079 ], [ 78.4649534, 25.2665909 ], [ 78.4728862, 25.2737354 ], [ 78.4836416, 25.2773613 ], [ 78.4869759, 25.2809968 ], [ 78.5034337, 25.2895266 ], [ 78.5075294, 25.2845378 ], [ 78.51056, 25.2767769 ], [ 78.51665, 25.2778918 ], [ 78.5308919, 25.2846315 ], [ 78.5337247, 25.2806295 ], [ 78.5308382, 25.2771071 ], [ 78.5336147, 25.2683705 ], [ 78.5373074, 25.2688873 ], [ 78.5450377, 25.2648341 ], [ 78.5498318, 25.2677568 ], [ 78.5597219, 25.2635864 ], [ 78.5629978, 25.2636781 ], [ 78.5684645, 25.2597805 ], [ 78.5720433, 25.2595742 ], [ 78.5704952, 25.2583143 ], [ 78.57127, 25.2572178 ], [ 78.5747254, 25.2549893 ], [ 78.5779019, 25.2548188 ], [ 78.5731014, 25.2458427 ], [ 78.5680763, 25.2408443 ], [ 78.5684223, 25.2328959 ], [ 78.5674412, 25.2299438 ], [ 78.560121, 25.2219968 ], [ 78.5555372, 25.2114193 ], [ 78.5564409, 25.2102461 ], [ 78.5628107, 25.2214834 ], [ 78.5681878, 25.2247443 ], [ 78.5702028, 25.2238785 ], [ 78.5705435, 25.2051922 ], [ 78.5763919, 25.1951965 ], [ 78.5833396, 25.1873313 ], [ 78.5860304, 25.1804036 ], [ 78.5944905, 25.1686249 ], [ 78.6006779, 25.155392 ], [ 78.6033327, 25.1459589 ], [ 78.6053292, 25.1269341 ], [ 78.6042895, 25.1175047 ], [ 78.605684, 25.1088747 ], [ 78.6019085, 25.0978384 ], [ 78.6024495, 25.0944215 ], [ 78.607149, 25.0903915 ], [ 78.6132607, 25.0875755 ], [ 78.628145, 25.0861992 ], [ 78.63602, 25.0771669 ], [ 78.6526167, 25.0505925 ], [ 78.6519156, 25.0391638 ], [ 78.6533604, 25.0314541 ], [ 78.6457188, 25.0185958 ], [ 78.6469575, 25.0059952 ], [ 78.6447058, 25.0033169 ], [ 78.6432868, 24.9873304 ], [ 78.6440094, 24.9842926 ], [ 78.6414339, 24.9819683 ], [ 78.6413986, 24.9777841 ], [ 78.6389273, 24.9757757 ], [ 78.6400262, 24.9720833 ], [ 78.6347966, 24.9671999 ], [ 78.6329992, 24.9671188 ], [ 78.6339447, 24.9633903 ], [ 78.6316372, 24.9616165 ], [ 78.6317211, 24.9577979 ], [ 78.6361328, 24.9592736 ], [ 78.6523585, 24.94784 ], [ 78.6528419, 24.9437967 ], [ 78.6500621, 24.9408782 ], [ 78.6518635, 24.9383772 ], [ 78.655765, 24.9403716 ], [ 78.6628491, 24.9387142 ], [ 78.6672412, 24.9137915 ], [ 78.6765598, 24.8986312 ], [ 78.6836548, 24.8949859 ], [ 78.6966838, 24.8931837 ], [ 78.7050333, 24.8872527 ], [ 78.710887, 24.8796573 ], [ 78.7146177, 24.8793977 ], [ 78.7221704, 24.8816634 ], [ 78.7291253, 24.8789459 ], [ 78.7467568, 24.8652196 ], [ 78.7539039, 24.8688343 ], [ 78.7621894, 24.8600162 ], [ 78.7700367, 24.8590197 ], [ 78.7747689, 24.8497516 ], [ 78.7735739, 24.8409353 ], [ 78.7759317, 24.8307175 ], [ 78.7834161, 24.8161199 ], [ 78.7898391, 24.8109779 ], [ 78.7870319, 24.8013076 ], [ 78.7804173, 24.7988706 ], [ 78.7742939, 24.7946235 ], [ 78.7703977, 24.7884008 ], [ 78.7728005, 24.7825704 ], [ 78.7703547, 24.7747011 ], [ 78.7713484, 24.7688337 ], [ 78.7700028, 24.7580807 ], [ 78.7765972, 24.7518334 ], [ 78.7722995, 24.7431117 ], [ 78.7732922, 24.731173 ], [ 78.7765973, 24.7193395 ], [ 78.7768536, 24.7136386 ], [ 78.7811462, 24.7089286 ], [ 78.7809999, 24.7060757 ], [ 78.7779509, 24.6994836 ], [ 78.7735358, 24.6966189 ], [ 78.7709756, 24.6914127 ], [ 78.7636444, 24.6904779 ], [ 78.7652234, 24.6808688 ], [ 78.7614675, 24.6708994 ], [ 78.7587916, 24.6690376 ], [ 78.7547391, 24.6691511 ], [ 78.7508543, 24.6661325 ], [ 78.7505056, 24.6641913 ], [ 78.7467715, 24.6626792 ], [ 78.7471853, 24.6565083 ], [ 78.745993, 24.6545186 ], [ 78.7439279, 24.6540599 ], [ 78.7456705, 24.6530112 ], [ 78.7454154, 24.6515934 ], [ 78.7486317, 24.6510587 ], [ 78.7491878, 24.6481747 ], [ 78.7506394, 24.6485641 ], [ 78.7494806, 24.6467575 ], [ 78.7519642, 24.6424081 ], [ 78.7500091, 24.6418468 ], [ 78.7514227, 24.640733 ], [ 78.7506945, 24.6378706 ], [ 78.7521572, 24.6370592 ], [ 78.7511506, 24.6360653 ], [ 78.7527034, 24.6340082 ], [ 78.7524881, 24.6218203 ], [ 78.7548156, 24.6199218 ], [ 78.7510902, 24.6172104 ], [ 78.7545693, 24.6038157 ], [ 78.7520302, 24.6001799 ], [ 78.7693331, 24.5941669 ], [ 78.7765696, 24.5887367 ], [ 78.7837871, 24.5885603 ], [ 78.7916193, 24.5924647 ], [ 78.7989987, 24.5943732 ], [ 78.8032024, 24.5992863 ], [ 78.8023617, 24.6018724 ], [ 78.8032248, 24.603534 ], [ 78.8114452, 24.6039255 ], [ 78.8124384, 24.6021022 ], [ 78.8167885, 24.6009934 ], [ 78.8238333, 24.6024446 ], [ 78.8263704, 24.604603 ], [ 78.8346107, 24.6045555 ], [ 78.8377579, 24.6158005 ], [ 78.8433015, 24.6232903 ], [ 78.8487335, 24.622131 ], [ 78.8525305, 24.6246954 ], [ 78.8534639, 24.6234948 ], [ 78.8528074, 24.6220006 ], [ 78.8547728, 24.6207008 ], [ 78.8555534, 24.6178525 ], [ 78.8571038, 24.6187418 ], [ 78.857173, 24.6175546 ], [ 78.8597653, 24.6176406 ], [ 78.8662336, 24.6274317 ], [ 78.8668952, 24.633995 ], [ 78.8686139, 24.6368028 ], [ 78.8680162, 24.6399896 ], [ 78.8741453, 24.6414295 ], [ 78.8765217, 24.6408706 ], [ 78.8772074, 24.6422103 ], [ 78.8832326, 24.6412935 ], [ 78.8823138, 24.6404133 ], [ 78.8863582, 24.637375 ], [ 78.8855529, 24.6349511 ], [ 78.8899919, 24.6311407 ], [ 78.8894089, 24.6296241 ], [ 78.8961982, 24.6257229 ], [ 78.8947949, 24.621304 ], [ 78.8974451, 24.6147311 ], [ 78.8991533, 24.6142523 ], [ 78.8992855, 24.6092868 ], [ 78.9020595, 24.6061625 ], [ 78.9096669, 24.6028339 ], [ 78.9111373, 24.600125 ], [ 78.912574, 24.6001697 ], [ 78.9134608, 24.5951228 ], [ 78.9118512, 24.5944958 ], [ 78.9126151, 24.5907444 ], [ 78.9144246, 24.5847222 ], [ 78.9201519, 24.5748121 ], [ 78.9234338, 24.5735019 ], [ 78.9249301, 24.5749864 ], [ 78.927653, 24.5711259 ], [ 78.9292054, 24.5657265 ], [ 78.9322743, 24.5636578 ], [ 78.9337996, 24.5639596 ], [ 78.935017, 24.5607586 ], [ 78.9464456, 24.5571464 ], [ 78.9483439, 24.5542519 ], [ 78.9471129, 24.5507091 ], [ 78.9532101, 24.5468959 ], [ 78.94815, 24.544136 ], [ 78.9437004, 24.5344546 ], [ 78.9463987, 24.5261006 ], [ 78.9513214, 24.5187835 ], [ 78.9480429, 24.5151514 ], [ 78.9484927, 24.5086644 ], [ 78.9472554, 24.502404 ], [ 78.9570462, 24.4987599 ], [ 78.9656132, 24.4979156 ], [ 78.9714324, 24.4937588 ], [ 78.9704423, 24.4892229 ], [ 78.9634683, 24.4835349 ], [ 78.9431241, 24.4790088 ], [ 78.936219, 24.4794226 ], [ 78.9272234, 24.4820667 ], [ 78.9279199, 24.484328 ], [ 78.9373253, 24.4907356 ], [ 78.931757, 24.4915119 ], [ 78.9276293, 24.4943608 ], [ 78.9246458, 24.4998259 ], [ 78.9205759, 24.4997188 ], [ 78.9184925, 24.4951558 ], [ 78.9164721, 24.4828681 ], [ 78.9122113, 24.4734448 ], [ 78.9127021, 24.4655766 ], [ 78.9148514, 24.4622944 ], [ 78.9145546, 24.4593197 ], [ 78.9150968, 24.458489 ], [ 78.9281728, 24.4601723 ], [ 78.9397569, 24.4535013 ], [ 78.9417775, 24.4510719 ], [ 78.9427206, 24.4440836 ], [ 78.9474838, 24.4366219 ], [ 78.9547971, 24.4370312 ], [ 78.9609573, 24.4395377 ], [ 78.965217, 24.4387271 ], [ 78.9776692, 24.4410936 ], [ 78.9804099, 24.440094 ], [ 78.9820137, 24.4416052 ], [ 78.9856281, 24.4416748 ], [ 78.9936477, 24.4227502 ], [ 78.9924511, 24.418914 ], [ 78.9840477, 24.4102578 ], [ 78.9843536, 24.4047774 ], [ 78.9769317, 24.3887485 ], [ 78.975026, 24.3785704 ], [ 78.969909, 24.3702813 ], [ 78.9725925, 24.3544891 ], [ 78.970703, 24.3513846 ], [ 78.971454, 24.3476058 ], [ 78.9630112, 24.3442118 ], [ 78.9466417, 24.3239203 ], [ 78.9412478, 24.3152872 ], [ 78.9236536, 24.3064913 ], [ 78.9188834, 24.3002315 ], [ 78.9096377, 24.297995 ], [ 78.9116099, 24.2880044 ], [ 78.9186607, 24.2829829 ], [ 78.9160702, 24.2676263 ], [ 78.9054628, 24.2645277 ], [ 78.8843741, 24.25 ], [ 78.8840661, 24.243354 ], [ 78.8880523, 24.2272786 ], [ 78.884665, 24.2199477 ], [ 78.8818541, 24.2170092 ], [ 78.8768039, 24.2138041 ], [ 78.8609454, 24.2092126 ], [ 78.8521047, 24.2140418 ], [ 78.8468873, 24.21377 ], [ 78.8380688, 24.2073399 ], [ 78.829292, 24.1969052 ], [ 78.8267481, 24.1954463 ], [ 78.8237602, 24.1968493 ], [ 78.8217689, 24.2041527 ], [ 78.8149461, 24.2068045 ], [ 78.8129448, 24.202971 ], [ 78.8122026, 24.1910487 ], [ 78.8143949, 24.1858853 ], [ 78.8126749, 24.1810272 ], [ 78.8062055, 24.1782934 ], [ 78.7953406, 24.1781256 ], [ 78.7922266, 24.1768735 ], [ 78.7894314, 24.1771113 ], [ 78.7830013, 24.1891515 ], [ 78.7818277, 24.1993304 ], [ 78.7807545, 24.1997676 ], [ 78.7811288, 24.2060471 ], [ 78.7769858, 24.2110824 ], [ 78.7713325, 24.2144734 ], [ 78.7673704, 24.2202127 ], [ 78.7675078, 24.2266771 ], [ 78.7645202, 24.2317987 ], [ 78.7676601, 24.2387889 ], [ 78.7686514, 24.2484275 ], [ 78.7674067, 24.2531127 ], [ 78.7643915, 24.2553767 ], [ 78.7618916, 24.2595369 ], [ 78.7598698, 24.2573324 ], [ 78.7597932, 24.2440693 ], [ 78.7554486, 24.2411227 ], [ 78.754959, 24.2383371 ], [ 78.7504242, 24.233887 ], [ 78.7416034, 24.2338369 ], [ 78.7404179, 24.2349844 ], [ 78.738998, 24.2380822 ], [ 78.7418104, 24.2450138 ], [ 78.7412611, 24.2473391 ], [ 78.734166, 24.2524051 ], [ 78.7278948, 24.2482245 ], [ 78.7263785, 24.242032 ], [ 78.7236445, 24.2399979 ], [ 78.7255716, 24.2364395 ], [ 78.720805, 24.2349348 ], [ 78.7168281, 24.2360297 ], [ 78.7131199, 24.2342443 ], [ 78.708709, 24.23431 ], [ 78.7030579, 24.2269232 ], [ 78.695656, 24.2300236 ], [ 78.6907554, 24.2347612 ], [ 78.682521, 24.2382315 ], [ 78.6686337, 24.2400373 ], [ 78.6666356, 24.2419564 ], [ 78.667119, 24.2447641 ], [ 78.6638271, 24.2506745 ], [ 78.6642965, 24.256096 ], [ 78.6600457, 24.2675947 ], [ 78.6492821, 24.2716325 ], [ 78.6456541, 24.2785261 ], [ 78.639691, 24.283014 ], [ 78.6387658, 24.2851294 ], [ 78.6313693, 24.2864262 ], [ 78.625803, 24.2805906 ], [ 78.6245374, 24.2865584 ], [ 78.620031, 24.2903186 ], [ 78.619966, 24.2928949 ], [ 78.6280935, 24.3003121 ], [ 78.6284428, 24.303938 ], [ 78.6262417, 24.3073236 ], [ 78.6234144, 24.3070979 ], [ 78.6191437, 24.3103254 ], [ 78.6182129, 24.3070887 ], [ 78.6158188, 24.3096346 ], [ 78.6094203, 24.3085462 ], [ 78.6036463, 24.3144997 ], [ 78.6012757, 24.3209365 ], [ 78.6010432, 24.3265476 ], [ 78.5965195, 24.3319954 ], [ 78.5960379, 24.3352137 ], [ 78.5892883, 24.3377158 ], [ 78.5842929, 24.3464981 ], [ 78.5831001, 24.3498297 ], [ 78.5860043, 24.3537423 ], [ 78.5802877, 24.3558849 ], [ 78.5764738, 24.3556536 ], [ 78.574992, 24.3553055 ], [ 78.5732222, 24.3510527 ], [ 78.5633062, 24.3579781 ], [ 78.5593393, 24.3567377 ], [ 78.5383654, 24.3679512 ], [ 78.5298842, 24.3680952 ], [ 78.5303205, 24.3712011 ], [ 78.5273505, 24.3753794 ], [ 78.5298268, 24.3789065 ], [ 78.5272885, 24.3791441 ], [ 78.525654, 24.3831876 ], [ 78.5220385, 24.3866205 ], [ 78.5183804, 24.3878188 ], [ 78.5022262, 24.3903435 ], [ 78.5004777, 24.3890736 ], [ 78.49318, 24.380811 ], [ 78.485787, 24.3693372 ], [ 78.4742943, 24.3563355 ], [ 78.4751776, 24.3516628 ], [ 78.4742137, 24.3477723 ], [ 78.4775814, 24.3384844 ], [ 78.4636619, 24.3301285 ], [ 78.456394, 24.328178 ], [ 78.4552682, 24.3240707 ], [ 78.4438906, 24.3193455 ], [ 78.4458739, 24.3158686 ], [ 78.4386901, 24.3125403 ], [ 78.4376193, 24.3085774 ], [ 78.4381044, 24.3036251 ], [ 78.4399794, 24.3004418 ], [ 78.4399869, 24.2958825 ], [ 78.4339366, 24.2912716 ], [ 78.433876, 24.287922 ], [ 78.4307024, 24.2837701 ], [ 78.4242024, 24.2855826 ], [ 78.4184007, 24.2849434 ], [ 78.4140843, 24.277925 ], [ 78.41361, 24.2726661 ], [ 78.4061934, 24.2705868 ], [ 78.4000137, 24.2720235 ], [ 78.3981271, 24.2694371 ], [ 78.3966599, 24.2701732 ], [ 78.3953843, 24.268959 ], [ 78.3889387, 24.2709279 ], [ 78.3879684, 24.2690682 ], [ 78.3870527, 24.270901 ], [ 78.3856689, 24.2696687 ], [ 78.3818675, 24.2731178 ], [ 78.3808486, 24.2804128 ], [ 78.3781007, 24.2840829 ], [ 78.3703343, 24.2840377 ], [ 78.3662708, 24.2910707 ], [ 78.358164, 24.2923115 ], [ 78.3480462, 24.2995778 ], [ 78.3455919, 24.3062403 ], [ 78.3455506, 24.3144651 ], [ 78.3420127, 24.3188206 ], [ 78.3314641, 24.3239279 ], [ 78.3293251, 24.3264959 ], [ 78.3292009, 24.3294481 ], [ 78.3344154, 24.3380084 ], [ 78.3432871, 24.3446192 ], [ 78.3468034, 24.3524113 ], [ 78.3569327, 24.362818 ], [ 78.3579276, 24.367576 ], [ 78.3623279, 24.3714269 ], [ 78.3696708, 24.3749349 ], [ 78.3698974, 24.3768308 ], [ 78.3669303, 24.3809385 ], [ 78.3657865, 24.3859762 ], [ 78.3642635, 24.386757 ], [ 78.3562002, 24.3854292 ], [ 78.3489003, 24.3874368 ], [ 78.3449114, 24.3938687 ], [ 78.3438504, 24.3991366 ], [ 78.3407491, 24.40207 ], [ 78.337791, 24.4038028 ], [ 78.3309191, 24.4046947 ], [ 78.3218915, 24.4087952 ], [ 78.316239, 24.4154018 ], [ 78.3106024, 24.4189836 ], [ 78.3069964, 24.4230945 ], [ 78.2696896, 24.4469392 ], [ 78.2645213, 24.4531017 ], [ 78.2641591, 24.4557017 ], [ 78.2737909, 24.4672328 ], [ 78.2754843, 24.4711792 ], [ 78.2749791, 24.4739234 ], [ 78.2680156, 24.4790422 ], [ 78.2495739, 24.4835826 ], [ 78.2458905, 24.4861392 ], [ 78.2440584, 24.4890477 ], [ 78.2477315, 24.5026041 ], [ 78.2460165, 24.5095391 ], [ 78.2444247, 24.5114182 ], [ 78.2332079, 24.5140809 ], [ 78.2280894, 24.5173752 ], [ 78.2254185, 24.521372 ], [ 78.2259099, 24.5312935 ], [ 78.2294432, 24.537534 ], [ 78.2435083, 24.5441998 ], [ 78.2561041, 24.5471403 ], [ 78.2644694, 24.5522023 ], [ 78.2664571, 24.5593946 ], [ 78.2648214, 24.5674961 ], [ 78.2673315, 24.5759481 ], [ 78.2728917, 24.5794142 ], [ 78.2732981, 24.5957552 ], [ 78.2779835, 24.6147576 ], [ 78.2761825, 24.6194826 ], [ 78.2653187, 24.6314146 ], [ 78.2626736, 24.6460018 ], [ 78.264047, 24.651099 ], [ 78.2752235, 24.6581757 ], [ 78.2766967, 24.6629931 ], [ 78.2653362, 24.6793393 ], [ 78.2575223, 24.7041691 ], [ 78.2503454, 24.7114758 ], [ 78.2310885, 24.7380749 ], [ 78.2261432, 24.746912 ], [ 78.2255699, 24.7530273 ], [ 78.2317765, 24.7623622 ], [ 78.2350504, 24.7638133 ], [ 78.2357446, 24.7717482 ], [ 78.2317447, 24.7771363 ], [ 78.2166786, 24.8085944 ], [ 78.2040336, 24.8244047 ], [ 78.2010275, 24.8341471 ], [ 78.197598, 24.8397822 ], [ 78.1934691, 24.8425195 ], [ 78.1775066, 24.8433339 ], [ 78.1732686, 24.8466937 ], [ 78.1689705, 24.8626199 ], [ 78.169057, 24.8693365 ], [ 78.170974, 24.8752671 ], [ 78.1735087, 24.8786381 ], [ 78.1949551, 24.8894311 ], [ 78.2105911, 24.8948078 ], [ 78.2189854, 24.9093824 ], [ 78.2238058, 24.9153104 ], [ 78.2494038, 24.929874 ], [ 78.2562292, 24.9368017 ], [ 78.2659531, 24.9410159 ], [ 78.2709318, 24.9487651 ], [ 78.2791497, 24.9560739 ], [ 78.2866592, 24.9581368 ], [ 78.2945929, 24.9630568 ], [ 78.3070281, 24.9774709 ], [ 78.3118126, 24.9856339 ], [ 78.3168223, 24.9900143 ], [ 78.3218086, 24.9923136 ], [ 78.331644, 24.9939418 ], [ 78.3338524, 24.9954996 ], [ 78.3363916, 25.0005683 ], [ 78.3453637, 25.0120793 ], [ 78.3473727, 25.0215315 ], [ 78.3471838, 25.0245015 ], [ 78.3401845, 25.04028 ], [ 78.335489, 25.0665623 ], [ 78.3355043, 25.081137 ], [ 78.338635, 25.0865814 ], [ 78.3608379, 25.0957295 ], [ 78.3678526, 25.0965834 ], [ 78.3834522, 25.1017199 ], [ 78.3878594, 25.1057232 ], [ 78.3997307, 25.1241149 ], [ 78.4068219, 25.1289342 ], [ 78.4154389, 25.1284266 ], [ 78.4344394, 25.120142 ], [ 78.4468199, 25.121775 ], [ 78.4479492, 25.1281116 ], [ 78.4420308, 25.1309355 ], [ 78.4269197, 25.1464821 ], [ 78.4273813, 25.1541036 ], [ 78.4320562, 25.155169 ], [ 78.4478548, 25.1527111 ], [ 78.4518663, 25.1599806 ], [ 78.4582615, 25.1637234 ], [ 78.4515546, 25.1689268 ], [ 78.4460835, 25.1682299 ], [ 78.4433689, 25.1654779 ], [ 78.433723, 25.1664796 ], [ 78.4234031, 25.1693133 ], [ 78.424173, 25.1722154 ], [ 78.4163577, 25.1764426 ], [ 78.4166378, 25.1835289 ], [ 78.3960778, 25.1872164 ], [ 78.3948381, 25.1892072 ], [ 78.3946608, 25.1973543 ], [ 78.3915555, 25.1989435 ], [ 78.3913821, 25.2011913 ], [ 78.3964975, 25.2037273 ], [ 78.3993015, 25.2086242 ], [ 78.4109519, 25.2126659 ], [ 78.4051166, 25.2148873 ], [ 78.4025036, 25.2175966 ], [ 78.3979626, 25.2182144 ], [ 78.3967231, 25.2169116 ], [ 78.3820566, 25.2225912 ], [ 78.3771395, 25.2278406 ], [ 78.3785243, 25.2386868 ], [ 78.3748817, 25.2392376 ], [ 78.3729612, 25.2371929 ], [ 78.3673883, 25.2368542 ], [ 78.3598, 25.2421932 ], [ 78.3725142, 25.2599069 ], [ 78.3687667, 25.2613827 ], [ 78.3663739, 25.2667267 ], [ 78.3607096, 25.2725217 ], [ 78.3570908, 25.2731397 ], [ 78.3501106, 25.2773273 ], [ 78.3498769, 25.2793674 ], [ 78.3547996, 25.290458 ], [ 78.3545804, 25.2922534 ], [ 78.3339721, 25.2924081 ], [ 78.3300882, 25.2963474 ], [ 78.3197004, 25.2988308 ], [ 78.3165958, 25.3018357 ], [ 78.3151015, 25.3013747 ], [ 78.3117339, 25.3033016 ], [ 78.3112615, 25.3051916 ], [ 78.3202156, 25.3126741 ], [ 78.3227365, 25.3163265 ], [ 78.3248918, 25.3159526 ], [ 78.3293497, 25.319601 ], [ 78.3305467, 25.3190011 ], [ 78.3336988, 25.3226038 ], [ 78.3387041, 25.324063 ], [ 78.3435399, 25.3285776 ], [ 78.3375451, 25.3302463 ], [ 78.3372999, 25.3363937 ], [ 78.3280523, 25.3523115 ], [ 78.3190939, 25.3549566 ], [ 78.3160526, 25.3575507 ], [ 78.3122972, 25.357653 ], [ 78.3049835, 25.3605023 ], [ 78.3008012, 25.3599315 ], [ 78.3061107, 25.3751835 ], [ 78.305312, 25.3767511 ], [ 78.3079428, 25.3811982 ], [ 78.3120129, 25.3792005 ], [ 78.3168507, 25.3786754 ], [ 78.3223733, 25.3874056 ], [ 78.3260143, 25.3898216 ], [ 78.3313753, 25.3907485 ], [ 78.3405303, 25.3995207 ], [ 78.340912, 25.4028291 ], [ 78.3388386, 25.4069766 ], [ 78.343094, 25.4200171 ], [ 78.3393945, 25.4263802 ], [ 78.3389011, 25.43102 ], [ 78.3417939, 25.4309755 ], [ 78.3469771, 25.4352779 ], [ 78.3499135, 25.440961 ], [ 78.3490184, 25.4428068 ], [ 78.3545445, 25.4519791 ], [ 78.360197, 25.4514652 ], [ 78.3617631, 25.449687 ], [ 78.362186, 25.4459815 ], [ 78.369459, 25.4383271 ], [ 78.376428, 25.4386476 ], [ 78.3776607, 25.4368106 ], [ 78.3809465, 25.4403491 ], [ 78.3853109, 25.440588 ], [ 78.3949599, 25.4442068 ], [ 78.397219, 25.456271 ], [ 78.4003128, 25.4635507 ], [ 78.4038585, 25.4671022 ], [ 78.4141115, 25.4697943 ], [ 78.4157529, 25.4716308 ], [ 78.4164854, 25.4764781 ], [ 78.4199211, 25.4758723 ], [ 78.42781, 25.4711982 ], [ 78.4313066, 25.4736296 ], [ 78.4274132, 25.4848471 ], [ 78.4286876, 25.4878526 ], [ 78.4192999, 25.5003942 ], [ 78.41681, 25.5017003 ], [ 78.4191169, 25.5064071 ], [ 78.4188145, 25.509016 ], [ 78.4205897, 25.5081263 ], [ 78.4224755, 25.5100259 ], [ 78.4285284, 25.5099334 ], [ 78.4288474, 25.5115446 ], [ 78.4190565, 25.5181376 ], [ 78.4203072, 25.5240272 ], [ 78.4192635, 25.5261443 ], [ 78.4193405, 25.5329641 ], [ 78.4207989, 25.5351706 ], [ 78.4210744, 25.5399233 ], [ 78.426349, 25.542792 ], [ 78.4278277, 25.5453912 ], [ 78.4282778, 25.5504326 ], [ 78.4380145, 25.5597489 ], [ 78.4435992, 25.5632036 ], [ 78.4493714, 25.563291 ], [ 78.4464743, 25.56146 ], [ 78.4476182, 25.5607193 ], [ 78.4465626, 25.5594335 ], [ 78.4509563, 25.5517584 ], [ 78.4562973, 25.5480591 ], [ 78.4646937, 25.5455086 ], [ 78.4662688, 25.5511768 ], [ 78.4698294, 25.5534761 ], [ 78.4665704, 25.5533698 ], [ 78.465672, 25.5563673 ], [ 78.4668536, 25.5593228 ], [ 78.4741608, 25.5629062 ], [ 78.4753715, 25.5646566 ], [ 78.4783271, 25.5646816 ], [ 78.478643, 25.5674075 ], [ 78.4822717, 25.5712626 ], [ 78.4833235, 25.5707982 ], [ 78.4826631, 25.5722248 ], [ 78.4863479, 25.5743561 ], [ 78.4871027, 25.5731512 ], [ 78.4871636, 25.5744104 ], [ 78.4909525, 25.5763708 ], [ 78.491137, 25.5775749 ], [ 78.4928849, 25.5773627 ], [ 78.4933385, 25.5786978 ], [ 78.4940292, 25.5776276 ], [ 78.4976572, 25.5777871 ], [ 78.4998593, 25.5741584 ], [ 78.502058, 25.5749321 ], [ 78.5065569, 25.5729957 ], [ 78.5066048, 25.5715237 ], [ 78.5088336, 25.5726182 ], [ 78.5134193, 25.5692949 ], [ 78.5191211, 25.5702876 ], [ 78.5236571, 25.5669915 ], [ 78.527458, 25.5680096 ], [ 78.5283747, 25.5666606 ], [ 78.532695, 25.5716643 ], [ 78.5367386, 25.5677807 ], [ 78.542189, 25.5653467 ], [ 78.5424842, 25.5629548 ], [ 78.5446596, 25.5615794 ], [ 78.5496206, 25.5614511 ], [ 78.5556525, 25.5592831 ], [ 78.5586969, 25.5605753 ], [ 78.5610014, 25.5592675 ], [ 78.5631591, 25.5627437 ], [ 78.5667517, 25.5625647 ], [ 78.5692138, 25.5646192 ], [ 78.5822669, 25.5613784 ], [ 78.5877417, 25.5566002 ], [ 78.5911346, 25.5583432 ], [ 78.592432, 25.5631909 ], [ 78.5980232, 25.5706933 ], [ 78.6015466, 25.5691232 ], [ 78.6116929, 25.5698692 ], [ 78.6107813, 25.5779707 ], [ 78.6159614, 25.5835271 ], [ 78.6181362, 25.5836626 ], [ 78.6307968, 25.5789325 ], [ 78.624193, 25.5673784 ], [ 78.6460101, 25.5608427 ], [ 78.6586749, 25.5598867 ], [ 78.6675024, 25.5747042 ], [ 78.6748933, 25.5773287 ], [ 78.6760945, 25.5816431 ], [ 78.678863, 25.5853046 ], [ 78.6873105, 25.5888939 ], [ 78.6950789, 25.5878342 ], [ 78.6994156, 25.5909056 ], [ 78.7001847, 25.5950711 ], [ 78.7041982, 25.5979124 ], [ 78.7163441, 25.5995256 ], [ 78.7159789, 25.6036014 ], [ 78.7173291, 25.6053292 ], [ 78.7206544, 25.6055437 ], [ 78.7226929, 25.6027034 ], [ 78.7245739, 25.602156 ], [ 78.731775, 25.6062536 ], [ 78.7353143, 25.6010064 ], [ 78.7421494, 25.5969932 ], [ 78.7442513, 25.598499 ], [ 78.7492729, 25.5987749 ], [ 78.7503244, 25.6030372 ], [ 78.7545635, 25.6047694 ], [ 78.7560898, 25.6066888 ], [ 78.7610175, 25.6068508 ], [ 78.7662112, 25.6102036 ], [ 78.7739651, 25.6120506 ], [ 78.7788095, 25.6109074 ], [ 78.7823573, 25.6127106 ], [ 78.7939411, 25.6124196 ], [ 78.7967229, 25.6138202 ], [ 78.7979856, 25.6164251 ], [ 78.809608, 25.6191748 ], [ 78.8117627, 25.6207825 ], [ 78.8127265, 25.624511 ], [ 78.8116871, 25.6320794 ], [ 78.8161263, 25.6358139 ], [ 78.8198746, 25.6485701 ], [ 78.8197436, 25.651946 ], [ 78.8157, 25.6623296 ], [ 78.8187844, 25.6692047 ], [ 78.8167042, 25.6763215 ], [ 78.8125032, 25.6810452 ], [ 78.807162, 25.6841164 ], [ 78.8067962, 25.6879931 ], [ 78.8045323, 25.6922797 ], [ 78.7955682, 25.6967208 ], [ 78.7951128, 25.6997806 ], [ 78.7999827, 25.702938 ], [ 78.7999117, 25.7050682 ], [ 78.7928472, 25.7057144 ], [ 78.7836335, 25.7087193 ], [ 78.7747837, 25.7170044 ], [ 78.7633317, 25.7199297 ], [ 78.7557032, 25.7304713 ], [ 78.7528558, 25.7500024 ], [ 78.7587294, 25.7545166 ], [ 78.770813, 25.7486307 ], [ 78.7735605, 25.7552679 ], [ 78.7720787, 25.7572166 ], [ 78.7729596, 25.7586073 ], [ 78.776283, 25.759783 ], [ 78.7788264, 25.7578711 ], [ 78.7828829, 25.758483 ], [ 78.7862823, 25.7647179 ], [ 78.7859699, 25.7692446 ], [ 78.7913785, 25.7758055 ], [ 78.7980165, 25.7884054 ], [ 78.8029183, 25.792082 ], [ 78.8082876, 25.8009712 ], [ 78.8133989, 25.7992223 ], [ 78.8141561, 25.8004682 ], [ 78.8286166, 25.7957076 ], [ 78.8333032, 25.8096188 ], [ 78.8283102, 25.8143382 ], [ 78.8204561, 25.8157436 ], [ 78.8143123, 25.8070396 ], [ 78.81145, 25.8076928 ], [ 78.811429, 25.8095974 ], [ 78.8092001, 25.8098898 ], [ 78.8093839, 25.81114 ], [ 78.8062664, 25.8130929 ], [ 78.8077651, 25.816853 ], [ 78.810378, 25.8169039 ], [ 78.814873, 25.8223624 ], [ 78.8184353, 25.8290073 ], [ 78.8455512, 25.8215549 ], [ 78.8451976, 25.820196 ], [ 78.8479561, 25.8151736 ], [ 78.8452407, 25.8096427 ], [ 78.8461837, 25.8071876 ], [ 78.8447331, 25.8060455 ], [ 78.8460039, 25.8051944 ], [ 78.8447775, 25.8045623 ], [ 78.847525, 25.8033397 ], [ 78.8446532, 25.8034204 ], [ 78.8474454, 25.8026762 ], [ 78.8459501, 25.8007759 ], [ 78.8555336, 25.795163 ], [ 78.8577904, 25.7917699 ], [ 78.8636608, 25.7908539 ], [ 78.8643881, 25.7930788 ], [ 78.8670802, 25.7932143 ], [ 78.8703644, 25.801308 ], [ 78.8724444, 25.801379 ], [ 78.8728082, 25.8083204 ], [ 78.8699668, 25.8090383 ], [ 78.8706141, 25.8167917 ], [ 78.8742442, 25.822149 ], [ 78.8730824, 25.8223791 ], [ 78.8732319, 25.8268879 ], [ 78.8720195, 25.8287739 ], [ 78.8725785, 25.835093 ], [ 78.8642996, 25.8359366 ], [ 78.8621416, 25.8425934 ], [ 78.8514072, 25.8384625 ], [ 78.8517698, 25.8460222 ], [ 78.8506015, 25.8521826 ], [ 78.8524062, 25.8566465 ], [ 78.8556528, 25.8608578 ], [ 78.8619525, 25.8655567 ], [ 78.864112, 25.871406 ], [ 78.8688811, 25.8724714 ], [ 78.8730566, 25.8751388 ], [ 78.8762146, 25.875879 ], [ 78.8873791, 25.8684948 ], [ 78.8916809, 25.8802423 ], [ 78.886722, 25.8829146 ], [ 78.8869816, 25.8847108 ], [ 78.8948116, 25.8951671 ], [ 78.8911544, 25.8971533 ], [ 78.8884507, 25.9042212 ], [ 78.8833662, 25.9090102 ], [ 78.8846391, 25.9139295 ], [ 78.8860666, 25.9153375 ], [ 78.8872892, 25.9145927 ], [ 78.8985884, 25.9179401 ], [ 78.9056622, 25.9256157 ], [ 78.9057581, 25.9295286 ], [ 78.9096848, 25.9315346 ], [ 78.90825, 25.9345015 ], [ 78.9156934, 25.9379747 ], [ 78.9167124, 25.940046 ], [ 78.9215446, 25.9406538 ], [ 78.9274776, 25.9472545 ], [ 78.9320702, 25.9474468 ], [ 78.9360914, 25.9416719 ], [ 78.9389565, 25.9426871 ], [ 78.9388525, 25.9442713 ], [ 78.9369058, 25.9446151 ], [ 78.9332936, 25.948182 ], [ 78.9370998, 25.9527522 ], [ 78.9342944, 25.9531416 ], [ 78.933571, 25.9538956 ], [ 78.934835, 25.9558628 ], [ 78.9304981, 25.9589335 ], [ 78.9348378, 25.9613689 ], [ 78.9339699, 25.9629668 ], [ 78.9347295, 25.9644243 ], [ 78.9376103, 25.9645269 ], [ 78.9378099, 25.9737742 ], [ 78.9349446, 25.9749804 ], [ 78.9331792, 25.9793319 ], [ 78.9361116, 25.98184 ], [ 78.9406836, 25.9785073 ], [ 78.9435399, 25.9788715 ], [ 78.9493867, 25.9863153 ], [ 78.9531537, 25.9890572 ], [ 78.9529802, 25.9909981 ], [ 78.94932, 25.9912256 ], [ 78.9483025, 25.9931893 ], [ 78.9555397, 25.994914 ], [ 78.9568143, 25.996538 ], [ 78.9560612, 25.9980052 ], [ 78.9512923, 25.9985223 ], [ 78.9465985, 26.0011586 ], [ 78.9465403, 26.0038304 ], [ 78.9444939, 26.0062776 ], [ 78.948211, 26.0082164 ], [ 78.9482324, 26.0105135 ], [ 78.9535098, 26.015218 ], [ 78.9519902, 26.0210182 ], [ 78.9478626, 26.0263323 ], [ 78.948263, 26.0277492 ], [ 78.9530197, 26.0293354 ], [ 78.954546, 26.0333828 ], [ 78.9603868, 26.0348643 ], [ 78.9693026, 26.0456271 ], [ 78.9738935, 26.0450418 ], [ 78.9727287, 26.0502778 ], [ 78.9765515, 26.0510379 ], [ 78.9768986, 26.0479417 ], [ 78.9801513, 26.0481198 ], [ 78.9818831, 26.0516073 ], [ 78.9861419, 26.0536756 ], [ 78.9872202, 26.0578449 ], [ 78.9863222, 26.0603644 ], [ 78.9894284, 26.0628392 ], [ 78.9894526, 26.0671356 ], [ 78.9906885, 26.068827 ], [ 79.0027496, 26.0666458 ], [ 79.0034361, 26.069616 ], [ 79.0081426, 26.0754238 ], [ 79.0084128, 26.0801401 ], [ 79.0120632, 26.0831848 ], [ 79.0125665, 26.0899097 ], [ 79.0096414, 26.0912117 ], [ 79.0086599, 26.0932057 ], [ 79.0021005, 26.0901675 ], [ 78.9935819, 26.0937098 ], [ 78.9870048, 26.0995009 ], [ 78.9755934, 26.1052047 ], [ 78.977463, 26.1111426 ], [ 78.9768274, 26.1160352 ], [ 78.9634394, 26.1221593 ], [ 78.9623669, 26.1253191 ], [ 78.9584792, 26.1279706 ], [ 78.9520556, 26.1293325 ], [ 78.9488704, 26.1286798 ], [ 78.9515739, 26.1343153 ], [ 78.9617524, 26.1372105 ], [ 78.9629002, 26.1365292 ], [ 78.9637231, 26.1404009 ], [ 78.965649, 26.1414106 ], [ 78.9642656, 26.1436545 ], [ 78.9644692, 26.1485047 ], [ 78.9669558, 26.1501426 ], [ 78.9738078, 26.1515958 ], [ 78.979963, 26.1511041 ], [ 78.9942647, 26.1461963 ], [ 78.9985401, 26.1500112 ], [ 79.0048954, 26.1480498 ], [ 79.0042785, 26.1498184 ], [ 79.0082274, 26.1564017 ], [ 79.0071536, 26.1600112 ], [ 79.0047605, 26.1626268 ], [ 79.0061445, 26.1639232 ], [ 79.0042628, 26.1662085 ], [ 79.0052857, 26.1674381 ], [ 79.0045339, 26.169026 ], [ 79.001858, 26.1691367 ], [ 78.9947069, 26.1729132 ], [ 78.9886121, 26.1802337 ], [ 78.9866671, 26.1810024 ], [ 78.9866084, 26.1824196 ], [ 78.9831139, 26.1843583 ], [ 78.9896452, 26.1933658 ], [ 78.9936657, 26.1968917 ], [ 78.9976795, 26.1984905 ], [ 79.0068768, 26.1916699 ], [ 79.0096933, 26.1925841 ], [ 79.0152208, 26.1914282 ], [ 79.0258304, 26.1917654 ], [ 79.020087, 26.1982239 ], [ 79.0208521, 26.200219 ], [ 79.0278317, 26.2032794 ], [ 79.0248107, 26.2083951 ], [ 79.0258215, 26.220098 ], [ 79.0136328, 26.2255137 ], [ 78.9965544, 26.2280381 ], [ 78.9893556, 26.234976 ], [ 78.9916915, 26.2389636 ], [ 78.9939604, 26.2388029 ], [ 78.996799, 26.2418928 ], [ 79.0037209, 26.2444107 ], [ 79.0095686, 26.2420146 ], [ 79.0108821, 26.2446783 ], [ 79.0194422, 26.2476091 ], [ 79.0306695, 26.239286 ], [ 79.0345985, 26.2253705 ], [ 79.0378645, 26.2273311 ], [ 79.0428051, 26.2246893 ], [ 79.0471036, 26.2241728 ], [ 79.0533258, 26.2280437 ], [ 79.0634447, 26.2259047 ], [ 79.0653492, 26.229773 ], [ 79.0624334, 26.2364961 ], [ 79.0641986, 26.2388302 ], [ 79.0709382, 26.2415225 ], [ 79.0689357, 26.2431735 ], [ 79.0696951, 26.2456966 ], [ 79.0643823, 26.2492929 ], [ 79.0571166, 26.2490399 ], [ 79.0534313, 26.2508243 ], [ 79.0520994, 26.2546018 ], [ 79.0459671, 26.2564489 ], [ 79.0456441, 26.2603073 ], [ 79.0515373, 26.2584844 ], [ 79.0556554, 26.2588638 ], [ 79.0569309, 26.2602499 ], [ 79.0535109, 26.2626943 ], [ 79.0613285, 26.2713796 ], [ 79.0646444, 26.277038 ], [ 79.0689707, 26.2765198 ], [ 79.0745258, 26.2778293 ], [ 79.0770085, 26.2806205 ], [ 79.0779404, 26.2790051 ], [ 79.0806939, 26.2784058 ], [ 79.0844279, 26.2796885 ], [ 79.0836134, 26.2754913 ], [ 79.0854453, 26.2762229 ], [ 79.0856964, 26.2740251 ], [ 79.0877489, 26.2733081 ], [ 79.0868986, 26.2713899 ], [ 79.0906482, 26.2700279 ], [ 79.0910731, 26.2725237 ], [ 79.0960978, 26.2767264 ], [ 79.0965178, 26.2784865 ], [ 79.0898921, 26.2877231 ], [ 79.0909228, 26.2898896 ], [ 79.0970847, 26.2945256 ], [ 79.0978993, 26.3009252 ], [ 79.1019288, 26.3068153 ], [ 79.1095248, 26.3065184 ], [ 79.109615, 26.3055346 ], [ 79.1133104, 26.3046369 ], [ 79.1136812, 26.3019517 ], [ 79.1174166, 26.2989057 ], [ 79.1185982, 26.3003364 ], [ 79.1175264, 26.3051696 ], [ 79.1248969, 26.3115918 ], [ 79.1198293, 26.3125755 ], [ 79.1162487, 26.316646 ], [ 79.1155273, 26.3204775 ], [ 79.1249219, 26.3224093 ], [ 79.1259036, 26.3241242 ], [ 79.1251474, 26.3270395 ], [ 79.1274209, 26.3218587 ], [ 79.134968, 26.3247376 ], [ 79.1323684, 26.3320609 ], [ 79.132625, 26.3353161 ], [ 79.1372228, 26.3355143 ], [ 79.1388308, 26.3375134 ], [ 79.1341278, 26.339143 ], [ 79.1322094, 26.3371754 ], [ 79.1284381, 26.3388769 ], [ 79.127792, 26.3422075 ], [ 79.1228433, 26.3469325 ], [ 79.120459, 26.3483134 ], [ 79.1162966, 26.3482952 ], [ 79.1154099, 26.3490127 ], [ 79.1162814, 26.349798 ], [ 79.1142729, 26.348796 ], [ 79.1108516, 26.3496081 ], [ 79.1109466, 26.3515576 ], [ 79.1092634, 26.3521261 ], [ 79.1075757, 26.3496293 ], [ 79.1054168, 26.3492599 ], [ 79.1030919, 26.3531949 ], [ 79.0980923, 26.3555523 ], [ 79.0938748, 26.3539287 ], [ 79.0881437, 26.3552768 ], [ 79.084466, 26.3581054 ], [ 79.0856121, 26.3610888 ], [ 79.0842441, 26.3623205 ], [ 79.087308, 26.3684272 ], [ 79.0913502, 26.371127 ], [ 79.0947874, 26.3696746 ], [ 79.0963749, 26.372324 ], [ 79.0953977, 26.3737272 ], [ 79.096909, 26.3754945 ], [ 79.0943048, 26.376146 ], [ 79.0967803, 26.3809047 ], [ 79.0963924, 26.3830466 ], [ 79.0889967, 26.3966274 ], [ 79.0917353, 26.405541 ], [ 79.0943756, 26.408326 ], [ 79.0960946, 26.4079789 ], [ 79.0943549, 26.4108532 ], [ 79.0952064, 26.412636 ], [ 79.0995017, 26.4120095 ], [ 79.1002542, 26.4081737 ], [ 79.1046948, 26.4063782 ], [ 79.1143869, 26.4077196 ], [ 79.1259837, 26.4112536 ], [ 79.1252821, 26.4123773 ], [ 79.1237034, 26.4115649 ], [ 79.1243197, 26.4226124 ], [ 79.1282847, 26.4314215 ], [ 79.1351778, 26.440131 ], [ 79.1291924, 26.4406007 ], [ 79.1279893, 26.4423156 ], [ 79.1230113, 26.4440576 ], [ 79.1219033, 26.4470451 ], [ 79.1180131, 26.4455828 ], [ 79.116509, 26.4469275 ], [ 79.107876, 26.4481408 ], [ 79.0997184, 26.4525892 ], [ 79.0960742, 26.4499892 ], [ 79.0972186, 26.4447906 ], [ 79.0958956, 26.4425926 ], [ 79.0878446, 26.4461796 ], [ 79.0838065, 26.4414598 ], [ 79.0817239, 26.4429739 ], [ 79.0813201, 26.4412334 ], [ 79.0798274, 26.4417394 ], [ 79.0787909, 26.4403634 ], [ 79.0767631, 26.4410037 ], [ 79.0770115, 26.4421427 ], [ 79.069892, 26.4416189 ], [ 79.0686767, 26.4423892 ], [ 79.0680714, 26.4459779 ], [ 79.0638238, 26.448711 ], [ 79.0621516, 26.4538368 ], [ 79.0573043, 26.4524898 ], [ 79.0526164, 26.4537383 ], [ 79.0577899, 26.4623506 ], [ 79.0615989, 26.4653173 ], [ 79.071696, 26.478869 ], [ 79.0678018, 26.4846032 ], [ 79.0688859, 26.4931374 ], [ 79.0681269, 26.4966211 ], [ 79.0660151, 26.4973016 ], [ 79.0563215, 26.495086 ], [ 79.0538043, 26.5025402 ], [ 79.0449312, 26.5102976 ], [ 79.0448398, 26.5120395 ], [ 79.0484388, 26.5158548 ], [ 79.0486179, 26.5179984 ], [ 79.0462049, 26.5182137 ], [ 79.0418334, 26.514574 ], [ 79.0396609, 26.5151142 ], [ 79.0382989, 26.5184529 ], [ 79.0398055, 26.5298622 ], [ 79.0265961, 26.5357113 ], [ 79.0291538, 26.5431682 ], [ 79.028338, 26.5466876 ], [ 79.026376, 26.5467946 ], [ 79.01887, 26.5409542 ], [ 79.0171185, 26.5414944 ], [ 79.0145653, 26.5461858 ], [ 79.0099169, 26.5432217 ], [ 79.0077436, 26.5438697 ], [ 79.0065067, 26.5465042 ], [ 79.0070163, 26.5485941 ], [ 79.0126908, 26.5491176 ], [ 79.0143448, 26.5510459 ], [ 79.0062827, 26.5593655 ], [ 79.00724, 26.5654585 ], [ 79.0017458, 26.573965 ], [ 79.0006875, 26.5779759 ], [ 78.9963232, 26.5784001 ], [ 78.9910719, 26.5770055 ], [ 78.9897835, 26.5784506 ], [ 78.9900407, 26.5846509 ], [ 78.9875879, 26.5863227 ], [ 78.9874789, 26.5928347 ], [ 78.9891381, 26.595559 ], [ 78.9920179, 26.5940789 ], [ 78.9980754, 26.5976319 ], [ 79.0170629, 26.601036 ], [ 79.0080292, 26.623561 ], [ 78.9934602, 26.6419072 ], [ 79.0086318, 26.6633141 ], [ 79.0085152, 26.6692888 ], [ 79.003779, 26.673739 ], [ 78.9945742, 26.6771492 ], [ 78.985899, 26.6772511 ], [ 78.9791463, 26.6756316 ], [ 78.9710956, 26.6714495 ], [ 78.957197, 26.6576584 ], [ 78.9492897, 26.6545445 ], [ 78.9454989, 26.6548208 ], [ 78.9429829, 26.6566867 ], [ 78.9424751, 26.6640742 ], [ 78.9488659, 26.6749242 ], [ 78.9577227, 26.6830602 ], [ 78.9586049, 26.6873286 ], [ 78.9560559, 26.6916804 ], [ 78.9386361, 26.6972895 ], [ 78.9343757, 26.6975713 ], [ 78.9241893, 26.7034326 ], [ 78.9125639, 26.7068343 ], [ 78.9068257, 26.7065018 ], [ 78.9000663, 26.7005418 ], [ 78.8891832, 26.6969557 ], [ 78.8723623, 26.6977868 ], [ 78.8584789, 26.7092843 ], [ 78.8431935, 26.7283027 ], [ 78.8391271, 26.7310679 ], [ 78.8319423, 26.7394145 ], [ 78.8224343, 26.7572541 ], [ 78.8189903, 26.7609418 ], [ 78.812395, 26.7633519 ], [ 78.7851229, 26.7591764 ], [ 78.7710182, 26.7590809 ], [ 78.7667364, 26.7633155 ], [ 78.7612886, 26.7807488 ], [ 78.7582686, 26.7845246 ], [ 78.7535969, 26.7870122 ], [ 78.7469235, 26.7866683 ], [ 78.739781, 26.7769403 ], [ 78.7362138, 26.7746775 ], [ 78.7311664, 26.7747719 ], [ 78.7271928, 26.7764702 ], [ 78.7256543, 26.7790484 ], [ 78.7298839, 26.7922191 ], [ 78.7280323, 26.7948939 ], [ 78.7229029, 26.797268 ], [ 78.7108359, 26.7923754 ], [ 78.6984117, 26.7923784 ], [ 78.684525, 26.7887538 ], [ 78.681158, 26.7853623 ], [ 78.6773936, 26.7780878 ], [ 78.6759065, 26.7675741 ], [ 78.6705286, 26.7624067 ], [ 78.6629068, 26.7624293 ], [ 78.6468301, 26.7694558 ], [ 78.640366, 26.769809 ], [ 78.6284461, 26.7732292 ], [ 78.6219436, 26.7696838 ], [ 78.6193089, 26.7666638 ], [ 78.6162442, 26.75603 ], [ 78.6129984, 26.7524304 ], [ 78.6030325, 26.7500466 ], [ 78.5928077, 26.7523426 ], [ 78.5816081, 26.7488881 ], [ 78.5768586, 26.7489665 ], [ 78.5717339, 26.7516738 ], [ 78.5647779, 26.7611318 ], [ 78.544077, 26.7646085 ], [ 78.5232304, 26.7803146 ], [ 78.4977937, 26.7815941 ], [ 78.4796268, 26.7870349 ], [ 78.4616975, 26.7881856 ], [ 78.453169, 26.7977067 ], [ 78.4477354, 26.8086118 ], [ 78.44012, 26.8199848 ], [ 78.4342927, 26.8257052 ], [ 78.4276478, 26.8253736 ], [ 78.4055475, 26.8184094 ], [ 78.3990484, 26.81848 ], [ 78.3928953, 26.8236034 ], [ 78.3825645, 26.840646 ], [ 78.3727633, 26.8633619 ], [ 78.3686006, 26.8670936 ], [ 78.3626478, 26.8692373 ], [ 78.3539106, 26.8689186 ], [ 78.330551, 26.862384 ], [ 78.3226308, 26.8633737 ], [ 78.3042402, 26.8624532 ], [ 78.2825134, 26.8544354 ], [ 78.2782378, 26.8508561 ], [ 78.2731224, 26.8429352 ], [ 78.2748882, 26.8251859 ], [ 78.2724573, 26.8159251 ], [ 78.2679077, 26.8135793 ], [ 78.2599613, 26.8141677 ], [ 78.2420681, 26.8250283 ], [ 78.2297468, 26.8298064 ], [ 78.2219964, 26.8304643 ], [ 78.22228, 26.8313224 ], [ 78.2195875, 26.8326687 ], [ 78.2185847, 26.8344956 ], [ 78.2208051, 26.8401182 ], [ 78.2201716, 26.8437776 ], [ 78.2170225, 26.8433645 ], [ 78.2127276, 26.8461332 ], [ 78.2117622, 26.8506897 ], [ 78.2022215, 26.8663348 ], [ 78.1964968, 26.8809164 ], [ 78.1969802, 26.882176 ], [ 78.2000595, 26.8830189 ], [ 78.2030805, 26.8809325 ], [ 78.208407, 26.871971 ], [ 78.2086213, 26.8688624 ], [ 78.2127047, 26.8698175 ], [ 78.2125776, 26.8713694 ], [ 78.2192211, 26.8718729 ], [ 78.2266403, 26.8748811 ], [ 78.2326447, 26.8742759 ], [ 78.2342089, 26.8759879 ], [ 78.2370753, 26.8889725 ], [ 78.243713, 26.8886872 ], [ 78.2468983, 26.8930708 ], [ 78.2508073, 26.891776 ], [ 78.2591343, 26.8967447 ], [ 78.262291, 26.9019467 ], [ 78.2636982, 26.9083099 ], [ 78.2707187, 26.9153316 ], [ 78.271594, 26.9212245 ], [ 78.2653074, 26.9225866 ], [ 78.2648544, 26.9267491 ], [ 78.2572882, 26.9345706 ], [ 78.2536422, 26.9351988 ], [ 78.2531933, 26.9327324 ], [ 78.2557631, 26.9280924 ], [ 78.2541863, 26.9256267 ], [ 78.2478971, 26.928647 ], [ 78.2419131, 26.9261429 ], [ 78.2383015, 26.9268536 ], [ 78.2373842, 26.9359685 ], [ 78.2312933, 26.9365803 ], [ 78.2266883, 26.9452745 ], [ 78.2249637, 26.9463 ], [ 78.2215101, 26.9447166 ], [ 78.2164322, 26.9350804 ], [ 78.210136, 26.9312256 ], [ 78.2051694, 26.9326262 ], [ 78.2003604, 26.9392118 ], [ 78.1976595, 26.9409309 ], [ 78.1915548, 26.942462 ], [ 78.181277, 26.9408414 ], [ 78.1774915, 26.9425971 ], [ 78.1719916, 26.9481727 ], [ 78.1564575, 26.9432094 ], [ 78.1541078, 26.9442587 ], [ 78.1512879, 26.9480089 ], [ 78.1444822, 26.9498839 ], [ 78.1327957, 26.9473651 ], [ 78.1245104, 26.9492849 ], [ 78.1190914, 26.9471633 ], [ 78.113761, 26.9433134 ], [ 78.1117745, 26.9397586 ], [ 78.113748, 26.9359891 ], [ 78.1227779, 26.934516 ], [ 78.123205, 26.9318339 ], [ 78.1210834, 26.9320425 ], [ 78.1220541, 26.9302887 ], [ 78.1218171, 26.9225788 ], [ 78.1201865, 26.9214897 ], [ 78.1051661, 26.9268174 ], [ 78.1017599, 26.9178285 ], [ 78.1015845, 26.9163516 ], [ 78.1062126, 26.914486 ], [ 78.1083967, 26.9121937 ], [ 78.1079384, 26.9108694 ], [ 78.1126534, 26.9029069 ], [ 78.1129289, 26.8990106 ], [ 78.1111975, 26.8958771 ], [ 78.1073691, 26.8963769 ], [ 78.1057201, 26.8980446 ], [ 78.1043354, 26.9034309 ], [ 78.1002077, 26.9048983 ], [ 78.0943794, 26.9032963 ], [ 78.0986651, 26.8965911 ], [ 78.0960442, 26.8937798 ], [ 78.0947117, 26.8951534 ], [ 78.0894113, 26.8963087 ], [ 78.0717254, 26.9063739 ], [ 78.066954, 26.911392 ], [ 78.0640964, 26.9065212 ], [ 78.0595239, 26.9088543 ], [ 78.055847, 26.9069087 ], [ 78.0488066, 26.9101327 ], [ 78.0480494, 26.9074715 ], [ 78.0512562, 26.9017042 ], [ 78.0521185, 26.8942133 ], [ 78.0501941, 26.8757822 ], [ 78.0517187, 26.8707206 ], [ 78.0544057, 26.8701879 ], [ 78.0559739, 26.8683916 ], [ 78.0446615, 26.8699786 ], [ 78.0389253, 26.8632786 ], [ 78.0320012, 26.8518032 ], [ 78.0264741, 26.8495342 ], [ 78.0222392, 26.8526799 ], [ 78.0209576, 26.8575064 ], [ 78.032268, 26.8651577 ], [ 78.0352755, 26.868365 ], [ 78.0354761, 26.8707951 ], [ 78.0341328, 26.8727792 ], [ 78.0311934, 26.8736301 ], [ 78.0242282, 26.8725659 ], [ 78.0257732, 26.8789019 ], [ 78.0277818, 26.8804401 ], [ 78.0272245, 26.8839657 ], [ 78.0299747, 26.8841024 ], [ 78.0301919, 26.88603 ], [ 78.0263839, 26.8900346 ], [ 78.0234036, 26.8909936 ], [ 78.0219364, 26.8995575 ], [ 78.0145864, 26.9029112 ], [ 78.009629, 26.9040468 ], [ 78.0056452, 26.9020747 ], [ 78.0022377, 26.9029036 ], [ 77.9987384, 26.9004101 ], [ 77.9930295, 26.892495 ], [ 77.9887333, 26.8916915 ], [ 77.9872113, 26.8893477 ], [ 77.9764521, 26.8922098 ], [ 77.9751759, 26.8945709 ], [ 77.9723185, 26.8960665 ], [ 77.9734123, 26.8982135 ], [ 77.971391, 26.900318 ], [ 77.9734468, 26.9029429 ], [ 77.9713395, 26.9058706 ], [ 77.9695827, 26.9059668 ], [ 77.9581269, 26.8968332 ], [ 77.9483834, 26.8935924 ], [ 77.9429985, 26.8971061 ], [ 77.9396881, 26.9067797 ], [ 77.9297962, 26.9081074 ], [ 77.9257667, 26.9098211 ], [ 77.9156211, 26.9073879 ], [ 77.9130189, 26.9088625 ], [ 77.9154876, 26.9142324 ], [ 77.9063601, 26.9177788 ], [ 77.9035538, 26.9146024 ], [ 77.9068644, 26.9126532 ], [ 77.9088313, 26.9063836 ], [ 77.9067238, 26.8928585 ], [ 77.9088761, 26.8906233 ], [ 77.9043245, 26.8833345 ], [ 77.8964891, 26.8839976 ], [ 77.8942431, 26.8845039 ], [ 77.8918749, 26.8870668 ], [ 77.893803, 26.8889221 ], [ 77.8924769, 26.8901587 ], [ 77.8845245, 26.8909773 ], [ 77.8808208, 26.8994466 ], [ 77.8775613, 26.9023684 ], [ 77.8689571, 26.9016358 ], [ 77.8677119, 26.9062788 ], [ 77.8578198, 26.906263 ], [ 77.8502425, 26.912829 ], [ 77.841846, 26.9125681 ], [ 77.838775, 26.913872 ], [ 77.836381, 26.916764 ], [ 77.8319352, 26.9142681 ], [ 77.8238323, 26.9199321 ], [ 77.8215007, 26.9177683 ], [ 77.8149977, 26.9197542 ], [ 77.8102112, 26.9241866 ], [ 77.7982029, 26.9160008 ], [ 77.7954244, 26.9175641 ], [ 77.7929889, 26.9170539 ], [ 77.7864657, 26.9223352 ], [ 77.7868769, 26.9238576 ], [ 77.779495, 26.9268623 ], [ 77.7804686, 26.9298536 ], [ 77.7747545, 26.9321531 ], [ 77.7598527, 26.9324589 ], [ 77.7589103, 26.9264827 ], [ 77.7531757, 26.9168748 ], [ 77.7457137, 26.9210152 ], [ 77.7439992, 26.9187628 ], [ 77.7377879, 26.9205831 ], [ 77.7323784, 26.9201474 ], [ 77.7249183, 26.9103818 ], [ 77.7176441, 26.8972593 ], [ 77.7229995, 26.8951358 ], [ 77.7269759, 26.8902177 ], [ 77.7258973, 26.8887599 ], [ 77.726494, 26.885964 ], [ 77.7278836, 26.8852626 ], [ 77.72261, 26.8743183 ], [ 77.7065104, 26.8768445 ], [ 77.7012392, 26.8677481 ], [ 77.6976012, 26.8673754 ], [ 77.6961473, 26.8676965 ], [ 77.6943036, 26.873958 ], [ 77.6866513, 26.8752495 ], [ 77.6823261, 26.8694107 ], [ 77.6802851, 26.8700365 ], [ 77.6764303, 26.8684831 ], [ 77.6745809, 26.8634878 ], [ 77.6747442, 26.8575454 ], [ 77.6297615, 26.8414661 ], [ 77.6203983, 26.8428013 ], [ 77.6182325, 26.8320399 ], [ 77.6103388, 26.8285772 ], [ 77.6076173, 26.8277954 ], [ 77.6083705, 26.8391208 ], [ 77.6008059, 26.8356058 ], [ 77.5924278, 26.8279119 ], [ 77.578046, 26.8272059 ], [ 77.5744802, 26.8208631 ], [ 77.5575977, 26.8176377 ], [ 77.5419698, 26.8224155 ], [ 77.5257665, 26.8189141 ], [ 77.520108, 26.8217884 ], [ 77.5169834, 26.8257787 ], [ 77.517449, 26.8370648 ], [ 77.5208636, 26.838177 ], [ 77.5206116, 26.8413812 ], [ 77.5177108, 26.8428432 ], [ 77.5176823, 26.8441874 ], [ 77.5082273, 26.8456159 ], [ 77.5011724, 26.8444542 ], [ 77.5013996, 26.8351911 ], [ 77.4991219, 26.8241187 ], [ 77.5006866, 26.8170124 ], [ 77.493658, 26.8015587 ], [ 77.4932437, 26.7976721 ], [ 77.4874661, 26.7881541 ], [ 77.4888618, 26.7860404 ], [ 77.4889463, 26.7790362 ], [ 77.5025628, 26.768734 ], [ 77.4946272, 26.7570515 ], [ 77.485226, 26.7480143 ], [ 77.47804, 26.7457009 ], [ 77.4662983, 26.7446528 ], [ 77.4603614, 26.7418156 ], [ 77.4545635, 26.7418732 ], [ 77.4562274, 26.7497386 ], [ 77.4622581, 26.7574035 ], [ 77.4636695, 26.7566915 ], [ 77.4670855, 26.762704 ], [ 77.4703696, 26.7646567 ], [ 77.4674482, 26.7674816 ], [ 77.4669082, 26.773734 ], [ 77.4534525, 26.7778765 ], [ 77.4514518, 26.7740665 ], [ 77.4466551, 26.7739154 ], [ 77.4417623, 26.7686531 ], [ 77.4383157, 26.770115 ], [ 77.4366412, 26.7676381 ], [ 77.4326857, 26.767838 ], [ 77.4342849, 26.769716 ], [ 77.4313427, 26.7710788 ], [ 77.4335424, 26.7733587 ], [ 77.4331935, 26.7748177 ], [ 77.4352426, 26.7752431 ], [ 77.4340528, 26.7798093 ], [ 77.4370843, 26.7842876 ], [ 77.4341568, 26.7857229 ], [ 77.433803, 26.7873695 ], [ 77.432291, 26.7870309 ], [ 77.4282662, 26.7931918 ], [ 77.4290877, 26.80157 ], [ 77.4251627, 26.8015213 ], [ 77.4236332, 26.8026756 ], [ 77.4234762, 26.8070574 ], [ 77.4206121, 26.810587 ], [ 77.408164, 26.8167136 ], [ 77.397872, 26.8303677 ], [ 77.405199, 26.8347826 ], [ 77.4212997, 26.8398308 ], [ 77.4296834, 26.8470785 ], [ 77.4311643, 26.8526775 ], [ 77.426639, 26.8590011 ], [ 77.4272838, 26.8640867 ], [ 77.4380745, 26.8631168 ], [ 77.4453988, 26.8682572 ], [ 77.4484219, 26.8753317 ], [ 77.4544377, 26.8718329 ], [ 77.4589642, 26.8728397 ], [ 77.4618966, 26.8774877 ], [ 77.4603151, 26.8858444 ], [ 77.4683348, 26.8872155 ], [ 77.4763183, 26.8931661 ], [ 77.4902564, 26.9004914 ], [ 77.4920225, 26.8999064 ], [ 77.4996767, 26.9020744 ], [ 77.5234901, 26.9111438 ], [ 77.5364397, 26.9136255 ], [ 77.5429199, 26.9162664 ], [ 77.5450629, 26.9153132 ], [ 77.5534171, 26.9200435 ], [ 77.5672304, 26.9210415 ], [ 77.5831968, 26.924161 ], [ 77.5878892, 26.9310604 ], [ 77.5885122, 26.9355248 ], [ 77.5910941, 26.9359707 ], [ 77.5922424, 26.9402762 ], [ 77.5973314, 26.9383008 ], [ 77.5975046, 26.9351546 ], [ 77.6021382, 26.9332737 ], [ 77.6229466, 26.9497836 ], [ 77.629905, 26.9517242 ], [ 77.6349625, 26.9557436 ], [ 77.6495768, 26.9628805 ], [ 77.660883, 26.9712184 ], [ 77.6637747, 26.9672275 ], [ 77.6638134, 26.9642608 ], [ 77.6654521, 26.962776 ], [ 77.6682027, 26.9637709 ], [ 77.6685721, 26.9617449 ], [ 77.6709214, 26.9629914 ], [ 77.6709811, 26.9606343 ], [ 77.6721673, 26.9599699 ], [ 77.673603, 26.9637783 ], [ 77.6769222, 26.9655614 ], [ 77.6762469, 26.97322 ], [ 77.6830858, 26.9729582 ], [ 77.6994877, 26.9751215 ], [ 77.7091017, 26.979448 ], [ 77.7224003, 26.9878465 ], [ 77.7294769, 26.9829574 ], [ 77.7390664, 26.9842201 ], [ 77.7434743, 26.9831661 ], [ 77.745904, 26.9854137 ], [ 77.7474976, 26.9895936 ], [ 77.7457224, 26.9950454 ], [ 77.7532657, 26.9927507 ], [ 77.7585786, 26.9969607 ], [ 77.7519587, 26.9977789 ], [ 77.7502945, 27.0018691 ], [ 77.7579985, 27.0017979 ], [ 77.7596598, 26.9999353 ], [ 77.761379, 26.9999796 ], [ 77.7629573, 27.0068455 ], [ 77.7598561, 27.0062942 ], [ 77.7591044, 27.0086231 ], [ 77.756859, 27.0100856 ], [ 77.7595181, 27.0179845 ], [ 77.7495385, 27.021212 ], [ 77.7509934, 27.0290371 ], [ 77.7484891, 27.0308774 ], [ 77.7411113, 27.0290391 ], [ 77.7376867, 27.029751 ], [ 77.7328511, 27.0235285 ], [ 77.7292993, 27.0075176 ], [ 77.7300591, 26.9938883 ], [ 77.711941, 26.9971047 ], [ 77.7052643, 27.0037854 ], [ 77.7064949, 27.0068957 ], [ 77.7057324, 27.0144588 ], [ 77.6896226, 27.0266689 ], [ 77.6929071, 27.0344241 ], [ 77.6930617, 27.0408545 ], [ 77.6797665, 27.0470835 ], [ 77.6756366, 27.0413778 ], [ 77.6734113, 27.0288659 ], [ 77.6655835, 27.0172521 ], [ 77.6602302, 27.0210346 ], [ 77.6563021, 27.0209828 ], [ 77.6422149, 27.025666 ], [ 77.6364853, 27.0194201 ], [ 77.6341528, 27.0124539 ], [ 77.6300281, 27.0102075 ], [ 77.6292051, 27.0105466 ], [ 77.6299022, 27.0138428 ], [ 77.6279676, 27.015069 ], [ 77.6285313, 27.0186872 ], [ 77.6234574, 27.0219929 ], [ 77.6149697, 27.0235331 ], [ 77.6018173, 27.0225279 ], [ 77.5960538, 27.0265678 ], [ 77.5968119, 27.0327024 ], [ 77.58209, 27.0357704 ], [ 77.5791916, 27.0382069 ], [ 77.5632078, 27.0293707 ], [ 77.5671396, 27.0468717 ], [ 77.5729029, 27.0488323 ], [ 77.5730382, 27.0527519 ], [ 77.5753094, 27.0564141 ], [ 77.5753484, 27.0598679 ], [ 77.5727633, 27.0645144 ], [ 77.5772197, 27.0683263 ], [ 77.5716898, 27.0718683 ], [ 77.5667454, 27.073192 ], [ 77.5658253, 27.0721549 ], [ 77.5593398, 27.0731281 ], [ 77.5588761, 27.0719602 ], [ 77.5568658, 27.0753386 ], [ 77.5535947, 27.0760277 ], [ 77.5527714, 27.0741868 ], [ 77.5497057, 27.0743132 ], [ 77.5476688, 27.0715394 ], [ 77.5447038, 27.0719066 ], [ 77.5416435, 27.0626095 ], [ 77.5316221, 27.0645709 ], [ 77.5255527, 27.0637502 ], [ 77.5193459, 27.0666195 ], [ 77.5263706, 27.0782356 ], [ 77.5263589, 27.0846192 ], [ 77.5226548, 27.0891747 ], [ 77.5105864, 27.0904206 ], [ 77.5103173, 27.0892702 ], [ 77.507618, 27.0888793 ], [ 77.5054432, 27.0922979 ], [ 77.5145719, 27.0987534 ], [ 77.5177411, 27.1024596 ], [ 77.5203946, 27.1043729 ], [ 77.5266501, 27.1011779 ], [ 77.5375672, 27.0983313 ], [ 77.5399257, 27.1062317 ], [ 77.5432883, 27.1042241 ], [ 77.5462206, 27.1068232 ], [ 77.5490444, 27.1075056 ], [ 77.5502842, 27.1112825 ], [ 77.5624814, 27.1101661 ], [ 77.581227, 27.1192398 ], [ 77.5881131, 27.1165163 ], [ 77.5926629, 27.1202275 ], [ 77.5978451, 27.1179998 ], [ 77.6044603, 27.1242513 ], [ 77.6029912, 27.1245472 ], [ 77.6039211, 27.1261673 ], [ 77.6026364, 27.1273422 ], [ 77.6028238, 27.1327627 ], [ 77.5989689, 27.1345531 ], [ 77.5978258, 27.1384506 ], [ 77.598967, 27.1434491 ], [ 77.6003223, 27.142297 ], [ 77.6055481, 27.1435615 ], [ 77.6136879, 27.150603 ], [ 77.6141512, 27.1524925 ], [ 77.6121737, 27.1528439 ], [ 77.6105741, 27.1558134 ], [ 77.6100444, 27.1627017 ], [ 77.6182574, 27.1688603 ], [ 77.6199568, 27.1735504 ], [ 77.6343382, 27.1678798 ], [ 77.6378708, 27.1638417 ], [ 77.6441153, 27.1655459 ], [ 77.6490027, 27.1703233 ], [ 77.6584025, 27.1701059 ], [ 77.6730145, 27.1819638 ], [ 77.6811304, 27.1944038 ], [ 77.6755338, 27.198066 ], [ 77.6656438, 27.2090073 ], [ 77.663537, 27.207277 ], [ 77.6502901, 27.2080746 ], [ 77.6467143, 27.2102183 ], [ 77.6451508, 27.2167221 ], [ 77.6469903, 27.2185813 ], [ 77.6483212, 27.2235255 ], [ 77.6521775, 27.2261762 ], [ 77.6528212, 27.2348427 ], [ 77.6429362, 27.234895 ], [ 77.6455432, 27.243275 ], [ 77.64301, 27.2478911 ], [ 77.6356005, 27.2531899 ], [ 77.6331767, 27.258129 ], [ 77.6298506, 27.2597885 ], [ 77.6273073, 27.2595001 ], [ 77.621163, 27.2551936 ], [ 77.6165086, 27.2577615 ], [ 77.6160181, 27.2617115 ], [ 77.6131859, 27.2658225 ], [ 77.6171003, 27.2708634 ], [ 77.6182059, 27.2696592 ], [ 77.6217765, 27.2750457 ], [ 77.6146955, 27.2789242 ], [ 77.6168288, 27.28645 ], [ 77.6118024, 27.2907802 ], [ 77.6080426, 27.2908074 ], [ 77.6062914, 27.2920999 ], [ 77.6057087, 27.2905475 ], [ 77.5986674, 27.2972042 ], [ 77.6005153, 27.3007265 ], [ 77.6080061, 27.3005737 ], [ 77.6101609, 27.3061353 ], [ 77.6144898, 27.307169 ], [ 77.6187822, 27.3121744 ], [ 77.6218984, 27.3130483 ], [ 77.6218745, 27.3259436 ], [ 77.6208265, 27.3264229 ], [ 77.6220249, 27.3283734 ], [ 77.6227095, 27.3361856 ], [ 77.6163641, 27.3404257 ], [ 77.6147016, 27.3365838 ], [ 77.6119919, 27.3362341 ], [ 77.6125369, 27.3319204 ], [ 77.6045264, 27.3320516 ], [ 77.6012964, 27.3342897 ], [ 77.5996487, 27.3321739 ], [ 77.5911712, 27.3304591 ], [ 77.5865489, 27.3234003 ], [ 77.5837946, 27.3212955 ], [ 77.5787834, 27.3226639 ], [ 77.5773237, 27.3238541 ], [ 77.577049, 27.3279415 ], [ 77.5479449, 27.3368935 ], [ 77.5481729, 27.3400963 ], [ 77.5455621, 27.3495695 ], [ 77.5397312, 27.3480718 ], [ 77.5365408, 27.3496565 ], [ 77.5332524, 27.3493629 ], [ 77.530284, 27.3512776 ], [ 77.529932, 27.3526848 ], [ 77.5203544, 27.3592281 ], [ 77.5196924, 27.3611776 ], [ 77.5164813, 27.3622743 ], [ 77.5152971, 27.3644497 ], [ 77.5157716, 27.3679369 ], [ 77.513261, 27.3701113 ], [ 77.5099058, 27.3698058 ], [ 77.5084445, 27.3718173 ], [ 77.5095312, 27.3740515 ], [ 77.5076577, 27.3751594 ], [ 77.5071884, 27.37709 ], [ 77.484623, 27.3835322 ], [ 77.472697, 27.377082 ], [ 77.4702541, 27.3834824 ], [ 77.4395294, 27.3907157 ], [ 77.438058, 27.4089491 ], [ 77.4322153, 27.4153926 ], [ 77.421102, 27.422018 ], [ 77.4258426, 27.4363134 ], [ 77.4266588, 27.4451102 ], [ 77.4293448, 27.4445453 ], [ 77.4300376, 27.4461699 ], [ 77.4326401, 27.4471269 ], [ 77.4350229, 27.4458383 ], [ 77.4362034, 27.4464645 ], [ 77.4386639, 27.4490505 ], [ 77.4366246, 27.45331 ], [ 77.437814, 27.4563184 ], [ 77.4336724, 27.4599963 ], [ 77.426088, 27.4629376 ], [ 77.4270915, 27.4641747 ], [ 77.4257011, 27.4668885 ], [ 77.4222334, 27.4612541 ], [ 77.4190693, 27.4699604 ], [ 77.4157622, 27.4726432 ], [ 77.4015487, 27.4765045 ], [ 77.399289, 27.4795084 ], [ 77.3987951, 27.4828331 ], [ 77.3999689, 27.4873394 ], [ 77.3989192, 27.4885712 ], [ 77.4010435, 27.4911374 ], [ 77.4000641, 27.4920043 ], [ 77.4009983, 27.4972735 ], [ 77.3989784, 27.5001907 ], [ 77.3905656, 27.5046984 ], [ 77.3916478, 27.5081367 ], [ 77.387391, 27.5128928 ], [ 77.3828363, 27.515685 ], [ 77.3737018, 27.5119144 ], [ 77.3679019, 27.5154698 ], [ 77.3558477, 27.5173148 ], [ 77.3402278, 27.5264652 ], [ 77.3386921, 27.5313424 ], [ 77.3400552, 27.5388912 ], [ 77.3459825, 27.5387361 ], [ 77.3491638, 27.5431524 ], [ 77.3478042, 27.5449766 ], [ 77.3414056, 27.5470719 ], [ 77.3380807, 27.5497415 ], [ 77.3362524, 27.5576668 ], [ 77.3373632, 27.5607041 ], [ 77.3369726, 27.5671923 ], [ 77.3383766, 27.5690746 ], [ 77.3377915, 27.5714159 ], [ 77.3395938, 27.5726119 ], [ 77.3452649, 27.5723741 ], [ 77.3472189, 27.5747344 ], [ 77.3472382, 27.5777259 ], [ 77.3514368, 27.5812224 ], [ 77.3505571, 27.5834856 ], [ 77.3582181, 27.5889608 ], [ 77.3532566, 27.5932575 ], [ 77.3441087, 27.5970777 ], [ 77.3345286, 27.5912997 ], [ 77.3170593, 27.6067516 ], [ 77.3187768, 27.6107954 ], [ 77.3272083, 27.6203962 ], [ 77.3461918, 27.6395023 ], [ 77.352583, 27.6512374 ], [ 77.3447823, 27.6609161 ], [ 77.3439785, 27.6635207 ], [ 77.3456793, 27.6734328 ], [ 77.3409642, 27.676759 ], [ 77.3445526, 27.6812019 ], [ 77.3408241, 27.6863544 ], [ 77.3413991, 27.6950845 ], [ 77.3384558, 27.6984147 ], [ 77.3411506, 27.7033673 ], [ 77.3302321, 27.7090638 ], [ 77.3292948, 27.7076017 ], [ 77.3230185, 27.7076536 ], [ 77.3221015, 27.7066245 ], [ 77.311753, 27.7086913 ], [ 77.3097049, 27.7066271 ], [ 77.3038365, 27.7110873 ], [ 77.3029915, 27.7259094 ], [ 77.3048074, 27.7277462 ], [ 77.3057988, 27.726993 ], [ 77.3193761, 27.7334864 ], [ 77.3185189, 27.7381077 ], [ 77.3121687, 27.741941 ], [ 77.3141396, 27.7446423 ], [ 77.310957, 27.7468664 ], [ 77.3079794, 27.7527997 ], [ 77.3116965, 27.7580422 ], [ 77.3093137, 27.7594347 ], [ 77.3099096, 27.7606583 ], [ 77.3078418, 27.7664327 ], [ 77.3104455, 27.7724213 ], [ 77.3127476, 27.7739565 ], [ 77.3105121, 27.7771899 ], [ 77.3113986, 27.7799386 ], [ 77.310485, 27.7828756 ], [ 77.308678, 27.7844676 ], [ 77.3104363, 27.7880825 ], [ 77.3088288, 27.7868951 ], [ 77.3059613, 27.7884638 ], [ 77.3044687, 27.7900694 ], [ 77.3057936, 27.7910389 ], [ 77.3014873, 27.7948551 ], [ 77.295423, 27.7967422 ], [ 77.2866561, 27.7959158 ], [ 77.2851774, 27.798622 ], [ 77.2841174, 27.7980618 ], [ 77.2829388, 27.7997891 ], [ 77.2894555, 27.8097722 ], [ 77.2973284, 27.8134315 ], [ 77.2985654, 27.8151918 ], [ 77.2964776, 27.8252163 ], [ 77.3035622, 27.8255269 ], [ 77.3064792, 27.8275226 ], [ 77.3108094, 27.8257696 ], [ 77.3125033, 27.8279947 ], [ 77.3207011, 27.8253361 ], [ 77.3247344, 27.828487 ], [ 77.3311789, 27.8310519 ], [ 77.3364258, 27.8342254 ], [ 77.3329335, 27.8349734 ], [ 77.3319936, 27.8374592 ], [ 77.3351592, 27.8419991 ], [ 77.3351572, 27.847418 ], [ 77.348333, 27.8555471 ], [ 77.353735, 27.8527507 ], [ 77.3567807, 27.8532338 ], [ 77.360893, 27.8507708 ], [ 77.3652532, 27.8537852 ], [ 77.3668371, 27.8533024 ], [ 77.3770408, 27.8570746 ], [ 77.3770154, 27.8588568 ], [ 77.3899761, 27.8573129 ], [ 77.3970317, 27.8533504 ], [ 77.4104329, 27.8517594 ], [ 77.4218558, 27.8543773 ], [ 77.4223294, 27.8577927 ], [ 77.4117527, 27.8663913 ], [ 77.4128201, 27.8697839 ], [ 77.4093234, 27.8741705 ], [ 77.4103914, 27.8798056 ], [ 77.4160698, 27.8837925 ], [ 77.4179048, 27.8886152 ], [ 77.4201349, 27.8904418 ], [ 77.4278432, 27.8898435 ], [ 77.4282907, 27.8909217 ], [ 77.435671, 27.8851703 ], [ 77.4393593, 27.8795784 ], [ 77.4456591, 27.8758784 ], [ 77.4461451, 27.8735887 ], [ 77.4505344, 27.8710271 ], [ 77.4721747, 27.8835927 ], [ 77.4774369, 27.8905101 ], [ 77.4794956, 27.8978585 ], [ 77.4780488, 27.8985138 ], [ 77.4791167, 27.8996385 ], [ 77.4792137, 27.9057049 ], [ 77.4806942, 27.9078977 ], [ 77.4787961, 27.9099104 ], [ 77.4804924, 27.9150255 ], [ 77.4770906, 27.9163321 ], [ 77.4796507, 27.9216632 ], [ 77.4756762, 27.9247433 ], [ 77.4775032, 27.9282793 ], [ 77.4759024, 27.9277074 ], [ 77.4752841, 27.929251 ], [ 77.4847387, 27.9349467 ], [ 77.4927895, 27.938333 ], [ 77.4944766, 27.9341671 ], [ 77.497851, 27.9306493 ], [ 77.4973243, 27.9297531 ], [ 77.5018156, 27.9252188 ], [ 77.5074921, 27.9256185 ], [ 77.5167576, 27.9330603 ], [ 77.5258286, 27.9272618 ], [ 77.5260797, 27.9253784 ], [ 77.5293013, 27.9252611 ], [ 77.5366092, 27.9339802 ], [ 77.5369525, 27.9379725 ], [ 77.5449857, 27.9533035 ], [ 77.5460773, 27.9579304 ], [ 77.5442304, 27.9622126 ], [ 77.518724, 27.9621251 ], [ 77.5169727, 27.9711511 ], [ 77.5211934, 27.9765118 ], [ 77.5294563, 27.9760732 ], [ 77.5377657, 27.9790209 ], [ 77.5412024, 27.9818171 ], [ 77.5425661, 27.9849531 ], [ 77.5424314, 27.9890934 ], [ 77.5242472, 28.0000015 ], [ 77.5240326, 28.0067427 ], [ 77.521328, 28.0141366 ], [ 77.5083882, 28.0227733 ], [ 77.5082063, 28.0252353 ], [ 77.5119251, 28.0277522 ], [ 77.5127584, 28.0318873 ], [ 77.5101332, 28.0333428 ], [ 77.4884121, 28.0366981 ], [ 77.4836411, 28.0404514 ], [ 77.4853438, 28.0446414 ], [ 77.4930607, 28.0468278 ], [ 77.498605, 28.0522506 ], [ 77.5012418, 28.0585196 ], [ 77.4997927, 28.0633079 ], [ 77.4896657, 28.072593 ], [ 77.4865943, 28.0735251 ], [ 77.4782485, 28.0803941 ], [ 77.4742617, 28.0874355 ], [ 77.4787324, 28.0916056 ], [ 77.4788532, 28.0954495 ], [ 77.4818185, 28.0996613 ], [ 77.4826197, 28.1071862 ], [ 77.4880741, 28.1068704 ], [ 77.4898078, 28.1055606 ], [ 77.4906841, 28.0971589 ], [ 77.4921777, 28.0951003 ], [ 77.4993814, 28.0946066 ], [ 77.5005391, 28.0970194 ], [ 77.497902, 28.1044617 ], [ 77.4984651, 28.1089156 ], [ 77.501796, 28.114773 ], [ 77.5093845, 28.1198942 ], [ 77.5123595, 28.1248426 ], [ 77.5123572, 28.1271433 ], [ 77.5090805, 28.1302123 ], [ 77.5037993, 28.1320006 ], [ 77.4937712, 28.1328489 ], [ 77.4913578, 28.136537 ], [ 77.4921948, 28.138693 ], [ 77.5024164, 28.143218 ], [ 77.5042441, 28.1454312 ], [ 77.5046851, 28.1497267 ], [ 77.5004921, 28.1548017 ], [ 77.5021014, 28.1611827 ], [ 77.5111975, 28.166849 ], [ 77.5131041, 28.1665298 ], [ 77.5157492, 28.1634046 ], [ 77.5222842, 28.1611957 ], [ 77.5369569, 28.1656342 ], [ 77.5459023, 28.1719414 ], [ 77.5496409, 28.1797526 ], [ 77.547952, 28.1871055 ], [ 77.5451548, 28.1908837 ], [ 77.5375966, 28.1903519 ], [ 77.5306224, 28.1858618 ], [ 77.5174791, 28.1931371 ], [ 77.5133701, 28.1918322 ], [ 77.5085342, 28.186431 ], [ 77.5065547, 28.1816764 ], [ 77.5032547, 28.1807624 ], [ 77.5011936, 28.1816708 ], [ 77.498391, 28.1845313 ], [ 77.4996202, 28.1950245 ], [ 77.4969636, 28.2053497 ], [ 77.5020579, 28.2095878 ], [ 77.5058758, 28.2095224 ], [ 77.5174828, 28.2045861 ], [ 77.5219644, 28.1965866 ], [ 77.5240256, 28.195678 ], [ 77.5302608, 28.1986077 ], [ 77.534663, 28.2036869 ], [ 77.5352461, 28.2102622 ], [ 77.5328898, 28.2144245 ], [ 77.5214298, 28.220212 ], [ 77.5212848, 28.2244415 ], [ 77.5258334, 28.2289994 ], [ 77.5467514, 28.2379897 ], [ 77.5504209, 28.2423555 ], [ 77.5475548, 28.2467125 ], [ 77.5446125, 28.2487335 ], [ 77.5423421, 28.2477293 ], [ 77.5374185, 28.248268 ], [ 77.5323528, 28.2449471 ], [ 77.5247094, 28.2457201 ], [ 77.5219996, 28.2422696 ], [ 77.518771, 28.2425276 ], [ 77.513252, 28.2472125 ], [ 77.5086313, 28.2465531 ], [ 77.5094772, 28.2494512 ], [ 77.5014508, 28.2524368 ], [ 77.4992165, 28.2500001 ], [ 77.4991537, 28.2473836 ], [ 77.4938587, 28.2500813 ], [ 77.4926907, 28.2519812 ], [ 77.4907883, 28.2713267 ], [ 77.494139, 28.2748305 ], [ 77.494668, 28.2727554 ], [ 77.4987741, 28.2784094 ], [ 77.503427, 28.2800703 ], [ 77.5002877, 28.281517 ], [ 77.5017337, 28.2838618 ], [ 77.4984951, 28.2856006 ], [ 77.5016612, 28.2869628 ], [ 77.5029355, 28.2890845 ], [ 77.5069726, 28.3055027 ], [ 77.4857212, 28.321627 ], [ 77.4848611, 28.3256944 ], [ 77.481949, 28.3250611 ], [ 77.4717438, 28.3281115 ], [ 77.4731785, 28.3325486 ], [ 77.4712136, 28.3348209 ], [ 77.4724725, 28.3366764 ], [ 77.4781755, 28.3393364 ], [ 77.4901458, 28.3434534 ], [ 77.4962969, 28.3491391 ], [ 77.4963362, 28.3508007 ], [ 77.505197, 28.3626405 ], [ 77.5000531, 28.3656433 ], [ 77.5046246, 28.3699822 ], [ 77.5027895, 28.3699167 ], [ 77.4983211, 28.3749214 ], [ 77.4912176, 28.3851475 ], [ 77.4828083, 28.3878181 ], [ 77.4734512, 28.3969958 ], [ 77.4756696, 28.3995705 ], [ 77.4802112, 28.3987339 ], [ 77.48138, 28.4004683 ], [ 77.481301, 28.4048901 ], [ 77.4837687, 28.4080858 ], [ 77.4776309, 28.4190553 ], [ 77.4751568, 28.4192456 ], [ 77.4727343, 28.4168856 ], [ 77.4703573, 28.4174076 ], [ 77.4635528, 28.4151522 ], [ 77.4611454, 28.4176741 ], [ 77.4625039, 28.4243576 ], [ 77.4516075, 28.4247435 ], [ 77.4522488, 28.4268827 ], [ 77.4412599, 28.4287254 ], [ 77.4406896, 28.4297072 ], [ 77.4421198, 28.4308313 ], [ 77.4355325, 28.4309469 ], [ 77.4392097, 28.4350423 ], [ 77.4359822, 28.4376997 ], [ 77.4382629, 28.4386791 ], [ 77.4334333, 28.4549161 ], [ 77.4190129, 28.4522334 ], [ 77.4000705, 28.4556392 ], [ 77.4031516, 28.461693 ], [ 77.4071268, 28.4647581 ], [ 77.4080942, 28.4671687 ], [ 77.4057766, 28.465773 ], [ 77.3919394, 28.4720344 ], [ 77.3873408, 28.4680045 ], [ 77.3804711, 28.4702683 ], [ 77.3781807, 28.4725245 ], [ 77.3783453, 28.474533 ], [ 77.3747582, 28.4764697 ], [ 77.3700626, 28.4856953 ], [ 77.3710991, 28.4887402 ], [ 77.3700593, 28.4927327 ], [ 77.3717355, 28.4984398 ], [ 77.3679388, 28.5001847 ], [ 77.365002, 28.4985948 ], [ 77.3626912, 28.4988319 ], [ 77.3580489, 28.5017553 ], [ 77.3556207, 28.4992011 ], [ 77.3516345, 28.50008 ], [ 77.3477351, 28.5041899 ], [ 77.3475777, 28.5101144 ], [ 77.3454341, 28.5132167 ], [ 77.3473725, 28.5205457 ], [ 77.3383379, 28.5228312 ], [ 77.3339922, 28.5254148 ], [ 77.3301674, 28.5322824 ], [ 77.324724, 28.5349161 ], [ 77.3208967, 28.540898 ], [ 77.3037945, 28.5524314 ], [ 77.2999728, 28.5597568 ], [ 77.3014452, 28.5608597 ], [ 77.3012339, 28.5626955 ], [ 77.2970945, 28.5659695 ], [ 77.3000525, 28.5757958 ], [ 77.298379, 28.5801505 ], [ 77.3101684, 28.5904569 ], [ 77.3133979, 28.596588 ], [ 77.3251693, 28.5980517 ], [ 77.3283568, 28.6001554 ], [ 77.336767, 28.6018142 ], [ 77.3416762, 28.6060563 ], [ 77.3422712, 28.6085738 ], [ 77.3414739, 28.6169787 ], [ 77.3425627, 28.6219734 ], [ 77.3404005, 28.6225151 ], [ 77.330628, 28.6313926 ], [ 77.3236976, 28.6343176 ], [ 77.3162652, 28.641215 ], [ 77.3198788, 28.6510863 ], [ 77.3207554, 28.6634891 ], [ 77.3237212, 28.66896 ], [ 77.323601, 28.6767135 ], [ 77.3300953, 28.678221 ], [ 77.3329222, 28.6819602 ], [ 77.330302, 28.6903873 ], [ 77.3232705, 28.6985753 ], [ 77.3257375, 28.7028542 ], [ 77.3244523, 28.706497 ], [ 77.3254258, 28.7088751 ], [ 77.3310779, 28.7131017 ], [ 77.3230885, 28.7130552 ], [ 77.3220634, 28.7121025 ], [ 77.3177344, 28.7139837 ], [ 77.3166564, 28.7129198 ], [ 77.3060911, 28.7131904 ], [ 77.2995069, 28.7099291 ], [ 77.2967817, 28.70444 ], [ 77.2915166, 28.7061532 ], [ 77.2873642, 28.7102653 ], [ 77.286241, 28.7145342 ], [ 77.2890887, 28.7168206 ], [ 77.288831, 28.7195678 ], [ 77.2907673, 28.7223844 ], [ 77.2863386, 28.7245523 ], [ 77.2764393, 28.7354494 ], [ 77.2729092, 28.7362697 ], [ 77.260822, 28.7341645 ], [ 77.255194, 28.7397408 ], [ 77.2545579, 28.7435637 ], [ 77.2561953, 28.7438761 ], [ 77.2591821, 28.7500036 ], [ 77.2588583, 28.7526885 ], [ 77.2561472, 28.7543544 ], [ 77.256368, 28.7562008 ], [ 77.2487825, 28.7552791 ], [ 77.2355625, 28.7609155 ], [ 77.2358818, 28.7707333 ], [ 77.2317918, 28.7707912 ], [ 77.2314497, 28.7744149 ], [ 77.2218681, 28.7773908 ], [ 77.2341477, 28.7837184 ], [ 77.2285353, 28.786533 ], [ 77.2133386, 28.7855173 ], [ 77.2044523, 28.7905508 ], [ 77.199282, 28.7976952 ], [ 77.2013018, 28.8129414 ], [ 77.2189634, 28.8082385 ], [ 77.2202568, 28.8191424 ], [ 77.2243934, 28.8253218 ], [ 77.2225645, 28.830084 ], [ 77.2229982, 28.8333822 ], [ 77.216649, 28.8415054 ], [ 77.2173205, 28.8513348 ], [ 77.2158748, 28.8540722 ], [ 77.2099144, 28.8577158 ], [ 77.2081939, 28.8618403 ], [ 77.1949488, 28.8648627 ], [ 77.1894217, 28.8676774 ], [ 77.1899259, 28.8716797 ], [ 77.191959, 28.8750211 ], [ 77.1886824, 28.8800774 ], [ 77.1954643, 28.8862062 ], [ 77.2059915, 28.8883304 ], [ 77.2103957, 28.8876537 ], [ 77.2154084, 28.8847383 ], [ 77.2205613, 28.8787888 ], [ 77.2235188, 28.8785506 ], [ 77.2266678, 28.8800865 ], [ 77.2284354, 28.8822137 ], [ 77.2274987, 28.8933177 ], [ 77.2328774, 28.8988903 ], [ 77.2326195, 28.9038433 ], [ 77.2344964, 28.9108046 ], [ 77.2308404, 28.9210831 ], [ 77.2248936, 28.9230537 ], [ 77.2219823, 28.9281588 ], [ 77.2103474, 28.9342105 ], [ 77.2014079, 28.9339195 ], [ 77.1964472, 28.9382096 ], [ 77.1956181, 28.9414531 ], [ 77.1971872, 28.9465433 ], [ 77.1929807, 28.9589141 ], [ 77.1946457, 28.9612463 ], [ 77.1953298, 28.9669238 ], [ 77.2011326, 28.9727883 ], [ 77.2027411, 28.9852625 ], [ 77.2018807, 28.9884841 ], [ 77.1979674, 28.9902579 ], [ 77.1990927, 28.9920304 ], [ 77.1976593, 28.9921847 ], [ 77.1909585, 29.0059192 ], [ 77.1907657, 29.0094245 ], [ 77.1931031, 29.013163 ], [ 77.1914344, 29.0197006 ], [ 77.1890296, 29.0235498 ], [ 77.1891194, 29.0276684 ], [ 77.1880275, 29.0298705 ], [ 77.185113, 29.0314867 ], [ 77.1777564, 29.0296358 ], [ 77.1669739, 29.033817 ], [ 77.1669035, 29.0373718 ], [ 77.1699435, 29.0397437 ], [ 77.1720156, 29.0463737 ], [ 77.1680401, 29.0545454 ], [ 77.165901, 29.0719457 ], [ 77.1637626, 29.0794258 ], [ 77.1622584, 29.0809013 ], [ 77.1566912, 29.0792247 ], [ 77.1467647, 29.0805529 ], [ 77.1434579, 29.0826692 ], [ 77.1340817, 29.095148 ], [ 77.1389629, 29.1080087 ], [ 77.146083, 29.110516 ], [ 77.1481537, 29.1129832 ], [ 77.1490846, 29.1176475 ], [ 77.14714, 29.1286098 ], [ 77.1474494, 29.1335178 ], [ 77.1359565, 29.1419641 ], [ 77.1362092, 29.1495202 ], [ 77.142896, 29.1562319 ], [ 77.1435615, 29.1693096 ], [ 77.1471566, 29.1805053 ], [ 77.1437645, 29.1831268 ], [ 77.1401841, 29.1921279 ], [ 77.1407487, 29.1935658 ], [ 77.1432936, 29.1943368 ], [ 77.1421951, 29.2040764 ], [ 77.1343342, 29.2100092 ], [ 77.1319179, 29.2138437 ], [ 77.1314142, 29.2174887 ], [ 77.133487, 29.2234747 ], [ 77.1477333, 29.2303682 ], [ 77.150002, 29.2327608 ], [ 77.1487488, 29.2396088 ], [ 77.1497847, 29.2500015 ], [ 77.1453916, 29.2575629 ], [ 77.1426755, 29.2583103 ], [ 77.1399463, 29.2613945 ], [ 77.1389539, 29.2678433 ], [ 77.1438552, 29.2766291 ], [ 77.1450187, 29.283305 ], [ 77.1494826, 29.2881007 ], [ 77.1506607, 29.2947131 ], [ 77.1526774, 29.2981181 ], [ 77.1582843, 29.3028815 ], [ 77.1583221, 29.3068777 ], [ 77.1606283, 29.3122717 ], [ 77.1603066, 29.3158136 ], [ 77.1566403, 29.3186834 ], [ 77.1568954, 29.3251797 ], [ 77.159862, 29.3276895 ], [ 77.1611548, 29.3323601 ], [ 77.1597551, 29.3367811 ], [ 77.1517424, 29.3411059 ], [ 77.135283, 29.3398997 ], [ 77.129526, 29.3425767 ], [ 77.1244476, 29.3514273 ], [ 77.1289565, 29.3570349 ], [ 77.1256683, 29.3650765 ], [ 77.1234725, 29.3673887 ], [ 77.1232954, 29.3703427 ], [ 77.1265664, 29.3735972 ], [ 77.1270287, 29.3757642 ], [ 77.1307509, 29.3766836 ], [ 77.1367262, 29.3759835 ], [ 77.142567, 29.3774731 ], [ 77.1574069, 29.3873069 ], [ 77.1534703, 29.3906682 ], [ 77.1510339, 29.3899362 ], [ 77.1517642, 29.387926 ], [ 77.1509034, 29.387164 ], [ 77.1473741, 29.3878524 ], [ 77.1426027, 29.3907261 ], [ 77.136661, 29.3967671 ], [ 77.1356872, 29.3997149 ], [ 77.1332535, 29.4008411 ], [ 77.1342525, 29.4047678 ], [ 77.1318377, 29.4129805 ], [ 77.1331179, 29.4187703 ], [ 77.144359, 29.4265337 ], [ 77.1484237, 29.4340783 ], [ 77.1476161, 29.4392881 ], [ 77.1445218, 29.4453106 ], [ 77.1339251, 29.4475109 ], [ 77.1232088, 29.4553736 ], [ 77.1226759, 29.4688882 ], [ 77.1307153, 29.4759142 ], [ 77.1330793, 29.4797378 ], [ 77.1333088, 29.4830633 ], [ 77.1292447, 29.490268 ], [ 77.1215036, 29.4953602 ], [ 77.1203826, 29.4971814 ], [ 77.1211753, 29.4982123 ], [ 77.1130105, 29.5066031 ], [ 77.1035604, 29.5072579 ], [ 77.1012233, 29.51491 ], [ 77.0963714, 29.5194941 ], [ 77.0975374, 29.5273465 ], [ 77.1024787, 29.5323357 ], [ 77.1021797, 29.5388151 ], [ 77.1035783, 29.5390235 ], [ 77.1083469, 29.5478286 ], [ 77.1219085, 29.5520098 ], [ 77.1262632, 29.5561816 ], [ 77.1268364, 29.5594524 ], [ 77.1207863, 29.5637223 ], [ 77.1209839, 29.5664735 ], [ 77.115878, 29.5693222 ], [ 77.1123907, 29.5692597 ], [ 77.1102355, 29.5713642 ], [ 77.1050087, 29.5722046 ], [ 77.0997094, 29.5765696 ], [ 77.0992296, 29.5791437 ], [ 77.0957883, 29.5824521 ], [ 77.0900771, 29.5847029 ], [ 77.0854643, 29.5848027 ], [ 77.0839494, 29.5890431 ], [ 77.0850278, 29.5921765 ], [ 77.0881268, 29.5940642 ], [ 77.0951479, 29.5953906 ], [ 77.0987465, 29.593871 ], [ 77.1020203, 29.5941313 ], [ 77.1095295, 29.5974349 ], [ 77.1086305, 29.6009081 ], [ 77.1109435, 29.6037153 ], [ 77.113024, 29.6106303 ], [ 77.1086193, 29.6134361 ], [ 77.1037837, 29.6140545 ], [ 77.1015831, 29.6198302 ], [ 77.1016901, 29.6215172 ], [ 77.1047025, 29.623119 ], [ 77.1062049, 29.6323311 ], [ 77.1147761, 29.6382814 ], [ 77.1188033, 29.6355146 ], [ 77.1281823, 29.6392258 ], [ 77.1315178, 29.6418401 ], [ 77.1328909, 29.6445476 ], [ 77.1323981, 29.6472495 ], [ 77.1371594, 29.6494219 ], [ 77.1410144, 29.6549663 ], [ 77.1380594, 29.6666258 ], [ 77.1425697, 29.668354 ], [ 77.146548, 29.6722337 ], [ 77.1433929, 29.6748975 ], [ 77.1424462, 29.680448 ], [ 77.1473419, 29.6832176 ], [ 77.1511068, 29.6904537 ], [ 77.1565528, 29.6925825 ], [ 77.1548293, 29.6959126 ], [ 77.1556003, 29.6992957 ], [ 77.1494113, 29.7056967 ], [ 77.1495331, 29.7094896 ], [ 77.1457438, 29.71097 ], [ 77.1450102, 29.7136581 ], [ 77.1397519, 29.7147004 ], [ 77.1377871, 29.7175497 ], [ 77.1342317, 29.7184297 ], [ 77.1328911, 29.7223888 ], [ 77.1336095, 29.728472 ], [ 77.1390706, 29.7322678 ], [ 77.1400447, 29.735041 ], [ 77.1383385, 29.7365134 ], [ 77.1390582, 29.7382097 ], [ 77.1368538, 29.7396172 ], [ 77.1355014, 29.7440795 ], [ 77.131276, 29.7466596 ], [ 77.1271902, 29.7473011 ], [ 77.1224607, 29.7512362 ], [ 77.120325, 29.7547895 ], [ 77.1198089, 29.7600789 ], [ 77.1222053, 29.7670796 ], [ 77.1253073, 29.7694969 ], [ 77.1389149, 29.7696195 ], [ 77.1404271, 29.770928 ], [ 77.1466185, 29.771834 ], [ 77.1480292, 29.7752555 ], [ 77.1474527, 29.7788432 ], [ 77.1513706, 29.7882046 ], [ 77.1558993, 29.7897949 ], [ 77.15878, 29.7923083 ], [ 77.1620852, 29.790984 ], [ 77.1642933, 29.7917185 ], [ 77.1648468, 29.7936599 ], [ 77.1689078, 29.7964317 ], [ 77.1698102, 29.7996334 ], [ 77.172598, 29.8016412 ], [ 77.1736743, 29.8050472 ], [ 77.1724886, 29.8077637 ], [ 77.1793997, 29.813075 ], [ 77.1782493, 29.845799 ], [ 77.1832258, 29.8545268 ], [ 77.186941, 29.8578319 ], [ 77.1894572, 29.8584706 ], [ 77.1931404, 29.8567497 ], [ 77.1973376, 29.8587356 ], [ 77.1991126, 29.8628671 ], [ 77.2013509, 29.8641874 ], [ 77.2020311, 29.8689039 ], [ 77.2001334, 29.8894931 ], [ 77.1908635, 29.8920233 ], [ 77.1883232, 29.8940607 ], [ 77.1863118, 29.8981315 ], [ 77.1857602, 29.9075308 ], [ 77.1879732, 29.9113585 ], [ 77.1904667, 29.9134978 ], [ 77.1993591, 29.9142286 ], [ 77.2040201, 29.91808 ], [ 77.2111933, 29.9186615 ], [ 77.2135559, 29.9214937 ], [ 77.2174838, 29.9234192 ], [ 77.2210521, 29.9328798 ], [ 77.225947, 29.9343458 ], [ 77.22639, 29.9365957 ], [ 77.2287644, 29.9384759 ], [ 77.2363053, 29.9508979 ], [ 77.2369312, 29.9547359 ], [ 77.2440076, 29.959795 ], [ 77.2468492, 29.9685267 ], [ 77.2469808, 29.9765939 ], [ 77.2615255, 29.9828823 ], [ 77.2704413, 29.9938323 ], [ 77.2776638, 30.0002379 ], [ 77.2755589, 30.0063435 ], [ 77.2792588, 30.0121603 ], [ 77.2795564, 30.02078 ], [ 77.2822696, 30.0294105 ], [ 77.2763678, 30.0375522 ], [ 77.2762049, 30.0397938 ], [ 77.2777841, 30.0418111 ], [ 77.2849431, 30.0423981 ], [ 77.2969259, 30.053321 ], [ 77.3001982, 30.0524839 ], [ 77.3029804, 30.0553045 ], [ 77.3188975, 30.0565029 ], [ 77.3284551, 30.0533267 ], [ 77.3343034, 30.053739 ], [ 77.3419896, 30.063132 ], [ 77.3452235, 30.0693211 ], [ 77.3626362, 30.0763781 ], [ 77.3684545, 30.0835953 ], [ 77.3774533, 30.0900228 ], [ 77.382386, 30.0915877 ], [ 77.3885058, 30.0868782 ], [ 77.3914783, 30.0898773 ], [ 77.3947768, 30.0885146 ], [ 77.4061978, 30.0882508 ], [ 77.4238608, 30.1032065 ], [ 77.4169417, 30.1054415 ], [ 77.4102287, 30.1047264 ], [ 77.4036731, 30.1098744 ], [ 77.4031601, 30.1117464 ], [ 77.4055888, 30.1138928 ], [ 77.4108699, 30.1133457 ], [ 77.4122659, 30.114333 ], [ 77.4134949, 30.1129435 ], [ 77.4218914, 30.1285919 ], [ 77.4250528, 30.1314548 ], [ 77.4197826, 30.135241 ], [ 77.4227012, 30.1401112 ], [ 77.4221917, 30.1486812 ], [ 77.4254954, 30.1545164 ], [ 77.4275306, 30.1557018 ], [ 77.4256893, 30.1581201 ], [ 77.4297567, 30.163982 ], [ 77.4348124, 30.1639933 ], [ 77.4350388, 30.1608043 ], [ 77.4364349, 30.1604653 ], [ 77.4407147, 30.1649827 ], [ 77.4495552, 30.1657808 ], [ 77.4569439, 30.1623439 ], [ 77.4718253, 30.181894 ], [ 77.4754031, 30.1791186 ], [ 77.4805326, 30.1842249 ], [ 77.4867493, 30.1953468 ], [ 77.4948287, 30.2040085 ], [ 77.4998, 30.2126522 ], [ 77.5010534, 30.2194595 ], [ 77.5046249, 30.2251955 ], [ 77.5204872, 30.2446576 ], [ 77.530236, 30.2504807 ], [ 77.5382469, 30.2779629 ], [ 77.5463448, 30.2813258 ], [ 77.5667039, 30.2963894 ], [ 77.5685181, 30.2989846 ], [ 77.5818514, 30.3063171 ], [ 77.5862944, 30.3127021 ], [ 77.5860853, 30.3154113 ], [ 77.578556, 30.3252484 ], [ 77.5779808, 30.3307773 ], [ 77.5862041, 30.3394158 ], [ 77.5885291, 30.3457052 ], [ 77.5909005, 30.3478247 ], [ 77.5924869, 30.3547853 ], [ 77.6018528, 30.3614537 ], [ 77.6045912, 30.3673942 ], [ 77.5866867, 30.3769332 ], [ 77.5873295, 30.3787725 ], [ 77.5856321, 30.3794748 ], [ 77.5847013, 30.385288 ], [ 77.5760366, 30.3973856 ], [ 77.5825512, 30.399871 ], [ 77.5819288, 30.4013383 ], [ 77.5854563, 30.4049163 ], [ 77.5904251, 30.4062758 ], [ 77.5983096, 30.4048827 ], [ 77.6011922, 30.3999066 ] ], [ [ 78.5012996, 25.170634 ], [ 78.4929461, 25.155323 ], [ 78.4942611, 25.1526488 ], [ 78.496645, 25.1536844 ], [ 78.5030616, 25.1632001 ], [ 78.5081489, 25.1657939 ], [ 78.512984, 25.1702394 ], [ 78.5272343, 25.177176 ], [ 78.5296346, 25.1802329 ], [ 78.5155859, 25.180905 ], [ 78.5084201, 25.1779301 ], [ 78.5012996, 25.170634 ] ] ] ] } }
]
}
