{
"type": "FeatureCollection",
"name": "10",
"crs": { "type": "name", "properties": { "name": "urn:ogc:def:crs:OGC:1.3:CRS84" } },
"features": [
{ "type": "Feature", "properties": { "code": "10", "name": "BIHAR", "type": "state" }, "geometry": { "type": "Polygon", "coordinates": [ [ [ 84.1085512, 27.5216235 ], [ 84.1112637, 27.5193648 ], [ 84.1167021, 27.5191341 ], [ 84.1172583, 27.5133942 ], [ 84.1241881, 27.5108424 ], [ 84.1312878, 27.5125745 ], [ 84.1387227, 27.5177385 ], [ 84.1436392, 27.5169399 ], [ 84.1458568, 27.5186577 ], [ 84.1486175, 27.5166312 ], [ 84.1513726, 27.516673 ], [ 84.1500874, 27.5126795 ], [ 84.1518592, 27.5104377 ], [ 84.1494373, 27.5090527 ], [ 84.1497984, 27.504301 ], [ 84.1484378, 27.5030358 ], [ 84.1502145, 27.5008989 ], [ 84.1463346, 27.4988684 ], [ 84.144929, 27.4963631 ], [ 84.1474375, 27.4938845 ], [ 84.1491296, 27.4859083 ], [ 84.152162, 27.4866121 ], [ 84.1542794, 27.483978 ], [ 84.1628716, 27.4841577 ], [ 84.1669113, 27.4818696 ], [ 84.1669211, 27.4798397 ], [ 84.1709112, 27.4792183 ], [ 84.1719163, 27.477833 ], [ 84.1710001, 27.4754139 ], [ 84.1757609, 27.4741491 ], [ 84.1795002, 27.4757883 ], [ 84.1868969, 27.4700927 ], [ 84.1914451, 27.4700187 ], [ 84.1949786, 27.4735397 ], [ 84.199514, 27.4731105 ], [ 84.2017425, 27.4705085 ], [ 84.205425, 27.4704271 ], [ 84.2094652, 27.4656064 ], [ 84.2044893, 27.4593293 ], [ 84.2080023, 27.4562964 ], [ 84.206783, 27.45254 ], [ 84.2077016, 27.4490227 ], [ 84.2061353, 27.4467159 ], [ 84.2089274, 27.4426001 ], [ 84.2133577, 27.4411848 ], [ 84.220713, 27.4411754 ], [ 84.2206342, 27.4481069 ], [ 84.2236068, 27.4506145 ], [ 84.226831, 27.4511324 ], [ 84.2308339, 27.4562848 ], [ 84.2396983, 27.4524519 ], [ 84.2426541, 27.4545953 ], [ 84.2452639, 27.4543762 ], [ 84.2460702, 27.4530665 ], [ 84.254261, 27.4540498 ], [ 84.2555469, 27.4490807 ], [ 84.2600874, 27.4455746 ], [ 84.2585172, 27.4391946 ], [ 84.2618133, 27.4355303 ], [ 84.2669915, 27.4341187 ], [ 84.2679311, 27.4320251 ], [ 84.2734352, 27.4279918 ], [ 84.2724595, 27.4254226 ], [ 84.2733182, 27.4215109 ], [ 84.278339, 27.4158076 ], [ 84.2775032, 27.4091408 ], [ 84.2795632, 27.40666 ], [ 84.2762685, 27.4017361 ], [ 84.2767152, 27.3964468 ], [ 84.2831059, 27.3965255 ], [ 84.2856216, 27.3910562 ], [ 84.2923825, 27.3848116 ], [ 84.2953666, 27.384889 ], [ 84.2973005, 27.3888057 ], [ 84.3004942, 27.3906564 ], [ 84.3049517, 27.3878595 ], [ 84.3140038, 27.3851556 ], [ 84.3175161, 27.3819017 ], [ 84.3249795, 27.3801463 ], [ 84.3280731, 27.380655 ], [ 84.333107, 27.3772654 ], [ 84.337922, 27.3778406 ], [ 84.3474423, 27.3746084 ], [ 84.3571374, 27.3747727 ], [ 84.3643691, 27.373223 ], [ 84.3701225, 27.3742254 ], [ 84.3736059, 27.3766005 ], [ 84.3881004, 27.3719265 ], [ 84.3918849, 27.3679882 ], [ 84.3965549, 27.3704551 ], [ 84.3992614, 27.3692217 ], [ 84.4059234, 27.3704291 ], [ 84.4098624, 27.3684947 ], [ 84.4135442, 27.3707428 ], [ 84.4208781, 27.369685 ], [ 84.4244397, 27.3718215 ], [ 84.4360224, 27.3693175 ], [ 84.4404426, 27.3704803 ], [ 84.4441659, 27.3681714 ], [ 84.4468798, 27.3635081 ], [ 84.4573851, 27.3620944 ], [ 84.461362, 27.3594381 ], [ 84.4649029, 27.3594481 ], [ 84.4661833, 27.3565432 ], [ 84.4701385, 27.3547831 ], [ 84.4724911, 27.3554402 ], [ 84.4731406, 27.3583843 ], [ 84.4763568, 27.3623158 ], [ 84.485695, 27.3582718 ], [ 84.5099765, 27.3542984 ], [ 84.5138402, 27.3526736 ], [ 84.5185406, 27.3524496 ], [ 84.5204397, 27.3536762 ], [ 84.533848, 27.3502573 ], [ 84.5663878, 27.3472489 ], [ 84.5865611, 27.3410606 ], [ 84.6033985, 27.3380347 ], [ 84.6064297, 27.3356681 ], [ 84.6184518, 27.3377304 ], [ 84.6218932, 27.3369273 ], [ 84.6356651, 27.3180783 ], [ 84.6512547, 27.2923525 ], [ 84.6849954, 27.2313648 ], [ 84.6868368, 27.2238894 ], [ 84.6897334, 27.2226612 ], [ 84.6893528, 27.2191226 ], [ 84.6911444, 27.214822 ], [ 84.6875357, 27.2152089 ], [ 84.686891, 27.2132999 ], [ 84.6846981, 27.2128464 ], [ 84.6871765, 27.2089021 ], [ 84.6802608, 27.2001398 ], [ 84.68297, 27.1982169 ], [ 84.683506, 27.1962489 ], [ 84.6820052, 27.1883206 ], [ 84.6796887, 27.18517 ], [ 84.6818334, 27.1858342 ], [ 84.6811341, 27.1838807 ], [ 84.6839549, 27.1842976 ], [ 84.6845867, 27.1829361 ], [ 84.6834949, 27.1823018 ], [ 84.6857173, 27.1810492 ], [ 84.6848079, 27.1799544 ], [ 84.6818978, 27.1802477 ], [ 84.6815168, 27.1790192 ], [ 84.6834288, 27.1774919 ], [ 84.6756507, 27.1712375 ], [ 84.6761737, 27.1693455 ], [ 84.6798845, 27.1704405 ], [ 84.6811612, 27.1688901 ], [ 84.6804426, 27.1673605 ], [ 84.6775998, 27.1663906 ], [ 84.6771065, 27.1626268 ], [ 84.6817714, 27.1592379 ], [ 84.6846037, 27.1608529 ], [ 84.6867773, 27.1583668 ], [ 84.6823809, 27.153773 ], [ 84.6826376, 27.1524106 ], [ 84.680493, 27.1517549 ], [ 84.6834376, 27.1504776 ], [ 84.6834982, 27.1432125 ], [ 84.6798929, 27.1353456 ], [ 84.6775924, 27.1331638 ], [ 84.6793346, 27.1322457 ], [ 84.677974, 27.1293006 ], [ 84.6786062, 27.1262564 ], [ 84.6754203, 27.1230485 ], [ 84.676841, 27.1151867 ], [ 84.672399, 27.1139756 ], [ 84.6697692, 27.1095547 ], [ 84.6705973, 27.1071802 ], [ 84.6748598, 27.1088633 ], [ 84.6734721, 27.1060705 ], [ 84.675618, 27.1038053 ], [ 84.6740399, 27.0993247 ], [ 84.6744904, 27.0959057 ], [ 84.6728211, 27.0953847 ], [ 84.6697942, 27.098182 ], [ 84.6691942, 27.0954057 ], [ 84.6671688, 27.0933747 ], [ 84.6643785, 27.0945917 ], [ 84.6637939, 27.0923803 ], [ 84.6660967, 27.0929859 ], [ 84.6704218, 27.0911808 ], [ 84.6688388, 27.0896792 ], [ 84.6665689, 27.0905448 ], [ 84.66596, 27.087593 ], [ 84.6630422, 27.0893603 ], [ 84.6647194, 27.0863162 ], [ 84.6626793, 27.0870141 ], [ 84.6575783, 27.0826971 ], [ 84.6546444, 27.0838824 ], [ 84.6540981, 27.0818124 ], [ 84.6583205, 27.0810415 ], [ 84.6584513, 27.0798607 ], [ 84.6558749, 27.0792081 ], [ 84.6528507, 27.0806883 ], [ 84.6529345, 27.0775476 ], [ 84.6519443, 27.0784598 ], [ 84.6492618, 27.0771377 ], [ 84.6485878, 27.0746882 ], [ 84.6472033, 27.0761906 ], [ 84.6461599, 27.0756471 ], [ 84.6474213, 27.0710504 ], [ 84.64566, 27.0697971 ], [ 84.6448276, 27.0667495 ], [ 84.6431079, 27.0660054 ], [ 84.6453734, 27.0638281 ], [ 84.6428596, 27.0594324 ], [ 84.6452037, 27.0587268 ], [ 84.6444151, 27.0563778 ], [ 84.6464722, 27.0520553 ], [ 84.6461607, 27.0510129 ], [ 84.6430834, 27.0506257 ], [ 84.6444912, 27.0489465 ], [ 84.6429017, 27.048595 ], [ 84.6433942, 27.0461445 ], [ 84.6817162, 27.0315348 ], [ 84.7012669, 27.0269968 ], [ 84.7096154, 27.0213175 ], [ 84.7132783, 27.0217526 ], [ 84.7145367, 27.0200405 ], [ 84.7166944, 27.0197235 ], [ 84.7172879, 27.0172256 ], [ 84.7187571, 27.0175353 ], [ 84.7196272, 27.0150292 ], [ 84.7214919, 27.0140523 ], [ 84.7278151, 27.0133282 ], [ 84.7288133, 27.0147843 ], [ 84.7330421, 27.0142316 ], [ 84.7567402, 27.002846 ], [ 84.7603845, 27.0050566 ], [ 84.7648907, 27.013152 ], [ 84.7734209, 27.0177361 ], [ 84.7827372, 27.014112 ], [ 84.7826528, 27.0114156 ], [ 84.7847978, 27.0075805 ], [ 84.7857424, 27.0109398 ], [ 84.7867887, 27.009035 ], [ 84.7889932, 27.0089123 ], [ 84.7869685, 27.0052304 ], [ 84.7877565, 27.0031515 ], [ 84.7862, 26.9985052 ], [ 84.7883064, 26.9986791 ], [ 84.7885759, 26.996937 ], [ 84.791172, 26.9995837 ], [ 84.7905792, 26.9972198 ], [ 84.7935605, 26.9958382 ], [ 84.7972528, 27.0042234 ], [ 84.7991452, 27.0034313 ], [ 84.8004657, 27.0008813 ], [ 84.8015232, 27.0049486 ], [ 84.8080598, 27.0076214 ], [ 84.8068459, 27.0080034 ], [ 84.806979, 27.0108177 ], [ 84.8080161, 27.0120931 ], [ 84.8098335, 27.0109008 ], [ 84.8108018, 27.0144289 ], [ 84.8068414, 27.0141493 ], [ 84.8085355, 27.0180636 ], [ 84.8105529, 27.0184126 ], [ 84.8106154, 27.0165387 ], [ 84.8120781, 27.0156665 ], [ 84.8117512, 27.0204793 ], [ 84.8128367, 27.0204347 ], [ 84.8133391, 27.018179 ], [ 84.8167412, 27.0205827 ], [ 84.8254016, 27.0209132 ], [ 84.8383626, 27.0141473 ], [ 84.8550473, 27.0076875 ], [ 84.8554709, 27.0069849 ], [ 84.852067, 27.0056266 ], [ 84.8513339, 27.0022942 ], [ 84.852718, 27.0011822 ], [ 84.8496196, 26.997703 ], [ 84.8537854, 26.9988772 ], [ 84.8577751, 26.9976249 ], [ 84.8566924, 26.9963486 ], [ 84.8578011, 26.9954239 ], [ 84.8576112, 26.992596 ], [ 84.8550553, 26.9933923 ], [ 84.8574463, 26.9904515 ], [ 84.8555469, 26.9881051 ], [ 84.8557088, 26.9863872 ], [ 84.8587905, 26.9891693 ], [ 84.8588339, 26.9880029 ], [ 84.8619934, 26.9872279 ], [ 84.8647597, 26.9842435 ], [ 84.8691051, 26.9839631 ], [ 84.8691131, 26.982862 ], [ 84.8744354, 26.9809817 ], [ 84.8880145, 26.9776214 ], [ 84.8906083, 26.9745254 ], [ 84.8902012, 26.9713875 ], [ 84.8915757, 26.9696751 ], [ 84.8926549, 26.9696498 ], [ 84.8919845, 26.9727771 ], [ 84.8965566, 26.9730636 ], [ 84.8989611, 26.9701414 ], [ 84.9092671, 26.968091 ], [ 84.9168817, 26.9690789 ], [ 84.9240304, 26.9675675 ], [ 84.9298457, 26.9686907 ], [ 84.9535743, 26.9600255 ], [ 84.9625798, 26.9605265 ], [ 84.9647158, 26.9579461 ], [ 84.9662104, 26.958097 ], [ 84.9654106, 26.9567181 ], [ 84.967504, 26.9554242 ], [ 84.9785082, 26.940086 ], [ 84.9751693, 26.9392578 ], [ 84.9784055, 26.9361373 ], [ 84.9769092, 26.9322759 ], [ 84.97443, 26.9320731 ], [ 84.9703337, 26.9289525 ], [ 84.972064, 26.9261865 ], [ 84.9696276, 26.9247572 ], [ 84.9719585, 26.9216056 ], [ 84.9704261, 26.9199999 ], [ 84.9710083, 26.9172303 ], [ 84.9680638, 26.9161446 ], [ 85.0000629, 26.9118773 ], [ 85.0014309, 26.909803 ], [ 85.0007232, 26.9058505 ], [ 85.0022685, 26.9037273 ], [ 84.9954217, 26.9064621 ], [ 84.9934763, 26.905641 ], [ 84.9928355, 26.9030028 ], [ 85.0049565, 26.8947375 ], [ 85.0197464, 26.8931068 ], [ 85.0227104, 26.8916053 ], [ 85.0508323, 26.8894652 ], [ 85.0530707, 26.8889966 ], [ 85.0524027, 26.8859424 ], [ 85.0550958, 26.8864059 ], [ 85.0593767, 26.8849318 ], [ 85.0611973, 26.8865852 ], [ 85.0561896, 26.8810615 ], [ 85.0548308, 26.884309 ], [ 85.0518383, 26.8829327 ], [ 85.0493258, 26.8845631 ], [ 85.050786, 26.8818289 ], [ 85.0535301, 26.881991 ], [ 85.0533896, 26.8805875 ], [ 85.0470385, 26.8781392 ], [ 85.0444206, 26.8791733 ], [ 85.042658, 26.877246 ], [ 85.0426669, 26.8741318 ], [ 85.0386905, 26.8774899 ], [ 85.0384794, 26.8750366 ], [ 85.0368535, 26.8740579 ], [ 85.0308582, 26.8743639 ], [ 85.0298374, 26.8702441 ], [ 85.0320603, 26.8669882 ], [ 85.0285367, 26.8664338 ], [ 85.0288544, 26.8633698 ], [ 85.026682, 26.8624095 ], [ 85.02724, 26.8611348 ], [ 85.0284445, 26.862319 ], [ 85.03048, 26.8618479 ], [ 85.0308086, 26.8585273 ], [ 85.0238261, 26.8554445 ], [ 85.0239702, 26.8543773 ], [ 85.0575079, 26.8490504 ], [ 85.058635, 26.8504356 ], [ 85.057248, 26.8517 ], [ 85.0580113, 26.8558551 ], [ 85.0610354, 26.8539551 ], [ 85.0627762, 26.8555471 ], [ 85.0614097, 26.8567945 ], [ 85.0633139, 26.8581814 ], [ 85.0626819, 26.8563849 ], [ 85.0650765, 26.8563291 ], [ 85.0617857, 26.8535108 ], [ 85.0641252, 26.8495348 ], [ 85.066015, 26.8505874 ], [ 85.0666001, 26.8537318 ], [ 85.0761345, 26.8554907 ], [ 85.0765732, 26.8566808 ], [ 85.0781098, 26.8555015 ], [ 85.0787135, 26.8562308 ], [ 85.0769894, 26.8581592 ], [ 85.0782164, 26.8586577 ], [ 85.0799345, 26.8563746 ], [ 85.0817041, 26.8568261 ], [ 85.081606, 26.8551999 ], [ 85.083651, 26.8562763 ], [ 85.0838804, 26.8535326 ], [ 85.0846069, 26.8553012 ], [ 85.087533, 26.8564445 ], [ 85.0870139, 26.8589061 ], [ 85.0898734, 26.8596554 ], [ 85.0862079, 26.8634958 ], [ 85.0864643, 26.8668061 ], [ 85.0891703, 26.8672518 ], [ 85.0887766, 26.8682085 ], [ 85.0897666, 26.8676636 ], [ 85.0902459, 26.8688829 ], [ 85.0960263, 26.8669418 ], [ 85.0998786, 26.8710633 ], [ 85.1047776, 26.8707989 ], [ 85.1053849, 26.8716961 ], [ 85.1238063, 26.8714125 ], [ 85.1349717, 26.8677281 ], [ 85.1399533, 26.8711208 ], [ 85.1532561, 26.8706792 ], [ 85.1651312, 26.868607 ], [ 85.1908423, 26.8698244 ], [ 85.193132, 26.8633221 ], [ 85.1909732, 26.8499528 ], [ 85.1928133, 26.8385127 ], [ 85.1912132, 26.8308159 ], [ 85.1841053, 26.82144 ], [ 85.1770338, 26.8149618 ], [ 85.1767359, 26.8096225 ], [ 85.1824773, 26.8007199 ], [ 85.1793808, 26.7982681 ], [ 85.1805801, 26.7955841 ], [ 85.1834653, 26.7947163 ], [ 85.1859945, 26.7955623 ], [ 85.1865567, 26.790896 ], [ 85.1929248, 26.7903995 ], [ 85.194673, 26.7842961 ], [ 85.1915, 26.782068 ], [ 85.1972605, 26.76967 ], [ 85.201063, 26.768662 ], [ 85.2047309, 26.76273 ], [ 85.2110316, 26.7584279 ], [ 85.2195528, 26.7589492 ], [ 85.2324949, 26.7624001 ], [ 85.2399944, 26.7619583 ], [ 85.2497544, 26.7597571 ], [ 85.2605568, 26.7553827 ], [ 85.3071041, 26.7519358 ], [ 85.3191735, 26.7492743 ], [ 85.3228888, 26.7452216 ], [ 85.3345109, 26.7416679 ], [ 85.355387, 26.7601343 ], [ 85.3617475, 26.7627969 ], [ 85.3644361, 26.7599527 ], [ 85.3708267, 26.7583616 ], [ 85.3754976, 26.7612688 ], [ 85.3844366, 26.774265 ], [ 85.3924362, 26.7753974 ], [ 85.3981226, 26.778857 ], [ 85.4042417, 26.78493 ], [ 85.407738, 26.7913459 ], [ 85.41843, 26.7903369 ], [ 85.4261818, 26.7860824 ], [ 85.4299716, 26.7867652 ], [ 85.4326686, 26.7900869 ], [ 85.4510904, 26.78178 ], [ 85.4545623, 26.7817842 ], [ 85.4640278, 26.7886494 ], [ 85.4653021, 26.7880059 ], [ 85.4734762, 26.7901699 ], [ 85.4776522, 26.7927132 ], [ 85.4786966, 26.7940113 ], [ 85.4791834, 26.802147 ], [ 85.4956432, 26.7970332 ], [ 85.4967978, 26.7992501 ], [ 85.4954792, 26.801557 ], [ 85.4969528, 26.8025837 ], [ 85.4979549, 26.8077568 ], [ 85.4968646, 26.8092035 ], [ 85.4989173, 26.8104058 ], [ 85.4976982, 26.811901 ], [ 85.5071323, 26.8166818 ], [ 85.5197127, 26.8145536 ], [ 85.5432883, 26.838382 ], [ 85.5536479, 26.8345182 ], [ 85.5578252, 26.8443081 ], [ 85.5659833, 26.8411022 ], [ 85.5723703, 26.8574422 ], [ 85.5755575, 26.8609925 ], [ 85.5786448, 26.859146 ], [ 85.5782649, 26.8567513 ], [ 85.5811746, 26.8583651 ], [ 85.5838718, 26.8581305 ], [ 85.5863383, 26.8527852 ], [ 85.5852198, 26.8506423 ], [ 85.5856648, 26.8473588 ], [ 85.6070788, 26.8575316 ], [ 85.6239042, 26.873781 ], [ 85.6345542, 26.8722117 ], [ 85.642423, 26.8532691 ], [ 85.681033, 26.8432175 ], [ 85.7043174, 26.8322925 ], [ 85.7211306, 26.8203576 ], [ 85.7287753, 26.8083376 ], [ 85.728764, 26.8028708 ], [ 85.734479, 26.7958725 ], [ 85.7351402, 26.7779818 ], [ 85.7287231, 26.7498425 ], [ 85.7339806, 26.7371331 ], [ 85.7306521, 26.7361145 ], [ 85.7296013, 26.7339518 ], [ 85.7313276, 26.7305355 ], [ 85.7280463, 26.729808 ], [ 85.7294654, 26.7250167 ], [ 85.728074, 26.7249345 ], [ 85.7257995, 26.7209351 ], [ 85.7280307, 26.7175751 ], [ 85.7247842, 26.709894 ], [ 85.7249899, 26.7070954 ], [ 85.7264779, 26.7067355 ], [ 85.7243294, 26.7034021 ], [ 85.7247984, 26.7003319 ], [ 85.7233191, 26.6998227 ], [ 85.7252997, 26.6973247 ], [ 85.7233893, 26.6868264 ], [ 85.7254649, 26.6848797 ], [ 85.7235204, 26.6832288 ], [ 85.7248811, 26.6822442 ], [ 85.7248147, 26.6764778 ], [ 85.7236287, 26.674249 ], [ 85.7268305, 26.6739498 ], [ 85.7256372, 26.6706548 ], [ 85.7291246, 26.6673915 ], [ 85.7306804, 26.6678068 ], [ 85.7302406, 26.6658449 ], [ 85.7367098, 26.6641641 ], [ 85.7349989, 26.657382 ], [ 85.7324274, 26.6553803 ], [ 85.7322471, 26.6538625 ], [ 85.7354692, 26.6526689 ], [ 85.7341798, 26.6507605 ], [ 85.7356581, 26.6515879 ], [ 85.7485975, 26.6388501 ], [ 85.7593298, 26.6364192 ], [ 85.7698236, 26.6298698 ], [ 85.8017682, 26.6242704 ], [ 85.8035954, 26.6149605 ], [ 85.8177394, 26.6027997 ], [ 85.830619, 26.6016228 ], [ 85.8311953, 26.6115413 ], [ 85.8512599, 26.6086773 ], [ 85.8580846, 26.589883 ], [ 85.8485914, 26.5769816 ], [ 85.8492091, 26.5689984 ], [ 85.851851, 26.5685987 ], [ 85.8567778, 26.572258 ], [ 85.8583852, 26.5716296 ], [ 85.8586514, 26.5689403 ], [ 85.8686179, 26.5752984 ], [ 85.8708578, 26.5798377 ], [ 85.8732235, 26.5789738 ], [ 85.878858, 26.5820296 ], [ 85.879743, 26.5841214 ], [ 85.8854078, 26.5823699 ], [ 85.8874822, 26.5829729 ], [ 85.8919922, 26.5947118 ], [ 85.8942437, 26.5951382 ], [ 85.8961704, 26.5937552 ], [ 85.9007209, 26.595028 ], [ 85.9005467, 26.6004658 ], [ 85.9024907, 26.6003671 ], [ 85.9091898, 26.604589 ], [ 85.9128884, 26.6044837 ], [ 85.9138547, 26.6088372 ], [ 85.9270801, 26.6097944 ], [ 85.926725, 26.6119755 ], [ 85.9292521, 26.6143211 ], [ 85.9291035, 26.616815 ], [ 85.9327744, 26.6139312 ], [ 85.9380876, 26.6165924 ], [ 85.9407864, 26.6135658 ], [ 85.9481794, 26.613962 ], [ 85.9470973, 26.6157254 ], [ 85.9481073, 26.6170724 ], [ 85.9462668, 26.6180235 ], [ 85.9460935, 26.6210045 ], [ 85.9494559, 26.6249387 ], [ 85.9515294, 26.6243845 ], [ 85.9552131, 26.6292243 ], [ 85.955638, 26.630861 ], [ 85.9525339, 26.6374743 ], [ 85.953984, 26.6390023 ], [ 85.9535075, 26.6437486 ], [ 85.9565846, 26.648718 ], [ 85.9598004, 26.6494404 ], [ 85.9601221, 26.6510108 ], [ 85.9632963, 26.6502127 ], [ 85.964695, 26.6525621 ], [ 85.967448, 26.6517206 ], [ 85.9708682, 26.6550439 ], [ 85.9736147, 26.6550777 ], [ 85.9758122, 26.6584514 ], [ 86.0005324, 26.6548273 ], [ 86.0039403, 26.6561301 ], [ 86.0083779, 26.6547257 ], [ 86.0116164, 26.6551713 ], [ 86.0121079, 26.6598625 ], [ 86.0189032, 26.6611388 ], [ 86.0275803, 26.6667872 ], [ 86.0698018, 26.65734 ], [ 86.0740485, 26.6497445 ], [ 86.1017789, 26.6368122 ], [ 86.1195764, 26.6300617 ], [ 86.1387641, 26.6288488 ], [ 86.1410538, 26.6167995 ], [ 86.1397518, 26.616744 ], [ 86.1363301, 26.6063358 ], [ 86.1426159, 26.6051563 ], [ 86.1456613, 26.6085995 ], [ 86.1553313, 26.6098859 ], [ 86.1615956, 26.6149117 ], [ 86.1676493, 26.6140823 ], [ 86.1714449, 26.6170435 ], [ 86.1742137, 26.6138967 ], [ 86.1759343, 26.6154887 ], [ 86.1828613, 26.6139182 ], [ 86.1889161, 26.6153251 ], [ 86.1922405, 26.6148413 ], [ 86.1943787, 26.6122153 ], [ 86.1934595, 26.6111822 ], [ 86.1920214, 26.6124855 ], [ 86.1906476, 26.6118056 ], [ 86.1958126, 26.6076192 ], [ 86.1967371, 26.6011907 ], [ 86.1949261, 26.5985078 ], [ 86.1969869, 26.5980373 ], [ 86.1956067, 26.5955051 ], [ 86.1962997, 26.5939433 ], [ 86.1982862, 26.5934841 ], [ 86.2006016, 26.5972356 ], [ 86.2017067, 26.5968596 ], [ 86.2018026, 26.5945784 ], [ 86.205475, 26.5966456 ], [ 86.2078896, 26.593006 ], [ 86.2127203, 26.5926979 ], [ 86.2133768, 26.5909393 ], [ 86.2149081, 26.591091 ], [ 86.2176769, 26.5884798 ], [ 86.2237259, 26.5914518 ], [ 86.2264474, 26.5907596 ], [ 86.229513, 26.5923386 ], [ 86.2308199, 26.5915044 ], [ 86.2312406, 26.5932121 ], [ 86.2343645, 26.5906953 ], [ 86.2347773, 26.598127 ], [ 86.2375269, 26.5995333 ], [ 86.2374064, 26.6016939 ], [ 86.2400182, 26.6014655 ], [ 86.2405428, 26.6035888 ], [ 86.2432044, 26.6029473 ], [ 86.242384, 26.6057212 ], [ 86.2443188, 26.6060737 ], [ 86.2442133, 26.6089186 ], [ 86.2451971, 26.6092663 ], [ 86.2464582, 26.6073522 ], [ 86.2467268, 26.6085627 ], [ 86.2492222, 26.6090019 ], [ 86.2479069, 26.6123878 ], [ 86.2491388, 26.6123012 ], [ 86.2526876, 26.6171081 ], [ 86.2537927, 26.6159528 ], [ 86.2531046, 26.6146824 ], [ 86.2758645, 26.6172804 ], [ 86.2930444, 26.6131061 ], [ 86.3078542, 26.6199628 ], [ 86.3328903, 26.6191374 ], [ 86.3448365, 26.6169132 ], [ 86.3421702, 26.6114369 ], [ 86.3408195, 26.6118967 ], [ 86.3390753, 26.6089344 ], [ 86.341497, 26.6059371 ], [ 86.3563293, 26.6042903 ], [ 86.3971037, 26.5933216 ], [ 86.3970213, 26.5887387 ], [ 86.3955646, 26.5879126 ], [ 86.3952193, 26.5850624 ], [ 86.429933, 26.573139 ], [ 86.455938, 26.5679709 ], [ 86.498634, 26.5420962 ], [ 86.5155078, 26.5392196 ], [ 86.5233542, 26.5436085 ], [ 86.5415494, 26.5387226 ], [ 86.5467127, 26.534277 ], [ 86.5480875, 26.5314116 ], [ 86.550946, 26.530185 ], [ 86.5513056, 26.5245727 ], [ 86.552012, 26.5235956 ], [ 86.5551608, 26.5238624 ], [ 86.5560241, 26.5178445 ], [ 86.5544179, 26.5188003 ], [ 86.5544227, 26.5161028 ], [ 86.5614597, 26.509828 ], [ 86.5639936, 26.5054216 ], [ 86.563741, 26.5035049 ], [ 86.5691624, 26.4990279 ], [ 86.5692618, 26.497487 ], [ 86.5707238, 26.4977665 ], [ 86.5703439, 26.4965385 ], [ 86.5880162, 26.4934812 ], [ 86.6115647, 26.485628 ], [ 86.6140214, 26.4869672 ], [ 86.6180807, 26.4836977 ], [ 86.6210891, 26.4841515 ], [ 86.6218313, 26.4816866 ], [ 86.6260514, 26.4803884 ], [ 86.6269304, 26.4769468 ], [ 86.6280839, 26.4788026 ], [ 86.6295965, 26.4776292 ], [ 86.6273665, 26.4754804 ], [ 86.6259696, 26.4693289 ], [ 86.6295235, 26.4689288 ], [ 86.6269375, 26.467026 ], [ 86.6294663, 26.46639 ], [ 86.6299483, 26.4685657 ], [ 86.6334498, 26.4643179 ], [ 86.6340253, 26.4657865 ], [ 86.6369584, 26.4660665 ], [ 86.6381539, 26.465458 ], [ 86.6380279, 26.4633271 ], [ 86.6905743, 26.4508617 ], [ 86.6932253, 26.4511982 ], [ 86.6943768, 26.4492501 ], [ 86.6963864, 26.4488497 ], [ 86.695571, 26.4446967 ], [ 86.6985944, 26.4427552 ], [ 86.7003109, 26.4372398 ], [ 86.7202676, 26.4348568 ], [ 86.7255132, 26.4263183 ], [ 86.7275105, 26.4250387 ], [ 86.7290308, 26.4269902 ], [ 86.7307253, 26.4263893 ], [ 86.7296597, 26.4229374 ], [ 86.731398, 26.4226163 ], [ 86.7329805, 26.4246506 ], [ 86.7375186, 26.423428 ], [ 86.7378521, 26.4258292 ], [ 86.7408631, 26.4247581 ], [ 86.7437528, 26.4276001 ], [ 86.7472215, 26.4281775 ], [ 86.7463993, 26.4308433 ], [ 86.747287, 26.4337449 ], [ 86.7447637, 26.4339789 ], [ 86.74397, 26.4356111 ], [ 86.7475547, 26.4362027 ], [ 86.749765, 26.441351 ], [ 86.7533707, 26.4423955 ], [ 86.7527497, 26.4455013 ], [ 86.7540525, 26.4467859 ], [ 86.7601998, 26.4481406 ], [ 86.7603372, 26.4518467 ], [ 86.7640929, 26.45155 ], [ 86.7642932, 26.4540021 ], [ 86.762736, 26.4558062 ], [ 86.7664965, 26.4594408 ], [ 86.7690472, 26.4594215 ], [ 86.7975732, 26.4482089 ], [ 86.8337694, 26.4390982 ], [ 86.8349945, 26.4411225 ], [ 86.8367108, 26.4400733 ], [ 86.8378092, 26.4425972 ], [ 86.8398734, 26.442107 ], [ 86.839209, 26.4406587 ], [ 86.8422206, 26.4402055 ], [ 86.8445968, 26.4428021 ], [ 86.8468886, 26.4419491 ], [ 86.8455353, 26.4443585 ], [ 86.8458606, 26.4483035 ], [ 86.8559168, 26.4486483 ], [ 86.8598594, 26.4559927 ], [ 86.861733, 26.456364 ], [ 86.8614139, 26.4579462 ], [ 86.8653074, 26.4576218 ], [ 86.8648221, 26.4559079 ], [ 86.8666317, 26.4562942 ], [ 86.8665642, 26.4547404 ], [ 86.8707876, 26.4554851 ], [ 86.8713482, 26.4542022 ], [ 86.8733718, 26.4540497 ], [ 86.8759357, 26.4554244 ], [ 86.8752994, 26.4575104 ], [ 86.8794404, 26.4570929 ], [ 86.8822366, 26.4595873 ], [ 86.8838749, 26.4595278 ], [ 86.8846274, 26.4613958 ], [ 86.8942302, 26.461927 ], [ 86.8952692, 26.4673923 ], [ 86.8946745, 26.4692492 ], [ 86.8925275, 26.46915 ], [ 86.89357, 26.4737339 ], [ 86.8922405, 26.4755337 ], [ 86.8936357, 26.4764747 ], [ 86.8918962, 26.4763724 ], [ 86.8928629, 26.4776059 ], [ 86.8901563, 26.4817605 ], [ 86.8917545, 26.4857173 ], [ 86.8939998, 26.4865877 ], [ 86.8930874, 26.4877752 ], [ 86.9299945, 26.4896841 ], [ 86.9286884, 26.4975637 ], [ 86.9321591, 26.516954 ], [ 86.9445715, 26.5172996 ], [ 86.9464639, 26.5207809 ], [ 86.9592963, 26.5204391 ], [ 86.961344, 26.5240413 ], [ 86.965843, 26.5237156 ], [ 86.9659479, 26.5223643 ], [ 86.9753072, 26.5200538 ], [ 86.9794098, 26.5251458 ], [ 86.9908791, 26.5230802 ], [ 87.0153597, 26.5320438 ], [ 87.0200705, 26.5399375 ], [ 87.0425494, 26.5683334 ], [ 87.044674, 26.5872341 ], [ 87.0718225, 26.5858139 ], [ 87.0731561, 26.5769535 ], [ 87.0728198, 26.541955 ], [ 87.0761187, 26.537408 ], [ 87.0805019, 26.5214013 ], [ 87.0876884, 26.4713152 ], [ 87.0919739, 26.4500541 ], [ 87.1393095, 26.4147947 ], [ 87.1625615, 26.4038953 ], [ 87.1729893, 26.4033417 ], [ 87.1892016, 26.4053375 ], [ 87.1857944, 26.4142093 ], [ 87.2124224, 26.4130468 ], [ 87.2110699, 26.411957 ], [ 87.2115857, 26.4090736 ], [ 87.2171315, 26.4065607 ], [ 87.2190999, 26.4031733 ], [ 87.2238076, 26.406197 ], [ 87.2243688, 26.4085852 ], [ 87.226561, 26.4089898 ], [ 87.2262999, 26.4105724 ], [ 87.2288245, 26.4135865 ], [ 87.246963, 26.414125 ], [ 87.2498678, 26.4095098 ], [ 87.2561769, 26.4110718 ], [ 87.2610518, 26.4092699 ], [ 87.2662558, 26.4056468 ], [ 87.2658885, 26.3905395 ], [ 87.2644079, 26.3876779 ], [ 87.2660152, 26.373875 ], [ 87.2726353, 26.3725392 ], [ 87.2895492, 26.3737203 ], [ 87.3015927, 26.3661205 ], [ 87.3125337, 26.3715687 ], [ 87.3135828, 26.3676358 ], [ 87.3221108, 26.3600574 ], [ 87.3370056, 26.3516028 ], [ 87.3410925, 26.3475192 ], [ 87.3477177, 26.3514902 ], [ 87.3584055, 26.361054 ], [ 87.3535214, 26.3720222 ], [ 87.3563884, 26.387927 ], [ 87.3688929, 26.4079377 ], [ 87.3761896, 26.4070236 ], [ 87.3885521, 26.4190957 ], [ 87.4190728, 26.4226761 ], [ 87.4278595, 26.4223716 ], [ 87.4434774, 26.4331305 ], [ 87.4637717, 26.4395092 ], [ 87.4667524, 26.440191 ], [ 87.4917397, 26.4362514 ], [ 87.516545, 26.4307887 ], [ 87.534394, 26.4216233 ], [ 87.5477042, 26.4183749 ], [ 87.5530137, 26.4056631 ], [ 87.5643406, 26.4003514 ], [ 87.5671045, 26.4012338 ], [ 87.578706, 26.3958214 ], [ 87.5929919, 26.3922072 ], [ 87.5924139, 26.3816459 ], [ 87.6104045, 26.3807775 ], [ 87.6123413, 26.3810016 ], [ 87.6173504, 26.3899592 ], [ 87.6325954, 26.3936878 ], [ 87.6518774, 26.3934249 ], [ 87.6502026, 26.4059573 ], [ 87.6781279, 26.4158347 ], [ 87.6775579, 26.4354561 ], [ 87.6923055, 26.4356622 ], [ 87.6982978, 26.4283427 ], [ 87.7110735, 26.4274763 ], [ 87.7136792, 26.4251829 ], [ 87.7139303, 26.4228272 ], [ 87.7154313, 26.4229544 ], [ 87.7158145, 26.421836 ], [ 87.7171218, 26.4226333 ], [ 87.7176675, 26.4216063 ], [ 87.7181693, 26.4224204 ], [ 87.7212637, 26.4187483 ], [ 87.7223007, 26.4195043 ], [ 87.7239861, 26.4156176 ], [ 87.7230815, 26.4125274 ], [ 87.73394, 26.4076106 ], [ 87.7393169, 26.4175931 ], [ 87.748439, 26.4179517 ], [ 87.7538779, 26.4079734 ], [ 87.7647599, 26.4098821 ], [ 87.767315, 26.4111642 ], [ 87.765593, 26.4131645 ], [ 87.76819, 26.4148392 ], [ 87.7673879, 26.4181482 ], [ 87.7691965, 26.4185163 ], [ 87.7712586, 26.4215512 ], [ 87.7732608, 26.4192307 ], [ 87.7750291, 26.4198595 ], [ 87.7761705, 26.4218299 ], [ 87.772981, 26.4202165 ], [ 87.7760584, 26.425187 ], [ 87.7733595, 26.425255 ], [ 87.7704671, 26.4275191 ], [ 87.7754173, 26.4269605 ], [ 87.7726507, 26.429965 ], [ 87.7740265, 26.4311075 ], [ 87.7759253, 26.4294763 ], [ 87.7779081, 26.4356636 ], [ 87.776403, 26.4368549 ], [ 87.7749744, 26.435285 ], [ 87.7730105, 26.4359933 ], [ 87.7744154, 26.4404239 ], [ 87.7779056, 26.4422333 ], [ 87.7756138, 26.4427937 ], [ 87.7769168, 26.4476119 ], [ 87.7740148, 26.4503573 ], [ 87.7789809, 26.4506193 ], [ 87.7779559, 26.4537326 ], [ 87.7827809, 26.4540689 ], [ 87.7848342, 26.4586296 ], [ 87.7883193, 26.460745 ], [ 87.7888287, 26.4620985 ], [ 87.7863194, 26.4630285 ], [ 87.7865164, 26.4658232 ], [ 87.7891184, 26.4643215 ], [ 87.7901061, 26.4657855 ], [ 87.7864125, 26.467529 ], [ 87.7895146, 26.4694313 ], [ 87.7908699, 26.4666093 ], [ 87.7918726, 26.4667261 ], [ 87.7919442, 26.4689237 ], [ 87.7935915, 26.4685704 ], [ 87.8172381, 26.4591817 ], [ 87.8231357, 26.4535389 ], [ 87.8297318, 26.4500199 ], [ 87.8283275, 26.4400037 ], [ 87.8488284, 26.4364635 ], [ 87.8510269, 26.4452821 ], [ 87.8613664, 26.4488617 ], [ 87.8609316, 26.4512191 ], [ 87.8625999, 26.4531076 ], [ 87.8594548, 26.454482 ], [ 87.8582379, 26.4565936 ], [ 87.8595682, 26.459609 ], [ 87.8582626, 26.4610765 ], [ 87.8584327, 26.4639024 ], [ 87.8628069, 26.464581 ], [ 87.8633306, 26.4679466 ], [ 87.8859802, 26.4764134 ], [ 87.8882937, 26.4867598 ], [ 87.9002068, 26.4772817 ], [ 87.9098083, 26.4575632 ], [ 87.8987394, 26.4487096 ], [ 87.9240541, 26.4466819 ], [ 87.9251427, 26.4448387 ], [ 87.925666, 26.4413986 ], [ 87.9245336, 26.4384699 ], [ 87.9176044, 26.4348635 ], [ 87.9159901, 26.4318329 ], [ 87.9180694, 26.4298726 ], [ 87.9258267, 26.4280634 ], [ 87.926942, 26.4178012 ], [ 87.9322901, 26.4180018 ], [ 87.9659801, 26.397194 ], [ 87.9919196, 26.3925629 ], [ 87.9920593, 26.3713741 ], [ 87.9943333, 26.3685609 ], [ 87.9935646, 26.3677239 ], [ 87.9962914, 26.3656382 ], [ 87.9980085, 26.3649476 ], [ 88.0000116, 26.3665614 ], [ 88.0027693, 26.3662628 ], [ 88.001717, 26.3652007 ], [ 88.0043869, 26.3643813 ], [ 88.0065795, 26.3609964 ], [ 88.0305043, 26.3649222 ], [ 88.0311173, 26.3666054 ], [ 88.0277582, 26.3691227 ], [ 88.027506, 26.3710261 ], [ 88.0289952, 26.3716955 ], [ 88.0281434, 26.3730671 ], [ 88.0300745, 26.3740479 ], [ 88.0291551, 26.3762293 ], [ 88.0307335, 26.3758891 ], [ 88.0316048, 26.3780495 ], [ 88.0283952, 26.3788414 ], [ 88.0272433, 26.3816125 ], [ 88.030159, 26.3832177 ], [ 88.0309687, 26.3823242 ], [ 88.032056, 26.387909 ], [ 88.0346356, 26.3882573 ], [ 88.0348261, 26.3912591 ], [ 88.0366615, 26.3901172 ], [ 88.0381402, 26.391921 ], [ 88.0379071, 26.3937781 ], [ 88.0450067, 26.3959669 ], [ 88.0438819, 26.3967607 ], [ 88.0466737, 26.3979423 ], [ 88.0455233, 26.4002179 ], [ 88.0514048, 26.4005872 ], [ 88.0518495, 26.3991664 ], [ 88.052666, 26.401396 ], [ 88.0556079, 26.4005289 ], [ 88.0544044, 26.4028148 ], [ 88.0555406, 26.4026007 ], [ 88.0576731, 26.4066854 ], [ 88.0568598, 26.4077886 ], [ 88.058366, 26.4076856 ], [ 88.0599216, 26.4095802 ], [ 88.0631668, 26.4104668 ], [ 88.0641895, 26.4081726 ], [ 88.0667594, 26.4096303 ], [ 88.068732, 26.4079104 ], [ 88.0712964, 26.4081404 ], [ 88.069228, 26.411851 ], [ 88.0695943, 26.4136544 ], [ 88.0777462, 26.4192385 ], [ 88.083709, 26.4259059 ], [ 88.0858742, 26.4318196 ], [ 88.0942272, 26.4371849 ], [ 88.0959787, 26.4399876 ], [ 88.0970088, 26.452171 ], [ 88.0920843, 26.4633075 ], [ 88.0949911, 26.4648537 ], [ 88.1029252, 26.4655713 ], [ 88.103705, 26.4681747 ], [ 88.097807, 26.472499 ], [ 88.1048641, 26.4722312 ], [ 88.1068667, 26.4737933 ], [ 88.1069781, 26.4757425 ], [ 88.1002053, 26.4802515 ], [ 88.1010941, 26.483963 ], [ 88.1054774, 26.4893027 ], [ 88.100167, 26.4941679 ], [ 88.0985706, 26.5059136 ], [ 88.0923325, 26.5046953 ], [ 88.0902413, 26.5072525 ], [ 88.0957936, 26.5102641 ], [ 88.0963738, 26.51207 ], [ 88.0942907, 26.5156189 ], [ 88.095103, 26.5164072 ], [ 88.1030031, 26.5182529 ], [ 88.1047281, 26.5277567 ], [ 88.1024572, 26.5305995 ], [ 88.1036769, 26.536071 ], [ 88.0989717, 26.5347616 ], [ 88.0980744, 26.5379483 ], [ 88.1008497, 26.5398068 ], [ 88.1033949, 26.5397305 ], [ 88.1044209, 26.5374407 ], [ 88.1100253, 26.5360606 ], [ 88.1117318, 26.5311869 ], [ 88.1145461, 26.5329878 ], [ 88.1169693, 26.5327307 ], [ 88.1179729, 26.5301946 ], [ 88.1172657, 26.5276087 ], [ 88.1238628, 26.524098 ], [ 88.1250289, 26.5207467 ], [ 88.1296112, 26.5160758 ], [ 88.1327971, 26.5164395 ], [ 88.1337673, 26.5168407 ], [ 88.1349815, 26.5233835 ], [ 88.1400366, 26.5242179 ], [ 88.1441933, 26.5224653 ], [ 88.1473754, 26.5226288 ], [ 88.1503458, 26.5318103 ], [ 88.1521639, 26.5322522 ], [ 88.1549903, 26.5298243 ], [ 88.1563453, 26.530022 ], [ 88.1665435, 26.5355269 ], [ 88.1678061, 26.5403898 ], [ 88.1727847, 26.5359727 ], [ 88.1762312, 26.5353713 ], [ 88.1756214, 26.5405297 ], [ 88.1793929, 26.5482542 ], [ 88.1954142, 26.5479631 ], [ 88.1962748, 26.5439192 ], [ 88.2021201, 26.5437537 ], [ 88.2013747, 26.5395392 ], [ 88.2039848, 26.5411263 ], [ 88.2116103, 26.539944 ], [ 88.2139797, 26.5415582 ], [ 88.2052458, 26.5434948 ], [ 88.2076505, 26.5453933 ], [ 88.2119046, 26.5444251 ], [ 88.2162381, 26.5486916 ], [ 88.2082157, 26.5500592 ], [ 88.2109533, 26.56092 ], [ 88.2187082, 26.5566596 ], [ 88.2254876, 26.5567452 ], [ 88.2280033, 26.5529527 ], [ 88.2256583, 26.5509733 ], [ 88.2255596, 26.5472097 ], [ 88.2293064, 26.5400632 ], [ 88.2296833, 26.5350447 ], [ 88.2087744, 26.5244126 ], [ 88.2060882, 26.5211107 ], [ 88.204152, 26.5212879 ], [ 88.2023319, 26.5151107 ], [ 88.2031633, 26.5131337 ], [ 88.1988442, 26.5126576 ], [ 88.1951019, 26.5141378 ], [ 88.1912842, 26.5115285 ], [ 88.191132, 26.5085321 ], [ 88.1851106, 26.5040489 ], [ 88.183584, 26.500413 ], [ 88.1797016, 26.4995842 ], [ 88.1788517, 26.4946023 ], [ 88.1817997, 26.4925253 ], [ 88.1798866, 26.4876431 ], [ 88.1850362, 26.4860706 ], [ 88.1861785, 26.4837686 ], [ 88.1878591, 26.4849051 ], [ 88.1906609, 26.4820518 ], [ 88.1916212, 26.4776739 ], [ 88.1957667, 26.4751311 ], [ 88.2029583, 26.4763595 ], [ 88.2033131, 26.4743195 ], [ 88.2107336, 26.4730923 ], [ 88.2157669, 26.4780489 ], [ 88.2137961, 26.4780772 ], [ 88.2117729, 26.4816435 ], [ 88.212456, 26.4832452 ], [ 88.2198582, 26.4835248 ], [ 88.2243602, 26.4819468 ], [ 88.2242365, 26.4779937 ], [ 88.2211673, 26.4715288 ], [ 88.2182181, 26.4706643 ], [ 88.2117054, 26.4718236 ], [ 88.2098231, 26.4692253 ], [ 88.2139995, 26.4685775 ], [ 88.215492, 26.4663879 ], [ 88.217728, 26.465908 ], [ 88.2184524, 26.4625861 ], [ 88.2227464, 26.4591264 ], [ 88.2251534, 26.4536643 ], [ 88.2341708, 26.4515096 ], [ 88.2424489, 26.4523515 ], [ 88.2438241, 26.4538397 ], [ 88.2428614, 26.4487183 ], [ 88.2481664, 26.436684 ], [ 88.2509053, 26.4359334 ], [ 88.250858, 26.4331462 ], [ 88.2541973, 26.4318266 ], [ 88.2584615, 26.4321846 ], [ 88.2593964, 26.4286334 ], [ 88.2634093, 26.4287705 ], [ 88.2622669, 26.4249026 ], [ 88.2630495, 26.4228329 ], [ 88.2670067, 26.4228525 ], [ 88.2676246, 26.4211082 ], [ 88.2695789, 26.4204452 ], [ 88.2682532, 26.4175847 ], [ 88.2645469, 26.4154106 ], [ 88.2548864, 26.4170678 ], [ 88.2524168, 26.4160517 ], [ 88.2474812, 26.4075213 ], [ 88.2446687, 26.4070404 ], [ 88.2443108, 26.4049602 ], [ 88.2417928, 26.4050695 ], [ 88.2392277, 26.403439 ], [ 88.2380505, 26.3987194 ], [ 88.2343887, 26.3947554 ], [ 88.2319918, 26.3929701 ], [ 88.2279377, 26.3927474 ], [ 88.2270379, 26.3894672 ], [ 88.2332133, 26.3863443 ], [ 88.2340097, 26.3806574 ], [ 88.232215, 26.3795982 ], [ 88.2404678, 26.3752007 ], [ 88.2465691, 26.3741804 ], [ 88.246775, 26.3753759 ], [ 88.2553339, 26.3773959 ], [ 88.2575587, 26.3812799 ], [ 88.2614759, 26.3776239 ], [ 88.2662214, 26.3791748 ], [ 88.2676714, 26.38141 ], [ 88.2719445, 26.3778343 ], [ 88.276265, 26.3794379 ], [ 88.2744424, 26.3762398 ], [ 88.2767445, 26.3725234 ], [ 88.2764985, 26.368261 ], [ 88.2788356, 26.3666758 ], [ 88.279806, 26.3596835 ], [ 88.2827332, 26.3575733 ], [ 88.290188, 26.3599695 ], [ 88.2907809, 26.3585863 ], [ 88.2889997, 26.3539614 ], [ 88.2936936, 26.3529311 ], [ 88.2935328, 26.350818 ], [ 88.2913935, 26.3492284 ], [ 88.2903466, 26.3514162 ], [ 88.2853918, 26.3523838 ], [ 88.2843274, 26.3496494 ], [ 88.2789086, 26.3493939 ], [ 88.2782017, 26.3431951 ], [ 88.2811509, 26.3420152 ], [ 88.2794787, 26.3366764 ], [ 88.2798681, 26.3319612 ], [ 88.276025, 26.3322352 ], [ 88.2746931, 26.328571 ], [ 88.2697854, 26.327867 ], [ 88.2687715, 26.3314093 ], [ 88.2665174, 26.3318698 ], [ 88.2691455, 26.3327543 ], [ 88.2711426, 26.3359341 ], [ 88.2708809, 26.3375332 ], [ 88.2683811, 26.3379851 ], [ 88.2668757, 26.3350753 ], [ 88.2577807, 26.3355168 ], [ 88.2577877, 26.3319539 ], [ 88.2549253, 26.3293174 ], [ 88.2543939, 26.3269927 ], [ 88.2492278, 26.3279329 ], [ 88.2480476, 26.3263613 ], [ 88.2472527, 26.3281209 ], [ 88.2467429, 26.3242807 ], [ 88.2442016, 26.3220083 ], [ 88.2455361, 26.3145383 ], [ 88.2398746, 26.3115508 ], [ 88.2398124, 26.3093305 ], [ 88.2378882, 26.3080278 ], [ 88.2356956, 26.3033269 ], [ 88.2316472, 26.3058166 ], [ 88.2318401, 26.3087048 ], [ 88.2294331, 26.3103673 ], [ 88.2306125, 26.3079249 ], [ 88.2267082, 26.3036224 ], [ 88.2281783, 26.2956604 ], [ 88.2259139, 26.294069 ], [ 88.2269325, 26.2909001 ], [ 88.2171247, 26.2844532 ], [ 88.2133546, 26.2840403 ], [ 88.2132218, 26.2804345 ], [ 88.2106318, 26.2777914 ], [ 88.2015879, 26.2809239 ], [ 88.1973222, 26.2718596 ], [ 88.1831769, 26.2736756 ], [ 88.1826548, 26.2704445 ], [ 88.179005, 26.269101 ], [ 88.1794729, 26.2633106 ], [ 88.1741941, 26.2557894 ], [ 88.1717716, 26.2556548 ], [ 88.168224, 26.258147 ], [ 88.1632423, 26.2534098 ], [ 88.161661, 26.253884 ], [ 88.1604757, 26.2568854 ], [ 88.1554408, 26.258105 ], [ 88.1543438, 26.2545219 ], [ 88.1501342, 26.2525189 ], [ 88.1443979, 26.2522412 ], [ 88.1426509, 26.2504723 ], [ 88.1411235, 26.2434011 ], [ 88.1367394, 26.2412216 ], [ 88.1365985, 26.2324755 ], [ 88.1417576, 26.2316356 ], [ 88.1398154, 26.227195 ], [ 88.1308886, 26.2271504 ], [ 88.1298728, 26.2250248 ], [ 88.1257298, 26.2277598 ], [ 88.1144164, 26.2237246 ], [ 88.1145368, 26.2212064 ], [ 88.1168685, 26.2201641 ], [ 88.1165834, 26.2191531 ], [ 88.1111098, 26.2176995 ], [ 88.1114554, 26.2154474 ], [ 88.1054065, 26.2143771 ], [ 88.1031356, 26.2112448 ], [ 88.1036116, 26.2077834 ], [ 88.10087, 26.2075347 ], [ 88.1011255, 26.2060138 ], [ 88.098234, 26.2052777 ], [ 88.0978091, 26.2035897 ], [ 88.0957927, 26.2048755 ], [ 88.0937119, 26.2036746 ], [ 88.0942425, 26.2025555 ], [ 88.0913409, 26.2021441 ], [ 88.089385, 26.1910275 ], [ 88.0854316, 26.1910269 ], [ 88.0817415, 26.1868332 ], [ 88.0764799, 26.1854731 ], [ 88.0758109, 26.1825168 ], [ 88.0780429, 26.1797962 ], [ 88.0745882, 26.1762433 ], [ 88.0725376, 26.1760034 ], [ 88.0718483, 26.1742024 ], [ 88.0694875, 26.1741337 ], [ 88.068881, 26.1768504 ], [ 88.0649747, 26.1769887 ], [ 88.0656958, 26.1751747 ], [ 88.0590714, 26.1705008 ], [ 88.0577097, 26.1727792 ], [ 88.0525736, 26.1720094 ], [ 88.0518677, 26.1731148 ], [ 88.050803, 26.1721845 ], [ 88.0498302, 26.1760652 ], [ 88.037234, 26.1787072 ], [ 88.0314949, 26.1752059 ], [ 88.0329269, 26.1732076 ], [ 88.0317742, 26.1699754 ], [ 88.0282882, 26.1700363 ], [ 88.0264816, 26.1654408 ], [ 88.0241562, 26.1652586 ], [ 88.0196751, 26.1598217 ], [ 88.0143403, 26.1585675 ], [ 88.0099815, 26.1615382 ], [ 88.0078347, 26.1580478 ], [ 88.0097311, 26.1569346 ], [ 88.0092483, 26.1547139 ], [ 88.0141541, 26.1493066 ], [ 88.0107683, 26.1447683 ], [ 88.0062455, 26.1457414 ], [ 88.004036, 26.141766 ], [ 87.9998794, 26.1383958 ], [ 87.9944175, 26.1435137 ], [ 87.9920707, 26.1509604 ], [ 87.9850197, 26.1456457 ], [ 87.985882, 26.14268 ], [ 87.9837464, 26.1421219 ], [ 87.9830881, 26.1440223 ], [ 87.9813136, 26.1445834 ], [ 87.9749022, 26.1433738 ], [ 87.9724543, 26.1399997 ], [ 87.9748729, 26.1383147 ], [ 87.9791927, 26.1379687 ], [ 87.9784908, 26.130148 ], [ 87.9815334, 26.1276862 ], [ 87.981397, 26.1260571 ], [ 87.9798056, 26.1242981 ], [ 87.9761518, 26.1252755 ], [ 87.9753411, 26.1242607 ], [ 87.9795549, 26.1234228 ], [ 87.9793889, 26.1222811 ], [ 87.9707985, 26.1204592 ], [ 87.9692715, 26.1176215 ], [ 87.9711807, 26.1169388 ], [ 87.9715244, 26.1153635 ], [ 87.9742577, 26.1166311 ], [ 87.9814871, 26.1149774 ], [ 87.9837574, 26.1157114 ], [ 87.9851081, 26.111432 ], [ 87.9857698, 26.1134399 ], [ 87.9877309, 26.1097692 ], [ 87.9858459, 26.1092742 ], [ 87.9864733, 26.106602 ], [ 87.9846438, 26.1066981 ], [ 87.9849025, 26.1053846 ], [ 87.9833379, 26.1052774 ], [ 87.9833469, 26.1042666 ], [ 87.9868945, 26.102752 ], [ 87.9868033, 26.1014072 ], [ 87.98254, 26.1018527 ], [ 87.9821214, 26.1032384 ], [ 87.9786106, 26.1011695 ], [ 87.9775173, 26.1027183 ], [ 87.9771954, 26.1005025 ], [ 87.976237, 26.1019429 ], [ 87.9734259, 26.0995575 ], [ 87.9731171, 26.1008392 ], [ 87.9717622, 26.1005695 ], [ 87.9708512, 26.0989453 ], [ 87.9671366, 26.09786 ], [ 87.9684255, 26.0968844 ], [ 87.967465, 26.0960952 ], [ 87.966641, 26.0968585 ], [ 87.966525, 26.0954956 ], [ 87.9636055, 26.0946263 ], [ 87.9715212, 26.0929334 ], [ 87.970748, 26.0886691 ], [ 87.9766592, 26.0870719 ], [ 87.9767321, 26.0847251 ], [ 87.9782007, 26.0837989 ], [ 87.9820238, 26.0836562 ], [ 87.9822403, 26.0798741 ], [ 87.9856216, 26.0776602 ], [ 87.9821898, 26.0737634 ], [ 87.972793, 26.0774301 ], [ 87.9654991, 26.0740454 ], [ 87.9580847, 26.0763199 ], [ 87.9570641, 26.0747634 ], [ 87.9552102, 26.0747419 ], [ 87.9529125, 26.0764672 ], [ 87.9533466, 26.0753026 ], [ 87.9519617, 26.0744187 ], [ 87.9508828, 26.0752633 ], [ 87.9503924, 26.0742119 ], [ 87.9523249, 26.0718777 ], [ 87.9508495, 26.0699288 ], [ 87.9495156, 26.0705794 ], [ 87.9485506, 26.0696005 ], [ 87.9519626, 26.0679966 ], [ 87.9548165, 26.0690286 ], [ 87.9545195, 26.065671 ], [ 87.9526399, 26.0646114 ], [ 87.9503271, 26.065619 ], [ 87.950119, 26.0605509 ], [ 87.9488606, 26.0618965 ], [ 87.9455021, 26.0607608 ], [ 87.9349155, 26.0636809 ], [ 87.9363521, 26.0686042 ], [ 87.9306363, 26.0703078 ], [ 87.9317803, 26.080295 ], [ 87.9313614, 26.0820191 ], [ 87.9280484, 26.0830673 ], [ 87.9205291, 26.0756865 ], [ 87.9166615, 26.0768384 ], [ 87.9162414, 26.0757103 ], [ 87.9143624, 26.0760086 ], [ 87.9100834, 26.0713748 ], [ 87.9085097, 26.0728012 ], [ 87.9069904, 26.0723367 ], [ 87.9012416, 26.0629099 ], [ 87.8987834, 26.0640026 ], [ 87.892402, 26.0611556 ], [ 87.8903879, 26.0579154 ], [ 87.8904518, 26.0496247 ], [ 87.8892376, 26.0485958 ], [ 87.8830073, 26.0468362 ], [ 87.878326, 26.0495307 ], [ 87.8642628, 26.0364828 ], [ 87.8622697, 26.035395 ], [ 87.8620647, 26.0365413 ], [ 87.8559251, 26.0359763 ], [ 87.8542223, 26.0318331 ], [ 87.8545176, 26.0293599 ], [ 87.8560661, 26.029658 ], [ 87.8572453, 26.0280785 ], [ 87.8564621, 26.0215795 ], [ 87.8544599, 26.0166689 ], [ 87.8504497, 26.0141589 ], [ 87.8544557, 26.0125259 ], [ 87.8542164, 26.0100842 ], [ 87.850407, 26.0034537 ], [ 87.8514111, 26.0022805 ], [ 87.8504531, 25.998539 ], [ 87.8491848, 25.9980739 ], [ 87.849445, 25.9954338 ], [ 87.8479869, 25.9950949 ], [ 87.8479422, 25.9936914 ], [ 87.8451255, 25.994123 ], [ 87.8445978, 25.9881034 ], [ 87.8455466, 25.988063 ], [ 87.845752, 25.9855673 ], [ 87.8441252, 25.9813291 ], [ 87.8446357, 25.9769108 ], [ 87.847083, 25.9746727 ], [ 87.8447165, 25.9739321 ], [ 87.8470592, 25.9693653 ], [ 87.8467453, 25.9670093 ], [ 87.8457418, 25.9668376 ], [ 87.8465716, 25.9633446 ], [ 87.8366773, 25.9601198 ], [ 87.835959, 25.9583143 ], [ 87.8382625, 25.9520326 ], [ 87.8336969, 25.9458483 ], [ 87.8340277, 25.9421566 ], [ 87.8369478, 25.9422793 ], [ 87.8393451, 25.9381142 ], [ 87.8347303, 25.9316772 ], [ 87.8384338, 25.9314931 ], [ 87.8331034, 25.9279107 ], [ 87.8195857, 25.9339422 ], [ 87.8160529, 25.9317247 ], [ 87.8126187, 25.9321069 ], [ 87.811871, 25.9301523 ], [ 87.8073742, 25.9298524 ], [ 87.8090021, 25.9283729 ], [ 87.8088468, 25.9206914 ], [ 87.8127456, 25.9188516 ], [ 87.8129958, 25.9176423 ], [ 87.8119929, 25.9159461 ], [ 87.8075718, 25.9160918 ], [ 87.8080282, 25.912161 ], [ 87.8113872, 25.9113727 ], [ 87.8120617, 25.9099694 ], [ 87.8155299, 25.9102191 ], [ 87.8164671, 25.9120249 ], [ 87.8151831, 25.914863 ], [ 87.8168909, 25.9128283 ], [ 87.8198347, 25.9139985 ], [ 87.8225803, 25.9121264 ], [ 87.821357, 25.9029778 ], [ 87.8195917, 25.9003368 ], [ 87.8250471, 25.8971525 ], [ 87.8268348, 25.8940842 ], [ 87.825359, 25.891317 ], [ 87.8229942, 25.8906618 ], [ 87.8217832, 25.8875246 ], [ 87.8233208, 25.8855936 ], [ 87.8223396, 25.8819465 ], [ 87.8260222, 25.8803321 ], [ 87.825719, 25.8777369 ], [ 87.8292512, 25.8777426 ], [ 87.8274814, 25.874682 ], [ 87.8298278, 25.870648 ], [ 87.8455376, 25.8689507 ], [ 87.8463954, 25.8699392 ], [ 87.8501669, 25.8695969 ], [ 87.8587033, 25.8647871 ], [ 87.8617907, 25.8669538 ], [ 87.8680613, 25.8686513 ], [ 87.8695279, 25.8686333 ], [ 87.8697875, 25.8665663 ], [ 87.8733792, 25.8661151 ], [ 87.8743719, 25.8682183 ], [ 87.8758535, 25.8646663 ], [ 87.875649, 25.8606134 ], [ 87.8827124, 25.8593631 ], [ 87.8870722, 25.8611998 ], [ 87.888624, 25.8651126 ], [ 87.892111, 25.8657442 ], [ 87.9025611, 25.8616807 ], [ 87.9018669, 25.8579349 ], [ 87.9060769, 25.8578212 ], [ 87.9082906, 25.8540658 ], [ 87.9113079, 25.8527291 ], [ 87.9146902, 25.8539469 ], [ 87.9141207, 25.8514466 ], [ 87.9120806, 25.8511177 ], [ 87.9077895, 25.8452741 ], [ 87.9035994, 25.8428739 ], [ 87.9054092, 25.8403912 ], [ 87.9085465, 25.8410721 ], [ 87.9059177, 25.8396915 ], [ 87.9032601, 25.8425445 ], [ 87.9020929, 25.8420662 ], [ 87.9042063, 25.8364514 ], [ 87.8967307, 25.8379374 ], [ 87.9028542, 25.8339468 ], [ 87.9009789, 25.832713 ], [ 87.8960671, 25.8370665 ], [ 87.8943614, 25.8360377 ], [ 87.8951741, 25.8351846 ], [ 87.8940768, 25.8339572 ], [ 87.8920372, 25.8353384 ], [ 87.8912139, 25.8321837 ], [ 87.888037, 25.830663 ], [ 87.8900116, 25.8285913 ], [ 87.8935721, 25.8275032 ], [ 87.8960906, 25.8280354 ], [ 87.8950136, 25.8292271 ], [ 87.8975223, 25.8302377 ], [ 87.8972432, 25.8316143 ], [ 87.9009682, 25.8299123 ], [ 87.9025392, 25.8305168 ], [ 87.901676, 25.8279308 ], [ 87.8995566, 25.8286668 ], [ 87.897796, 25.8270694 ], [ 87.8996209, 25.8257964 ], [ 87.8991121, 25.824614 ], [ 87.9044174, 25.8224828 ], [ 87.9055788, 25.8198107 ], [ 87.9088947, 25.8198777 ], [ 87.9158848, 25.8163962 ], [ 87.9143474, 25.8113418 ], [ 87.9079612, 25.8156761 ], [ 87.9075164, 25.8119979 ], [ 87.9038421, 25.8140024 ], [ 87.8994578, 25.807486 ], [ 87.9005795, 25.8065201 ], [ 87.9023647, 25.8078331 ], [ 87.9056355, 25.8075617 ], [ 87.9079679, 25.8034226 ], [ 87.9016355, 25.8022503 ], [ 87.9038243, 25.8020152 ], [ 87.9068502, 25.7809015 ], [ 87.9060873, 25.7801209 ], [ 87.9042535, 25.7824726 ], [ 87.9031765, 25.7815115 ], [ 87.9034549, 25.7779053 ], [ 87.902004, 25.7762221 ], [ 87.9041711, 25.7711307 ], [ 87.9060902, 25.7714327 ], [ 87.9076798, 25.7696858 ], [ 87.9089963, 25.7717345 ], [ 87.9070628, 25.7735448 ], [ 87.9193104, 25.7745843 ], [ 87.923917, 25.7763836 ], [ 87.9261137, 25.7727858 ], [ 87.9336289, 25.7694252 ], [ 87.9342431, 25.7717854 ], [ 87.9326287, 25.7729549 ], [ 87.9353012, 25.7747095 ], [ 87.9379726, 25.7739322 ], [ 87.937877, 25.7721449 ], [ 87.9421873, 25.7694079 ], [ 87.9423912, 25.7596591 ], [ 87.9475933, 25.7576438 ], [ 87.9436472, 25.7508712 ], [ 87.9462346, 25.7525354 ], [ 87.9470465, 25.7516142 ], [ 87.9466858, 25.7484186 ], [ 87.9476471, 25.7475201 ], [ 87.9462067, 25.7473401 ], [ 87.9462609, 25.7462389 ], [ 87.9474467, 25.7458547 ], [ 87.9480155, 25.7470595 ], [ 87.9522261, 25.7461862 ], [ 87.9554425, 25.7418067 ], [ 87.9613655, 25.738662 ], [ 87.9610249, 25.736383 ], [ 87.9663343, 25.7328008 ], [ 87.9657011, 25.7256205 ], [ 87.9824725, 25.7199811 ], [ 87.9847634, 25.7242986 ], [ 87.9887999, 25.7250132 ], [ 87.9891947, 25.7261909 ], [ 87.9912568, 25.7253949 ], [ 87.9923308, 25.7231419 ], [ 87.9988548, 25.7219036 ], [ 88.0019546, 25.7156812 ], [ 88.0097548, 25.7125916 ], [ 88.0124674, 25.7101791 ], [ 88.0164624, 25.7107598 ], [ 88.0210668, 25.709689 ], [ 88.0185057, 25.6989996 ], [ 88.0206456, 25.6958644 ], [ 88.0308436, 25.6944994 ], [ 88.0312045, 25.6979072 ], [ 88.0290998, 25.7010877 ], [ 88.0305179, 25.7030429 ], [ 88.0324954, 25.7033601 ], [ 88.0359445, 25.7011056 ], [ 88.0376412, 25.6969815 ], [ 88.0405251, 25.697561 ], [ 88.0427886, 25.7019853 ], [ 88.0486501, 25.6970871 ], [ 88.0525723, 25.6861984 ], [ 88.0516475, 25.6835125 ], [ 88.0458976, 25.6789826 ], [ 88.0478316, 25.6690542 ], [ 88.0465908, 25.6627348 ], [ 88.0501179, 25.6607554 ], [ 88.0456392, 25.6559642 ], [ 88.0485316, 25.6496065 ], [ 88.0481653, 25.6462213 ], [ 88.0447398, 25.6458854 ], [ 88.0435915, 25.6430955 ], [ 88.0402424, 25.6472278 ], [ 88.0378324, 25.647267 ], [ 88.0366233, 25.6460838 ], [ 88.0368009, 25.6416427 ], [ 88.0411221, 25.6425886 ], [ 88.0463007, 25.6347518 ], [ 88.0479136, 25.6351137 ], [ 88.049107, 25.6375426 ], [ 88.0539555, 25.6391789 ], [ 88.0552608, 25.637821 ], [ 88.0542411, 25.6362002 ], [ 88.0497811, 25.634519 ], [ 88.0478214, 25.6314533 ], [ 88.0447129, 25.6340964 ], [ 88.0406715, 25.6321128 ], [ 88.0350767, 25.6239447 ], [ 88.0372827, 25.616332 ], [ 88.042867, 25.6107747 ], [ 88.0432319, 25.6086491 ], [ 88.0370839, 25.6092097 ], [ 88.0328355, 25.6057679 ], [ 88.0300783, 25.6053012 ], [ 88.0332206, 25.6034663 ], [ 88.0400101, 25.6033441 ], [ 88.0398226, 25.6010602 ], [ 88.0355967, 25.6010847 ], [ 88.0333161, 25.5998352 ], [ 88.0311015, 25.6017408 ], [ 88.0242124, 25.6020385 ], [ 88.0252061, 25.5982976 ], [ 88.0309734, 25.6000662 ], [ 88.0293831, 25.5970638 ], [ 88.0296853, 25.5926137 ], [ 88.0281587, 25.5909202 ], [ 88.0240616, 25.5920639 ], [ 88.0202649, 25.5911494 ], [ 88.0220641, 25.5882667 ], [ 88.0254452, 25.58622 ], [ 88.0246369, 25.5827756 ], [ 88.0264221, 25.5785659 ], [ 88.0288137, 25.5810994 ], [ 88.0277175, 25.576653 ], [ 88.0240204, 25.5762037 ], [ 88.0255367, 25.5720704 ], [ 88.0282455, 25.5699871 ], [ 88.0339673, 25.5709747 ], [ 88.0385117, 25.5693978 ], [ 88.0341668, 25.5639158 ], [ 88.0325524, 25.5667628 ], [ 88.0304832, 25.5656738 ], [ 88.0289247, 25.5607802 ], [ 88.0258214, 25.5588553 ], [ 88.026988, 25.5560894 ], [ 88.0304262, 25.5559472 ], [ 88.0355288, 25.5525293 ], [ 88.0383347, 25.5529915 ], [ 88.0337169, 25.5472385 ], [ 88.0358232, 25.5447935 ], [ 88.0372757, 25.5383222 ], [ 88.0420423, 25.5374177 ], [ 88.047364, 25.5395466 ], [ 88.0531724, 25.5351535 ], [ 88.0578394, 25.5340409 ], [ 88.0595886, 25.5283773 ], [ 88.0644651, 25.5252426 ], [ 88.0711294, 25.517446 ], [ 88.0708914, 25.5157579 ], [ 88.0664959, 25.5127458 ], [ 88.0665468, 25.5103942 ], [ 88.0765349, 25.5080962 ], [ 88.0732424, 25.5081672 ], [ 88.0717463, 25.5061581 ], [ 88.0713917, 25.4958667 ], [ 88.0733801, 25.4843119 ], [ 88.0713165, 25.4842587 ], [ 88.0654009, 25.4901325 ], [ 88.0562681, 25.4911938 ], [ 88.051262, 25.4900562 ], [ 88.049827, 25.4859591 ], [ 88.0451447, 25.4891033 ], [ 88.0376886, 25.4897804 ], [ 88.035938, 25.4921177 ], [ 88.0302773, 25.491538 ], [ 88.0224399, 25.4982796 ], [ 88.0246556, 25.5016467 ], [ 88.0180557, 25.5018586 ], [ 88.0141048, 25.4993852 ], [ 88.0103821, 25.5015955 ], [ 88.0095185, 25.5048805 ], [ 88.0125991, 25.5080017 ], [ 88.0135213, 25.5112115 ], [ 88.0075577, 25.5112475 ], [ 88.0067182, 25.5101365 ], [ 88.0059126, 25.5049769 ], [ 88.0069805, 25.4970516 ], [ 87.9957753, 25.4995445 ], [ 87.9932134, 25.5037229 ], [ 87.9928786, 25.5072301 ], [ 87.9941762, 25.5066649 ], [ 87.9933317, 25.5077669 ], [ 87.9951075, 25.5079686 ], [ 87.9941515, 25.5119908 ], [ 87.9890234, 25.5118143 ], [ 87.9850226, 25.5153287 ], [ 87.9937986, 25.5224126 ], [ 87.9913467, 25.5228749 ], [ 87.9908965, 25.5253848 ], [ 87.9859979, 25.5266387 ], [ 87.9807828, 25.5245438 ], [ 87.9765499, 25.5247002 ], [ 87.9667047, 25.5366447 ], [ 87.9640832, 25.5369035 ], [ 87.9633339, 25.5395352 ], [ 87.9567059, 25.5373862 ], [ 87.9541852, 25.5397706 ], [ 87.9511148, 25.538364 ], [ 87.9470805, 25.5390791 ], [ 87.9463472, 25.5354733 ], [ 87.9421193, 25.5366758 ], [ 87.9376264, 25.5355097 ], [ 87.9277224, 25.5371961 ], [ 87.925547, 25.5337667 ], [ 87.9169604, 25.5329524 ], [ 87.918371, 25.526588 ], [ 87.9127298, 25.525768 ], [ 87.9083405, 25.5186649 ], [ 87.9109312, 25.5157486 ], [ 87.9068217, 25.5117416 ], [ 87.908905, 25.5088209 ], [ 87.904394, 25.509386 ], [ 87.9027617, 25.5053242 ], [ 87.8978578, 25.5049143 ], [ 87.8981972, 25.511698 ], [ 87.8928505, 25.512669 ], [ 87.8901803, 25.5182705 ], [ 87.8871361, 25.5181896 ], [ 87.8843707, 25.5205728 ], [ 87.8833309, 25.5169395 ], [ 87.8867674, 25.5103587 ], [ 87.8863742, 25.5080795 ], [ 87.8798935, 25.5042026 ], [ 87.8748156, 25.5046902 ], [ 87.8741691, 25.5020272 ], [ 87.8707675, 25.4970298 ], [ 87.8689524, 25.4967092 ], [ 87.8678087, 25.4938522 ], [ 87.8648859, 25.479946 ], [ 87.8688593, 25.473009 ], [ 87.869307, 25.4689965 ], [ 87.8628837, 25.463968 ], [ 87.863455, 25.469109 ], [ 87.8615159, 25.4691403 ], [ 87.8605262, 25.4710766 ], [ 87.8558027, 25.4709767 ], [ 87.8542771, 25.4667157 ], [ 87.8393461, 25.4678411 ], [ 87.8396364, 25.4613688 ], [ 87.8301257, 25.460847 ], [ 87.8309642, 25.4522085 ], [ 87.8288983, 25.4468323 ], [ 87.8274663, 25.4476398 ], [ 87.8257173, 25.4454456 ], [ 87.8268127, 25.4410678 ], [ 87.824781, 25.4379483 ], [ 87.8116695, 25.4355465 ], [ 87.8023141, 25.444727 ], [ 87.7969402, 25.4450131 ], [ 87.7967795, 25.4474954 ], [ 87.7872515, 25.450378 ], [ 87.781331, 25.4325421 ], [ 87.7797711, 25.4314714 ], [ 87.774313, 25.4321357 ], [ 87.773997, 25.4296214 ], [ 87.7713582, 25.4289831 ], [ 87.7699292, 25.4262108 ], [ 87.7743202, 25.4235284 ], [ 87.7740712, 25.4182654 ], [ 87.7763616, 25.4130946 ], [ 87.7751923, 25.4089097 ], [ 87.7704507, 25.4095699 ], [ 87.7679376, 25.4134406 ], [ 87.7657251, 25.4145854 ], [ 87.7645132, 25.4137766 ], [ 87.7638829, 25.4075023 ], [ 87.7725326, 25.4042183 ], [ 87.7678668, 25.3982616 ], [ 87.7682891, 25.3927374 ], [ 87.765876, 25.3852703 ], [ 87.7696626, 25.3789766 ], [ 87.779291, 25.3730751 ], [ 87.792312, 25.373548 ], [ 87.7935535, 25.3669454 ], [ 87.7919369, 25.3628688 ], [ 87.7901766, 25.3443215 ], [ 87.7881788, 25.3390621 ], [ 87.7959601, 25.3262029 ], [ 87.8050591, 25.3245601 ], [ 87.8183114, 25.3188201 ], [ 87.8263583, 25.3135196 ], [ 87.830929, 25.3073014 ], [ 87.8390294, 25.301093 ], [ 87.855435, 25.2968851 ], [ 87.8614296, 25.2814222 ], [ 87.8624084, 25.2741058 ], [ 87.8606914, 25.2696281 ], [ 87.8570082, 25.2696547 ], [ 87.8534255, 25.2636014 ], [ 87.8555257, 25.2599052 ], [ 87.8552684, 25.2552696 ], [ 87.8502858, 25.2529579 ], [ 87.8485534, 25.2539731 ], [ 87.8406282, 25.2501242 ], [ 87.8366195, 25.2458082 ], [ 87.8366751, 25.242608 ], [ 87.8353359, 25.2404682 ], [ 87.8273034, 25.2352886 ], [ 87.8103131, 25.2423187 ], [ 87.8056973, 25.243102 ], [ 87.8009256, 25.2470039 ], [ 87.8012717, 25.2492067 ], [ 87.7982239, 25.2498506 ], [ 87.7967138, 25.2519818 ], [ 87.7817913, 25.2562474 ], [ 87.7763264, 25.2565913 ], [ 87.7671801, 25.2609766 ], [ 87.743247, 25.2641123 ], [ 87.711341, 25.2576439 ], [ 87.7115218, 25.2745924 ], [ 87.6930911, 25.2851096 ], [ 87.6963182, 25.2939367 ], [ 87.6996764, 25.2971037 ], [ 87.6953982, 25.3000441 ], [ 87.698618, 25.3039558 ], [ 87.6954021, 25.3066835 ], [ 87.6847813, 25.3068688 ], [ 87.6843059, 25.3096539 ], [ 87.686848, 25.3091834 ], [ 87.6919861, 25.3115383 ], [ 87.6731745, 25.3128581 ], [ 87.6755025, 25.3105373 ], [ 87.6751584, 25.3070349 ], [ 87.6687435, 25.3084226 ], [ 87.6667383, 25.3107748 ], [ 87.6656454, 25.3091457 ], [ 87.6646728, 25.3112447 ], [ 87.6636249, 25.3107124 ], [ 87.6636836, 25.3080719 ], [ 87.6568166, 25.3086964 ], [ 87.6550139, 25.3075684 ], [ 87.6378194, 25.3147882 ], [ 87.6366722, 25.3131363 ], [ 87.6352371, 25.3138902 ], [ 87.6358779, 25.3158174 ], [ 87.6304356, 25.3196949 ], [ 87.6269941, 25.3116337 ], [ 87.61743, 25.3181015 ], [ 87.6133086, 25.3154698 ], [ 87.6119682, 25.3126577 ], [ 87.6044647, 25.3154508 ], [ 87.5995427, 25.3198236 ], [ 87.5975265, 25.3196112 ], [ 87.5922768, 25.3223995 ], [ 87.5934929, 25.3251349 ], [ 87.5840998, 25.3314381 ], [ 87.5845162, 25.3334829 ], [ 87.5918544, 25.3418845 ], [ 87.5884408, 25.346307 ], [ 87.5838901, 25.3491809 ], [ 87.5825113, 25.3431594 ], [ 87.5745405, 25.3406789 ], [ 87.5709727, 25.3332709 ], [ 87.5626586, 25.3339853 ], [ 87.5516934, 25.3324997 ], [ 87.551884, 25.3295028 ], [ 87.5502202, 25.3295968 ], [ 87.550293, 25.3241806 ], [ 87.547696, 25.3237324 ], [ 87.5485369, 25.3211736 ], [ 87.5467279, 25.3156751 ], [ 87.5465888, 25.30802 ], [ 87.5428143, 25.2944637 ], [ 87.5427192, 25.2809409 ], [ 87.5323591, 25.2802847 ], [ 87.5258824, 25.2843292 ], [ 87.5195809, 25.2918039 ], [ 87.5168341, 25.2933456 ], [ 87.5016228, 25.2923271 ], [ 87.4937072, 25.3075104 ], [ 87.4900282, 25.2972855 ], [ 87.4861008, 25.2972659 ], [ 87.4875756, 25.2867165 ], [ 87.4900073, 25.2804407 ], [ 87.4936486, 25.2779148 ], [ 87.4986365, 25.2767326 ], [ 87.4953798, 25.2714544 ], [ 87.5007906, 25.266787 ], [ 87.4988107, 25.2625823 ], [ 87.5004886, 25.2597922 ], [ 87.490575, 25.2612665 ], [ 87.4840449, 25.2522759 ], [ 87.4764045, 25.2378496 ], [ 87.4777981, 25.1943075 ], [ 87.4717001, 25.1940884 ], [ 87.4700393, 25.195403 ], [ 87.4625976, 25.194875 ], [ 87.4611263, 25.1977645 ], [ 87.4588536, 25.1968541 ], [ 87.4447243, 25.2045573 ], [ 87.4408943, 25.204726 ], [ 87.426038, 25.2111051 ], [ 87.4225462, 25.2139273 ], [ 87.4118345, 25.2150678 ], [ 87.4118505, 25.2189315 ], [ 87.4034857, 25.2224088 ], [ 87.4031886, 25.2252976 ], [ 87.4009809, 25.2269049 ], [ 87.3913941, 25.2278722 ], [ 87.3875331, 25.2229301 ], [ 87.3831468, 25.2243477 ], [ 87.3780904, 25.2169139 ], [ 87.3751033, 25.2150544 ], [ 87.3715163, 25.2062482 ], [ 87.3598814, 25.2118849 ], [ 87.3486945, 25.2146112 ], [ 87.3453931, 25.2146136 ], [ 87.3448574, 25.2136204 ], [ 87.3342834, 25.2161274 ], [ 87.3332393, 25.2226764 ], [ 87.3272895, 25.223618 ], [ 87.3252437, 25.2150685 ], [ 87.3230622, 25.2112267 ], [ 87.3228064, 25.2062842 ], [ 87.3182272, 25.1952601 ], [ 87.3208389, 25.189953 ], [ 87.3154019, 25.1801291 ], [ 87.3162853, 25.1791455 ], [ 87.3142221, 25.1688129 ], [ 87.3189903, 25.1647705 ], [ 87.3164729, 25.1602559 ], [ 87.3143701, 25.1602822 ], [ 87.3119756, 25.1487667 ], [ 87.3078854, 25.1470633 ], [ 87.3049657, 25.142918 ], [ 87.3066442, 25.1407932 ], [ 87.3057384, 25.1379446 ], [ 87.306855, 25.136406 ], [ 87.3029539, 25.1342421 ], [ 87.2962041, 25.1133628 ], [ 87.2979302, 25.1120503 ], [ 87.2952246, 25.1023579 ], [ 87.2981212, 25.0997595 ], [ 87.2954021, 25.088537 ], [ 87.2698168, 25.0939736 ], [ 87.2670475, 25.0979076 ], [ 87.2636752, 25.0996428 ], [ 87.2641886, 25.102058 ], [ 87.2631762, 25.1033121 ], [ 87.2503396, 25.1057348 ], [ 87.2495875, 25.1044116 ], [ 87.2509532, 25.1020115 ], [ 87.2488273, 25.1013236 ], [ 87.2493441, 25.1001189 ], [ 87.2468806, 25.0996563 ], [ 87.2443589, 25.1014335 ], [ 87.2405387, 25.0979683 ], [ 87.2398108, 25.0920892 ], [ 87.2376659, 25.0923312 ], [ 87.2374006, 25.0858413 ], [ 87.2142877, 25.0912299 ], [ 87.212655, 25.0869723 ], [ 87.2127275, 25.0819452 ], [ 87.2079485, 25.0823697 ], [ 87.201001, 25.0787151 ], [ 87.1992091, 25.0728519 ], [ 87.1956053, 25.0707785 ], [ 87.1936839, 25.072045 ], [ 87.1927016, 25.0700775 ], [ 87.194525, 25.0689048 ], [ 87.1922538, 25.0668459 ], [ 87.1894197, 25.0679891 ], [ 87.181956, 25.0669721 ], [ 87.1777321, 25.0629789 ], [ 87.1773192, 25.0594494 ], [ 87.1718195, 25.0482842 ], [ 87.1658729, 25.0461284 ], [ 87.1669757, 25.0399713 ], [ 87.1632245, 25.0377561 ], [ 87.162381, 25.034046 ], [ 87.1585845, 25.0285671 ], [ 87.1496367, 25.0251791 ], [ 87.1462275, 25.0200068 ], [ 87.1469743, 25.0133399 ], [ 87.1456066, 25.0098104 ], [ 87.1503157, 25.002547 ], [ 87.1492253, 24.9989563 ], [ 87.1512635, 24.9872518 ], [ 87.1489142, 24.9776016 ], [ 87.1461205, 24.9735668 ], [ 87.1491403, 24.9689577 ], [ 87.1472776, 24.9647647 ], [ 87.1488117, 24.9598715 ], [ 87.1436352, 24.9441416 ], [ 87.1449862, 24.9410721 ], [ 87.1509058, 24.9347834 ], [ 87.1517418, 24.931565 ], [ 87.1496072, 24.9265865 ], [ 87.142919, 24.9221775 ], [ 87.1423586, 24.9137232 ], [ 87.1441399, 24.9106039 ], [ 87.1473322, 24.9099128 ], [ 87.1480586, 24.9035708 ], [ 87.1518991, 24.9037326 ], [ 87.1537987, 24.8999723 ], [ 87.1509776, 24.8987947 ], [ 87.1532191, 24.897219 ], [ 87.1554301, 24.8928175 ], [ 87.155547, 24.8850176 ], [ 87.1473401, 24.8710938 ], [ 87.1409122, 24.8659127 ], [ 87.1406942, 24.8640847 ], [ 87.1444889, 24.8633078 ], [ 87.1425886, 24.8605997 ], [ 87.13964, 24.8612184 ], [ 87.1387642, 24.8598102 ], [ 87.1347789, 24.8596079 ], [ 87.1324169, 24.8626092 ], [ 87.1291021, 24.8617336 ], [ 87.1205927, 24.8551931 ], [ 87.1100747, 24.8570069 ], [ 87.1061221, 24.8550565 ], [ 87.098782, 24.8478603 ], [ 87.1003848, 24.8476845 ], [ 87.1017707, 24.843699 ], [ 87.1007178, 24.8400245 ], [ 87.0912045, 24.8254654 ], [ 87.0852106, 24.8235998 ], [ 87.0773557, 24.8252811 ], [ 87.0743359, 24.8198544 ], [ 87.0745316, 24.8129392 ], [ 87.0733069, 24.808601 ], [ 87.0835545, 24.8060628 ], [ 87.0857757, 24.8036305 ], [ 87.0897024, 24.8028866 ], [ 87.0914873, 24.8040967 ], [ 87.0957404, 24.8027164 ], [ 87.0928899, 24.7919095 ], [ 87.0880111, 24.7863428 ], [ 87.0857664, 24.7863197 ], [ 87.0835725, 24.781918 ], [ 87.0787139, 24.7775335 ], [ 87.0800153, 24.7745547 ], [ 87.0786035, 24.7683342 ], [ 87.0843126, 24.7561257 ], [ 87.0781003, 24.752427 ], [ 87.0797816, 24.7505603 ], [ 87.0794164, 24.7488765 ], [ 87.0761195, 24.7489251 ], [ 87.0726997, 24.747001 ], [ 87.0702083, 24.7476366 ], [ 87.0696358, 24.74556 ], [ 87.0700667, 24.7434838 ], [ 87.0738586, 24.7413726 ], [ 87.0729016, 24.7370343 ], [ 87.0749236, 24.7358885 ], [ 87.0786054, 24.7365984 ], [ 87.0763785, 24.7309101 ], [ 87.0804905, 24.7288584 ], [ 87.0790586, 24.7273856 ], [ 87.0803341, 24.7262214 ], [ 87.0771433, 24.7215665 ], [ 87.0782264, 24.719346 ], [ 87.0725848, 24.7147173 ], [ 87.0680486, 24.7033901 ], [ 87.0703144, 24.697112 ], [ 87.0694065, 24.694286 ], [ 87.065486, 24.6889987 ], [ 87.0619387, 24.6887941 ], [ 87.0597483, 24.6826045 ], [ 87.0597467, 24.676321 ], [ 87.0540695, 24.6693399 ], [ 87.0547973, 24.6664738 ], [ 87.0534095, 24.6574317 ], [ 87.0506715, 24.6516073 ], [ 87.0505769, 24.6446331 ], [ 87.0524358, 24.6412666 ], [ 87.046151, 24.6298657 ], [ 87.0489842, 24.624026 ], [ 87.0506376, 24.6087831 ], [ 87.046623, 24.6094717 ], [ 87.0447742, 24.6129691 ], [ 87.0381103, 24.6172311 ], [ 87.0362265, 24.613876 ], [ 87.0230464, 24.6157049 ], [ 87.0241506, 24.6241784 ], [ 87.0212673, 24.6294623 ], [ 87.0107571, 24.6311881 ], [ 87.0076382, 24.62887 ], [ 87.0063204, 24.6229556 ], [ 87.0, 24.6202978 ], [ 86.9960993, 24.6201057 ], [ 86.9926777, 24.6258367 ], [ 86.9875091, 24.6276914 ], [ 86.9852124, 24.6327758 ], [ 86.980651, 24.6347878 ], [ 86.9775832, 24.6395657 ], [ 86.9692683, 24.6353551 ], [ 86.961539, 24.6346284 ], [ 86.9577395, 24.6317958 ], [ 86.952786, 24.6314734 ], [ 86.9513403, 24.6334694 ], [ 86.9532425, 24.6349128 ], [ 86.9534184, 24.6397202 ], [ 86.9559918, 24.640265 ], [ 86.9581993, 24.6475945 ], [ 86.9375906, 24.6501675 ], [ 86.939024, 24.6434059 ], [ 86.9420997, 24.6412875 ], [ 86.9420638, 24.6387281 ], [ 86.9449365, 24.6358288 ], [ 86.9422989, 24.6351077 ], [ 86.9428315, 24.6335728 ], [ 86.9366765, 24.6303073 ], [ 86.9327684, 24.630611 ], [ 86.9276124, 24.6245147 ], [ 86.9289244, 24.6211965 ], [ 86.9267833, 24.6137446 ], [ 86.9221356, 24.6101394 ], [ 86.9190972, 24.6048635 ], [ 86.9194961, 24.6021234 ], [ 86.9144004, 24.6004094 ], [ 86.9093286, 24.595179 ], [ 86.9073223, 24.58816 ], [ 86.90895, 24.5824991 ], [ 86.9132677, 24.5774018 ], [ 86.9093717, 24.5724644 ], [ 86.9147161, 24.5683057 ], [ 86.9142172, 24.5668432 ], [ 86.915964, 24.5655653 ], [ 86.9153855, 24.5623649 ], [ 86.917611, 24.5608566 ], [ 86.9159604, 24.5545194 ], [ 86.9174977, 24.5467007 ], [ 86.9145796, 24.5422055 ], [ 86.9035613, 24.547521 ], [ 86.9024916, 24.5527304 ], [ 86.8963234, 24.5581031 ], [ 86.8950603, 24.5608163 ], [ 86.8935002, 24.5578236 ], [ 86.8899171, 24.5575532 ], [ 86.886872, 24.5588354 ], [ 86.8863984, 24.5611015 ], [ 86.8879485, 24.5648029 ], [ 86.8830277, 24.5672588 ], [ 86.882105, 24.571299 ], [ 86.8805058, 24.5721928 ], [ 86.8767198, 24.568031 ], [ 86.8690051, 24.5654713 ], [ 86.8636152, 24.5665996 ], [ 86.8604319, 24.5638096 ], [ 86.8620166, 24.5608125 ], [ 86.8601268, 24.5563795 ], [ 86.85684, 24.554885 ], [ 86.8501914, 24.5585088 ], [ 86.8430005, 24.5580967 ], [ 86.8414493, 24.5633281 ], [ 86.8436444, 24.5685378 ], [ 86.8426459, 24.5742253 ], [ 86.8346491, 24.5750764 ], [ 86.8337073, 24.5723814 ], [ 86.8318318, 24.5715953 ], [ 86.8235538, 24.5723918 ], [ 86.8216076, 24.5745122 ], [ 86.8182522, 24.5731843 ], [ 86.8159728, 24.5701569 ], [ 86.8119163, 24.5690514 ], [ 86.8031495, 24.570325 ], [ 86.8026293, 24.5736019 ], [ 86.8053712, 24.5782662 ], [ 86.8099163, 24.5803267 ], [ 86.8117121, 24.5825438 ], [ 86.8071553, 24.5926126 ], [ 86.8075737, 24.5947976 ], [ 86.8112374, 24.5982724 ], [ 86.8083566, 24.5986348 ], [ 86.8035993, 24.6018691 ], [ 86.7984376, 24.6075272 ], [ 86.7968654, 24.6110157 ], [ 86.7890094, 24.6186942 ], [ 86.7850508, 24.6165117 ], [ 86.7823826, 24.6189747 ], [ 86.7732353, 24.6218126 ], [ 86.7649416, 24.6194549 ], [ 86.7586904, 24.6193825 ], [ 86.7539925, 24.6212973 ], [ 86.7482487, 24.605756 ], [ 86.7502351, 24.5979054 ], [ 86.7498362, 24.5950721 ], [ 86.7466777, 24.5942962 ], [ 86.7416257, 24.5871229 ], [ 86.7352798, 24.5845502 ], [ 86.734688, 24.5794904 ], [ 86.7230764, 24.5839899 ], [ 86.7015912, 24.573286 ], [ 86.6916169, 24.5761165 ], [ 86.6859817, 24.5699482 ], [ 86.6807701, 24.5709913 ], [ 86.6702395, 24.5648783 ], [ 86.6517303, 24.5704008 ], [ 86.6496142, 24.5722246 ], [ 86.6477248, 24.5786754 ], [ 86.6457506, 24.5806303 ], [ 86.6379464, 24.5824954 ], [ 86.6294164, 24.58608 ], [ 86.6267952, 24.5885854 ], [ 86.6241738, 24.5885674 ], [ 86.6228111, 24.5962637 ], [ 86.624386, 24.5993784 ], [ 86.6210189, 24.6000554 ], [ 86.6136775, 24.5980147 ], [ 86.610419, 24.5987006 ], [ 86.6109171, 24.603991 ], [ 86.6129856, 24.6065101 ], [ 86.6148025, 24.606095 ], [ 86.6145854, 24.608305 ], [ 86.6032934, 24.6083805 ], [ 86.6041383, 24.6056091 ], [ 86.6030675, 24.6019391 ], [ 86.5981899, 24.5999115 ], [ 86.5971637, 24.5965664 ], [ 86.589099, 24.5886877 ], [ 86.5892152, 24.5793031 ], [ 86.580285, 24.566526 ], [ 86.5698071, 24.5647079 ], [ 86.5664698, 24.5664897 ], [ 86.5616299, 24.562222 ], [ 86.5591769, 24.562266 ], [ 86.5583449, 24.5582392 ], [ 86.5637865, 24.5525492 ], [ 86.55833, 24.549035 ], [ 86.5553174, 24.5440456 ], [ 86.5533635, 24.5434985 ], [ 86.5523216, 24.535973 ], [ 86.5497297, 24.537967 ], [ 86.5415267, 24.540337 ], [ 86.5362941, 24.5358471 ], [ 86.5293577, 24.5402847 ], [ 86.523071, 24.5338029 ], [ 86.5205401, 24.5332279 ], [ 86.5175079, 24.5303323 ], [ 86.5153509, 24.5253743 ], [ 86.509566, 24.522192 ], [ 86.5007815, 24.5040385 ], [ 86.5026764, 24.4932431 ], [ 86.5003963, 24.4894403 ], [ 86.4970825, 24.4902469 ], [ 86.4943359, 24.4862041 ], [ 86.495359, 24.4830976 ], [ 86.4918403, 24.4758508 ], [ 86.4944718, 24.473384 ], [ 86.4903072, 24.4713243 ], [ 86.4908607, 24.4671845 ], [ 86.4867314, 24.4641398 ], [ 86.4874835, 24.4622702 ], [ 86.4953228, 24.4562593 ], [ 86.4967677, 24.443751 ], [ 86.4942071, 24.4408225 ], [ 86.4912793, 24.4280812 ], [ 86.4794318, 24.4279376 ], [ 86.4770222, 24.4245088 ], [ 86.4686637, 24.4262671 ], [ 86.4664965, 24.4238619 ], [ 86.4664985, 24.4213458 ], [ 86.4691831, 24.4198628 ], [ 86.4691546, 24.4153542 ], [ 86.4668872, 24.4101277 ], [ 86.4680957, 24.4087521 ], [ 86.4678862, 24.4061551 ], [ 86.4707472, 24.4056699 ], [ 86.4714571, 24.4015177 ], [ 86.4700965, 24.3974127 ], [ 86.4719266, 24.3933479 ], [ 86.4667205, 24.3848388 ], [ 86.4671266, 24.3810736 ], [ 86.4634691, 24.37895 ], [ 86.4578996, 24.3782019 ], [ 86.4561685, 24.3747156 ], [ 86.4573404, 24.3733476 ], [ 86.4560349, 24.3719682 ], [ 86.4483754, 24.3700671 ], [ 86.4448998, 24.3678298 ], [ 86.4359541, 24.3755844 ], [ 86.4325519, 24.3801429 ], [ 86.4277808, 24.3771527 ], [ 86.4235534, 24.3795145 ], [ 86.4204441, 24.3786689 ], [ 86.4121344, 24.3809666 ], [ 86.4042573, 24.3885523 ], [ 86.4024211, 24.3967745 ], [ 86.4000407, 24.3985309 ], [ 86.3969992, 24.3983644 ], [ 86.3967538, 24.4037408 ], [ 86.3811524, 24.4129149 ], [ 86.3780566, 24.4162328 ], [ 86.3774602, 24.4195823 ], [ 86.37465, 24.4170455 ], [ 86.3685713, 24.4186929 ], [ 86.3672744, 24.42448 ], [ 86.36225, 24.4281767 ], [ 86.3581626, 24.4292552 ], [ 86.3499005, 24.4473872 ], [ 86.3449841, 24.4472419 ], [ 86.3450538, 24.4445424 ], [ 86.3439445, 24.443978 ], [ 86.3348472, 24.4424455 ], [ 86.3314392, 24.444372 ], [ 86.3173772, 24.441519 ], [ 86.315918, 24.4421965 ], [ 86.3154606, 24.445589 ], [ 86.3135515, 24.4470605 ], [ 86.2997208, 24.447731 ], [ 86.2949417, 24.4509204 ], [ 86.2945578, 24.4560061 ], [ 86.2996901, 24.4583894 ], [ 86.29847, 24.459586 ], [ 86.2864039, 24.4624312 ], [ 86.283078, 24.4647061 ], [ 86.2760109, 24.465799 ], [ 86.2818287, 24.4791107 ], [ 86.290423, 24.4788986 ], [ 86.2933757, 24.4812114 ], [ 86.2937824, 24.4881703 ], [ 86.2988687, 24.4952465 ], [ 86.2994205, 24.5000009 ], [ 86.3024435, 24.5025975 ], [ 86.3033125, 24.5054543 ], [ 86.3089787, 24.5097634 ], [ 86.3091253, 24.5124809 ], [ 86.3055741, 24.5194129 ], [ 86.3056871, 24.5276886 ], [ 86.2992943, 24.5303388 ], [ 86.2974667, 24.5335121 ], [ 86.2971305, 24.5360979 ], [ 86.2999851, 24.5362724 ], [ 86.307494, 24.5464438 ], [ 86.3080406, 24.5488052 ], [ 86.3041442, 24.552902 ], [ 86.3045578, 24.5548616 ], [ 86.3027762, 24.556502 ], [ 86.3027802, 24.5592358 ], [ 86.3008404, 24.5601166 ], [ 86.3040258, 24.5658106 ], [ 86.3074431, 24.5672266 ], [ 86.3070856, 24.5713928 ], [ 86.3176063, 24.5774054 ], [ 86.3161286, 24.5812778 ], [ 86.3232051, 24.5867921 ], [ 86.3193648, 24.5859556 ], [ 86.3172559, 24.5880087 ], [ 86.3141216, 24.5870188 ], [ 86.3085573, 24.5884565 ], [ 86.3091718, 24.5838931 ], [ 86.3030164, 24.5832809 ], [ 86.300744, 24.586083 ], [ 86.2974519, 24.5850973 ], [ 86.2919159, 24.5883985 ], [ 86.2879872, 24.5870015 ], [ 86.2849161, 24.5878574 ], [ 86.2815218, 24.5851107 ], [ 86.2745501, 24.5865778 ], [ 86.2694571, 24.5847688 ], [ 86.2750788, 24.5797485 ], [ 86.2746712, 24.5771301 ], [ 86.2677033, 24.5805514 ], [ 86.2643384, 24.5842505 ], [ 86.2628182, 24.583965 ], [ 86.2636498, 24.5814196 ], [ 86.2625953, 24.5792747 ], [ 86.2592145, 24.5786718 ], [ 86.256947, 24.580566 ], [ 86.2545359, 24.5870937 ], [ 86.2461041, 24.587615 ], [ 86.2415412, 24.5900063 ], [ 86.2407967, 24.5969625 ], [ 86.2383403, 24.6001273 ], [ 86.2347956, 24.6028176 ], [ 86.2308669, 24.6039018 ], [ 86.2295405, 24.6057151 ], [ 86.2241662, 24.6067937 ], [ 86.222163, 24.6109015 ], [ 86.2184963, 24.6110292 ], [ 86.2169917, 24.6130657 ], [ 86.214299, 24.6137908 ], [ 86.2133553, 24.6023539 ], [ 86.2162359, 24.5989102 ], [ 86.2144508, 24.5949284 ], [ 86.207652, 24.5911329 ], [ 86.1972702, 24.5882433 ], [ 86.1944842, 24.5856522 ], [ 86.1858042, 24.5859482 ], [ 86.183763, 24.5840819 ], [ 86.1819724, 24.5852133 ], [ 86.1804791, 24.5836789 ], [ 86.1788984, 24.5849928 ], [ 86.1615037, 24.586246 ], [ 86.1608418, 24.5879595 ], [ 86.1521574, 24.5928403 ], [ 86.1502247, 24.5951327 ], [ 86.1500913, 24.5979229 ], [ 86.1518355, 24.6008084 ], [ 86.1507246, 24.6025541 ], [ 86.1413468, 24.6070363 ], [ 86.1370257, 24.6069964 ], [ 86.1348894, 24.6050043 ], [ 86.1332626, 24.6051901 ], [ 86.129218, 24.611001 ], [ 86.1253172, 24.6114841 ], [ 86.1249568, 24.6141744 ], [ 86.1210411, 24.6184898 ], [ 86.1219644, 24.6220649 ], [ 86.1186508, 24.6257843 ], [ 86.1194604, 24.6299327 ], [ 86.1214012, 24.6316977 ], [ 86.1204479, 24.6354353 ], [ 86.118517, 24.6358957 ], [ 86.1199045, 24.6387485 ], [ 86.1171537, 24.6394932 ], [ 86.1154594, 24.6436866 ], [ 86.1250914, 24.6545749 ], [ 86.127058, 24.6668708 ], [ 86.1247479, 24.6711087 ], [ 86.1319034, 24.6758935 ], [ 86.1323227, 24.6790071 ], [ 86.1290208, 24.6862266 ], [ 86.1283552, 24.6986474 ], [ 86.1190002, 24.7111786 ], [ 86.1165184, 24.7125278 ], [ 86.1160263, 24.7182307 ], [ 86.1086864, 24.7271979 ], [ 86.1094027, 24.7306966 ], [ 86.1074131, 24.7347993 ], [ 86.0907309, 24.7459979 ], [ 86.0663092, 24.7516462 ], [ 86.0558029, 24.7460508 ], [ 86.0370908, 24.7411265 ], [ 86.0351, 24.7463614 ], [ 86.0432324, 24.7476334 ], [ 86.0468848, 24.7526592 ], [ 86.0541096, 24.7562288 ], [ 86.0568999, 24.761069 ], [ 86.0585206, 24.771727 ], [ 86.0551048, 24.7796926 ], [ 86.0455823, 24.7764185 ], [ 86.0375453, 24.7764785 ], [ 86.0323632, 24.7707517 ], [ 86.0242092, 24.7666794 ], [ 86.0170086, 24.7639931 ], [ 86.0129101, 24.7643422 ], [ 86.005067, 24.7618806 ], [ 86.0012384, 24.7591871 ], [ 85.9964408, 24.7531862 ], [ 85.9859395, 24.750847 ], [ 85.9831998, 24.7486437 ], [ 85.980077, 24.7488177 ], [ 85.9734772, 24.7428527 ], [ 85.9716671, 24.73983 ], [ 85.9717968, 24.7365081 ], [ 85.9690451, 24.7331253 ], [ 85.9585019, 24.7322989 ], [ 85.9443967, 24.7335702 ], [ 85.9366277, 24.7351533 ], [ 85.9338508, 24.7375323 ], [ 85.9251656, 24.7409549 ], [ 85.9139194, 24.7499856 ], [ 85.9002111, 24.7704899 ], [ 85.9000632, 24.7728146 ], [ 85.8865821, 24.7840649 ], [ 85.886088, 24.786868 ], [ 85.8892775, 24.7897386 ], [ 85.8894163, 24.7923611 ], [ 85.8837845, 24.7963022 ], [ 85.8672336, 24.8042467 ], [ 85.8549344, 24.8079921 ], [ 85.8273195, 24.8082702 ], [ 85.820431, 24.8076449 ], [ 85.8152698, 24.8040454 ], [ 85.8106437, 24.7990059 ], [ 85.8095684, 24.7940176 ], [ 85.7890854, 24.7964718 ], [ 85.7800093, 24.799459 ], [ 85.7782807, 24.7966277 ], [ 85.7680386, 24.8039332 ], [ 85.7687128, 24.8078337 ], [ 85.7621558, 24.8127716 ], [ 85.7574226, 24.8131922 ], [ 85.7367305, 24.8210605 ], [ 85.7342016, 24.8192341 ], [ 85.7308928, 24.8133549 ], [ 85.7307648, 24.8023818 ], [ 85.7290999, 24.7983792 ], [ 85.7235952, 24.7970649 ], [ 85.72235, 24.7856951 ], [ 85.7073595, 24.7797594 ], [ 85.7095528, 24.7768511 ], [ 85.7085093, 24.7763913 ], [ 85.7066846, 24.7683847 ], [ 85.7096451, 24.7670333 ], [ 85.704563, 24.7671355 ], [ 85.7039006, 24.7516441 ], [ 85.7093691, 24.7463521 ], [ 85.7093518, 24.7426642 ], [ 85.7067902, 24.7407248 ], [ 85.7064554, 24.7372585 ], [ 85.7077517, 24.7372124 ], [ 85.70631, 24.7321215 ], [ 85.7082581, 24.7259092 ], [ 85.7001034, 24.7170978 ], [ 85.6978315, 24.7108516 ], [ 85.6891349, 24.6980848 ], [ 85.6820005, 24.6919193 ], [ 85.6760915, 24.6896977 ], [ 85.6714686, 24.6902194 ], [ 85.6492139, 24.684766 ], [ 85.6499129, 24.6804627 ], [ 85.6536381, 24.6767034 ], [ 85.6541357, 24.6741766 ], [ 85.660522, 24.6723614 ], [ 85.659992, 24.6676398 ], [ 85.666769, 24.6608739 ], [ 85.667522, 24.6574534 ], [ 85.6645529, 24.65476 ], [ 85.6644246, 24.6519676 ], [ 85.6625628, 24.6496369 ], [ 85.6649408, 24.6428841 ], [ 85.6686709, 24.6405869 ], [ 85.6674447, 24.6368314 ], [ 85.6721972, 24.6296916 ], [ 85.6733266, 24.6209669 ], [ 85.6761985, 24.6166248 ], [ 85.6746146, 24.6113636 ], [ 85.675598, 24.6051486 ], [ 85.673965, 24.5974682 ], [ 85.6771242, 24.594571 ], [ 85.6775263, 24.5906708 ], [ 85.6673829, 24.5788924 ], [ 85.6580862, 24.5780303 ], [ 85.651714, 24.5748164 ], [ 85.6500454, 24.575917 ], [ 85.640114, 24.5767354 ], [ 85.6352125, 24.5791868 ], [ 85.631836, 24.5788801 ], [ 85.6268604, 24.581864 ], [ 85.6246784, 24.5820807 ], [ 85.6202753, 24.5799184 ], [ 85.6147268, 24.5807441 ], [ 85.6119073, 24.5879077 ], [ 85.6019881, 24.5955578 ], [ 85.5981027, 24.5961485 ], [ 85.5941931, 24.5944821 ], [ 85.5921978, 24.5974383 ], [ 85.5894579, 24.5967786 ], [ 85.5807675, 24.600681 ], [ 85.5722379, 24.5962093 ], [ 85.5680288, 24.5915854 ], [ 85.5659984, 24.5872542 ], [ 85.5669516, 24.5852423 ], [ 85.5662691, 24.5788074 ], [ 85.5671795, 24.5767912 ], [ 85.5716089, 24.5747007 ], [ 85.5697748, 24.5693343 ], [ 85.5722401, 24.5654002 ], [ 85.5717711, 24.5618199 ], [ 85.5678658, 24.5583357 ], [ 85.5614953, 24.5586779 ], [ 85.5602269, 24.5527365 ], [ 85.5562658, 24.558014 ], [ 85.5445577, 24.5633124 ], [ 85.5407409, 24.5627191 ], [ 85.5423036, 24.5576024 ], [ 85.5438116, 24.5569156 ], [ 85.5454451, 24.5480304 ], [ 85.5407765, 24.5305103 ], [ 85.5381634, 24.5278494 ], [ 85.529817, 24.5238871 ], [ 85.5273609, 24.5239837 ], [ 85.5239628, 24.5212707 ], [ 85.521794, 24.5219726 ], [ 85.5183898, 24.5261498 ], [ 85.5073021, 24.5253052 ], [ 85.5095188, 24.5315469 ], [ 85.5088279, 24.5376574 ], [ 85.4990186, 24.5461504 ], [ 85.4916612, 24.5480997 ], [ 85.4858512, 24.5464881 ], [ 85.4780343, 24.5467509 ], [ 85.471415, 24.544751 ], [ 85.4654249, 24.5391257 ], [ 85.4595901, 24.5362446 ], [ 85.450279, 24.5371479 ], [ 85.4442916, 24.534203 ], [ 85.439253, 24.5331896 ], [ 85.4367911, 24.5342559 ], [ 85.4339622, 24.5311379 ], [ 85.4346272, 24.528524 ], [ 85.4299992, 24.5295459 ], [ 85.4322552, 24.5317117 ], [ 85.4133444, 24.5413553 ], [ 85.4044816, 24.5418628 ], [ 85.4009934, 24.5453483 ], [ 85.388612, 24.5492997 ], [ 85.3849996, 24.5519317 ], [ 85.3843534, 24.5554933 ], [ 85.3707762, 24.5553498 ], [ 85.3711121, 24.5527976 ], [ 85.3795212, 24.5511157 ], [ 85.397211, 24.5448648 ], [ 85.3967103, 24.5400667 ], [ 85.3942779, 24.5397249 ], [ 85.3920719, 24.5348081 ], [ 85.3919337, 24.5303452 ], [ 85.3728989, 24.524965 ], [ 85.3586243, 24.5252576 ], [ 85.3501676, 24.5229678 ], [ 85.3360856, 24.5233169 ], [ 85.3338855, 24.5216912 ], [ 85.3222024, 24.5199903 ], [ 85.3040287, 24.5231923 ], [ 85.2880866, 24.5232607 ], [ 85.2813744, 24.5202172 ], [ 85.2833258, 24.516982 ], [ 85.2808175, 24.5145165 ], [ 85.2805738, 24.5124721 ], [ 85.2834329, 24.5033151 ], [ 85.285585, 24.5022959 ], [ 85.2838742, 24.4988262 ], [ 85.2848791, 24.4946358 ], [ 85.2823533, 24.491818 ], [ 85.2748636, 24.4931723 ], [ 85.2669722, 24.4912616 ], [ 85.2491092, 24.490728 ], [ 85.2454468, 24.4847078 ], [ 85.2401709, 24.4814979 ], [ 85.2420238, 24.4795825 ], [ 85.24128, 24.4752134 ], [ 85.2368965, 24.4710548 ], [ 85.2322078, 24.473094 ], [ 85.2259832, 24.4633569 ], [ 85.2221006, 24.4650928 ], [ 85.2065766, 24.4673274 ], [ 85.2026865, 24.4613122 ], [ 85.1999046, 24.4604695 ], [ 85.1912657, 24.4630736 ], [ 85.1805684, 24.4624549 ], [ 85.1721685, 24.4590406 ], [ 85.1673115, 24.4611185 ], [ 85.1607521, 24.4603393 ], [ 85.1540537, 24.4549915 ], [ 85.1552909, 24.4525221 ], [ 85.1544319, 24.4481661 ], [ 85.1571924, 24.4443963 ], [ 85.162237, 24.4449549 ], [ 85.1639231, 24.4438936 ], [ 85.1665736, 24.4365801 ], [ 85.1703493, 24.4331573 ], [ 85.170338, 24.4291443 ], [ 85.1753452, 24.4238476 ], [ 85.1739045, 24.4206203 ], [ 85.1696532, 24.4212457 ], [ 85.165408, 24.4194311 ], [ 85.1622916, 24.4126203 ], [ 85.1522199, 24.4120175 ], [ 85.1508342, 24.4101263 ], [ 85.1438041, 24.4071796 ], [ 85.1326089, 24.4051041 ], [ 85.1276547, 24.4019985 ], [ 85.1230555, 24.401976 ], [ 85.1166183, 24.3934982 ], [ 85.1168108, 24.3914308 ], [ 85.1075647, 24.386189 ], [ 85.1026904, 24.3848748 ], [ 85.1042094, 24.3786816 ], [ 85.103431, 24.377079 ], [ 85.0986857, 24.3735933 ], [ 85.0890463, 24.3724989 ], [ 85.0853342, 24.3760776 ], [ 85.0740379, 24.3770313 ], [ 85.073239, 24.3782272 ], [ 85.0800645, 24.393415 ], [ 85.0773339, 24.3930575 ], [ 85.0783332, 24.3966872 ], [ 85.082621, 24.3983497 ], [ 85.0831283, 24.3997131 ], [ 85.0810706, 24.4059916 ], [ 85.0830885, 24.4155802 ], [ 85.0820186, 24.4159004 ], [ 85.0818665, 24.4139051 ], [ 85.0798052, 24.4154619 ], [ 85.0810217, 24.4330357 ], [ 85.0690698, 24.4222114 ], [ 85.0629738, 24.4069242 ], [ 85.0616476, 24.4070997 ], [ 85.0611109, 24.4058626 ], [ 85.0488746, 24.4078883 ], [ 85.0458024, 24.4095434 ], [ 85.0423387, 24.4142814 ], [ 85.0387366, 24.4119546 ], [ 85.035654, 24.413948 ], [ 85.0311674, 24.4145728 ], [ 85.0191233, 24.4091028 ], [ 85.0026895, 24.3972769 ], [ 84.9983022, 24.3975621 ], [ 84.9969306, 24.3946998 ], [ 84.9837388, 24.3872479 ], [ 84.9812444, 24.3808352 ], [ 84.9748867, 24.3747138 ], [ 84.9609042, 24.3734223 ], [ 84.9547919, 24.371331 ], [ 84.9408131, 24.3762536 ], [ 84.9374833, 24.3799205 ], [ 84.9228594, 24.3775288 ], [ 84.9161998, 24.373301 ], [ 84.9038295, 24.3722475 ], [ 84.9003412, 24.3768165 ], [ 84.9089826, 24.3835364 ], [ 84.9049869, 24.3901007 ], [ 84.9042166, 24.3954054 ], [ 84.8926371, 24.4050354 ], [ 84.8913516, 24.4140502 ], [ 84.8863337, 24.4214945 ], [ 84.8822813, 24.4247674 ], [ 84.8854805, 24.4257526 ], [ 84.8849036, 24.4278992 ], [ 84.8874387, 24.431964 ], [ 84.8846579, 24.4407994 ], [ 84.8859327, 24.4456392 ], [ 84.8852755, 24.4525161 ], [ 84.8867007, 24.4532316 ], [ 84.8856597, 24.4588475 ], [ 84.8872773, 24.4632833 ], [ 84.884605, 24.4649907 ], [ 84.8828094, 24.4620533 ], [ 84.8797124, 24.4660328 ], [ 84.874802, 24.4672137 ], [ 84.8725037, 24.466487 ], [ 84.8725186, 24.4613409 ], [ 84.8709553, 24.4582893 ], [ 84.8639921, 24.4572733 ], [ 84.8632125, 24.4611102 ], [ 84.854014, 24.4667066 ], [ 84.8509078, 24.4620387 ], [ 84.8487838, 24.4544501 ], [ 84.8400953, 24.4521913 ], [ 84.8370653, 24.4591017 ], [ 84.8376518, 24.460483 ], [ 84.8401077, 24.4607816 ], [ 84.8406135, 24.4688935 ], [ 84.832924, 24.4702142 ], [ 84.8342252, 24.4729501 ], [ 84.8333457, 24.4775181 ], [ 84.8353691, 24.4851241 ], [ 84.8337764, 24.4935904 ], [ 84.8353382, 24.4964772 ], [ 84.8382165, 24.4976828 ], [ 84.8398483, 24.5067117 ], [ 84.8389388, 24.5126113 ], [ 84.8255585, 24.5254274 ], [ 84.8112661, 24.5216348 ], [ 84.8082561, 24.5220398 ], [ 84.8018911, 24.5307444 ], [ 84.7966145, 24.5255506 ], [ 84.7973219, 24.5225807 ], [ 84.7894649, 24.5182835 ], [ 84.7895066, 24.5076981 ], [ 84.7860903, 24.5038276 ], [ 84.7779547, 24.5044816 ], [ 84.7634251, 24.5002493 ], [ 84.7555808, 24.4999639 ], [ 84.7480495, 24.495998 ], [ 84.7463972, 24.4861299 ], [ 84.7431116, 24.4849795 ], [ 84.7290127, 24.4701546 ], [ 84.7203034, 24.4688138 ], [ 84.7172022, 24.4701436 ], [ 84.7162121, 24.4719972 ], [ 84.7102048, 24.4712404 ], [ 84.7073509, 24.4676067 ], [ 84.7033007, 24.4660693 ], [ 84.7025386, 24.4622271 ], [ 84.6909923, 24.457847 ], [ 84.68827, 24.4578548 ], [ 84.685318, 24.4551246 ], [ 84.6813581, 24.4464336 ], [ 84.6820766, 24.444812 ], [ 84.6790894, 24.4355904 ], [ 84.6769237, 24.4354219 ], [ 84.6723132, 24.4314891 ], [ 84.6705012, 24.4281164 ], [ 84.6759585, 24.4260109 ], [ 84.6733567, 24.4169158 ], [ 84.674559, 24.4154573 ], [ 84.6734638, 24.4135572 ], [ 84.6744783, 24.4109478 ], [ 84.6737384, 24.4098194 ], [ 84.6718755, 24.410926 ], [ 84.6685968, 24.4097171 ], [ 84.6701791, 24.4085263 ], [ 84.6703306, 24.4049195 ], [ 84.6676143, 24.4044011 ], [ 84.6687709, 24.4028237 ], [ 84.6680898, 24.3985861 ], [ 84.6650665, 24.3908777 ], [ 84.6610945, 24.39193 ], [ 84.6563915, 24.3966929 ], [ 84.6499521, 24.3979968 ], [ 84.6462606, 24.4031102 ], [ 84.6451117, 24.4023333 ], [ 84.6447829, 24.3991002 ], [ 84.642545, 24.3988751 ], [ 84.6411587, 24.4001515 ], [ 84.6361937, 24.4004457 ], [ 84.6359532, 24.4017609 ], [ 84.6307875, 24.4054444 ], [ 84.6272772, 24.4017885 ], [ 84.6249847, 24.4017143 ], [ 84.6220714, 24.4037185 ], [ 84.6193308, 24.4003733 ], [ 84.6168218, 24.4017003 ], [ 84.6144313, 24.3992219 ], [ 84.6044839, 24.4012745 ], [ 84.6028076, 24.4034546 ], [ 84.5967836, 24.4050921 ], [ 84.5945457, 24.4048388 ], [ 84.5917222, 24.4011728 ], [ 84.5868277, 24.4005803 ], [ 84.5885456, 24.408557 ], [ 84.5843838, 24.4126727 ], [ 84.582752, 24.4131237 ], [ 84.5784544, 24.4102786 ], [ 84.5681915, 24.4094399 ], [ 84.5656397, 24.4012893 ], [ 84.5620953, 24.3966266 ], [ 84.5659445, 24.3924597 ], [ 84.5741004, 24.3891604 ], [ 84.5744123, 24.3856305 ], [ 84.572359, 24.38262 ], [ 84.5682926, 24.3821661 ], [ 84.5592225, 24.3761767 ], [ 84.5549651, 24.3752268 ], [ 84.5537935, 24.3728564 ], [ 84.5496585, 24.3734547 ], [ 84.5469211, 24.3772451 ], [ 84.5403773, 24.3759686 ], [ 84.5322144, 24.3783337 ], [ 84.5278205, 24.3757353 ], [ 84.5283315, 24.3711494 ], [ 84.5351231, 24.3631502 ], [ 84.5335882, 24.3596824 ], [ 84.5245242, 24.3500482 ], [ 84.525927, 24.345711 ], [ 84.5311683, 24.3404781 ], [ 84.5314409, 24.3382077 ], [ 84.5231879, 24.332966 ], [ 84.5167423, 24.3177264 ], [ 84.5099707, 24.3160512 ], [ 84.5089837, 24.3126333 ], [ 84.5098475, 24.3052263 ], [ 84.5070124, 24.2978887 ], [ 84.5046353, 24.2959954 ], [ 84.5018846, 24.2883869 ], [ 84.4959043, 24.2860687 ], [ 84.4917378, 24.2861487 ], [ 84.4893046, 24.2912651 ], [ 84.4891597, 24.2945199 ], [ 84.4941997, 24.2961231 ], [ 84.4968184, 24.2995834 ], [ 84.490567, 24.3039445 ], [ 84.4887861, 24.3008536 ], [ 84.4843542, 24.3019674 ], [ 84.4886068, 24.3151953 ], [ 84.4975018, 24.316256 ], [ 84.4990961, 24.3197994 ], [ 84.5034547, 24.3205321 ], [ 84.5053585, 24.3244993 ], [ 84.5076215, 24.3248097 ], [ 84.5052855, 24.3313314 ], [ 84.5000172, 24.3292651 ], [ 84.4954635, 24.3253424 ], [ 84.4957181, 24.3236133 ], [ 84.4923903, 24.3208893 ], [ 84.4898591, 24.3164584 ], [ 84.4882772, 24.3157327 ], [ 84.4870879, 24.3133456 ], [ 84.4844914, 24.3126704 ], [ 84.4771652, 24.3171445 ], [ 84.4722766, 24.3146559 ], [ 84.4663919, 24.3173093 ], [ 84.4647984, 24.3210164 ], [ 84.4676337, 24.3246261 ], [ 84.4637589, 24.328023 ], [ 84.4655694, 24.3313986 ], [ 84.459607, 24.3370943 ], [ 84.4518325, 24.3372971 ], [ 84.451278, 24.3328148 ], [ 84.4244017, 24.3298375 ], [ 84.4230146, 24.3354852 ], [ 84.4249882, 24.3431135 ], [ 84.4249808, 24.3491941 ], [ 84.4273237, 24.3551294 ], [ 84.4311136, 24.3565229 ], [ 84.4165138, 24.3590014 ], [ 84.4100447, 24.3625782 ], [ 84.4043137, 24.3629496 ], [ 84.400357, 24.364625 ], [ 84.4005742, 24.3667782 ], [ 84.4052074, 24.3703842 ], [ 84.4065736, 24.3748935 ], [ 84.3986238, 24.3727417 ], [ 84.3938731, 24.3733924 ], [ 84.3935286, 24.3766652 ], [ 84.3869448, 24.3823266 ], [ 84.3888179, 24.3845068 ], [ 84.3867085, 24.3852338 ], [ 84.3882417, 24.3892919 ], [ 84.3787042, 24.3879787 ], [ 84.3731896, 24.3836224 ], [ 84.3691917, 24.3854372 ], [ 84.3634843, 24.3854775 ], [ 84.363277, 24.3883169 ], [ 84.3614187, 24.3890028 ], [ 84.3492933, 24.3907572 ], [ 84.3416231, 24.3935455 ], [ 84.3445545, 24.399446 ], [ 84.3331366, 24.4046977 ], [ 84.3303493, 24.4105924 ], [ 84.3336269, 24.4126924 ], [ 84.3329792, 24.4183394 ], [ 84.3345265, 24.420642 ], [ 84.3303453, 24.4217107 ], [ 84.3297004, 24.4191961 ], [ 84.3228235, 24.4179435 ], [ 84.3205346, 24.421071 ], [ 84.3205978, 24.423292 ], [ 84.3244515, 24.4274689 ], [ 84.3290425, 24.4251365 ], [ 84.3334253, 24.4260361 ], [ 84.3355654, 24.4248991 ], [ 84.3368066, 24.4288493 ], [ 84.3352091, 24.4292822 ], [ 84.3356028, 24.4314897 ], [ 84.3337932, 24.4319271 ], [ 84.3279823, 24.4390758 ], [ 84.3251224, 24.4390523 ], [ 84.3245296, 24.4418012 ], [ 84.3221275, 24.4434931 ], [ 84.321791, 24.4463685 ], [ 84.2973752, 24.4493914 ], [ 84.296261, 24.4569248 ], [ 84.2925545, 24.4614731 ], [ 84.2915007, 24.4664154 ], [ 84.296031, 24.4698982 ], [ 84.2960978, 24.4734779 ], [ 84.3037387, 24.4805327 ], [ 84.3084929, 24.4817266 ], [ 84.3151841, 24.4861848 ], [ 84.3274463, 24.4873403 ], [ 84.3275283, 24.4923554 ], [ 84.3264227, 24.4939846 ], [ 84.3274087, 24.5005338 ], [ 84.3238979, 24.5039458 ], [ 84.3222238, 24.5080891 ], [ 84.3224718, 24.5166975 ], [ 84.3124133, 24.5234647 ], [ 84.3129971, 24.5301774 ], [ 84.3113666, 24.534465 ], [ 84.2997435, 24.5463993 ], [ 84.2981321, 24.5587624 ], [ 84.2968378, 24.5605764 ], [ 84.2894676, 24.5628159 ], [ 84.284554, 24.5593959 ], [ 84.2815488, 24.5588659 ], [ 84.2705317, 24.5600142 ], [ 84.2708772, 24.5541146 ], [ 84.2738385, 24.5540309 ], [ 84.2737229, 24.5504195 ], [ 84.2798641, 24.5478732 ], [ 84.2773751, 24.5437818 ], [ 84.2692873, 24.543185 ], [ 84.2681176, 24.5382982 ], [ 84.2648306, 24.5381261 ], [ 84.2638568, 24.5344419 ], [ 84.259021, 24.534339 ], [ 84.2567927, 24.5268846 ], [ 84.2504528, 24.5279453 ], [ 84.2509599, 24.5323554 ], [ 84.2496253, 24.5347061 ], [ 84.24459, 24.5367386 ], [ 84.2423491, 24.541453 ], [ 84.2362672, 24.5389162 ], [ 84.2363998, 24.549321 ], [ 84.2333256, 24.5498649 ], [ 84.2208763, 24.5460906 ], [ 84.218691, 24.5338454 ], [ 84.2150633, 24.5327191 ], [ 84.2095031, 24.5341803 ], [ 84.2095027, 24.5410056 ], [ 84.2019787, 24.543578 ], [ 84.1992716, 24.547299 ], [ 84.199927, 24.5539975 ], [ 84.1872329, 24.5529289 ], [ 84.1879366, 24.5488028 ], [ 84.1843173, 24.5447912 ], [ 84.173184, 24.5447004 ], [ 84.1739611, 24.537893 ], [ 84.1814986, 24.5208182 ], [ 84.1846715, 24.5214444 ], [ 84.1849469, 24.5195936 ], [ 84.1840305, 24.5137674 ], [ 84.1786255, 24.5056385 ], [ 84.1697494, 24.5033302 ], [ 84.1536835, 24.5115722 ], [ 84.1524558, 24.5151746 ], [ 84.1573554, 24.5224927 ], [ 84.1642072, 24.5281815 ], [ 84.1634884, 24.5334045 ], [ 84.159575, 24.5322905 ], [ 84.1537432, 24.5358172 ], [ 84.1442791, 24.5382517 ], [ 84.134305, 24.5243223 ], [ 84.1345811, 24.5204221 ], [ 84.1365349, 24.5195914 ], [ 84.1390896, 24.509895 ], [ 84.1405339, 24.5005333 ], [ 84.1371495, 24.4979651 ], [ 84.1301149, 24.497505 ], [ 84.1276088, 24.4952391 ], [ 84.1251375, 24.4919122 ], [ 84.1247379, 24.4807399 ], [ 84.1218277, 24.4814395 ], [ 84.1172159, 24.4804598 ], [ 84.1108091, 24.4767352 ], [ 84.1043226, 24.4805263 ], [ 84.1000008, 24.4853737 ], [ 84.0982777, 24.4926681 ], [ 84.0944053, 24.4932182 ], [ 84.0919579, 24.4956011 ], [ 84.0919031, 24.4977407 ], [ 84.0908279, 24.4968874 ], [ 84.0899052, 24.4977674 ], [ 84.0890456, 24.5018247 ], [ 84.0921978, 24.5026153 ], [ 84.0919655, 24.5043081 ], [ 84.0856258, 24.5051822 ], [ 84.086231, 24.5104593 ], [ 84.0878387, 24.5127393 ], [ 84.0852042, 24.5125626 ], [ 84.0846167, 24.5135556 ], [ 84.0863424, 24.5170499 ], [ 84.0885723, 24.5177637 ], [ 84.0872391, 24.5210903 ], [ 84.0888303, 24.5296989 ], [ 84.0932161, 24.5336452 ], [ 84.0892333, 24.5357975 ], [ 84.0852761, 24.5345371 ], [ 84.0856353, 24.5376429 ], [ 84.0824912, 24.5398268 ], [ 84.0780695, 24.5404169 ], [ 84.077633, 24.5463255 ], [ 84.0750394, 24.5531139 ], [ 84.0727291, 24.5547201 ], [ 84.0724903, 24.5590896 ], [ 84.0756185, 24.5613883 ], [ 84.0733179, 24.5629312 ], [ 84.072867, 24.5672059 ], [ 84.0688541, 24.5672812 ], [ 84.0683096, 24.5705988 ], [ 84.0635908, 24.5707821 ], [ 84.0636586, 24.5733912 ], [ 84.060608, 24.5736472 ], [ 84.063162, 24.5796338 ], [ 84.0649087, 24.5810294 ], [ 84.0624838, 24.583326 ], [ 84.0617566, 24.586463 ], [ 84.0541947, 24.5849113 ], [ 84.0509503, 24.5866386 ], [ 84.0572068, 24.5924782 ], [ 84.0503154, 24.6000494 ], [ 84.0489306, 24.6040436 ], [ 84.0468963, 24.6041825 ], [ 84.0487054, 24.6090044 ], [ 84.0508834, 24.6080124 ], [ 84.0520228, 24.6099224 ], [ 84.0489259, 24.6117038 ], [ 84.0446997, 24.61116 ], [ 84.0453199, 24.6142208 ], [ 84.0425717, 24.6186024 ], [ 84.0392195, 24.6176842 ], [ 84.037188, 24.6206081 ], [ 84.0330848, 24.6203754 ], [ 84.0343718, 24.6228724 ], [ 84.0334432, 24.6300266 ], [ 84.0243875, 24.6285988 ], [ 84.0233284, 24.6314194 ], [ 84.0266612, 24.6322071 ], [ 84.0273071, 24.633494 ], [ 84.0207843, 24.6383466 ], [ 84.0077915, 24.6428916 ], [ 83.994007, 24.6316977 ], [ 83.9754158, 24.5914125 ], [ 83.9689704, 24.5856484 ], [ 83.967324, 24.5815733 ], [ 83.9553326, 24.5678897 ], [ 83.9430691, 24.5581594 ], [ 83.9361324, 24.5491159 ], [ 83.9092566, 24.5412122 ], [ 83.8990569, 24.5405691 ], [ 83.8886202, 24.5378712 ], [ 83.8731464, 24.5317504 ], [ 83.8617562, 24.5367259 ], [ 83.8535055, 24.535985 ], [ 83.8428921, 24.5326966 ], [ 83.816503, 24.5290822 ], [ 83.8001832, 24.5295318 ], [ 83.7847939, 24.5207684 ], [ 83.7555383, 24.5097244 ], [ 83.7464678, 24.510169 ], [ 83.7276068, 24.5042515 ], [ 83.7205663, 24.5034526 ], [ 83.7155198, 24.5037762 ], [ 83.7059814, 24.5080294 ], [ 83.6919619, 24.5110561 ], [ 83.6881643, 24.5136759 ], [ 83.6783114, 24.5130567 ], [ 83.652395, 24.5148015 ], [ 83.6288954, 24.5124882 ], [ 83.5970041, 24.5124631 ], [ 83.5725214, 24.5165462 ], [ 83.550927, 24.5233127 ], [ 83.5032904, 24.5254294 ], [ 83.4986094, 24.5318022 ], [ 83.4971217, 24.5390957 ], [ 83.5222794, 24.5476627 ], [ 83.5227467, 24.5556754 ], [ 83.5282945, 24.5615835 ], [ 83.5300965, 24.567322 ], [ 83.5288126, 24.5745841 ], [ 83.5302187, 24.5820512 ], [ 83.527999, 24.5862749 ], [ 83.5243487, 24.5889403 ], [ 83.5226575, 24.5985495 ], [ 83.5235276, 24.6031318 ], [ 83.5272975, 24.6058698 ], [ 83.5304179, 24.612399 ], [ 83.5419174, 24.6127489 ], [ 83.5432673, 24.6173043 ], [ 83.5479792, 24.6232788 ], [ 83.5436996, 24.6282825 ], [ 83.5315329, 24.6269619 ], [ 83.5246928, 24.6278242 ], [ 83.5247606, 24.6294312 ], [ 83.5267948, 24.6300148 ], [ 83.5298071, 24.6430261 ], [ 83.5201929, 24.6410606 ], [ 83.5163523, 24.6447909 ], [ 83.5098989, 24.6483025 ], [ 83.5047933, 24.6468992 ], [ 83.5028761, 24.6477959 ], [ 83.5004921, 24.6512516 ], [ 83.5039893, 24.666295 ], [ 83.5091467, 24.6711877 ], [ 83.5203798, 24.677502 ], [ 83.5168395, 24.6811152 ], [ 83.5177568, 24.6830072 ], [ 83.5108031, 24.6857826 ], [ 83.5070121, 24.6928214 ], [ 83.4988559, 24.6948603 ], [ 83.5005352, 24.6973166 ], [ 83.4986398, 24.7033283 ], [ 83.4952915, 24.7045171 ], [ 83.4897388, 24.7004454 ], [ 83.4851299, 24.7016721 ], [ 83.4854433, 24.7153491 ], [ 83.4883311, 24.7227858 ], [ 83.4893396, 24.7363285 ], [ 83.4863913, 24.7365636 ], [ 83.4708985, 24.7323719 ], [ 83.4622747, 24.7330904 ], [ 83.4602915, 24.7312183 ], [ 83.4580972, 24.7313459 ], [ 83.4573279, 24.7338019 ], [ 83.4531869, 24.7350048 ], [ 83.4508316, 24.7385539 ], [ 83.448637, 24.7383293 ], [ 83.4488158, 24.7398414 ], [ 83.4471161, 24.7407811 ], [ 83.4415564, 24.7509696 ], [ 83.4413764, 24.7564495 ], [ 83.437442, 24.7573404 ], [ 83.4348534, 24.7607901 ], [ 83.4278396, 24.7631039 ], [ 83.427832, 24.7682948 ], [ 83.4219741, 24.7693982 ], [ 83.4128151, 24.775025 ], [ 83.407945, 24.7741054 ], [ 83.3977761, 24.7781066 ], [ 83.3967082, 24.779023 ], [ 83.3969856, 24.7817855 ], [ 83.3930502, 24.7827339 ], [ 83.3932485, 24.7865301 ], [ 83.3911771, 24.7894733 ], [ 83.3996387, 24.7966628 ], [ 83.3958317, 24.8000127 ], [ 83.3937407, 24.8047615 ], [ 83.3992456, 24.8089495 ], [ 83.4018528, 24.8139008 ], [ 83.4013642, 24.8188752 ], [ 83.3950992, 24.826166 ], [ 83.396594, 24.8323453 ], [ 83.3928255, 24.8360967 ], [ 83.3925194, 24.8406015 ], [ 83.386816, 24.8397535 ], [ 83.3814196, 24.8465201 ], [ 83.3799456, 24.8495219 ], [ 83.3805098, 24.8537107 ], [ 83.376567, 24.8563875 ], [ 83.3767402, 24.860143 ], [ 83.3692795, 24.8623096 ], [ 83.3574341, 24.8709074 ], [ 83.3608824, 24.8742435 ], [ 83.3680073, 24.8766815 ], [ 83.3694618, 24.8798728 ], [ 83.3615393, 24.8846569 ], [ 83.358273, 24.8881323 ], [ 83.3582578, 24.8907683 ], [ 83.3647948, 24.8908502 ], [ 83.3658784, 24.8930169 ], [ 83.362117, 24.8976206 ], [ 83.3574498, 24.9005135 ], [ 83.3545786, 24.9054693 ], [ 83.356454, 24.9074691 ], [ 83.3623039, 24.909018 ], [ 83.3636745, 24.9130083 ], [ 83.3622386, 24.9182667 ], [ 83.3628465, 24.9277322 ], [ 83.3609353, 24.9323721 ], [ 83.3649049, 24.9374956 ], [ 83.3610529, 24.94228 ], [ 83.3614528, 24.9537223 ], [ 83.3596948, 24.9561461 ], [ 83.3550208, 24.9566285 ], [ 83.3498306, 24.9630598 ], [ 83.346726, 24.963452 ], [ 83.343701, 24.9620566 ], [ 83.3431066, 24.9630721 ], [ 83.3450255, 24.9721451 ], [ 83.3433743, 24.981204 ], [ 83.3476366, 24.9881469 ], [ 83.3502016, 24.990183 ], [ 83.3499882, 24.992142 ], [ 83.352538, 24.9965613 ], [ 83.3498105, 25.0092486 ], [ 83.3466354, 25.009248 ], [ 83.3341183, 25.0140972 ], [ 83.3265831, 25.0129123 ], [ 83.3202159, 25.0172614 ], [ 83.3214115, 25.0246734 ], [ 83.3247996, 25.0247287 ], [ 83.3238166, 25.0265889 ], [ 83.3243446, 25.0373341 ], [ 83.3357136, 25.0509318 ], [ 83.3433524, 25.0508795 ], [ 83.342751, 25.0598708 ], [ 83.335937, 25.0614584 ], [ 83.3404241, 25.0686547 ], [ 83.3413095, 25.0815364 ], [ 83.3441089, 25.0861499 ], [ 83.347266, 25.0867958 ], [ 83.3481858, 25.1005988 ], [ 83.3506935, 25.1050677 ], [ 83.3500876, 25.1132781 ], [ 83.3632846, 25.1111801 ], [ 83.3660607, 25.125114 ], [ 83.3673696, 25.1252269 ], [ 83.3681679, 25.1298895 ], [ 83.3642658, 25.1306026 ], [ 83.3641913, 25.1319612 ], [ 83.3619055, 25.1326833 ], [ 83.3637945, 25.1378876 ], [ 83.3636258, 25.1417514 ], [ 83.3627531, 25.1418011 ], [ 83.3634123, 25.1534734 ], [ 83.3577488, 25.1561362 ], [ 83.3513015, 25.1570113 ], [ 83.3516331, 25.1629604 ], [ 83.3563732, 25.1776347 ], [ 83.3529704, 25.178641 ], [ 83.3535304, 25.1833308 ], [ 83.3497851, 25.1848876 ], [ 83.3519473, 25.1886613 ], [ 83.3538049, 25.188875 ], [ 83.355305, 25.1963844 ], [ 83.3572494, 25.1996614 ], [ 83.3633912, 25.1982173 ], [ 83.3634607, 25.1968452 ], [ 83.3663032, 25.1953557 ], [ 83.3726881, 25.2003342 ], [ 83.3819356, 25.2017508 ], [ 83.3835333, 25.2032763 ], [ 83.3824775, 25.2106968 ], [ 83.3862237, 25.2121543 ], [ 83.3897113, 25.210082 ], [ 83.3903801, 25.204959 ], [ 83.3931235, 25.2043446 ], [ 83.3958629, 25.2075894 ], [ 83.3952443, 25.2145225 ], [ 83.3976065, 25.2163094 ], [ 83.3997151, 25.2158621 ], [ 83.4021702, 25.2127832 ], [ 83.4008992, 25.2095247 ], [ 83.4020402, 25.209064 ], [ 83.4038424, 25.213153 ], [ 83.4020586, 25.2212012 ], [ 83.402769, 25.2243651 ], [ 83.409276, 25.2293193 ], [ 83.406568, 25.2338066 ], [ 83.4062617, 25.2377336 ], [ 83.4076964, 25.2395206 ], [ 83.4117549, 25.2369511 ], [ 83.412573, 25.2349468 ], [ 83.4136103, 25.2354927 ], [ 83.4128027, 25.2388511 ], [ 83.4088581, 25.2407886 ], [ 83.4099122, 25.2466063 ], [ 83.417981, 25.2506573 ], [ 83.4218182, 25.2465207 ], [ 83.4267213, 25.2463928 ], [ 83.4274068, 25.2479136 ], [ 83.4247532, 25.2518188 ], [ 83.4272058, 25.2536685 ], [ 83.4326886, 25.2504483 ], [ 83.433664, 25.245531 ], [ 83.4362292, 25.2442391 ], [ 83.4375006, 25.2461072 ], [ 83.4370256, 25.2488743 ], [ 83.4407701, 25.2533066 ], [ 83.4389608, 25.2578345 ], [ 83.4421384, 25.2591509 ], [ 83.4430191, 25.2545649 ], [ 83.446505, 25.2575151 ], [ 83.4470028, 25.259898 ], [ 83.4500907, 25.2610384 ], [ 83.4529864, 25.2562661 ], [ 83.46031, 25.25294 ], [ 83.4626756, 25.2503614 ], [ 83.4679231, 25.2523442 ], [ 83.4706568, 25.2576008 ], [ 83.4770133, 25.2615098 ], [ 83.4797135, 25.2675246 ], [ 83.4766684, 25.2705643 ], [ 83.4768034, 25.2718055 ], [ 83.4800288, 25.2762537 ], [ 83.4853234, 25.2793236 ], [ 83.4869903, 25.2835922 ], [ 83.4899495, 25.2840412 ], [ 83.4903767, 25.2894798 ], [ 83.4923478, 25.289731 ], [ 83.4935374, 25.2876989 ], [ 83.4933709, 25.2849097 ], [ 83.4910703, 25.2827766 ], [ 83.4913753, 25.2799102 ], [ 83.4973875, 25.2803477 ], [ 83.4968344, 25.2832278 ], [ 83.4979662, 25.2858355 ], [ 83.5022762, 25.2874733 ], [ 83.5044665, 25.2865769 ], [ 83.5019934, 25.2823952 ], [ 83.5054599, 25.2810395 ], [ 83.508918, 25.2884446 ], [ 83.5110375, 25.2887938 ], [ 83.5152512, 25.2847032 ], [ 83.5269359, 25.2929803 ], [ 83.5237011, 25.2961421 ], [ 83.5234574, 25.3025557 ], [ 83.5280802, 25.3024731 ], [ 83.5318124, 25.2980116 ], [ 83.5340124, 25.2973494 ], [ 83.5383667, 25.3043572 ], [ 83.542796, 25.3040753 ], [ 83.5451378, 25.3067532 ], [ 83.5540943, 25.308491 ], [ 83.5537557, 25.3102196 ], [ 83.5472284, 25.3140618 ], [ 83.5429946, 25.3113243 ], [ 83.5372903, 25.3097683 ], [ 83.5371489, 25.3129999 ], [ 83.5399078, 25.3157864 ], [ 83.5458069, 25.3162952 ], [ 83.5539218, 25.31481 ], [ 83.5573003, 25.3114805 ], [ 83.5617037, 25.3135858 ], [ 83.5720566, 25.3146641 ], [ 83.5734277, 25.3140731 ], [ 83.573478, 25.3124935 ], [ 83.5707344, 25.3071754 ], [ 83.5737237, 25.3061251 ], [ 83.5771035, 25.3101072 ], [ 83.5756125, 25.3134151 ], [ 83.5762375, 25.3150357 ], [ 83.5806165, 25.3170953 ], [ 83.5857368, 25.3153093 ], [ 83.5874232, 25.3217462 ], [ 83.5962811, 25.3276655 ], [ 83.6060098, 25.3286962 ], [ 83.6080952, 25.3315174 ], [ 83.6168509, 25.3320643 ], [ 83.6213803, 25.3314732 ], [ 83.6240374, 25.3287154 ], [ 83.6284425, 25.3285214 ], [ 83.6297636, 25.3300469 ], [ 83.6298878, 25.3338564 ], [ 83.6341392, 25.3343526 ], [ 83.6351525, 25.335842 ], [ 83.6337077, 25.3432128 ], [ 83.6421856, 25.3397321 ], [ 83.6462985, 25.3424668 ], [ 83.6476937, 25.3393567 ], [ 83.6488013, 25.3392708 ], [ 83.6493288, 25.3445019 ], [ 83.6528114, 25.3483424 ], [ 83.6492012, 25.3524097 ], [ 83.6491567, 25.3539849 ], [ 83.6513481, 25.3574013 ], [ 83.6545272, 25.3568771 ], [ 83.6579405, 25.3596252 ], [ 83.6559458, 25.3683639 ], [ 83.6598642, 25.363732 ], [ 83.664394, 25.361912 ], [ 83.6670918, 25.3627237 ], [ 83.6639157, 25.3728259 ], [ 83.6766601, 25.364341 ], [ 83.6807098, 25.3663752 ], [ 83.6889865, 25.3671346 ], [ 83.6937074, 25.3696285 ], [ 83.694528, 25.3712259 ], [ 83.6893785, 25.3757101 ], [ 83.6840082, 25.3762586 ], [ 83.6820568, 25.3786244 ], [ 83.6843236, 25.3810834 ], [ 83.6905853, 25.3839468 ], [ 83.6965467, 25.3824727 ], [ 83.694432, 25.3858453 ], [ 83.6944785, 25.3889506 ], [ 83.7016827, 25.3961596 ], [ 83.7039636, 25.3963254 ], [ 83.7052645, 25.3946818 ], [ 83.7053549, 25.3888277 ], [ 83.7066104, 25.3863536 ], [ 83.710123, 25.3860447 ], [ 83.7136214, 25.3935035 ], [ 83.7174257, 25.3975227 ], [ 83.724459, 25.4000096 ], [ 83.7305886, 25.3974281 ], [ 83.7323483, 25.398149 ], [ 83.734065, 25.4062044 ], [ 83.7405941, 25.4106317 ], [ 83.7435085, 25.4078716 ], [ 83.7450666, 25.4004592 ], [ 83.7554558, 25.4044711 ], [ 83.7662674, 25.4009499 ], [ 83.7662755, 25.3973978 ], [ 83.7565119, 25.3967538 ], [ 83.7549859, 25.3922526 ], [ 83.7577811, 25.3895242 ], [ 83.7689735, 25.3863551 ], [ 83.7691363, 25.3933919 ], [ 83.7727844, 25.3981607 ], [ 83.7763018, 25.3990342 ], [ 83.784806, 25.3963 ], [ 83.7896505, 25.3967723 ], [ 83.8078354, 25.4090992 ], [ 83.8143941, 25.4212072 ], [ 83.8130214, 25.4231023 ], [ 83.8009575, 25.4254889 ], [ 83.8000614, 25.4277542 ], [ 83.8015611, 25.4298312 ], [ 83.8045081, 25.4306586 ], [ 83.8123967, 25.4296241 ], [ 83.8215054, 25.4343353 ], [ 83.8291445, 25.4362065 ], [ 83.8328777, 25.435657 ], [ 83.8317903, 25.4321677 ], [ 83.8329936, 25.4310262 ], [ 83.8463534, 25.4343514 ], [ 83.8465213, 25.4387971 ], [ 83.8419211, 25.4469205 ], [ 83.8349812, 25.4474965 ], [ 83.8253678, 25.4459048 ], [ 83.8195943, 25.4502583 ], [ 83.8128096, 25.4481974 ], [ 83.8126925, 25.4536406 ], [ 83.8165558, 25.4627595 ], [ 83.8212679, 25.4654242 ], [ 83.8248872, 25.4657956 ], [ 83.8280951, 25.4631337 ], [ 83.8304933, 25.4583772 ], [ 83.8327805, 25.4576106 ], [ 83.8567467, 25.4685698 ], [ 83.8635965, 25.4844128 ], [ 83.8707371, 25.487514 ], [ 83.8715874, 25.4931333 ], [ 83.8778137, 25.4992536 ], [ 83.8774211, 25.5039213 ], [ 83.8741585, 25.5095315 ], [ 83.8762127, 25.518062 ], [ 83.8941793, 25.5199248 ], [ 83.902089, 25.5240263 ], [ 83.9052684, 25.5278531 ], [ 83.9141882, 25.5452142 ], [ 83.9245901, 25.5543147 ], [ 83.9583704, 25.5708231 ], [ 84.0174118, 25.6146904 ], [ 84.0461569, 25.6269129 ], [ 84.081276, 25.636308 ], [ 84.0851152, 25.6525783 ], [ 84.0751581, 25.6952716 ], [ 84.0889562, 25.7130854 ], [ 84.1050619, 25.721217 ], [ 84.1291273, 25.7237052 ], [ 84.1399006, 25.731657 ], [ 84.1404135, 25.7293687 ], [ 84.142232, 25.7281454 ], [ 84.1416432, 25.721741 ], [ 84.1352494, 25.7240278 ], [ 84.1298844, 25.7177882 ], [ 84.1417371, 25.7160903 ], [ 84.1498139, 25.7187972 ], [ 84.152605, 25.7234635 ], [ 84.1551712, 25.7239368 ], [ 84.1527454, 25.7269522 ], [ 84.1489676, 25.7269476 ], [ 84.1508624, 25.7292454 ], [ 84.1546198, 25.7292477 ], [ 84.1544944, 25.7274393 ], [ 84.1629841, 25.7248693 ], [ 84.1669391, 25.721578 ], [ 84.1699292, 25.722913 ], [ 84.1721475, 25.7206277 ], [ 84.1741016, 25.7206166 ], [ 84.1745409, 25.717631 ], [ 84.1988948, 25.7020768 ], [ 84.2060114, 25.6694641 ], [ 84.2232177, 25.6625074 ], [ 84.2743601, 25.6628924 ], [ 84.2768621, 25.6604119 ], [ 84.2945055, 25.6611312 ], [ 84.3002595, 25.6653948 ], [ 84.2995356, 25.6684951 ], [ 84.2913914, 25.6706526 ], [ 84.2881523, 25.6732594 ], [ 84.2870354, 25.6750009 ], [ 84.2876112, 25.6775467 ], [ 84.2929119, 25.6756452 ], [ 84.297981, 25.67739 ], [ 84.2991848, 25.6719386 ], [ 84.3072831, 25.6713649 ], [ 84.3168897, 25.6724883 ], [ 84.3159943, 25.6701952 ], [ 84.3170317, 25.6672935 ], [ 84.3243459, 25.6710333 ], [ 84.3295611, 25.7086625 ], [ 84.3284212, 25.7319281 ], [ 84.3363449, 25.7442337 ], [ 84.3648052, 25.7424872 ], [ 84.3752203, 25.7353295 ], [ 84.3768995, 25.7371529 ], [ 84.3717669, 25.7420317 ], [ 84.3737353, 25.7442884 ], [ 84.3770492, 25.7416165 ], [ 84.3762768, 25.7407409 ], [ 84.3778265, 25.7392786 ], [ 84.3849531, 25.747506 ], [ 84.3917005, 25.745163 ], [ 84.3936338, 25.7442014 ], [ 84.3901196, 25.7369129 ], [ 84.3878226, 25.7376036 ], [ 84.3843938, 25.7327747 ], [ 84.3875677, 25.7311632 ], [ 84.3890477, 25.7322778 ], [ 84.4000394, 25.7293697 ], [ 84.3985139, 25.7255518 ], [ 84.4005815, 25.7249241 ], [ 84.4065433, 25.7159776 ], [ 84.4010861, 25.7083421 ], [ 84.4067379, 25.6984208 ], [ 84.4147728, 25.6980351 ], [ 84.4221194, 25.695185 ], [ 84.4231797, 25.6936683 ], [ 84.4276779, 25.693617 ], [ 84.4280847, 25.7011947 ], [ 84.4303193, 25.7072191 ], [ 84.43155, 25.707679 ], [ 84.4296487, 25.7116153 ], [ 84.440285, 25.7110558 ], [ 84.4404131, 25.7083613 ], [ 84.4442791, 25.7084949 ], [ 84.4442504, 25.7106477 ], [ 84.4468119, 25.7107878 ], [ 84.4469166, 25.7120004 ], [ 84.4535093, 25.714326 ], [ 84.4528934, 25.7094294 ], [ 84.4621746, 25.7092751 ], [ 84.4642258, 25.7007709 ], [ 84.4624899, 25.6976667 ], [ 84.468289, 25.6985296 ], [ 84.4689301, 25.6966156 ], [ 84.4660605, 25.6953479 ], [ 84.4658827, 25.69168 ], [ 84.4708005, 25.6872448 ], [ 84.4781123, 25.6875497 ], [ 84.4936072, 25.6908386 ], [ 84.4919593, 25.6764876 ], [ 84.4960635, 25.676737 ], [ 84.4993385, 25.6746823 ], [ 84.5043666, 25.6776416 ], [ 84.5054041, 25.6769193 ], [ 84.5077452, 25.6818543 ], [ 84.5200488, 25.6749628 ], [ 84.5288683, 25.6824926 ], [ 84.5344551, 25.7242311 ], [ 84.5394359, 25.72673 ], [ 84.5351878, 25.6907697 ], [ 84.5456748, 25.6883295 ], [ 84.5468165, 25.6867188 ], [ 84.5515244, 25.6854079 ], [ 84.5556902, 25.6825169 ], [ 84.5564476, 25.6819531 ], [ 84.5553229, 25.6800886 ], [ 84.55754, 25.6796837 ], [ 84.5618056, 25.685813 ], [ 84.5643494, 25.7168086 ], [ 84.5602829, 25.7368957 ], [ 84.6003219, 25.7383749 ], [ 84.6077622, 25.7353295 ], [ 84.6113951, 25.7324865 ], [ 84.611196, 25.7310783 ], [ 84.6274251, 25.7263038 ], [ 84.6288352, 25.7261684 ], [ 84.6301706, 25.7288538 ], [ 84.6346501, 25.7279419 ], [ 84.6340775, 25.7334662 ], [ 84.6317807, 25.7392795 ], [ 84.6253473, 25.7475255 ], [ 84.6221615, 25.7500004 ], [ 84.6107001, 25.7546876 ], [ 84.6029563, 25.7619355 ], [ 84.6062233, 25.7612722 ], [ 84.6073781, 25.7714138 ], [ 84.6134638, 25.7757742 ], [ 84.6185933, 25.771171 ], [ 84.6194058, 25.7724031 ], [ 84.6234683, 25.7707965 ], [ 84.6245746, 25.7921715 ], [ 84.5817828, 25.8250849 ], [ 84.5521121, 25.8401833 ], [ 84.550865, 25.8406837 ], [ 84.5486134, 25.8285373 ], [ 84.5305267, 25.8316295 ], [ 84.5307553, 25.8535032 ], [ 84.5232194, 25.8602903 ], [ 84.5337001, 25.8640299 ], [ 84.5406571, 25.8596608 ], [ 84.5432209, 25.8599556 ], [ 84.53398, 25.8763693 ], [ 84.5107509, 25.8717584 ], [ 84.4894882, 25.8883199 ], [ 84.49015, 25.8864464 ], [ 84.4785186, 25.8850607 ], [ 84.472399, 25.8817116 ], [ 84.4601513, 25.8895091 ], [ 84.4595267, 25.8881465 ], [ 84.4544316, 25.8877416 ], [ 84.4366172, 25.8915971 ], [ 84.4353139, 25.8898736 ], [ 84.4275559, 25.8912351 ], [ 84.4288967, 25.8975087 ], [ 84.4249559, 25.901666 ], [ 84.4198705, 25.9135057 ], [ 84.4137553, 25.9229988 ], [ 84.4119012, 25.9307799 ], [ 84.3873651, 25.9373283 ], [ 84.3539534, 25.9587829 ], [ 84.3118657, 25.943769 ], [ 84.2969145, 25.9451743 ], [ 84.2822928, 25.9587819 ], [ 84.2449141, 25.9757909 ], [ 84.2451288, 25.9806288 ], [ 84.2392859, 25.9850564 ], [ 84.2176767, 25.99473 ], [ 84.2130675, 25.9949044 ], [ 84.2074292, 25.9983798 ], [ 84.2070782, 25.9998317 ], [ 84.2015286, 25.9903572 ], [ 84.1962837, 25.9878777 ], [ 84.1860661, 25.9936073 ], [ 84.1760384, 25.9965153 ], [ 84.1746285, 25.9928422 ], [ 84.1756665, 25.9913705 ], [ 84.1700272, 25.9876762 ], [ 84.1724577, 26.0246047 ], [ 84.1372929, 26.0522121 ], [ 84.1268599, 26.0685615 ], [ 84.1177737, 26.0799834 ], [ 84.1038155, 26.0927326 ], [ 84.0886723, 26.1002409 ], [ 84.0559022, 26.1002067 ], [ 84.0487298, 26.1090643 ], [ 84.0500437, 26.1200128 ], [ 84.0517739, 26.1205625 ], [ 84.0501171, 26.1300155 ], [ 84.0434488, 26.1348365 ], [ 84.0274393, 26.1424013 ], [ 84.0343591, 26.1511918 ], [ 84.033454, 26.1606871 ], [ 84.0186998, 26.1674735 ], [ 84.0093842, 26.1755895 ], [ 84.0080073, 26.1874068 ], [ 84.010258, 26.1910986 ], [ 84.0160551, 26.1959195 ], [ 84.0266388, 26.1969094 ], [ 84.0285894, 26.1956518 ], [ 84.0323516, 26.1998423 ], [ 84.0353809, 26.1986336 ], [ 84.0383502, 26.2009736 ], [ 84.0392436, 26.2090523 ], [ 84.031881, 26.2093999 ], [ 84.0290717, 26.2111854 ], [ 84.0276612, 26.2143235 ], [ 84.0312138, 26.2168852 ], [ 84.0285914, 26.2202999 ], [ 84.0230219, 26.2200222 ], [ 84.0157946, 26.2223894 ], [ 84.0123127, 26.2323992 ], [ 84.0157422, 26.2340367 ], [ 84.0192284, 26.2389396 ], [ 84.0246556, 26.2377665 ], [ 84.0272638, 26.2396475 ], [ 84.038231, 26.2369916 ], [ 84.0376958, 26.2320589 ], [ 84.0422813, 26.2299529 ], [ 84.0512043, 26.2291521 ], [ 84.0567475, 26.2260912 ], [ 84.0565601, 26.2246336 ], [ 84.0619971, 26.2234321 ], [ 84.0620812, 26.2222745 ], [ 84.0634595, 26.2241477 ], [ 84.0801611, 26.2223048 ], [ 84.0802139, 26.2200154 ], [ 84.0864117, 26.2187506 ], [ 84.0882531, 26.2235337 ], [ 84.08714, 26.2262495 ], [ 84.0876376, 26.2303647 ], [ 84.0901726, 26.2303886 ], [ 84.091044, 26.2337768 ], [ 84.0937203, 26.2345751 ], [ 84.0941056, 26.2333649 ], [ 84.0981234, 26.2333198 ], [ 84.0994947, 26.2373174 ], [ 84.1060182, 26.2366912 ], [ 84.1070764, 26.2412283 ], [ 84.117444, 26.240115 ], [ 84.1196829, 26.2479103 ], [ 84.1167861, 26.2497379 ], [ 84.1200226, 26.2580675 ], [ 84.1216889, 26.2588678 ], [ 84.1269071, 26.258115 ], [ 84.1291704, 26.2555485 ], [ 84.1322217, 26.2590336 ], [ 84.1465496, 26.2552139 ], [ 84.1511629, 26.2577902 ], [ 84.1630852, 26.2418361 ], [ 84.1662084, 26.2409459 ], [ 84.1660405, 26.2433291 ], [ 84.1615031, 26.2503223 ], [ 84.1611719, 26.2559189 ], [ 84.1640762, 26.2591117 ], [ 84.1727841, 26.2615077 ], [ 84.1766185, 26.2645381 ], [ 84.1752077, 26.2725858 ], [ 84.1765471, 26.2769927 ], [ 84.1760996, 26.2834848 ], [ 84.1748868, 26.2856219 ], [ 84.1745053, 26.2922732 ], [ 84.1777389, 26.3032003 ], [ 84.1839427, 26.3086999 ], [ 84.1859735, 26.3128994 ], [ 84.1812823, 26.3216134 ], [ 84.1745353, 26.3293935 ], [ 84.1725424, 26.3343527 ], [ 84.1728428, 26.3534958 ], [ 84.1759049, 26.360603 ], [ 84.1764416, 26.3712785 ], [ 84.1754159, 26.3730898 ], [ 84.1637842, 26.3754402 ], [ 84.1623061, 26.375668 ], [ 84.1611332, 26.3740703 ], [ 84.1375187, 26.3779396 ], [ 84.1356043, 26.3816894 ], [ 84.1246559, 26.3830365 ], [ 84.1219897, 26.3851212 ], [ 84.1028968, 26.3857147 ], [ 84.0992935, 26.384595 ], [ 84.098119, 26.3856945 ], [ 84.0887556, 26.3867808 ], [ 84.0877144, 26.3841612 ], [ 84.0840079, 26.381776 ], [ 84.0791663, 26.3825073 ], [ 84.0791775, 26.3846503 ], [ 84.0760867, 26.3850653 ], [ 84.0737056, 26.3875293 ], [ 84.0681623, 26.3882684 ], [ 84.067976, 26.391084 ], [ 84.0651314, 26.3928481 ], [ 84.0654705, 26.3964684 ], [ 84.0624356, 26.3984225 ], [ 84.0631288, 26.4007194 ], [ 84.055377, 26.4022019 ], [ 84.0528663, 26.4046042 ], [ 84.0493717, 26.4037427 ], [ 84.0495114, 26.4071108 ], [ 84.0478192, 26.4068729 ], [ 84.0436292, 26.4095109 ], [ 84.0412019, 26.4072593 ], [ 84.0396765, 26.4108862 ], [ 84.040968, 26.4126903 ], [ 84.0370769, 26.4130292 ], [ 84.0338608, 26.4116543 ], [ 84.0348584, 26.4194564 ], [ 84.0226056, 26.430894 ], [ 84.0244236, 26.4342384 ], [ 84.023793, 26.4402519 ], [ 84.0195978, 26.4459385 ], [ 84.0168301, 26.4475542 ], [ 84.0076323, 26.443965 ], [ 84.0046844, 26.4442145 ], [ 84.000135, 26.4470916 ], [ 83.997896, 26.4468112 ], [ 83.9935736, 26.439313 ], [ 83.991301, 26.4323622 ], [ 83.9844447, 26.4335709 ], [ 83.9810102, 26.4327973 ], [ 83.9736039, 26.4355193 ], [ 83.963329, 26.437304 ], [ 83.9462366, 26.4386207 ], [ 83.9467788, 26.4409823 ], [ 83.9244473, 26.4444892 ], [ 83.9221365, 26.4451128 ], [ 83.921945, 26.4464399 ], [ 83.9105625, 26.4499133 ], [ 83.9110378, 26.4470476 ], [ 83.9078595, 26.4472919 ], [ 83.909225, 26.4537541 ], [ 83.9114557, 26.4559143 ], [ 83.9097301, 26.4661598 ], [ 83.9123104, 26.4757039 ], [ 83.9096202, 26.4756919 ], [ 83.9106027, 26.4832181 ], [ 83.9126891, 26.4838765 ], [ 83.9123977, 26.497731 ], [ 83.9151686, 26.5028437 ], [ 83.9067447, 26.5093809 ], [ 83.9060648, 26.5126472 ], [ 83.9080855, 26.5190771 ], [ 83.9164004, 26.5166675 ], [ 83.9222967, 26.5196143 ], [ 83.9257622, 26.5200304 ], [ 83.927062, 26.5188849 ], [ 83.9312403, 26.5203193 ], [ 83.934622, 26.5251261 ], [ 83.9403568, 26.5252424 ], [ 83.9466805, 26.5187784 ], [ 83.9527921, 26.5177632 ], [ 83.9526105, 26.5163505 ], [ 83.948403, 26.5147596 ], [ 83.9477231, 26.512482 ], [ 83.9490136, 26.5102044 ], [ 83.9516971, 26.5088722 ], [ 83.9619404, 26.5102341 ], [ 83.9634745, 26.508082 ], [ 83.9708251, 26.5075095 ], [ 83.973909, 26.5083023 ], [ 83.9720146, 26.5102815 ], [ 83.9736151, 26.512657 ], [ 83.9718351, 26.5142143 ], [ 83.9715065, 26.5176133 ], [ 83.9765221, 26.5258269 ], [ 83.9751052, 26.5278548 ], [ 83.9767218, 26.5316192 ], [ 83.9761288, 26.5335126 ], [ 83.9827374, 26.5315339 ], [ 83.9926439, 26.5331666 ], [ 83.9988181, 26.5272268 ], [ 84.0068479, 26.5252814 ], [ 84.006491, 26.5222592 ], [ 84.0083194, 26.5219412 ], [ 84.0140605, 26.52738 ], [ 84.0238072, 26.5319144 ], [ 84.0481197, 26.5364036 ], [ 84.0563265, 26.5441743 ], [ 84.0564416, 26.5491271 ], [ 84.0547381, 26.5511786 ], [ 84.0550957, 26.5583765 ], [ 84.0594107, 26.561276 ], [ 84.0583816, 26.5632711 ], [ 84.0606435, 26.5681987 ], [ 84.0668799, 26.572694 ], [ 84.0661133, 26.5769862 ], [ 84.0756023, 26.5834113 ], [ 84.0750372, 26.5859123 ], [ 84.0778401, 26.5903275 ], [ 84.0832894, 26.5924919 ], [ 84.0848768, 26.5982835 ], [ 84.089087, 26.6030231 ], [ 84.0899838, 26.606929 ], [ 84.0863623, 26.6123989 ], [ 84.0886334, 26.6178361 ], [ 84.085199, 26.6238285 ], [ 84.0855492, 26.6254552 ], [ 84.0873118, 26.6262559 ], [ 84.0883971, 26.6348739 ], [ 84.0864991, 26.639142 ], [ 84.1005974, 26.6359534 ], [ 84.1029581, 26.633507 ], [ 84.1081305, 26.6328184 ], [ 84.1082308, 26.6314265 ], [ 84.1119651, 26.6306363 ], [ 84.1125129, 26.6344007 ], [ 84.1305516, 26.6334624 ], [ 84.1363154, 26.6360282 ], [ 84.1451625, 26.6347221 ], [ 84.1468395, 26.6357121 ], [ 84.1586993, 26.6362024 ], [ 84.1588451, 26.6321272 ], [ 84.1570649, 26.630436 ], [ 84.1566238, 26.6269671 ], [ 84.1602936, 26.6245052 ], [ 84.1692739, 26.6226407 ], [ 84.173621, 26.6228219 ], [ 84.174432, 26.6242697 ], [ 84.1832709, 26.6235233 ], [ 84.1912678, 26.6251161 ], [ 84.2011945, 26.6247706 ], [ 84.2084764, 26.6227574 ], [ 84.2110779, 26.6200069 ], [ 84.2279526, 26.6175083 ], [ 84.229281, 26.6165372 ], [ 84.2292275, 26.6131482 ], [ 84.2390986, 26.6129793 ], [ 84.2395614, 26.6100107 ], [ 84.2664689, 26.6057408 ], [ 84.2686027, 26.6036107 ], [ 84.26792, 26.6016478 ], [ 84.2813213, 26.5995998 ], [ 84.2845325, 26.5995872 ], [ 84.2858249, 26.6057983 ], [ 84.2945073, 26.6025957 ], [ 84.2958237, 26.6044642 ], [ 84.3001127, 26.6037822 ], [ 84.3032497, 26.6144386 ], [ 84.3054225, 26.614267 ], [ 84.3072672, 26.6163228 ], [ 84.3160001, 26.6144849 ], [ 84.3190985, 26.6115129 ], [ 84.3257994, 26.6116214 ], [ 84.3316262, 26.612493 ], [ 84.3350215, 26.6155483 ], [ 84.3539946, 26.6199752 ], [ 84.3648738, 26.616317 ], [ 84.3787939, 26.6146996 ], [ 84.3861919, 26.6216849 ], [ 84.3907291, 26.6210941 ], [ 84.3998793, 26.6245414 ], [ 84.4104031, 26.6232244 ], [ 84.4197087, 26.626815 ], [ 84.4132676, 26.6373291 ], [ 84.4097817, 26.6467447 ], [ 84.4112214, 26.6503623 ], [ 84.4104108, 26.6702489 ], [ 84.4063027, 26.6709228 ], [ 84.4051551, 26.6730314 ], [ 84.4039131, 26.6717725 ], [ 84.3765783, 26.6774961 ], [ 84.3501845, 26.6780481 ], [ 84.3449129, 26.6792805 ], [ 84.3430422, 26.6809012 ], [ 84.3350318, 26.6815496 ], [ 84.3300556, 26.6840999 ], [ 84.3258581, 26.7141489 ], [ 84.3242421, 26.7151561 ], [ 84.3181053, 26.7319854 ], [ 84.3146759, 26.7353086 ], [ 84.3142113, 26.7390443 ], [ 84.3058652, 26.7494879 ], [ 84.2910507, 26.7488715 ], [ 84.2857944, 26.7499349 ], [ 84.2756778, 26.7419721 ], [ 84.2662898, 26.7399507 ], [ 84.2581063, 26.7285773 ], [ 84.2554202, 26.7266215 ], [ 84.2494157, 26.7291623 ], [ 84.240669, 26.7387233 ], [ 84.2394816, 26.7429498 ], [ 84.2325764, 26.7536669 ], [ 84.2499986, 26.7737292 ], [ 84.2571734, 26.7893768 ], [ 84.259984, 26.805027 ], [ 84.2600021, 26.8069942 ], [ 84.2542051, 26.8124263 ], [ 84.2568154, 26.8182334 ], [ 84.2503631, 26.8193307 ], [ 84.2535443, 26.8252302 ], [ 84.2609316, 26.8302186 ], [ 84.2600979, 26.8335138 ], [ 84.2618108, 26.8425786 ], [ 84.2569283, 26.8492193 ], [ 84.2540946, 26.8565944 ], [ 84.2355719, 26.8677119 ], [ 84.2194857, 26.8715995 ], [ 84.2061056, 26.8617174 ], [ 84.1978638, 26.8595515 ], [ 84.1930301, 26.8607542 ], [ 84.190126, 26.8584724 ], [ 84.1833039, 26.8475111 ], [ 84.1867916, 26.8416439 ], [ 84.1817425, 26.8334792 ], [ 84.1776026, 26.8323935 ], [ 84.1660956, 26.8337689 ], [ 84.1562185, 26.8375616 ], [ 84.1491729, 26.8425804 ], [ 84.1459746, 26.8462763 ], [ 84.1458391, 26.8480992 ], [ 84.1406083, 26.8526525 ], [ 84.1403739, 26.867601 ], [ 84.1423266, 26.8715262 ], [ 84.1470913, 26.872446 ], [ 84.1435146, 26.8796059 ], [ 84.1477121, 26.8822777 ], [ 84.1464082, 26.8854244 ], [ 84.141527, 26.8871218 ], [ 84.1399968, 26.8846265 ], [ 84.1354725, 26.8833317 ], [ 84.1312755, 26.8844511 ], [ 84.1300311, 26.8866738 ], [ 84.1307072, 26.8900739 ], [ 84.1290012, 26.8932011 ], [ 84.1179545, 26.8877137 ], [ 84.1163608, 26.8891209 ], [ 84.1158654, 26.8949382 ], [ 84.110415, 26.8985988 ], [ 84.1075769, 26.896929 ], [ 84.1067631, 26.8877378 ], [ 84.1044999, 26.881908 ], [ 84.0981361, 26.8759375 ], [ 84.0964908, 26.8762349 ], [ 84.0943308, 26.8816174 ], [ 84.0873618, 26.8816923 ], [ 84.0842085, 26.8774367 ], [ 84.0814111, 26.8773727 ], [ 84.0782153, 26.879041 ], [ 84.0752146, 26.8834213 ], [ 84.0669851, 26.8884942 ], [ 84.0602675, 26.8881032 ], [ 84.0608489, 26.8956348 ], [ 84.0580555, 26.9018864 ], [ 84.055277, 26.9026296 ], [ 84.0523679, 26.9064133 ], [ 84.0530907, 26.9096042 ], [ 84.0590917, 26.9164571 ], [ 84.0599718, 26.9201891 ], [ 84.0562058, 26.9231055 ], [ 84.0533576, 26.9296691 ], [ 84.0432332, 26.9317932 ], [ 84.0465352, 26.9391632 ], [ 84.043111, 26.9404968 ], [ 84.0349724, 26.9381998 ], [ 84.0321357, 26.9411849 ], [ 84.0349063, 26.9452069 ], [ 84.042009, 26.9467994 ], [ 84.0459722, 26.9524507 ], [ 84.0527978, 26.9549811 ], [ 84.0548339, 26.9600626 ], [ 84.0529963, 26.967502 ], [ 84.0537871, 26.9752314 ], [ 84.04576, 26.9822387 ], [ 84.0478485, 26.9845951 ], [ 84.0539974, 26.9851669 ], [ 84.0566992, 26.9896621 ], [ 84.0525609, 26.9947044 ], [ 84.0528063, 26.9969515 ], [ 84.0458964, 27.0050032 ], [ 84.0437542, 27.0065768 ], [ 84.0398346, 27.006773 ], [ 84.0373089, 27.0090774 ], [ 84.0442457, 27.0167212 ], [ 84.0441302, 27.0231831 ], [ 84.0495287, 27.0350224 ], [ 84.0495031, 27.0432712 ], [ 84.0471378, 27.0457608 ], [ 84.0390757, 27.0440414 ], [ 84.0313185, 27.0456293 ], [ 84.0281806, 27.0494718 ], [ 84.0180041, 27.0560211 ], [ 84.0118895, 27.056982 ], [ 84.005601, 27.0602303 ], [ 84.0000627, 27.0685871 ], [ 84.0002125, 27.069756 ], [ 84.0039609, 27.0715191 ], [ 84.0165979, 27.0717957 ], [ 84.0204772, 27.0794112 ], [ 84.0240146, 27.0810156 ], [ 84.0286231, 27.0860277 ], [ 84.0287732, 27.0872236 ], [ 84.0251256, 27.0903077 ], [ 84.0249421, 27.092478 ], [ 84.0303709, 27.0938355 ], [ 84.0303374, 27.0976304 ], [ 84.0239672, 27.1001169 ], [ 84.0220123, 27.1041271 ], [ 84.0164444, 27.1054224 ], [ 84.0087663, 27.0992387 ], [ 84.0031972, 27.1018602 ], [ 83.9999854, 27.1002922 ], [ 83.9892596, 27.0908525 ], [ 83.9855581, 27.0900163 ], [ 83.9783998, 27.0907617 ], [ 83.9669825, 27.087119 ], [ 83.9644039, 27.0841244 ], [ 83.9528397, 27.0849256 ], [ 83.9494682, 27.0867007 ], [ 83.9464712, 27.0908222 ], [ 83.9476749, 27.1124949 ], [ 83.9521873, 27.1186159 ], [ 83.9595171, 27.1220682 ], [ 83.9628045, 27.1276931 ], [ 83.9590642, 27.1368783 ], [ 83.9753621, 27.1558198 ], [ 83.9787352, 27.1648737 ], [ 83.9868167, 27.1694792 ], [ 83.9884434, 27.1716033 ], [ 83.9932684, 27.1731741 ], [ 83.9941836, 27.1751723 ], [ 83.9933882, 27.1816393 ], [ 83.988819, 27.1884251 ], [ 83.986956, 27.1975281 ], [ 83.9789077, 27.203829 ], [ 83.9745234, 27.2052627 ], [ 83.9717706, 27.2084458 ], [ 83.9674665, 27.2095091 ], [ 83.9675249, 27.2130648 ], [ 83.9727431, 27.2181919 ], [ 83.9701839, 27.223992 ], [ 83.9625439, 27.2266368 ], [ 83.9633177, 27.2285135 ], [ 83.9608112, 27.2314751 ], [ 83.9534137, 27.2362467 ], [ 83.9482624, 27.2378222 ], [ 83.9324003, 27.2393592 ], [ 83.9232992, 27.2417767 ], [ 83.919302, 27.2445442 ], [ 83.9120981, 27.2457555 ], [ 83.905072, 27.2576158 ], [ 83.9050191, 27.2734865 ], [ 83.9068078, 27.2756387 ], [ 83.9125808, 27.2775598 ], [ 83.9298315, 27.2926857 ], [ 83.9340738, 27.2997463 ], [ 83.9342047, 27.3065331 ], [ 83.9324704, 27.311389 ], [ 83.9254752, 27.321413 ], [ 83.9166323, 27.3265366 ], [ 83.9007589, 27.3256908 ], [ 83.87144, 27.3072423 ], [ 83.8593381, 27.3080655 ], [ 83.8526609, 27.3172918 ], [ 83.8454224, 27.3151831 ], [ 83.8365719, 27.3222151 ], [ 83.862341, 27.3356847 ], [ 83.8635789, 27.3375348 ], [ 83.8639437, 27.3472335 ], [ 83.8720126, 27.3577841 ], [ 83.8802069, 27.3653355 ], [ 83.8832502, 27.3742381 ], [ 83.8825052, 27.3785782 ], [ 83.8782039, 27.3844849 ], [ 83.8747093, 27.3873407 ], [ 83.8644704, 27.3912334 ], [ 83.859901, 27.3948356 ], [ 83.8560266, 27.4048833 ], [ 83.8430416, 27.4141851 ], [ 83.8331125, 27.4250825 ], [ 83.8330731, 27.42932 ], [ 83.8372962, 27.4316092 ], [ 83.8429923, 27.4417127 ], [ 83.8472592, 27.4456363 ], [ 83.8504714, 27.4467774 ], [ 83.8556807, 27.4458085 ], [ 83.8648209, 27.4386539 ], [ 83.8754931, 27.4353895 ], [ 83.8912276, 27.4388675 ], [ 83.9138788, 27.4408995 ], [ 83.933476, 27.4504712 ], [ 83.9346363, 27.4483306 ], [ 83.9409317, 27.4484465 ], [ 83.9460431, 27.4409007 ], [ 83.9516057, 27.4426266 ], [ 83.9572865, 27.4425958 ], [ 83.9673142, 27.4460977 ], [ 83.9734283, 27.4418738 ], [ 83.9754901, 27.4430565 ], [ 83.9777002, 27.4418927 ], [ 83.9780845, 27.4396888 ], [ 83.9846039, 27.4438414 ], [ 83.9874569, 27.4433192 ], [ 83.9966868, 27.4460504 ], [ 83.9983775, 27.4410529 ], [ 83.9994919, 27.4422567 ], [ 84.0013509, 27.4400287 ], [ 84.0024457, 27.4424018 ], [ 84.0052824, 27.4424577 ], [ 84.0054854, 27.439824 ], [ 84.0084102, 27.4402695 ], [ 84.008824, 27.4380064 ], [ 84.0124086, 27.4385029 ], [ 84.0158128, 27.4348781 ], [ 84.0196193, 27.4361633 ], [ 84.0218742, 27.4333345 ], [ 84.0269271, 27.4335408 ], [ 84.0274084, 27.4358376 ], [ 84.0257427, 27.4381926 ], [ 84.0274158, 27.4396757 ], [ 84.0312147, 27.4385918 ], [ 84.0320864, 27.4416393 ], [ 84.0361325, 27.440778 ], [ 84.039108, 27.4427512 ], [ 84.0515732, 27.4430943 ], [ 84.0555024, 27.4499942 ], [ 84.0611563, 27.4527133 ], [ 84.0601392, 27.4543724 ], [ 84.0620962, 27.4567107 ], [ 84.0601268, 27.4579546 ], [ 84.0590846, 27.4615739 ], [ 84.0624046, 27.4642832 ], [ 84.0616558, 27.4666879 ], [ 84.0663002, 27.4693294 ], [ 84.0694853, 27.4805828 ], [ 84.0711865, 27.4816183 ], [ 84.074528, 27.480614 ], [ 84.0745269, 27.4824749 ], [ 84.0779779, 27.4842251 ], [ 84.0846225, 27.4833065 ], [ 84.0854528, 27.4846684 ], [ 84.0895042, 27.4859356 ], [ 84.0913092, 27.4890758 ], [ 84.0948379, 27.4890191 ], [ 84.0986919, 27.5025666 ], [ 84.0971342, 27.5049037 ], [ 84.0986834, 27.5055757 ], [ 84.0998542, 27.5104484 ], [ 84.0976967, 27.5170927 ], [ 84.1004389, 27.5175176 ], [ 84.1049815, 27.52105 ], [ 84.1085512, 27.5216235 ] ] ] } }
]
}
