{
"type": "FeatureCollection",
"name": "18",
"crs": { "type": "name", "properties": { "name": "urn:ogc:def:crs:OGC:1.3:CRS84" } },
"features": [
{ "type": "Feature", "properties": { "code": "18", "name": "ASSAM", "type": "state" }, "geometry": { "type": "Polygon", "coordinates": [ [ [ 95.8238812, 27.9714751 ], [ 95.9718204, 27.9621779 ], [ 95.9652005, 27.9516651 ], [ 95.9545631, 27.9411362 ], [ 95.9483011, 27.9371151 ], [ 95.9479429, 27.9334065 ], [ 95.949242, 27.931204 ], [ 95.954764, 27.9312008 ], [ 95.9485514, 27.9243912 ], [ 95.9526935, 27.9200936 ], [ 95.9471244, 27.9174526 ], [ 95.9426554, 27.9106915 ], [ 95.9381512, 27.9125254 ], [ 95.9355326, 27.9074868 ], [ 95.9410478, 27.9065142 ], [ 95.9410472, 27.9056073 ], [ 95.9298314, 27.9027426 ], [ 95.9317803, 27.9001384 ], [ 95.9369855, 27.8993059 ], [ 95.9377467, 27.8982001 ], [ 95.9284869, 27.8951315 ], [ 95.9278538, 27.8987007 ], [ 95.9263304, 27.8988817 ], [ 95.9259732, 27.8953355 ], [ 95.9192339, 27.8950445 ], [ 95.919487, 27.8931223 ], [ 95.9237049, 27.8881036 ], [ 95.9176779, 27.8900728 ], [ 95.9155043, 27.8893876 ], [ 95.9168023, 27.8849957 ], [ 95.9207631, 27.8846394 ], [ 95.9250882, 27.881678 ], [ 95.9194412, 27.8805971 ], [ 95.9172286, 27.8836027 ], [ 95.9155529, 27.8837612 ], [ 95.9170241, 27.8804625 ], [ 95.9145394, 27.8757572 ], [ 95.9101158, 27.8724105 ], [ 95.910699, 27.870195 ], [ 95.9072921, 27.870444 ], [ 95.9085863, 27.8687066 ], [ 95.90658, 27.8659954 ], [ 95.9033518, 27.8689108 ], [ 95.9016914, 27.868469 ], [ 95.9014625, 27.8664792 ], [ 95.9049187, 27.8621154 ], [ 95.8947547, 27.8620045 ], [ 95.8953377, 27.8573706 ], [ 95.8902512, 27.8599927 ], [ 95.8911442, 27.8568523 ], [ 95.8884536, 27.8565728 ], [ 95.8836553, 27.8461053 ], [ 95.870407, 27.8326688 ], [ 95.8543942, 27.8300234 ], [ 95.837759, 27.8241182 ], [ 95.8380732, 27.8102348 ], [ 95.8265853, 27.8087153 ], [ 95.8166476, 27.8026879 ], [ 95.8109175, 27.7965264 ], [ 95.809552, 27.7890764 ], [ 95.8039181, 27.7845977 ], [ 95.8003489, 27.7736947 ], [ 95.7943968, 27.7690756 ], [ 95.7868867, 27.7596679 ], [ 95.7760023, 27.7536234 ], [ 95.7779799, 27.7424628 ], [ 95.7805489, 27.7369167 ], [ 95.7793794, 27.7337094 ], [ 95.7655715, 27.7263858 ], [ 95.7590261, 27.7270394 ], [ 95.7541475, 27.7257029 ], [ 95.7524869, 27.7242315 ], [ 95.7523462, 27.7204952 ], [ 95.7541859, 27.7184211 ], [ 95.765025, 27.7147815 ], [ 95.7625118, 27.7131641 ], [ 95.7641769, 27.711126 ], [ 95.7628976, 27.709015 ], [ 95.7680286, 27.7020913 ], [ 95.7645533, 27.6996971 ], [ 95.7657316, 27.6975683 ], [ 95.7637776, 27.6937582 ], [ 95.76539, 27.6907681 ], [ 95.767224, 27.6902734 ], [ 95.7678659, 27.6869891 ], [ 95.7726576, 27.6860578 ], [ 95.7733079, 27.684898 ], [ 95.7778205, 27.6874069 ], [ 95.78293, 27.6872139 ], [ 95.7830045, 27.6846434 ], [ 95.7849833, 27.6850522 ], [ 95.786345, 27.6836882 ], [ 95.7861633, 27.6817498 ], [ 95.7904626, 27.6801417 ], [ 95.7863739, 27.6781899 ], [ 95.779061, 27.6772826 ], [ 95.7753587, 27.6743922 ], [ 95.7733946, 27.6718822 ], [ 95.7724374, 27.6602266 ], [ 95.770433, 27.6577028 ], [ 95.7743205, 27.6507994 ], [ 95.7795677, 27.6494961 ], [ 95.7809565, 27.6473197 ], [ 95.7859842, 27.6463576 ], [ 95.7873607, 27.6441596 ], [ 95.7903977, 27.6445354 ], [ 95.7957829, 27.6417003 ], [ 95.7953876, 27.6383564 ], [ 95.79443, 27.6388692 ], [ 95.7882991, 27.6348435 ], [ 95.7893789, 27.62649 ], [ 95.7795722, 27.6256426 ], [ 95.7785266, 27.6239789 ], [ 95.7783237, 27.6193783 ], [ 95.7800345, 27.6166217 ], [ 95.7851393, 27.6156109 ], [ 95.79034, 27.6117393 ], [ 95.7894253, 27.6040026 ], [ 95.7906435, 27.5996481 ], [ 95.7933127, 27.5977245 ], [ 95.8036533, 27.6007827 ], [ 95.8157995, 27.59867 ], [ 95.8184532, 27.5953888 ], [ 95.8137955, 27.5889766 ], [ 95.8119233, 27.5832203 ], [ 95.8143371, 27.5742493 ], [ 95.8234413, 27.5744785 ], [ 95.8333504, 27.5600196 ], [ 95.836298, 27.559263 ], [ 95.8417962, 27.5614953 ], [ 95.8529028, 27.552787 ], [ 95.8545285, 27.5494483 ], [ 95.8607409, 27.5431049 ], [ 95.8626288, 27.5453701 ], [ 95.8703033, 27.5452803 ], [ 95.8737051, 27.547004 ], [ 95.8758289, 27.5464129 ], [ 95.876649, 27.5442831 ], [ 95.8769826, 27.5259636 ], [ 95.8785008, 27.5187575 ], [ 95.8758403, 27.5124224 ], [ 95.8788026, 27.5048891 ], [ 95.8842956, 27.5010471 ], [ 95.8868542, 27.4970818 ], [ 95.8846682, 27.4962383 ], [ 95.8800281, 27.4970281 ], [ 95.8743002, 27.4932471 ], [ 95.8729391, 27.4907788 ], [ 95.8738903, 27.4811587 ], [ 95.8715379, 27.476105 ], [ 95.8706934, 27.4666518 ], [ 95.8683411, 27.4651446 ], [ 95.862974, 27.464684 ], [ 95.859312, 27.4615838 ], [ 95.8565451, 27.4612586 ], [ 95.8533187, 27.4569083 ], [ 95.85675, 27.4449287 ], [ 95.855759, 27.4433989 ], [ 95.8494678, 27.441611 ], [ 95.8468234, 27.4385648 ], [ 95.8472893, 27.4361914 ], [ 95.8423406, 27.4277479 ], [ 95.8445066, 27.4215845 ], [ 95.8500192, 27.4178088 ], [ 95.8529583, 27.411113 ], [ 95.8601434, 27.408014 ], [ 95.8624994, 27.4094491 ], [ 95.8624486, 27.4115338 ], [ 95.8570176, 27.4156394 ], [ 95.8571383, 27.419881 ], [ 95.8636913, 27.4227921 ], [ 95.8646873, 27.4244437 ], [ 95.8708818, 27.4263527 ], [ 95.8756656, 27.4347907 ], [ 95.8787455, 27.4361217 ], [ 95.8832161, 27.4353183 ], [ 95.8849403, 27.4321235 ], [ 95.8839526, 27.4140203 ], [ 95.8875878, 27.4116645 ], [ 95.8882953, 27.4089932 ], [ 95.8868387, 27.4049819 ], [ 95.8840274, 27.4025049 ], [ 95.8857258, 27.3981549 ], [ 95.890994, 27.4012137 ], [ 95.8986661, 27.4128633 ], [ 95.9000081, 27.4220186 ], [ 95.907976, 27.434349 ], [ 95.9108894, 27.4357696 ], [ 95.9182322, 27.4347251 ], [ 95.927873, 27.4384715 ], [ 95.9344359, 27.4356396 ], [ 95.9413097, 27.4372925 ], [ 95.9474465, 27.4329937 ], [ 95.9474701, 27.4304848 ], [ 95.9448235, 27.4276164 ], [ 95.9451869, 27.4266371 ], [ 95.9511319, 27.4239671 ], [ 95.9547494, 27.4196198 ], [ 95.9567468, 27.4264953 ], [ 95.960339, 27.4290291 ], [ 95.9632049, 27.4272133 ], [ 95.9617918, 27.4180136 ], [ 95.9645628, 27.4180525 ], [ 95.9655547, 27.4190807 ], [ 95.9654651, 27.4270088 ], [ 95.9693547, 27.4278861 ], [ 95.9704203, 27.426288 ], [ 95.9696189, 27.4234955 ], [ 95.9740823, 27.4216919 ], [ 95.9753898, 27.4193897 ], [ 95.9751454, 27.4174632 ], [ 95.9707812, 27.41683 ], [ 95.9702183, 27.4149081 ], [ 95.9740528, 27.4113678 ], [ 95.9832959, 27.4118347 ], [ 95.9845577, 27.4044516 ], [ 95.9881014, 27.4040697 ], [ 95.9901372, 27.4023579 ], [ 95.9934878, 27.3963943 ], [ 95.9964685, 27.3946049 ], [ 95.9982836, 27.3877852 ], [ 96.0178764, 27.3694269 ], [ 96.0177539, 27.3649191 ], [ 96.012705, 27.3650284 ], [ 96.0075339, 27.3606297 ], [ 96.0024851, 27.3607387 ], [ 95.9964975, 27.3563636 ], [ 95.9932899, 27.357936 ], [ 95.9892051, 27.3564955 ], [ 95.9865992, 27.3483484 ], [ 95.9868795, 27.3456091 ], [ 95.9765382, 27.3373776 ], [ 95.9715756, 27.3365486 ], [ 95.9710115, 27.332815 ], [ 95.9652947, 27.3278802 ], [ 95.9660443, 27.3259461 ], [ 95.9677214, 27.3256742 ], [ 95.9720932, 27.3274401 ], [ 95.9755563, 27.3244595 ], [ 95.9691231, 27.3224063 ], [ 95.9627632, 27.3231415 ], [ 95.9613144, 27.3214796 ], [ 95.9626337, 27.3192767 ], [ 95.961025, 27.3164418 ], [ 95.9550496, 27.3176772 ], [ 95.9565614, 27.3125683 ], [ 95.9600407, 27.3109508 ], [ 95.9534269, 27.3089241 ], [ 95.9466292, 27.3037883 ], [ 95.9417203, 27.3052301 ], [ 95.9375624, 27.3008238 ], [ 95.9301233, 27.3002756 ], [ 95.9179938, 27.2913415 ], [ 95.9147768, 27.2920103 ], [ 95.9133818, 27.2891363 ], [ 95.9071746, 27.2889709 ], [ 95.9060565, 27.2822161 ], [ 95.9011126, 27.2839183 ], [ 95.8972135, 27.2821637 ], [ 95.8970918, 27.2805437 ], [ 95.9039487, 27.2755744 ], [ 95.9043523, 27.2739182 ], [ 95.9000802, 27.274253 ], [ 95.8994527, 27.2686803 ], [ 95.8935646, 27.2675712 ], [ 95.8946239, 27.2610055 ], [ 95.8941838, 27.2569174 ], [ 95.8924315, 27.2552841 ], [ 95.8813185, 27.2559078 ], [ 95.8764968, 27.2596352 ], [ 95.8693722, 27.2600232 ], [ 95.8638275, 27.2664441 ], [ 95.8611208, 27.2670575 ], [ 95.8564291, 27.2710594 ], [ 95.8538219, 27.279195 ], [ 95.8556323, 27.2804135 ], [ 95.8593053, 27.2872209 ], [ 95.8504974, 27.2865902 ], [ 95.8233192, 27.2788712 ], [ 95.8153755, 27.278541 ], [ 95.8051576, 27.2729522 ], [ 95.8055295, 27.2757952 ], [ 95.7994463, 27.2765502 ], [ 95.8000904, 27.2800025 ], [ 95.8026212, 27.2829436 ], [ 95.800888, 27.2842671 ], [ 95.7995358, 27.2823396 ], [ 95.7952177, 27.2825313 ], [ 95.7909527, 27.2791986 ], [ 95.7879028, 27.2786463 ], [ 95.7889334, 27.2781054 ], [ 95.7881771, 27.2767242 ], [ 95.7805853, 27.2724596 ], [ 95.7795827, 27.2697515 ], [ 95.7752546, 27.2704073 ], [ 95.7685193, 27.2691705 ], [ 95.7682378, 27.267776 ], [ 95.7651783, 27.2672637 ], [ 95.7568601, 27.2686445 ], [ 95.7476983, 27.2657464 ], [ 95.7458524, 27.2668811 ], [ 95.7421123, 27.2666584 ], [ 95.736179, 27.2632591 ], [ 95.7346942, 27.2603879 ], [ 95.7271334, 27.2596483 ], [ 95.7202065, 27.2494775 ], [ 95.7137849, 27.2502399 ], [ 95.7119846, 27.2528447 ], [ 95.7078813, 27.2500572 ], [ 95.7015091, 27.2485744 ], [ 95.6923645, 27.2532121 ], [ 95.6815338, 27.2517414 ], [ 95.6760283, 27.2469648 ], [ 95.6323407, 27.2296826 ], [ 95.629307, 27.2313298 ], [ 95.6190343, 27.2324849 ], [ 95.6175654, 27.2308965 ], [ 95.6155361, 27.2316093 ], [ 95.6121995, 27.2302148 ], [ 95.6106198, 27.2276019 ], [ 95.6083635, 27.2275656 ], [ 95.603821, 27.2242213 ], [ 95.5989605, 27.2229074 ], [ 95.5918585, 27.2229782 ], [ 95.5851042, 27.2244385 ], [ 95.5829827, 27.228508 ], [ 95.580459, 27.2278123 ], [ 95.5782564, 27.2320668 ], [ 95.574732, 27.2341188 ], [ 95.5747211, 27.2359959 ], [ 95.5772696, 27.2380726 ], [ 95.575199, 27.2397775 ], [ 95.5754098, 27.2426971 ], [ 95.574248, 27.2439646 ], [ 95.564307, 27.2446692 ], [ 95.5580796, 27.2489803 ], [ 95.5535357, 27.2488562 ], [ 95.5509901, 27.2504462 ], [ 95.5519477, 27.2531497 ], [ 95.5482311, 27.2539418 ], [ 95.5485065, 27.2573173 ], [ 95.5451216, 27.2599868 ], [ 95.5420271, 27.2590148 ], [ 95.5371115, 27.2625045 ], [ 95.5351481, 27.2615556 ], [ 95.5356011, 27.2634195 ], [ 95.5345195, 27.2645875 ], [ 95.5316241, 27.2610479 ], [ 95.5298209, 27.2618183 ], [ 95.5308598, 27.2632088 ], [ 95.5301165, 27.2644944 ], [ 95.5278908, 27.2630805 ], [ 95.5255069, 27.2637737 ], [ 95.5181962, 27.2575638 ], [ 95.5150401, 27.2579359 ], [ 95.5114714, 27.2619085 ], [ 95.5088104, 27.2618747 ], [ 95.504674, 27.2493622 ], [ 95.4996311, 27.2461806 ], [ 95.4920879, 27.2455391 ], [ 95.4842634, 27.2412497 ], [ 95.482926, 27.2365172 ], [ 95.4788448, 27.234061 ], [ 95.4796597, 27.2309604 ], [ 95.4774549, 27.2267564 ], [ 95.4714749, 27.2227176 ], [ 95.4724406, 27.218931 ], [ 95.4675441, 27.2183161 ], [ 95.4671565, 27.2133663 ], [ 95.4635303, 27.2106115 ], [ 95.4575785, 27.2087832 ], [ 95.4558934, 27.2025255 ], [ 95.4584199, 27.200182 ], [ 95.459143, 27.1954299 ], [ 95.4624628, 27.194372 ], [ 95.4601694, 27.1913365 ], [ 95.4666004, 27.1816397 ], [ 95.4595217, 27.1756924 ], [ 95.461422, 27.173286 ], [ 95.4647056, 27.17221 ], [ 95.4655132, 27.1663568 ], [ 95.4625178, 27.1617109 ], [ 95.453318, 27.1573348 ], [ 95.4547948, 27.1554929 ], [ 95.4596513, 27.1537392 ], [ 95.4622158, 27.1496584 ], [ 95.4574802, 27.1441335 ], [ 95.4565696, 27.140551 ], [ 95.4581665, 27.1379555 ], [ 95.4532732, 27.1294342 ], [ 95.4494101, 27.12968 ], [ 95.4492974, 27.1345942 ], [ 95.4444054, 27.1352149 ], [ 95.4428058, 27.1338936 ], [ 95.4424159, 27.1313893 ], [ 95.4447343, 27.1287935 ], [ 95.4406037, 27.1287413 ], [ 95.4396086, 27.125917 ], [ 95.4206459, 27.1257846 ], [ 95.3985428, 27.1087194 ], [ 95.3846405, 27.1055399 ], [ 95.3819878, 27.1002829 ], [ 95.3830163, 27.0982026 ], [ 95.3746717, 27.0926751 ], [ 95.370119, 27.0944891 ], [ 95.3712028, 27.100793 ], [ 95.3689186, 27.1023046 ], [ 95.3637604, 27.102548 ], [ 95.368651, 27.1070877 ], [ 95.3649045, 27.1081842 ], [ 95.3547649, 27.1039099 ], [ 95.3292677, 27.087659 ], [ 95.3168075, 27.0828125 ], [ 95.301912, 27.072481 ], [ 95.3000435, 27.0700478 ], [ 95.2918297, 27.0664873 ], [ 95.2780688, 27.0548905 ], [ 95.2763222, 27.0521862 ], [ 95.2752356, 27.0499698 ], [ 95.2767475, 27.0500251 ], [ 95.2776813, 27.04832 ], [ 95.2758454, 27.0440769 ], [ 95.277127, 27.0423766 ], [ 95.2715796, 27.0411814 ], [ 95.2633864, 27.0350696 ], [ 95.260065, 27.0355498 ], [ 95.2584392, 27.0338202 ], [ 95.258987, 27.0302738 ], [ 95.2565733, 27.0304117 ], [ 95.2464362, 27.023805 ], [ 95.2438424, 27.026057 ], [ 95.2394744, 27.0363852 ], [ 95.2330155, 27.0374778 ], [ 95.2322294, 27.0427534 ], [ 95.2293256, 27.0415192 ], [ 95.231082, 27.0390902 ], [ 95.2303179, 27.0357019 ], [ 95.226865, 27.0344275 ], [ 95.2235256, 27.0360634 ], [ 95.2191887, 27.031951 ], [ 95.2153981, 27.0301621 ], [ 95.2138568, 27.0309617 ], [ 95.2106906, 27.028536 ], [ 95.2094827, 27.0303959 ], [ 95.210622, 27.0309683 ], [ 95.2075177, 27.0304467 ], [ 95.2072268, 27.0323376 ], [ 95.2052718, 27.0324109 ], [ 95.2046608, 27.0377134 ], [ 95.2032184, 27.0358777 ], [ 95.1966583, 27.0369867 ], [ 95.1961763, 27.0318428 ], [ 95.1947903, 27.0311982 ], [ 95.1932084, 27.0317224 ], [ 95.1942378, 27.0341271 ], [ 95.1930598, 27.0359281 ], [ 95.1823717, 27.0254369 ], [ 95.1494906, 26.998786 ], [ 95.1447599, 26.9958492 ], [ 95.1388005, 26.9948525 ], [ 95.1242073, 26.9854401 ], [ 95.1119578, 26.9806607 ], [ 95.107919, 26.9759401 ], [ 95.1060774, 26.9654933 ], [ 95.1018126, 26.9617878 ], [ 95.0850364, 26.9516399 ], [ 95.0678571, 26.9483037 ], [ 95.0598679, 26.9451279 ], [ 95.0570548, 26.9424236 ], [ 95.049691, 26.9387602 ], [ 95.044077, 26.9387391 ], [ 95.0341256, 26.9355968 ], [ 95.024475, 26.928686 ], [ 95.0167641, 26.9210629 ], [ 95.0041477, 26.9208942 ], [ 95.0002508, 26.9195062 ], [ 94.9912894, 26.9208117 ], [ 94.9899838, 26.9142062 ], [ 94.9826182, 26.9129982 ], [ 94.9764996, 26.9212835 ], [ 94.9671833, 26.9235146 ], [ 94.9612383, 26.9371238 ], [ 94.9575027, 26.9374781 ], [ 94.9555007, 26.9400965 ], [ 94.9532433, 26.9376069 ], [ 94.9418632, 26.9353068 ], [ 94.9402611, 26.9335567 ], [ 94.9308509, 26.932559 ], [ 94.9308531, 26.9369001 ], [ 94.9288846, 26.93728 ], [ 94.9256136, 26.9407919 ], [ 94.9234912, 26.9463658 ], [ 94.916722, 26.9412506 ], [ 94.9143741, 26.9367749 ], [ 94.9024462, 26.9346659 ], [ 94.8978185, 26.9312506 ], [ 94.890639, 26.9295414 ], [ 94.8735873, 26.9175162 ], [ 94.872782, 26.9151336 ], [ 94.8660069, 26.9087344 ], [ 94.8652271, 26.9039781 ], [ 94.862454, 26.9004535 ], [ 94.8625299, 26.8975925 ], [ 94.8584488, 26.892213 ], [ 94.8578354, 26.8884765 ], [ 94.8510679, 26.8810974 ], [ 94.8501233, 26.8745856 ], [ 94.8431958, 26.8685102 ], [ 94.8390342, 26.8696599 ], [ 94.8364733, 26.8687747 ], [ 94.834544, 26.8603491 ], [ 94.8286593, 26.8553248 ], [ 94.8241971, 26.8542402 ], [ 94.8174939, 26.8475138 ], [ 94.8211239, 26.8416984 ], [ 94.8194507, 26.8375912 ], [ 94.8156227, 26.8373009 ], [ 94.8131749, 26.8336491 ], [ 94.81446, 26.8195431 ], [ 94.8064585, 26.8184158 ], [ 94.8062242, 26.8151305 ], [ 94.8037857, 26.8136716 ], [ 94.7975484, 26.8150628 ], [ 94.7952504, 26.8144208 ], [ 94.7957765, 26.8100798 ], [ 94.8012043, 26.8081603 ], [ 94.8031869, 26.8061667 ], [ 94.8038521, 26.8038701 ], [ 94.8027172, 26.8013154 ], [ 94.7997764, 26.7997795 ], [ 94.7911722, 26.7997522 ], [ 94.7892273, 26.7981762 ], [ 94.7887315, 26.7955585 ], [ 94.7756573, 26.7897647 ], [ 94.7737356, 26.7906118 ], [ 94.7702173, 26.7890388 ], [ 94.7674049, 26.7853363 ], [ 94.7667988, 26.7775649 ], [ 94.7605917, 26.775412 ], [ 94.7583287, 26.7660057 ], [ 94.7518232, 26.7661943 ], [ 94.7483523, 26.7726986 ], [ 94.7401846, 26.7759833 ], [ 94.7406832, 26.7718357 ], [ 94.7368946, 26.7637204 ], [ 94.7071664, 26.7463093 ], [ 94.6923452, 26.7319306 ], [ 94.6530154, 26.7187533 ], [ 94.6487645, 26.7204238 ], [ 94.6416437, 26.7204068 ], [ 94.6358241, 26.717086 ], [ 94.6242715, 26.7152859 ], [ 94.6203017, 26.7121224 ], [ 94.6189651, 26.7129978 ], [ 94.6206583, 26.7231335 ], [ 94.6158235, 26.7265629 ], [ 94.6080639, 26.7288277 ], [ 94.6101035, 26.7347757 ], [ 94.6096358, 26.7369372 ], [ 94.6076857, 26.7372123 ], [ 94.6060829, 26.7338907 ], [ 94.5970715, 26.7345527 ], [ 94.5935542, 26.7314607 ], [ 94.595616, 26.7262895 ], [ 94.5921489, 26.7248763 ], [ 94.5929224, 26.7232515 ], [ 94.5910941, 26.7205976 ], [ 94.5941648, 26.7190776 ], [ 94.596235, 26.7200121 ], [ 94.5983761, 26.7185504 ], [ 94.6015318, 26.7191105 ], [ 94.6024065, 26.7165293 ], [ 94.6010905, 26.714548 ], [ 94.6033372, 26.7123507 ], [ 94.602277, 26.711624 ], [ 94.597301, 26.7167856 ], [ 94.5933669, 26.7149707 ], [ 94.5925154, 26.7049614 ], [ 94.5944406, 26.702263 ], [ 94.5915321, 26.7001595 ], [ 94.5938792, 26.6971951 ], [ 94.5898601, 26.6966166 ], [ 94.5853828, 26.6982942 ], [ 94.582464, 26.6973908 ], [ 94.5794585, 26.7003458 ], [ 94.5773229, 26.700661 ], [ 94.5720853, 26.6945714 ], [ 94.5678759, 26.6929226 ], [ 94.5665963, 26.6898264 ], [ 94.5674666, 26.6874756 ], [ 94.5715715, 26.6866423 ], [ 94.569306, 26.686285 ], [ 94.566494, 26.6835581 ], [ 94.559389, 26.6864342 ], [ 94.5624285, 26.6955287 ], [ 94.5623111, 26.6988275 ], [ 94.5609786, 26.7005553 ], [ 94.5623529, 26.7050686 ], [ 94.5550321, 26.7050653 ], [ 94.5503042, 26.7017157 ], [ 94.5479054, 26.7063213 ], [ 94.5451915, 26.7052262 ], [ 94.5392642, 26.7061849 ], [ 94.5335953, 26.7013076 ], [ 94.5265431, 26.6989473 ], [ 94.5242096, 26.6957596 ], [ 94.5206996, 26.6992139 ], [ 94.5207541, 26.6943718 ], [ 94.5195245, 26.6930486 ], [ 94.5193827, 26.6887433 ], [ 94.517696, 26.6873205 ], [ 94.5185371, 26.6851009 ], [ 94.5175805, 26.6819323 ], [ 94.5132921, 26.6800923 ], [ 94.510379, 26.6847697 ], [ 94.5082483, 26.6853049 ], [ 94.5097388, 26.6818673 ], [ 94.5090471, 26.6802288 ], [ 94.5051355, 26.6786507 ], [ 94.5014652, 26.6722935 ], [ 94.4926744, 26.6658894 ], [ 94.4850567, 26.6678541 ], [ 94.4602839, 26.6616301 ], [ 94.4584497, 26.6535398 ], [ 94.4541007, 26.6539078 ], [ 94.4531456, 26.65255 ], [ 94.4590759, 26.6446086 ], [ 94.4598034, 26.6368462 ], [ 94.4654949, 26.633061 ], [ 94.4633204, 26.6335583 ], [ 94.4619034, 26.6323542 ], [ 94.4595643, 26.633511 ], [ 94.4535977, 26.6319441 ], [ 94.4551468, 26.6354722 ], [ 94.4527255, 26.6340656 ], [ 94.4512757, 26.6362911 ], [ 94.4356015, 26.6220387 ], [ 94.4257433, 26.6171507 ], [ 94.406382, 26.6124495 ], [ 94.4029218, 26.610568 ], [ 94.4055562, 26.605626 ], [ 94.4050737, 26.6038931 ], [ 94.4025886, 26.6031264 ], [ 94.4032206, 26.6007797 ], [ 94.4019249, 26.5986724 ], [ 94.4018835, 26.5935639 ], [ 94.4076707, 26.5916266 ], [ 94.4074888, 26.5879037 ], [ 94.4093811, 26.5877046 ], [ 94.4095911, 26.5848344 ], [ 94.4122005, 26.5829654 ], [ 94.4116322, 26.5794275 ], [ 94.4133831, 26.5771887 ], [ 94.4099349, 26.5765172 ], [ 94.4112484, 26.5721484 ], [ 94.4081314, 26.5709353 ], [ 94.4058471, 26.567876 ], [ 94.4062069, 26.5627134 ], [ 94.4041089, 26.5614276 ], [ 94.406568, 26.5618558 ], [ 94.4073354, 26.5603303 ], [ 94.4034206, 26.5582733 ], [ 94.406476, 26.5557544 ], [ 94.4019997, 26.5546678 ], [ 94.4049802, 26.5541978 ], [ 94.4046585, 26.5518784 ], [ 94.4062735, 26.5491883 ], [ 94.4012254, 26.5482823 ], [ 94.4062023, 26.5458398 ], [ 94.4061566, 26.5440301 ], [ 94.4030812, 26.5452538 ], [ 94.4011137, 26.5428895 ], [ 94.396598, 26.5427097 ], [ 94.3974809, 26.5415678 ], [ 94.402724, 26.5413457 ], [ 94.4026533, 26.5394729 ], [ 94.3998989, 26.5402992 ], [ 94.3977712, 26.5386208 ], [ 94.400876, 26.5341526 ], [ 94.398187, 26.5352541 ], [ 94.3952466, 26.5336075 ], [ 94.3975939, 26.5298841 ], [ 94.3957672, 26.5273345 ], [ 94.3932588, 26.5273755 ], [ 94.3914181, 26.5303542 ], [ 94.3900029, 26.5269065 ], [ 94.385443, 26.5305307 ], [ 94.3862204, 26.5280215 ], [ 94.3851966, 26.5257788 ], [ 94.3809475, 26.5258015 ], [ 94.3781981, 26.5211715 ], [ 94.3761413, 26.5217808 ], [ 94.3756548, 26.5181795 ], [ 94.3733623, 26.5171055 ], [ 94.3760761, 26.5156704 ], [ 94.3762566, 26.51382 ], [ 94.3750829, 26.5128227 ], [ 94.3730964, 26.5149393 ], [ 94.3713006, 26.5144293 ], [ 94.3746815, 26.5084453 ], [ 94.3721736, 26.5060444 ], [ 94.3693247, 26.5046589 ], [ 94.3684268, 26.505963 ], [ 94.3656281, 26.503544 ], [ 94.3627137, 26.5056603 ], [ 94.3574823, 26.5051769 ], [ 94.3542072, 26.5030554 ], [ 94.3477918, 26.5044579 ], [ 94.3476315, 26.5031988 ], [ 94.3506412, 26.5024232 ], [ 94.3529612, 26.4992821 ], [ 94.3495666, 26.4962614 ], [ 94.3494701, 26.4937734 ], [ 94.3466471, 26.4920731 ], [ 94.3501064, 26.4924278 ], [ 94.3528476, 26.4900588 ], [ 94.3492709, 26.4910961 ], [ 94.3494269, 26.4892676 ], [ 94.3468567, 26.4860039 ], [ 94.3446897, 26.4887536 ], [ 94.3438626, 26.4847054 ], [ 94.3408083, 26.4855361 ], [ 94.3410435, 26.4826978 ], [ 94.3394428, 26.4804964 ], [ 94.3363126, 26.4820516 ], [ 94.3339372, 26.4793258 ], [ 94.3320027, 26.4805845 ], [ 94.3304142, 26.4794975 ], [ 94.3268221, 26.4823155 ], [ 94.3255228, 26.4819495 ], [ 94.3264721, 26.475439 ], [ 94.3215977, 26.4756593 ], [ 94.3195576, 26.474211 ], [ 94.322568, 26.4724448 ], [ 94.3212772, 26.471016 ], [ 94.3238498, 26.465513 ], [ 94.3184439, 26.4652788 ], [ 94.3166223, 26.4583237 ], [ 94.307976, 26.4625259 ], [ 94.3067085, 26.4607925 ], [ 94.3057845, 26.4632334 ], [ 94.3035126, 26.464162 ], [ 94.2999178, 26.4636502 ], [ 94.299279, 26.4668224 ], [ 94.2934345, 26.4710975 ], [ 94.2930259, 26.474509 ], [ 94.2915661, 26.4752167 ], [ 94.2922966, 26.4775683 ], [ 94.2897476, 26.4797149 ], [ 94.2900619, 26.488768 ], [ 94.2880128, 26.4926795 ], [ 94.2882967, 26.4953874 ], [ 94.2859126, 26.4977508 ], [ 94.2848251, 26.5031015 ], [ 94.2832336, 26.5049733 ], [ 94.2833845, 26.5107498 ], [ 94.2858162, 26.5123445 ], [ 94.2865613, 26.5152241 ], [ 94.2842638, 26.5217076 ], [ 94.2817584, 26.5244995 ], [ 94.2829133, 26.5293967 ], [ 94.2814168, 26.5312505 ], [ 94.2821328, 26.5330291 ], [ 94.2809622, 26.5350636 ], [ 94.2819411, 26.5405925 ], [ 94.2861442, 26.5425086 ], [ 94.2826246, 26.54553 ], [ 94.2812723, 26.5486475 ], [ 94.2847851, 26.5610691 ], [ 94.2836908, 26.5613526 ], [ 94.2715103, 26.5515515 ], [ 94.2706442, 26.5492764 ], [ 94.2563368, 26.5412234 ], [ 94.2533201, 26.5327909 ], [ 94.2516997, 26.5326405 ], [ 94.2478164, 26.5282101 ], [ 94.248718, 26.5249662 ], [ 94.2366223, 26.5061365 ], [ 94.2212684, 26.4981281 ], [ 94.207507, 26.4864676 ], [ 94.2024887, 26.4727802 ], [ 94.2026636, 26.4690636 ], [ 94.1940542, 26.4612352 ], [ 94.1852276, 26.4584349 ], [ 94.1761255, 26.4364215 ], [ 94.1717338, 26.429785 ], [ 94.175722, 26.4244285 ], [ 94.1728382, 26.4199536 ], [ 94.1719052, 26.4158414 ], [ 94.1740087, 26.4095107 ], [ 94.1731857, 26.4032799 ], [ 94.1775813, 26.3820121 ], [ 94.1722284, 26.3736521 ], [ 94.1719388, 26.3724896 ], [ 94.1741066, 26.370716 ], [ 94.1711252, 26.3627527 ], [ 94.1601551, 26.3542937 ], [ 94.1620319, 26.3471566 ], [ 94.1670621, 26.3479894 ], [ 94.1687109, 26.3509348 ], [ 94.1726134, 26.3505946 ], [ 94.1775939, 26.3464217 ], [ 94.1747306, 26.3428772 ], [ 94.1745559, 26.3404605 ], [ 94.1716353, 26.3379587 ], [ 94.1671845, 26.3393158 ], [ 94.1628734, 26.3355113 ], [ 94.1475825, 26.333455 ], [ 94.1450599, 26.3305914 ], [ 94.1410135, 26.3313741 ], [ 94.1409852, 26.3353106 ], [ 94.1387308, 26.3362755 ], [ 94.1283828, 26.3303583 ], [ 94.1249191, 26.3308106 ], [ 94.1197455, 26.3288032 ], [ 94.1159302, 26.3296894 ], [ 94.1145143, 26.3270823 ], [ 94.1149769, 26.3239539 ], [ 94.1216822, 26.3177601 ], [ 94.1120585, 26.3179942 ], [ 94.1096782, 26.3199231 ], [ 94.1050542, 26.3199486 ], [ 94.1025117, 26.3152296 ], [ 94.0997066, 26.3138969 ], [ 94.1007768, 26.3086309 ], [ 94.0977806, 26.3019591 ], [ 94.0904432, 26.2943451 ], [ 94.0869187, 26.2927018 ], [ 94.0842673, 26.2889731 ], [ 94.0840959, 26.2833418 ], [ 94.0747261, 26.2835956 ], [ 94.0722448, 26.2761126 ], [ 94.0747064, 26.2730351 ], [ 94.0746234, 26.2643798 ], [ 94.0709196, 26.262319 ], [ 94.0678603, 26.2569734 ], [ 94.056081, 26.2550142 ], [ 94.047687, 26.2493647 ], [ 94.0423973, 26.2345048 ], [ 94.0364638, 26.226053 ], [ 94.0320329, 26.1975367 ], [ 94.0217858, 26.193811 ], [ 94.0153618, 26.1840174 ], [ 94.0078103, 26.1824951 ], [ 94.0010785, 26.1722674 ], [ 94.0026054, 26.1708697 ], [ 94.0013703, 26.1657778 ], [ 94.0036617, 26.1601069 ], [ 94.0010964, 26.1552034 ], [ 93.9965797, 26.1534747 ], [ 93.9945219, 26.14831 ], [ 93.9959051, 26.1464224 ], [ 94.00083, 26.1469848 ], [ 94.0035981, 26.1442297 ], [ 94.0019283, 26.1391285 ], [ 94.0021732, 26.1344306 ], [ 93.9983117, 26.131241 ], [ 93.990862, 26.133641 ], [ 93.9889767, 26.133304 ], [ 93.9872397, 26.1310805 ], [ 93.9888717, 26.1282043 ], [ 93.9978217, 26.1287701 ], [ 93.9934871, 26.1239356 ], [ 93.9938717, 26.118655 ], [ 93.9867582, 26.1139039 ], [ 93.9887399, 26.1108154 ], [ 93.9957747, 26.1121951 ], [ 93.997931, 26.1095572 ], [ 93.9971524, 26.1069047 ], [ 93.9894816, 26.0975282 ], [ 93.9901586, 26.0946528 ], [ 93.9886461, 26.0863363 ], [ 93.9827358, 26.0833577 ], [ 93.9815345, 26.081242 ], [ 93.9819069, 26.0786511 ], [ 93.9861337, 26.0721671 ], [ 93.9873878, 26.0667864 ], [ 93.9707561, 26.046417 ], [ 93.9703864, 26.0403471 ], [ 93.96247, 26.0365386 ], [ 93.9626968, 26.025761 ], [ 93.9605412, 26.0153594 ], [ 93.9530008, 26.0029659 ], [ 93.9591475, 25.9943332 ], [ 93.9541516, 25.9692607 ], [ 93.9687064, 25.9572559 ], [ 93.9699579, 25.9367786 ], [ 93.9779866, 25.9280716 ], [ 93.9786954, 25.9167293 ], [ 93.9759434, 25.9143077 ], [ 93.9712061, 25.9127583 ], [ 93.9667043, 25.9058921 ], [ 93.9610719, 25.9012334 ], [ 93.9597652, 25.9021052 ], [ 93.951664, 25.8985669 ], [ 93.9450069, 25.8976406 ], [ 93.944317, 25.8955242 ], [ 93.9379655, 25.8963079 ], [ 93.9354247, 25.894445 ], [ 93.933978, 25.8852475 ], [ 93.9261546, 25.8850024 ], [ 93.923819, 25.8835093 ], [ 93.9159958, 25.8837013 ], [ 93.9108805, 25.8794467 ], [ 93.9115681, 25.8765219 ], [ 93.907506, 25.8725241 ], [ 93.901948, 25.8708463 ], [ 93.896044, 25.8578582 ], [ 93.8899684, 25.8586352 ], [ 93.8865404, 25.8483182 ], [ 93.8818018, 25.8433494 ], [ 93.8761058, 25.8424785 ], [ 93.8691778, 25.8509318 ], [ 93.8585731, 25.8536931 ], [ 93.8522574, 25.8582282 ], [ 93.8481424, 25.8570495 ], [ 93.8451891, 25.85829 ], [ 93.8397025, 25.85661 ], [ 93.8304772, 25.8492463 ], [ 93.82972, 25.846511 ], [ 93.8252618, 25.8443974 ], [ 93.8243703, 25.841662 ], [ 93.8211496, 25.8387408 ], [ 93.8163895, 25.8226129 ], [ 93.8063046, 25.8168902 ], [ 93.8038395, 25.8114189 ], [ 93.7954743, 25.8089278 ], [ 93.7900527, 25.8112265 ], [ 93.7875114, 25.8157609 ], [ 93.7870928, 25.8221605 ], [ 93.7842424, 25.8261666 ], [ 93.7847888, 25.8290283 ], [ 93.7803253, 25.8354254 ], [ 93.7814543, 25.8394971 ], [ 93.780356, 25.8408639 ], [ 93.7781621, 25.8401177 ], [ 93.7778161, 25.8424148 ], [ 93.7811111, 25.8445924 ], [ 93.7775358, 25.8498119 ], [ 93.7811336, 25.854007 ], [ 93.7785276, 25.8568668 ], [ 93.781406, 25.8564941 ], [ 93.7844274, 25.8584231 ], [ 93.7849717, 25.8642636 ], [ 93.7875801, 25.8651363 ], [ 93.789843, 25.8678095 ], [ 93.7889484, 25.8701062 ], [ 93.785172, 25.8700452 ], [ 93.787347, 25.8768797 ], [ 93.7847554, 25.8799516 ], [ 93.7841583, 25.8843427 ], [ 93.7892037, 25.8896714 ], [ 93.7920282, 25.8891404 ], [ 93.7920465, 25.8913429 ], [ 93.795369, 25.8923828 ], [ 93.7935207, 25.8955636 ], [ 93.7944211, 25.8994862 ], [ 93.7956781, 25.900236 ], [ 93.795674, 25.9065094 ], [ 93.792006, 25.9065976 ], [ 93.794261, 25.9075557 ], [ 93.7933957, 25.910534 ], [ 93.7942975, 25.9126647 ], [ 93.7921563, 25.9129117 ], [ 93.7918601, 25.9155563 ], [ 93.78872, 25.9168859 ], [ 93.7905244, 25.9200598 ], [ 93.7891453, 25.9222569 ], [ 93.7909892, 25.9262296 ], [ 93.7893407, 25.928219 ], [ 93.7899835, 25.9297539 ], [ 93.7873528, 25.9301269 ], [ 93.7879009, 25.9314587 ], [ 93.7864679, 25.9320987 ], [ 93.7898857, 25.9339241 ], [ 93.7877633, 25.9353986 ], [ 93.7867379, 25.9382143 ], [ 93.7872628, 25.9438922 ], [ 93.7846322, 25.9438726 ], [ 93.7867729, 25.9448081 ], [ 93.7873407, 25.9465821 ], [ 93.7858858, 25.9496683 ], [ 93.7832693, 25.9504114 ], [ 93.7803192, 25.9564798 ], [ 93.7768981, 25.9581248 ], [ 93.7786087, 25.9602968 ], [ 93.7750931, 25.9613867 ], [ 93.7744605, 25.9655338 ], [ 93.7771509, 25.9664428 ], [ 93.7771894, 25.9682392 ], [ 93.7735775, 25.9704842 ], [ 93.7714178, 25.9679914 ], [ 93.7654497, 25.9697517 ], [ 93.7645821, 25.9685279 ], [ 93.768143, 25.9674249 ], [ 93.7700307, 25.9612612 ], [ 93.7695237, 25.9587515 ], [ 93.7635522, 25.9593699 ], [ 93.7682303, 25.9535875 ], [ 93.7679581, 25.9510148 ], [ 93.7641891, 25.9508495 ], [ 93.7642058, 25.954442 ], [ 93.7618126, 25.9511365 ], [ 93.7586512, 25.9526233 ], [ 93.7577088, 25.9513589 ], [ 93.7584634, 25.9455058 ], [ 93.7529312, 25.9466747 ], [ 93.7524617, 25.942116 ], [ 93.7503814, 25.9408686 ], [ 93.7471393, 25.9431766 ], [ 93.7451172, 25.9423367 ], [ 93.7462043, 25.9387008 ], [ 93.7520187, 25.9359596 ], [ 93.7525297, 25.9342315 ], [ 93.7513133, 25.9328088 ], [ 93.7498411, 25.9325412 ], [ 93.7496246, 25.9343554 ], [ 93.7476423, 25.9349223 ], [ 93.7395302, 25.9317915 ], [ 93.7395282, 25.9298181 ], [ 93.7365533, 25.9276712 ], [ 93.7386398, 25.9253208 ], [ 93.7370341, 25.9251487 ], [ 93.7361453, 25.9227638 ], [ 93.7336541, 25.9236115 ], [ 93.7282121, 25.9205794 ], [ 93.718692, 25.9198528 ], [ 93.7136157, 25.9168101 ], [ 93.7066257, 25.918826 ], [ 93.7049469, 25.9165065 ], [ 93.7054489, 25.9149231 ], [ 93.7008756, 25.9106566 ], [ 93.6939761, 25.9117226 ], [ 93.6900724, 25.9076624 ], [ 93.6877322, 25.907579 ], [ 93.684765, 25.9037018 ], [ 93.6815292, 25.9043864 ], [ 93.7020768, 25.851543 ], [ 93.7143219, 25.8445133 ], [ 93.7118327, 25.8441401 ], [ 93.7078103, 25.8478118 ], [ 93.7008794, 25.8432708 ], [ 93.6996488, 25.8455055 ], [ 93.7016757, 25.8484155 ], [ 93.7011278, 25.8495712 ], [ 93.6992256, 25.8465709 ], [ 93.6946925, 25.8479948 ], [ 93.6914332, 25.8438487 ], [ 93.6882971, 25.8459487 ], [ 93.6856475, 25.8436662 ], [ 93.6895071, 25.8421841 ], [ 93.6902195, 25.8406899 ], [ 93.6805575, 25.838347 ], [ 93.6794538, 25.8350347 ], [ 93.6806799, 25.8334321 ], [ 93.6791482, 25.8319884 ], [ 93.678628, 25.8284095 ], [ 93.6726233, 25.8276399 ], [ 93.6711608, 25.8240478 ], [ 93.6676357, 25.8259625 ], [ 93.6682925, 25.8218281 ], [ 93.6649618, 25.8231785 ], [ 93.6605382, 25.8216136 ], [ 93.6548139, 25.8236414 ], [ 93.6516015, 25.8198554 ], [ 93.6461362, 25.8223796 ], [ 93.6465102, 25.8197344 ], [ 93.6443109, 25.8186966 ], [ 93.6434728, 25.8157721 ], [ 93.6381572, 25.8156328 ], [ 93.6386003, 25.809788 ], [ 93.6330984, 25.8113769 ], [ 93.6349504, 25.8092738 ], [ 93.6316992, 25.8066428 ], [ 93.6328856, 25.8027567 ], [ 93.62951, 25.8015608 ], [ 93.6246988, 25.8025629 ], [ 93.62776, 25.79888 ], [ 93.626693, 25.7971515 ], [ 93.6233975, 25.7973049 ], [ 93.6267527, 25.7896097 ], [ 93.6231981, 25.7873259 ], [ 93.6225201, 25.7849654 ], [ 93.6185022, 25.7837016 ], [ 93.6200975, 25.7802309 ], [ 93.6174209, 25.7759883 ], [ 93.6127202, 25.7765567 ], [ 93.6102929, 25.7737492 ], [ 93.6050389, 25.774904 ], [ 93.6025378, 25.7683774 ], [ 93.602653, 25.7650781 ], [ 93.6005595, 25.7651636 ], [ 93.5999658, 25.768079 ], [ 93.5985102, 25.768801 ], [ 93.5916732, 25.762526 ], [ 93.5902526, 25.762968 ], [ 93.5895141, 25.766055 ], [ 93.5859203, 25.7661488 ], [ 93.5823435, 25.7605468 ], [ 93.5854794, 25.757975 ], [ 93.5801719, 25.7565293 ], [ 93.5777505, 25.754493 ], [ 93.5768325, 25.7568713 ], [ 93.5744155, 25.7564056 ], [ 93.5714689, 25.7587875 ], [ 93.5679353, 25.7584342 ], [ 93.5682651, 25.7568095 ], [ 93.5724268, 25.756441 ], [ 93.5732203, 25.7541169 ], [ 93.5702904, 25.7527618 ], [ 93.5683307, 25.7549862 ], [ 93.5663273, 25.7547507 ], [ 93.5669689, 25.7472537 ], [ 93.5635066, 25.7447248 ], [ 93.5615119, 25.7377689 ], [ 93.5595191, 25.7368022 ], [ 93.5582823, 25.7387153 ], [ 93.5542962, 25.7378288 ], [ 93.5552603, 25.7336319 ], [ 93.5495803, 25.7327399 ], [ 93.5494329, 25.7293188 ], [ 93.5476739, 25.7293946 ], [ 93.5458837, 25.7314652 ], [ 93.5424509, 25.7309398 ], [ 93.5430623, 25.7258536 ], [ 93.5395518, 25.7225613 ], [ 93.5430506, 25.7209565 ], [ 93.5431894, 25.7146425 ], [ 93.548024, 25.7117205 ], [ 93.541916, 25.7045905 ], [ 93.5411677, 25.6988445 ], [ 93.5362935, 25.7018024 ], [ 93.5320678, 25.6969841 ], [ 93.5312293, 25.6925739 ], [ 93.5274747, 25.6911859 ], [ 93.5235981, 25.692596 ], [ 93.5239588, 25.6959181 ], [ 93.5224929, 25.6975735 ], [ 93.5204805, 25.6916144 ], [ 93.5126516, 25.6845858 ], [ 93.5137241, 25.6828173 ], [ 93.51754, 25.6822921 ], [ 93.5183494, 25.6794267 ], [ 93.514093, 25.6770675 ], [ 93.5111442, 25.6720916 ], [ 93.5074383, 25.6725084 ], [ 93.5098029, 25.6684663 ], [ 93.5066012, 25.6678815 ], [ 93.505507, 25.6664228 ], [ 93.5064555, 25.6641533 ], [ 93.4999849, 25.6607177 ], [ 93.4965526, 25.6545336 ], [ 93.491222, 25.6531958 ], [ 93.4880162, 25.6543131 ], [ 93.4868049, 25.653118 ], [ 93.4877694, 25.6513932 ], [ 93.4852121, 25.6483305 ], [ 93.4814402, 25.6512265 ], [ 93.4829388, 25.6454572 ], [ 93.4817379, 25.6445013 ], [ 93.4767465, 25.647768 ], [ 93.4738254, 25.6440103 ], [ 93.4714863, 25.6453975 ], [ 93.4687965, 25.6443251 ], [ 93.4723061, 25.6432622 ], [ 93.4720365, 25.6423913 ], [ 93.4641661, 25.6446214 ], [ 93.4604617, 25.6406179 ], [ 93.4573121, 25.6411366 ], [ 93.4557321, 25.6386867 ], [ 93.4605953, 25.6367792 ], [ 93.4608958, 25.6323108 ], [ 93.4550865, 25.6338533 ], [ 93.4495934, 25.6395295 ], [ 93.4494764, 25.6356119 ], [ 93.4466627, 25.6345978 ], [ 93.4452299, 25.6369852 ], [ 93.4456861, 25.6389294 ], [ 93.4443711, 25.6396118 ], [ 93.4421561, 25.6381737 ], [ 93.4416242, 25.6346815 ], [ 93.4397327, 25.6356708 ], [ 93.4373573, 25.6348052 ], [ 93.437261, 25.6316594 ], [ 93.4345723, 25.6311912 ], [ 93.4336553, 25.6294313 ], [ 93.4304292, 25.6294732 ], [ 93.4273785, 25.6325344 ], [ 93.4249081, 25.6303012 ], [ 93.4245527, 25.6254674 ], [ 93.421481, 25.6258521 ], [ 93.4199671, 25.6247016 ], [ 93.4222556, 25.6204267 ], [ 93.4216125, 25.6182424 ], [ 93.4183516, 25.6176386 ], [ 93.4137279, 25.6209934 ], [ 93.4143642, 25.618055 ], [ 93.4104807, 25.616544 ], [ 93.4110074, 25.6135921 ], [ 93.4078268, 25.6144143 ], [ 93.4062628, 25.6114042 ], [ 93.4015238, 25.6110937 ], [ 93.4021599, 25.6068962 ], [ 93.4012737, 25.6057679 ], [ 93.4028707, 25.6021569 ], [ 93.3994654, 25.5990658 ], [ 93.3987779, 25.5960328 ], [ 93.3969514, 25.5970261 ], [ 93.3947013, 25.5944493 ], [ 93.3940345, 25.5960652 ], [ 93.3924319, 25.5959029 ], [ 93.3892906, 25.5910964 ], [ 93.3855977, 25.5927713 ], [ 93.3869463, 25.5899728 ], [ 93.3857464, 25.5870527 ], [ 93.3834074, 25.5879195 ], [ 93.3820633, 25.5839613 ], [ 93.3794257, 25.5838936 ], [ 93.3783484, 25.5826041 ], [ 93.3791143, 25.5815196 ], [ 93.3815869, 25.5819697 ], [ 93.3796451, 25.5789805 ], [ 93.3798334, 25.5765774 ], [ 93.3742996, 25.5770875 ], [ 93.3753944, 25.573084 ], [ 93.3695074, 25.570421 ], [ 93.3655418, 25.5651807 ], [ 93.3624516, 25.5659974 ], [ 93.361591, 25.5638715 ], [ 93.3640593, 25.5611998 ], [ 93.3584719, 25.557259 ], [ 93.3587161, 25.5546322 ], [ 93.3573379, 25.5545011 ], [ 93.3564421, 25.5561891 ], [ 93.3546061, 25.5555208 ], [ 93.3524414, 25.5576238 ], [ 93.3521623, 25.5599933 ], [ 93.3458383, 25.5591076 ], [ 93.3432754, 25.5600368 ], [ 93.3379772, 25.5568717 ], [ 93.335749, 25.553978 ], [ 93.3370828, 25.5528274 ], [ 93.3326114, 25.5483805 ], [ 93.329243, 25.5487947 ], [ 93.3266867, 25.5459233 ], [ 93.3283193, 25.5439514 ], [ 93.3303643, 25.5436813 ], [ 93.3304942, 25.5420339 ], [ 93.3333747, 25.5420843 ], [ 93.3337835, 25.5395885 ], [ 93.3363907, 25.5387317 ], [ 93.3346009, 25.5350978 ], [ 93.3353126, 25.5342179 ], [ 93.3403573, 25.532838 ], [ 93.3405706, 25.5349458 ], [ 93.345083, 25.5341931 ], [ 93.3469687, 25.5332772 ], [ 93.3462876, 25.53107 ], [ 93.3483324, 25.529942 ], [ 93.3501228, 25.5322487 ], [ 93.3499693, 25.5286785 ], [ 93.3526606, 25.5283043 ], [ 93.3550887, 25.5247751 ], [ 93.3562837, 25.5168766 ], [ 93.3576916, 25.5152746 ], [ 93.3568562, 25.5136993 ], [ 93.3615815, 25.5123367 ], [ 93.3621342, 25.5067129 ], [ 93.3640043, 25.5065325 ], [ 93.3643328, 25.5037567 ], [ 93.3692018, 25.5035268 ], [ 93.3670584, 25.5009585 ], [ 93.3673373, 25.4994561 ], [ 93.3690728, 25.4981772 ], [ 93.3766718, 25.4975318 ], [ 93.3759707, 25.4958529 ], [ 93.3775173, 25.4952751 ], [ 93.377383, 25.4929823 ], [ 93.3855136, 25.4903911 ], [ 93.3838624, 25.4879449 ], [ 93.3865477, 25.4872587 ], [ 93.384633, 25.4850968 ], [ 93.3867163, 25.4829618 ], [ 93.3914154, 25.4821579 ], [ 93.389625, 25.4808086 ], [ 93.3891027, 25.47843 ], [ 93.3866113, 25.4777848 ], [ 93.3891968, 25.4763763 ], [ 93.3881972, 25.4751352 ], [ 93.3889776, 25.4725354 ], [ 93.3859792, 25.4713485 ], [ 93.3844576, 25.4691641 ], [ 93.3868193, 25.4688344 ], [ 93.385959, 25.4676204 ], [ 93.3868488, 25.4663926 ], [ 93.3904135, 25.4644379 ], [ 93.3883401, 25.4634948 ], [ 93.3903434, 25.4603848 ], [ 93.3916611, 25.4617839 ], [ 93.3939973, 25.4584436 ], [ 93.3973037, 25.4602575 ], [ 93.4006439, 25.4563573 ], [ 93.4005042, 25.4539561 ], [ 93.4024671, 25.4507827 ], [ 93.4087203, 25.4482854 ], [ 93.410406, 25.4498738 ], [ 93.4155496, 25.4449843 ], [ 93.419949, 25.4449649 ], [ 93.4217045, 25.4469458 ], [ 93.4256075, 25.4483166 ], [ 93.4363949, 25.4481816 ], [ 93.438551, 25.4455087 ], [ 93.4375306, 25.4430446 ], [ 93.4395179, 25.4410127 ], [ 93.4433307, 25.4410967 ], [ 93.4502915, 25.4356545 ], [ 93.4554254, 25.434397 ], [ 93.4581931, 25.4309841 ], [ 93.4583258, 25.4259167 ], [ 93.4623176, 25.4178509 ], [ 93.4593339, 25.4083652 ], [ 93.4596584, 25.403233 ], [ 93.4631959, 25.3955895 ], [ 93.4729871, 25.385992 ], [ 93.4736125, 25.3792799 ], [ 93.4717716, 25.3758869 ], [ 93.4725254, 25.3742841 ], [ 93.4650133, 25.3606669 ], [ 93.4638005, 25.3596431 ], [ 93.4587492, 25.3606797 ], [ 93.4515816, 25.3539539 ], [ 93.4519646, 25.3470253 ], [ 93.4499818, 25.3453699 ], [ 93.4502734, 25.3430858 ], [ 93.4484341, 25.3406359 ], [ 93.4520519, 25.3359624 ], [ 93.4565116, 25.3353823 ], [ 93.4554218, 25.3321376 ], [ 93.4566717, 25.3298621 ], [ 93.4534331, 25.321464 ], [ 93.4666305, 25.3118243 ], [ 93.4705033, 25.3050604 ], [ 93.4673031, 25.3016638 ], [ 93.463162, 25.3014722 ], [ 93.4553563, 25.2934741 ], [ 93.4370283, 25.2882382 ], [ 93.4313085, 25.283451 ], [ 93.4275237, 25.2832407 ], [ 93.426703, 25.2796392 ], [ 93.4205316, 25.2774612 ], [ 93.4190895, 25.2707273 ], [ 93.4159352, 25.2642692 ], [ 93.4066771, 25.2607779 ], [ 93.4011625, 25.2606165 ], [ 93.3936617, 25.2547409 ], [ 93.3925927, 25.2499688 ], [ 93.3865977, 25.2427788 ], [ 93.3833371, 25.2422781 ], [ 93.3814511, 25.2399626 ], [ 93.3808902, 25.238085 ], [ 93.3826866, 25.2372453 ], [ 93.3816394, 25.2343069 ], [ 93.3842595, 25.2335214 ], [ 93.3846463, 25.2313593 ], [ 93.3812717, 25.227356 ], [ 93.3822344, 25.2265886 ], [ 93.3817776, 25.222901 ], [ 93.3793958, 25.222224 ], [ 93.3785423, 25.2204637 ], [ 93.376622, 25.2210821 ], [ 93.3756148, 25.2201432 ], [ 93.3767063, 25.2178774 ], [ 93.373377, 25.2148397 ], [ 93.3738285, 25.2118246 ], [ 93.3689365, 25.2109669 ], [ 93.3707178, 25.2078932 ], [ 93.3661037, 25.206101 ], [ 93.3656231, 25.1980757 ], [ 93.3633214, 25.1960985 ], [ 93.3593775, 25.1953128 ], [ 93.3599882, 25.1918508 ], [ 93.356714, 25.1918775 ], [ 93.3573695, 25.1875987 ], [ 93.3561638, 25.1889571 ], [ 93.3541203, 25.1876659 ], [ 93.3549589, 25.1859329 ], [ 93.3513382, 25.183197 ], [ 93.3514977, 25.1796628 ], [ 93.3498062, 25.1794955 ], [ 93.3496083, 25.1767421 ], [ 93.3458701, 25.1698084 ], [ 93.3462427, 25.1668881 ], [ 93.3440862, 25.1628028 ], [ 93.3440078, 25.1591332 ], [ 93.3465673, 25.1570844 ], [ 93.345183, 25.150735 ], [ 93.3468589, 25.1430182 ], [ 93.3461409, 25.1405801 ], [ 93.347509, 25.1387729 ], [ 93.3423818, 25.137485 ], [ 93.3453387, 25.1303359 ], [ 93.3417202, 25.1267061 ], [ 93.3452561, 25.1234615 ], [ 93.3411758, 25.1230634 ], [ 93.342203, 25.1198905 ], [ 93.3393286, 25.1154889 ], [ 93.3414063, 25.1138329 ], [ 93.3367469, 25.111602 ], [ 93.3380761, 25.1099007 ], [ 93.3324574, 25.1007317 ], [ 93.3335389, 25.0979877 ], [ 93.3317006, 25.0960463 ], [ 93.3323706, 25.0935187 ], [ 93.3275428, 25.0934 ], [ 93.3218783, 25.0908207 ], [ 93.3149222, 25.0846162 ], [ 93.312739, 25.0793523 ], [ 93.3061119, 25.0716354 ], [ 93.3063071, 25.0682546 ], [ 93.3028155, 25.0643621 ], [ 93.3025893, 25.0613694 ], [ 93.3055599, 25.0574257 ], [ 93.3042279, 25.0556151 ], [ 93.3007888, 25.0558572 ], [ 93.3020979, 25.0542419 ], [ 93.2999572, 25.0460394 ], [ 93.2975439, 25.0465798 ], [ 93.2994053, 25.0493521 ], [ 93.2987991, 25.0519473 ], [ 93.297353, 25.050782 ], [ 93.294796, 25.051065 ], [ 93.2936793, 25.0463339 ], [ 93.2913589, 25.0486393 ], [ 93.2889677, 25.0456813 ], [ 93.287178, 25.0470119 ], [ 93.2834633, 25.0449965 ], [ 93.2826973, 25.0490088 ], [ 93.2796612, 25.0472239 ], [ 93.2800746, 25.0509977 ], [ 93.2773058, 25.0495741 ], [ 93.2745101, 25.0509444 ], [ 93.2721486, 25.0484422 ], [ 93.2704521, 25.0507656 ], [ 93.2642049, 25.0493619 ], [ 93.2622707, 25.0459119 ], [ 93.2646246, 25.0456518 ], [ 93.2660531, 25.0438383 ], [ 93.2621862, 25.0407209 ], [ 93.2596193, 25.0412065 ], [ 93.2583489, 25.0380233 ], [ 93.2598926, 25.0349732 ], [ 93.2548439, 25.0299859 ], [ 93.2537865, 25.027164 ], [ 93.251354, 25.027144 ], [ 93.2511671, 25.0258484 ], [ 93.2540358, 25.0254715 ], [ 93.2525027, 25.022929 ], [ 93.2539465, 25.0205785 ], [ 93.2490823, 25.0200871 ], [ 93.2472813, 25.0179911 ], [ 93.2438828, 25.0182861 ], [ 93.2437364, 25.0161239 ], [ 93.2476709, 25.0148995 ], [ 93.2447226, 25.0117136 ], [ 93.2417844, 25.0039252 ], [ 93.2441976, 25.0032596 ], [ 93.2443881, 24.9980883 ], [ 93.2468624, 24.9973802 ], [ 93.2488809, 24.9989058 ], [ 93.2487827, 25.0029862 ], [ 93.2505001, 25.0043192 ], [ 93.2523411, 25.0009308 ], [ 93.2570132, 25.0047352 ], [ 93.2597799, 25.0015912 ], [ 93.2586328, 24.9994779 ], [ 93.2541595, 25.0002326 ], [ 93.2527739, 24.998909 ], [ 93.2529786, 24.9973384 ], [ 93.2570412, 24.9960733 ], [ 93.2514099, 24.986012 ], [ 93.2534344, 24.9820685 ], [ 93.2496728, 24.9798853 ], [ 93.2491999, 24.9775016 ], [ 93.2519933, 24.9770751 ], [ 93.2496114, 24.973123 ], [ 93.252438, 24.974285 ], [ 93.2571558, 24.9736233 ], [ 93.2609234, 24.9714582 ], [ 93.2623279, 24.9686556 ], [ 93.2630056, 24.9613358 ], [ 93.26087, 24.9585454 ], [ 93.2500003, 24.9551387 ], [ 93.2453626, 24.9508062 ], [ 93.2491277, 24.9481715 ], [ 93.2473225, 24.9451171 ], [ 93.2509695, 24.9434079 ], [ 93.2512687, 24.9406406 ], [ 93.2476192, 24.9397996 ], [ 93.2449176, 24.941192 ], [ 93.2368146, 24.937163 ], [ 93.2371322, 24.9325315 ], [ 93.2426354, 24.9361068 ], [ 93.2451049, 24.935387 ], [ 93.2447061, 24.932503 ], [ 93.2417045, 24.9305871 ], [ 93.240964, 24.9276356 ], [ 93.2384922, 24.9256785 ], [ 93.2393423, 24.9243688 ], [ 93.2459712, 24.9252483 ], [ 93.2488368, 24.914846 ], [ 93.2440563, 24.9105527 ], [ 93.2390327, 24.9106245 ], [ 93.2365148, 24.9122693 ], [ 93.2351975, 24.9114082 ], [ 93.237781, 24.9058227 ], [ 93.2403193, 24.9051256 ], [ 93.2408027, 24.9033558 ], [ 93.2384872, 24.8986992 ], [ 93.2320093, 24.8990426 ], [ 93.229608, 24.897821 ], [ 93.2294231, 24.8957764 ], [ 93.2320641, 24.8938832 ], [ 93.2321169, 24.891879 ], [ 93.2275847, 24.892934 ], [ 93.2260151, 24.8919284 ], [ 93.2279916, 24.8883385 ], [ 93.231549, 24.8875371 ], [ 93.2327885, 24.8846609 ], [ 93.231244, 24.8839217 ], [ 93.2277365, 24.8850346 ], [ 93.2249219, 24.8801841 ], [ 93.2215136, 24.8815224 ], [ 93.2219609, 24.8776628 ], [ 93.2264449, 24.8728344 ], [ 93.2203595, 24.8735201 ], [ 93.2214548, 24.8695111 ], [ 93.2168997, 24.8653521 ], [ 93.2147128, 24.8652948 ], [ 93.213611, 24.8606281 ], [ 93.2100309, 24.8560802 ], [ 93.2068744, 24.8557615 ], [ 93.2040712, 24.8510505 ], [ 93.2023942, 24.851241 ], [ 93.2011247, 24.8543562 ], [ 93.1995521, 24.855147 ], [ 93.1948267, 24.8538493 ], [ 93.1981211, 24.8530126 ], [ 93.2012597, 24.8485422 ], [ 93.2015476, 24.8420557 ], [ 93.1999692, 24.8415193 ], [ 93.1954297, 24.8443292 ], [ 93.1923075, 24.8427598 ], [ 93.191752, 24.8400246 ], [ 93.196108, 24.8366913 ], [ 93.1996861, 24.8394837 ], [ 93.2005952, 24.837953 ], [ 93.1977933, 24.8341582 ], [ 93.193273, 24.8355732 ], [ 93.1916104, 24.8344048 ], [ 93.1916542, 24.832992 ], [ 93.1959069, 24.8309091 ], [ 93.191887, 24.824578 ], [ 93.1900589, 24.818643 ], [ 93.1967765, 24.8124333 ], [ 93.1968055, 24.8111423 ], [ 93.1911242, 24.8039542 ], [ 93.1799477, 24.8030651 ], [ 93.1793467, 24.7972062 ], [ 93.1761509, 24.793849 ], [ 93.1746921, 24.7937953 ], [ 93.1735903, 24.7959985 ], [ 93.1735677, 24.8012301 ], [ 93.170685, 24.8018494 ], [ 93.1610898, 24.7962278 ], [ 93.1598676, 24.7933798 ], [ 93.1542393, 24.7887136 ], [ 93.1494626, 24.7873739 ], [ 93.1485036, 24.7890802 ], [ 93.1511547, 24.7922801 ], [ 93.15117, 24.7946771 ], [ 93.1462553, 24.7974404 ], [ 93.143397, 24.7964477 ], [ 93.1417505, 24.7972784 ], [ 93.1411032, 24.8012598 ], [ 93.1347098, 24.8081261 ], [ 93.1383596, 24.8089609 ], [ 93.1385674, 24.8099945 ], [ 93.1348336, 24.8105772 ], [ 93.1317572, 24.8052103 ], [ 93.1270346, 24.8087584 ], [ 93.1188648, 24.8076569 ], [ 93.1178955, 24.8092548 ], [ 93.1219407, 24.8166216 ], [ 93.1213718, 24.8192216 ], [ 93.115279, 24.8142786 ], [ 93.1112287, 24.8132582 ], [ 93.1094287, 24.811475 ], [ 93.1113982, 24.8005831 ], [ 93.1079769, 24.7948681 ], [ 93.1083877, 24.7918438 ], [ 93.1048127, 24.7912792 ], [ 93.1061087, 24.7884401 ], [ 93.1042994, 24.7863138 ], [ 93.1052248, 24.7811138 ], [ 93.1005181, 24.7794204 ], [ 93.100277, 24.773602 ], [ 93.1036108, 24.7671999 ], [ 93.1023832, 24.7592161 ], [ 93.0982506, 24.75437 ], [ 93.1011206, 24.7495823 ], [ 93.0983298, 24.7467495 ], [ 93.0998768, 24.7431709 ], [ 93.1015957, 24.7427741 ], [ 93.1027193, 24.7468476 ], [ 93.1077605, 24.7414415 ], [ 93.0970974, 24.7319513 ], [ 93.0958897, 24.7242083 ], [ 93.0906535, 24.7250779 ], [ 93.0903717, 24.7213906 ], [ 93.093246, 24.718906 ], [ 93.0907928, 24.7181803 ], [ 93.0901004, 24.7143224 ], [ 93.0866233, 24.709532 ], [ 93.0829248, 24.7086691 ], [ 93.0773769, 24.712956 ], [ 93.0735468, 24.7078057 ], [ 93.0818355, 24.7021568 ], [ 93.0834179, 24.6981308 ], [ 93.0912571, 24.6880304 ], [ 93.0922853, 24.6854847 ], [ 93.0898513, 24.6797244 ], [ 93.0901089, 24.677174 ], [ 93.0922827, 24.6768585 ], [ 93.1019104, 24.6807017 ], [ 93.1039117, 24.6778536 ], [ 93.1041543, 24.6741567 ], [ 93.0964698, 24.6642563 ], [ 93.095366, 24.6528265 ], [ 93.0862481, 24.6527342 ], [ 93.0831868, 24.6498129 ], [ 93.0832717, 24.6468968 ], [ 93.0876259, 24.6369897 ], [ 93.0872823, 24.6296679 ], [ 93.0852137, 24.6281732 ], [ 93.0787196, 24.6288485 ], [ 93.0756793, 24.6245366 ], [ 93.0771377, 24.6200772 ], [ 93.083272, 24.6157636 ], [ 93.0842109, 24.6136017 ], [ 93.0739437, 24.6056087 ], [ 93.0711513, 24.6006423 ], [ 93.080269, 24.5901094 ], [ 93.0892088, 24.5923823 ], [ 93.093588, 24.5917017 ], [ 93.1015766, 24.5875908 ], [ 93.1042724, 24.5845036 ], [ 93.1043616, 24.582382 ], [ 93.1018394, 24.5807927 ], [ 93.0932104, 24.5815043 ], [ 93.0891648, 24.5733691 ], [ 93.0843973, 24.5711335 ], [ 93.0819637, 24.571178 ], [ 93.0757429, 24.5750491 ], [ 93.062158, 24.5762403 ], [ 93.0581806, 24.5738372 ], [ 93.059589, 24.5709353 ], [ 93.0691737, 24.5618839 ], [ 93.070809, 24.5580475 ], [ 93.0646203, 24.5467871 ], [ 93.0616984, 24.5473095 ], [ 93.0605207, 24.5535836 ], [ 93.0570063, 24.5544081 ], [ 93.0499943, 24.5442075 ], [ 93.0471909, 24.5285693 ], [ 93.0505494, 24.5232038 ], [ 93.0501322, 24.5194344 ], [ 93.0413109, 24.515567 ], [ 93.0387393, 24.5128718 ], [ 93.0372141, 24.5093921 ], [ 93.0427308, 24.5063533 ], [ 93.042771, 24.5047932 ], [ 93.0325552, 24.4952974 ], [ 93.0328475, 24.4935281 ], [ 93.0402419, 24.4863144 ], [ 93.0463663, 24.4735653 ], [ 93.0467744, 24.467512 ], [ 93.0455639, 24.4632771 ], [ 93.0436562, 24.4617729 ], [ 93.0381128, 24.4619279 ], [ 93.0357224, 24.4597552 ], [ 93.036425, 24.4422182 ], [ 93.0329239, 24.4287504 ], [ 93.037281, 24.4236159 ], [ 93.042652, 24.4205493 ], [ 93.0430885, 24.4165048 ], [ 93.0416413, 24.4130101 ], [ 93.0324701, 24.4085629 ], [ 93.0234354, 24.4067469 ], [ 93.0161676, 24.4087056 ], [ 93.0149536, 24.4101853 ], [ 93.0150673, 24.4155257 ], [ 93.0139962, 24.4169559 ], [ 93.0119505, 24.4167152 ], [ 93.0088474, 24.4116752 ], [ 93.0059835, 24.4106533 ], [ 93.0057758, 24.4093134 ], [ 93.0075314, 24.4094516 ], [ 93.0064733, 24.4074359 ], [ 93.0040008, 24.4070578 ], [ 92.9989578, 24.4001364 ], [ 92.9942889, 24.3989441 ], [ 92.9920117, 24.3991355 ], [ 92.9902495, 24.4018634 ], [ 92.9845249, 24.4056912 ], [ 92.9736572, 24.4082989 ], [ 92.9738376, 24.4057076 ], [ 92.9684955, 24.4011968 ], [ 92.9662248, 24.3968466 ], [ 92.9592812, 24.3918986 ], [ 92.9563986, 24.393286 ], [ 92.9532935, 24.4015847 ], [ 92.9511698, 24.4029942 ], [ 92.9476103, 24.402364 ], [ 92.9454648, 24.4000538 ], [ 92.9393133, 24.4007202 ], [ 92.938933, 24.3992307 ], [ 92.9366996, 24.3983919 ], [ 92.9346956, 24.3928178 ], [ 92.931201, 24.3930087 ], [ 92.9275254, 24.3964769 ], [ 92.9241881, 24.3960536 ], [ 92.9243614, 24.3978909 ], [ 92.9203697, 24.400885 ], [ 92.9218932, 24.401801 ], [ 92.9219876, 24.4035163 ], [ 92.9209571, 24.4031013 ], [ 92.9092664, 24.4101375 ], [ 92.9109578, 24.4119744 ], [ 92.9093446, 24.412909 ], [ 92.907073, 24.4112852 ], [ 92.9067118, 24.4027583 ], [ 92.9028748, 24.3957671 ], [ 92.9025131, 24.3941587 ], [ 92.9039233, 24.3922031 ], [ 92.9028797, 24.3910659 ], [ 92.8999722, 24.3906248 ], [ 92.8929709, 24.3926759 ], [ 92.8918329, 24.395957 ], [ 92.8925626, 24.3974738 ], [ 92.8907981, 24.3983316 ], [ 92.891454, 24.4004487 ], [ 92.8885553, 24.3983318 ], [ 92.8836854, 24.402413 ], [ 92.8733436, 24.3948611 ], [ 92.8705092, 24.3955563 ], [ 92.8688038, 24.3946488 ], [ 92.8609414, 24.3984989 ], [ 92.8564564, 24.3936232 ], [ 92.8496206, 24.3896272 ], [ 92.8478666, 24.3861284 ], [ 92.8462402, 24.3860017 ], [ 92.8452262, 24.3797043 ], [ 92.8433587, 24.3778666 ], [ 92.8395296, 24.3768681 ], [ 92.836168, 24.3783479 ], [ 92.829595, 24.3735927 ], [ 92.8257299, 24.3770268 ], [ 92.8266105, 24.3812343 ], [ 92.8231435, 24.3864696 ], [ 92.8299455, 24.4002896 ], [ 92.8276822, 24.4021217 ], [ 92.8237436, 24.4018857 ], [ 92.8201641, 24.4037127 ], [ 92.8187486, 24.4054818 ], [ 92.8191324, 24.4071206 ], [ 92.8176826, 24.4080228 ], [ 92.8189438, 24.4100501 ], [ 92.8124467, 24.4092848 ], [ 92.8121647, 24.4114785 ], [ 92.8100742, 24.4118614 ], [ 92.8116117, 24.4132839 ], [ 92.808797, 24.4126824 ], [ 92.8089976, 24.4156934 ], [ 92.8068465, 24.4188478 ], [ 92.8041504, 24.4176594 ], [ 92.7993674, 24.4191287 ], [ 92.8017922, 24.4205789 ], [ 92.8026971, 24.4243577 ], [ 92.8011632, 24.4253546 ], [ 92.8012742, 24.4296521 ], [ 92.7966964, 24.4328318 ], [ 92.7719101, 24.5005823 ], [ 92.7629972, 24.5211317 ], [ 92.7576467, 24.5125419 ], [ 92.7580526, 24.5110209 ], [ 92.7560394, 24.5112631 ], [ 92.7561298, 24.5095705 ], [ 92.7521516, 24.5062314 ], [ 92.7518924, 24.5040147 ], [ 92.7542228, 24.5019988 ], [ 92.7493703, 24.4951676 ], [ 92.7508187, 24.4920857 ], [ 92.7469811, 24.4870254 ], [ 92.743657, 24.4765751 ], [ 92.7406732, 24.4719209 ], [ 92.7405057, 24.4685489 ], [ 92.7336471, 24.4547396 ], [ 92.7306101, 24.4490063 ], [ 92.7274989, 24.4464238 ], [ 92.7261197, 24.4385149 ], [ 92.721708, 24.4319505 ], [ 92.7228577, 24.4281137 ], [ 92.7179686, 24.4201498 ], [ 92.717393, 24.4155994 ], [ 92.7150859, 24.414976 ], [ 92.7128981, 24.4112061 ], [ 92.7150874, 24.4095364 ], [ 92.711376, 24.4072242 ], [ 92.713275, 24.4033155 ], [ 92.70922, 24.3973468 ], [ 92.7100534, 24.3960965 ], [ 92.7092754, 24.3933653 ], [ 92.7064712, 24.3921502 ], [ 92.7073355, 24.3869862 ], [ 92.7056605, 24.384381 ], [ 92.7040932, 24.3846379 ], [ 92.7032174, 24.3803266 ], [ 92.7046277, 24.3783091 ], [ 92.7036135, 24.3754469 ], [ 92.7019036, 24.3743494 ], [ 92.7004545, 24.3750035 ], [ 92.7000705, 24.3738613 ], [ 92.6976358, 24.3743028 ], [ 92.6950083, 24.3687873 ], [ 92.692825, 24.3684678 ], [ 92.6947551, 24.3653611 ], [ 92.691166, 24.3625189 ], [ 92.6915083, 24.3575395 ], [ 92.6892503, 24.3552382 ], [ 92.6897619, 24.3536039 ], [ 92.6837587, 24.35046 ], [ 92.6848359, 24.3465367 ], [ 92.6790962, 24.3477984 ], [ 92.6771558, 24.350151 ], [ 92.6733911, 24.3496421 ], [ 92.6689355, 24.3460908 ], [ 92.6662995, 24.3463037 ], [ 92.6656204, 24.3496447 ], [ 92.6642743, 24.346056 ], [ 92.6631566, 24.348819 ], [ 92.6613678, 24.3481558 ], [ 92.6606177, 24.3440526 ], [ 92.6576812, 24.3443783 ], [ 92.6591094, 24.3418952 ], [ 92.6516139, 24.3354685 ], [ 92.6517165, 24.3310491 ], [ 92.6501104, 24.3315956 ], [ 92.6492329, 24.3286028 ], [ 92.646169, 24.3309461 ], [ 92.6457645, 24.3277817 ], [ 92.6387245, 24.3284236 ], [ 92.6403558, 24.3336103 ], [ 92.636296, 24.3313445 ], [ 92.6354242, 24.3335565 ], [ 92.6386857, 24.3344455 ], [ 92.6356905, 24.3366983 ], [ 92.6302363, 24.3336245 ], [ 92.6246721, 24.3336146 ], [ 92.6224326, 24.3313421 ], [ 92.6223373, 24.3281054 ], [ 92.6236831, 24.3272849 ], [ 92.6215486, 24.3237079 ], [ 92.6237367, 24.3228024 ], [ 92.6236112, 24.3202834 ], [ 92.62178, 24.3188598 ], [ 92.6195539, 24.3135447 ], [ 92.6194955, 24.3080058 ], [ 92.618304, 24.3074495 ], [ 92.6191429, 24.3058928 ], [ 92.6181855, 24.2981772 ], [ 92.6159139, 24.2895756 ], [ 92.6197137, 24.2871322 ], [ 92.6183507, 24.2811903 ], [ 92.6171008, 24.2802458 ], [ 92.6175525, 24.2767702 ], [ 92.6153345, 24.2645663 ], [ 92.6131101, 24.2586462 ], [ 92.6141569, 24.2559521 ], [ 92.6126902, 24.2554181 ], [ 92.6123032, 24.2534676 ], [ 92.6060479, 24.2484534 ], [ 92.5957081, 24.2504878 ], [ 92.5890323, 24.2487665 ], [ 92.5721293, 24.2518817 ], [ 92.5635716, 24.2514219 ], [ 92.5553519, 24.2468363 ], [ 92.5508961, 24.2472223 ], [ 92.5470522, 24.2364539 ], [ 92.5468661, 24.2329683 ], [ 92.5484842, 24.2318649 ], [ 92.5467487, 24.2299078 ], [ 92.5471164, 24.2201571 ], [ 92.5459219, 24.2169057 ], [ 92.5436042, 24.2158133 ], [ 92.5422966, 24.2134447 ], [ 92.5432629, 24.2114661 ], [ 92.5409556, 24.2102403 ], [ 92.5420105, 24.2075159 ], [ 92.5404818, 24.2035822 ], [ 92.5366886, 24.2012551 ], [ 92.5378405, 24.1967694 ], [ 92.5346377, 24.193667 ], [ 92.5311084, 24.1851071 ], [ 92.5342123, 24.1801465 ], [ 92.5289349, 24.1780832 ], [ 92.5301663, 24.1763234 ], [ 92.524039, 24.1714395 ], [ 92.5193379, 24.1738966 ], [ 92.5155153, 24.1788551 ], [ 92.5099654, 24.1724634 ], [ 92.5121075, 24.1704832 ], [ 92.5146758, 24.1707197 ], [ 92.5144112, 24.1694645 ], [ 92.5115183, 24.1691284 ], [ 92.5091748, 24.1705848 ], [ 92.5069071, 24.1698834 ], [ 92.5114084, 24.1654085 ], [ 92.5100363, 24.1646039 ], [ 92.5075345, 24.1670624 ], [ 92.5032729, 24.1677724 ], [ 92.5061841, 24.1641316 ], [ 92.5033507, 24.1634296 ], [ 92.5015073, 24.1603877 ], [ 92.4942119, 24.1601763 ], [ 92.4903865, 24.1627931 ], [ 92.4866662, 24.1620646 ], [ 92.4839217, 24.1631681 ], [ 92.482414, 24.160614 ], [ 92.4834206, 24.1582568 ], [ 92.4794291, 24.1566119 ], [ 92.4818442, 24.1559692 ], [ 92.4806424, 24.1543358 ], [ 92.4806979, 24.1500337 ], [ 92.4770454, 24.1473954 ], [ 92.4806055, 24.1454066 ], [ 92.4785777, 24.1441259 ], [ 92.4789599, 24.1423245 ], [ 92.4746171, 24.1436365 ], [ 92.472238, 24.1397061 ], [ 92.4688146, 24.1403086 ], [ 92.4656798, 24.1386493 ], [ 92.4654764, 24.1362659 ], [ 92.4633074, 24.1368675 ], [ 92.463786, 24.1388852 ], [ 92.4610107, 24.1376363 ], [ 92.4567255, 24.1443649 ], [ 92.4523716, 24.1441957 ], [ 92.4505777, 24.1471354 ], [ 92.4495345, 24.1467974 ], [ 92.4501826, 24.1443684 ], [ 92.4491197, 24.1439671 ], [ 92.4428038, 24.1544613 ], [ 92.440461, 24.1527469 ], [ 92.436422, 24.153033 ], [ 92.4358423, 24.1651316 ], [ 92.4379208, 24.1695096 ], [ 92.4366234, 24.1728327 ], [ 92.4340116, 24.1751315 ], [ 92.4357261, 24.179293 ], [ 92.4323675, 24.1844767 ], [ 92.421548, 24.1895049 ], [ 92.4191669, 24.1919388 ], [ 92.421321, 24.2012646 ], [ 92.4187579, 24.2046872 ], [ 92.4185786, 24.212637 ], [ 92.4211746, 24.2181075 ], [ 92.4193611, 24.2261329 ], [ 92.4225321, 24.2548561 ], [ 92.2128724, 24.2499268 ], [ 92.2657299, 24.3660161 ], [ 92.2681382, 24.3678777 ], [ 92.2680605, 24.3781068 ], [ 92.2728947, 24.3789677 ], [ 92.2708237, 24.3803477 ], [ 92.2709597, 24.3826048 ], [ 92.2688702, 24.3823912 ], [ 92.2686372, 24.3840613 ], [ 92.2715737, 24.3851829 ], [ 92.2740899, 24.3883174 ], [ 92.2720165, 24.3923607 ], [ 92.2691082, 24.3925393 ], [ 92.2708057, 24.3962782 ], [ 92.2693349, 24.398471 ], [ 92.2641391, 24.3989549 ], [ 92.2623663, 24.4025424 ], [ 92.261725, 24.4086901 ], [ 92.2634941, 24.4094723 ], [ 92.2632806, 24.4111921 ], [ 92.2544819, 24.4205342 ], [ 92.2543718, 24.4222991 ], [ 92.2565388, 24.4248377 ], [ 92.2568871, 24.4320155 ], [ 92.2593604, 24.4340263 ], [ 92.2593951, 24.439213 ], [ 92.2534672, 24.4403143 ], [ 92.25313, 24.4423229 ], [ 92.2521048, 24.441848 ], [ 92.2467099, 24.4450926 ], [ 92.2446208, 24.4444867 ], [ 92.2390267, 24.4474613 ], [ 92.2349235, 24.452405 ], [ 92.23642, 24.4548441 ], [ 92.236367, 24.458189 ], [ 92.230184, 24.4615146 ], [ 92.2312922, 24.4680621 ], [ 92.2305975, 24.4714339 ], [ 92.2314733, 24.4735225 ], [ 92.2332746, 24.4731544 ], [ 92.2347473, 24.4745668 ], [ 92.2313254, 24.480036 ], [ 92.2334778, 24.4841921 ], [ 92.236649, 24.4845878 ], [ 92.2348994, 24.4869164 ], [ 92.2365775, 24.4887141 ], [ 92.2312048, 24.495213 ], [ 92.2304391, 24.5017103 ], [ 92.2129365, 24.5040118 ], [ 92.2201674, 24.5160517 ], [ 92.223801, 24.5174525 ], [ 92.2287168, 24.5284499 ], [ 92.2311408, 24.5312056 ], [ 92.2322121, 24.5713895 ], [ 92.2345453, 24.5767258 ], [ 92.2330172, 24.5784723 ], [ 92.2362966, 24.5945625 ], [ 92.2355542, 24.5977896 ], [ 92.2372898, 24.5997746 ], [ 92.2392472, 24.6077678 ], [ 92.2405914, 24.6080962 ], [ 92.2423872, 24.6115332 ], [ 92.2422796, 24.6151099 ], [ 92.2439958, 24.6166308 ], [ 92.2435666, 24.6251857 ], [ 92.2483512, 24.6379377 ], [ 92.2499263, 24.6490525 ], [ 92.2471036, 24.6547663 ], [ 92.2485177, 24.6580922 ], [ 92.2517694, 24.6603221 ], [ 92.2567774, 24.6727388 ], [ 92.2544859, 24.6751738 ], [ 92.254796, 24.6780808 ], [ 92.2594738, 24.6808809 ], [ 92.2577808, 24.683066 ], [ 92.2607893, 24.6889597 ], [ 92.2649992, 24.6905255 ], [ 92.2761179, 24.7074432 ], [ 92.2749922, 24.7080802 ], [ 92.2764892, 24.7109361 ], [ 92.2851388, 24.719727 ], [ 92.294753, 24.7330176 ], [ 92.2938818, 24.7346106 ], [ 92.2958388, 24.7364423 ], [ 92.2812565, 24.7422553 ], [ 92.2819161, 24.7433844 ], [ 92.27916, 24.7452971 ], [ 92.2802633, 24.7457222 ], [ 92.2798041, 24.7481658 ], [ 92.2869411, 24.7557582 ], [ 92.2875093, 24.7582789 ], [ 92.2901327, 24.7597144 ], [ 92.2857759, 24.7631925 ], [ 92.2850662, 24.7684796 ], [ 92.2830727, 24.7707979 ], [ 92.2818016, 24.7753211 ], [ 92.2847061, 24.7746072 ], [ 92.2849134, 24.7765154 ], [ 92.2879184, 24.7791935 ], [ 92.2889187, 24.7844856 ], [ 92.2874221, 24.787412 ], [ 92.2885386, 24.7881823 ], [ 92.2810761, 24.790607 ], [ 92.2788923, 24.7974193 ], [ 92.2735707, 24.7991913 ], [ 92.2731227, 24.8007084 ], [ 92.2753108, 24.803709 ], [ 92.2742416, 24.8065528 ], [ 92.2762559, 24.8120374 ], [ 92.2738495, 24.8141225 ], [ 92.2762813, 24.8154478 ], [ 92.2727754, 24.8213165 ], [ 92.2727111, 24.8276141 ], [ 92.2692916, 24.8298251 ], [ 92.2530046, 24.8321508 ], [ 92.2522505, 24.8305027 ], [ 92.24908, 24.8297493 ], [ 92.2483678, 24.8323007 ], [ 92.2517163, 24.8342142 ], [ 92.2502398, 24.835862 ], [ 92.254974, 24.8384461 ], [ 92.2425123, 24.8404522 ], [ 92.2415376, 24.8425101 ], [ 92.2398062, 24.857696 ], [ 92.2361557, 24.8589715 ], [ 92.2349325, 24.8613875 ], [ 92.2382098, 24.8681579 ], [ 92.246271, 24.8674876 ], [ 92.244861, 24.8712525 ], [ 92.2468285, 24.8719902 ], [ 92.247127, 24.8848869 ], [ 92.2481043, 24.8854939 ], [ 92.2472268, 24.8875175 ], [ 92.2399385, 24.8898838 ], [ 92.2392822, 24.8918492 ], [ 92.2366568, 24.8919547 ], [ 92.2356634, 24.8932203 ], [ 92.2361102, 24.8990944 ], [ 92.2328732, 24.9001461 ], [ 92.2356086, 24.9028692 ], [ 92.2420102, 24.9046925 ], [ 92.2483673, 24.9088675 ], [ 92.2591207, 24.906633 ], [ 92.2670015, 24.9069212 ], [ 92.2717937, 24.9049164 ], [ 92.2820629, 24.9058546 ], [ 92.28347, 24.9064475 ], [ 92.284111, 24.91011 ], [ 92.2866454, 24.912018 ], [ 92.2948326, 24.9154891 ], [ 92.2994253, 24.9157209 ], [ 92.3034892, 24.9136004 ], [ 92.30626, 24.9098048 ], [ 92.3069459, 24.9020285 ], [ 92.3130127, 24.8985905 ], [ 92.3161023, 24.8951913 ], [ 92.3228912, 24.8971803 ], [ 92.3267495, 24.8964105 ], [ 92.3286795, 24.888811 ], [ 92.3392172, 24.8782575 ], [ 92.342041, 24.8784341 ], [ 92.3440416, 24.8801888 ], [ 92.3449849, 24.8837062 ], [ 92.3442847, 24.8885248 ], [ 92.3458408, 24.8912392 ], [ 92.3479961, 24.8916222 ], [ 92.3543574, 24.8794674 ], [ 92.3613221, 24.8781867 ], [ 92.3634012, 24.8719113 ], [ 92.3716826, 24.8749145 ], [ 92.3747377, 24.8739521 ], [ 92.3770055, 24.8705637 ], [ 92.3774768, 24.8631006 ], [ 92.384054, 24.8583375 ], [ 92.3849385, 24.8522682 ], [ 92.4000959, 24.8486507 ], [ 92.4027784, 24.849698 ], [ 92.4029894, 24.8557475 ], [ 92.4063734, 24.8589406 ], [ 92.4146596, 24.8582988 ], [ 92.4254024, 24.8528494 ], [ 92.4375912, 24.8557187 ], [ 92.4410643, 24.8605099 ], [ 92.4411416, 24.8684791 ], [ 92.4448002, 24.8719798 ], [ 92.4606451, 24.8731931 ], [ 92.4758961, 24.8674823 ], [ 92.477531, 24.871135 ], [ 92.4799923, 24.8726862 ], [ 92.4879226, 24.8713097 ], [ 92.4878692, 24.8728341 ], [ 92.489573, 24.8725598 ], [ 92.492303, 24.8755729 ], [ 92.491158, 24.8914643 ], [ 92.4967516, 24.9017295 ], [ 92.4928942, 24.9061095 ], [ 92.4949791, 24.9133338 ], [ 92.4946035, 24.91586 ], [ 92.4875623, 24.9206221 ], [ 92.4840018, 24.928455 ], [ 92.4841217, 24.9334939 ], [ 92.4878613, 24.943813 ], [ 92.4876174, 24.9467715 ], [ 92.4836117, 24.9472781 ], [ 92.4785524, 24.9427833 ], [ 92.4755531, 24.9417835 ], [ 92.4643137, 24.9413917 ], [ 92.453117, 24.9385301 ], [ 92.4492658, 24.9387648 ], [ 92.4479499, 24.9449519 ], [ 92.4497408, 24.9499877 ], [ 92.4537311, 24.9536487 ], [ 92.466155, 24.9570675 ], [ 92.4683654, 24.9599113 ], [ 92.4681821, 24.9630115 ], [ 92.4605883, 24.9698144 ], [ 92.4576252, 24.970601 ], [ 92.4478973, 24.9650681 ], [ 92.4387032, 24.9662515 ], [ 92.4236956, 24.9648397 ], [ 92.4203335, 24.9659462 ], [ 92.419598, 24.9685301 ], [ 92.4220812, 24.9884907 ], [ 92.4205062, 24.9903294 ], [ 92.4163468, 24.989923 ], [ 92.4241987, 25.0094924 ], [ 92.4242535, 25.0191264 ], [ 92.4259217, 25.0200617 ], [ 92.4252767, 25.02956 ], [ 92.4292538, 25.029149 ], [ 92.4322307, 25.0351316 ], [ 92.4381921, 25.0346477 ], [ 92.4390635, 25.0388021 ], [ 92.4382779, 25.0438694 ], [ 92.4442996, 25.0451909 ], [ 92.4490725, 25.040565 ], [ 92.4527681, 25.040753 ], [ 92.4598076, 25.037043 ], [ 92.4642855, 25.0374354 ], [ 92.4629825, 25.0395813 ], [ 92.464291, 25.0436237 ], [ 92.4622888, 25.0459715 ], [ 92.4623829, 25.0481293 ], [ 92.4605135, 25.0487259 ], [ 92.4570498, 25.0466699 ], [ 92.4569778, 25.0540678 ], [ 92.4602258, 25.0572879 ], [ 92.4636554, 25.0549429 ], [ 92.4635738, 25.0580798 ], [ 92.4653513, 25.0586745 ], [ 92.4684271, 25.0658888 ], [ 92.4720267, 25.0672542 ], [ 92.472382, 25.0701121 ], [ 92.4711786, 25.0719379 ], [ 92.47202, 25.0746296 ], [ 92.4706725, 25.0765996 ], [ 92.4753485, 25.0777683 ], [ 92.4756261, 25.0799761 ], [ 92.4741099, 25.0819728 ], [ 92.4775781, 25.0825524 ], [ 92.4771563, 25.0850071 ], [ 92.4794129, 25.0866137 ], [ 92.4773121, 25.0907805 ], [ 92.4774301, 25.1001917 ], [ 92.4806294, 25.1083087 ], [ 92.4910165, 25.1076907 ], [ 92.4969579, 25.1095064 ], [ 92.5089222, 25.1042207 ], [ 92.5199494, 25.1059366 ], [ 92.5278172, 25.1039972 ], [ 92.5305226, 25.1003103 ], [ 92.5339569, 25.0989843 ], [ 92.5394233, 25.0990541 ], [ 92.5348427, 25.1081134 ], [ 92.5290699, 25.1150615 ], [ 92.5286364, 25.1184019 ], [ 92.5230979, 25.1259708 ], [ 92.522651, 25.1330339 ], [ 92.5206394, 25.13695 ], [ 92.52245, 25.1392191 ], [ 92.524899, 25.1351889 ], [ 92.5383553, 25.1334897 ], [ 92.543092, 25.1310731 ], [ 92.5489021, 25.1304121 ], [ 92.5553562, 25.1269525 ], [ 92.5606096, 25.1303228 ], [ 92.5681831, 25.1282387 ], [ 92.5766113, 25.1309929 ], [ 92.5832042, 25.128112 ], [ 92.5880817, 25.1287836 ], [ 92.5928174, 25.1258912 ], [ 92.5950123, 25.1221997 ], [ 92.6042879, 25.1234384 ], [ 92.6088977, 25.1226184 ], [ 92.6163245, 25.1158014 ], [ 92.6214328, 25.1150264 ], [ 92.6255678, 25.1229614 ], [ 92.6288764, 25.1261845 ], [ 92.6272888, 25.1309478 ], [ 92.6283104, 25.1381027 ], [ 92.6324576, 25.1422186 ], [ 92.6355151, 25.14349 ], [ 92.638684, 25.1477272 ], [ 92.6442094, 25.1506641 ], [ 92.6520883, 25.152298 ], [ 92.6557598, 25.1549522 ], [ 92.6580198, 25.1588374 ], [ 92.658427, 25.1719491 ], [ 92.6634752, 25.1766679 ], [ 92.6679552, 25.1740848 ], [ 92.6686277, 25.1765563 ], [ 92.6772379, 25.1825444 ], [ 92.683384, 25.179536 ], [ 92.6871091, 25.180362 ], [ 92.6909854, 25.1787635 ], [ 92.6939003, 25.1792364 ], [ 92.7026158, 25.1883777 ], [ 92.7092405, 25.1900707 ], [ 92.7161361, 25.1957819 ], [ 92.7372235, 25.2005385 ], [ 92.7428748, 25.2066519 ], [ 92.7467963, 25.2065068 ], [ 92.7548445, 25.2018286 ], [ 92.7628124, 25.2015866 ], [ 92.7674742, 25.2034903 ], [ 92.776214, 25.1996146 ], [ 92.7819215, 25.2032473 ], [ 92.7860497, 25.2093478 ], [ 92.7950297, 25.2097501 ], [ 92.8029147, 25.2161726 ], [ 92.801518, 25.2202386 ], [ 92.7964262, 25.2216398 ], [ 92.7938843, 25.2238186 ], [ 92.7891053, 25.224678 ], [ 92.7820301, 25.2301624 ], [ 92.7716682, 25.22998 ], [ 92.7701647, 25.237334 ], [ 92.7618879, 25.2465284 ], [ 92.7626349, 25.2492688 ], [ 92.7664589, 25.2521395 ], [ 92.7711848, 25.2509873 ], [ 92.7749709, 25.252001 ], [ 92.7777453, 25.2581775 ], [ 92.7741135, 25.2625578 ], [ 92.7691969, 25.2655921 ], [ 92.7686189, 25.2681193 ], [ 92.7766489, 25.2700251 ], [ 92.7797436, 25.2735297 ], [ 92.7874922, 25.2740896 ], [ 92.7924952, 25.2825646 ], [ 92.787302, 25.2900272 ], [ 92.7872331, 25.2962063 ], [ 92.7834325, 25.2994447 ], [ 92.781318, 25.3049816 ], [ 92.7815394, 25.3076854 ], [ 92.7869321, 25.3143734 ], [ 92.7817981, 25.3331829 ], [ 92.7772183, 25.334173 ], [ 92.7699139, 25.3382121 ], [ 92.7637346, 25.3335767 ], [ 92.7610677, 25.3335159 ], [ 92.7559323, 25.3386394 ], [ 92.7545976, 25.3423756 ], [ 92.7499021, 25.3440959 ], [ 92.7499508, 25.3499365 ], [ 92.746415, 25.3583251 ], [ 92.7395478, 25.3613051 ], [ 92.738788, 25.3669521 ], [ 92.7323565, 25.3689159 ], [ 92.7332591, 25.3727202 ], [ 92.7380197, 25.3793334 ], [ 92.7310943, 25.3800021 ], [ 92.7237452, 25.3788157 ], [ 92.7214041, 25.3775805 ], [ 92.7197814, 25.3737631 ], [ 92.7179423, 25.3726268 ], [ 92.7098775, 25.3845115 ], [ 92.7017638, 25.3844798 ], [ 92.698282, 25.3863187 ], [ 92.6928278, 25.3976729 ], [ 92.6881491, 25.4020802 ], [ 92.6777754, 25.4070222 ], [ 92.6735293, 25.4140242 ], [ 92.6675212, 25.414825 ], [ 92.6635327, 25.4064986 ], [ 92.6616442, 25.4063546 ], [ 92.6564127, 25.411542 ], [ 92.651902, 25.419243 ], [ 92.6514611, 25.4258419 ], [ 92.6544151, 25.4326026 ], [ 92.6536201, 25.4335235 ], [ 92.6470827, 25.4282438 ], [ 92.6419823, 25.4222325 ], [ 92.6415047, 25.4188699 ], [ 92.6395613, 25.4175657 ], [ 92.6367189, 25.4214115 ], [ 92.6358396, 25.4273154 ], [ 92.6256456, 25.4349165 ], [ 92.6252479, 25.4311387 ], [ 92.628384, 25.4238764 ], [ 92.6276385, 25.4219671 ], [ 92.6246067, 25.4209246 ], [ 92.6185828, 25.4230007 ], [ 92.6150989, 25.4211138 ], [ 92.6112577, 25.4151692 ], [ 92.606631, 25.4132325 ], [ 92.6053287, 25.4146586 ], [ 92.6045027, 25.4209007 ], [ 92.6069768, 25.4276262 ], [ 92.6030739, 25.4351271 ], [ 92.6034449, 25.4448629 ], [ 92.6046127, 25.4476027 ], [ 92.6033398, 25.4490785 ], [ 92.5976077, 25.4506708 ], [ 92.6004485, 25.4647536 ], [ 92.5986131, 25.4681384 ], [ 92.5956393, 25.470205 ], [ 92.5918903, 25.4704209 ], [ 92.5841106, 25.4655985 ], [ 92.5829119, 25.46688 ], [ 92.5825923, 25.4710684 ], [ 92.5803594, 25.4720834 ], [ 92.5740658, 25.4661856 ], [ 92.5688128, 25.4636978 ], [ 92.5665509, 25.4633584 ], [ 92.5646655, 25.4654836 ], [ 92.5643631, 25.4736123 ], [ 92.5677356, 25.4813633 ], [ 92.5732871, 25.4880724 ], [ 92.5736541, 25.4904782 ], [ 92.5910912, 25.5011452 ], [ 92.5973028, 25.5024599 ], [ 92.599898, 25.506351 ], [ 92.6090836, 25.5118136 ], [ 92.6202049, 25.516057 ], [ 92.6229903, 25.5194331 ], [ 92.6276859, 25.5219742 ], [ 92.6319144, 25.5277377 ], [ 92.6377646, 25.5302378 ], [ 92.6428394, 25.5348094 ], [ 92.6420593, 25.5415752 ], [ 92.6454199, 25.5557425 ], [ 92.6567856, 25.5608452 ], [ 92.6574847, 25.5697546 ], [ 92.6614615, 25.5721864 ], [ 92.658307, 25.5740647 ], [ 92.6586516, 25.5781268 ], [ 92.6529913, 25.5909281 ], [ 92.6494677, 25.5922015 ], [ 92.6417079, 25.5885107 ], [ 92.6343066, 25.5812988 ], [ 92.6301705, 25.5716674 ], [ 92.6220492, 25.5651546 ], [ 92.6019269, 25.5619302 ], [ 92.5999777, 25.5550379 ], [ 92.5948189, 25.5515932 ], [ 92.5899626, 25.5526032 ], [ 92.5840722, 25.5504532 ], [ 92.5823582, 25.5576291 ], [ 92.5754218, 25.5585116 ], [ 92.5724915, 25.5573506 ], [ 92.5676685, 25.5605805 ], [ 92.5636055, 25.5661846 ], [ 92.5567259, 25.5709613 ], [ 92.5562201, 25.5766525 ], [ 92.5587711, 25.5801246 ], [ 92.5549415, 25.584573 ], [ 92.5543172, 25.5882964 ], [ 92.5554442, 25.5930224 ], [ 92.5546714, 25.5953284 ], [ 92.5565871, 25.5964757 ], [ 92.5533164, 25.5973904 ], [ 92.5543853, 25.5995709 ], [ 92.5521736, 25.6025442 ], [ 92.555484, 25.601783 ], [ 92.5556385, 25.6102818 ], [ 92.556733, 25.6114107 ], [ 92.5544872, 25.6127502 ], [ 92.5541674, 25.6148036 ], [ 92.5392205, 25.6115821 ], [ 92.5381599, 25.6119967 ], [ 92.5388607, 25.6135769 ], [ 92.5358493, 25.6131463 ], [ 92.5333838, 25.6149456 ], [ 92.5164284, 25.615056 ], [ 92.5150714, 25.6183407 ], [ 92.5094835, 25.6155923 ], [ 92.5056297, 25.6163114 ], [ 92.5060876, 25.6214028 ], [ 92.4971993, 25.6243872 ], [ 92.4703335, 25.6751516 ], [ 92.4679679, 25.6755233 ], [ 92.4633339, 25.6794211 ], [ 92.4632654, 25.6810054 ], [ 92.4553186, 25.6849186 ], [ 92.450313, 25.6852914 ], [ 92.4406483, 25.6916013 ], [ 92.4378912, 25.7058016 ], [ 92.4403636, 25.7082422 ], [ 92.4439899, 25.7073605 ], [ 92.4476975, 25.709006 ], [ 92.4442911, 25.7196953 ], [ 92.4329397, 25.7269578 ], [ 92.4311783, 25.7321759 ], [ 92.4260407, 25.7318258 ], [ 92.4220536, 25.7298954 ], [ 92.420589, 25.730776 ], [ 92.4180174, 25.7297206 ], [ 92.4116494, 25.7300338 ], [ 92.4091193, 25.7337535 ], [ 92.4115722, 25.7378239 ], [ 92.4145777, 25.7399579 ], [ 92.4143241, 25.7414609 ], [ 92.4071781, 25.7418689 ], [ 92.4080258, 25.743489 ], [ 92.4066207, 25.7445997 ], [ 92.4036056, 25.7441264 ], [ 92.3976646, 25.7404536 ], [ 92.387838, 25.7441513 ], [ 92.381778, 25.742044 ], [ 92.3820474, 25.7463226 ], [ 92.3854342, 25.750508 ], [ 92.3840194, 25.754523 ], [ 92.3786935, 25.7483944 ], [ 92.3737597, 25.7504073 ], [ 92.370635, 25.7474015 ], [ 92.3689406, 25.7472885 ], [ 92.3642669, 25.7373545 ], [ 92.3609333, 25.7366546 ], [ 92.3532437, 25.7397543 ], [ 92.3458311, 25.7291828 ], [ 92.3335104, 25.7241159 ], [ 92.3241577, 25.7247223 ], [ 92.316949, 25.7224223 ], [ 92.3150104, 25.7231346 ], [ 92.3113408, 25.7278947 ], [ 92.306494, 25.7252613 ], [ 92.3021269, 25.7208631 ], [ 92.2971499, 25.7199759 ], [ 92.293012, 25.7164533 ], [ 92.281712, 25.7166316 ], [ 92.2771542, 25.7154686 ], [ 92.2712787, 25.7112627 ], [ 92.2643706, 25.7090912 ], [ 92.2548514, 25.7125951 ], [ 92.2511366, 25.7108183 ], [ 92.2473428, 25.7131394 ], [ 92.2387553, 25.7105957 ], [ 92.234453, 25.7075796 ], [ 92.2328549, 25.7088626 ], [ 92.2316806, 25.7159404 ], [ 92.2250343, 25.7160896 ], [ 92.2211309, 25.7132713 ], [ 92.2168547, 25.7048116 ], [ 92.2098562, 25.6991651 ], [ 92.2080852, 25.695569 ], [ 92.2008103, 25.6922692 ], [ 92.1966174, 25.686422 ], [ 92.187745, 25.6840836 ], [ 92.1799669, 25.678066 ], [ 92.17748, 25.6743117 ], [ 92.1734306, 25.6741417 ], [ 92.1701957, 25.667129 ], [ 92.1648567, 25.666634 ], [ 92.1561582, 25.6721999 ], [ 92.1596004, 25.6762399 ], [ 92.1605341, 25.6841155 ], [ 92.1559786, 25.691672 ], [ 92.1568364, 25.6958241 ], [ 92.1546452, 25.6978827 ], [ 92.1547768, 25.7062143 ], [ 92.152406, 25.7086069 ], [ 92.1508265, 25.7077812 ], [ 92.1477281, 25.7094607 ], [ 92.144894, 25.7133291 ], [ 92.1442469, 25.7168135 ], [ 92.1481746, 25.7252709 ], [ 92.1544478, 25.7250126 ], [ 92.1619104, 25.7366327 ], [ 92.1626743, 25.7412857 ], [ 92.1623264, 25.7441518 ], [ 92.1555557, 25.7511225 ], [ 92.1546407, 25.7540816 ], [ 92.1554327, 25.7573961 ], [ 92.1530209, 25.7591117 ], [ 92.1517359, 25.7631062 ], [ 92.1502457, 25.7636075 ], [ 92.1509193, 25.76655 ], [ 92.1478153, 25.7729505 ], [ 92.1481993, 25.7744624 ], [ 92.1521177, 25.7760323 ], [ 92.1526565, 25.778 ], [ 92.1498803, 25.7794764 ], [ 92.1505786, 25.7813629 ], [ 92.146865, 25.7828122 ], [ 92.1463618, 25.7841167 ], [ 92.1499584, 25.7948939 ], [ 92.1484437, 25.7995925 ], [ 92.1486993, 25.8059427 ], [ 92.1525848, 25.8117777 ], [ 92.1511, 25.8166388 ], [ 92.1557479, 25.8188855 ], [ 92.1569504, 25.8215751 ], [ 92.1602311, 25.8197871 ], [ 92.1612786, 25.8205947 ], [ 92.1607957, 25.8233434 ], [ 92.1623478, 25.8272426 ], [ 92.1608079, 25.8306098 ], [ 92.16417, 25.83301 ], [ 92.1620163, 25.8355426 ], [ 92.1662255, 25.8352931 ], [ 92.1698077, 25.8388576 ], [ 92.173008, 25.8471836 ], [ 92.1726051, 25.8499006 ], [ 92.1775039, 25.8515012 ], [ 92.1783983, 25.8549716 ], [ 92.1775867, 25.8581041 ], [ 92.1800958, 25.8582295 ], [ 92.1792793, 25.86152 ], [ 92.1774938, 25.8622337 ], [ 92.1773213, 25.8670766 ], [ 92.1762044, 25.8681963 ], [ 92.177244, 25.8727498 ], [ 92.1836268, 25.8768815 ], [ 92.1875483, 25.8772047 ], [ 92.1990105, 25.8889879 ], [ 92.2043655, 25.8908129 ], [ 92.2069267, 25.8930953 ], [ 92.2084626, 25.8918442 ], [ 92.2149817, 25.8952974 ], [ 92.2157039, 25.8999456 ], [ 92.2172415, 25.900915 ], [ 92.2208537, 25.9002582 ], [ 92.2228149, 25.9063904 ], [ 92.2255619, 25.9091687 ], [ 92.2172698, 25.9114985 ], [ 92.2154024, 25.9103082 ], [ 92.2044277, 25.9091412 ], [ 92.202275, 25.9063261 ], [ 92.2010488, 25.9084525 ], [ 92.1940442, 25.911674 ], [ 92.1963323, 25.9157483 ], [ 92.1959693, 25.91782 ], [ 92.1945274, 25.9184571 ], [ 92.1894697, 25.9145691 ], [ 92.1860771, 25.9166331 ], [ 92.1817326, 25.9112597 ], [ 92.1765571, 25.9104222 ], [ 92.1775695, 25.9088512 ], [ 92.1755478, 25.907367 ], [ 92.1624245, 25.9111577 ], [ 92.1547392, 25.9109925 ], [ 92.1546102, 25.9137727 ], [ 92.1568213, 25.9146342 ], [ 92.1609276, 25.9281504 ], [ 92.1592172, 25.9332191 ], [ 92.1601512, 25.9353221 ], [ 92.1525153, 25.9395933 ], [ 92.1524365, 25.9443186 ], [ 92.1570953, 25.949192 ], [ 92.1572958, 25.952631 ], [ 92.164052, 25.9578149 ], [ 92.1615216, 25.9602482 ], [ 92.1621278, 25.9665575 ], [ 92.164211, 25.9702759 ], [ 92.16932, 25.9733794 ], [ 92.1744131, 25.9738968 ], [ 92.1787188, 25.9774156 ], [ 92.1808845, 25.9850105 ], [ 92.184685, 25.9858032 ], [ 92.1884594, 25.9845469 ], [ 92.1925055, 25.9869101 ], [ 92.1985487, 25.9882204 ], [ 92.1987241, 25.9893531 ], [ 92.1963081, 25.9908482 ], [ 92.1975439, 25.9945619 ], [ 92.2010051, 25.9951559 ], [ 92.2038508, 26.0012246 ], [ 92.2091523, 25.9979179 ], [ 92.211904, 26.0045507 ], [ 92.2191103, 26.0038917 ], [ 92.2203154, 26.0056872 ], [ 92.2247957, 26.0059866 ], [ 92.2277497, 26.008557 ], [ 92.2302113, 26.0078782 ], [ 92.2338734, 26.0091166 ], [ 92.2350401, 26.0122343 ], [ 92.240373, 26.0158452 ], [ 92.242341, 26.0158256 ], [ 92.2445212, 26.0181931 ], [ 92.242855, 26.0203879 ], [ 92.2437303, 26.0215245 ], [ 92.248584, 26.0233826 ], [ 92.2532937, 26.0289965 ], [ 92.2568108, 26.028697 ], [ 92.2634655, 26.0331297 ], [ 92.2650813, 26.0361006 ], [ 92.2610794, 26.0416352 ], [ 92.269012, 26.0428191 ], [ 92.270032, 26.0474549 ], [ 92.2681399, 26.051434 ], [ 92.2635654, 26.0543145 ], [ 92.2639473, 26.0573612 ], [ 92.2694907, 26.0605651 ], [ 92.270607, 26.0640411 ], [ 92.274893, 26.0656507 ], [ 92.2716553, 26.0652288 ], [ 92.271129, 26.0670337 ], [ 92.2688843, 26.0681739 ], [ 92.2670067, 26.0667328 ], [ 92.2615805, 26.0661058 ], [ 92.2583151, 26.0634631 ], [ 92.2559307, 26.0643638 ], [ 92.2509597, 26.0634976 ], [ 92.2505188, 26.0645262 ], [ 92.2478673, 26.0629217 ], [ 92.2451721, 26.0636671 ], [ 92.2418975, 26.0619774 ], [ 92.240879, 26.0628899 ], [ 92.2385596, 26.0619801 ], [ 92.2373318, 26.063484 ], [ 92.2294378, 26.0646182 ], [ 92.2285852, 26.0667986 ], [ 92.222235, 26.0680893 ], [ 92.2207677, 26.0702567 ], [ 92.2154793, 26.0684142 ], [ 92.208175, 26.0704676 ], [ 92.2062655, 26.0696293 ], [ 92.2065093, 26.0681443 ], [ 92.200084, 26.069592 ], [ 92.192647, 26.0673346 ], [ 92.1910137, 26.0688383 ], [ 92.1871598, 26.0665744 ], [ 92.186126, 26.0676535 ], [ 92.1873361, 26.0692957 ], [ 92.1818092, 26.0690588 ], [ 92.1802911, 26.0711715 ], [ 92.1780412, 26.0685548 ], [ 92.176083, 26.0702254 ], [ 92.1761748, 26.0742917 ], [ 92.178779, 26.0756943 ], [ 92.1788002, 26.0781901 ], [ 92.1693997, 26.0776382 ], [ 92.1571338, 26.070091 ], [ 92.1547094, 26.0671535 ], [ 92.1522357, 26.0667794 ], [ 92.1475674, 26.0609493 ], [ 92.1451437, 26.0597221 ], [ 92.1433943, 26.056044 ], [ 92.1375432, 26.0550383 ], [ 92.1342103, 26.052448 ], [ 92.1326159, 26.0442387 ], [ 92.1282144, 26.0456786 ], [ 92.1214047, 26.0438824 ], [ 92.1199009, 26.0459629 ], [ 92.1165784, 26.046414 ], [ 92.1088038, 26.0506783 ], [ 92.0972876, 26.0492234 ], [ 92.0779148, 26.0422863 ], [ 92.0726608, 26.0381595 ], [ 92.0640201, 26.0341665 ], [ 92.0579551, 26.0348227 ], [ 92.0517467, 26.0328249 ], [ 92.0481399, 26.0327734 ], [ 92.0406889, 26.0365062 ], [ 92.0363328, 26.0362102 ], [ 92.0343974, 26.0389169 ], [ 92.03062, 26.0395825 ], [ 92.024042, 26.0378089 ], [ 92.0228719, 26.03895 ], [ 92.0207394, 26.0381721 ], [ 92.0184454, 26.0391904 ], [ 92.016499, 26.0370453 ], [ 92.0142595, 26.038533 ], [ 92.0101247, 26.0367335 ], [ 92.0088108, 26.0368182 ], [ 92.0085107, 26.0384561 ], [ 92.0062162, 26.0385536 ], [ 92.004111, 26.0355687 ], [ 91.9997297, 26.0357771 ], [ 91.9947564, 26.038489 ], [ 91.9890562, 26.0385297 ], [ 91.9854621, 26.0310272 ], [ 91.9861745, 26.0289777 ], [ 91.983569, 26.0258024 ], [ 91.9789748, 26.0274757 ], [ 91.9750115, 26.0251091 ], [ 91.9731657, 26.0221136 ], [ 91.9619503, 26.0202569 ], [ 91.9619143, 26.0189165 ], [ 91.9513721, 26.0146575 ], [ 91.9477962, 26.0152912 ], [ 91.9471755, 26.0131749 ], [ 91.933973, 26.0102745 ], [ 91.9333795, 26.0118724 ], [ 91.931147, 26.0123561 ], [ 91.9298758, 26.0068686 ], [ 91.9282321, 26.0055198 ], [ 91.9282706, 26.002356 ], [ 91.924963, 25.9993921 ], [ 91.9189844, 25.9978325 ], [ 91.9143952, 25.9987997 ], [ 91.9122796, 26.0049201 ], [ 91.9141733, 26.0072033 ], [ 91.9105923, 26.0073712 ], [ 91.9097586, 26.008775 ], [ 91.9107579, 26.0099526 ], [ 91.91332, 26.0094014 ], [ 91.9097548, 26.0126744 ], [ 91.9147899, 26.0139909 ], [ 91.912987, 26.0147135 ], [ 91.9149713, 26.0183054 ], [ 91.9146923, 26.0204989 ], [ 91.9085135, 26.0209699 ], [ 91.9051826, 26.0238726 ], [ 91.902305, 26.0223748 ], [ 91.8978295, 26.0233955 ], [ 91.8952474, 26.025657 ], [ 91.8887438, 26.0278693 ], [ 91.8857966, 26.0280411 ], [ 91.883044, 26.0261006 ], [ 91.8789331, 26.0311511 ], [ 91.8791553, 26.0343667 ], [ 91.8770846, 26.035747 ], [ 91.8751682, 26.0351136 ], [ 91.8761979, 26.0364063 ], [ 91.8746534, 26.036471 ], [ 91.874968, 26.0378411 ], [ 91.8730952, 26.0388055 ], [ 91.8747527, 26.0430159 ], [ 91.8720209, 26.0446188 ], [ 91.8709471, 26.0427112 ], [ 91.867298, 26.0420176 ], [ 91.8719241, 26.0509583 ], [ 91.8702802, 26.0545056 ], [ 91.8726483, 26.0679052 ], [ 91.8766061, 26.0766652 ], [ 91.8784506, 26.0897803 ], [ 91.8768663, 26.0916488 ], [ 91.8796404, 26.0960355 ], [ 91.8791707, 26.0979762 ], [ 91.8736374, 26.10063 ], [ 91.8685841, 26.1001153 ], [ 91.8663846, 26.1013564 ], [ 91.86576, 26.1004175 ], [ 91.8639253, 26.1026288 ], [ 91.8607162, 26.1028903 ], [ 91.8510129, 26.1084041 ], [ 91.8482836, 26.1080697 ], [ 91.8373601, 26.1122374 ], [ 91.8308491, 26.1184411 ], [ 91.8254041, 26.1194018 ], [ 91.820228, 26.1164075 ], [ 91.8202298, 26.1125526 ], [ 91.8170179, 26.1111493 ], [ 91.8101395, 26.1032904 ], [ 91.8090413, 26.0977906 ], [ 91.8056228, 26.0991198 ], [ 91.8029234, 26.0952609 ], [ 91.8003501, 26.1000439 ], [ 91.7913622, 26.0852317 ], [ 91.785858, 26.084014 ], [ 91.783323, 26.0880899 ], [ 91.7772799, 26.0893457 ], [ 91.7676962, 26.078279 ], [ 91.7630014, 26.0746147 ], [ 91.7627339, 26.0723526 ], [ 91.7570749, 26.0703591 ], [ 91.7549607, 26.0677404 ], [ 91.7431495, 26.0652988 ], [ 91.7429124, 26.0630335 ], [ 91.7310612, 26.0589267 ], [ 91.7307151, 26.0575775 ], [ 91.733487, 26.056226 ], [ 91.7368997, 26.056246 ], [ 91.7347138, 26.0536346 ], [ 91.7351913, 26.0513189 ], [ 91.7329775, 26.0508828 ], [ 91.7336954, 26.0492034 ], [ 91.725349, 26.0461766 ], [ 91.7230265, 26.0351255 ], [ 91.7247796, 26.0287202 ], [ 91.7250371, 26.0202037 ], [ 91.721564, 26.0121906 ], [ 91.721715, 26.0014988 ], [ 91.7196209, 25.9929018 ], [ 91.7215349, 25.9883271 ], [ 91.7200689, 25.9817695 ], [ 91.7211075, 25.9685473 ], [ 91.7197781, 25.9658287 ], [ 91.7225232, 25.9657227 ], [ 91.7202393, 25.9608493 ], [ 91.720108, 25.953596 ], [ 91.7164819, 25.9498951 ], [ 91.7151188, 25.9462882 ], [ 91.7133337, 25.9457296 ], [ 91.7134809, 25.9440487 ], [ 91.7023994, 25.9412701 ], [ 91.7029304, 25.9395756 ], [ 91.7011309, 25.935632 ], [ 91.6989342, 25.9350102 ], [ 91.6894298, 25.9246164 ], [ 91.6880848, 25.9202121 ], [ 91.678835, 25.9162532 ], [ 91.6706007, 25.9041515 ], [ 91.6665091, 25.9051683 ], [ 91.6634211, 25.9077597 ], [ 91.6603167, 25.9064021 ], [ 91.6566592, 25.9077704 ], [ 91.6542535, 25.9058077 ], [ 91.651494, 25.9062821 ], [ 91.6364999, 25.9213268 ], [ 91.6322077, 25.9217919 ], [ 91.6305559, 25.924834 ], [ 91.6252504, 25.9260842 ], [ 91.6243171, 25.9295684 ], [ 91.6213872, 25.9322222 ], [ 91.615672, 25.933612 ], [ 91.6136562, 25.9360183 ], [ 91.6094721, 25.937392 ], [ 91.6101333, 25.9387942 ], [ 91.6091602, 25.9394862 ], [ 91.6118806, 25.9450268 ], [ 91.6228891, 25.9447896 ], [ 91.6261601, 25.942187 ], [ 91.6298151, 25.9432505 ], [ 91.6294011, 25.9471489 ], [ 91.6343599, 25.9605084 ], [ 91.6407149, 25.9637584 ], [ 91.6352598, 25.9705792 ], [ 91.6282522, 25.976149 ], [ 91.6285269, 25.9824391 ], [ 91.6260633, 25.9866823 ], [ 91.6262447, 25.9888685 ], [ 91.6302325, 25.9901254 ], [ 91.6281587, 26.0007443 ], [ 91.6302853, 26.0029847 ], [ 91.6313543, 26.0074978 ], [ 91.6332373, 26.0084861 ], [ 91.632753, 26.0111353 ], [ 91.6349008, 26.0121371 ], [ 91.6315994, 26.0147189 ], [ 91.6326685, 26.0165512 ], [ 91.6310954, 26.0219671 ], [ 91.62635, 26.0221342 ], [ 91.6195315, 26.0259568 ], [ 91.6002306, 26.0216086 ], [ 91.5991224, 26.0188328 ], [ 91.5975341, 26.0180744 ], [ 91.5938923, 26.0197796 ], [ 91.5940717, 26.0216797 ], [ 91.5887195, 26.029563 ], [ 91.5798413, 26.0332478 ], [ 91.5707278, 26.0256761 ], [ 91.5691876, 26.0184364 ], [ 91.572166, 26.0153595 ], [ 91.5636338, 26.0074943 ], [ 91.5633354, 26.0052194 ], [ 91.56507, 26.0020113 ], [ 91.5606, 26.0009244 ], [ 91.5574533, 25.9927368 ], [ 91.5516989, 25.9850261 ], [ 91.5512466, 25.9765957 ], [ 91.5467317, 25.975115 ], [ 91.544696, 25.9759107 ], [ 91.5427162, 25.9731747 ], [ 91.5383628, 25.9714145 ], [ 91.535398, 25.9667263 ], [ 91.5356206, 25.9623039 ], [ 91.5303572, 25.963066 ], [ 91.5286484, 25.9606389 ], [ 91.5252956, 25.9616289 ], [ 91.522165, 25.9594723 ], [ 91.5180755, 25.9597324 ], [ 91.5165756, 25.9557057 ], [ 91.519816, 25.9398771 ], [ 91.515148, 25.9412345 ], [ 91.5138135, 25.9328886 ], [ 91.5079592, 25.9322792 ], [ 91.5067452, 25.9284239 ], [ 91.5029139, 25.9265433 ], [ 91.5013893, 25.9191268 ], [ 91.5044661, 25.9167238 ], [ 91.5032614, 25.9137441 ], [ 91.5046711, 25.9113938 ], [ 91.5095511, 25.9172108 ], [ 91.5129851, 25.9167803 ], [ 91.5175742, 25.9193833 ], [ 91.5227645, 25.9253084 ], [ 91.5261479, 25.9259065 ], [ 91.5293249, 25.9288693 ], [ 91.5325534, 25.9298913 ], [ 91.536577, 25.9357746 ], [ 91.5369547, 25.9312119 ], [ 91.5330201, 25.9265744 ], [ 91.530076, 25.9258053 ], [ 91.5237873, 25.9198843 ], [ 91.5209682, 25.9190608 ], [ 91.5205709, 25.9168084 ], [ 91.5174724, 25.9160435 ], [ 91.5155786, 25.9131852 ], [ 91.5127295, 25.9126414 ], [ 91.5048794, 25.9077699 ], [ 91.5033909, 25.9042348 ], [ 91.5040511, 25.9026783 ], [ 91.4987388, 25.8959942 ], [ 91.5039032, 25.8911694 ], [ 91.4994274, 25.8911926 ], [ 91.4919125, 25.8958538 ], [ 91.4839994, 25.8930371 ], [ 91.4786829, 25.8877575 ], [ 91.4778358, 25.880484 ], [ 91.4748089, 25.8740211 ], [ 91.4760436, 25.8725206 ], [ 91.4749897, 25.870236 ], [ 91.4816417, 25.8677616 ], [ 91.491202, 25.8659447 ], [ 91.4970144, 25.866416 ], [ 91.5005477, 25.8648588 ], [ 91.5131377, 25.865713 ], [ 91.5213108, 25.8751111 ], [ 91.5222106, 25.8788126 ], [ 91.5212936, 25.8834606 ], [ 91.5265859, 25.8910737 ], [ 91.5329899, 25.8881532 ], [ 91.5351884, 25.8838806 ], [ 91.5326491, 25.8835676 ], [ 91.5304254, 25.8816344 ], [ 91.531338, 25.8759122 ], [ 91.5304336, 25.871254 ], [ 91.5279527, 25.8731569 ], [ 91.524631, 25.8721572 ], [ 91.5223555, 25.8728507 ], [ 91.5180628, 25.8698644 ], [ 91.5137181, 25.8639667 ], [ 91.5034166, 25.8642474 ], [ 91.497369, 25.861092 ], [ 91.4957659, 25.8638189 ], [ 91.4882775, 25.8630532 ], [ 91.4836593, 25.8641669 ], [ 91.4779015, 25.8572659 ], [ 91.469473, 25.8591582 ], [ 91.4663738, 25.8572556 ], [ 91.4630814, 25.8569959 ], [ 91.4617826, 25.8543383 ], [ 91.4486133, 25.8450032 ], [ 91.4483819, 25.8418891 ], [ 91.4451487, 25.8397379 ], [ 91.4358292, 25.8435559 ], [ 91.4281723, 25.8526351 ], [ 91.4224667, 25.854474 ], [ 91.413463, 25.853565 ], [ 91.4061696, 25.8500554 ], [ 91.4027283, 25.8513966 ], [ 91.3931409, 25.8475935 ], [ 91.3811402, 25.8456312 ], [ 91.3728955, 25.8467191 ], [ 91.3710502, 25.8426165 ], [ 91.3658333, 25.8400302 ], [ 91.3577435, 25.8414918 ], [ 91.352163, 25.8385619 ], [ 91.3467164, 25.8400278 ], [ 91.3440389, 25.8371162 ], [ 91.3390313, 25.8381395 ], [ 91.3353549, 25.8405442 ], [ 91.3332565, 25.8367479 ], [ 91.3343199, 25.8330654 ], [ 91.322321, 25.8215301 ], [ 91.3207527, 25.8157164 ], [ 91.3147223, 25.809594 ], [ 91.309712, 25.7988773 ], [ 91.3025928, 25.7899015 ], [ 91.301847, 25.7864846 ], [ 91.2955599, 25.7801807 ], [ 91.2945558, 25.775915 ], [ 91.2900368, 25.7726449 ], [ 91.2886264, 25.7654994 ], [ 91.2789783, 25.7573604 ], [ 91.2745382, 25.7504475 ], [ 91.2645297, 25.745854 ], [ 91.2455198, 25.733299 ], [ 91.2224541, 25.7225633 ], [ 91.2101162, 25.7254883 ], [ 91.1904799, 25.747828 ], [ 91.188944, 25.7504454 ], [ 91.1892891, 25.7639516 ], [ 91.184156, 25.7664349 ], [ 91.1851315, 25.7719859 ], [ 91.1815243, 25.773753 ], [ 91.1782621, 25.7773516 ], [ 91.1784, 25.7801607 ], [ 91.1820664, 25.7835973 ], [ 91.1841876, 25.7988905 ], [ 91.1904396, 25.8114348 ], [ 91.1902735, 25.8136527 ], [ 91.1878187, 25.8148016 ], [ 91.1863057, 25.8183571 ], [ 91.1893729, 25.8237362 ], [ 91.1944554, 25.8272788 ], [ 91.1946815, 25.8348627 ], [ 91.197289, 25.835244 ], [ 91.2036433, 25.843214 ], [ 91.1975558, 25.8495383 ], [ 91.1977631, 25.8544886 ], [ 91.1962142, 25.8563959 ], [ 91.1958678, 25.8611704 ], [ 91.1892012, 25.8517149 ], [ 91.1839925, 25.8504019 ], [ 91.180228, 25.8439721 ], [ 91.1736234, 25.844405 ], [ 91.1598954, 25.8499499 ], [ 91.14755, 25.8504916 ], [ 91.136109, 25.8426264 ], [ 91.1294608, 25.8426109 ], [ 91.1203637, 25.8329292 ], [ 91.0771402, 25.8289423 ], [ 91.0669718, 25.8257313 ], [ 91.0621344, 25.8207781 ], [ 91.0488843, 25.8292728 ], [ 91.0529699, 25.8318076 ], [ 91.0577334, 25.8317676 ], [ 91.0593661, 25.8366598 ], [ 91.0664149, 25.8388615 ], [ 91.0677314, 25.8368062 ], [ 91.0718631, 25.8387609 ], [ 91.0732365, 25.8404558 ], [ 91.0729803, 25.8458926 ], [ 91.0785036, 25.8527371 ], [ 91.0672084, 25.8466251 ], [ 91.0644615, 25.8479527 ], [ 91.0618811, 25.8469047 ], [ 91.0617046, 25.8480122 ], [ 91.0482196, 25.8492032 ], [ 91.0392294, 25.8368931 ], [ 91.0324991, 25.8349976 ], [ 91.0320761, 25.8328464 ], [ 91.0286292, 25.8311649 ], [ 91.0224537, 25.823766 ], [ 91.0105663, 25.8203642 ], [ 91.0056042, 25.8208618 ], [ 91.0013969, 25.8250995 ], [ 91.0069338, 25.8324874 ], [ 91.0079831, 25.8379615 ], [ 91.0102376, 25.8373261 ], [ 91.012208, 25.8417797 ], [ 91.0114752, 25.8459081 ], [ 91.0153134, 25.848399 ], [ 91.0140249, 25.8568723 ], [ 91.0228799, 25.8637233 ], [ 91.0257803, 25.8681706 ], [ 91.027908, 25.8693306 ], [ 91.0305484, 25.8858016 ], [ 91.025219, 25.8887765 ], [ 91.0179067, 25.8845582 ], [ 91.0106028, 25.8841729 ], [ 91.0010308, 25.8858221 ], [ 91.0006598, 25.8879382 ], [ 90.9760534, 25.8896735 ], [ 90.968855, 25.8852193 ], [ 90.9659786, 25.8884391 ], [ 90.9690044, 25.9037505 ], [ 90.9666222, 25.9140648 ], [ 90.9626844, 25.9203858 ], [ 90.9611323, 25.9273191 ], [ 90.9570449, 25.9349578 ], [ 90.9512425, 25.9391222 ], [ 90.9475341, 25.9394896 ], [ 90.9461423, 25.9410113 ], [ 90.9454657, 25.944875 ], [ 90.9474345, 25.9480919 ], [ 90.939991, 25.9473012 ], [ 90.9338571, 25.9397713 ], [ 90.923925, 25.9428711 ], [ 90.9219427, 25.9413418 ], [ 90.9194879, 25.9444521 ], [ 90.9173364, 25.9444077 ], [ 90.9148127, 25.9358874 ], [ 90.9155696, 25.9307512 ], [ 90.9142352, 25.9257057 ], [ 90.9154312, 25.9203978 ], [ 90.9195117, 25.91522 ], [ 90.9168364, 25.9140564 ], [ 90.9061745, 25.9250217 ], [ 90.9052921, 25.9289033 ], [ 90.8944217, 25.9311798 ], [ 90.8974526, 25.9374753 ], [ 90.8900253, 25.9380721 ], [ 90.889575, 25.9427365 ], [ 90.8857632, 25.9456953 ], [ 90.8845256, 25.9503079 ], [ 90.880492, 25.9504932 ], [ 90.8810757, 25.9428252 ], [ 90.876688, 25.9494237 ], [ 90.871691, 25.9476273 ], [ 90.8748259, 25.94255 ], [ 90.848474, 25.9443801 ], [ 90.8443554, 25.9459724 ], [ 90.8423447, 25.9421222 ], [ 90.8390404, 25.9413091 ], [ 90.8354679, 25.9366054 ], [ 90.834823, 25.9396517 ], [ 90.8364289, 25.9437952 ], [ 90.8361879, 25.9484212 ], [ 90.832914, 25.9458613 ], [ 90.8258992, 25.9486935 ], [ 90.824413, 25.9453983 ], [ 90.819274, 25.9503159 ], [ 90.8162046, 25.9489335 ], [ 90.8156099, 25.950188 ], [ 90.8090541, 25.9524373 ], [ 90.8078817, 25.95097 ], [ 90.8091467, 25.9474096 ], [ 90.7963818, 25.9405207 ], [ 90.7844883, 25.9251282 ], [ 90.7853174, 25.9242892 ], [ 90.7833779, 25.9217697 ], [ 90.7811652, 25.911266 ], [ 90.7780513, 25.9112008 ], [ 90.7781032, 25.9086147 ], [ 90.7663768, 25.9076406 ], [ 90.7618949, 25.9082916 ], [ 90.7566774, 25.9109864 ], [ 90.7567897, 25.9134282 ], [ 90.7606653, 25.9156652 ], [ 90.7605245, 25.9218844 ], [ 90.7587194, 25.9202627 ], [ 90.7547068, 25.9202594 ], [ 90.7510656, 25.9182661 ], [ 90.7471409, 25.9155369 ], [ 90.745305, 25.9117691 ], [ 90.7424458, 25.9123862 ], [ 90.7389766, 25.9161584 ], [ 90.7477931, 25.91886 ], [ 90.7469612, 25.9248066 ], [ 90.751977, 25.9269315 ], [ 90.7541517, 25.9294326 ], [ 90.7535706, 25.9315594 ], [ 90.7546271, 25.9334428 ], [ 90.7527883, 25.9342702 ], [ 90.7513914, 25.9322983 ], [ 90.7500915, 25.9330055 ], [ 90.7467155, 25.9280883 ], [ 90.740397, 25.9393946 ], [ 90.7477646, 25.9482987 ], [ 90.7478277, 25.9499325 ], [ 90.7457994, 25.9505784 ], [ 90.745686, 25.9518964 ], [ 90.748095, 25.9567161 ], [ 90.7444162, 25.9550567 ], [ 90.7428166, 25.9579871 ], [ 90.7377571, 25.9556985 ], [ 90.7383284, 25.9527102 ], [ 90.7324669, 25.9520964 ], [ 90.724475, 25.9467766 ], [ 90.719939, 25.9487925 ], [ 90.719015, 25.9545384 ], [ 90.7175875, 25.954941 ], [ 90.7138459, 25.9516713 ], [ 90.7076459, 25.9520812 ], [ 90.7029272, 25.9504907 ], [ 90.6883345, 25.9489092 ], [ 90.6726537, 25.93464 ], [ 90.6316433, 25.9198264 ], [ 90.6285389, 25.9175924 ], [ 90.6261932, 25.9133501 ], [ 90.6261333, 25.909735 ], [ 90.6306745, 25.9095002 ], [ 90.6307991, 25.9062822 ], [ 90.6249355, 25.8982623 ], [ 90.6218662, 25.8978364 ], [ 90.6136048, 25.8993222 ], [ 90.6062662, 25.916617 ], [ 90.6123062, 25.9256619 ], [ 90.6231189, 25.9350587 ], [ 90.6245364, 25.9371348 ], [ 90.6241242, 25.9391755 ], [ 90.6048973, 25.9470908 ], [ 90.5996733, 25.955128 ], [ 90.5906923, 25.956062 ], [ 90.5893138, 25.9582263 ], [ 90.5878714, 25.9580709 ], [ 90.5838229, 25.9560023 ], [ 90.5797659, 25.9512707 ], [ 90.5770618, 25.9445148 ], [ 90.5767314, 25.9367498 ], [ 90.5524238, 25.922748 ], [ 90.5488754, 25.9214005 ], [ 90.5438019, 25.9235934 ], [ 90.5444836, 25.9205538 ], [ 90.5483766, 25.9192003 ], [ 90.5500588, 25.91684 ], [ 90.5491235, 25.9154286 ], [ 90.5381416, 25.913747 ], [ 90.5374933, 25.9111968 ], [ 90.526419, 25.9048444 ], [ 90.5213861, 25.8984772 ], [ 90.51498, 25.8961013 ], [ 90.5114266, 25.8977926 ], [ 90.5085532, 25.9015037 ], [ 90.5179966, 25.9156784 ], [ 90.5206854, 25.9259671 ], [ 90.5264082, 25.9327227 ], [ 90.5311369, 25.9350797 ], [ 90.5341632, 25.9389594 ], [ 90.5350044, 25.9495882 ], [ 90.5317954, 25.9560098 ], [ 90.5204628, 25.9705237 ], [ 90.5096436, 25.9804899 ], [ 90.5025351, 25.991461 ], [ 90.488661, 26.0033884 ], [ 90.4761344, 26.0095867 ], [ 90.4562191, 26.0001788 ], [ 90.4437385, 25.9959665 ], [ 90.4374688, 25.991718 ], [ 90.4332787, 25.9913181 ], [ 90.4302214, 25.9889498 ], [ 90.4251877, 25.9888389 ], [ 90.4168391, 25.9915043 ], [ 90.4154933, 25.9988161 ], [ 90.4111472, 26.0004224 ], [ 90.4053898, 26.0089782 ], [ 90.3997468, 26.0125162 ], [ 90.3721768, 26.0112655 ], [ 90.3497139, 26.0041284 ], [ 90.3487316, 26.0011364 ], [ 90.3469534, 26.0004215 ], [ 90.3467055, 25.9978491 ], [ 90.3430694, 25.9963086 ], [ 90.3403557, 25.9883434 ], [ 90.3315318, 25.9876498 ], [ 90.331049, 25.9826899 ], [ 90.3279195, 25.9750066 ], [ 90.3247762, 25.9733957 ], [ 90.2705824, 25.9603097 ], [ 90.2114931, 25.9525932 ], [ 90.2099369, 25.9596611 ], [ 90.2028702, 25.9608626 ], [ 90.1998319, 25.9569544 ], [ 90.1924206, 25.9552534 ], [ 90.1908255, 25.9512142 ], [ 90.1873909, 25.9498738 ], [ 90.1869066, 25.9468545 ], [ 90.1887587, 25.9458345 ], [ 90.1868842, 25.9440946 ], [ 90.1808014, 25.9497743 ], [ 90.1784347, 25.9554429 ], [ 90.1772117, 25.9552735 ], [ 90.1769242, 25.958954 ], [ 90.1657592, 25.955762 ], [ 90.1584701, 25.9571509 ], [ 90.1564304, 25.9582696 ], [ 90.1510935, 25.9666901 ], [ 90.1438214, 25.9601372 ], [ 90.1393833, 25.9596371 ], [ 90.1405374, 25.9572974 ], [ 90.1317177, 25.9587431 ], [ 90.1197793, 25.9541028 ], [ 90.1209909, 25.9559752 ], [ 90.1205425, 25.9578259 ], [ 90.1162686, 25.9568775 ], [ 90.1130573, 25.9541865 ], [ 90.112315, 25.9519753 ], [ 90.1075613, 25.9491449 ], [ 90.1048989, 25.9445219 ], [ 90.1066902, 25.9423098 ], [ 90.1048679, 25.9416786 ], [ 90.1010772, 25.9432322 ], [ 90.1013658, 25.9402285 ], [ 90.0979955, 25.9374087 ], [ 90.0921132, 25.9380712 ], [ 90.0940895, 25.9278212 ], [ 90.0911339, 25.9284757 ], [ 90.0879499, 25.9255523 ], [ 90.0854195, 25.9254715 ], [ 90.0862368, 25.9194666 ], [ 90.0759053, 25.9148892 ], [ 90.0725146, 25.9185204 ], [ 90.0705357, 25.9184303 ], [ 90.0670544, 25.9129898 ], [ 90.0605542, 25.9134592 ], [ 90.0602125, 25.9123647 ], [ 90.0624232, 25.9102232 ], [ 90.0555841, 25.9057437 ], [ 90.0565224, 25.9031983 ], [ 90.0554447, 25.9005738 ], [ 90.0476729, 25.899815 ], [ 90.0464433, 25.8959065 ], [ 90.0413839, 25.8940666 ], [ 90.0434351, 25.8920856 ], [ 90.0424852, 25.887667 ], [ 90.0341869, 25.8917208 ], [ 90.0346954, 25.8934517 ], [ 90.0336648, 25.8944512 ], [ 90.0252343, 25.895695 ], [ 90.0193676, 25.892076 ], [ 90.0138594, 25.8849388 ], [ 90.0110705, 25.8846129 ], [ 90.0056251, 25.8784729 ], [ 90.0142133, 25.8719472 ], [ 90.0194935, 25.8731514 ], [ 90.0228794, 25.869966 ], [ 90.0238206, 25.8672177 ], [ 90.0223314, 25.860136 ], [ 90.0191205, 25.8559219 ], [ 90.0171585, 25.8556017 ], [ 90.0174505, 25.8530713 ], [ 90.0157505, 25.8507284 ], [ 90.0091562, 25.8458112 ], [ 90.0066553, 25.8450588 ], [ 90.0006994, 25.8462006 ], [ 89.9989406, 25.84279 ], [ 90.0039962, 25.841296 ], [ 90.0035857, 25.8392355 ], [ 89.9912626, 25.8349592 ], [ 89.9814529, 25.8355132 ], [ 89.9779308, 25.832215 ], [ 89.9778046, 25.8279342 ], [ 89.9710892, 25.8263676 ], [ 89.967913, 25.8277674 ], [ 89.9658745, 25.8324278 ], [ 89.963972, 25.8330578 ], [ 89.9630366, 25.8317084 ], [ 89.9637041, 25.8282286 ], [ 89.9676473, 25.8225185 ], [ 89.9668443, 25.8215867 ], [ 89.9637501, 25.8219281 ], [ 89.9620044, 25.8201885 ], [ 89.954158, 25.8212706 ], [ 89.9540315, 25.8250391 ], [ 89.9587018, 25.8259299 ], [ 89.9576826, 25.8291097 ], [ 89.9544531, 25.8268196 ], [ 89.9482592, 25.8254707 ], [ 89.9482965, 25.823521 ], [ 89.9510613, 25.821061 ], [ 89.9505075, 25.8176309 ], [ 89.94854, 25.8150901 ], [ 89.9558419, 25.8111899 ], [ 89.954522, 25.8039101 ], [ 89.9584281, 25.8012806 ], [ 89.9552762, 25.7965308 ], [ 89.9556544, 25.791451 ], [ 89.9543851, 25.7879713 ], [ 89.95913, 25.7819996 ], [ 89.9593514, 25.7799302 ], [ 89.9553631, 25.7777599 ], [ 89.9576133, 25.7753901 ], [ 89.9547783, 25.7671807 ], [ 89.9420476, 25.755842 ], [ 89.9352272, 25.7544925 ], [ 89.9377384, 25.748224 ], [ 89.9375775, 25.7454258 ], [ 89.9260825, 25.7383624 ], [ 89.8997033, 25.7471388 ], [ 89.8947393, 25.7449686 ], [ 89.8936321, 25.7396972 ], [ 89.8943988, 25.7349355 ], [ 89.8956937, 25.7315503 ], [ 89.8986681, 25.7295685 ], [ 89.8991259, 25.7264226 ], [ 89.9026036, 25.7252576 ], [ 89.907245, 25.7165188 ], [ 89.9120614, 25.7118597 ], [ 89.9134752, 25.7085646 ], [ 89.91871, 25.7051465 ], [ 89.9235829, 25.6944934 ], [ 89.9331404, 25.6909739 ], [ 89.933872, 25.6896648 ], [ 89.9362729, 25.6897495 ], [ 89.9375211, 25.6858675 ], [ 89.9401205, 25.684562 ], [ 89.9444159, 25.6792568 ], [ 89.9429178, 25.6722302 ], [ 89.9474443, 25.6710274 ], [ 89.9454403, 25.6678825 ], [ 89.9471474, 25.6661531 ], [ 89.9467414, 25.6618656 ], [ 89.9504525, 25.6556036 ], [ 89.9629323, 25.6494764 ], [ 89.9648524, 25.6468033 ], [ 89.9791611, 25.6387825 ], [ 89.983346, 25.6305515 ], [ 89.9831783, 25.6267875 ], [ 89.9917487, 25.6240818 ], [ 89.9951944, 25.6246477 ], [ 89.9970278, 25.6225137 ], [ 89.998819, 25.6223982 ], [ 90.0041198, 25.6267352 ], [ 90.0069726, 25.6233233 ], [ 90.0042101, 25.6202372 ], [ 90.0092484, 25.6191869 ], [ 90.0105426, 25.6168184 ], [ 90.0098379, 25.6154857 ], [ 90.0163921, 25.6098035 ], [ 90.0185921, 25.6113299 ], [ 90.0176008, 25.6078757 ], [ 90.0202503, 25.607487 ], [ 90.0174167, 25.6050223 ], [ 90.0168489, 25.6018673 ], [ 90.0124597, 25.6025133 ], [ 90.0109846, 25.6015567 ], [ 90.0111224, 25.5966877 ], [ 90.0029994, 25.5854242 ], [ 89.9955639, 25.5862427 ], [ 89.9877054, 25.5915477 ], [ 89.9835045, 25.5912486 ], [ 89.9785386, 25.5869644 ], [ 89.975424, 25.5761073 ], [ 89.9721573, 25.5734917 ], [ 89.9604984, 25.5744468 ], [ 89.9538026, 25.5707947 ], [ 89.9471691, 25.5704462 ], [ 89.941062, 25.56826 ], [ 89.9368652, 25.5644029 ], [ 89.9122537, 25.5631655 ], [ 89.9096356, 25.5606297 ], [ 89.9074713, 25.5613478 ], [ 89.9015694, 25.5589434 ], [ 89.8986539, 25.56051 ], [ 89.8924683, 25.555835 ], [ 89.8852983, 25.5549917 ], [ 89.8783622, 25.5503341 ], [ 89.874949, 25.543731 ], [ 89.8788344, 25.5376964 ], [ 89.8680792, 25.5298746 ], [ 89.8679351, 25.5242417 ], [ 89.8688307, 25.5214885 ], [ 89.8714869, 25.5219174 ], [ 89.8717357, 25.5185323 ], [ 89.8734666, 25.5194486 ], [ 89.8733473, 25.5168939 ], [ 89.8773366, 25.5196246 ], [ 89.8799479, 25.5179996 ], [ 89.8834895, 25.5191143 ], [ 89.8806989, 25.5167403 ], [ 89.8841059, 25.5142397 ], [ 89.8859357, 25.5079206 ], [ 89.8808774, 25.5068242 ], [ 89.8728699, 25.5074156 ], [ 89.8768139, 25.5007988 ], [ 89.8766898, 25.4955027 ], [ 89.8722818, 25.4859408 ], [ 89.8716897, 25.4773485 ], [ 89.8654347, 25.4716927 ], [ 89.8522489, 25.4658815 ], [ 89.8522523, 25.4724342 ], [ 89.8493205, 25.4743375 ], [ 89.8504986, 25.4857262 ], [ 89.8491061, 25.4886573 ], [ 89.8493102, 25.4927972 ], [ 89.8551978, 25.4974554 ], [ 89.8539061, 25.5042382 ], [ 89.8556397, 25.5035297 ], [ 89.8580345, 25.5065179 ], [ 89.8667928, 25.5079327 ], [ 89.8696395, 25.5109065 ], [ 89.8687141, 25.5125603 ], [ 89.8606865, 25.5165681 ], [ 89.8512734, 25.5386279 ], [ 89.8630124, 25.5431977 ], [ 89.8660376, 25.5461905 ], [ 89.8672022, 25.5617166 ], [ 89.8703869, 25.5680806 ], [ 89.8729187, 25.5694937 ], [ 89.8721538, 25.5731745 ], [ 89.8756448, 25.5811354 ], [ 89.8732907, 25.5876079 ], [ 89.8788023, 25.6015442 ], [ 89.8825055, 25.6172042 ], [ 89.8817911, 25.6258579 ], [ 89.8798744, 25.6368712 ], [ 89.8781386, 25.6394163 ], [ 89.8710935, 25.6625521 ], [ 89.8668094, 25.6627708 ], [ 89.863546, 25.6655493 ], [ 89.8585271, 25.6797383 ], [ 89.8517545, 25.6869193 ], [ 89.8466879, 25.6956162 ], [ 89.85193, 25.7066411 ], [ 89.8505333, 25.7129576 ], [ 89.8492903, 25.715061 ], [ 89.8378657, 25.7147831 ], [ 89.8351318, 25.7157626 ], [ 89.8283664, 25.7282504 ], [ 89.8268845, 25.7329106 ], [ 89.8269568, 25.7403575 ], [ 89.8391496, 25.7548519 ], [ 89.8413109, 25.7591421 ], [ 89.840329, 25.7667292 ], [ 89.8382825, 25.7760295 ], [ 89.8339771, 25.7829508 ], [ 89.833946, 25.7883639 ], [ 89.8312655, 25.7910675 ], [ 89.8294942, 25.7964157 ], [ 89.8299181, 25.8007596 ], [ 89.826502, 25.8102062 ], [ 89.8209699, 25.8133944 ], [ 89.8165447, 25.8143021 ], [ 89.8176438, 25.8180589 ], [ 89.8257871, 25.8287011 ], [ 89.8272298, 25.8329445 ], [ 89.8352816, 25.8407344 ], [ 89.8338522, 25.8542315 ], [ 89.8356833, 25.8599588 ], [ 89.8325726, 25.8706055 ], [ 89.8485308, 25.8876712 ], [ 89.848288, 25.8920769 ], [ 89.8568342, 25.8997023 ], [ 89.8607766, 25.907332 ], [ 89.8623203, 25.9073644 ], [ 89.8781792, 25.9242336 ], [ 89.8783809, 25.925653 ], [ 89.8772659, 25.9256827 ], [ 89.8781102, 25.9277669 ], [ 89.887077, 25.9452016 ], [ 89.8761861, 25.9468338 ], [ 89.8688377, 25.9443913 ], [ 89.8485785, 25.9428795 ], [ 89.8450347, 25.9400251 ], [ 89.8427368, 25.940031 ], [ 89.8391509, 25.9410753 ], [ 89.8423493, 25.9443071 ], [ 89.8253873, 25.9455045 ], [ 89.8256774, 25.9515304 ], [ 89.8306047, 25.9551737 ], [ 89.8493363, 25.9491093 ], [ 89.8445004, 25.9547603 ], [ 89.8469468, 25.9566078 ], [ 89.8429845, 25.9640919 ], [ 89.8385401, 25.9658545 ], [ 89.8385588, 25.9678512 ], [ 89.8410756, 25.9682765 ], [ 89.8415432, 25.97042 ], [ 89.843, 25.9708524 ], [ 89.8488649, 25.9709762 ], [ 89.8562315, 25.9687728 ], [ 89.8668398, 25.9720317 ], [ 89.8718058, 25.9740401 ], [ 89.8733297, 25.9758796 ], [ 89.8710322, 25.980702 ], [ 89.8692618, 25.9814892 ], [ 89.8685908, 25.9796929 ], [ 89.8672769, 25.9797841 ], [ 89.8657613, 25.983374 ], [ 89.8504215, 25.9899579 ], [ 89.8474808, 25.9968143 ], [ 89.8477011, 26.0006659 ], [ 89.8440909, 26.0061891 ], [ 89.8358412, 26.0125967 ], [ 89.8311372, 26.0098458 ], [ 89.8309294, 26.0018333 ], [ 89.8333371, 25.9955443 ], [ 89.833442, 25.9904967 ], [ 89.8366304, 25.9865716 ], [ 89.8359415, 25.9824242 ], [ 89.8242418, 25.9849531 ], [ 89.8202721, 25.9876413 ], [ 89.8148656, 25.9978653 ], [ 89.8186025, 25.995857 ], [ 89.8204339, 25.9975621 ], [ 89.8191879, 26.0041086 ], [ 89.8204671, 26.0076677 ], [ 89.8219962, 26.007596 ], [ 89.8219602, 26.0096684 ], [ 89.8189644, 26.0156397 ], [ 89.8162242, 26.0169791 ], [ 89.8153614, 26.0202089 ], [ 89.8193247, 26.0258154 ], [ 89.813877, 26.0317818 ], [ 89.8114096, 26.0408323 ], [ 89.807417, 26.0440028 ], [ 89.8056268, 26.0444809 ], [ 89.8050367, 26.0434077 ], [ 89.8023017, 26.032256 ], [ 89.7977211, 26.0245159 ], [ 89.7950282, 26.0231918 ], [ 89.7941943, 26.0222603 ], [ 89.7951039, 26.0216699 ], [ 89.7915911, 26.0181535 ], [ 89.7880384, 26.0192066 ], [ 89.7878197, 26.0213853 ], [ 89.7915597, 26.0208696 ], [ 89.793993, 26.0226587 ], [ 89.7937114, 26.0281298 ], [ 89.7978017, 26.0307427 ], [ 89.7992956, 26.0351769 ], [ 89.8023042, 26.0382443 ], [ 89.8018289, 26.0402558 ], [ 89.7936392, 26.0423276 ], [ 89.792345, 26.0405813 ], [ 89.7930488, 26.0359445 ], [ 89.7906433, 26.0342921 ], [ 89.787683, 26.0360197 ], [ 89.7894812, 26.0396189 ], [ 89.7879509, 26.0403095 ], [ 89.7798853, 26.0404099 ], [ 89.7765704, 26.0349265 ], [ 89.7737615, 26.0378799 ], [ 89.7792023, 26.0443929 ], [ 89.7886798, 26.0487108 ], [ 89.7873104, 26.0509346 ], [ 89.7847536, 26.0513835 ], [ 89.7854161, 26.0568654 ], [ 89.7945584, 26.0578724 ], [ 89.7959279, 26.0581673 ], [ 89.7960203, 26.0596655 ], [ 89.7988098, 26.0595794 ], [ 89.797673, 26.0625742 ], [ 89.7985283, 26.0650651 ], [ 89.795567, 26.0645766 ], [ 89.7961287, 26.0658313 ], [ 89.7981488, 26.065721 ], [ 89.7949512, 26.0728756 ], [ 89.7964419, 26.0760917 ], [ 89.7946634, 26.0769697 ], [ 89.7914088, 26.0749574 ], [ 89.7901374, 26.0753856 ], [ 89.7950214, 26.0833006 ], [ 89.7948514, 26.0875125 ], [ 89.7906316, 26.0892898 ], [ 89.7882309, 26.0881338 ], [ 89.7851438, 26.0833424 ], [ 89.7813239, 26.0834424 ], [ 89.7831046, 26.0935653 ], [ 89.7860225, 26.0963285 ], [ 89.7843736, 26.0986983 ], [ 89.7817938, 26.0982317 ], [ 89.7833837, 26.101199 ], [ 89.7857964, 26.101632 ], [ 89.7831611, 26.1059839 ], [ 89.7786478, 26.1081266 ], [ 89.7763167, 26.1057929 ], [ 89.7699544, 26.1045329 ], [ 89.7685551, 26.1075507 ], [ 89.7650395, 26.1095393 ], [ 89.757869, 26.1078605 ], [ 89.7561699, 26.1093627 ], [ 89.7554288, 26.1137132 ], [ 89.7608582, 26.1185646 ], [ 89.7652513, 26.1247802 ], [ 89.7665707, 26.1304772 ], [ 89.7631374, 26.1370405 ], [ 89.7540327, 26.139396 ], [ 89.753279, 26.1484193 ], [ 89.747659, 26.157371 ], [ 89.7430533, 26.1593153 ], [ 89.7204876, 26.1562963 ], [ 89.7193492, 26.1658796 ], [ 89.716979, 26.1653626 ], [ 89.7218418, 26.1674745 ], [ 89.728864, 26.1679436 ], [ 89.7274821, 26.1719612 ], [ 89.7289044, 26.1741084 ], [ 89.7365505, 26.1727894 ], [ 89.7329288, 26.1775263 ], [ 89.7223503, 26.1777097 ], [ 89.7136536, 26.1726562 ], [ 89.7101423, 26.1724236 ], [ 89.7035871, 26.1780338 ], [ 89.7031123, 26.1832796 ], [ 89.6986005, 26.191177 ], [ 89.7060965, 26.1877252 ], [ 89.7130745, 26.1877166 ], [ 89.7191107, 26.1922935 ], [ 89.7203689, 26.1956008 ], [ 89.7178122, 26.2013475 ], [ 89.7116, 26.2029669 ], [ 89.7191621, 26.2066224 ], [ 89.7272063, 26.2059626 ], [ 89.7309156, 26.2083924 ], [ 89.7332303, 26.2119921 ], [ 89.7317131, 26.2161633 ], [ 89.7257008, 26.2181849 ], [ 89.7128727, 26.2124571 ], [ 89.7074992, 26.2122797 ], [ 89.7018786, 26.2154201 ], [ 89.7003936, 26.2184484 ], [ 89.7011851, 26.2199373 ], [ 89.7037412, 26.2188888 ], [ 89.7044655, 26.2171916 ], [ 89.7100398, 26.2178428 ], [ 89.7136404, 26.2221235 ], [ 89.7141019, 26.2302466 ], [ 89.7271696, 26.2332381 ], [ 89.732158, 26.2378299 ], [ 89.7318295, 26.239879 ], [ 89.7262923, 26.2428661 ], [ 89.7192032, 26.2456554 ], [ 89.7178815, 26.2451508 ], [ 89.7164821, 26.2475345 ], [ 89.7184455, 26.2558457 ], [ 89.7170753, 26.2573674 ], [ 89.7144333, 26.2582537 ], [ 89.705828, 26.2562053 ], [ 89.7026158, 26.2578633 ], [ 89.7024228, 26.2610631 ], [ 89.7045418, 26.2638917 ], [ 89.7058527, 26.2704302 ], [ 89.7121953, 26.2710132 ], [ 89.7147124, 26.2699421 ], [ 89.714464, 26.2657181 ], [ 89.7125791, 26.2619103 ], [ 89.7146798, 26.2599369 ], [ 89.7220204, 26.2574591 ], [ 89.7340044, 26.2594092 ], [ 89.735573, 26.261493 ], [ 89.7342818, 26.2670269 ], [ 89.7385393, 26.2699435 ], [ 89.7350025, 26.2776724 ], [ 89.7241278, 26.2876405 ], [ 89.7178312, 26.2958176 ], [ 89.7198131, 26.3073199 ], [ 89.7237054, 26.3092804 ], [ 89.7258467, 26.3072165 ], [ 89.721394, 26.2995114 ], [ 89.7263217, 26.2947108 ], [ 89.7369089, 26.2926135 ], [ 89.7448438, 26.2968899 ], [ 89.7478026, 26.2912609 ], [ 89.7581248, 26.2877858 ], [ 89.7579632, 26.2890628 ], [ 89.759805, 26.2897006 ], [ 89.760889, 26.2921024 ], [ 89.7578439, 26.2981293 ], [ 89.7541445, 26.302224 ], [ 89.7512404, 26.3209502 ], [ 89.7553495, 26.3232147 ], [ 89.7603089, 26.3166029 ], [ 89.7642755, 26.3160689 ], [ 89.769093, 26.3212941 ], [ 89.7692555, 26.3242863 ], [ 89.7810665, 26.3278554 ], [ 89.7837274, 26.3320857 ], [ 89.7815411, 26.3416292 ], [ 89.7831811, 26.3513963 ], [ 89.7930489, 26.3586817 ], [ 89.8048187, 26.3628399 ], [ 89.8134861, 26.370683 ], [ 89.8201694, 26.3707218 ], [ 89.8219224, 26.3718102 ], [ 89.819976, 26.3666285 ], [ 89.8155836, 26.3643477 ], [ 89.8133058, 26.3615126 ], [ 89.8128322, 26.3570988 ], [ 89.8153793, 26.3525824 ], [ 89.8227633, 26.3516331 ], [ 89.8257724, 26.3548475 ], [ 89.8219682, 26.3596749 ], [ 89.8220717, 26.3631454 ], [ 89.8276412, 26.3663064 ], [ 89.829478, 26.3707793 ], [ 89.8259179, 26.3776332 ], [ 89.8280157, 26.3811315 ], [ 89.8320231, 26.3839172 ], [ 89.8352498, 26.3839588 ], [ 89.8396658, 26.3786213 ], [ 89.843023, 26.3778143 ], [ 89.8443655, 26.378663 ], [ 89.8450255, 26.3835958 ], [ 89.8470544, 26.3852525 ], [ 89.8514837, 26.3852533 ], [ 89.8544957, 26.3821624 ], [ 89.8588997, 26.3840269 ], [ 89.8554211, 26.3908725 ], [ 89.8573445, 26.3961303 ], [ 89.854573, 26.3977003 ], [ 89.8498812, 26.4035889 ], [ 89.8478114, 26.4041527 ], [ 89.8471963, 26.3989041 ], [ 89.843284, 26.3938036 ], [ 89.8376024, 26.390977 ], [ 89.8321854, 26.3918194 ], [ 89.8303107, 26.3935834 ], [ 89.8299535, 26.3970041 ], [ 89.8324279, 26.4000149 ], [ 89.8329659, 26.4083821 ], [ 89.8352544, 26.4120203 ], [ 89.8574771, 26.4119796 ], [ 89.8567148, 26.4149354 ], [ 89.8497621, 26.4204582 ], [ 89.8491551, 26.4227911 ], [ 89.8518216, 26.4226698 ], [ 89.8558711, 26.4249178 ], [ 89.8577199, 26.4299319 ], [ 89.8556792, 26.4326033 ], [ 89.8586965, 26.4355551 ], [ 89.8585554, 26.4395715 ], [ 89.8626557, 26.4429205 ], [ 89.8642043, 26.4467567 ], [ 89.8721452, 26.4520733 ], [ 89.8704303, 26.4566989 ], [ 89.8729571, 26.4626379 ], [ 89.8724405, 26.4644972 ], [ 89.8686346, 26.4686128 ], [ 89.8648238, 26.469118 ], [ 89.861593, 26.48188 ], [ 89.8623651, 26.4835499 ], [ 89.8563269, 26.485395 ], [ 89.8541398, 26.48817 ], [ 89.8539736, 26.4918345 ], [ 89.8588422, 26.4999086 ], [ 89.8568173, 26.501517 ], [ 89.8567596, 26.5066045 ], [ 89.8587801, 26.5126069 ], [ 89.8560359, 26.5147817 ], [ 89.8566217, 26.5207251 ], [ 89.8602832, 26.5244306 ], [ 89.8629397, 26.5300344 ], [ 89.8658574, 26.5322813 ], [ 89.863201, 26.5416789 ], [ 89.8689925, 26.5538737 ], [ 89.8673645, 26.5694782 ], [ 89.8644875, 26.5732433 ], [ 89.8659908, 26.5767735 ], [ 89.8711557, 26.5790684 ], [ 89.872921, 26.5783037 ], [ 89.8826022, 26.5833931 ], [ 89.8737749, 26.5913356 ], [ 89.8795334, 26.6092974 ], [ 89.8784216, 26.6155338 ], [ 89.8641533, 26.6157334 ], [ 89.8582511, 26.623378 ], [ 89.859164, 26.6295561 ], [ 89.8672239, 26.6351011 ], [ 89.8716362, 26.6426215 ], [ 89.8752369, 26.6445666 ], [ 89.8769343, 26.6485062 ], [ 89.8704605, 26.6553293 ], [ 89.8707817, 26.6606544 ], [ 89.8741869, 26.6667151 ], [ 89.8723533, 26.6724778 ], [ 89.8747744, 26.6822705 ], [ 89.8737294, 26.6855648 ], [ 89.863334, 26.7008473 ], [ 89.8655194, 26.7055134 ], [ 89.8620689, 26.7164541 ], [ 89.862528, 26.7241804 ], [ 89.8645101, 26.7270813 ], [ 89.8644906, 26.7300238 ], [ 89.8589478, 26.7349178 ], [ 89.8629166, 26.7370669 ], [ 89.8973438, 26.7243386 ], [ 89.9669093, 26.7235382 ], [ 90.0082435, 26.7321535 ], [ 90.0495456, 26.7303696 ], [ 90.1398797, 26.7536185 ], [ 90.1945229, 26.7732713 ], [ 90.187669, 26.8068119 ], [ 90.2007695, 26.8352902 ], [ 90.2305, 26.8589067 ], [ 90.2487807, 26.8590394 ], [ 90.2832876, 26.8528263 ], [ 90.3002984, 26.8482204 ], [ 90.3477863, 26.8752948 ], [ 90.3502456, 26.8889516 ], [ 90.3565627, 26.9006551 ], [ 90.4166476, 26.9045319 ], [ 90.5466129, 26.8166398 ], [ 90.5845514, 26.8037423 ], [ 90.6344432, 26.7938103 ], [ 90.6465742, 26.7765804 ], [ 90.6759788, 26.7840947 ], [ 90.6932577, 26.7706398 ], [ 90.7172776, 26.7682684 ], [ 90.7423587, 26.7748309 ], [ 90.816426, 26.7759841 ], [ 90.9564986, 26.7877703 ], [ 90.9569234, 26.781621 ], [ 90.9592824, 26.7844833 ], [ 90.9918745, 26.7906423 ], [ 91.0540604, 26.7809854 ], [ 91.0975627, 26.8219929 ], [ 91.1458544, 26.8108734 ], [ 91.1921282, 26.8134241 ], [ 91.2368872, 26.8120026 ], [ 91.2770888, 26.8003128 ], [ 91.2966285, 26.7869675 ], [ 91.3372479, 26.7808609 ], [ 91.3760058, 26.7952277 ], [ 91.4076472, 26.8396026 ], [ 91.4457902, 26.8121039 ], [ 91.4639504, 26.8023522 ], [ 91.495107, 26.7912059 ], [ 91.5924235, 26.8051914 ], [ 91.6255243, 26.8208658 ], [ 91.6897967, 26.8064515 ], [ 91.7045877, 26.8129536 ], [ 91.720812, 26.8118148 ], [ 91.8241467, 26.8640435 ], [ 91.8591119, 26.9133388 ], [ 91.8849398, 26.9166664 ], [ 91.8917364, 26.9190627 ], [ 91.9435985, 26.8949926 ], [ 91.9639422, 26.8826815 ], [ 91.9704749, 26.8706561 ], [ 91.9835014, 26.8581916 ], [ 92.0171332, 26.8500071 ], [ 92.0567247, 26.847385 ], [ 92.0781954, 26.8555374 ], [ 92.1026518, 26.8671684 ], [ 92.1019184, 26.8810579 ], [ 92.1143777, 26.8935779 ], [ 92.1200185, 26.8889837 ], [ 92.1698605, 26.8916541 ], [ 92.194801, 26.8899635 ], [ 92.2380182, 26.905794 ], [ 92.2551853, 26.9096052 ], [ 92.2760902, 26.9019964 ], [ 92.3029649, 26.9071396 ], [ 92.3026619, 26.9226429 ], [ 92.3230989, 26.9275337 ], [ 92.3631894, 26.9345433 ], [ 92.3671003, 26.9286844 ], [ 92.3983296, 26.9246907 ], [ 92.412014, 26.9427609 ], [ 92.4258066, 26.9410398 ], [ 92.4474682, 26.9588118 ], [ 92.4968643, 26.9633736 ], [ 92.5541903, 26.95744 ], [ 92.5833424, 26.9595406 ], [ 92.6447991, 26.9866633 ], [ 92.6674498, 27.0271232 ], [ 92.6724775, 27.0316491 ], [ 92.6775184, 27.0316605 ], [ 92.6876124, 27.0271687 ], [ 92.6926531, 27.0271796 ], [ 92.6977056, 27.0226762 ], [ 92.7128271, 27.0227073 ], [ 92.7229189, 27.0182129 ], [ 92.732989, 27.0227463 ], [ 92.7531511, 27.0227823 ], [ 92.7632228, 27.0273136 ], [ 92.7783536, 27.0228234 ], [ 92.7934752, 27.0228459 ], [ 92.8237388, 27.0093431 ], [ 92.8388649, 27.0048465 ], [ 92.8572652, 27.0016391 ], [ 92.8866089, 26.9997454 ], [ 92.9184105, 26.9823057 ], [ 92.9155327, 26.9739159 ], [ 92.9171454, 26.9629304 ], [ 92.9818853, 26.9360456 ], [ 93.0218561, 26.9134166 ], [ 93.0627154, 26.9222714 ], [ 93.0882259, 26.9143923 ], [ 93.1073728, 26.9257586 ], [ 93.1725563, 26.935995 ], [ 93.2009521, 26.9432162 ], [ 93.2468242, 26.9512459 ], [ 93.3227156, 26.9600098 ], [ 93.3804922, 26.9592205 ], [ 93.4487706, 26.9507818 ], [ 93.4624901, 26.9378804 ], [ 93.4706478, 26.9365972 ], [ 93.4747297, 26.9393241 ], [ 93.486259, 26.9422774 ], [ 93.4891022, 26.9361768 ], [ 93.5057479, 26.9433947 ], [ 93.5211161, 26.9476982 ], [ 93.5410095, 26.9489749 ], [ 93.5449355, 26.951229 ], [ 93.549151, 26.9500083 ], [ 93.5603582, 26.952726 ], [ 93.5866695, 26.9504701 ], [ 93.6147259, 26.9603032 ], [ 93.6274566, 26.9631555 ], [ 93.6574365, 26.966315 ], [ 93.6707693, 26.9714872 ], [ 93.6936701, 26.9889955 ], [ 93.7089074, 27.0081072 ], [ 93.7233802, 27.0208142 ], [ 93.7329818, 27.0259436 ], [ 93.7435301, 27.0276921 ], [ 93.7674246, 27.0394391 ], [ 93.7667264, 27.0529084 ], [ 93.76799, 27.0544527 ], [ 93.7678619, 27.0512802 ], [ 93.7718509, 27.0540765 ], [ 93.7708709, 27.0620358 ], [ 93.7782813, 27.0489367 ], [ 93.7798668, 27.0582707 ], [ 93.7810904, 27.0588166 ], [ 93.7811858, 27.0655177 ], [ 93.7830365, 27.0643547 ], [ 93.7837929, 27.0514539 ], [ 93.789418, 27.0505955 ], [ 93.7901323, 27.0524551 ], [ 93.7938302, 27.054524 ], [ 93.7944096, 27.0619203 ], [ 93.7953524, 27.0616907 ], [ 93.7952245, 27.0570067 ], [ 93.8002238, 27.0578532 ], [ 93.7986955, 27.0595401 ], [ 93.7997034, 27.0598611 ], [ 93.7987894, 27.062392 ], [ 93.7930442, 27.0682777 ], [ 93.7937822, 27.0723394 ], [ 93.7952741, 27.0724575 ], [ 93.7968417, 27.06527 ], [ 93.8002458, 27.062817 ], [ 93.8033586, 27.0580579 ], [ 93.8063113, 27.0596297 ], [ 93.8113923, 27.0589371 ], [ 93.8084094, 27.0659256 ], [ 93.8107423, 27.06747 ], [ 93.8149947, 27.0614567 ], [ 93.8189197, 27.0643689 ], [ 93.8212131, 27.0643968 ], [ 93.8219878, 27.0677725 ], [ 93.8254609, 27.0675391 ], [ 93.8274122, 27.0659423 ], [ 93.8292266, 27.0668138 ], [ 93.8286107, 27.0688533 ], [ 93.8298007, 27.0679738 ], [ 93.8356709, 27.0742975 ], [ 93.835604, 27.0781963 ], [ 93.8331982, 27.0815575 ], [ 93.8377744, 27.0853718 ], [ 93.8315023, 27.0867779 ], [ 93.8314049, 27.0909113 ], [ 93.8266683, 27.0969701 ], [ 93.8255612, 27.103594 ], [ 93.8265962, 27.1120598 ], [ 93.8250664, 27.1164228 ], [ 93.8199399, 27.1227519 ], [ 93.8140453, 27.121283 ], [ 93.8094348, 27.1233432 ], [ 93.8129365, 27.1292966 ], [ 93.8121235, 27.1311284 ], [ 93.8070249, 27.1306612 ], [ 93.8031905, 27.1327802 ], [ 93.7989917, 27.1290823 ], [ 93.796914, 27.1289367 ], [ 93.794474, 27.1345219 ], [ 93.7959698, 27.1376453 ], [ 93.8053918, 27.1371268 ], [ 93.805995, 27.1487602 ], [ 93.8253463, 27.1684787 ], [ 93.8387097, 27.1723364 ], [ 93.8598721, 27.1934765 ], [ 93.8642267, 27.1961527 ], [ 93.8675268, 27.2015136 ], [ 93.8840106, 27.2195903 ], [ 93.8994047, 27.2390865 ], [ 93.9057769, 27.2435344 ], [ 93.9098428, 27.2490927 ], [ 93.9282424, 27.2642222 ], [ 93.9552657, 27.293261 ], [ 93.9705984, 27.3070334 ], [ 93.9912547, 27.3283465 ], [ 94.0115736, 27.338496 ], [ 94.0218851, 27.3455958 ], [ 94.0243794, 27.3460029 ], [ 94.0264596, 27.3448104 ], [ 94.0283099, 27.3468884 ], [ 94.0302575, 27.3456572 ], [ 94.0309166, 27.3483927 ], [ 94.0340538, 27.348496 ], [ 94.0405537, 27.3515019 ], [ 94.0540432, 27.3603356 ], [ 94.0598142, 27.3615371 ], [ 94.0614574, 27.3637327 ], [ 94.0608516, 27.3653025 ], [ 94.069206, 27.3734639 ], [ 94.0757524, 27.3896771 ], [ 94.0895975, 27.4070485 ], [ 94.1049354, 27.4139734 ], [ 94.1178577, 27.4296857 ], [ 94.1276921, 27.4345894 ], [ 94.1314564, 27.4409203 ], [ 94.140086, 27.445667 ], [ 94.1500671, 27.4542858 ], [ 94.1553836, 27.456969 ], [ 94.1550815, 27.4590963 ], [ 94.1594243, 27.4616176 ], [ 94.1566661, 27.4748575 ], [ 94.1645447, 27.4767835 ], [ 94.1691291, 27.4812256 ], [ 94.1762253, 27.4821517 ], [ 94.1842024, 27.4866484 ], [ 94.1875167, 27.4916374 ], [ 94.189277, 27.4923963 ], [ 94.1938295, 27.4938866 ], [ 94.1963654, 27.4929399 ], [ 94.2006435, 27.494879 ], [ 94.2090508, 27.4925276 ], [ 94.2120433, 27.4956996 ], [ 94.2139954, 27.5007999 ], [ 94.2208232, 27.5052795 ], [ 94.241353, 27.513022 ], [ 94.2681534, 27.5208122 ], [ 94.2600714, 27.5315139 ], [ 94.2574945, 27.5370304 ], [ 94.2568678, 27.5417122 ], [ 94.2594047, 27.5490506 ], [ 94.2586997, 27.5554581 ], [ 94.2467156, 27.5694665 ], [ 94.2348096, 27.5691634 ], [ 94.2249517, 27.5740946 ], [ 94.2228311, 27.5881997 ], [ 94.2268453, 27.5956083 ], [ 94.2266414, 27.5977411 ], [ 94.2133746, 27.6002002 ], [ 94.2109456, 27.601849 ], [ 94.2095073, 27.6050833 ], [ 94.2095859, 27.6089102 ], [ 94.2173588, 27.6072538 ], [ 94.2227877, 27.6114103 ], [ 94.2375645, 27.6326799 ], [ 94.2423913, 27.6323103 ], [ 94.248467, 27.6340025 ], [ 94.2514573, 27.6376348 ], [ 94.2544129, 27.6356507 ], [ 94.2617058, 27.6358726 ], [ 94.2639702, 27.6319006 ], [ 94.2674081, 27.629487 ], [ 94.2671096, 27.6273517 ], [ 94.2655759, 27.6242086 ], [ 94.2631049, 27.62426 ], [ 94.2605762, 27.6218678 ], [ 94.2609431, 27.618104 ], [ 94.2546782, 27.6157887 ], [ 94.254258, 27.6142308 ], [ 94.2564035, 27.6105088 ], [ 94.2724747, 27.6029404 ], [ 94.2746468, 27.5998274 ], [ 94.2738085, 27.5949713 ], [ 94.2773993, 27.5894374 ], [ 94.2882961, 27.5892564 ], [ 94.2898499, 27.5961577 ], [ 94.2960912, 27.6014475 ], [ 94.2982601, 27.6019323 ], [ 94.3018157, 27.6010217 ], [ 94.3034752, 27.597344 ], [ 94.3069751, 27.5952737 ], [ 94.3092601, 27.5907787 ], [ 94.3227776, 27.5886388 ], [ 94.3243188, 27.5846211 ], [ 94.3328317, 27.5869516 ], [ 94.3369683, 27.5791894 ], [ 94.3382356, 27.5812192 ], [ 94.3449223, 27.5821345 ], [ 94.3506766, 27.5771145 ], [ 94.3591405, 27.5769286 ], [ 94.3627166, 27.5761491 ], [ 94.3640119, 27.5743501 ], [ 94.3698851, 27.5747538 ], [ 94.3765031, 27.5823716 ], [ 94.3818966, 27.5815978 ], [ 94.3885871, 27.5847913 ], [ 94.3923861, 27.5890238 ], [ 94.4016124, 27.5849766 ], [ 94.4058773, 27.5870537 ], [ 94.4184554, 27.5975168 ], [ 94.4316821, 27.6003329 ], [ 94.4317067, 27.5916221 ], [ 94.4333348, 27.5884179 ], [ 94.4395962, 27.5812191 ], [ 94.4513302, 27.5717599 ], [ 94.4549407, 27.5666024 ], [ 94.4564434, 27.5598386 ], [ 94.4617318, 27.5552424 ], [ 94.4679102, 27.5611467 ], [ 94.4778044, 27.5761416 ], [ 94.4917891, 27.5744113 ], [ 94.498959, 27.5721684 ], [ 94.5014094, 27.5739866 ], [ 94.5024699, 27.5774132 ], [ 94.513852, 27.5801068 ], [ 94.5215072, 27.5845503 ], [ 94.5212963, 27.5874393 ], [ 94.5227306, 27.5878324 ], [ 94.5220099, 27.5914227 ], [ 94.5295754, 27.5913871 ], [ 94.5321413, 27.5945668 ], [ 94.5359612, 27.5925263 ], [ 94.544586, 27.601035 ], [ 94.5553219, 27.6007519 ], [ 94.562216, 27.6049031 ], [ 94.5685717, 27.6023443 ], [ 94.5740867, 27.6038083 ], [ 94.5768479, 27.6058871 ], [ 94.5797433, 27.6122999 ], [ 94.5875495, 27.6184566 ], [ 94.5955925, 27.6196798 ], [ 94.6000148, 27.618168 ], [ 94.6028882, 27.6212301 ], [ 94.6065921, 27.6186162 ], [ 94.6143821, 27.6239697 ], [ 94.6176421, 27.6236087 ], [ 94.6208676, 27.6249527 ], [ 94.6234717, 27.627808 ], [ 94.6284639, 27.6245392 ], [ 94.6331898, 27.6241605 ], [ 94.6413688, 27.6294443 ], [ 94.646675, 27.6380725 ], [ 94.6574026, 27.6417847 ], [ 94.6626514, 27.6453266 ], [ 94.6727458, 27.6472197 ], [ 94.6791116, 27.6451533 ], [ 94.6826776, 27.6458938 ], [ 94.6866538, 27.6509854 ], [ 94.6838016, 27.6601723 ], [ 94.6879103, 27.6651417 ], [ 94.6893189, 27.6650207 ], [ 94.6908992, 27.6617368 ], [ 94.7004914, 27.6614534 ], [ 94.7090397, 27.6565792 ], [ 94.7160246, 27.6575345 ], [ 94.7205095, 27.6669237 ], [ 94.725139, 27.6690037 ], [ 94.7289749, 27.6645288 ], [ 94.7357276, 27.6632873 ], [ 94.7413732, 27.6598921 ], [ 94.754307, 27.6605483 ], [ 94.7609257, 27.6650434 ], [ 94.7649102, 27.6740302 ], [ 94.7677819, 27.6760043 ], [ 94.7691622, 27.6795203 ], [ 94.7786602, 27.6797032 ], [ 94.7841054, 27.6839031 ], [ 94.7890464, 27.6851787 ], [ 94.7918674, 27.6880907 ], [ 94.7925877, 27.6942321 ], [ 94.7937275, 27.6951803 ], [ 94.7969765, 27.6956288 ], [ 94.8082779, 27.6919754 ], [ 94.8135694, 27.6930111 ], [ 94.8207831, 27.6920755 ], [ 94.8260181, 27.6948569 ], [ 94.829455, 27.6948581 ], [ 94.8409704, 27.7006097 ], [ 94.8440466, 27.7038727 ], [ 94.8478331, 27.7055655 ], [ 94.8484083, 27.7171076 ], [ 94.8523457, 27.7276034 ], [ 95.3087606, 27.8680108 ], [ 95.3795771, 27.8391789 ], [ 95.5201323, 27.8812381 ], [ 95.5222724, 27.8829589 ], [ 95.5261609, 27.8906182 ], [ 95.5340362, 27.8981418 ], [ 95.5399396, 27.8964631 ], [ 95.5442694, 27.8997804 ], [ 95.5421912, 27.9062682 ], [ 95.5446688, 27.9108418 ], [ 95.5538318, 27.9137291 ], [ 95.5635439, 27.9192622 ], [ 95.5648149, 27.9292733 ], [ 95.5685919, 27.9359025 ], [ 95.5759964, 27.9397042 ], [ 95.5861127, 27.9367242 ], [ 95.5937059, 27.9467706 ], [ 95.6052785, 27.9546154 ], [ 95.8238812, 27.9714751 ] ], [ [ 89.7898974, 26.3415555 ], [ 89.7934108, 26.3413865 ], [ 89.7980573, 26.337849 ], [ 89.796123, 26.3329919 ], [ 89.7998344, 26.3297253 ], [ 89.8052598, 26.3284101 ], [ 89.8147036, 26.3216472 ], [ 89.8174147, 26.3209353 ], [ 89.8231213, 26.3279374 ], [ 89.823026, 26.3297844 ], [ 89.819675, 26.3330219 ], [ 89.8193669, 26.3368311 ], [ 89.8161013, 26.3427782 ], [ 89.8067406, 26.349102 ], [ 89.8022845, 26.3505743 ], [ 89.7955856, 26.3493699 ], [ 89.7940804, 26.3438321 ], [ 89.7898945, 26.3425829 ], [ 89.7898974, 26.3415555 ] ] ] } }
]
}
