{
"type": "FeatureCollection",
"name": "19",
"crs": { "type": "name", "properties": { "name": "urn:ogc:def:crs:OGC:1.3:CRS84" } },
"features": [
{ "type": "Feature", "properties": { "code": "19", "name": "WEST BENGAL", "type": "state" }, "geometry": { "type": "MultiPolygon", "coordinates": [ [ [ [ 88.016329, 21.562915 ], [ 88.0185579, 21.5516677 ], [ 88.015945, 21.5472857 ], [ 88.0137491, 21.5468373 ], [ 88.0121168, 21.5479289 ], [ 88.009786, 21.5531385 ], [ 88.0099702, 21.5582278 ], [ 88.0115327, 21.5601301 ], [ 88.0140962, 21.5599738 ], [ 88.016329, 21.562915 ] ] ], [ [ [ 88.9472138, 21.5957128 ], [ 88.9456062, 21.5965353 ], [ 88.9446756, 21.5992677 ], [ 88.9466464, 21.600721 ], [ 88.9481132, 21.5984896 ], [ 88.9472138, 21.5957128 ] ] ], [ [ [ 88.5218265, 21.5864581 ], [ 88.5319624, 21.5839625 ], [ 88.5371998, 21.5780136 ], [ 88.5372109, 21.5755029 ], [ 88.533949, 21.5729317 ], [ 88.5336135, 21.569075 ], [ 88.530653, 21.5635551 ], [ 88.5327589, 21.5617501 ], [ 88.5339371, 21.553776 ], [ 88.5388864, 21.5431079 ], [ 88.5477851, 21.5376076 ], [ 88.5452389, 21.5336054 ], [ 88.5423048, 21.5329808 ], [ 88.5344896, 21.5272191 ], [ 88.5209295, 21.5277877 ], [ 88.5151923, 21.5298536 ], [ 88.5130811, 21.5326293 ], [ 88.5113586, 21.5317611 ], [ 88.5063325, 21.53416 ], [ 88.4968905, 21.5402003 ], [ 88.4970228, 21.5425349 ], [ 88.4998718, 21.5429021 ], [ 88.4992496, 21.5479322 ], [ 88.4899598, 21.5469562 ], [ 88.486404, 21.5491713 ], [ 88.4847748, 21.5521979 ], [ 88.4850439, 21.5635729 ], [ 88.4882863, 21.5740473 ], [ 88.4869485, 21.5798102 ], [ 88.4935023, 21.5947302 ], [ 88.4979767, 21.6009595 ], [ 88.5066315, 21.5929415 ], [ 88.5218265, 21.5864581 ] ] ], [ [ [ 89.1403419, 21.5955123 ], [ 89.1445815, 21.5965144 ], [ 89.1465038, 21.6004835 ], [ 89.1494784, 21.6012101 ], [ 89.1510523, 21.6000358 ], [ 89.1486855, 21.5944682 ], [ 89.1422344, 21.5924686 ], [ 89.1377103, 21.5934714 ], [ 89.1355134, 21.5955714 ], [ 89.1351612, 21.599071 ], [ 89.1364022, 21.6011076 ], [ 89.1397437, 21.6008319 ], [ 89.1392654, 21.5970523 ], [ 89.1403419, 21.5955123 ] ] ], [ [ [ 88.1699152, 21.5848383 ], [ 88.1795859, 21.5847993 ], [ 88.1861462, 21.5819477 ], [ 88.1849226, 21.5765744 ], [ 88.1875115, 21.5679168 ], [ 88.1863565, 21.5649053 ], [ 88.1878474, 21.5630758 ], [ 88.1885886, 21.5578508 ], [ 88.1921447, 21.5542775 ], [ 88.1945409, 21.547959 ], [ 88.1968336, 21.5478136 ], [ 88.1979428, 21.5459481 ], [ 88.2019984, 21.5478384 ], [ 88.2044018, 21.5470245 ], [ 88.1993263, 21.5421317 ], [ 88.1940114, 21.540743 ], [ 88.1874768, 21.5423712 ], [ 88.1781675, 21.5467727 ], [ 88.175673, 21.5498578 ], [ 88.1721088, 21.5594186 ], [ 88.1692368, 21.5766198 ], [ 88.1671478, 21.5820076 ], [ 88.163943, 21.5861041 ], [ 88.1639024, 21.5971496 ], [ 88.1670184, 21.602947 ], [ 88.1661312, 21.5897478 ], [ 88.1699152, 21.5848383 ] ] ], [ [ [ 88.832267, 21.6087948 ], [ 88.8359663, 21.6079017 ], [ 88.8378021, 21.6047772 ], [ 88.8455529, 21.602092 ], [ 88.8618213, 21.5974837 ], [ 88.8692285, 21.5965946 ], [ 88.8758628, 21.5925757 ], [ 88.8785812, 21.5880781 ], [ 88.8799283, 21.5887103 ], [ 88.8848914, 21.5830564 ], [ 88.8888889, 21.5809518 ], [ 88.8918892, 21.5811982 ], [ 88.8962409, 21.5753684 ], [ 88.897453, 21.5752521 ], [ 88.9036784, 21.5613743 ], [ 88.905724, 21.5556435 ], [ 88.9059879, 21.5475602 ], [ 88.8915979, 21.5380339 ], [ 88.8814185, 21.5341555 ], [ 88.8639464, 21.5363723 ], [ 88.8581835, 21.5360105 ], [ 88.8574353, 21.5375097 ], [ 88.855775, 21.5366063 ], [ 88.8426013, 21.5455724 ], [ 88.8423382, 21.5477858 ], [ 88.831884, 21.5509617 ], [ 88.8299375, 21.5546912 ], [ 88.8298248, 21.5602184 ], [ 88.8267719, 21.5657448 ], [ 88.8295184, 21.5662038 ], [ 88.829754, 21.5718842 ], [ 88.8259828, 21.5721344 ], [ 88.8275991, 21.5750926 ], [ 88.8268209, 21.5778831 ], [ 88.8292382, 21.5823544 ], [ 88.8294467, 21.594583 ], [ 88.8306144, 21.5972025 ], [ 88.8297868, 21.6031811 ], [ 88.8316745, 21.604175 ], [ 88.832267, 21.6087948 ] ] ], [ [ [ 88.6350522, 21.6629375 ], [ 88.6376996, 21.665448 ], [ 88.6339988, 21.6578709 ], [ 88.6361045, 21.6508714 ], [ 88.6315833, 21.6494131 ], [ 88.6285836, 21.6514542 ], [ 88.626637, 21.6556854 ], [ 88.6299849, 21.6697924 ], [ 88.6314245, 21.6706684 ], [ 88.6304487, 21.6713548 ], [ 88.6308787, 21.6732876 ], [ 88.6372321, 21.6797762 ], [ 88.6423774, 21.6791934 ], [ 88.6385209, 21.6665452 ], [ 88.6350522, 21.6629375 ] ] ], [ [ [ 88.042926, 21.6923462 ], [ 88.0444104, 21.6988088 ], [ 88.0454296, 21.6993964 ], [ 88.045943, 21.6973871 ], [ 88.042926, 21.6923462 ] ] ], [ [ [ 88.0527679, 21.7023621 ], [ 88.0513312, 21.6962291 ], [ 88.0494138, 21.6944897 ], [ 88.0501693, 21.7002521 ], [ 88.0527679, 21.7023621 ] ] ], [ [ [ 88.3066109, 21.7056348 ], [ 88.3245269, 21.7030614 ], [ 88.3336748, 21.6998162 ], [ 88.343379, 21.6920883 ], [ 88.3514204, 21.6772835 ], [ 88.3507785, 21.6726243 ], [ 88.3437077, 21.6619035 ], [ 88.3464324, 21.654605 ], [ 88.3447868, 21.6492076 ], [ 88.3497631, 21.6485151 ], [ 88.3504589, 21.6468037 ], [ 88.343438, 21.6375949 ], [ 88.3461485, 21.6331746 ], [ 88.3443047, 21.6276019 ], [ 88.3406209, 21.6230718 ], [ 88.3395594, 21.6194094 ], [ 88.3269087, 21.6132196 ], [ 88.322777, 21.607813 ], [ 88.3178477, 21.6052192 ], [ 88.3091015, 21.6080022 ], [ 88.306447, 21.6149462 ], [ 88.3074528, 21.6324676 ], [ 88.3139114, 21.6521089 ], [ 88.3161095, 21.6627397 ], [ 88.3160958, 21.6723716 ], [ 88.3145272, 21.6802193 ], [ 88.3056909, 21.699588 ], [ 88.3066109, 21.7056348 ] ] ], [ [ [ 88.0436411, 21.7005921 ], [ 88.042427, 21.7028493 ], [ 88.0427665, 21.7089682 ], [ 88.0447033, 21.702286 ], [ 88.0436411, 21.7005921 ] ] ], [ [ [ 88.0533087, 21.7030577 ], [ 88.0521628, 21.7044435 ], [ 88.0530063, 21.7085712 ], [ 88.0539134, 21.7111456 ], [ 88.0557496, 21.7113947 ], [ 88.056248, 21.710135 ], [ 88.0533087, 21.7030577 ] ] ], [ [ [ 88.7437883, 21.6521219 ], [ 88.7524189, 21.6480119 ], [ 88.7592309, 21.6524559 ], [ 88.7689777, 21.6559505 ], [ 88.7746631, 21.6492889 ], [ 88.7769132, 21.6434605 ], [ 88.7738033, 21.6401076 ], [ 88.7715651, 21.6317796 ], [ 88.7729555, 21.62577 ], [ 88.7760361, 21.6195854 ], [ 88.7972298, 21.5970815 ], [ 88.8000479, 21.5912395 ], [ 88.7970512, 21.5880229 ], [ 88.7948143, 21.5821197 ], [ 88.7781237, 21.5749036 ], [ 88.7761139, 21.5698358 ], [ 88.7597387, 21.5647811 ], [ 88.746717, 21.5651437 ], [ 88.7420263, 21.5621882 ], [ 88.7386921, 21.5640193 ], [ 88.7262438, 21.5666419 ], [ 88.7154438, 21.5724639 ], [ 88.7085916, 21.5847194 ], [ 88.7072077, 21.5901491 ], [ 88.7082716, 21.5978174 ], [ 88.7120891, 21.6147111 ], [ 88.7174925, 21.6227832 ], [ 88.7188403, 21.6347352 ], [ 88.7175022, 21.6440058 ], [ 88.7139681, 21.651267 ], [ 88.7063577, 21.6608278 ], [ 88.6872646, 21.6793107 ], [ 88.6844261, 21.6843065 ], [ 88.6866588, 21.6894766 ], [ 88.6925109, 21.7201562 ], [ 88.6934094, 21.7206563 ], [ 88.6948344, 21.7186095 ], [ 88.6982569, 21.7104452 ], [ 88.6993172, 21.6952765 ], [ 88.701797, 21.6878697 ], [ 88.7077797, 21.6813734 ], [ 88.7437883, 21.6521219 ] ] ], [ [ [ 88.2067355, 21.7091553 ], [ 88.2085509, 21.7081935 ], [ 88.2085793, 21.7052444 ], [ 88.1968277, 21.6920387 ], [ 88.1935901, 21.6841941 ], [ 88.1954522, 21.679364 ], [ 88.2056787, 21.6717576 ], [ 88.2197362, 21.6691236 ], [ 88.2250675, 21.6659923 ], [ 88.2274965, 21.6500563 ], [ 88.22529, 21.6359057 ], [ 88.2134641, 21.6257197 ], [ 88.2103312, 21.6197828 ], [ 88.2082828, 21.6192227 ], [ 88.2074393, 21.6131736 ], [ 88.2092468, 21.6098128 ], [ 88.2086443, 21.6079084 ], [ 88.2059934, 21.6089166 ], [ 88.203222, 21.6135097 ], [ 88.1952693, 21.6450968 ], [ 88.190329, 21.6545044 ], [ 88.1882806, 21.6650312 ], [ 88.1828583, 21.6771249 ], [ 88.1823918, 21.6866981 ], [ 88.1944116, 21.6962006 ], [ 88.2021913, 21.7060688 ], [ 88.1934577, 21.7014213 ], [ 88.1848278, 21.6898464 ], [ 88.182078, 21.6881359 ], [ 88.1808221, 21.6890214 ], [ 88.1823385, 21.6995604 ], [ 88.1860287, 21.7080532 ], [ 88.1916376, 21.7156193 ], [ 88.2035357, 21.7258421 ], [ 88.2082504, 21.7134625 ], [ 88.2067355, 21.7091553 ] ] ], [ [ [ 88.4151469, 21.7263856 ], [ 88.4148853, 21.7242498 ], [ 88.4172379, 21.7203748 ], [ 88.4183878, 21.7193224 ], [ 88.4200069, 21.7200399 ], [ 88.4216832, 21.7181384 ], [ 88.4245795, 21.7082483 ], [ 88.4281388, 21.7025078 ], [ 88.4275585, 21.7010539 ], [ 88.419609, 21.6983739 ], [ 88.4133261, 21.6929295 ], [ 88.4103757, 21.6794643 ], [ 88.411849, 21.6785203 ], [ 88.4142631, 21.6726132 ], [ 88.4108652, 21.6660527 ], [ 88.4110512, 21.6558291 ], [ 88.4119055, 21.6527673 ], [ 88.4175163, 21.6450306 ], [ 88.4286559, 21.6350884 ], [ 88.4322506, 21.6258933 ], [ 88.431949, 21.6204475 ], [ 88.430461, 21.6187636 ], [ 88.4151607, 21.6143651 ], [ 88.4117749, 21.6117782 ], [ 88.4059008, 21.6023325 ], [ 88.4084586, 21.5956036 ], [ 88.4066717, 21.5940053 ], [ 88.4076999, 21.592804 ], [ 88.407342, 21.5898734 ], [ 88.4001092, 21.5901048 ], [ 88.3993707, 21.591288 ], [ 88.3969418, 21.5899336 ], [ 88.395919, 21.5966261 ], [ 88.3880634, 21.6019825 ], [ 88.3848286, 21.6103593 ], [ 88.3915077, 21.6186043 ], [ 88.393615, 21.6235374 ], [ 88.3930107, 21.6252741 ], [ 88.3872832, 21.6293297 ], [ 88.3857572, 21.6324366 ], [ 88.3860328, 21.6371645 ], [ 88.3889259, 21.6367669 ], [ 88.3909066, 21.6405148 ], [ 88.3881294, 21.6425065 ], [ 88.3852659, 21.6557422 ], [ 88.3809381, 21.6628906 ], [ 88.382542, 21.6663451 ], [ 88.3824026, 21.6828409 ], [ 88.3881959, 21.6896096 ], [ 88.390578, 21.690183 ], [ 88.3995711, 21.6990914 ], [ 88.4043614, 21.7090025 ], [ 88.4042373, 21.7166295 ], [ 88.4012903, 21.7214075 ], [ 88.3959313, 21.7253007 ], [ 88.3871984, 21.7263536 ], [ 88.3725308, 21.7238433 ], [ 88.3700516, 21.7244256 ], [ 88.3687611, 21.7269769 ], [ 88.3721343, 21.7295465 ], [ 88.3839221, 21.73231 ], [ 88.3891179, 21.7357506 ], [ 88.3923376, 21.7428715 ], [ 88.3945092, 21.7537346 ], [ 88.3958289, 21.7546376 ], [ 88.4001837, 21.7516884 ], [ 88.3989788, 21.7435255 ], [ 88.4016458, 21.7372755 ], [ 88.407595, 21.7348451 ], [ 88.4151469, 21.7263856 ] ] ], [ [ [ 88.3858718, 21.7638774 ], [ 88.389908, 21.760784 ], [ 88.3901108, 21.7585442 ], [ 88.3863365, 21.7516595 ], [ 88.3873065, 21.7502415 ], [ 88.3870982, 21.7434273 ], [ 88.3859284, 21.7404651 ], [ 88.3830138, 21.738072 ], [ 88.3729896, 21.7370786 ], [ 88.3654791, 21.7331678 ], [ 88.3632759, 21.7259064 ], [ 88.3673165, 21.7196164 ], [ 88.3708057, 21.7179322 ], [ 88.3764018, 21.7170021 ], [ 88.3899815, 21.7183246 ], [ 88.3939101, 21.7160393 ], [ 88.394509, 21.7132215 ], [ 88.3918554, 21.7078436 ], [ 88.3859066, 21.7023168 ], [ 88.3656853, 21.6911224 ], [ 88.3645454, 21.6865796 ], [ 88.3630815, 21.6855679 ], [ 88.3572836, 21.6865112 ], [ 88.3503734, 21.6923308 ], [ 88.3384388, 21.7115834 ], [ 88.3386701, 21.7138999 ], [ 88.3459228, 21.7179159 ], [ 88.3485315, 21.7225404 ], [ 88.3481485, 21.7290293 ], [ 88.3451501, 21.7377485 ], [ 88.3430203, 21.7514969 ], [ 88.3436721, 21.7548296 ], [ 88.3466632, 21.7595535 ], [ 88.3531403, 21.7617943 ], [ 88.3702928, 21.7637579 ], [ 88.378118, 21.7664245 ], [ 88.3858718, 21.7638774 ] ] ], [ [ [ 88.6135542, 21.7283421 ], [ 88.5958719, 21.7224829 ], [ 88.5935333, 21.7204233 ], [ 88.5790234, 21.7270984 ], [ 88.5836697, 21.7368535 ], [ 88.5845847, 21.7484319 ], [ 88.5825286, 21.7544947 ], [ 88.5708599, 21.7666789 ], [ 88.5692875, 21.7701373 ], [ 88.5822269, 21.7764089 ], [ 88.5838853, 21.7761791 ], [ 88.5858603, 21.767189 ], [ 88.584069, 21.7597332 ], [ 88.5872612, 21.7533037 ], [ 88.5984477, 21.7471117 ], [ 88.6136787, 21.7422865 ], [ 88.6188844, 21.7391936 ], [ 88.6196821, 21.7351024 ], [ 88.6176041, 21.7309389 ], [ 88.6135542, 21.7283421 ] ] ], [ [ [ 88.2978064, 21.7680945 ], [ 88.3049595, 21.7324572 ], [ 88.3008841, 21.7253974 ], [ 88.299133, 21.7194088 ], [ 88.2992852, 21.7149249 ], [ 88.2959641, 21.7169192 ], [ 88.2919245, 21.7163075 ], [ 88.2918932, 21.7120628 ], [ 88.2797582, 21.7349235 ], [ 88.2813814, 21.7434183 ], [ 88.285007, 21.7502796 ], [ 88.2841905, 21.7508592 ], [ 88.2866049, 21.7690055 ], [ 88.2891128, 21.7787516 ], [ 88.2978064, 21.7680945 ] ] ], [ [ [ 88.1981346, 21.7690535 ], [ 88.1974703, 21.7648406 ], [ 88.1943558, 21.7620648 ], [ 88.1926476, 21.7581911 ], [ 88.1945088, 21.7688428 ], [ 88.1922494, 21.7647796 ], [ 88.191012, 21.765218 ], [ 88.1901627, 21.7686773 ], [ 88.1926091, 21.7797126 ], [ 88.1981346, 21.7690535 ] ] ], [ [ [ 88.6084001, 21.7845872 ], [ 88.6186113, 21.7834862 ], [ 88.6215219, 21.7811608 ], [ 88.6256846, 21.7711994 ], [ 88.6252689, 21.7655549 ], [ 88.6276812, 21.7614095 ], [ 88.6297451, 21.7514705 ], [ 88.6298752, 21.7361412 ], [ 88.6275649, 21.729309 ], [ 88.6125557, 21.7088163 ], [ 88.6109181, 21.7047747 ], [ 88.6035389, 21.7077676 ], [ 88.5979615, 21.7129192 ], [ 88.5970572, 21.715678 ], [ 88.6202769, 21.72804 ], [ 88.6232055, 21.733093 ], [ 88.6217264, 21.7400471 ], [ 88.6156698, 21.745723 ], [ 88.602527, 21.7481194 ], [ 88.5990462, 21.7512696 ], [ 88.5873858, 21.7572098 ], [ 88.5888262, 21.7765935 ], [ 88.5904446, 21.7807776 ], [ 88.5946844, 21.7836882 ], [ 88.6084001, 21.7845872 ] ] ], [ [ [ 88.1815248, 21.7838259 ], [ 88.1763401, 21.7926013 ], [ 88.1790502, 21.7993333 ], [ 88.1856901, 21.790214 ], [ 88.1815248, 21.7838259 ] ] ], [ [ [ 88.4198845, 21.8115435 ], [ 88.4260395, 21.8091936 ], [ 88.4275358, 21.8013857 ], [ 88.4299914, 21.7992716 ], [ 88.4345651, 21.7981276 ], [ 88.4418171, 21.8004936 ], [ 88.4471267, 21.7973641 ], [ 88.4555742, 21.7891284 ], [ 88.4622173, 21.7888541 ], [ 88.4664218, 21.793521 ], [ 88.47144, 21.7924661 ], [ 88.4627744, 21.7826177 ], [ 88.4582514, 21.7694163 ], [ 88.4586251, 21.7636091 ], [ 88.4553514, 21.7529041 ], [ 88.4530498, 21.7515911 ], [ 88.4558205, 21.7500275 ], [ 88.4527956, 21.7184115 ], [ 88.4549136, 21.7051397 ], [ 88.4574419, 21.7038729 ], [ 88.4592836, 21.7005187 ], [ 88.4600261, 21.6961559 ], [ 88.4659878, 21.6874472 ], [ 88.4715063, 21.673877 ], [ 88.4689811, 21.6694298 ], [ 88.4688909, 21.6664888 ], [ 88.4669647, 21.667411 ], [ 88.4651388, 21.6662957 ], [ 88.4644661, 21.6565705 ], [ 88.4600298, 21.6484627 ], [ 88.4594585, 21.639755 ], [ 88.4533603, 21.6258172 ], [ 88.4556737, 21.6259516 ], [ 88.4552911, 21.62401 ], [ 88.4501609, 21.6117703 ], [ 88.4474647, 21.6085381 ], [ 88.4397667, 21.6067937 ], [ 88.433995, 21.6037115 ], [ 88.4271579, 21.6053214 ], [ 88.4346341, 21.6081502 ], [ 88.4394555, 21.6131609 ], [ 88.4411624, 21.6181457 ], [ 88.4411307, 21.6228284 ], [ 88.4369186, 21.6324892 ], [ 88.4203829, 21.6531446 ], [ 88.4210202, 21.6676037 ], [ 88.4191406, 21.6829259 ], [ 88.4198434, 21.6901779 ], [ 88.4288515, 21.6956167 ], [ 88.4328597, 21.7021902 ], [ 88.4324884, 21.7043804 ], [ 88.4300795, 21.7107483 ], [ 88.4267805, 21.715125 ], [ 88.4266204, 21.7184226 ], [ 88.4213844, 21.7207757 ], [ 88.4116209, 21.7344604 ], [ 88.4031733, 21.7383816 ], [ 88.4011444, 21.7446902 ], [ 88.4025138, 21.7508509 ], [ 88.4053128, 21.7544737 ], [ 88.4036499, 21.754194 ], [ 88.4031572, 21.7561087 ], [ 88.4001696, 21.7544429 ], [ 88.3965687, 21.7558477 ], [ 88.3955631, 21.7619127 ], [ 88.3886083, 21.7685103 ], [ 88.3881737, 21.7733375 ], [ 88.3849346, 21.7742183 ], [ 88.3834168, 21.7776909 ], [ 88.3870624, 21.7827753 ], [ 88.3993684, 21.7926317 ], [ 88.4178288, 21.810099 ], [ 88.4198845, 21.8115435 ] ] ], [ [ [ 88.6001748, 21.6394183 ], [ 88.6048234, 21.6268788 ], [ 88.6077983, 21.6253582 ], [ 88.6087356, 21.619941 ], [ 88.6060834, 21.6145585 ], [ 88.6026709, 21.6125401 ], [ 88.5966886, 21.6125976 ], [ 88.5949246, 21.6154118 ], [ 88.586999, 21.6201499 ], [ 88.5818729, 21.6256069 ], [ 88.566817, 21.6350741 ], [ 88.5628341, 21.6356709 ], [ 88.556486, 21.6389009 ], [ 88.5492999, 21.6384086 ], [ 88.5423449, 21.6408977 ], [ 88.5311, 21.6527507 ], [ 88.5262193, 21.6628662 ], [ 88.529859, 21.667495 ], [ 88.530892, 21.6708423 ], [ 88.5288383, 21.6829012 ], [ 88.5258834, 21.6864736 ], [ 88.5281408, 21.6924237 ], [ 88.5234372, 21.7004904 ], [ 88.5185846, 21.7134097 ], [ 88.5191346, 21.7277722 ], [ 88.5181682, 21.7307665 ], [ 88.5132302, 21.7356631 ], [ 88.5128724, 21.7392792 ], [ 88.508186, 21.7492047 ], [ 88.5062855, 21.7583588 ], [ 88.5078171, 21.7712108 ], [ 88.5161715, 21.7873567 ], [ 88.5422679, 21.811443 ], [ 88.555409, 21.8077765 ], [ 88.5569741, 21.8047779 ], [ 88.5618419, 21.8024942 ], [ 88.5732712, 21.7884925 ], [ 88.5740415, 21.7858744 ], [ 88.5645891, 21.7796236 ], [ 88.5617538, 21.7759207 ], [ 88.5599046, 21.7710895 ], [ 88.56007, 21.7679175 ], [ 88.5616044, 21.762122 ], [ 88.5681209, 21.7555333 ], [ 88.5726286, 21.7478445 ], [ 88.5737651, 21.7422391 ], [ 88.5720569, 21.7319986 ], [ 88.573552, 21.72266 ], [ 88.5796814, 21.71738 ], [ 88.5834708, 21.7171573 ], [ 88.5884126, 21.7128208 ], [ 88.5887155, 21.7040529 ], [ 88.5924204, 21.696185 ], [ 88.6086198, 21.6814827 ], [ 88.6053967, 21.6787166 ], [ 88.6071612, 21.6759022 ], [ 88.6026858, 21.6681131 ], [ 88.5910073, 21.6583416 ], [ 88.5933702, 21.6555217 ], [ 88.5944974, 21.6491703 ], [ 88.6001748, 21.6394183 ] ] ], [ [ [ 88.4825049, 21.8350234 ], [ 88.4877809, 21.8342839 ], [ 88.490814, 21.8289399 ], [ 88.4981533, 21.8211192 ], [ 88.499898, 21.8113307 ], [ 88.4878288, 21.8024173 ], [ 88.4854568, 21.7988606 ], [ 88.4806727, 21.8005291 ], [ 88.4639261, 21.8002145 ], [ 88.4532311, 21.8107863 ], [ 88.4518883, 21.8136362 ], [ 88.4676043, 21.8207495 ], [ 88.4751237, 21.8339804 ], [ 88.4825049, 21.8350234 ] ] ], [ [ [ 88.1996671, 21.835947 ], [ 88.2010894, 21.8271545 ], [ 88.2022767, 21.8227287 ], [ 88.2017927, 21.8179027 ], [ 88.1976824, 21.8227398 ], [ 88.195555, 21.8235445 ], [ 88.1920616, 21.8304006 ], [ 88.1972899, 21.8405224 ], [ 88.1979081, 21.8389506 ], [ 88.1996671, 21.835947 ] ] ], [ [ [ 88.190722, 21.8305591 ], [ 88.1861868, 21.8337353 ], [ 88.1781429, 21.8447154 ], [ 88.1721203, 21.8577401 ], [ 88.1672703, 21.8638645 ], [ 88.1663624, 21.8697394 ], [ 88.1716679, 21.8649922 ], [ 88.1808256, 21.8530051 ], [ 88.1946683, 21.8403835 ], [ 88.1951223, 21.8390421 ], [ 88.190722, 21.8305591 ] ] ], [ [ [ 88.1478605, 21.8512967 ], [ 88.1571049, 21.832095 ], [ 88.16693, 21.8237029 ], [ 88.1686599, 21.8184418 ], [ 88.1683446, 21.8135812 ], [ 88.1710025, 21.8093151 ], [ 88.167253, 21.8029491 ], [ 88.165602, 21.7948259 ], [ 88.1689102, 21.7815537 ], [ 88.1688253, 21.755643 ], [ 88.1676549, 21.7537287 ], [ 88.1712519, 21.7400964 ], [ 88.1706079, 21.7363215 ], [ 88.1671221, 21.7322312 ], [ 88.1653259, 21.7209108 ], [ 88.1574944, 21.7082551 ], [ 88.1527419, 21.6951605 ], [ 88.153242, 21.6819565 ], [ 88.1489079, 21.6800876 ], [ 88.1341949, 21.6784792 ], [ 88.1347344, 21.6764869 ], [ 88.1408584, 21.6748323 ], [ 88.1413654, 21.671441 ], [ 88.1433121, 21.6699642 ], [ 88.1421326, 21.6634707 ], [ 88.1441035, 21.6621745 ], [ 88.143445, 21.6492868 ], [ 88.1451064, 21.6469565 ], [ 88.1450763, 21.6389773 ], [ 88.1426082, 21.6390814 ], [ 88.1405839, 21.6323532 ], [ 88.1348749, 21.628014 ], [ 88.1262154, 21.6290979 ], [ 88.1238973, 21.6257337 ], [ 88.1186814, 21.6254039 ], [ 88.0913404, 21.6304308 ], [ 88.0903017, 21.6314151 ], [ 88.0914356, 21.6386957 ], [ 88.0818291, 21.6359648 ], [ 88.0788161, 21.6336428 ], [ 88.0703876, 21.6347827 ], [ 88.0698124, 21.6360063 ], [ 88.0609778, 21.6378454 ], [ 88.0413518, 21.6495322 ], [ 88.0432392, 21.6518722 ], [ 88.0416672, 21.6553892 ], [ 88.043283, 21.6596347 ], [ 88.0431826, 21.6662186 ], [ 88.0446703, 21.6665805 ], [ 88.045079, 21.6698862 ], [ 88.0419144, 21.6705124 ], [ 88.041351, 21.6755561 ], [ 88.0451723, 21.6759689 ], [ 88.0433497, 21.6780091 ], [ 88.0463353, 21.6869651 ], [ 88.051007, 21.6876176 ], [ 88.0497651, 21.6882311 ], [ 88.0542523, 21.7002946 ], [ 88.0550173, 21.7071045 ], [ 88.0569295, 21.7097154 ], [ 88.0562377, 21.711571 ], [ 88.0539276, 21.7118591 ], [ 88.0552133, 21.7209451 ], [ 88.0599404, 21.7299603 ], [ 88.0639169, 21.7314983 ], [ 88.0655307, 21.7336427 ], [ 88.0655879, 21.7354625 ], [ 88.0627169, 21.735466 ], [ 88.0634458, 21.7374486 ], [ 88.0699551, 21.7402778 ], [ 88.0716578, 21.749409 ], [ 88.0764907, 21.7517573 ], [ 88.0734089, 21.759031 ], [ 88.0768105, 21.7774198 ], [ 88.0800239, 21.7822027 ], [ 88.0840277, 21.7840806 ], [ 88.0849616, 21.7940305 ], [ 88.0923461, 21.8089698 ], [ 88.0961025, 21.8131791 ], [ 88.1017957, 21.8325474 ], [ 88.1138754, 21.8507331 ], [ 88.1171356, 21.8512165 ], [ 88.120995, 21.8627179 ], [ 88.1258566, 21.8681683 ], [ 88.1318072, 21.8735734 ], [ 88.1359484, 21.8753478 ], [ 88.1371091, 21.8697349 ], [ 88.1411526, 21.8618369 ], [ 88.1409394, 21.8586488 ], [ 88.1431451, 21.8581836 ], [ 88.1478605, 21.8512967 ] ] ], [ [ [ 88.1742744, 21.8636893 ], [ 88.1692454, 21.868786 ], [ 88.1652813, 21.8791637 ], [ 88.1667713, 21.8786892 ], [ 88.174073, 21.867737 ], [ 88.1742744, 21.8636893 ] ] ], [ [ [ 88.5611833, 21.8803194 ], [ 88.5744204, 21.8796559 ], [ 88.5751368, 21.8785182 ], [ 88.5738484, 21.8694234 ], [ 88.5739549, 21.8560573 ], [ 88.5662144, 21.8470777 ], [ 88.5647338, 21.8482647 ], [ 88.5651481, 21.8520037 ], [ 88.5641144, 21.8489193 ], [ 88.5653491, 21.8457543 ], [ 88.5587689, 21.8295046 ], [ 88.5566854, 21.827693 ], [ 88.5518805, 21.8324323 ], [ 88.5582551, 21.8422519 ], [ 88.5599727, 21.8515096 ], [ 88.5539001, 21.868084 ], [ 88.5540544, 21.8756744 ], [ 88.5566896, 21.8786061 ], [ 88.5611833, 21.8803194 ] ] ], [ [ [ 88.5624095, 21.89719 ], [ 88.5704257, 21.9004938 ], [ 88.575593, 21.8880552 ], [ 88.5761512, 21.8830612 ], [ 88.5743425, 21.8811008 ], [ 88.5587396, 21.8813932 ], [ 88.5548944, 21.8794272 ], [ 88.552975, 21.8766764 ], [ 88.5524235, 21.867356 ], [ 88.5576152, 21.8553423 ], [ 88.558541, 21.8500092 ], [ 88.5577654, 21.8448437 ], [ 88.5502702, 21.8321515 ], [ 88.5544142, 21.8241156 ], [ 88.5541709, 21.8173286 ], [ 88.5519952, 21.8166231 ], [ 88.5487737, 21.817868 ], [ 88.5448316, 21.8279088 ], [ 88.5388126, 21.8323264 ], [ 88.5396046, 21.8342505 ], [ 88.5395064, 21.8366483 ], [ 88.5426971, 21.8392599 ], [ 88.5440008, 21.8429904 ], [ 88.5423827, 21.8391107 ], [ 88.5391387, 21.8369416 ], [ 88.5379179, 21.8322899 ], [ 88.5356585, 21.8335033 ], [ 88.5335618, 21.8373495 ], [ 88.5308949, 21.8476525 ], [ 88.5432589, 21.8545951 ], [ 88.5443629, 21.8608904 ], [ 88.5415134, 21.8695498 ], [ 88.5482394, 21.8755183 ], [ 88.5504676, 21.8793801 ], [ 88.548782, 21.8919687 ], [ 88.5414427, 21.8989822 ], [ 88.5414311, 21.9021883 ], [ 88.542998, 21.9037741 ], [ 88.545069, 21.9038067 ], [ 88.5624095, 21.89719 ] ] ], [ [ [ 88.6485881, 21.9178597 ], [ 88.6700918, 21.9142181 ], [ 88.670068, 21.9124188 ], [ 88.6659519, 21.9019573 ], [ 88.6566723, 21.8844343 ], [ 88.6547595, 21.875381 ], [ 88.6527899, 21.8724914 ], [ 88.6546366, 21.8651126 ], [ 88.6515879, 21.8597666 ], [ 88.648864, 21.8246492 ], [ 88.6458982, 21.8156094 ], [ 88.6448623, 21.8076846 ], [ 88.6445649, 21.7879378 ], [ 88.6314043, 21.7910184 ], [ 88.621091, 21.7966449 ], [ 88.6155123, 21.7978822 ], [ 88.610023, 21.7986762 ], [ 88.5965328, 21.7970893 ], [ 88.5919731, 21.7976438 ], [ 88.58631, 21.8015213 ], [ 88.5782212, 21.8134901 ], [ 88.576827, 21.8179285 ], [ 88.5802067, 21.8347275 ], [ 88.5848129, 21.8449837 ], [ 88.5918583, 21.8525309 ], [ 88.6030574, 21.8744831 ], [ 88.6170276, 21.8960463 ], [ 88.6311712, 21.9101487 ], [ 88.6366405, 21.9217753 ], [ 88.6385178, 21.9222048 ], [ 88.6485881, 21.9178597 ] ] ], [ [ [ 88.1246222, 21.9306139 ], [ 88.1315043, 21.9296837 ], [ 88.1366388, 21.9255789 ], [ 88.1370548, 21.921289 ], [ 88.1386664, 21.9229732 ], [ 88.145015, 21.9173372 ], [ 88.1376971, 21.9044776 ], [ 88.1333274, 21.9004003 ], [ 88.1300129, 21.8991315 ], [ 88.1266259, 21.8999714 ], [ 88.1230257, 21.9069931 ], [ 88.1190963, 21.9098875 ], [ 88.1153986, 21.9192435 ], [ 88.1168065, 21.923881 ], [ 88.1246222, 21.9306139 ] ] ], [ [ [ 88.9174357, 21.9287531 ], [ 88.937311, 21.9147516 ], [ 88.9838573, 21.895246 ], [ 89.0248239, 21.8713098 ], [ 89.0313432, 21.8639624 ], [ 89.0295118, 21.854054 ], [ 89.0275251, 21.8502414 ], [ 89.0291491, 21.8454816 ], [ 89.0284407, 21.8314032 ], [ 89.022354, 21.8216548 ], [ 89.0183285, 21.8177237 ], [ 89.0160401, 21.812764 ], [ 89.0123661, 21.7942262 ], [ 89.0192782, 21.7704426 ], [ 89.0194595, 21.766152 ], [ 89.0225252, 21.7609232 ], [ 89.0244501, 21.7604482 ], [ 89.0323022, 21.7522266 ], [ 89.037746, 21.7444856 ], [ 89.0559238, 21.7325241 ], [ 89.0556118, 21.7275625 ], [ 89.058965, 21.7257152 ], [ 89.0615716, 21.7222972 ], [ 89.0640941, 21.7129992 ], [ 89.0702726, 21.7061548 ], [ 89.0716594, 21.7018514 ], [ 89.071862, 21.699142 ], [ 89.0676433, 21.6910738 ], [ 89.0726949, 21.6898829 ], [ 89.0812592, 21.6812036 ], [ 89.0935561, 21.6636795 ], [ 89.0941989, 21.6413393 ], [ 89.0878262, 21.6344266 ], [ 89.0797915, 21.629339 ], [ 89.0780482, 21.625526 ], [ 89.0681314, 21.6173798 ], [ 89.0607204, 21.6157257 ], [ 89.050495, 21.6155666 ], [ 89.0506713, 21.6195149 ], [ 89.0488038, 21.6239398 ], [ 89.037883, 21.6318271 ], [ 89.03195, 21.6350391 ], [ 89.029177, 21.6351291 ], [ 89.0242558, 21.6455734 ], [ 89.0270074, 21.6525379 ], [ 89.0264829, 21.6581878 ], [ 89.0240701, 21.6582172 ], [ 89.0213281, 21.6519299 ], [ 89.0199616, 21.6404336 ], [ 89.023251, 21.6340727 ], [ 89.0351987, 21.6258001 ], [ 89.0365417, 21.6183341 ], [ 89.0276725, 21.6051237 ], [ 89.0237822, 21.6029137 ], [ 88.9979755, 21.6032257 ], [ 88.9979172, 21.6165453 ], [ 88.999145, 21.6181108 ], [ 88.997268, 21.6219711 ], [ 88.9953413, 21.62222 ], [ 88.9894656, 21.6159695 ], [ 88.979808, 21.6154075 ], [ 88.9541532, 21.6272243 ], [ 88.9387231, 21.6461424 ], [ 88.9429666, 21.6567031 ], [ 88.9435217, 21.6621146 ], [ 88.9528285, 21.6811941 ], [ 88.9513095, 21.6938539 ], [ 88.9490054, 21.702008 ], [ 88.94639, 21.7049735 ], [ 88.9368375, 21.7126733 ], [ 88.9212624, 21.7215208 ], [ 88.930909, 21.7387913 ], [ 88.9317087, 21.7444257 ], [ 88.9312983, 21.7498485 ], [ 88.9208401, 21.7623866 ], [ 88.9162073, 21.7590541 ], [ 88.9159149, 21.7552197 ], [ 88.9173126, 21.7513657 ], [ 88.9222958, 21.7447611 ], [ 88.9220154, 21.7418296 ], [ 88.9143935, 21.7315334 ], [ 88.9137643, 21.7204788 ], [ 88.9146731, 21.716179 ], [ 88.925886, 21.706116 ], [ 88.9351615, 21.7028163 ], [ 88.9394883, 21.6966372 ], [ 88.9401325, 21.6890416 ], [ 88.9329576, 21.6642621 ], [ 88.928597, 21.655196 ], [ 88.922967, 21.6323077 ], [ 88.9174949, 21.6321284 ], [ 88.9090784, 21.6399154 ], [ 88.9047277, 21.645895 ], [ 88.8910687, 21.6523948 ], [ 88.8841326, 21.6611737 ], [ 88.8796938, 21.6853419 ], [ 88.8714509, 21.6948293 ], [ 88.8696481, 21.7041675 ], [ 88.8716142, 21.7190874 ], [ 88.8802605, 21.7458607 ], [ 88.8772203, 21.7666134 ], [ 88.8733431, 21.7719644 ], [ 88.8583167, 21.7810353 ], [ 88.8350565, 21.7827922 ], [ 88.8349058, 21.7858041 ], [ 88.8390228, 21.7944389 ], [ 88.8415302, 21.8156344 ], [ 88.8373921, 21.8319255 ], [ 88.8367997, 21.8430263 ], [ 88.8429781, 21.8555404 ], [ 88.8537392, 21.8662487 ], [ 88.8545063, 21.8796782 ], [ 88.853155, 21.8888897 ], [ 88.8496362, 21.8964753 ], [ 88.8398694, 21.9063896 ], [ 88.8254273, 21.913877 ], [ 88.8224944, 21.9186175 ], [ 88.8190052, 21.9292604 ], [ 88.8197473, 21.9306059 ], [ 88.8215884, 21.930186 ], [ 88.8386058, 21.9178034 ], [ 88.8492973, 21.9127176 ], [ 88.8596914, 21.9127132 ], [ 88.8748929, 21.9198765 ], [ 88.8847593, 21.9164908 ], [ 88.8919012, 21.9173117 ], [ 88.9084323, 21.9243436 ], [ 88.9118203, 21.9308823 ], [ 88.9174357, 21.9287531 ] ] ], [ [ [ 88.5679584, 21.9584816 ], [ 88.5753546, 21.9595271 ], [ 88.590992, 21.9514756 ], [ 88.5948799, 21.9471234 ], [ 88.5999495, 21.937312 ], [ 88.6059761, 21.9316685 ], [ 88.6099793, 21.9247105 ], [ 88.6091912, 21.9184564 ], [ 88.6015862, 21.9054957 ], [ 88.5836235, 21.8916428 ], [ 88.5765491, 21.8933929 ], [ 88.5729788, 21.9049919 ], [ 88.5667869, 21.9123595 ], [ 88.5626383, 21.9154962 ], [ 88.5521302, 21.9197996 ], [ 88.5500963, 21.9223816 ], [ 88.5507957, 21.9358699 ], [ 88.5448447, 21.9491652 ], [ 88.5426697, 21.9602769 ], [ 88.5443772, 21.9708576 ], [ 88.5494252, 21.9731178 ], [ 88.5563046, 21.9729041 ], [ 88.5634262, 21.9614421 ], [ 88.5679584, 21.9584816 ] ] ], [ [ [ 88.6031786, 21.9911827 ], [ 88.5991581, 21.9753101 ], [ 88.5986077, 21.9675795 ], [ 88.6000756, 21.9620526 ], [ 88.6060942, 21.951004 ], [ 88.6150308, 21.937508 ], [ 88.6136805, 21.9356791 ], [ 88.6095019, 21.935331 ], [ 88.6144987, 21.9337601 ], [ 88.6129065, 21.9316241 ], [ 88.6102731, 21.9327205 ], [ 88.6093466, 21.9308433 ], [ 88.611179, 21.9298673 ], [ 88.6103854, 21.9293028 ], [ 88.6074812, 21.9315829 ], [ 88.6087538, 21.9311927 ], [ 88.6097819, 21.932939 ], [ 88.608131, 21.9353266 ], [ 88.6045091, 21.9345899 ], [ 88.6005689, 21.9378585 ], [ 88.5956931, 21.9471958 ], [ 88.5919698, 21.9515481 ], [ 88.5764869, 21.9606428 ], [ 88.5763627, 21.9696964 ], [ 88.5778016, 21.9706705 ], [ 88.575999, 21.9714483 ], [ 88.5758278, 21.9763792 ], [ 88.578077, 21.9820875 ], [ 88.5842485, 21.9867583 ], [ 88.5862085, 21.9900776 ], [ 88.5881112, 21.9904574 ], [ 88.5938346, 21.9883228 ], [ 88.5958099, 21.9885852 ], [ 88.5969715, 21.9905045 ], [ 88.5996392, 21.9914983 ], [ 88.6029935, 21.9974502 ], [ 88.6071002, 22.0000467 ], [ 88.6031786, 21.9911827 ] ] ], [ [ [ 88.9875878, 21.9714666 ], [ 88.9924351, 21.9724231 ], [ 89.0044793, 21.9824284 ], [ 89.0065367, 21.9826288 ], [ 89.0097676, 21.9803333 ], [ 89.0099679, 21.977398 ], [ 88.9942025, 21.964844 ], [ 88.9887528, 21.9553221 ], [ 88.9885724, 21.9510379 ], [ 88.991121, 21.9440809 ], [ 89.0068546, 21.9373517 ], [ 89.0169699, 21.9264067 ], [ 89.0193109, 21.92108 ], [ 89.0163996, 21.9116473 ], [ 89.0130784, 21.9074046 ], [ 89.0122936, 21.9030116 ], [ 88.9948254, 21.9061566 ], [ 88.982503, 21.9146517 ], [ 88.9676259, 21.9219359 ], [ 88.9644023, 21.9246687 ], [ 88.9464807, 21.9287823 ], [ 88.9363106, 21.9360031 ], [ 88.9288227, 21.9451078 ], [ 88.9284247, 21.9514241 ], [ 88.9249369, 21.9612728 ], [ 88.9248678, 21.9651079 ], [ 88.9261076, 21.9674615 ], [ 88.9364642, 21.9745684 ], [ 88.9408877, 21.9793538 ], [ 88.9443624, 21.9860788 ], [ 88.9448231, 21.9932906 ], [ 88.9436363, 22.0008705 ], [ 88.9538982, 21.9999589 ], [ 88.9561558, 21.9971119 ], [ 88.964837, 21.9955417 ], [ 88.968854, 21.9888382 ], [ 88.9830698, 21.9855086 ], [ 88.9843864, 21.9845902 ], [ 88.9837839, 21.9760247 ], [ 88.9875878, 21.9714666 ] ] ], [ [ [ 89.8161323, 26.3427283 ], [ 89.8193669, 26.3368311 ], [ 89.819675, 26.3330219 ], [ 89.823026, 26.3297844 ], [ 89.8231213, 26.3279374 ], [ 89.8202391, 26.3232482 ], [ 89.8174147, 26.3209353 ], [ 89.8111389, 26.3237067 ], [ 89.8028315, 26.3296486 ], [ 89.7998344, 26.3297253 ], [ 89.796123, 26.3329919 ], [ 89.7980573, 26.337849 ], [ 89.7934108, 26.3413865 ], [ 89.7897213, 26.3418328 ], [ 89.7940804, 26.3438321 ], [ 89.7955856, 26.3493699 ], [ 89.8000068, 26.3506053 ], [ 89.8067406, 26.349102 ], [ 89.8161323, 26.3427283 ] ] ], [ [ [ 88.0343715, 27.2210369 ], [ 88.0438873, 27.2192288 ], [ 88.052825, 27.2134083 ], [ 88.0644985, 27.2144021 ], [ 88.0655208, 27.2091637 ], [ 88.0716906, 27.2041621 ], [ 88.0791661, 27.2010873 ], [ 88.0727233, 27.1872003 ], [ 88.0785492, 27.1801495 ], [ 88.0797626, 27.1743651 ], [ 88.077407, 27.1729022 ], [ 88.0871021, 27.1642189 ], [ 88.0877541, 27.1461513 ], [ 88.0889447, 27.1453891 ], [ 88.0888496, 27.1432637 ], [ 88.0967058, 27.1328012 ], [ 88.1008062, 27.1328426 ], [ 88.1052751, 27.1310699 ], [ 88.1117408, 27.131179 ], [ 88.1232905, 27.1211125 ], [ 88.1315105, 27.1216044 ], [ 88.1354893, 27.1204761 ], [ 88.1360134, 27.1152415 ], [ 88.1389078, 27.1139101 ], [ 88.1440415, 27.1156108 ], [ 88.1447217, 27.1119466 ], [ 88.1498352, 27.1138952 ], [ 88.1509689, 27.1099737 ], [ 88.1563493, 27.1100042 ], [ 88.1585942, 27.1134647 ], [ 88.1602075, 27.1125167 ], [ 88.1620763, 27.1133868 ], [ 88.167286, 27.1224332 ], [ 88.1706043, 27.1226262 ], [ 88.1723209, 27.1273593 ], [ 88.1758674, 27.1298083 ], [ 88.179186, 27.1298341 ], [ 88.1810079, 27.1324732 ], [ 88.1853595, 27.1307658 ], [ 88.1895772, 27.1332187 ], [ 88.192028, 27.1324821 ], [ 88.1946268, 27.1348499 ], [ 88.2014384, 27.131435 ], [ 88.2057167, 27.1334587 ], [ 88.2114939, 27.129886 ], [ 88.2137549, 27.1319648 ], [ 88.2157014, 27.1316568 ], [ 88.2194461, 27.1284686 ], [ 88.2195996, 27.1251112 ], [ 88.2300233, 27.1189805 ], [ 88.2417737, 27.1195038 ], [ 88.2485824, 27.1243511 ], [ 88.259056, 27.1252627 ], [ 88.2627753, 27.1278424 ], [ 88.2656602, 27.1276777 ], [ 88.2683868, 27.1295119 ], [ 88.2724833, 27.1281477 ], [ 88.2742057, 27.1308339 ], [ 88.2790061, 27.1318706 ], [ 88.2850724, 27.1269156 ], [ 88.2903318, 27.1278484 ], [ 88.2972228, 27.125181 ], [ 88.2991824, 27.1283274 ], [ 88.3022935, 27.1292902 ], [ 88.3108243, 27.1250707 ], [ 88.3153373, 27.1261513 ], [ 88.3164492, 27.1217882 ], [ 88.3228507, 27.1176394 ], [ 88.3224746, 27.1131989 ], [ 88.3236811, 27.1105009 ], [ 88.3210859, 27.1068629 ], [ 88.3215408, 27.1047467 ], [ 88.3294357, 27.1077684 ], [ 88.335371, 27.106755 ], [ 88.3378357, 27.1098286 ], [ 88.3413905, 27.1101229 ], [ 88.3456976, 27.10692 ], [ 88.3495214, 27.0998002 ], [ 88.3560406, 27.1010241 ], [ 88.35715, 27.1002121 ], [ 88.3568177, 27.0973782 ], [ 88.3587489, 27.0960112 ], [ 88.3748879, 27.0974833 ], [ 88.3873714, 27.0949424 ], [ 88.3992238, 27.0902525 ], [ 88.4110308, 27.088955 ], [ 88.4257942, 27.0814959 ], [ 88.4329466, 27.0792596 ], [ 88.4392648, 27.0824066 ], [ 88.4505279, 27.0838857 ], [ 88.4544529, 27.087859 ], [ 88.459577, 27.0905771 ], [ 88.4619727, 27.0983777 ], [ 88.4664484, 27.1027384 ], [ 88.4678693, 27.1139509 ], [ 88.4762426, 27.1223023 ], [ 88.4850867, 27.1209194 ], [ 88.487482, 27.1259173 ], [ 88.4977444, 27.1238159 ], [ 88.499668, 27.1309112 ], [ 88.5059308, 27.1366113 ], [ 88.5111957, 27.1372385 ], [ 88.51324, 27.1407508 ], [ 88.5176863, 27.1432271 ], [ 88.5192711, 27.1475152 ], [ 88.5219684, 27.148916 ], [ 88.5323535, 27.1500605 ], [ 88.5334592, 27.1549617 ], [ 88.5276408, 27.157399 ], [ 88.5313622, 27.1651403 ], [ 88.5275823, 27.1665095 ], [ 88.5207655, 27.1728896 ], [ 88.5246293, 27.1738897 ], [ 88.5314973, 27.1724145 ], [ 88.5350692, 27.1788921 ], [ 88.5396265, 27.1773788 ], [ 88.5405522, 27.1808224 ], [ 88.5429825, 27.1831839 ], [ 88.5519741, 27.1830986 ], [ 88.5582798, 27.1856107 ], [ 88.5672064, 27.1847664 ], [ 88.5810354, 27.1888102 ], [ 88.5833268, 27.187597 ], [ 88.5859396, 27.190391 ], [ 88.5871861, 27.1900439 ], [ 88.5871518, 27.1872056 ], [ 88.588792, 27.1863577 ], [ 88.590254, 27.1903335 ], [ 88.5928626, 27.1912186 ], [ 88.5943572, 27.1878933 ], [ 88.5979494, 27.1898119 ], [ 88.6016188, 27.1856657 ], [ 88.6037077, 27.1862345 ], [ 88.6143248, 27.1816919 ], [ 88.6187094, 27.1833392 ], [ 88.6200617, 27.1819404 ], [ 88.6222768, 27.1824549 ], [ 88.6228874, 27.1793594 ], [ 88.6259703, 27.1803657 ], [ 88.626712, 27.1775544 ], [ 88.6342395, 27.1725906 ], [ 88.6354883, 27.1667272 ], [ 88.6397834, 27.1648423 ], [ 88.6468112, 27.1661636 ], [ 88.6514474, 27.1648543 ], [ 88.6533536, 27.1619344 ], [ 88.6602595, 27.160552 ], [ 88.6628428, 27.161684 ], [ 88.6708432, 27.1727642 ], [ 88.6780102, 27.1783842 ], [ 88.6845097, 27.1798888 ], [ 88.6915322, 27.1783921 ], [ 88.7017313, 27.1738701 ], [ 88.7051639, 27.169085 ], [ 88.7101215, 27.166844 ], [ 88.7124793, 27.1624791 ], [ 88.7161397, 27.1597739 ], [ 88.7178059, 27.1433104 ], [ 88.7220064, 27.1417925 ], [ 88.7241118, 27.138339 ], [ 88.728962, 27.1362688 ], [ 88.7386248, 27.1353996 ], [ 88.7449862, 27.1414725 ], [ 88.7462357, 27.1441699 ], [ 88.7522463, 27.1428889 ], [ 88.754648, 27.141188 ], [ 88.7643879, 27.1401295 ], [ 88.7737405, 27.1352665 ], [ 88.7840059, 27.1345351 ], [ 88.7923463, 27.1354698 ], [ 88.8020333, 27.1394952 ], [ 88.8040614, 27.1388349 ], [ 88.805149, 27.1355364 ], [ 88.8075653, 27.1339024 ], [ 88.8116955, 27.1268668 ], [ 88.8201029, 27.1221319 ], [ 88.8261546, 27.1217166 ], [ 88.8343862, 27.1155216 ], [ 88.8398587, 27.1163576 ], [ 88.8427928, 27.1141178 ], [ 88.8424791, 27.1111527 ], [ 88.8469274, 27.1122873 ], [ 88.8512452, 27.1080307 ], [ 88.866611, 27.1103638 ], [ 88.8677077, 27.1124426 ], [ 88.870879, 27.1078768 ], [ 88.8711012, 27.101382 ], [ 88.873387, 27.0984441 ], [ 88.8738519, 27.0924081 ], [ 88.8756412, 27.0896448 ], [ 88.8740417, 27.0865869 ], [ 88.8742307, 27.0785973 ], [ 88.8769892, 27.0736228 ], [ 88.875027, 27.0704013 ], [ 88.8798398, 27.066151 ], [ 88.8811719, 27.0619966 ], [ 88.8787312, 27.0594036 ], [ 88.8791099, 27.0489919 ], [ 88.8763564, 27.0450407 ], [ 88.8768645, 27.0419934 ], [ 88.8810311, 27.0377143 ], [ 88.8782081, 27.0345651 ], [ 88.8761348, 27.0274688 ], [ 88.8747949, 27.0191418 ], [ 88.8753978, 27.0123285 ], [ 88.8735843, 27.0096645 ], [ 88.8718989, 26.9974491 ], [ 88.8702801, 26.9957457 ], [ 88.8744836, 26.9825657 ], [ 88.8724879, 26.9748625 ], [ 88.8735091, 26.9669421 ], [ 88.8711051, 26.9625242 ], [ 88.8717404, 26.9592113 ], [ 88.8741529, 26.9576029 ], [ 88.874886, 26.9486674 ], [ 88.8771322, 26.9443592 ], [ 88.8835235, 26.9481337 ], [ 88.8850151, 26.9563127 ], [ 88.8916221, 26.9628099 ], [ 88.8968766, 26.9657698 ], [ 88.8978108, 26.9689467 ], [ 88.9086528, 26.9794589 ], [ 88.9116853, 26.9867066 ], [ 88.9216838, 26.9939272 ], [ 88.9524753, 26.9684069 ], [ 88.9525583, 26.9626817 ], [ 88.9546566, 26.9578991 ], [ 88.9536058, 26.9473332 ], [ 88.9475967, 26.9420416 ], [ 88.9491396, 26.9378833 ], [ 88.9439238, 26.9341473 ], [ 88.9803462, 26.9171859 ], [ 88.9921628, 26.9221015 ], [ 89.0214867, 26.9406302 ], [ 89.0299865, 26.9231219 ], [ 89.0407641, 26.9229504 ], [ 89.050896, 26.91597 ], [ 89.0488585, 26.8991145 ], [ 89.0694465, 26.9036881 ], [ 89.0796284, 26.8970058 ], [ 89.0956988, 26.8916732 ], [ 89.0926872, 26.872446 ], [ 89.106249, 26.8603525 ], [ 89.1041345, 26.8568411 ], [ 89.100694, 26.8425262 ], [ 89.102866, 26.8415972 ], [ 89.1153736, 26.8242098 ], [ 89.1240882, 26.821992 ], [ 89.1343873, 26.807787 ], [ 89.1762954, 26.8191406 ], [ 89.1941528, 26.8109067 ], [ 89.2304308, 26.8183432 ], [ 89.2393595, 26.8186885 ], [ 89.2623953, 26.8137779 ], [ 89.2642034, 26.8181307 ], [ 89.268159, 26.8208696 ], [ 89.2730771, 26.8273655 ], [ 89.2763141, 26.8278458 ], [ 89.2785518, 26.8265748 ], [ 89.2810873, 26.8309641 ], [ 89.2953455, 26.8395969 ], [ 89.3057952, 26.8444186 ], [ 89.3121259, 26.845891 ], [ 89.3184953, 26.85132 ], [ 89.3231234, 26.851115 ], [ 89.3268098, 26.8432296 ], [ 89.3789818, 26.8621783 ], [ 89.3836379, 26.8590766 ], [ 89.3897322, 26.8419619 ], [ 89.4138236, 26.8403369 ], [ 89.4228509, 26.8360385 ], [ 89.4394792, 26.8403352 ], [ 89.4503502, 26.83081 ], [ 89.4489725, 26.8264049 ], [ 89.4500673, 26.8179866 ], [ 89.4610377, 26.8060801 ], [ 89.4695263, 26.802693 ], [ 89.4812127, 26.8017351 ], [ 89.4824917, 26.804573 ], [ 89.4860081, 26.8029645 ], [ 89.4946347, 26.8031702 ], [ 89.500936, 26.8054738 ], [ 89.5082341, 26.8122168 ], [ 89.5122183, 26.8143194 ], [ 89.5184283, 26.8123289 ], [ 89.5256063, 26.8149119 ], [ 89.5247842, 26.8140235 ], [ 89.5267074, 26.8125309 ], [ 89.533874, 26.8147342 ], [ 89.5390095, 26.812153 ], [ 89.5434919, 26.8120835 ], [ 89.548284, 26.8092525 ], [ 89.5509591, 26.8120967 ], [ 89.5601694, 26.8128602 ], [ 89.5620774, 26.8060873 ], [ 89.5651565, 26.8035682 ], [ 89.565901, 26.7993534 ], [ 89.5687496, 26.7994099 ], [ 89.5760256, 26.7956865 ], [ 89.5840018, 26.7942812 ], [ 89.5874739, 26.7919505 ], [ 89.5939063, 26.7921006 ], [ 89.5973221, 26.7905138 ], [ 89.6000347, 26.7872686 ], [ 89.6072017, 26.7876361 ], [ 89.6142178, 26.7858256 ], [ 89.6189358, 26.7817981 ], [ 89.6209155, 26.7775063 ], [ 89.6233017, 26.779817 ], [ 89.6318233, 26.7830554 ], [ 89.6349429, 26.781485 ], [ 89.6386326, 26.7822563 ], [ 89.6421552, 26.7804286 ], [ 89.6437154, 26.7774918 ], [ 89.6468463, 26.7768873 ], [ 89.6466958, 26.7780152 ], [ 89.650579, 26.7762962 ], [ 89.6528385, 26.7673597 ], [ 89.649913, 26.7664405 ], [ 89.6475151, 26.7634581 ], [ 89.6476542, 26.7616701 ], [ 89.6438877, 26.7603406 ], [ 89.6457156, 26.7527595 ], [ 89.6435224, 26.7485412 ], [ 89.6400392, 26.7465402 ], [ 89.6333978, 26.7456235 ], [ 89.6320134, 26.7436996 ], [ 89.6266715, 26.7419816 ], [ 89.6224167, 26.738946 ], [ 89.6218816, 26.7349237 ], [ 89.6174485, 26.7293069 ], [ 89.6170515, 26.7280696 ], [ 89.6231081, 26.7234523 ], [ 89.6240068, 26.7184846 ], [ 89.627404, 26.717546 ], [ 89.6293984, 26.7194889 ], [ 89.6311022, 26.7188277 ], [ 89.6351329, 26.7250073 ], [ 89.6396855, 26.722366 ], [ 89.6447923, 26.7220664 ], [ 89.6480047, 26.7205379 ], [ 89.6499523, 26.7173378 ], [ 89.6578742, 26.7186529 ], [ 89.6597029, 26.7194734 ], [ 89.6691454, 26.7314979 ], [ 89.6697533, 26.7387368 ], [ 89.6717555, 26.7398096 ], [ 89.6768491, 26.7396769 ], [ 89.6899004, 26.7330678 ], [ 89.700275, 26.7373435 ], [ 89.7077002, 26.7311836 ], [ 89.71791, 26.7297579 ], [ 89.7184607, 26.7273453 ], [ 89.7240839, 26.7222884 ], [ 89.7311947, 26.7256066 ], [ 89.7321491, 26.7247241 ], [ 89.734097, 26.7270904 ], [ 89.7388117, 26.729175 ], [ 89.7447309, 26.7288198 ], [ 89.748837, 26.7336538 ], [ 89.7528047, 26.735313 ], [ 89.758678, 26.728829 ], [ 89.7580411, 26.7245664 ], [ 89.7551573, 26.72188 ], [ 89.7548436, 26.7174875 ], [ 89.7615973, 26.7141358 ], [ 89.7666692, 26.7041133 ], [ 89.7713717, 26.7010043 ], [ 89.8065866, 26.710593 ], [ 89.8123485, 26.7106296 ], [ 89.863334, 26.7008473 ], [ 89.8745784, 26.6836198 ], [ 89.8723533, 26.6724778 ], [ 89.8741869, 26.6667151 ], [ 89.8701289, 26.6578294 ], [ 89.8704605, 26.6553293 ], [ 89.8769343, 26.6485062 ], [ 89.8752369, 26.6445666 ], [ 89.8716362, 26.6426215 ], [ 89.8672239, 26.6351011 ], [ 89.859164, 26.6295561 ], [ 89.8582511, 26.623378 ], [ 89.8641533, 26.6157334 ], [ 89.8784216, 26.6155338 ], [ 89.8795334, 26.6092974 ], [ 89.8737749, 26.5913356 ], [ 89.8826022, 26.5833931 ], [ 89.872921, 26.5783037 ], [ 89.8711557, 26.5790684 ], [ 89.8659908, 26.5767735 ], [ 89.8644875, 26.5732433 ], [ 89.8673645, 26.5694782 ], [ 89.8689925, 26.5538737 ], [ 89.863201, 26.5416789 ], [ 89.8658574, 26.5322813 ], [ 89.8629397, 26.5300344 ], [ 89.8561005, 26.5184281 ], [ 89.8560359, 26.5147817 ], [ 89.8587801, 26.5126069 ], [ 89.8567596, 26.5066045 ], [ 89.8568173, 26.501517 ], [ 89.8588422, 26.4999086 ], [ 89.8543645, 26.4933959 ], [ 89.8541398, 26.48817 ], [ 89.8563269, 26.485395 ], [ 89.8623651, 26.4835499 ], [ 89.861593, 26.48188 ], [ 89.8648238, 26.469118 ], [ 89.8686346, 26.4686128 ], [ 89.8724405, 26.4644972 ], [ 89.8729571, 26.4626379 ], [ 89.8704303, 26.4566989 ], [ 89.8720349, 26.4513873 ], [ 89.8642043, 26.4467567 ], [ 89.8626557, 26.4429205 ], [ 89.8585554, 26.4395715 ], [ 89.8586965, 26.4355551 ], [ 89.8556792, 26.4326033 ], [ 89.8577199, 26.4299319 ], [ 89.8558711, 26.4249178 ], [ 89.8518216, 26.4226698 ], [ 89.8491551, 26.4227911 ], [ 89.8497621, 26.4204582 ], [ 89.8567148, 26.4149354 ], [ 89.8574771, 26.4119796 ], [ 89.8352544, 26.4120203 ], [ 89.8329659, 26.4083821 ], [ 89.8324279, 26.4000149 ], [ 89.8299535, 26.3970041 ], [ 89.8303107, 26.3935834 ], [ 89.8321854, 26.3918194 ], [ 89.8376024, 26.390977 ], [ 89.843284, 26.3938036 ], [ 89.8471963, 26.3989041 ], [ 89.8478114, 26.4041527 ], [ 89.8498812, 26.4035889 ], [ 89.854573, 26.3977003 ], [ 89.8573445, 26.3961303 ], [ 89.8554211, 26.3908725 ], [ 89.8588997, 26.3840269 ], [ 89.8544957, 26.3821624 ], [ 89.8514837, 26.3852533 ], [ 89.8470544, 26.3852525 ], [ 89.8450255, 26.3835958 ], [ 89.8443655, 26.378663 ], [ 89.843023, 26.3778143 ], [ 89.8396658, 26.3786213 ], [ 89.8352498, 26.3839588 ], [ 89.8320231, 26.3839172 ], [ 89.8280157, 26.3811315 ], [ 89.8259179, 26.3776332 ], [ 89.829478, 26.3707793 ], [ 89.8276412, 26.3663064 ], [ 89.8220717, 26.3631454 ], [ 89.8219682, 26.3596749 ], [ 89.8257724, 26.3548475 ], [ 89.8227633, 26.3516331 ], [ 89.8153793, 26.3525824 ], [ 89.8128322, 26.3570988 ], [ 89.8133058, 26.3615126 ], [ 89.8155836, 26.3643477 ], [ 89.819976, 26.3666285 ], [ 89.8219224, 26.3718102 ], [ 89.8201694, 26.3707218 ], [ 89.8134861, 26.370683 ], [ 89.8048187, 26.3628399 ], [ 89.7930489, 26.3586817 ], [ 89.7831811, 26.3513963 ], [ 89.7815411, 26.3416292 ], [ 89.7837274, 26.3320857 ], [ 89.7810665, 26.3278554 ], [ 89.7692555, 26.3242863 ], [ 89.769093, 26.3212941 ], [ 89.7642755, 26.3160689 ], [ 89.7603089, 26.3166029 ], [ 89.7553495, 26.3232147 ], [ 89.7512404, 26.3209502 ], [ 89.7541445, 26.302224 ], [ 89.7578439, 26.2981293 ], [ 89.760889, 26.2921024 ], [ 89.759805, 26.2897006 ], [ 89.7579632, 26.2890628 ], [ 89.7581248, 26.2877858 ], [ 89.7478026, 26.2912609 ], [ 89.7448438, 26.2968899 ], [ 89.7369089, 26.2926135 ], [ 89.7263217, 26.2947108 ], [ 89.721394, 26.2995114 ], [ 89.7258467, 26.3072165 ], [ 89.7237054, 26.3092804 ], [ 89.7198131, 26.3073199 ], [ 89.7178312, 26.2958176 ], [ 89.7241278, 26.2876405 ], [ 89.7350025, 26.2776724 ], [ 89.7385393, 26.2699435 ], [ 89.7342818, 26.2670269 ], [ 89.735573, 26.261493 ], [ 89.7340044, 26.2594092 ], [ 89.7220204, 26.2574591 ], [ 89.7146798, 26.2599369 ], [ 89.7125791, 26.2619103 ], [ 89.714464, 26.2657181 ], [ 89.7147124, 26.2699421 ], [ 89.7121953, 26.2710132 ], [ 89.7058527, 26.2704302 ], [ 89.7045418, 26.2638917 ], [ 89.7024228, 26.2610631 ], [ 89.7026158, 26.2578633 ], [ 89.705828, 26.2562053 ], [ 89.7144333, 26.2582537 ], [ 89.7170753, 26.2573674 ], [ 89.7184455, 26.2558457 ], [ 89.7164821, 26.2475345 ], [ 89.7178815, 26.2451508 ], [ 89.7192032, 26.2456554 ], [ 89.7262923, 26.2428661 ], [ 89.7318295, 26.239879 ], [ 89.732158, 26.2378299 ], [ 89.7271696, 26.2332381 ], [ 89.7141019, 26.2302466 ], [ 89.7136404, 26.2221235 ], [ 89.7100398, 26.2178428 ], [ 89.7044655, 26.2171916 ], [ 89.7037412, 26.2188888 ], [ 89.7011851, 26.2199373 ], [ 89.7003936, 26.2184484 ], [ 89.7018786, 26.2154201 ], [ 89.7074992, 26.2122797 ], [ 89.7128727, 26.2124571 ], [ 89.7257008, 26.2181849 ], [ 89.7317131, 26.2161633 ], [ 89.7332303, 26.2119921 ], [ 89.7309156, 26.2083924 ], [ 89.7272063, 26.2059626 ], [ 89.7191621, 26.2066224 ], [ 89.7116, 26.2029669 ], [ 89.7178122, 26.2013475 ], [ 89.7203689, 26.1956008 ], [ 89.7191107, 26.1922935 ], [ 89.7130745, 26.1877166 ], [ 89.7060965, 26.1877252 ], [ 89.6986005, 26.191177 ], [ 89.7031123, 26.1832796 ], [ 89.7035871, 26.1780338 ], [ 89.7085484, 26.1746539 ], [ 89.7092373, 26.1728078 ], [ 89.7136536, 26.1726562 ], [ 89.7223503, 26.1777097 ], [ 89.7255766, 26.1779784 ], [ 89.7324688, 26.1778245 ], [ 89.7365505, 26.1727894 ], [ 89.7289044, 26.1741084 ], [ 89.7274821, 26.1719612 ], [ 89.728864, 26.1679436 ], [ 89.7276082, 26.1673488 ], [ 89.7218418, 26.1674745 ], [ 89.716979, 26.1653626 ], [ 89.7167417, 26.1682388 ], [ 89.7128065, 26.1680728 ], [ 89.7104844, 26.1625675 ], [ 89.7099733, 26.1562206 ], [ 89.7083327, 26.1544477 ], [ 89.7013781, 26.1517548 ], [ 89.7001825, 26.1555015 ], [ 89.6971589, 26.1585342 ], [ 89.6813188, 26.1635862 ], [ 89.6810725, 26.1661309 ], [ 89.6842036, 26.1696156 ], [ 89.6978542, 26.1698951 ], [ 89.70206, 26.1739766 ], [ 89.6937551, 26.1757886 ], [ 89.6873896, 26.1815031 ], [ 89.682166, 26.1924194 ], [ 89.6833648, 26.1958837 ], [ 89.6863472, 26.1982231 ], [ 89.6831488, 26.1992049 ], [ 89.6811196, 26.1975344 ], [ 89.6781281, 26.1975304 ], [ 89.674642, 26.1995286 ], [ 89.6732113, 26.2030416 ], [ 89.6735204, 26.2056814 ], [ 89.6771601, 26.2096651 ], [ 89.6805704, 26.210228 ], [ 89.6857112, 26.2070058 ], [ 89.687263, 26.2097833 ], [ 89.6915042, 26.2116711 ], [ 89.6913872, 26.2135029 ], [ 89.6852091, 26.2086759 ], [ 89.6837849, 26.2087429 ], [ 89.6794102, 26.21479 ], [ 89.679031, 26.2240897 ], [ 89.6842839, 26.2200971 ], [ 89.6869227, 26.2198693 ], [ 89.6894249, 26.2212786 ], [ 89.6888802, 26.2227046 ], [ 89.6848527, 26.2225377 ], [ 89.6836959, 26.2236925 ], [ 89.687487, 26.2265078 ], [ 89.6857354, 26.226538 ], [ 89.6867046, 26.2285123 ], [ 89.6860506, 26.2306596 ], [ 89.6842401, 26.2276835 ], [ 89.6819886, 26.227516 ], [ 89.678714, 26.238207 ], [ 89.677337, 26.2338686 ], [ 89.6733994, 26.231597 ], [ 89.672405, 26.2290863 ], [ 89.6719085, 26.2200192 ], [ 89.6647854, 26.2209283 ], [ 89.6645598, 26.2197489 ], [ 89.6619965, 26.2192202 ], [ 89.6555662, 26.2190796 ], [ 89.6550927, 26.2204429 ], [ 89.6505093, 26.2209757 ], [ 89.6452818, 26.2256184 ], [ 89.6397478, 26.2260466 ], [ 89.6377018, 26.229098 ], [ 89.63444, 26.2294101 ], [ 89.6357952, 26.2235095 ], [ 89.6336466, 26.2185724 ], [ 89.6365051, 26.2176037 ], [ 89.6340796, 26.2151345 ], [ 89.6326908, 26.2099967 ], [ 89.6382592, 26.210438 ], [ 89.6391007, 26.2060473 ], [ 89.6379691, 26.2046944 ], [ 89.6395619, 26.2030502 ], [ 89.6395563, 26.1998875 ], [ 89.6417635, 26.1988718 ], [ 89.6441369, 26.1949063 ], [ 89.646442, 26.1950113 ], [ 89.6499961, 26.1902057 ], [ 89.647686, 26.189268 ], [ 89.6475008, 26.1876948 ], [ 89.6455614, 26.1885056 ], [ 89.6474512, 26.1851886 ], [ 89.6421525, 26.1855102 ], [ 89.6383447, 26.1867099 ], [ 89.637228, 26.1880217 ], [ 89.6379151, 26.1895515 ], [ 89.6351552, 26.1902654 ], [ 89.6358145, 26.193748 ], [ 89.6339622, 26.1946076 ], [ 89.6342028, 26.1955825 ], [ 89.6301818, 26.1957621 ], [ 89.6285328, 26.191826 ], [ 89.6328625, 26.1902883 ], [ 89.6276658, 26.1893108 ], [ 89.6278255, 26.1843001 ], [ 89.6296488, 26.1819111 ], [ 89.6323731, 26.1810968 ], [ 89.6331125, 26.1826967 ], [ 89.6333392, 26.1804398 ], [ 89.6378292, 26.1799291 ], [ 89.6377023, 26.1789012 ], [ 89.6391381, 26.1786094 ], [ 89.6403197, 26.1822455 ], [ 89.6439812, 26.1824655 ], [ 89.6498714, 26.179718 ], [ 89.6550955, 26.181383 ], [ 89.6558737, 26.1786967 ], [ 89.658661, 26.1762269 ], [ 89.6549404, 26.1733643 ], [ 89.655148, 26.1703821 ], [ 89.6513207, 26.1709161 ], [ 89.6501712, 26.1697718 ], [ 89.649325, 26.1644304 ], [ 89.6464329, 26.1644371 ], [ 89.6450466, 26.1657548 ], [ 89.6388712, 26.1668903 ], [ 89.6379165, 26.1721445 ], [ 89.6321633, 26.1718907 ], [ 89.6319487, 26.1736392 ], [ 89.6334186, 26.1733944 ], [ 89.6338217, 26.1749834 ], [ 89.6373736, 26.1761937 ], [ 89.6365597, 26.1787463 ], [ 89.6321169, 26.1802265 ], [ 89.6303081, 26.1795268 ], [ 89.6303782, 26.178321 ], [ 89.6256608, 26.1762652 ], [ 89.6239895, 26.1711154 ], [ 89.6220366, 26.171762 ], [ 89.6228244, 26.1732494 ], [ 89.6217167, 26.1735512 ], [ 89.6233416, 26.1742917 ], [ 89.6239077, 26.1791256 ], [ 89.6148254, 26.1785517 ], [ 89.6151183, 26.1764578 ], [ 89.6093289, 26.1785624 ], [ 89.6101955, 26.1803166 ], [ 89.6074558, 26.1791413 ], [ 89.608628, 26.1763728 ], [ 89.615153, 26.1758782 ], [ 89.6153968, 26.1730268 ], [ 89.6136237, 26.1731744 ], [ 89.6125538, 26.1748091 ], [ 89.6109795, 26.1743606 ], [ 89.6112489, 26.1685948 ], [ 89.6133192, 26.1676319 ], [ 89.6180712, 26.1691317 ], [ 89.6197599, 26.1677587 ], [ 89.6165124, 26.1659394 ], [ 89.6137779, 26.1661815 ], [ 89.6134988, 26.1620278 ], [ 89.6101507, 26.1618378 ], [ 89.6100131, 26.1596823 ], [ 89.6082449, 26.1582229 ], [ 89.6113951, 26.1575249 ], [ 89.60902, 26.1536238 ], [ 89.6070141, 26.1544347 ], [ 89.6080504, 26.158353 ], [ 89.606043, 26.1576536 ], [ 89.6046662, 26.1591017 ], [ 89.6044017, 26.1561488 ], [ 89.6008763, 26.1581445 ], [ 89.6000064, 26.160832 ], [ 89.5958043, 26.1608155 ], [ 89.591398, 26.1576131 ], [ 89.5962988, 26.1562382 ], [ 89.5976931, 26.1544067 ], [ 89.5984145, 26.1504607 ], [ 89.596662, 26.1499376 ], [ 89.5981808, 26.1463665 ], [ 89.5955954, 26.1398934 ], [ 89.598227, 26.1389926 ], [ 89.5983416, 26.1378138 ], [ 89.596597, 26.1350324 ], [ 89.6023237, 26.1270038 ], [ 89.6041665, 26.1257744 ], [ 89.6041438, 26.1247877 ], [ 89.6027052, 26.1249072 ], [ 89.6043107, 26.1246541 ], [ 89.6043725, 26.1257111 ], [ 89.6031976, 26.1269257 ], [ 89.6042855, 26.1286186 ], [ 89.6074826, 26.1251116 ], [ 89.6063328, 26.1224224 ], [ 89.6038914, 26.1238643 ], [ 89.6023587, 26.1218965 ], [ 89.6012898, 26.1234172 ], [ 89.6042397, 26.1174542 ], [ 89.6077419, 26.1186333 ], [ 89.608836, 26.1238294 ], [ 89.6120444, 26.1277007 ], [ 89.6135194, 26.1273667 ], [ 89.6135927, 26.1253733 ], [ 89.6166427, 26.120905 ], [ 89.6205124, 26.1197153 ], [ 89.6224349, 26.1257966 ], [ 89.625346, 26.1285966 ], [ 89.6292781, 26.1249495 ], [ 89.6303575, 26.1182725 ], [ 89.6276319, 26.1141402 ], [ 89.6162233, 26.1068587 ], [ 89.6100405, 26.1085802 ], [ 89.6052467, 26.1063685 ], [ 89.6044889, 26.1090086 ], [ 89.6030351, 26.1092264 ], [ 89.6031007, 26.111647 ], [ 89.6007176, 26.1118955 ], [ 89.6004802, 26.1131143 ], [ 89.5979479, 26.1127008 ], [ 89.597957, 26.1104758 ], [ 89.6007108, 26.10905 ], [ 89.5956069, 26.1078053 ], [ 89.6006534, 26.1075166 ], [ 89.6003102, 26.1040601 ], [ 89.5995271, 26.1032487 ], [ 89.5965357, 26.104301 ], [ 89.5938827, 26.1021613 ], [ 89.5974298, 26.0974019 ], [ 89.6058586, 26.0933263 ], [ 89.6086224, 26.0883931 ], [ 89.6102561, 26.0900394 ], [ 89.608849, 26.0940984 ], [ 89.6101372, 26.0959086 ], [ 89.617292, 26.0946873 ], [ 89.613451, 26.1013076 ], [ 89.6139612, 26.1036101 ], [ 89.6161928, 26.1041403 ], [ 89.6198016, 26.1005604 ], [ 89.6215112, 26.1003492 ], [ 89.6234277, 26.1029129 ], [ 89.6240888, 26.1078943 ], [ 89.6299588, 26.1070435 ], [ 89.6324543, 26.1017286 ], [ 89.6362246, 26.0993651 ], [ 89.6321033, 26.0972094 ], [ 89.6332369, 26.0943959 ], [ 89.6396759, 26.0900601 ], [ 89.6368778, 26.0892681 ], [ 89.6364703, 26.0858334 ], [ 89.6356891, 26.0863228 ], [ 89.6339406, 26.0841462 ], [ 89.6335659, 26.0808704 ], [ 89.637347, 26.0747707 ], [ 89.6482577, 26.0684606 ], [ 89.6497005, 26.0663128 ], [ 89.649901, 26.0624841 ], [ 89.6490849, 26.0613586 ], [ 89.6436992, 26.0630353 ], [ 89.6356666, 26.0607145 ], [ 89.6306265, 26.062657 ], [ 89.628161, 26.0612812 ], [ 89.6279061, 26.0576687 ], [ 89.6246954, 26.0570048 ], [ 89.620511, 26.0532773 ], [ 89.6176728, 26.0539576 ], [ 89.6163835, 26.0556615 ], [ 89.6178045, 26.0601111 ], [ 89.6116624, 26.0593673 ], [ 89.6098777, 26.0604194 ], [ 89.6085896, 26.0645666 ], [ 89.6053991, 26.0637535 ], [ 89.6060775, 26.059211 ], [ 89.6129259, 26.0569274 ], [ 89.6128262, 26.0526439 ], [ 89.6103038, 26.0504292 ], [ 89.6037399, 26.0485286 ], [ 89.599481, 26.0444262 ], [ 89.5922324, 26.0447954 ], [ 89.5938016, 26.0411045 ], [ 89.5966332, 26.0413989 ], [ 89.5977584, 26.0401819 ], [ 89.5977499, 26.0378502 ], [ 89.595237, 26.035493 ], [ 89.5926679, 26.0352673 ], [ 89.5894444, 26.0388974 ], [ 89.5870906, 26.0383784 ], [ 89.5872645, 26.0355385 ], [ 89.5832559, 26.0325729 ], [ 89.5853507, 26.026277 ], [ 89.5833558, 26.0242275 ], [ 89.5787222, 26.0262617 ], [ 89.5783597, 26.0215959 ], [ 89.5812311, 26.0094996 ], [ 89.5787482, 26.0067764 ], [ 89.5815297, 26.0058164 ], [ 89.5801671, 26.0050294 ], [ 89.5815647, 26.003344 ], [ 89.5800304, 26.0021247 ], [ 89.5829408, 26.0017915 ], [ 89.5862465, 25.9950812 ], [ 89.5856367, 25.9922559 ], [ 89.5832023, 25.990194 ], [ 89.5853993, 25.9850244 ], [ 89.5851404, 25.9828083 ], [ 89.5867469, 25.9810843 ], [ 89.5851797, 25.9758984 ], [ 89.5825715, 25.9790753 ], [ 89.5768825, 25.9781672 ], [ 89.5758894, 25.9814395 ], [ 89.5734839, 25.9785711 ], [ 89.5744545, 25.9773822 ], [ 89.5767119, 25.9780256 ], [ 89.5784798, 25.9734044 ], [ 89.5778655, 25.9692767 ], [ 89.5689068, 25.9677565 ], [ 89.5673417, 25.9710267 ], [ 89.5684007, 25.9791159 ], [ 89.5659687, 25.9803422 ], [ 89.5638538, 25.9784179 ], [ 89.5627043, 25.9711479 ], [ 89.557822, 25.969876 ], [ 89.557696, 25.9653553 ], [ 89.5560052, 25.9652165 ], [ 89.5415732, 25.9691572 ], [ 89.5382132, 25.9733643 ], [ 89.5383442, 25.9764194 ], [ 89.5416943, 25.9831943 ], [ 89.5367803, 25.9849556 ], [ 89.5355314, 25.9901651 ], [ 89.5377159, 25.9908506 ], [ 89.5382145, 25.9946822 ], [ 89.5481469, 25.9986788 ], [ 89.5482229, 26.0006099 ], [ 89.544972, 26.0003383 ], [ 89.5448122, 26.0025936 ], [ 89.5429569, 26.0026019 ], [ 89.540896, 26.0059014 ], [ 89.5375369, 26.0066207 ], [ 89.5336644, 26.005365 ], [ 89.5350505, 26.0040744 ], [ 89.5394179, 26.005374 ], [ 89.5393723, 26.0037161 ], [ 89.5374607, 26.0021277 ], [ 89.5324456, 26.0035198 ], [ 89.5298304, 26.0057384 ], [ 89.5261199, 26.0047409 ], [ 89.524304, 26.0065655 ], [ 89.5220712, 26.0051562 ], [ 89.5212108, 26.0085621 ], [ 89.5192419, 26.0087438 ], [ 89.5142266, 26.0070287 ], [ 89.5115017, 26.0033082 ], [ 89.5081466, 26.0018355 ], [ 89.4968928, 26.0028856 ], [ 89.4964591, 26.0040724 ], [ 89.4942437, 26.0039757 ], [ 89.4912837, 26.005965 ], [ 89.4871057, 26.0002732 ], [ 89.4803525, 25.9960677 ], [ 89.4765629, 25.9979822 ], [ 89.4616481, 25.9983718 ], [ 89.4471558, 26.0079644 ], [ 89.4344213, 26.0098712 ], [ 89.4287389, 26.0122653 ], [ 89.4267427, 26.0151342 ], [ 89.4286393, 26.0144827 ], [ 89.4273917, 26.0191711 ], [ 89.4335889, 26.0304199 ], [ 89.4328021, 26.0375012 ], [ 89.4289646, 26.0429737 ], [ 89.4252438, 26.0445684 ], [ 89.4238434, 26.0469201 ], [ 89.4227073, 26.046848 ], [ 89.4227226, 26.0456357 ], [ 89.424446, 26.0441766 ], [ 89.4189718, 26.0418862 ], [ 89.4107284, 26.0407335 ], [ 89.4074231, 26.04151 ], [ 89.4062695, 26.0402844 ], [ 89.4076936, 26.0397833 ], [ 89.4064493, 26.0380039 ], [ 89.4071279, 26.0360212 ], [ 89.4048472, 26.0339292 ], [ 89.4066664, 26.0329524 ], [ 89.4065988, 26.0315115 ], [ 89.4041563, 26.0309101 ], [ 89.4030242, 26.0273062 ], [ 89.3935831, 26.022882 ], [ 89.3908571, 26.0229212 ], [ 89.3912034, 26.016691 ], [ 89.3945015, 26.0131543 ], [ 89.3927929, 26.0071906 ], [ 89.3912281, 26.0094272 ], [ 89.389414, 26.0083328 ], [ 89.38944, 26.0094165 ], [ 89.3859127, 26.0107513 ], [ 89.384147, 26.0097933 ], [ 89.3804641, 26.0107059 ], [ 89.3778492, 26.0092119 ], [ 89.376378, 26.0102607 ], [ 89.3756515, 26.0093084 ], [ 89.3724788, 26.0118333 ], [ 89.3715778, 26.0115303 ], [ 89.3722959, 26.0094434 ], [ 89.3711628, 26.0089355 ], [ 89.3666877, 26.0102482 ], [ 89.364724, 26.0082345 ], [ 89.3603409, 26.0092245 ], [ 89.3596977, 26.0078453 ], [ 89.3594798, 26.0092003 ], [ 89.3569704, 26.0079725 ], [ 89.3564221, 26.009897 ], [ 89.356062, 26.0083253 ], [ 89.3544379, 26.0087974 ], [ 89.3547622, 26.0114409 ], [ 89.3534801, 26.0119009 ], [ 89.352468, 26.0101044 ], [ 89.3502475, 26.0111539 ], [ 89.3490621, 26.0103507 ], [ 89.3484034, 26.0121972 ], [ 89.3469866, 26.0113538 ], [ 89.344261, 26.0131752 ], [ 89.3468163, 26.0133575 ], [ 89.3467059, 26.0144793 ], [ 89.3491818, 26.0149037 ], [ 89.3492126, 26.0161438 ], [ 89.345072, 26.0146733 ], [ 89.3437243, 26.0170268 ], [ 89.3435699, 26.0145933 ], [ 89.3401094, 26.0152551 ], [ 89.3393704, 26.0174622 ], [ 89.3373216, 26.0180214 ], [ 89.3391088, 26.0182278 ], [ 89.3373448, 26.0189386 ], [ 89.3372246, 26.0199818 ], [ 89.3387537, 26.0193635 ], [ 89.3371288, 26.0205327 ], [ 89.3374469, 26.0221146 ], [ 89.336291, 26.0202926 ], [ 89.3345163, 26.0200038 ], [ 89.3352535, 26.0226215 ], [ 89.3365125, 26.0235479 ], [ 89.3382712, 26.0228224 ], [ 89.3386248, 26.0239121 ], [ 89.3366788, 26.0249912 ], [ 89.336534, 26.0265217 ], [ 89.3352211, 26.025472 ], [ 89.3343815, 26.0274965 ], [ 89.3327771, 26.0269279 ], [ 89.3332485, 26.0283677 ], [ 89.3316621, 26.0294386 ], [ 89.330792, 26.0271944 ], [ 89.3289028, 26.0282842 ], [ 89.3295105, 26.0302459 ], [ 89.3276249, 26.0302618 ], [ 89.3289741, 26.031617 ], [ 89.3260999, 26.0320123 ], [ 89.3280004, 26.0332224 ], [ 89.325671, 26.0345951 ], [ 89.3257431, 26.0362841 ], [ 89.3243677, 26.0356918 ], [ 89.3232003, 26.0378034 ], [ 89.3195628, 26.0391797 ], [ 89.315224, 26.0374164 ], [ 89.317343, 26.0385193 ], [ 89.3098771, 26.041616 ], [ 89.3077291, 26.0451005 ], [ 89.3059232, 26.0444962 ], [ 89.3061947, 26.0465209 ], [ 89.3037803, 26.0455838 ], [ 89.3047304, 26.0471392 ], [ 89.303192, 26.0464557 ], [ 89.3028948, 26.0474159 ], [ 89.2999851, 26.0475908 ], [ 89.3004372, 26.0504322 ], [ 89.2983671, 26.0500788 ], [ 89.2966399, 26.0453364 ], [ 89.2937385, 26.0462553 ], [ 89.2909626, 26.0452457 ], [ 89.2892596, 26.0481453 ], [ 89.275756, 26.0490802 ], [ 89.2768572, 26.0513868 ], [ 89.2790415, 26.0506765 ], [ 89.2815742, 26.056136 ], [ 89.2811247, 26.0613855 ], [ 89.2825403, 26.0641402 ], [ 89.2809149, 26.0656491 ], [ 89.2782986, 26.0664833 ], [ 89.275207, 26.0621403 ], [ 89.2762078, 26.0611951 ], [ 89.2730741, 26.0616545 ], [ 89.2724972, 26.0606498 ], [ 89.2704995, 26.0618991 ], [ 89.2708791, 26.059949 ], [ 89.2544074, 26.0641208 ], [ 89.2561092, 26.0715436 ], [ 89.254734, 26.0746633 ], [ 89.2568449, 26.0795815 ], [ 89.2606745, 26.0827914 ], [ 89.2614422, 26.0857843 ], [ 89.265872, 26.0878418 ], [ 89.2655486, 26.0907602 ], [ 89.2667988, 26.0926373 ], [ 89.2655144, 26.093431 ], [ 89.2658841, 26.0925055 ], [ 89.2639784, 26.0931582 ], [ 89.2633923, 26.0920848 ], [ 89.2636125, 26.0934797 ], [ 89.2622126, 26.0939813 ], [ 89.2603598, 26.0918043 ], [ 89.2588198, 26.093116 ], [ 89.2561815, 26.0917352 ], [ 89.2548918, 26.0933715 ], [ 89.2516228, 26.0913504 ], [ 89.2512676, 26.0925172 ], [ 89.2523673, 26.092754 ], [ 89.2503254, 26.0941171 ], [ 89.2523979, 26.0978389 ], [ 89.2510509, 26.1000429 ], [ 89.2517826, 26.1011849 ], [ 89.249308, 26.1007011 ], [ 89.2497666, 26.1022559 ], [ 89.2477223, 26.1016915 ], [ 89.2486096, 26.1034317 ], [ 89.2452087, 26.1065669 ], [ 89.2441516, 26.1049392 ], [ 89.243965, 26.1061767 ], [ 89.2415569, 26.1054745 ], [ 89.2429365, 26.1067049 ], [ 89.241197, 26.1062478 ], [ 89.2422194, 26.10906 ], [ 89.2403078, 26.107749 ], [ 89.239536, 26.109236 ], [ 89.2413442, 26.1102745 ], [ 89.2394395, 26.1101301 ], [ 89.2391984, 26.1114986 ], [ 89.2419207, 26.113194 ], [ 89.2397799, 26.1125143 ], [ 89.2385173, 26.1146802 ], [ 89.2388508, 26.1136203 ], [ 89.2372386, 26.1125795 ], [ 89.2355043, 26.1147234 ], [ 89.2330326, 26.113003 ], [ 89.2318228, 26.1170862 ], [ 89.2292233, 26.1165973 ], [ 89.2302968, 26.1178581 ], [ 89.2284869, 26.1204274 ], [ 89.2295316, 26.1210884 ], [ 89.2294373, 26.1238536 ], [ 89.2278682, 26.1239927 ], [ 89.2282617, 26.1226611 ], [ 89.2269262, 26.1220576 ], [ 89.2251089, 26.1240566 ], [ 89.2231951, 26.1241775 ], [ 89.223332, 26.1254431 ], [ 89.2193394, 26.1242583 ], [ 89.2198991, 26.1263619 ], [ 89.218427, 26.1266358 ], [ 89.2173781, 26.1255127 ], [ 89.217234, 26.1264393 ], [ 89.2145801, 26.1264708 ], [ 89.2143812, 26.1252703 ], [ 89.2113861, 26.1242218 ], [ 89.2098126, 26.1271855 ], [ 89.2047309, 26.1274305 ], [ 89.2030826, 26.1292753 ], [ 89.2001729, 26.1284827 ], [ 89.1983174, 26.1259033 ], [ 89.1950922, 26.12717 ], [ 89.1963873, 26.1256992 ], [ 89.1947379, 26.1259031 ], [ 89.1923502, 26.1236352 ], [ 89.1913278, 26.1250419 ], [ 89.1897306, 26.1245021 ], [ 89.1889846, 26.1272652 ], [ 89.1860985, 26.1278953 ], [ 89.1851385, 26.1267274 ], [ 89.1848433, 26.1290507 ], [ 89.1831978, 26.1280212 ], [ 89.1823832, 26.1292644 ], [ 89.1813741, 26.1280434 ], [ 89.1806997, 26.1291858 ], [ 89.179587, 26.1279601 ], [ 89.1765096, 26.1314789 ], [ 89.1715329, 26.1303328 ], [ 89.1682471, 26.1313398 ], [ 89.1667789, 26.1301754 ], [ 89.1665751, 26.1322635 ], [ 89.1644191, 26.1316679 ], [ 89.1641319, 26.1333394 ], [ 89.1618629, 26.1336609 ], [ 89.162525, 26.1353921 ], [ 89.1603326, 26.1353762 ], [ 89.16131, 26.1369498 ], [ 89.1593301, 26.13683 ], [ 89.1602062, 26.139238 ], [ 89.158204, 26.1382831 ], [ 89.1571152, 26.1399342 ], [ 89.1553806, 26.1386108 ], [ 89.1528774, 26.143998 ], [ 89.1537045, 26.1448665 ], [ 89.1521974, 26.1456355 ], [ 89.1524681, 26.1483803 ], [ 89.1511167, 26.1481148 ], [ 89.1516292, 26.1518087 ], [ 89.14977, 26.1531344 ], [ 89.1503142, 26.1548005 ], [ 89.149294, 26.1548816 ], [ 89.1485404, 26.158096 ], [ 89.1493243, 26.1594257 ], [ 89.1553967, 26.1595516 ], [ 89.1572802, 26.1631963 ], [ 89.1525001, 26.1645286 ], [ 89.1518769, 26.1671228 ], [ 89.1491931, 26.1700348 ], [ 89.1410097, 26.16937 ], [ 89.1401364, 26.1727991 ], [ 89.1412058, 26.1758053 ], [ 89.1375466, 26.1763671 ], [ 89.1370953, 26.1797598 ], [ 89.1346119, 26.1811709 ], [ 89.1365698, 26.1837539 ], [ 89.1357275, 26.1873036 ], [ 89.1382697, 26.1886678 ], [ 89.140088, 26.1950438 ], [ 89.1393809, 26.1983113 ], [ 89.1401706, 26.1996301 ], [ 89.1438947, 26.2004081 ], [ 89.1441135, 26.2034175 ], [ 89.1486039, 26.2064172 ], [ 89.149175, 26.2088666 ], [ 89.1490107, 26.2101952 ], [ 89.1475626, 26.2101712 ], [ 89.1472818, 26.211569 ], [ 89.145884, 26.2111343 ], [ 89.1420973, 26.2147636 ], [ 89.1421103, 26.2206637 ], [ 89.1438423, 26.2212592 ], [ 89.140535, 26.2256937 ], [ 89.1396225, 26.2294174 ], [ 89.141297, 26.2314276 ], [ 89.1409425, 26.2358408 ], [ 89.1394092, 26.2380335 ], [ 89.137, 26.2365578 ], [ 89.1339365, 26.2375513 ], [ 89.1361279, 26.2406035 ], [ 89.1318975, 26.2395199 ], [ 89.1325507, 26.2418768 ], [ 89.1309522, 26.2429682 ], [ 89.1318393, 26.2468422 ], [ 89.1292883, 26.248788 ], [ 89.1269798, 26.2488383 ], [ 89.1261522, 26.2506901 ], [ 89.1239757, 26.2497425 ], [ 89.1199816, 26.2527862 ], [ 89.1222694, 26.255519 ], [ 89.1214044, 26.2581966 ], [ 89.1253534, 26.2612643 ], [ 89.1252288, 26.263462 ], [ 89.1116181, 26.2726818 ], [ 89.1094141, 26.2720793 ], [ 89.1087912, 26.2755743 ], [ 89.1058453, 26.2740068 ], [ 89.1049872, 26.2757173 ], [ 89.1059554, 26.2810832 ], [ 89.1034237, 26.2810151 ], [ 89.102898, 26.2782301 ], [ 89.1001047, 26.2794677 ], [ 89.1026197, 26.2816664 ], [ 89.1017251, 26.2830342 ], [ 89.1025998, 26.2884815 ], [ 89.1071462, 26.2916435 ], [ 89.1047158, 26.2922975 ], [ 89.1033435, 26.294357 ], [ 89.1040512, 26.2979658 ], [ 89.107572, 26.2997978 ], [ 89.0999248, 26.3045682 ], [ 89.1029432, 26.3082774 ], [ 89.1023556, 26.3113943 ], [ 89.1034409, 26.31316 ], [ 89.1049774, 26.3131109 ], [ 89.1047112, 26.3157998 ], [ 89.1060958, 26.3157595 ], [ 89.1050442, 26.3138344 ], [ 89.108283, 26.3130436 ], [ 89.1090806, 26.3044421 ], [ 89.1142462, 26.3036399 ], [ 89.1139154, 26.2982433 ], [ 89.1167032, 26.2971197 ], [ 89.1171581, 26.2911703 ], [ 89.1199066, 26.2872387 ], [ 89.1220335, 26.2871633 ], [ 89.1254154, 26.2909332 ], [ 89.1245692, 26.2940505 ], [ 89.1273657, 26.2948668 ], [ 89.1282619, 26.2978528 ], [ 89.1316335, 26.2973243 ], [ 89.1311627, 26.2986119 ], [ 89.1325047, 26.2987154 ], [ 89.1324288, 26.3002179 ], [ 89.1311463, 26.3003673 ], [ 89.1300164, 26.3002342 ], [ 89.1304638, 26.2988633 ], [ 89.1287047, 26.2987881 ], [ 89.1274836, 26.3016083 ], [ 89.1277065, 26.3030198 ], [ 89.1289222, 26.3031103 ], [ 89.1287973, 26.3015235 ], [ 89.1313441, 26.300892 ], [ 89.130093, 26.3032805 ], [ 89.1305847, 26.3051775 ], [ 89.1257026, 26.3041473 ], [ 89.1252154, 26.3053362 ], [ 89.1337101, 26.3057968 ], [ 89.1364417, 26.307938 ], [ 89.1349344, 26.3112641 ], [ 89.1329779, 26.311179 ], [ 89.1349387, 26.3120558 ], [ 89.1348324, 26.3131465 ], [ 89.1295534, 26.3128368 ], [ 89.1351468, 26.3137445 ], [ 89.1363077, 26.3201069 ], [ 89.1346433, 26.3213473 ], [ 89.1283119, 26.3187996 ], [ 89.1244602, 26.3208399 ], [ 89.1296767, 26.320483 ], [ 89.1286073, 26.3223184 ], [ 89.1236402, 26.3221721 ], [ 89.1194628, 26.3201182 ], [ 89.115502, 26.3199039 ], [ 89.1164902, 26.3184932 ], [ 89.1127354, 26.3183888 ], [ 89.1106765, 26.3218461 ], [ 89.1117618, 26.3229281 ], [ 89.10788, 26.3265603 ], [ 89.1056924, 26.3265003 ], [ 89.1043501, 26.3234646 ], [ 89.100528, 26.3233943 ], [ 89.0986159, 26.3242209 ], [ 89.0990433, 26.3286055 ], [ 89.0970701, 26.3292337 ], [ 89.0953452, 26.3257233 ], [ 89.0936293, 26.3257812 ], [ 89.0919228, 26.3202939 ], [ 89.0897186, 26.322411 ], [ 89.0857928, 26.3210123 ], [ 89.0834867, 26.3223601 ], [ 89.0842876, 26.3240535 ], [ 89.088006, 26.3233084 ], [ 89.0916353, 26.3279888 ], [ 89.0909432, 26.3294866 ], [ 89.0953516, 26.3297742 ], [ 89.0965257, 26.3339384 ], [ 89.1013432, 26.3365339 ], [ 89.0978148, 26.339855 ], [ 89.0988369, 26.3420803 ], [ 89.0979297, 26.3497247 ], [ 89.0952199, 26.3519745 ], [ 89.0959301, 26.353745 ], [ 89.0944582, 26.3524317 ], [ 89.0933301, 26.3529137 ], [ 89.0938859, 26.35459 ], [ 89.0958623, 26.3541637 ], [ 89.0964252, 26.3571636 ], [ 89.0983159, 26.3589297 ], [ 89.0898552, 26.3604915 ], [ 89.0895027, 26.3620574 ], [ 89.0858138, 26.3627212 ], [ 89.0858093, 26.3638584 ], [ 89.0829406, 26.3621015 ], [ 89.0797295, 26.3628147 ], [ 89.0800312, 26.3666552 ], [ 89.0884621, 26.3656915 ], [ 89.0905661, 26.3738865 ], [ 89.0905519, 26.3750989 ], [ 89.0892298, 26.3750619 ], [ 89.0890654, 26.3801725 ], [ 89.0917108, 26.3824597 ], [ 89.0916759, 26.3847533 ], [ 89.0900524, 26.3857134 ], [ 89.0915485, 26.3889792 ], [ 89.0962506, 26.3911549 ], [ 89.0919862, 26.3936938 ], [ 89.0904755, 26.3917554 ], [ 89.0862136, 26.3922798 ], [ 89.0815872, 26.3901857 ], [ 89.0799699, 26.3914979 ], [ 89.0807904, 26.3929148 ], [ 89.085237, 26.3937291 ], [ 89.0878181, 26.3965592 ], [ 89.0843826, 26.3982661 ], [ 89.0783192, 26.395853 ], [ 89.0753417, 26.3959738 ], [ 89.0739491, 26.3911056 ], [ 89.0748347, 26.3959557 ], [ 89.0712299, 26.3983857 ], [ 89.0681711, 26.397683 ], [ 89.0672822, 26.4000022 ], [ 89.0644461, 26.3989476 ], [ 89.0644558, 26.3966344 ], [ 89.063365, 26.3966856 ], [ 89.0618562, 26.3978247 ], [ 89.0631529, 26.4007488 ], [ 89.061487, 26.3981756 ], [ 89.0590124, 26.3988232 ], [ 89.0581355, 26.3952934 ], [ 89.0557309, 26.3958056 ], [ 89.0538852, 26.3986347 ], [ 89.0405892, 26.4002436 ], [ 89.0378441, 26.3996743 ], [ 89.0367111, 26.3948734 ], [ 89.0335604, 26.3954424 ], [ 89.0343764, 26.3994649 ], [ 89.0317855, 26.3995486 ], [ 89.0313966, 26.4038659 ], [ 89.0294107, 26.4049103 ], [ 89.0299349, 26.4070698 ], [ 89.0248149, 26.407544 ], [ 89.0220277, 26.4058097 ], [ 89.0227071, 26.4039241 ], [ 89.0198544, 26.404119 ], [ 89.0189481, 26.4060636 ], [ 89.0227894, 26.408283 ], [ 89.0224644, 26.4136387 ], [ 89.0165054, 26.4149747 ], [ 89.0072267, 26.4127341 ], [ 89.0048465, 26.4177584 ], [ 89.0054846, 26.4215673 ], [ 88.9993066, 26.421775 ], [ 88.9987976, 26.4203243 ], [ 88.9966085, 26.4204998 ], [ 88.9959047, 26.4225846 ], [ 88.9937371, 26.4229896 ], [ 88.9930113, 26.4203054 ], [ 88.9960351, 26.4197016 ], [ 88.9953044, 26.4166573 ], [ 88.9986093, 26.4138845 ], [ 88.9964808, 26.412479 ], [ 88.9942276, 26.4128376 ], [ 88.9941956, 26.4165896 ], [ 88.9922155, 26.4170877 ], [ 88.9924543, 26.4189673 ], [ 88.983002, 26.4210392 ], [ 88.9835118, 26.423892 ], [ 88.980752, 26.4252669 ], [ 88.9830559, 26.4308753 ], [ 88.9802912, 26.4316911 ], [ 88.9798203, 26.4337245 ], [ 88.9785861, 26.4338522 ], [ 88.978778, 26.4359942 ], [ 88.9831285, 26.4385481 ], [ 88.9842406, 26.4418445 ], [ 88.9809425, 26.4418539 ], [ 88.9809194, 26.4433633 ], [ 88.9826816, 26.4440008 ], [ 88.983266, 26.4465093 ], [ 88.9785425, 26.4461617 ], [ 88.9794383, 26.4496309 ], [ 88.9772669, 26.4486192 ], [ 88.9764166, 26.4462035 ], [ 88.9744882, 26.450153 ], [ 88.966313, 26.451262 ], [ 88.9651401, 26.4578082 ], [ 88.9558416, 26.4602081 ], [ 88.9570864, 26.4589062 ], [ 88.9573444, 26.4548525 ], [ 88.959119, 26.4542037 ], [ 88.95978, 26.4522876 ], [ 88.9653556, 26.4514901 ], [ 88.9605688, 26.4482733 ], [ 88.9557956, 26.4511564 ], [ 88.9512796, 26.4520635 ], [ 88.9518761, 26.4484192 ], [ 88.9461689, 26.4479385 ], [ 88.946876, 26.443519 ], [ 88.9492663, 26.4429014 ], [ 88.9490198, 26.4398997 ], [ 88.9469136, 26.439321 ], [ 88.9511869, 26.4351259 ], [ 88.9512003, 26.4336141 ], [ 88.9457575, 26.4330629 ], [ 88.9446489, 26.4318485 ], [ 88.9457642, 26.4293607 ], [ 88.9428174, 26.4281885 ], [ 88.9447667, 26.4255917 ], [ 88.9380499, 26.4256022 ], [ 88.9381272, 26.4277773 ], [ 88.9347576, 26.4314509 ], [ 88.9283842, 26.4329159 ], [ 88.9281596, 26.4319381 ], [ 88.9261928, 26.4320505 ], [ 88.9259379, 26.4276202 ], [ 88.9327985, 26.4268335 ], [ 88.9309904, 26.4245227 ], [ 88.9230327, 26.4233608 ], [ 88.9254717, 26.4164029 ], [ 88.92985, 26.4162533 ], [ 88.9313134, 26.4141881 ], [ 88.9265597, 26.4067882 ], [ 88.913465, 26.4085202 ], [ 88.9067887, 26.4066487 ], [ 88.9047889, 26.408459 ], [ 88.9061569, 26.4035131 ], [ 88.9085835, 26.4036583 ], [ 88.9099541, 26.4007758 ], [ 88.912161, 26.401332 ], [ 88.9132582, 26.4032331 ], [ 88.9173654, 26.4031963 ], [ 88.9182267, 26.4002584 ], [ 88.9184505, 26.3901174 ], [ 88.9164379, 26.3891859 ], [ 88.9163355, 26.3853518 ], [ 88.9097427, 26.3822073 ], [ 88.9090932, 26.3800318 ], [ 88.912329, 26.3802783 ], [ 88.9143212, 26.3777972 ], [ 88.9206143, 26.3785307 ], [ 88.9214021, 26.3771754 ], [ 88.9195459, 26.3768521 ], [ 88.9200779, 26.3745704 ], [ 88.913266, 26.374222 ], [ 88.9102652, 26.3704972 ], [ 88.9115818, 26.3691222 ], [ 88.9110058, 26.3680504 ], [ 88.9128171, 26.3684449 ], [ 88.9119313, 26.366105 ], [ 88.9143005, 26.365222 ], [ 88.9200794, 26.3662333 ], [ 88.9216797, 26.3627294 ], [ 88.919389, 26.3593791 ], [ 88.9207001, 26.3595476 ], [ 88.9235231, 26.3639415 ], [ 88.9260839, 26.3647422 ], [ 88.9289697, 26.3637199 ], [ 88.9280013, 26.3626691 ], [ 88.931069, 26.3595529 ], [ 88.9356185, 26.3586498 ], [ 88.9366855, 26.3569194 ], [ 88.9411726, 26.3577024 ], [ 88.9467714, 26.3556923 ], [ 88.9477919, 26.3559959 ], [ 88.9475148, 26.3598735 ], [ 88.9497628, 26.3658425 ], [ 88.9533119, 26.3659517 ], [ 88.9547507, 26.3617878 ], [ 88.9584295, 26.361681 ], [ 88.9585051, 26.3579212 ], [ 88.949072, 26.3526374 ], [ 88.9497941, 26.3490852 ], [ 88.9464913, 26.3462741 ], [ 88.9461535, 26.3438754 ], [ 88.9517756, 26.3437938 ], [ 88.9529721, 26.3462065 ], [ 88.9589722, 26.3435337 ], [ 88.9560264, 26.3412189 ], [ 88.9524634, 26.3428158 ], [ 88.9517556, 26.3425896 ], [ 88.9530569, 26.3420897 ], [ 88.9518724, 26.339306 ], [ 88.952298, 26.3323375 ], [ 88.9539084, 26.333036 ], [ 88.9541113, 26.3318966 ], [ 88.9546914, 26.3331758 ], [ 88.9568664, 26.3299742 ], [ 88.9603705, 26.3300546 ], [ 88.959478, 26.335867 ], [ 88.962918, 26.3362746 ], [ 88.9635268, 26.3382883 ], [ 88.9617202, 26.3408318 ], [ 88.9626255, 26.3454531 ], [ 88.9591499, 26.3479442 ], [ 88.9607013, 26.3490964 ], [ 88.9614106, 26.3522956 ], [ 88.963119, 26.3517992 ], [ 88.9651911, 26.3486931 ], [ 88.9667558, 26.3518159 ], [ 88.9705339, 26.3496385 ], [ 88.9726777, 26.351693 ], [ 88.9776053, 26.3481023 ], [ 88.9778192, 26.3465508 ], [ 88.9821486, 26.3474777 ], [ 88.9827685, 26.3490219 ], [ 88.9849512, 26.3489618 ], [ 88.9842236, 26.349716 ], [ 88.9851251, 26.3499146 ], [ 88.9871462, 26.3483513 ], [ 88.9877287, 26.3471456 ], [ 88.9861233, 26.3470759 ], [ 88.9871551, 26.3424294 ], [ 88.9900927, 26.3388306 ], [ 88.9872696, 26.3379826 ], [ 88.9887628, 26.3391169 ], [ 88.9859874, 26.3398159 ], [ 88.9866491, 26.341381 ], [ 88.9818079, 26.3409965 ], [ 88.9845994, 26.3366613 ], [ 88.9848568, 26.3339492 ], [ 88.9870886, 26.3320613 ], [ 88.9885384, 26.3323246 ], [ 88.9906062, 26.3353526 ], [ 88.9926671, 26.3348098 ], [ 88.99202, 26.3326992 ], [ 88.9986412, 26.3318249 ], [ 89.000968, 26.3297475 ], [ 88.9999127, 26.3254985 ], [ 88.9960223, 26.3209006 ], [ 88.9948078, 26.3221668 ], [ 88.9915887, 26.3217942 ], [ 88.9940827, 26.3198784 ], [ 88.9949564, 26.3168287 ], [ 88.997138, 26.3163795 ], [ 88.9971183, 26.3137373 ], [ 88.9949262, 26.3132325 ], [ 88.9933663, 26.3149268 ], [ 88.9846204, 26.3179573 ], [ 88.9841351, 26.3163205 ], [ 88.9858678, 26.3145867 ], [ 88.9826901, 26.3094022 ], [ 88.9849418, 26.3005863 ], [ 88.9926253, 26.3006222 ], [ 88.9944408, 26.2991105 ], [ 88.9948983, 26.2966724 ], [ 88.9953719, 26.2999712 ], [ 88.9960574, 26.2969442 ], [ 88.9964801, 26.2996857 ], [ 88.997562, 26.2996316 ], [ 88.9953851, 26.2935184 ], [ 88.9957383, 26.2902378 ], [ 89.0000269, 26.2906778 ], [ 89.0012155, 26.2951415 ], [ 89.0049514, 26.2978011 ], [ 89.004377, 26.3036554 ], [ 89.0065906, 26.3027143 ], [ 89.0068517, 26.30439 ], [ 89.0084519, 26.3016096 ], [ 89.0104387, 26.3012752 ], [ 89.0105532, 26.2986862 ], [ 89.013051, 26.2980073 ], [ 89.0123576, 26.2962056 ], [ 89.0136455, 26.2952807 ], [ 89.0121749, 26.294093 ], [ 89.0123534, 26.2924756 ], [ 89.0166614, 26.2914085 ], [ 89.0167932, 26.2894892 ], [ 89.0180385, 26.2897102 ], [ 89.0200679, 26.2936372 ], [ 89.0160498, 26.2994982 ], [ 89.0146372, 26.2989193 ], [ 89.0146245, 26.2997551 ], [ 89.0163554, 26.3013954 ], [ 89.0154975, 26.3030085 ], [ 89.020102, 26.3050024 ], [ 89.018747, 26.3071066 ], [ 89.0204345, 26.3072919 ], [ 89.0211569, 26.3090818 ], [ 89.0217751, 26.3074246 ], [ 89.026239, 26.3069267 ], [ 89.0266103, 26.3054016 ], [ 89.0213074, 26.2981446 ], [ 89.0233298, 26.2933018 ], [ 89.0215655, 26.2928595 ], [ 89.0197478, 26.2898106 ], [ 89.0216394, 26.2875671 ], [ 89.0247296, 26.288067 ], [ 89.0248176, 26.286244 ], [ 89.0270949, 26.2855368 ], [ 89.0275188, 26.2824682 ], [ 89.0314623, 26.2855158 ], [ 89.037122, 26.2831195 ], [ 89.0387157, 26.2837212 ], [ 89.0385514, 26.2854741 ], [ 89.0407733, 26.285767 ], [ 89.0406939, 26.2839352 ], [ 89.0374064, 26.2824105 ], [ 89.0403428, 26.2807378 ], [ 89.0380319, 26.277709 ], [ 89.0401972, 26.2780942 ], [ 89.03988, 26.2765235 ], [ 89.0451238, 26.2751364 ], [ 89.0446442, 26.279329 ], [ 89.0431948, 26.2799607 ], [ 89.0464604, 26.2810177 ], [ 89.0482687, 26.2799941 ], [ 89.048979, 26.2870303 ], [ 89.0505362, 26.2884468 ], [ 89.0477813, 26.2883321 ], [ 89.0468125, 26.2825229 ], [ 89.0459253, 26.2840955 ], [ 89.0448069, 26.283576 ], [ 89.0463151, 26.2894506 ], [ 89.0424847, 26.2898272 ], [ 89.0453465, 26.2910283 ], [ 89.0458687, 26.2953511 ], [ 89.0523311, 26.2960232 ], [ 89.0531007, 26.2919947 ], [ 89.0564844, 26.2938828 ], [ 89.0594891, 26.2933344 ], [ 89.0612187, 26.2903553 ], [ 89.0602204, 26.2876251 ], [ 89.0582523, 26.2871951 ], [ 89.0575067, 26.2855753 ], [ 89.0619927, 26.2830275 ], [ 89.0624775, 26.278661 ], [ 89.0578924, 26.2771772 ], [ 89.0543696, 26.2780714 ], [ 89.0538886, 26.277141 ], [ 89.0593268, 26.2760676 ], [ 89.0598811, 26.2737415 ], [ 89.0633396, 26.2703659 ], [ 89.0611672, 26.2688285 ], [ 89.0611455, 26.2639656 ], [ 89.0629059, 26.2626757 ], [ 89.063313, 26.2598777 ], [ 89.0606543, 26.2589104 ], [ 89.0601812, 26.2567759 ], [ 89.0628446, 26.2557867 ], [ 89.0626424, 26.2537515 ], [ 89.0589954, 26.2541357 ], [ 89.0555963, 26.2572294 ], [ 89.0521611, 26.2560049 ], [ 89.0512303, 26.2526813 ], [ 89.0483595, 26.2497885 ], [ 89.0480528, 26.2460064 ], [ 89.0499932, 26.2453746 ], [ 89.0495228, 26.2431799 ], [ 89.0510886, 26.2424743 ], [ 89.0506857, 26.2416534 ], [ 89.0460242, 26.2406561 ], [ 89.0373707, 26.2457222 ], [ 89.0367314, 26.2423833 ], [ 89.0353611, 26.2425335 ], [ 89.0341453, 26.2429237 ], [ 89.0330327, 26.2466974 ], [ 89.028122, 26.2475209 ], [ 89.0273379, 26.2440696 ], [ 89.0214795, 26.2449977 ], [ 89.0186796, 26.242304 ], [ 89.0158997, 26.2446275 ], [ 88.9997763, 26.2443452 ], [ 88.9930321, 26.2454638 ], [ 88.9791696, 26.2447887 ], [ 88.9786736, 26.2426581 ], [ 88.9720254, 26.2416249 ], [ 88.970754, 26.2397327 ], [ 88.9658085, 26.2388006 ], [ 88.9573168, 26.2402965 ], [ 88.9570413, 26.2425797 ], [ 88.9530777, 26.2422144 ], [ 88.9512253, 26.2470392 ], [ 88.9442801, 26.2544683 ], [ 88.9402407, 26.2635169 ], [ 88.9349499, 26.2677327 ], [ 88.931131, 26.2774427 ], [ 88.9262808, 26.2837781 ], [ 88.9198972, 26.2844713 ], [ 88.9181421, 26.2879342 ], [ 88.9090293, 26.2872489 ], [ 88.898269, 26.2886439 ], [ 88.8759338, 26.2865789 ], [ 88.870432, 26.2838535 ], [ 88.8664112, 26.2794039 ], [ 88.8671592, 26.2762139 ], [ 88.8662337, 26.2748956 ], [ 88.8613851, 26.2726633 ], [ 88.8645864, 26.2687297 ], [ 88.861385, 26.2638267 ], [ 88.8614689, 26.2519991 ], [ 88.8673364, 26.2497336 ], [ 88.868154, 26.245646 ], [ 88.8716262, 26.2449509 ], [ 88.8722216, 26.2399071 ], [ 88.8776917, 26.2421948 ], [ 88.8764579, 26.2371901 ], [ 88.8778646, 26.233378 ], [ 88.8728874, 26.2329007 ], [ 88.8715483, 26.234026 ], [ 88.8598245, 26.2314196 ], [ 88.8542998, 26.2350357 ], [ 88.851898, 26.2351001 ], [ 88.8437945, 26.2325286 ], [ 88.8439253, 26.2305658 ], [ 88.8417256, 26.2307197 ], [ 88.8382811, 26.2322535 ], [ 88.8381165, 26.238058 ], [ 88.8319578, 26.2382433 ], [ 88.8310584, 26.2401813 ], [ 88.8276671, 26.2396397 ], [ 88.8267296, 26.2436963 ], [ 88.8296346, 26.2462202 ], [ 88.8291634, 26.2497064 ], [ 88.8234841, 26.2485042 ], [ 88.8241829, 26.2513933 ], [ 88.8232431, 26.2533434 ], [ 88.819569, 26.2537942 ], [ 88.8185053, 26.2552306 ], [ 88.8139822, 26.2542509 ], [ 88.8129421, 26.2559902 ], [ 88.8121669, 26.2647675 ], [ 88.8143839, 26.2651538 ], [ 88.814994, 26.2689881 ], [ 88.8138385, 26.2733688 ], [ 88.8104385, 26.2740718 ], [ 88.8100187, 26.2768111 ], [ 88.8113253, 26.2773423 ], [ 88.8132779, 26.2884502 ], [ 88.8191101, 26.2944942 ], [ 88.813155, 26.2972423 ], [ 88.8019325, 26.3062079 ], [ 88.7935644, 26.30997 ], [ 88.7828121, 26.3031626 ], [ 88.7762423, 26.3036221 ], [ 88.7719012, 26.3005563 ], [ 88.7643177, 26.2989797 ], [ 88.7598599, 26.3002071 ], [ 88.7585788, 26.2947592 ], [ 88.7475209, 26.295505 ], [ 88.749016, 26.3005219 ], [ 88.7473177, 26.301049 ], [ 88.7466664, 26.2996629 ], [ 88.7425954, 26.2992528 ], [ 88.7411142, 26.2953383 ], [ 88.7379047, 26.292431 ], [ 88.7369732, 26.2936135 ], [ 88.7296918, 26.294605 ], [ 88.7305361, 26.2912678 ], [ 88.7296021, 26.2926811 ], [ 88.727187, 26.2929824 ], [ 88.7211549, 26.2832752 ], [ 88.717111, 26.2810823 ], [ 88.716294, 26.2822388 ], [ 88.7132517, 26.2815906 ], [ 88.7124669, 26.282649 ], [ 88.7140299, 26.2857125 ], [ 88.7114034, 26.2863807 ], [ 88.7082558, 26.2862374 ], [ 88.7065595, 26.2848197 ], [ 88.7038296, 26.2855318 ], [ 88.7013804, 26.2845402 ], [ 88.7015976, 26.283221 ], [ 88.6997382, 26.2841657 ], [ 88.6985543, 26.2804139 ], [ 88.6958941, 26.279187 ], [ 88.6961871, 26.2772823 ], [ 88.6915961, 26.2763584 ], [ 88.6891786, 26.2790456 ], [ 88.6884004, 26.2773665 ], [ 88.6860713, 26.2767546 ], [ 88.68619, 26.2736691 ], [ 88.6872621, 26.273848 ], [ 88.6874494, 26.2726557 ], [ 88.6898811, 26.2738275 ], [ 88.6917832, 26.2724865 ], [ 88.6923598, 26.2690398 ], [ 88.6901085, 26.2685292 ], [ 88.6894466, 26.2666747 ], [ 88.6860241, 26.2675704 ], [ 88.6846232, 26.2656675 ], [ 88.6861164, 26.2629475 ], [ 88.6810082, 26.2596399 ], [ 88.6794797, 26.2589048 ], [ 88.6778708, 26.264538 ], [ 88.6662267, 26.2626568 ], [ 88.6674953, 26.2665012 ], [ 88.6718684, 26.2668412 ], [ 88.6722452, 26.2684895 ], [ 88.6721128, 26.2722644 ], [ 88.6676315, 26.2719478 ], [ 88.6669159, 26.2732377 ], [ 88.6673824, 26.2780795 ], [ 88.6696442, 26.280758 ], [ 88.6656518, 26.284862 ], [ 88.6661805, 26.2892501 ], [ 88.6696658, 26.2895512 ], [ 88.6682711, 26.2920327 ], [ 88.6682671, 26.2943235 ], [ 88.6692773, 26.2945024 ], [ 88.6680447, 26.2971729 ], [ 88.6786735, 26.2988271 ], [ 88.6801003, 26.3018252 ], [ 88.6780949, 26.3069757 ], [ 88.6830925, 26.308453 ], [ 88.6825615, 26.312509 ], [ 88.6808053, 26.31154 ], [ 88.6790706, 26.3146571 ], [ 88.6779606, 26.3145213 ], [ 88.6771017, 26.3116582 ], [ 88.675296, 26.311366 ], [ 88.6759394, 26.3133713 ], [ 88.6745933, 26.3142229 ], [ 88.6758744, 26.3143522 ], [ 88.6761887, 26.3164194 ], [ 88.6751306, 26.320072 ], [ 88.6782664, 26.3201534 ], [ 88.6798763, 26.3222729 ], [ 88.6897448, 26.3230038 ], [ 88.6910009, 26.3288807 ], [ 88.6957331, 26.3287261 ], [ 88.6967895, 26.3257496 ], [ 88.6926358, 26.3256086 ], [ 88.6898661, 26.3232441 ], [ 88.6924476, 26.3211266 ], [ 88.6909249, 26.3184 ], [ 88.6935327, 26.3140317 ], [ 88.6964744, 26.3143121 ], [ 88.6962124, 26.3125244 ], [ 88.6972666, 26.3121179 ], [ 88.698945, 26.3128876 ], [ 88.6989934, 26.3144194 ], [ 88.7063549, 26.3146877 ], [ 88.7062674, 26.3155925 ], [ 88.7082271, 26.3153044 ], [ 88.708102, 26.3162788 ], [ 88.7151523, 26.3179037 ], [ 88.7191204, 26.3156794 ], [ 88.7188238, 26.312115 ], [ 88.7207801, 26.3143164 ], [ 88.7258453, 26.3153766 ], [ 88.7263154, 26.3175148 ], [ 88.7312364, 26.3183511 ], [ 88.7306487, 26.3236208 ], [ 88.7465083, 26.3223855 ], [ 88.7487423, 26.3319274 ], [ 88.7457323, 26.3324305 ], [ 88.7411169, 26.3296597 ], [ 88.7338667, 26.3286553 ], [ 88.7362611, 26.334021 ], [ 88.7392886, 26.3367236 ], [ 88.7433058, 26.3373225 ], [ 88.7442484, 26.3408316 ], [ 88.742585, 26.3440977 ], [ 88.744821, 26.3438041 ], [ 88.7456418, 26.3449079 ], [ 88.7453008, 26.3478595 ], [ 88.7363196, 26.3495905 ], [ 88.7360191, 26.3519815 ], [ 88.737568, 26.3531402 ], [ 88.7332623, 26.3538317 ], [ 88.7329678, 26.3503385 ], [ 88.7349111, 26.3499496 ], [ 88.7359172, 26.3479672 ], [ 88.7296341, 26.3479652 ], [ 88.7293544, 26.344633 ], [ 88.7269088, 26.3445627 ], [ 88.7261503, 26.3412675 ], [ 88.7243173, 26.3411048 ], [ 88.72323, 26.343135 ], [ 88.712847, 26.3436521 ], [ 88.712924, 26.3411197 ], [ 88.7117675, 26.340434 ], [ 88.7127217, 26.3384205 ], [ 88.7105045, 26.3368676 ], [ 88.7101536, 26.3346781 ], [ 88.7046798, 26.3325208 ], [ 88.7027639, 26.3343945 ], [ 88.7020566, 26.3363657 ], [ 88.7032312, 26.3376427 ], [ 88.7016354, 26.3387827 ], [ 88.7040602, 26.339841 ], [ 88.7040231, 26.3418715 ], [ 88.6985863, 26.3411207 ], [ 88.6980303, 26.3436799 ], [ 88.6951004, 26.3441335 ], [ 88.6941049, 26.3467287 ], [ 88.6966679, 26.346894 ], [ 88.6984979, 26.3571581 ], [ 88.6945754, 26.3563496 ], [ 88.6925923, 26.3577005 ], [ 88.6914733, 26.3611789 ], [ 88.6953004, 26.3608178 ], [ 88.6957657, 26.3619064 ], [ 88.6949359, 26.3634365 ], [ 88.6906456, 26.3633089 ], [ 88.6890241, 26.364943 ], [ 88.6874595, 26.3718125 ], [ 88.6853373, 26.3746437 ], [ 88.6866112, 26.3788101 ], [ 88.681303, 26.377896 ], [ 88.681012, 26.3794079 ], [ 88.6826583, 26.3804771 ], [ 88.6821235, 26.3822002 ], [ 88.6851125, 26.3824114 ], [ 88.684935, 26.3833386 ], [ 88.6895189, 26.3829951 ], [ 88.6917013, 26.3846344 ], [ 88.7021634, 26.3857535 ], [ 88.7022702, 26.3884436 ], [ 88.6978087, 26.3899727 ], [ 88.6978578, 26.388853 ], [ 88.6945974, 26.3885449 ], [ 88.6923964, 26.3864123 ], [ 88.688262, 26.3866791 ], [ 88.6867534, 26.3883145 ], [ 88.6880501, 26.3896198 ], [ 88.6877779, 26.3915457 ], [ 88.6863236, 26.3901865 ], [ 88.6856522, 26.391074 ], [ 88.6896999, 26.3949114 ], [ 88.6891721, 26.3956834 ], [ 88.686635, 26.3956755 ], [ 88.6857562, 26.3939147 ], [ 88.6781467, 26.393417 ], [ 88.6781224, 26.3955795 ], [ 88.6723285, 26.395702 ], [ 88.6719789, 26.3974474 ], [ 88.6699705, 26.3976141 ], [ 88.6736695, 26.4018106 ], [ 88.6738022, 26.4008914 ], [ 88.6795361, 26.4018789 ], [ 88.6791734, 26.4004594 ], [ 88.6816307, 26.4020583 ], [ 88.6874257, 26.4009853 ], [ 88.6856601, 26.4054323 ], [ 88.6867548, 26.4060287 ], [ 88.6797228, 26.4063394 ], [ 88.6790388, 26.4043722 ], [ 88.6786196, 26.4079261 ], [ 88.6678068, 26.4071853 ], [ 88.6677007, 26.4095499 ], [ 88.6628181, 26.409863 ], [ 88.6604481, 26.4163165 ], [ 88.6553033, 26.41673 ], [ 88.6544003, 26.4156477 ], [ 88.6505666, 26.4155175 ], [ 88.6503694, 26.4174369 ], [ 88.6468435, 26.4169483 ], [ 88.6468069, 26.4180979 ], [ 88.6444594, 26.4187456 ], [ 88.6510641, 26.4216605 ], [ 88.6516999, 26.4253373 ], [ 88.6497966, 26.4295878 ], [ 88.6446836, 26.4286943 ], [ 88.6429161, 26.4299639 ], [ 88.6383596, 26.4295289 ], [ 88.6360364, 26.4301207 ], [ 88.6351502, 26.4319782 ], [ 88.6308199, 26.4314029 ], [ 88.6304506, 26.4346688 ], [ 88.6281196, 26.4345809 ], [ 88.6277668, 26.4334736 ], [ 88.6237602, 26.4350123 ], [ 88.6231751, 26.4383187 ], [ 88.6283011, 26.4410418 ], [ 88.6268369, 26.4508511 ], [ 88.6256345, 26.4508013 ], [ 88.6243853, 26.4539359 ], [ 88.6228897, 26.4710645 ], [ 88.5947536, 26.4706372 ], [ 88.5962613, 26.4694232 ], [ 88.5951194, 26.4530645 ], [ 88.5931297, 26.4522078 ], [ 88.5929522, 26.4498141 ], [ 88.5903415, 26.4496433 ], [ 88.5918438, 26.450726 ], [ 88.5895189, 26.4513454 ], [ 88.5843508, 26.4502821 ], [ 88.5850051, 26.4533173 ], [ 88.5826432, 26.455606 ], [ 88.5784749, 26.4566284 ], [ 88.5595336, 26.4574867 ], [ 88.5583995, 26.4596794 ], [ 88.5627662, 26.4589743 ], [ 88.5626308, 26.4608271 ], [ 88.5594887, 26.4618415 ], [ 88.5598951, 26.464482 ], [ 88.5627531, 26.4665525 ], [ 88.5613862, 26.4676146 ], [ 88.5581037, 26.4667659 ], [ 88.5576377, 26.4706915 ], [ 88.5599265, 26.4733326 ], [ 88.5567335, 26.4715164 ], [ 88.5544893, 26.4718143 ], [ 88.5539118, 26.4728528 ], [ 88.5561749, 26.4727059 ], [ 88.5568038, 26.4752461 ], [ 88.5526206, 26.4753229 ], [ 88.5527285, 26.4772407 ], [ 88.5553031, 26.4788164 ], [ 88.5546122, 26.4811184 ], [ 88.5564897, 26.4825642 ], [ 88.556764, 26.4847992 ], [ 88.5264817, 26.4813789 ], [ 88.5276818, 26.484468 ], [ 88.5241983, 26.484768 ], [ 88.524147, 26.4856421 ], [ 88.5279487, 26.4864783 ], [ 88.5274883, 26.487457 ], [ 88.5228696, 26.4867077 ], [ 88.5247709, 26.4917073 ], [ 88.5232904, 26.496113 ], [ 88.5213968, 26.4981103 ], [ 88.5195265, 26.4982499 ], [ 88.5199707, 26.5005791 ], [ 88.5187971, 26.5013829 ], [ 88.522927, 26.5054009 ], [ 88.5213934, 26.5105072 ], [ 88.5106806, 26.5107411 ], [ 88.5072682, 26.5164033 ], [ 88.5002214, 26.5156461 ], [ 88.4993555, 26.5122735 ], [ 88.4924743, 26.5118761 ], [ 88.4898715, 26.5105741 ], [ 88.4906075, 26.5148509 ], [ 88.4887167, 26.5179076 ], [ 88.4900521, 26.5250743 ], [ 88.489005, 26.5262098 ], [ 88.4853385, 26.5260872 ], [ 88.4859819, 26.5271462 ], [ 88.4894998, 26.5270366 ], [ 88.4886134, 26.5291481 ], [ 88.4896533, 26.5319552 ], [ 88.4883747, 26.5325525 ], [ 88.4829668, 26.5302617 ], [ 88.482025, 26.5313399 ], [ 88.4823455, 26.536166 ], [ 88.4846795, 26.5382883 ], [ 88.4850097, 26.5406853 ], [ 88.478079, 26.5419343 ], [ 88.4759058, 26.5444688 ], [ 88.4625586, 26.5437623 ], [ 88.4618403, 26.5468735 ], [ 88.4588879, 26.5471179 ], [ 88.4574491, 26.5417456 ], [ 88.4584288, 26.5402322 ], [ 88.4551841, 26.5389755 ], [ 88.4564835, 26.5368933 ], [ 88.4482651, 26.5352872 ], [ 88.4433777, 26.539276 ], [ 88.4430794, 26.5439537 ], [ 88.4373077, 26.5440114 ], [ 88.43597, 26.5450268 ], [ 88.4313745, 26.5498167 ], [ 88.4211702, 26.571017 ], [ 88.4225915, 26.5827708 ], [ 88.4216018, 26.5828173 ], [ 88.4217329, 26.5852228 ], [ 88.4192412, 26.5904928 ], [ 88.4199192, 26.5981454 ], [ 88.4168136, 26.613211 ], [ 88.4179223, 26.6215662 ], [ 88.4144537, 26.6226213 ], [ 88.4161955, 26.629224 ], [ 88.4151882, 26.6331734 ], [ 88.4096395, 26.6347325 ], [ 88.4078683, 26.6306585 ], [ 88.3982217, 26.625835 ], [ 88.3964322, 26.6173257 ], [ 88.3894823, 26.6147844 ], [ 88.3869569, 26.6119844 ], [ 88.3878751, 26.6069057 ], [ 88.3972293, 26.6067138 ], [ 88.3986575, 26.6053476 ], [ 88.3984179, 26.603512 ], [ 88.3962556, 26.6025204 ], [ 88.3901321, 26.6029859 ], [ 88.3842226, 26.5986801 ], [ 88.3793673, 26.5980139 ], [ 88.3760392, 26.5946956 ], [ 88.3741175, 26.5793875 ], [ 88.370053, 26.5750773 ], [ 88.3716337, 26.5687485 ], [ 88.3708865, 26.5605525 ], [ 88.3655347, 26.5558251 ], [ 88.3653229, 26.5519691 ], [ 88.3571529, 26.5417676 ], [ 88.3593939, 26.5300696 ], [ 88.3519066, 26.5231992 ], [ 88.3530714, 26.5159247 ], [ 88.3494793, 26.5091076 ], [ 88.3435088, 26.5032593 ], [ 88.3377445, 26.5005124 ], [ 88.3321215, 26.4930571 ], [ 88.3319214, 26.4818005 ], [ 88.3344927, 26.4815003 ], [ 88.3337814, 26.4786826 ], [ 88.3350602, 26.4780415 ], [ 88.3377356, 26.4789045 ], [ 88.3408591, 26.4781653 ], [ 88.3404925, 26.4689416 ], [ 88.3470188, 26.4682594 ], [ 88.3465182, 26.4658957 ], [ 88.3485659, 26.4654918 ], [ 88.3483016, 26.4599354 ], [ 88.3496626, 26.4593318 ], [ 88.3509821, 26.4542442 ], [ 88.3533825, 26.4511479 ], [ 88.3521697, 26.4480768 ], [ 88.3548236, 26.4470216 ], [ 88.3570098, 26.4523333 ], [ 88.361548, 26.4549863 ], [ 88.3590186, 26.4568082 ], [ 88.3606712, 26.4605069 ], [ 88.3603966, 26.4644733 ], [ 88.3657267, 26.4710911 ], [ 88.3656747, 26.4722398 ], [ 88.3620688, 26.473812 ], [ 88.3625623, 26.4775761 ], [ 88.3620023, 26.4804385 ], [ 88.3603156, 26.4813788 ], [ 88.3605339, 26.4845604 ], [ 88.3640005, 26.4868531 ], [ 88.3712392, 26.4882054 ], [ 88.3744936, 26.4884464 ], [ 88.3757844, 26.4839689 ], [ 88.3862627, 26.482851 ], [ 88.3885454, 26.4783005 ], [ 88.3998969, 26.4819052 ], [ 88.4008226, 26.484631 ], [ 88.4028079, 26.4860677 ], [ 88.4049217, 26.4858367 ], [ 88.405018, 26.4806174 ], [ 88.4086507, 26.4794975 ], [ 88.4086148, 26.4771336 ], [ 88.4104633, 26.4769142 ], [ 88.4102002, 26.4749401 ], [ 88.4116832, 26.4748163 ], [ 88.4126515, 26.4722446 ], [ 88.4145687, 26.4722263 ], [ 88.4153624, 26.4692158 ], [ 88.4186851, 26.4692689 ], [ 88.4185444, 26.4667691 ], [ 88.4197593, 26.4657461 ], [ 88.422538, 26.4659891 ], [ 88.4213222, 26.4680092 ], [ 88.4229905, 26.4698366 ], [ 88.4228404, 26.4726805 ], [ 88.4277342, 26.4730136 ], [ 88.4305456, 26.4703497 ], [ 88.4336191, 26.4724141 ], [ 88.4326283, 26.4690006 ], [ 88.4374117, 26.4659139 ], [ 88.4588646, 26.466623 ], [ 88.4852456, 26.4602567 ], [ 88.484289, 26.4566225 ], [ 88.4798909, 26.454926 ], [ 88.4789301, 26.4523039 ], [ 88.4807602, 26.4505674 ], [ 88.4865292, 26.4505731 ], [ 88.4865649, 26.4454427 ], [ 88.4908329, 26.4439715 ], [ 88.4912147, 26.4402033 ], [ 88.4962151, 26.4370617 ], [ 88.4955851, 26.4332121 ], [ 88.4897844, 26.4318694 ], [ 88.4896606, 26.4300135 ], [ 88.4908169, 26.4285098 ], [ 88.4965652, 26.4276491 ], [ 88.4983815, 26.4251933 ], [ 88.4941216, 26.4223168 ], [ 88.494013, 26.4187381 ], [ 88.4960668, 26.4170244 ], [ 88.5014906, 26.4182149 ], [ 88.5027536, 26.4174809 ], [ 88.4984922, 26.4124821 ], [ 88.4960029, 26.4113924 ], [ 88.4955942, 26.4095419 ], [ 88.5002255, 26.4079158 ], [ 88.502799, 26.4030423 ], [ 88.5053364, 26.4043877 ], [ 88.5066956, 26.4069016 ], [ 88.5089631, 26.4072076 ], [ 88.5105692, 26.4043251 ], [ 88.5100618, 26.4016204 ], [ 88.5058127, 26.4003185 ], [ 88.5050452, 26.3987142 ], [ 88.5098138, 26.3934917 ], [ 88.5103333, 26.3903763 ], [ 88.5129098, 26.3876312 ], [ 88.5145012, 26.3873537 ], [ 88.5167794, 26.390204 ], [ 88.519213, 26.3900015 ], [ 88.5188175, 26.3881738 ], [ 88.5157489, 26.3855317 ], [ 88.5128252, 26.3777665 ], [ 88.5171922, 26.370568 ], [ 88.519245, 26.3710308 ], [ 88.5232173, 26.3754209 ], [ 88.5247864, 26.3747959 ], [ 88.5220876, 26.3702072 ], [ 88.5221552, 26.3670219 ], [ 88.5153723, 26.3653348 ], [ 88.5165345, 26.3624532 ], [ 88.5212984, 26.3631925 ], [ 88.5232381, 26.3605427 ], [ 88.517783, 26.3565606 ], [ 88.5185464, 26.3516019 ], [ 88.5099814, 26.3527508 ], [ 88.510017, 26.3503988 ], [ 88.5075602, 26.3510756 ], [ 88.5069034, 26.3487583 ], [ 88.5049987, 26.3485501 ], [ 88.5036619, 26.3503281 ], [ 88.5057624, 26.3506903 ], [ 88.5054782, 26.3561361 ], [ 88.5070619, 26.3564406 ], [ 88.5063245, 26.3581881 ], [ 88.5079958, 26.3593894 ], [ 88.5078376, 26.3622326 ], [ 88.5057212, 26.3635678 ], [ 88.5037104, 26.3602464 ], [ 88.4969037, 26.3589604 ], [ 88.488402, 26.360276 ], [ 88.4919131, 26.3514068 ], [ 88.4883722, 26.3508817 ], [ 88.4884689, 26.348828 ], [ 88.482362, 26.3497028 ], [ 88.4803246, 26.350681 ], [ 88.4802263, 26.3532064 ], [ 88.4773406, 26.354267 ], [ 88.4774014, 26.3577302 ], [ 88.4741659, 26.3579329 ], [ 88.4741172, 26.3569384 ], [ 88.4718103, 26.35646 ], [ 88.4683489, 26.3586284 ], [ 88.4632066, 26.3573819 ], [ 88.4625044, 26.3606359 ], [ 88.4586197, 26.3621078 ], [ 88.459458, 26.3639584 ], [ 88.4573344, 26.3644454 ], [ 88.4573853, 26.366545 ], [ 88.4602279, 26.3689012 ], [ 88.4595158, 26.3711036 ], [ 88.4575294, 26.3713701 ], [ 88.459175, 26.3740315 ], [ 88.4590748, 26.3769821 ], [ 88.4577234, 26.3766599 ], [ 88.4563464, 26.3718823 ], [ 88.4517115, 26.3703747 ], [ 88.4510117, 26.3660835 ], [ 88.4460881, 26.3644011 ], [ 88.4465443, 26.3629378 ], [ 88.4439825, 26.3601352 ], [ 88.4446189, 26.3581692 ], [ 88.4423943, 26.3557133 ], [ 88.4426564, 26.3528351 ], [ 88.4401216, 26.3517242 ], [ 88.4392144, 26.3501239 ], [ 88.4407749, 26.3494293 ], [ 88.4405588, 26.3484077 ], [ 88.4379265, 26.3463107 ], [ 88.4388723, 26.3442421 ], [ 88.4368803, 26.3415868 ], [ 88.4388808, 26.3406446 ], [ 88.4364459, 26.3401441 ], [ 88.4354562, 26.3357654 ], [ 88.4337614, 26.3350407 ], [ 88.424661, 26.3362957 ], [ 88.4245904, 26.335142 ], [ 88.4130238, 26.337372 ], [ 88.4108838, 26.3355348 ], [ 88.4121197, 26.3346505 ], [ 88.4041341, 26.3293904 ], [ 88.4037825, 26.3280877 ], [ 88.4078633, 26.3276789 ], [ 88.4070186, 26.3236479 ], [ 88.4112495, 26.3230472 ], [ 88.4156473, 26.3243166 ], [ 88.416553, 26.3216527 ], [ 88.4149387, 26.3148229 ], [ 88.4129798, 26.3161824 ], [ 88.3983833, 26.3170364 ], [ 88.3977224, 26.315498 ], [ 88.3948188, 26.3159114 ], [ 88.3945084, 26.3145048 ], [ 88.3915445, 26.314344 ], [ 88.3902586, 26.3128037 ], [ 88.3892467, 26.3149227 ], [ 88.3873093, 26.3140767 ], [ 88.3874569, 26.312834 ], [ 88.3846612, 26.3132587 ], [ 88.3846859, 26.3110416 ], [ 88.3832845, 26.3117224 ], [ 88.3835563, 26.309358 ], [ 88.3826407, 26.3101592 ], [ 88.3834117, 26.3091692 ], [ 88.3842845, 26.3099122 ], [ 88.3843195, 26.3092534 ], [ 88.3824988, 26.3085154 ], [ 88.3795156, 26.3095509 ], [ 88.3784347, 26.3053806 ], [ 88.3761728, 26.3049457 ], [ 88.3756642, 26.3063638 ], [ 88.3734365, 26.3062803 ], [ 88.3745997, 26.3041558 ], [ 88.373073, 26.302828 ], [ 88.3723567, 26.3045558 ], [ 88.3734318, 26.3053675 ], [ 88.3712882, 26.3057764 ], [ 88.369237, 26.303253 ], [ 88.368483, 26.29957 ], [ 88.3653151, 26.3002014 ], [ 88.3631326, 26.2981133 ], [ 88.3639465, 26.2942339 ], [ 88.3603347, 26.2913933 ], [ 88.3589943, 26.2881308 ], [ 88.3551487, 26.2855507 ], [ 88.3537694, 26.2871763 ], [ 88.3524858, 26.2824194 ], [ 88.349668, 26.2822499 ], [ 88.3505791, 26.2795248 ], [ 88.349183, 26.2777185 ], [ 88.3508324, 26.2755242 ], [ 88.3518575, 26.2758326 ], [ 88.3488021, 26.2738728 ], [ 88.3502726, 26.2718993 ], [ 88.348062, 26.2688355 ], [ 88.3496833, 26.2675428 ], [ 88.3513244, 26.2683849 ], [ 88.3520006, 26.267238 ], [ 88.3499037, 26.265272 ], [ 88.3514141, 26.2633872 ], [ 88.3501739, 26.2615741 ], [ 88.3499882, 26.2563248 ], [ 88.3483214, 26.2548137 ], [ 88.3496515, 26.2523068 ], [ 88.3485841, 26.2502773 ], [ 88.3514597, 26.2503399 ], [ 88.3537995, 26.248046 ], [ 88.3539252, 26.2467711 ], [ 88.3501247, 26.2481539 ], [ 88.3512193, 26.2456703 ], [ 88.3549486, 26.2453181 ], [ 88.3596632, 26.2423594 ], [ 88.358561, 26.2398551 ], [ 88.3544195, 26.2383142 ], [ 88.3549415, 26.2359551 ], [ 88.3565746, 26.2358854 ], [ 88.3560624, 26.2327208 ], [ 88.3512463, 26.2304885 ], [ 88.3510146, 26.2282642 ], [ 88.3533387, 26.2266278 ], [ 88.351142, 26.2253832 ], [ 88.3499349, 26.2264651 ], [ 88.351597, 26.222676 ], [ 88.35051, 26.2204227 ], [ 88.3478418, 26.2217485 ], [ 88.339623, 26.217491 ], [ 88.3335394, 26.2159203 ], [ 88.3312018, 26.2170485 ], [ 88.331324, 26.2128829 ], [ 88.3284133, 26.2134196 ], [ 88.326595, 26.2106483 ], [ 88.3231097, 26.2102177 ], [ 88.3257419, 26.2060065 ], [ 88.3198448, 26.2028546 ], [ 88.3170713, 26.2048672 ], [ 88.3137824, 26.2030496 ], [ 88.3084705, 26.2043527 ], [ 88.30511, 26.2012491 ], [ 88.3046448, 26.1990799 ], [ 88.3027777, 26.2017994 ], [ 88.301297, 26.2019841 ], [ 88.3008827, 26.1986076 ], [ 88.2988277, 26.1972689 ], [ 88.2963982, 26.200015 ], [ 88.2922426, 26.1983545 ], [ 88.292019, 26.2000624 ], [ 88.2934991, 26.2013233 ], [ 88.2924272, 26.202183 ], [ 88.290359, 26.2015121 ], [ 88.2876407, 26.1973785 ], [ 88.2870358, 26.1999783 ], [ 88.2858127, 26.2001517 ], [ 88.2829089, 26.1969209 ], [ 88.283741, 26.194748 ], [ 88.2794331, 26.1945253 ], [ 88.2790327, 26.1919524 ], [ 88.2776462, 26.1915214 ], [ 88.2763217, 26.1885716 ], [ 88.2713213, 26.1883371 ], [ 88.269342, 26.1864837 ], [ 88.2649162, 26.1879497 ], [ 88.2637215, 26.1901019 ], [ 88.2594207, 26.186488 ], [ 88.2568948, 26.1888476 ], [ 88.2535446, 26.1884413 ], [ 88.2533679, 26.1851035 ], [ 88.250896, 26.1857506 ], [ 88.2494954, 26.1899113 ], [ 88.2451667, 26.1896452 ], [ 88.2451913, 26.187032 ], [ 88.2434761, 26.1874711 ], [ 88.2448608, 26.1894569 ], [ 88.2418261, 26.1890833 ], [ 88.2415987, 26.186276 ], [ 88.2385303, 26.1852737 ], [ 88.2364837, 26.1826742 ], [ 88.2350611, 26.1827605 ], [ 88.2344939, 26.1849266 ], [ 88.233491, 26.1845387 ], [ 88.2332862, 26.1811973 ], [ 88.237332, 26.1773118 ], [ 88.2336278, 26.1763664 ], [ 88.2333923, 26.1736334 ], [ 88.2299199, 26.171839 ], [ 88.228088, 26.1735766 ], [ 88.2261875, 26.173024 ], [ 88.2256359, 26.1712814 ], [ 88.2278318, 26.1696436 ], [ 88.2269355, 26.1683891 ], [ 88.2242341, 26.1693012 ], [ 88.2229756, 26.1661841 ], [ 88.2183168, 26.1663333 ], [ 88.2171107, 26.1702703 ], [ 88.2144284, 26.1700017 ], [ 88.2117391, 26.1673574 ], [ 88.2165768, 26.1651679 ], [ 88.2162174, 26.1633029 ], [ 88.2113205, 26.1607044 ], [ 88.2077392, 26.1609831 ], [ 88.2056556, 26.1592401 ], [ 88.2010599, 26.1593264 ], [ 88.1992916, 26.1630828 ], [ 88.1967903, 26.1634887 ], [ 88.1962633, 26.1596828 ], [ 88.1915358, 26.1570262 ], [ 88.1923027, 26.155039 ], [ 88.1959199, 26.1546532 ], [ 88.1950796, 26.1522151 ], [ 88.1935312, 26.152205 ], [ 88.1904081, 26.1552921 ], [ 88.1840124, 26.1534503 ], [ 88.1817556, 26.1497265 ], [ 88.1794928, 26.1497823 ], [ 88.1772762, 26.1480566 ], [ 88.1767468, 26.1424579 ], [ 88.1800372, 26.139171 ], [ 88.1778441, 26.1332751 ], [ 88.1739741, 26.1301305 ], [ 88.1738986, 26.1282565 ], [ 88.177863, 26.1257665 ], [ 88.1783933, 26.1235666 ], [ 88.1734002, 26.1189896 ], [ 88.1734448, 26.1127311 ], [ 88.1720124, 26.1102909 ], [ 88.1651512, 26.1088061 ], [ 88.1633392, 26.1072773 ], [ 88.1633526, 26.1004221 ], [ 88.1594107, 26.0981588 ], [ 88.1584517, 26.0952966 ], [ 88.1615877, 26.0906101 ], [ 88.1612704, 26.0887095 ], [ 88.1649198, 26.0896115 ], [ 88.1656403, 26.0881384 ], [ 88.1648659, 26.0858816 ], [ 88.1595376, 26.0833177 ], [ 88.1583797, 26.0798264 ], [ 88.159341, 26.0779825 ], [ 88.1627451, 26.0768938 ], [ 88.1686027, 26.0835539 ], [ 88.1696379, 26.0829506 ], [ 88.1688763, 26.0805828 ], [ 88.1735531, 26.0755888 ], [ 88.1833455, 26.0728856 ], [ 88.1814921, 26.0675296 ], [ 88.18539, 26.0650957 ], [ 88.1856656, 26.0636607 ], [ 88.1802342, 26.0582358 ], [ 88.1772427, 26.0597672 ], [ 88.176058, 26.0580519 ], [ 88.177621, 26.0538867 ], [ 88.1776331, 26.0489103 ], [ 88.1793226, 26.0464998 ], [ 88.1735928, 26.0498882 ], [ 88.1710724, 26.0485548 ], [ 88.1695367, 26.0451995 ], [ 88.1744946, 26.0417859 ], [ 88.1754456, 26.0397091 ], [ 88.1712033, 26.0364794 ], [ 88.1718124, 26.0327843 ], [ 88.180928, 26.0305784 ], [ 88.1832077, 26.026777 ], [ 88.1783187, 26.0214403 ], [ 88.1668557, 26.0217183 ], [ 88.1609431, 26.018122 ], [ 88.1550148, 26.0200445 ], [ 88.1500011, 26.0182434 ], [ 88.1471904, 26.0136435 ], [ 88.1438984, 26.0148436 ], [ 88.1397865, 26.012978 ], [ 88.144071, 26.0075607 ], [ 88.1447001, 26.0030677 ], [ 88.1436988, 26.0003648 ], [ 88.1402136, 25.9969538 ], [ 88.1357237, 26.0005886 ], [ 88.1347972, 25.9980347 ], [ 88.1325239, 25.9987538 ], [ 88.1315389, 25.996908 ], [ 88.1296923, 25.9969435 ], [ 88.12901, 25.9928069 ], [ 88.1319029, 25.9898045 ], [ 88.1265463, 25.9809192 ], [ 88.1290336, 25.9802557 ], [ 88.1278949, 25.9766144 ], [ 88.1214416, 25.9745888 ], [ 88.119294, 25.971564 ], [ 88.1206967, 25.968843 ], [ 88.124627, 25.967918 ], [ 88.1242744, 25.9661462 ], [ 88.1187336, 25.9627217 ], [ 88.1151785, 25.9627761 ], [ 88.1155557, 25.9608597 ], [ 88.114028, 25.9583021 ], [ 88.1207238, 25.9524866 ], [ 88.1223745, 25.9483726 ], [ 88.1179283, 25.9437935 ], [ 88.1125886, 25.9434676 ], [ 88.1119057, 25.9413987 ], [ 88.1129482, 25.9394448 ], [ 88.1107607, 25.9355376 ], [ 88.111462, 25.9332504 ], [ 88.1054727, 25.9342825 ], [ 88.1049659, 25.9330957 ], [ 88.1014948, 25.9349393 ], [ 88.0947762, 25.9314334 ], [ 88.0862788, 25.9174729 ], [ 88.0864911, 25.9137175 ], [ 88.0893406, 25.9130515 ], [ 88.0915273, 25.9142691 ], [ 88.0943715, 25.908482 ], [ 88.0931381, 25.9066657 ], [ 88.0911907, 25.9063344 ], [ 88.0903651, 25.9036829 ], [ 88.0938062, 25.8989989 ], [ 88.0907205, 25.8982408 ], [ 88.0902836, 25.8965241 ], [ 88.093596, 25.8945683 ], [ 88.099247, 25.8939889 ], [ 88.1030168, 25.8892497 ], [ 88.0968962, 25.880237 ], [ 88.0989229, 25.8785273 ], [ 88.0956369, 25.8768411 ], [ 88.0941724, 25.873366 ], [ 88.0966432, 25.871174 ], [ 88.0997231, 25.8731207 ], [ 88.1020334, 25.8715676 ], [ 88.1022592, 25.8657289 ], [ 88.1010214, 25.8631738 ], [ 88.1024605, 25.8618147 ], [ 88.1050327, 25.8631897 ], [ 88.1065376, 25.8686554 ], [ 88.1103479, 25.8685173 ], [ 88.1098063, 25.860356 ], [ 88.1138703, 25.8545025 ], [ 88.1087729, 25.8465396 ], [ 88.1028345, 25.8456069 ], [ 88.1012218, 25.8430801 ], [ 88.1027229, 25.8408853 ], [ 88.1073433, 25.8403192 ], [ 88.1083293, 25.8387155 ], [ 88.1069161, 25.8339152 ], [ 88.1026625, 25.8315239 ], [ 88.1017221, 25.8288005 ], [ 88.1040022, 25.8263483 ], [ 88.1057703, 25.8262463 ], [ 88.1081085, 25.8228649 ], [ 88.107422, 25.8221081 ], [ 88.1089126, 25.822997 ], [ 88.1116133, 25.8216518 ], [ 88.1070987, 25.8151053 ], [ 88.1129348, 25.8156068 ], [ 88.1201136, 25.812435 ], [ 88.1158184, 25.8047502 ], [ 88.1144768, 25.7979408 ], [ 88.124966, 25.7962212 ], [ 88.1277943, 25.7980032 ], [ 88.1345413, 25.7975719 ], [ 88.1436654, 25.7936945 ], [ 88.1444691, 25.7867842 ], [ 88.1416855, 25.7801461 ], [ 88.1451313, 25.7795716 ], [ 88.148164, 25.781406 ], [ 88.1471103, 25.7762923 ], [ 88.1514947, 25.7755509 ], [ 88.1564649, 25.7785365 ], [ 88.1566144, 25.7816214 ], [ 88.1591089, 25.7822612 ], [ 88.1583404, 25.7851914 ], [ 88.1597258, 25.7857813 ], [ 88.1595751, 25.7875962 ], [ 88.1646746, 25.7894208 ], [ 88.173105, 25.7866128 ], [ 88.1761108, 25.7938289 ], [ 88.180339, 25.7932564 ], [ 88.1810937, 25.795047 ], [ 88.1798971, 25.7947565 ], [ 88.1799121, 25.7966094 ], [ 88.1818984, 25.7961587 ], [ 88.1810278, 25.7990805 ], [ 88.1837731, 25.8016902 ], [ 88.1887471, 25.8006761 ], [ 88.1897743, 25.802488 ], [ 88.1934949, 25.8015331 ], [ 88.1929265, 25.8000387 ], [ 88.1948125, 25.7990279 ], [ 88.1942926, 25.7980501 ], [ 88.1988056, 25.7951547 ], [ 88.2002382, 25.7918416 ], [ 88.1994936, 25.7899597 ], [ 88.2095096, 25.7868087 ], [ 88.2100914, 25.791159 ], [ 88.2126785, 25.7915848 ], [ 88.2119966, 25.7938602 ], [ 88.2119112, 25.7926866 ], [ 88.2103149, 25.7932064 ], [ 88.2109888, 25.7961607 ], [ 88.2130634, 25.7981027 ], [ 88.2153756, 25.7975682 ], [ 88.2156704, 25.8014272 ], [ 88.2228076, 25.7968857 ], [ 88.2264675, 25.7994958 ], [ 88.2281949, 25.7967675 ], [ 88.2310152, 25.7967499 ], [ 88.2322627, 25.7977482 ], [ 88.2306681, 25.8004505 ], [ 88.2335188, 25.8004455 ], [ 88.2301573, 25.802607 ], [ 88.2331167, 25.8039672 ], [ 88.2327262, 25.8056429 ], [ 88.2351996, 25.8063705 ], [ 88.236267, 25.8094402 ], [ 88.2445635, 25.809317 ], [ 88.2446318, 25.8072288 ], [ 88.2469176, 25.8059694 ], [ 88.2486402, 25.8134031 ], [ 88.2518698, 25.8116121 ], [ 88.2587442, 25.8112329 ], [ 88.2596559, 25.8138265 ], [ 88.2695537, 25.8081767 ], [ 88.2711391, 25.8034216 ], [ 88.2718676, 25.7906219 ], [ 88.27011, 25.7883724 ], [ 88.2698249, 25.7846372 ], [ 88.2670432, 25.7838902 ], [ 88.2665844, 25.7825788 ], [ 88.2731454, 25.7792065 ], [ 88.2782159, 25.7744142 ], [ 88.2819738, 25.7755877 ], [ 88.2908386, 25.7737644 ], [ 88.2891048, 25.7678216 ], [ 88.2997375, 25.7642952 ], [ 88.2984196, 25.7632281 ], [ 88.3002131, 25.7627026 ], [ 88.2991138, 25.7608947 ], [ 88.3171692, 25.7525222 ], [ 88.3150869, 25.7465453 ], [ 88.3207569, 25.7451764 ], [ 88.3183062, 25.7427144 ], [ 88.319575, 25.7425052 ], [ 88.3208362, 25.7378125 ], [ 88.3255053, 25.7375289 ], [ 88.3280767, 25.7400566 ], [ 88.3375879, 25.737623 ], [ 88.3372918, 25.7354291 ], [ 88.3409516, 25.7347765 ], [ 88.3439994, 25.7296334 ], [ 88.3506317, 25.7300443 ], [ 88.3513699, 25.7285561 ], [ 88.355467, 25.7271754 ], [ 88.3562139, 25.7292301 ], [ 88.3588494, 25.7280681 ], [ 88.3568018, 25.721295 ], [ 88.3637998, 25.7201332 ], [ 88.3657558, 25.7171752 ], [ 88.3708305, 25.715751 ], [ 88.3742519, 25.7170662 ], [ 88.3754562, 25.7148096 ], [ 88.3732386, 25.7096786 ], [ 88.3699453, 25.7099604 ], [ 88.3697869, 25.7086792 ], [ 88.3720874, 25.7077675 ], [ 88.3705554, 25.7012472 ], [ 88.3715576, 25.696927 ], [ 88.3815943, 25.6974157 ], [ 88.3832809, 25.695415 ], [ 88.3853601, 25.6956509 ], [ 88.3852334, 25.6944304 ], [ 88.3915071, 25.6935186 ], [ 88.3893461, 25.6888695 ], [ 88.3901923, 25.6840078 ], [ 88.4018334, 25.6859696 ], [ 88.4051834, 25.68422 ], [ 88.4019556, 25.6725276 ], [ 88.4140327, 25.6699769 ], [ 88.4184454, 25.6678018 ], [ 88.4203823, 25.6702964 ], [ 88.4243705, 25.6703902 ], [ 88.4245914, 25.6690306 ], [ 88.4266349, 25.669752 ], [ 88.4391147, 25.6677846 ], [ 88.4440254, 25.6650855 ], [ 88.4535534, 25.6649988 ], [ 88.4539521, 25.6575244 ], [ 88.4561396, 25.6530913 ], [ 88.4542585, 25.6448711 ], [ 88.4559648, 25.6440955 ], [ 88.4563692, 25.6412632 ], [ 88.4546003, 25.6291801 ], [ 88.4558051, 25.6285808 ], [ 88.448731, 25.6238884 ], [ 88.4484009, 25.6185485 ], [ 88.4451633, 25.6154947 ], [ 88.4450988, 25.6137836 ], [ 88.4470116, 25.6142167 ], [ 88.4466018, 25.6114324 ], [ 88.4483252, 25.6079178 ], [ 88.4475673, 25.6055972 ], [ 88.4492415, 25.6045178 ], [ 88.4472418, 25.6014229 ], [ 88.4451687, 25.6007488 ], [ 88.4447394, 25.5965424 ], [ 88.4576498, 25.598684 ], [ 88.4572861, 25.5959934 ], [ 88.4594704, 25.5934521 ], [ 88.4657717, 25.5918289 ], [ 88.4671029, 25.5892546 ], [ 88.4657525, 25.5869136 ], [ 88.4695271, 25.5883209 ], [ 88.4682093, 25.5836663 ], [ 88.4695054, 25.5831404 ], [ 88.4719697, 25.5852425 ], [ 88.4807757, 25.5856485 ], [ 88.4810802, 25.5820071 ], [ 88.4826287, 25.5822213 ], [ 88.4836411, 25.586499 ], [ 88.4911636, 25.5845883 ], [ 88.4926719, 25.5826577 ], [ 88.4940004, 25.5826931 ], [ 88.4934181, 25.5841838 ], [ 88.494339, 25.5844632 ], [ 88.4999154, 25.5839493 ], [ 88.4992281, 25.5740268 ], [ 88.4937056, 25.563577 ], [ 88.4935448, 25.5589414 ], [ 88.4989926, 25.5586652 ], [ 88.4979782, 25.5553428 ], [ 88.5004621, 25.5507082 ], [ 88.5078425, 25.5477318 ], [ 88.5090915, 25.5441365 ], [ 88.5093333, 25.5454011 ], [ 88.511612, 25.5454007 ], [ 88.5139817, 25.5474897 ], [ 88.5196905, 25.5446169 ], [ 88.5191549, 25.5380946 ], [ 88.523492, 25.5351606 ], [ 88.5276957, 25.5433329 ], [ 88.5330923, 25.5420992 ], [ 88.532797, 25.5322152 ], [ 88.5344867, 25.5320987 ], [ 88.534399, 25.5337298 ], [ 88.5394266, 25.53475 ], [ 88.5402878, 25.5326143 ], [ 88.5394774, 25.5266352 ], [ 88.5411353, 25.5261006 ], [ 88.5384847, 25.5255 ], [ 88.5373759, 25.5210326 ], [ 88.5404134, 25.5198647 ], [ 88.5395556, 25.5148097 ], [ 88.5411787, 25.5118781 ], [ 88.5397379, 25.5105576 ], [ 88.5399528, 25.5082961 ], [ 88.54638, 25.5084129 ], [ 88.5468806, 25.5091254 ], [ 88.5446685, 25.5106688 ], [ 88.5483571, 25.5137526 ], [ 88.5480069, 25.5181587 ], [ 88.5502784, 25.5185683 ], [ 88.5523562, 25.5207869 ], [ 88.5549279, 25.5208846 ], [ 88.5551672, 25.5196227 ], [ 88.5531032, 25.5153271 ], [ 88.5600843, 25.5125086 ], [ 88.5682986, 25.5139099 ], [ 88.5678181, 25.5112024 ], [ 88.572864, 25.509706 ], [ 88.572856, 25.5088045 ], [ 88.5776919, 25.508314 ], [ 88.578521, 25.5098388 ], [ 88.5854849, 25.5097322 ], [ 88.5878959, 25.5072529 ], [ 88.5908861, 25.5093648 ], [ 88.5954526, 25.5059624 ], [ 88.5976666, 25.5065473 ], [ 88.6024348, 25.5156899 ], [ 88.6090869, 25.5163022 ], [ 88.6099501, 25.5110367 ], [ 88.6073801, 25.5085928 ], [ 88.6130331, 25.5098693 ], [ 88.6160733, 25.5051106 ], [ 88.6196792, 25.5037683 ], [ 88.6224766, 25.4969553 ], [ 88.6408147, 25.4998624 ], [ 88.6449707, 25.4985556 ], [ 88.6452323, 25.4968728 ], [ 88.648364, 25.4963989 ], [ 88.6484349, 25.493059 ], [ 88.6457652, 25.4940965 ], [ 88.6426962, 25.4926844 ], [ 88.6440771, 25.4908369 ], [ 88.6470517, 25.4778193 ], [ 88.652597, 25.481059 ], [ 88.659971, 25.4816955 ], [ 88.6622686, 25.4783782 ], [ 88.6629982, 25.4736442 ], [ 88.670194, 25.475097 ], [ 88.6707111, 25.4741196 ], [ 88.6776235, 25.4739891 ], [ 88.6885365, 25.4754711 ], [ 88.6904931, 25.4741027 ], [ 88.694468, 25.4740913 ], [ 88.6994954, 25.4711941 ], [ 88.7004337, 25.4759473 ], [ 88.7075302, 25.4769537 ], [ 88.7064519, 25.4798154 ], [ 88.7104095, 25.4805954 ], [ 88.7080457, 25.4922819 ], [ 88.7092276, 25.4967165 ], [ 88.7075166, 25.4998674 ], [ 88.7132918, 25.4999845 ], [ 88.7132551, 25.4977826 ], [ 88.7118775, 25.4967689 ], [ 88.7138208, 25.4955652 ], [ 88.7133528, 25.498079 ], [ 88.7154367, 25.4985185 ], [ 88.7147329, 25.499396 ], [ 88.7209633, 25.4997076 ], [ 88.7215474, 25.5015431 ], [ 88.7264511, 25.5022138 ], [ 88.7264889, 25.5032896 ], [ 88.7421498, 25.5049946 ], [ 88.7439212, 25.4947795 ], [ 88.7420012, 25.4947862 ], [ 88.7400405, 25.4893042 ], [ 88.7448056, 25.4879008 ], [ 88.7459365, 25.4918072 ], [ 88.7481075, 25.4934002 ], [ 88.7537036, 25.4941074 ], [ 88.7600753, 25.4927541 ], [ 88.7688457, 25.4985406 ], [ 88.7708141, 25.5051294 ], [ 88.769308, 25.5048819 ], [ 88.7688063, 25.5033813 ], [ 88.7658783, 25.5041142 ], [ 88.7592407, 25.5111975 ], [ 88.7610552, 25.516804 ], [ 88.7603859, 25.5220549 ], [ 88.7582052, 25.5220985 ], [ 88.7588436, 25.5252642 ], [ 88.7674568, 25.5251619 ], [ 88.7684483, 25.5216638 ], [ 88.7761706, 25.5185709 ], [ 88.7760451, 25.516421 ], [ 88.7802819, 25.5152245 ], [ 88.7864226, 25.5164083 ], [ 88.7851787, 25.518443 ], [ 88.7914493, 25.5205576 ], [ 88.7924364, 25.522715 ], [ 88.8032608, 25.5242844 ], [ 88.8105267, 25.5231416 ], [ 88.8080366, 25.5131867 ], [ 88.8106217, 25.5090167 ], [ 88.8091769, 25.5060943 ], [ 88.8095774, 25.4988427 ], [ 88.811092, 25.4970279 ], [ 88.8122668, 25.4912883 ], [ 88.8138792, 25.4879246 ], [ 88.829657, 25.4902547 ], [ 88.833697, 25.4783069 ], [ 88.8373866, 25.4728118 ], [ 88.8375372, 25.4697255 ], [ 88.8351815, 25.4633543 ], [ 88.8393312, 25.4583385 ], [ 88.8379062, 25.4533073 ], [ 88.8285564, 25.4487626 ], [ 88.8318305, 25.4486108 ], [ 88.8262384, 25.4444808 ], [ 88.8268845, 25.4374504 ], [ 88.8321067, 25.4369175 ], [ 88.8331436, 25.4347984 ], [ 88.8324746, 25.4315218 ], [ 88.8343081, 25.4316586 ], [ 88.8343163, 25.4273962 ], [ 88.829866, 25.4275878 ], [ 88.8285629, 25.4259093 ], [ 88.8307779, 25.423204 ], [ 88.8300013, 25.4169446 ], [ 88.8196416, 25.4152572 ], [ 88.8202346, 25.4179351 ], [ 88.8183472, 25.4180632 ], [ 88.8174463, 25.4149121 ], [ 88.812295, 25.4105436 ], [ 88.8232136, 25.409519 ], [ 88.8237621, 25.4013623 ], [ 88.8371945, 25.4017958 ], [ 88.8380234, 25.3973094 ], [ 88.8408559, 25.3976341 ], [ 88.8410322, 25.392978 ], [ 88.8369574, 25.3907398 ], [ 88.8367984, 25.3843494 ], [ 88.8405427, 25.3837394 ], [ 88.8417229, 25.3816099 ], [ 88.8384751, 25.3814034 ], [ 88.8384706, 25.3742296 ], [ 88.8394464, 25.3737464 ], [ 88.8378442, 25.3680441 ], [ 88.8401469, 25.3680808 ], [ 88.8401849, 25.3637604 ], [ 88.8457648, 25.3635643 ], [ 88.845691, 25.3620607 ], [ 88.8540317, 25.3631737 ], [ 88.8557987, 25.3574748 ], [ 88.8549406, 25.354828 ], [ 88.8625871, 25.3550653 ], [ 88.8637507, 25.3516637 ], [ 88.86892, 25.3522086 ], [ 88.8692577, 25.3494107 ], [ 88.8677541, 25.3484482 ], [ 88.8683195, 25.3440045 ], [ 88.8664809, 25.3429719 ], [ 88.8725894, 25.3394838 ], [ 88.87369, 25.3367079 ], [ 88.875699, 25.3372793 ], [ 88.8764444, 25.3331999 ], [ 88.8838293, 25.3262986 ], [ 88.8885418, 25.3260614 ], [ 88.8857345, 25.3338867 ], [ 88.888482, 25.3371208 ], [ 88.9061977, 25.3376714 ], [ 88.9061907, 25.3277223 ], [ 88.9099517, 25.3234874 ], [ 88.909741, 25.3214416 ], [ 88.9132888, 25.3154644 ], [ 88.9155777, 25.3148415 ], [ 88.915521, 25.3120275 ], [ 88.9240147, 25.3120216 ], [ 88.9248261, 25.3149225 ], [ 88.9279957, 25.3151992 ], [ 88.9278016, 25.3171956 ], [ 88.92883, 25.3162095 ], [ 88.9294614, 25.3040833 ], [ 88.9341578, 25.3038525 ], [ 88.9383663, 25.3022984 ], [ 88.9392293, 25.3006596 ], [ 88.9446266, 25.3012551 ], [ 88.9454204, 25.3027793 ], [ 88.9477021, 25.3023179 ], [ 88.9502272, 25.303646 ], [ 88.9530082, 25.3019897 ], [ 88.9558501, 25.3026836 ], [ 88.9576391, 25.3007486 ], [ 88.9603849, 25.3015249 ], [ 88.9610109, 25.3059024 ], [ 88.9714444, 25.3009394 ], [ 88.9745596, 25.3015495 ], [ 88.9759254, 25.3061923 ], [ 88.9853075, 25.3059418 ], [ 88.982763, 25.3031532 ], [ 88.9834892, 25.3010647 ], [ 88.9864718, 25.3018948 ], [ 88.9851868, 25.2988047 ], [ 88.9900693, 25.2990117 ], [ 88.9925758, 25.2961983 ], [ 88.9952749, 25.2970361 ], [ 88.9961186, 25.2956319 ], [ 88.9987035, 25.2966737 ], [ 89.0017197, 25.2960936 ], [ 89.0033777, 25.2993744 ], [ 89.0063485, 25.299887 ], [ 89.0058368, 25.302872 ], [ 89.0088975, 25.3030681 ], [ 89.0094419, 25.2990344 ], [ 89.0062184, 25.2761557 ], [ 89.0076294, 25.2636166 ], [ 89.004392, 25.2650584 ], [ 89.0053342, 25.2689874 ], [ 88.9933733, 25.2701042 ], [ 88.9923721, 25.2736667 ], [ 88.9868212, 25.2744508 ], [ 88.9839095, 25.26826 ], [ 88.982272, 25.2685708 ], [ 88.9826571, 25.2673063 ], [ 88.9814275, 25.2671275 ], [ 88.9810748, 25.2657638 ], [ 88.982274, 25.2648812 ], [ 88.9798424, 25.2636236 ], [ 88.9758699, 25.2640477 ], [ 88.9746461, 25.2601383 ], [ 88.9707562, 25.2603862 ], [ 88.9697795, 25.2579206 ], [ 88.9590199, 25.2543606 ], [ 88.9562957, 25.2550696 ], [ 88.9549409, 25.2533336 ], [ 88.9551669, 25.2503094 ], [ 88.9521268, 25.2474865 ], [ 88.9506294, 25.2439426 ], [ 88.9543637, 25.2370786 ], [ 88.9518681, 25.2332656 ], [ 88.951955, 25.2301095 ], [ 88.9577943, 25.223123 ], [ 88.9580439, 25.2144336 ], [ 88.9617712, 25.2090705 ], [ 88.9607313, 25.2081126 ], [ 88.9578256, 25.2090118 ], [ 88.9549154, 25.2066533 ], [ 88.951738, 25.2073891 ], [ 88.950725, 25.2063104 ], [ 88.9444311, 25.2061123 ], [ 88.9413229, 25.2102313 ], [ 88.9392863, 25.210098 ], [ 88.9380472, 25.2117369 ], [ 88.936437, 25.2105225 ], [ 88.936085, 25.2053832 ], [ 88.9372784, 25.2028365 ], [ 88.9339095, 25.1997319 ], [ 88.9378633, 25.1935135 ], [ 88.9424197, 25.1928211 ], [ 88.9475557, 25.1944457 ], [ 88.9467434, 25.1922429 ], [ 88.9478232, 25.1873625 ], [ 88.9435544, 25.183028 ], [ 88.9495505, 25.1812347 ], [ 88.9488193, 25.176579 ], [ 88.9458758, 25.176745 ], [ 88.9432878, 25.1734934 ], [ 88.9411919, 25.1734382 ], [ 88.9411248, 25.1756667 ], [ 88.9392404, 25.1767922 ], [ 88.9387422, 25.1791897 ], [ 88.9348154, 25.181181 ], [ 88.9325869, 25.180883 ], [ 88.9279453, 25.1765361 ], [ 88.9289073, 25.1743905 ], [ 88.9271734, 25.1745531 ], [ 88.9241373, 25.1718145 ], [ 88.9230756, 25.1649089 ], [ 88.9183879, 25.1672925 ], [ 88.9160172, 25.1666746 ], [ 88.9123958, 25.1680237 ], [ 88.9126692, 25.1779128 ], [ 88.9113055, 25.1783307 ], [ 88.9109829, 25.1803055 ], [ 88.9051029, 25.1787861 ], [ 88.9002183, 25.1802763 ], [ 88.8990496, 25.1824357 ], [ 88.8904454, 25.1847117 ], [ 88.8894213, 25.1846497 ], [ 88.8892919, 25.1784715 ], [ 88.8755047, 25.1793281 ], [ 88.8752176, 25.1856955 ], [ 88.872551, 25.1900807 ], [ 88.8739351, 25.1915582 ], [ 88.8734393, 25.1931976 ], [ 88.874933, 25.1935326 ], [ 88.8749536, 25.1962237 ], [ 88.8740589, 25.1948129 ], [ 88.8715954, 25.1947576 ], [ 88.8714601, 25.1913323 ], [ 88.8689551, 25.1911479 ], [ 88.8678428, 25.1898042 ], [ 88.8643802, 25.1899924 ], [ 88.8649173, 25.2005928 ], [ 88.8585081, 25.20235 ], [ 88.8546626, 25.1999008 ], [ 88.85161, 25.200526 ], [ 88.8497485, 25.2018275 ], [ 88.8499227, 25.2054576 ], [ 88.8486313, 25.2063514 ], [ 88.8501819, 25.210124 ], [ 88.8462862, 25.2090979 ], [ 88.8477536, 25.2112739 ], [ 88.8459453, 25.2108922 ], [ 88.8438048, 25.2137569 ], [ 88.841198, 25.2135874 ], [ 88.8423624, 25.2106237 ], [ 88.8376387, 25.2108973 ], [ 88.8381429, 25.2089995 ], [ 88.8367648, 25.2089951 ], [ 88.8367531, 25.2061624 ], [ 88.8323125, 25.2064919 ], [ 88.8306292, 25.2054421 ], [ 88.826903, 25.1917777 ], [ 88.8230617, 25.1910039 ], [ 88.8227276, 25.1895255 ], [ 88.820972, 25.1904151 ], [ 88.8208395, 25.1885133 ], [ 88.8179079, 25.1888963 ], [ 88.817636, 25.1861313 ], [ 88.8148459, 25.1849106 ], [ 88.8133927, 25.174271 ], [ 88.8063539, 25.1733551 ], [ 88.8058604, 25.1704506 ], [ 88.798891, 25.1709431 ], [ 88.7736727, 25.1793562 ], [ 88.7741694, 25.1853444 ], [ 88.772223, 25.1855482 ], [ 88.7727737, 25.1892373 ], [ 88.7694012, 25.1898451 ], [ 88.7670299, 25.1831224 ], [ 88.7586133, 25.1866162 ], [ 88.7524193, 25.176828 ], [ 88.7490962, 25.1768524 ], [ 88.748579, 25.179345 ], [ 88.7509291, 25.1828152 ], [ 88.7454051, 25.1827937 ], [ 88.7424, 25.1865487 ], [ 88.7345533, 25.1846063 ], [ 88.7353669, 25.1891627 ], [ 88.7336412, 25.1910454 ], [ 88.7342486, 25.1945184 ], [ 88.7328555, 25.1959626 ], [ 88.7330054, 25.1987579 ], [ 88.7297834, 25.1998156 ], [ 88.7280737, 25.1983861 ], [ 88.7244283, 25.1991724 ], [ 88.7236017, 25.2022425 ], [ 88.7175023, 25.2015279 ], [ 88.7148128, 25.2053419 ], [ 88.7152472, 25.2063806 ], [ 88.7116398, 25.2075453 ], [ 88.6886596, 25.2073298 ], [ 88.6876017, 25.2074321 ], [ 88.6875913, 25.2091464 ], [ 88.6800773, 25.2089 ], [ 88.6779882, 25.2055485 ], [ 88.6786418, 25.2032571 ], [ 88.6758154, 25.2025396 ], [ 88.6744489, 25.1996255 ], [ 88.6723647, 25.1984624 ], [ 88.6689007, 25.1982759 ], [ 88.6670544, 25.1987555 ], [ 88.6645077, 25.202667 ], [ 88.6593343, 25.2025647 ], [ 88.6426793, 25.2061174 ], [ 88.6379234, 25.2033047 ], [ 88.6310183, 25.2017121 ], [ 88.6280314, 25.2017961 ], [ 88.6263927, 25.2042004 ], [ 88.6209077, 25.2051807 ], [ 88.6177803, 25.2034873 ], [ 88.6128911, 25.2041321 ], [ 88.6103133, 25.1980605 ], [ 88.5978929, 25.1908638 ], [ 88.5925902, 25.1932524 ], [ 88.590013, 25.1926068 ], [ 88.5910554, 25.1912537 ], [ 88.5912108, 25.1850926 ], [ 88.5893645, 25.1856914 ], [ 88.5869181, 25.1822418 ], [ 88.5814808, 25.1821371 ], [ 88.5796375, 25.1768183 ], [ 88.5741546, 25.1761971 ], [ 88.5711971, 25.1773435 ], [ 88.5700515, 25.1759394 ], [ 88.5655792, 25.1750881 ], [ 88.5593418, 25.1763689 ], [ 88.5557601, 25.1789699 ], [ 88.5597968, 25.1843719 ], [ 88.5599561, 25.1909031 ], [ 88.5576107, 25.1925933 ], [ 88.5478002, 25.1949246 ], [ 88.5461013, 25.1932902 ], [ 88.5421327, 25.1939616 ], [ 88.5407796, 25.1890316 ], [ 88.5378435, 25.1890588 ], [ 88.538482, 25.1881483 ], [ 88.5373305, 25.1869037 ], [ 88.5339775, 25.1875202 ], [ 88.5343444, 25.1920178 ], [ 88.5324827, 25.193772 ], [ 88.5377777, 25.1978176 ], [ 88.5208451, 25.2004031 ], [ 88.5122369, 25.2038043 ], [ 88.5109718, 25.2023497 ], [ 88.5000515, 25.2034348 ], [ 88.4997032, 25.20941 ], [ 88.4985777, 25.2103486 ], [ 88.4949702, 25.2095974 ], [ 88.4943935, 25.2105503 ], [ 88.4854155, 25.2117687 ], [ 88.4820877, 25.2109802 ], [ 88.4794701, 25.2115775 ], [ 88.4789186, 25.2131163 ], [ 88.4754837, 25.2133828 ], [ 88.4742482, 25.2077148 ], [ 88.4713304, 25.2046379 ], [ 88.4696848, 25.2001448 ], [ 88.4717836, 25.1993923 ], [ 88.4717724, 25.1974427 ], [ 88.4671183, 25.1972448 ], [ 88.4633574, 25.1949995 ], [ 88.4436878, 25.1972969 ], [ 88.441847, 25.1846212 ], [ 88.4454378, 25.180146 ], [ 88.4420456, 25.1743389 ], [ 88.4490999, 25.1715687 ], [ 88.4527748, 25.1637511 ], [ 88.4572343, 25.1646158 ], [ 88.4565394, 25.1610095 ], [ 88.4597678, 25.1607458 ], [ 88.4570397, 25.1530824 ], [ 88.4601176, 25.1520274 ], [ 88.4614036, 25.1493856 ], [ 88.4575076, 25.147848 ], [ 88.4608857, 25.144507 ], [ 88.4598679, 25.1432925 ], [ 88.4600001, 25.1387831 ], [ 88.4585945, 25.1402638 ], [ 88.4569193, 25.1392613 ], [ 88.4586585, 25.1355697 ], [ 88.4525953, 25.1317642 ], [ 88.4483076, 25.1308689 ], [ 88.447455, 25.1280667 ], [ 88.4415182, 25.1275281 ], [ 88.4430801, 25.1188382 ], [ 88.4420765, 25.1150165 ], [ 88.4455219, 25.1133445 ], [ 88.4478081, 25.109627 ], [ 88.4441664, 25.0998386 ], [ 88.4468566, 25.0925817 ], [ 88.4464419, 25.082794 ], [ 88.4481123, 25.0802566 ], [ 88.4528698, 25.0793049 ], [ 88.4513174, 25.075703 ], [ 88.4455587, 25.0708016 ], [ 88.4424097, 25.0660582 ], [ 88.4423417, 25.062561 ], [ 88.4381592, 25.0572882 ], [ 88.4354478, 25.0558557 ], [ 88.4355573, 25.0502509 ], [ 88.4378358, 25.0430934 ], [ 88.4471222, 25.0417136 ], [ 88.4526584, 25.0368711 ], [ 88.4503863, 25.0338036 ], [ 88.4456578, 25.0332073 ], [ 88.4443182, 25.0300333 ], [ 88.4449875, 25.0261728 ], [ 88.4385632, 25.0223098 ], [ 88.4415089, 25.0203613 ], [ 88.4406141, 25.0187859 ], [ 88.4383193, 25.0202381 ], [ 88.4388855, 25.0180075 ], [ 88.441168, 25.0178832 ], [ 88.4373445, 25.0157912 ], [ 88.4401029, 25.0152527 ], [ 88.4403085, 25.0132232 ], [ 88.4422074, 25.0130947 ], [ 88.4400243, 25.011496 ], [ 88.4394327, 25.0133255 ], [ 88.4374162, 25.0114955 ], [ 88.4377424, 25.014309 ], [ 88.4351735, 25.0132652 ], [ 88.4368836, 25.0103807 ], [ 88.4346072, 25.0068313 ], [ 88.4365395, 25.0064538 ], [ 88.4340598, 25.0054482 ], [ 88.4317943, 25.0074016 ], [ 88.4274725, 25.0076514 ], [ 88.4280556, 25.0093843 ], [ 88.4265155, 25.0095491 ], [ 88.4273264, 25.0126196 ], [ 88.4255692, 25.0164343 ], [ 88.4257833, 25.0132947 ], [ 88.4270316, 25.0122878 ], [ 88.4256572, 25.0109342 ], [ 88.4254869, 25.0067034 ], [ 88.4220898, 25.0069177 ], [ 88.4193004, 25.0018019 ], [ 88.4204905, 24.9996865 ], [ 88.4179573, 24.9982902 ], [ 88.412093, 24.9988112 ], [ 88.4119733, 24.9960241 ], [ 88.4135879, 24.9968752 ], [ 88.4144572, 24.9945139 ], [ 88.411716, 24.9854777 ], [ 88.4166092, 24.9851482 ], [ 88.418724, 24.9831842 ], [ 88.4123152, 24.9823024 ], [ 88.4162354, 24.9802028 ], [ 88.4174276, 24.9748331 ], [ 88.4153143, 24.9731389 ], [ 88.4109477, 24.9733885 ], [ 88.4094034, 24.9774357 ], [ 88.4050959, 24.9797172 ], [ 88.4036441, 24.9746411 ], [ 88.4057144, 24.9723458 ], [ 88.404668, 24.972855 ], [ 88.4042022, 24.9711897 ], [ 88.4029223, 24.9710633 ], [ 88.4035444, 24.9734935 ], [ 88.3987216, 24.9730419 ], [ 88.3952475, 24.9690788 ], [ 88.3946836, 24.9661682 ], [ 88.3963106, 24.9652604 ], [ 88.3939903, 24.9640265 ], [ 88.392904, 24.9648534 ], [ 88.3933982, 24.9602728 ], [ 88.3949382, 24.9605179 ], [ 88.3954091, 24.9594309 ], [ 88.397184, 24.9604996 ], [ 88.3992263, 24.9590938 ], [ 88.3973919, 24.9580244 ], [ 88.3990903, 24.9550414 ], [ 88.4005167, 24.9548873 ], [ 88.4001067, 24.9535084 ], [ 88.4018628, 24.9508026 ], [ 88.3991987, 24.947802 ], [ 88.398838, 24.9453202 ], [ 88.3939542, 24.9415581 ], [ 88.3916051, 24.9429563 ], [ 88.3895439, 24.941813 ], [ 88.3888979, 24.9436687 ], [ 88.3872539, 24.9422926 ], [ 88.3873648, 24.9395238 ], [ 88.3816146, 24.9391303 ], [ 88.377449, 24.9429917 ], [ 88.3737016, 24.9435945 ], [ 88.3712333, 24.9424524 ], [ 88.3696952, 24.945552 ], [ 88.3666792, 24.9449089 ], [ 88.3650278, 24.9470147 ], [ 88.3665903, 24.9479883 ], [ 88.3638556, 24.9487364 ], [ 88.3662649, 24.9527271 ], [ 88.3640403, 24.9532862 ], [ 88.362637, 24.9518943 ], [ 88.3589802, 24.9517064 ], [ 88.3605931, 24.9490218 ], [ 88.3579937, 24.9477014 ], [ 88.3546666, 24.9420259 ], [ 88.3523115, 24.9423641 ], [ 88.3501069, 24.9448592 ], [ 88.3404112, 24.9400839 ], [ 88.3412932, 24.9352421 ], [ 88.3371782, 24.9310851 ], [ 88.3384866, 24.92679 ], [ 88.3370466, 24.9261645 ], [ 88.3354121, 24.9275153 ], [ 88.3345299, 24.9266223 ], [ 88.3349848, 24.9208197 ], [ 88.3365902, 24.9186772 ], [ 88.3333829, 24.9184086 ], [ 88.3304226, 24.9200483 ], [ 88.329762, 24.9171671 ], [ 88.3257191, 24.9188855 ], [ 88.3242747, 24.916683 ], [ 88.3277458, 24.9043225 ], [ 88.3320167, 24.9052297 ], [ 88.3341609, 24.9044274 ], [ 88.3345691, 24.9005639 ], [ 88.3327775, 24.8971474 ], [ 88.3376825, 24.8996063 ], [ 88.3438802, 24.8995677 ], [ 88.3470076, 24.8924334 ], [ 88.3445972, 24.8914233 ], [ 88.3449711, 24.8890712 ], [ 88.3426441, 24.888411 ], [ 88.3428768, 24.8843719 ], [ 88.3392423, 24.8804276 ], [ 88.3389931, 24.8784602 ], [ 88.3343088, 24.8776705 ], [ 88.3352625, 24.874257 ], [ 88.3326227, 24.8724282 ], [ 88.3331082, 24.8709524 ], [ 88.330619, 24.8701398 ], [ 88.326484, 24.870478 ], [ 88.3209164, 24.8760327 ], [ 88.3221002, 24.8788807 ], [ 88.3210589, 24.8834685 ], [ 88.3173664, 24.8832695 ], [ 88.3167149, 24.8806532 ], [ 88.3122533, 24.881583 ], [ 88.3127539, 24.8798874 ], [ 88.3074861, 24.8775119 ], [ 88.3052688, 24.8724777 ], [ 88.3019176, 24.8718906 ], [ 88.3019772, 24.8747307 ], [ 88.3003073, 24.8758864 ], [ 88.2979806, 24.8814304 ], [ 88.2984604, 24.8824398 ], [ 88.3007412, 24.8821878 ], [ 88.3019087, 24.8858632 ], [ 88.2988594, 24.8854075 ], [ 88.2970531, 24.886218 ], [ 88.2968536, 24.8882392 ], [ 88.292872, 24.889319 ], [ 88.2856935, 24.88641 ], [ 88.285177, 24.887955 ], [ 88.2862364, 24.8891701 ], [ 88.2834013, 24.8890825 ], [ 88.2820076, 24.8906546 ], [ 88.278126, 24.888053 ], [ 88.2770107, 24.8898968 ], [ 88.2776029, 24.8916806 ], [ 88.2757329, 24.8919024 ], [ 88.2776724, 24.8969213 ], [ 88.2760838, 24.8977954 ], [ 88.2719706, 24.8954445 ], [ 88.2688282, 24.890422 ], [ 88.2675173, 24.8869523 ], [ 88.2672105, 24.8783188 ], [ 88.2643423, 24.8768832 ], [ 88.2582663, 24.8775502 ], [ 88.2633177, 24.8914868 ], [ 88.2644518, 24.8980705 ], [ 88.2642198, 24.9071336 ], [ 88.2604704, 24.9192637 ], [ 88.2526263, 24.9324639 ], [ 88.2370578, 24.9457982 ], [ 88.2319298, 24.952552 ], [ 88.2301607, 24.9570981 ], [ 88.2261127, 24.9597061 ], [ 88.1996051, 24.9567347 ], [ 88.1882474, 24.9515672 ], [ 88.1835843, 24.9538874 ], [ 88.1754911, 24.9462406 ], [ 88.1736626, 24.9470966 ], [ 88.1748099, 24.9488015 ], [ 88.1702086, 24.9503628 ], [ 88.1688409, 24.9475967 ], [ 88.1650046, 24.9462102 ], [ 88.1645547, 24.9413746 ], [ 88.1583932, 24.9413744 ], [ 88.1596006, 24.9379958 ], [ 88.1575179, 24.9335161 ], [ 88.1497955, 24.932456 ], [ 88.1462355, 24.9341834 ], [ 88.145499, 24.9367305 ], [ 88.1380444, 24.936161 ], [ 88.1403749, 24.9140391 ], [ 88.1440377, 24.9139979 ], [ 88.1489745, 24.9112244 ], [ 88.1536682, 24.9063418 ], [ 88.1554647, 24.9017616 ], [ 88.1539104, 24.8995914 ], [ 88.1620312, 24.8972722 ], [ 88.1619419, 24.8930742 ], [ 88.1652847, 24.8953632 ], [ 88.1693394, 24.8924521 ], [ 88.1675076, 24.889355 ], [ 88.1686919, 24.8881953 ], [ 88.1663063, 24.8884603 ], [ 88.1656521, 24.8899149 ], [ 88.1607329, 24.8890022 ], [ 88.157572, 24.8922644 ], [ 88.1526802, 24.8844145 ], [ 88.1553714, 24.8836401 ], [ 88.1554272, 24.8815992 ], [ 88.1610772, 24.8803995 ], [ 88.1637392, 24.8779565 ], [ 88.1633847, 24.8761232 ], [ 88.1603289, 24.8745656 ], [ 88.1591465, 24.8720622 ], [ 88.1658885, 24.8634151 ], [ 88.1754555, 24.8618027 ], [ 88.1750191, 24.8601512 ], [ 88.1695119, 24.8608291 ], [ 88.1659203, 24.8597691 ], [ 88.1661404, 24.8584862 ], [ 88.1622491, 24.8579653 ], [ 88.1641058, 24.8505911 ], [ 88.1603222, 24.848557 ], [ 88.1593201, 24.8501593 ], [ 88.150932, 24.849339 ], [ 88.1504034, 24.8533512 ], [ 88.1504002, 24.8499528 ], [ 88.1469185, 24.8501421 ], [ 88.1468628, 24.8519298 ], [ 88.1449492, 24.8511 ], [ 88.144877, 24.843538 ], [ 88.1471202, 24.8436282 ], [ 88.1412855, 24.8418203 ], [ 88.1419319, 24.8404734 ], [ 88.140838, 24.8404389 ], [ 88.1396322, 24.8368465 ], [ 88.1409102, 24.8343767 ], [ 88.1346386, 24.8341178 ], [ 88.1337454, 24.8361962 ], [ 88.1319124, 24.8360124 ], [ 88.1340237, 24.8298731 ], [ 88.1340689, 24.8155738 ], [ 88.1359233, 24.805143 ], [ 88.1307801, 24.8049384 ], [ 88.123545, 24.8231094 ], [ 88.1111017, 24.8128527 ], [ 88.1050835, 24.7998828 ], [ 88.106098, 24.7795673 ], [ 88.0959922, 24.7802179 ], [ 88.089018, 24.7829017 ], [ 88.0778722, 24.769098 ], [ 88.0724528, 24.772961 ], [ 88.0683069, 24.7691502 ], [ 88.0711135, 24.7677818 ], [ 88.0688878, 24.7637838 ], [ 88.074546, 24.7607467 ], [ 88.0657599, 24.7507076 ], [ 88.0725004, 24.7436418 ], [ 88.0628456, 24.7215965 ], [ 88.0559662, 24.7155371 ], [ 88.0537276, 24.7108652 ], [ 88.0519743, 24.7123545 ], [ 88.0418022, 24.7047873 ], [ 88.0136897, 24.6746132 ], [ 88.0087564, 24.6678343 ], [ 88.0236593, 24.6553889 ], [ 88.0279269, 24.6498531 ], [ 88.0411758, 24.6433142 ], [ 88.0523418, 24.625127 ], [ 88.0691878, 24.6032756 ], [ 88.071133, 24.5978891 ], [ 88.0827712, 24.581695 ], [ 88.0894691, 24.5668586 ], [ 88.0969185, 24.5564515 ], [ 88.1056177, 24.5462414 ], [ 88.130316, 24.523368 ], [ 88.1407553, 24.5112405 ], [ 88.1495339, 24.5037929 ], [ 88.1582704, 24.5020979 ], [ 88.1735493, 24.4930464 ], [ 88.1849712, 24.4815147 ], [ 88.1899723, 24.4741737 ], [ 88.191333, 24.4684545 ], [ 88.1984014, 24.4624955 ], [ 88.2104881, 24.4577518 ], [ 88.2275146, 24.455496 ], [ 88.2489543, 24.4482475 ], [ 88.263283, 24.4459679 ], [ 88.2719232, 24.4405805 ], [ 88.2755035, 24.4378031 ], [ 88.2813967, 24.4297104 ], [ 88.2849264, 24.4221587 ], [ 88.3109449, 24.4014495 ], [ 88.3154675, 24.3957531 ], [ 88.3265878, 24.3862286 ], [ 88.3339842, 24.3813926 ], [ 88.3452887, 24.3765473 ], [ 88.3570695, 24.3736051 ], [ 88.3666124, 24.3729688 ], [ 88.380145, 24.3742502 ], [ 88.3893373, 24.3718795 ], [ 88.4122743, 24.3768148 ], [ 88.4196528, 24.3814395 ], [ 88.4249042, 24.3831926 ], [ 88.4303383, 24.3837271 ], [ 88.4464324, 24.3785806 ], [ 88.4685044, 24.3647541 ], [ 88.4837134, 24.3570197 ], [ 88.4960092, 24.3544324 ], [ 88.5079034, 24.3424841 ], [ 88.518607, 24.3424319 ], [ 88.5271192, 24.3443787 ], [ 88.5551349, 24.2933413 ], [ 88.5676882, 24.3266536 ], [ 88.5871894, 24.3240549 ], [ 88.5878861, 24.3143457 ], [ 88.6033178, 24.3100954 ], [ 88.6061035, 24.3102595 ], [ 88.6066938, 24.3151464 ], [ 88.6235634, 24.3156751 ], [ 88.6284884, 24.3050934 ], [ 88.6328855, 24.3079867 ], [ 88.6342921, 24.3068597 ], [ 88.6489306, 24.3109223 ], [ 88.6498366, 24.3056163 ], [ 88.6525253, 24.3050319 ], [ 88.658989, 24.3143919 ], [ 88.6813533, 24.3158707 ], [ 88.6965876, 24.3153534 ], [ 88.7062276, 24.3116994 ], [ 88.7143188, 24.3045105 ], [ 88.7247769, 24.2977869 ], [ 88.7354391, 24.2764955 ], [ 88.7381636, 24.2655135 ], [ 88.7377738, 24.2610275 ], [ 88.7409624, 24.2539186 ], [ 88.7344958, 24.2222333 ], [ 88.7352643, 24.2114972 ], [ 88.731408, 24.1733873 ], [ 88.7334606, 24.1689982 ], [ 88.7403438, 24.1633123 ], [ 88.7433818, 24.1520831 ], [ 88.7464907, 24.1470647 ], [ 88.7070039, 24.1191417 ], [ 88.7010151, 24.121679 ], [ 88.6974807, 24.1205324 ], [ 88.6931903, 24.1111529 ], [ 88.6946807, 24.109564 ], [ 88.6981093, 24.1103716 ], [ 88.6999735, 24.1095372 ], [ 88.7014252, 24.1039539 ], [ 88.7002748, 24.0943027 ], [ 88.705993, 24.087854 ], [ 88.7236116, 24.0727976 ], [ 88.723451, 24.0686731 ], [ 88.7254583, 24.065437 ], [ 88.7280986, 24.064087 ], [ 88.7341432, 24.0656982 ], [ 88.7416313, 24.0571224 ], [ 88.7424072, 24.0540667 ], [ 88.7411136, 24.0485525 ], [ 88.7246403, 24.0477044 ], [ 88.7247544, 24.041612 ], [ 88.7418451, 24.035248 ], [ 88.7420357, 24.0328503 ], [ 88.7574906, 24.032095 ], [ 88.7489881, 24.0221555 ], [ 88.734683, 24.0174905 ], [ 88.7316372, 24.0118949 ], [ 88.7305425, 24.0037982 ], [ 88.7285133, 23.9987643 ], [ 88.7290455, 23.9961136 ], [ 88.7328991, 23.994825 ], [ 88.7364543, 23.9956434 ], [ 88.7416796, 24.0031706 ], [ 88.7450221, 24.0055287 ], [ 88.7463836, 24.0044589 ], [ 88.7525877, 24.0066358 ], [ 88.7601949, 24.0060582 ], [ 88.7621114, 24.0037367 ], [ 88.7624856, 23.9965732 ], [ 88.7683983, 23.9860599 ], [ 88.7689455, 23.9821973 ], [ 88.7642522, 23.9816503 ], [ 88.7496739, 23.985261 ], [ 88.7428533, 23.9849463 ], [ 88.7382391, 23.9829861 ], [ 88.7362682, 23.9790722 ], [ 88.7370539, 23.9704281 ], [ 88.7357315, 23.9634345 ], [ 88.7324861, 23.9611272 ], [ 88.735118, 23.9587492 ], [ 88.7335804, 23.9570838 ], [ 88.737469, 23.9533639 ], [ 88.7402547, 23.9539216 ], [ 88.7424901, 23.9510304 ], [ 88.7388848, 23.9492523 ], [ 88.7398968, 23.94672 ], [ 88.7390201, 23.9458512 ], [ 88.7415588, 23.9389132 ], [ 88.7402888, 23.9378241 ], [ 88.7434265, 23.9301698 ], [ 88.7425378, 23.9295441 ], [ 88.7418773, 23.931163 ], [ 88.7402713, 23.9302155 ], [ 88.7362858, 23.9333271 ], [ 88.7350179, 23.9325928 ], [ 88.7371643, 23.9290474 ], [ 88.73419, 23.9282487 ], [ 88.7355523, 23.922925 ], [ 88.7330429, 23.9222174 ], [ 88.7354421, 23.9146187 ], [ 88.7335887, 23.9133547 ], [ 88.7334035, 23.9109751 ], [ 88.7298237, 23.910908 ], [ 88.7305851, 23.9136149 ], [ 88.7248785, 23.9128317 ], [ 88.7229493, 23.9163169 ], [ 88.7149945, 23.9160345 ], [ 88.7150724, 23.914114 ], [ 88.7129999, 23.9125022 ], [ 88.7064168, 23.9157866 ], [ 88.7047294, 23.9125735 ], [ 88.7009162, 23.9122869 ], [ 88.6993271, 23.9101814 ], [ 88.699739, 23.9080298 ], [ 88.7017567, 23.9082064 ], [ 88.7013615, 23.9064515 ], [ 88.7038573, 23.9071888 ], [ 88.7029711, 23.9060679 ], [ 88.7006611, 23.9064158 ], [ 88.7003109, 23.9052236 ], [ 88.7013814, 23.9046067 ], [ 88.7011959, 23.9023208 ], [ 88.7023998, 23.9035149 ], [ 88.703286, 23.8999033 ], [ 88.7044164, 23.9008215 ], [ 88.7039757, 23.9021177 ], [ 88.7055499, 23.9020501 ], [ 88.7043386, 23.8991749 ], [ 88.700757, 23.9010809 ], [ 88.700418, 23.8988463 ], [ 88.6883874, 23.9014828 ], [ 88.682935, 23.8886232 ], [ 88.6754008, 23.8838676 ], [ 88.6642828, 23.8824223 ], [ 88.6634212, 23.8779981 ], [ 88.6675859, 23.869445 ], [ 88.660993, 23.870695 ], [ 88.6606466, 23.8686243 ], [ 88.6546217, 23.8685789 ], [ 88.6544344, 23.8660178 ], [ 88.6534916, 23.8654701 ], [ 88.6539875, 23.8672494 ], [ 88.6515113, 23.86657 ], [ 88.6460933, 23.869242 ], [ 88.6418914, 23.8682416 ], [ 88.6377321, 23.8713936 ], [ 88.6322914, 23.8664918 ], [ 88.6264117, 23.8649416 ], [ 88.6239644, 23.8678757 ], [ 88.6255245, 23.8723597 ], [ 88.624818, 23.8751057 ], [ 88.6223641, 23.8763704 ], [ 88.616439, 23.8765121 ], [ 88.608986, 23.8727494 ], [ 88.6099544, 23.86521 ], [ 88.6080483, 23.8623493 ], [ 88.5990986, 23.8694827 ], [ 88.5938168, 23.8691553 ], [ 88.5874895, 23.8714524 ], [ 88.5862207, 23.8693214 ], [ 88.5843046, 23.8695115 ], [ 88.5847051, 23.8661837 ], [ 88.5826933, 23.8667375 ], [ 88.5824686, 23.8625038 ], [ 88.5756406, 23.8615517 ], [ 88.5779824, 23.8577071 ], [ 88.5765562, 23.8548386 ], [ 88.5783818, 23.8506713 ], [ 88.5842703, 23.8550496 ], [ 88.5910928, 23.8530152 ], [ 88.5915182, 23.8511248 ], [ 88.5885841, 23.8482913 ], [ 88.5871997, 23.843923 ], [ 88.5869509, 23.8299604 ], [ 88.5887486, 23.8275396 ], [ 88.5996629, 23.8218332 ], [ 88.6021291, 23.8172159 ], [ 88.598457, 23.8107973 ], [ 88.5952381, 23.8107196 ], [ 88.5944583, 23.8088506 ], [ 88.5935196, 23.8095258 ], [ 88.5940567, 23.8112105 ], [ 88.5904734, 23.8108538 ], [ 88.5895163, 23.8136078 ], [ 88.5851471, 23.8136455 ], [ 88.5847532, 23.8122916 ], [ 88.5867201, 23.8110864 ], [ 88.5861637, 23.812759 ], [ 88.5887598, 23.8127846 ], [ 88.587612, 23.8104698 ], [ 88.5912192, 23.8079315 ], [ 88.5931553, 23.8079593 ], [ 88.5931326, 23.8064473 ], [ 88.5960482, 23.8063915 ], [ 88.5962021, 23.8048889 ], [ 88.5923861, 23.8044776 ], [ 88.5929458, 23.7992427 ], [ 88.5916208, 23.7978263 ], [ 88.5873637, 23.7965887 ], [ 88.5816436, 23.7972788 ], [ 88.5809633, 23.7950891 ], [ 88.5827043, 23.7911435 ], [ 88.5781268, 23.7865761 ], [ 88.5712656, 23.7830278 ], [ 88.5593037, 23.7859786 ], [ 88.5560353, 23.7842114 ], [ 88.5607356, 23.7840223 ], [ 88.5600539, 23.7807929 ], [ 88.5655407, 23.7772771 ], [ 88.5715996, 23.7750763 ], [ 88.5795653, 23.7746965 ], [ 88.5808149, 23.7605356 ], [ 88.5800497, 23.7578665 ], [ 88.5778153, 23.7574546 ], [ 88.5741334, 23.7496007 ], [ 88.570082, 23.7480847 ], [ 88.5702622, 23.7464286 ], [ 88.5724116, 23.7475842 ], [ 88.5742889, 23.739684 ], [ 88.5721351, 23.7391491 ], [ 88.5717336, 23.7344876 ], [ 88.5742898, 23.7337095 ], [ 88.5736704, 23.7380996 ], [ 88.5752665, 23.7382415 ], [ 88.5766028, 23.7329666 ], [ 88.573687, 23.7329722 ], [ 88.5742336, 23.7288773 ], [ 88.5710711, 23.7289558 ], [ 88.5690388, 23.7275657 ], [ 88.5684757, 23.7188527 ], [ 88.5672724, 23.7190599 ], [ 88.5678835, 23.7148217 ], [ 88.5647287, 23.7130675 ], [ 88.5645063, 23.7113291 ], [ 88.567874, 23.701284 ], [ 88.5671074, 23.7000359 ], [ 88.5687495, 23.6893001 ], [ 88.5677635, 23.689297 ], [ 88.567529, 23.6861766 ], [ 88.5728961, 23.6850759 ], [ 88.5740757, 23.6809725 ], [ 88.5744104, 23.675225 ], [ 88.5722098, 23.6737462 ], [ 88.5738206, 23.6669409 ], [ 88.5694337, 23.6660618 ], [ 88.5703143, 23.6612033 ], [ 88.5662639, 23.6568479 ], [ 88.5627493, 23.6576428 ], [ 88.558208, 23.6491543 ], [ 88.5596878, 23.6491782 ], [ 88.5605301, 23.646873 ], [ 88.5633671, 23.6454584 ], [ 88.5621949, 23.6371502 ], [ 88.5710276, 23.6361189 ], [ 88.5755562, 23.6387598 ], [ 88.586273, 23.6391346 ], [ 88.5904813, 23.641217 ], [ 88.5937649, 23.6408102 ], [ 88.5926411, 23.6349436 ], [ 88.5942626, 23.6315672 ], [ 88.5929812, 23.6313433 ], [ 88.5928198, 23.6292818 ], [ 88.5949814, 23.6277257 ], [ 88.5925838, 23.6272879 ], [ 88.5924711, 23.6255558 ], [ 88.5940885, 23.6175954 ], [ 88.587771, 23.6155197 ], [ 88.5853167, 23.6165436 ], [ 88.5848265, 23.6131466 ], [ 88.5812631, 23.609719 ], [ 88.5803251, 23.6028816 ], [ 88.5836953, 23.6039801 ], [ 88.5848388, 23.6029706 ], [ 88.5901048, 23.6034127 ], [ 88.5971858, 23.6019461 ], [ 88.596537, 23.60447 ], [ 88.5978979, 23.6062727 ], [ 88.6062728, 23.6103565 ], [ 88.6015066, 23.6068517 ], [ 88.6090936, 23.6043905 ], [ 88.6083843, 23.6018587 ], [ 88.6072697, 23.6029565 ], [ 88.6051754, 23.6017339 ], [ 88.6056881, 23.6001472 ], [ 88.6093918, 23.600738 ], [ 88.613793, 23.6033552 ], [ 88.6181653, 23.6017567 ], [ 88.6249384, 23.6068776 ], [ 88.6275805, 23.6065739 ], [ 88.629452, 23.6090894 ], [ 88.6318089, 23.6081955 ], [ 88.633173, 23.6092405 ], [ 88.6370968, 23.606737 ], [ 88.6382309, 23.6107437 ], [ 88.6405321, 23.6110896 ], [ 88.6412861, 23.6089236 ], [ 88.6455316, 23.6092839 ], [ 88.645759, 23.6080816 ], [ 88.6436329, 23.6069399 ], [ 88.642466, 23.6008185 ], [ 88.6382676, 23.5975808 ], [ 88.6393999, 23.5952202 ], [ 88.6387632, 23.5907351 ], [ 88.6441009, 23.5915396 ], [ 88.6456978, 23.5894173 ], [ 88.6437645, 23.5893288 ], [ 88.6505623, 23.5853683 ], [ 88.6508957, 23.5836019 ], [ 88.648308, 23.580428 ], [ 88.6551602, 23.5630168 ], [ 88.653581, 23.5597649 ], [ 88.6547996, 23.5578537 ], [ 88.6542532, 23.5561534 ], [ 88.6599668, 23.5529313 ], [ 88.6597802, 23.5493657 ], [ 88.6633407, 23.5473465 ], [ 88.6677296, 23.545805 ], [ 88.6737086, 23.5488327 ], [ 88.6783366, 23.5458304 ], [ 88.6861794, 23.5378049 ], [ 88.6861242, 23.5329096 ], [ 88.6842318, 23.5293302 ], [ 88.6851506, 23.528912 ], [ 88.6879067, 23.5313717 ], [ 88.6911651, 23.5312648 ], [ 88.6917239, 23.5245363 ], [ 88.6964258, 23.525665 ], [ 88.6957533, 23.5173114 ], [ 88.6994725, 23.5155269 ], [ 88.7061918, 23.5170479 ], [ 88.7124882, 23.509591 ], [ 88.714921, 23.5085316 ], [ 88.7187937, 23.511934 ], [ 88.7242789, 23.5125285 ], [ 88.730397, 23.50373 ], [ 88.7311076, 23.4987217 ], [ 88.729571, 23.4964014 ], [ 88.7308762, 23.4948802 ], [ 88.7319431, 23.4958664 ], [ 88.742543, 23.4868867 ], [ 88.7440385, 23.483419 ], [ 88.7414215, 23.4796798 ], [ 88.7434999, 23.4813169 ], [ 88.7433506, 23.4791447 ], [ 88.7463015, 23.4829367 ], [ 88.7536675, 23.4789567 ], [ 88.7609057, 23.4783856 ], [ 88.7617146, 23.4802463 ], [ 88.7568318, 23.4861814 ], [ 88.7578744, 23.4888578 ], [ 88.7606789, 23.4899193 ], [ 88.7632097, 23.4887899 ], [ 88.767896, 23.4808641 ], [ 88.7749081, 23.4798512 ], [ 88.775011, 23.4823887 ], [ 88.7713184, 23.4869158 ], [ 88.7685019, 23.4882778 ], [ 88.7682505, 23.4901307 ], [ 88.772039, 23.497785 ], [ 88.7839784, 23.5023677 ], [ 88.7863777, 23.504941 ], [ 88.7859515, 23.5072401 ], [ 88.7876497, 23.5059946 ], [ 88.7835355, 23.5008011 ], [ 88.784499, 23.4971727 ], [ 88.7873049, 23.4974993 ], [ 88.7897693, 23.5017264 ], [ 88.7927476, 23.5028665 ], [ 88.800787, 23.4971241 ], [ 88.7979538, 23.4954953 ], [ 88.7983086, 23.4927034 ], [ 88.8005532, 23.4913944 ], [ 88.7984974, 23.4913264 ], [ 88.7965509, 23.4868726 ], [ 88.7945554, 23.4855793 ], [ 88.8014132, 23.4858098 ], [ 88.7995223, 23.485153 ], [ 88.7993592, 23.482179 ], [ 88.7941165, 23.481009 ], [ 88.7897785, 23.4729857 ], [ 88.7908975, 23.4718969 ], [ 88.7873122, 23.4690822 ], [ 88.7879823, 23.46688 ], [ 88.7895721, 23.4666836 ], [ 88.7883487, 23.46586 ], [ 88.7898968, 23.4657386 ], [ 88.7891935, 23.4642786 ], [ 88.7909939, 23.4646063 ], [ 88.7919569, 23.4634621 ], [ 88.7904663, 23.46213 ], [ 88.7904902, 23.4601877 ], [ 88.792847, 23.4610468 ], [ 88.7895335, 23.4590967 ], [ 88.7908761, 23.4556299 ], [ 88.7928321, 23.4553763 ], [ 88.7906157, 23.4534811 ], [ 88.7919403, 23.4512929 ], [ 88.7900053, 23.4491239 ], [ 88.7908017, 23.4478784 ], [ 88.792339, 23.4491479 ], [ 88.7944654, 23.4474839 ], [ 88.7933252, 23.4441431 ], [ 88.7948859, 23.4430653 ], [ 88.7930445, 23.4422024 ], [ 88.7925444, 23.4438347 ], [ 88.7899142, 23.4439198 ], [ 88.7904144, 23.4413906 ], [ 88.7887345, 23.441401 ], [ 88.7867572, 23.4420454 ], [ 88.7893758, 23.4426629 ], [ 88.7893287, 23.444233 ], [ 88.7875733, 23.4446354 ], [ 88.7873315, 23.443286 ], [ 88.7850677, 23.4447958 ], [ 88.7831894, 23.441853 ], [ 88.7842331, 23.4415518 ], [ 88.7843369, 23.4383988 ], [ 88.7823078, 23.4403682 ], [ 88.7810831, 23.4387697 ], [ 88.7827959, 23.4372112 ], [ 88.7795581, 23.4383799 ], [ 88.7791209, 23.4372904 ], [ 88.7788271, 23.4386321 ], [ 88.7822342, 23.441313 ], [ 88.7784897, 23.441916 ], [ 88.7783128, 23.4435764 ], [ 88.7733324, 23.4440454 ], [ 88.7718156, 23.4466564 ], [ 88.7732757, 23.4483162 ], [ 88.7720271, 23.4488035 ], [ 88.7703181, 23.4462529 ], [ 88.7687159, 23.4484277 ], [ 88.7643144, 23.4482056 ], [ 88.7647967, 23.4464907 ], [ 88.7629621, 23.4458541 ], [ 88.7643846, 23.444376 ], [ 88.7631664, 23.4427606 ], [ 88.7643559, 23.4424239 ], [ 88.7621087, 23.4388803 ], [ 88.7610134, 23.4330535 ], [ 88.7622722, 23.43157 ], [ 88.7596561, 23.4290522 ], [ 88.7612966, 23.426592 ], [ 88.7598698, 23.4242636 ], [ 88.7580647, 23.4253857 ], [ 88.7544448, 23.416384 ], [ 88.7545796, 23.4143067 ], [ 88.7584678, 23.4131222 ], [ 88.757989, 23.4118015 ], [ 88.758993, 23.4105403 ], [ 88.7603929, 23.4112866 ], [ 88.7612302, 23.4084278 ], [ 88.7540829, 23.4025282 ], [ 88.751133, 23.4027586 ], [ 88.7492615, 23.4005539 ], [ 88.7499449, 23.3967327 ], [ 88.7543798, 23.3948684 ], [ 88.753944, 23.3922112 ], [ 88.7525713, 23.3912991 ], [ 88.7529978, 23.3894155 ], [ 88.7563557, 23.3884111 ], [ 88.7596032, 23.3845628 ], [ 88.7603003, 23.3867315 ], [ 88.7628939, 23.3872085 ], [ 88.7613274, 23.3862774 ], [ 88.7624729, 23.3844131 ], [ 88.7613247, 23.3842327 ], [ 88.7608741, 23.3806331 ], [ 88.7592041, 23.3805705 ], [ 88.7587674, 23.3793128 ], [ 88.7590667, 23.3768267 ], [ 88.7602881, 23.3764033 ], [ 88.7585416, 23.3741118 ], [ 88.7636902, 23.3720106 ], [ 88.7654345, 23.3678839 ], [ 88.7613695, 23.3621944 ], [ 88.7581598, 23.3599375 ], [ 88.7510141, 23.362327 ], [ 88.7477132, 23.362002 ], [ 88.7457249, 23.3590599 ], [ 88.7462095, 23.3562854 ], [ 88.7437499, 23.3545104 ], [ 88.746506, 23.3505902 ], [ 88.7459528, 23.3490074 ], [ 88.741497, 23.3493098 ], [ 88.7343446, 23.3532783 ], [ 88.7320321, 23.3519866 ], [ 88.7331757, 23.3470441 ], [ 88.7369351, 23.3461485 ], [ 88.7390519, 23.34345 ], [ 88.7352635, 23.3380603 ], [ 88.7348136, 23.3329809 ], [ 88.7326628, 23.3280703 ], [ 88.7437039, 23.3279145 ], [ 88.7456206, 23.32432 ], [ 88.7496652, 23.3214719 ], [ 88.7458836, 23.3145399 ], [ 88.7452985, 23.3078202 ], [ 88.7423616, 23.3054975 ], [ 88.7392646, 23.3048915 ], [ 88.7318006, 23.308033 ], [ 88.7286962, 23.3126422 ], [ 88.7316391, 23.318901 ], [ 88.730417, 23.3195825 ], [ 88.7247582, 23.3179626 ], [ 88.7269528, 23.3141605 ], [ 88.7274166, 23.3020101 ], [ 88.726806, 23.2998351 ], [ 88.7246443, 23.2983036 ], [ 88.7190045, 23.2978977 ], [ 88.7199512, 23.3032576 ], [ 88.7154493, 23.3055967 ], [ 88.711979, 23.3059662 ], [ 88.7079753, 23.3036353 ], [ 88.7064445, 23.3043379 ], [ 88.7078423, 23.3087423 ], [ 88.7126419, 23.3107449 ], [ 88.7112353, 23.3127364 ], [ 88.7087291, 23.3127062 ], [ 88.6963613, 23.3022903 ], [ 88.6976374, 23.2917399 ], [ 88.705308, 23.2917591 ], [ 88.7089547, 23.2897373 ], [ 88.7118958, 23.2853674 ], [ 88.7113799, 23.2782157 ], [ 88.7143659, 23.2753135 ], [ 88.7232025, 23.2732872 ], [ 88.7244099, 23.2716213 ], [ 88.7188942, 23.2547982 ], [ 88.7251896, 23.2533162 ], [ 88.7348387, 23.2475033 ], [ 88.7469118, 23.2441754 ], [ 88.7518768, 23.2401806 ], [ 88.7590468, 23.2418057 ], [ 88.7597028, 23.2457552 ], [ 88.7695376, 23.2448442 ], [ 88.7713321, 23.2413835 ], [ 88.7742892, 23.2405503 ], [ 88.7733424, 23.2384512 ], [ 88.7755709, 23.238537 ], [ 88.77613, 23.2363181 ], [ 88.7780634, 23.2360859 ], [ 88.7780204, 23.2350592 ], [ 88.7755381, 23.2344852 ], [ 88.7765605, 23.2308086 ], [ 88.7732937, 23.2310059 ], [ 88.7744192, 23.2244135 ], [ 88.777311, 23.2238902 ], [ 88.7787324, 23.2206931 ], [ 88.7833342, 23.2213412 ], [ 88.7833742, 23.222749 ], [ 88.7855009, 23.2216975 ], [ 88.7877956, 23.2222821 ], [ 88.789801, 23.2183404 ], [ 88.7914953, 23.2197407 ], [ 88.7954054, 23.2200652 ], [ 88.8057912, 23.2187815 ], [ 88.811439, 23.2215478 ], [ 88.8085074, 23.2248537 ], [ 88.8092402, 23.2285161 ], [ 88.8065684, 23.2315286 ], [ 88.8059001, 23.2374782 ], [ 88.8074333, 23.2434045 ], [ 88.8090038, 23.2448707 ], [ 88.8081952, 23.2456933 ], [ 88.8104771, 23.2482191 ], [ 88.809159, 23.2512296 ], [ 88.8114624, 23.2560878 ], [ 88.8141593, 23.2517287 ], [ 88.8287989, 23.2448686 ], [ 88.8232831, 23.2382702 ], [ 88.8226233, 23.235842 ], [ 88.8238216, 23.2334144 ], [ 88.8283388, 23.2350506 ], [ 88.8365139, 23.2433089 ], [ 88.8407258, 23.2356411 ], [ 88.844519, 23.2331754 ], [ 88.8448968, 23.230514 ], [ 88.8510547, 23.2308848 ], [ 88.8517838, 23.2339352 ], [ 88.8537363, 23.2341138 ], [ 88.8538221, 23.23633 ], [ 88.8556926, 23.2361527 ], [ 88.8566513, 23.2347048 ], [ 88.8602609, 23.234151 ], [ 88.8600381, 23.23227 ], [ 88.8612959, 23.2319396 ], [ 88.8621553, 23.2342311 ], [ 88.8667176, 23.2332943 ], [ 88.8741659, 23.233967 ], [ 88.8755334, 23.2321768 ], [ 88.8850504, 23.2290104 ], [ 88.8861732, 23.2259452 ], [ 88.8867645, 23.2313035 ], [ 88.8908899, 23.2309214 ], [ 88.892452, 23.2323251 ], [ 88.8949637, 23.2309088 ], [ 88.8951428, 23.232351 ], [ 88.8967611, 23.2328719 ], [ 88.8997451, 23.2317701 ], [ 88.9006882, 23.2337511 ], [ 88.9023745, 23.2332609 ], [ 88.9050092, 23.2359409 ], [ 88.9059848, 23.2355191 ], [ 88.9052278, 23.2342057 ], [ 88.906851, 23.235965 ], [ 88.9122304, 23.2338995 ], [ 88.9122201, 23.2314817 ], [ 88.9148927, 23.2288428 ], [ 88.9148201, 23.2237747 ], [ 88.9165967, 23.2226731 ], [ 88.9157821, 23.2177081 ], [ 88.9139174, 23.2149011 ], [ 88.9145869, 23.2134704 ], [ 88.9175679, 23.2126347 ], [ 88.9210279, 23.2160648 ], [ 88.9211861, 23.2180167 ], [ 88.9167369, 23.2195806 ], [ 88.923009, 23.2180928 ], [ 88.9235873, 23.2158779 ], [ 88.924838, 23.2157197 ], [ 88.9252146, 23.2177949 ], [ 88.9266599, 23.217949 ], [ 88.9269967, 23.2166933 ], [ 88.9298359, 23.2155948 ], [ 88.9286503, 23.2149678 ], [ 88.9295249, 23.2115217 ], [ 88.9422748, 23.2062412 ], [ 88.9460531, 23.2065341 ], [ 88.9526405, 23.2111363 ], [ 88.9640694, 23.2146573 ], [ 88.964248, 23.2172109 ], [ 88.9702758, 23.2209547 ], [ 88.9708822, 23.2226507 ], [ 88.9733522, 23.2219514 ], [ 88.9787314, 23.214483 ], [ 88.9742523, 23.2225736 ], [ 88.975931, 23.2244327 ], [ 88.9813889, 23.2222067 ], [ 88.9795636, 23.2154931 ], [ 88.9831383, 23.2202827 ], [ 88.982809, 23.2217686 ], [ 88.9892934, 23.2158499 ], [ 88.9957247, 23.2147002 ], [ 88.9943979, 23.2132742 ], [ 88.9908332, 23.212669 ], [ 88.9873893, 23.2154178 ], [ 88.9843018, 23.2157364 ], [ 88.9796531, 23.212553 ], [ 88.980369, 23.209713 ], [ 88.9860357, 23.2079427 ], [ 88.9871936, 23.2055781 ], [ 88.9861285, 23.2045842 ], [ 88.9877225, 23.2026531 ], [ 88.9856671, 23.2025427 ], [ 88.9851237, 23.1994905 ], [ 88.9801914, 23.1939621 ], [ 88.9814712, 23.192489 ], [ 88.9781638, 23.1875341 ], [ 88.9796042, 23.1869348 ], [ 88.9784002, 23.1840452 ], [ 88.9803847, 23.1825473 ], [ 88.9779371, 23.1837549 ], [ 88.9760653, 23.1818586 ], [ 88.9753364, 23.1923491 ], [ 88.9668029, 23.1937036 ], [ 88.9623075, 23.1931447 ], [ 88.9619221, 23.1913487 ], [ 88.9583292, 23.1896129 ], [ 88.9583107, 23.1857576 ], [ 88.9562298, 23.181899 ], [ 88.9510103, 23.1821413 ], [ 88.9509872, 23.1810772 ], [ 88.9462268, 23.1805696 ], [ 88.9450533, 23.1778884 ], [ 88.9435846, 23.1778326 ], [ 88.9442147, 23.1761966 ], [ 88.9390941, 23.1768039 ], [ 88.9375351, 23.1726815 ], [ 88.9353417, 23.1723377 ], [ 88.9338851, 23.1698209 ], [ 88.9326726, 23.165468 ], [ 88.9341034, 23.1643088 ], [ 88.934024, 23.161762 ], [ 88.9278653, 23.1630379 ], [ 88.9301458, 23.1622751 ], [ 88.9280582, 23.1626045 ], [ 88.9278423, 23.1607112 ], [ 88.9311263, 23.1599515 ], [ 88.930599, 23.1578088 ], [ 88.9322504, 23.1556297 ], [ 88.9308436, 23.1431926 ], [ 88.9232719, 23.1451187 ], [ 88.9198729, 23.1406227 ], [ 88.917897, 23.1290802 ], [ 88.9103276, 23.1297362 ], [ 88.9102441, 23.1274649 ], [ 88.9059245, 23.1250603 ], [ 88.9058521, 23.1225217 ], [ 88.9040445, 23.1186976 ], [ 88.9014433, 23.116919 ], [ 88.8998712, 23.1119171 ], [ 88.8973112, 23.1120148 ], [ 88.8917022, 23.1076773 ], [ 88.8827969, 23.1108115 ], [ 88.8814758, 23.1090156 ], [ 88.8836034, 23.1045572 ], [ 88.8811672, 23.1038655 ], [ 88.8792277, 23.1048925 ], [ 88.8789817, 23.1031993 ], [ 88.8771963, 23.1043178 ], [ 88.8752199, 23.1023961 ], [ 88.8684463, 23.1010677 ], [ 88.8693058, 23.0977762 ], [ 88.8722645, 23.0973661 ], [ 88.8717969, 23.0956745 ], [ 88.8734954, 23.0955502 ], [ 88.8746405, 23.0897681 ], [ 88.8729316, 23.0885206 ], [ 88.870697, 23.0888749 ], [ 88.8714108, 23.0870025 ], [ 88.8702907, 23.0859972 ], [ 88.8661616, 23.0860959 ], [ 88.8663638, 23.0802312 ], [ 88.8636728, 23.0794596 ], [ 88.8655601, 23.0777321 ], [ 88.8610071, 23.0773053 ], [ 88.8676286, 23.0732711 ], [ 88.8682083, 23.0716998 ], [ 88.8669489, 23.0728376 ], [ 88.8667573, 23.0714382 ], [ 88.8694893, 23.0678045 ], [ 88.8741507, 23.0657847 ], [ 88.8748948, 23.0445044 ], [ 88.8805333, 23.0408816 ], [ 88.8841172, 23.0404327 ], [ 88.8845053, 23.0370001 ], [ 88.8821267, 23.0358401 ], [ 88.8800504, 23.0318602 ], [ 88.8809649, 23.02923 ], [ 88.8799276, 23.026338 ], [ 88.8810386, 23.0256886 ], [ 88.8801868, 23.0248579 ], [ 88.8790413, 23.0259142 ], [ 88.8795189, 23.0240618 ], [ 88.8785115, 23.0240112 ], [ 88.8776633, 23.0261069 ], [ 88.8769157, 23.0228763 ], [ 88.8747567, 23.0217889 ], [ 88.8721991, 23.0173553 ], [ 88.8744751, 23.0141062 ], [ 88.874342, 23.0102696 ], [ 88.8794839, 23.0096049 ], [ 88.8797546, 23.0063256 ], [ 88.8766834, 23.0032518 ], [ 88.8685774, 23.0058482 ], [ 88.8547459, 23.0069537 ], [ 88.8468097, 23.0109804 ], [ 88.8450863, 23.0098583 ], [ 88.8459389, 23.0073461 ], [ 88.8514609, 23.0022108 ], [ 88.8604435, 23.0026766 ], [ 88.8645101, 23.0010236 ], [ 88.8654108, 22.9993309 ], [ 88.8638669, 22.992917 ], [ 88.865332, 22.9855489 ], [ 88.8668982, 22.9820949 ], [ 88.8709675, 22.9786331 ], [ 88.8668585, 22.9748225 ], [ 88.858659, 22.971278 ], [ 88.8570489, 22.9688835 ], [ 88.8551884, 22.9578905 ], [ 88.8594448, 22.9431895 ], [ 88.8608425, 22.9429575 ], [ 88.8628409, 22.9461768 ], [ 88.8693171, 22.9514424 ], [ 88.874469, 22.9481607 ], [ 88.8760835, 22.9487041 ], [ 88.8792734, 22.9540149 ], [ 88.8942644, 22.9519989 ], [ 88.8925758, 22.9454118 ], [ 88.8927432, 22.9379338 ], [ 88.8868906, 22.9332087 ], [ 88.8910202, 22.9271501 ], [ 88.9034214, 22.9230517 ], [ 88.9081359, 22.9197804 ], [ 88.9082392, 22.9178665 ], [ 88.9055432, 22.9145747 ], [ 88.8967937, 22.9140678 ], [ 88.8956789, 22.9130739 ], [ 88.9010444, 22.9059158 ], [ 88.8979307, 22.8979497 ], [ 88.9078334, 22.893623 ], [ 88.9051083, 22.8898452 ], [ 88.9059717, 22.8876314 ], [ 88.908138, 22.8870578 ], [ 88.9056621, 22.8871104 ], [ 88.9054197, 22.8858242 ], [ 88.9088795, 22.8850213 ], [ 88.9092604, 22.8814503 ], [ 88.9123036, 22.8810071 ], [ 88.9096442, 22.8808948 ], [ 88.9094297, 22.8798561 ], [ 88.9112088, 22.8801969 ], [ 88.9120369, 22.8785798 ], [ 88.9123047, 22.8799181 ], [ 88.9154533, 22.8802056 ], [ 88.9162262, 22.8775351 ], [ 88.9183166, 22.877244 ], [ 88.9207444, 22.8796638 ], [ 88.9231199, 22.8797378 ], [ 88.9245949, 22.8755449 ], [ 88.9283325, 22.87249 ], [ 88.939947, 22.8748473 ], [ 88.9420267, 22.879964 ], [ 88.9453748, 22.8806746 ], [ 88.9496931, 22.8768511 ], [ 88.9497407, 22.8728509 ], [ 88.9515757, 22.8717326 ], [ 88.953601, 22.8674827 ], [ 88.9530955, 22.8641695 ], [ 88.9574108, 22.8625487 ], [ 88.9587848, 22.8598631 ], [ 88.9583008, 22.8564697 ], [ 88.9631406, 22.8526255 ], [ 88.9684626, 22.8450432 ], [ 88.9677915, 22.8392153 ], [ 88.9641296, 22.8291876 ], [ 88.9630996, 22.8193254 ], [ 88.959902, 22.8144003 ], [ 88.9555243, 22.8118102 ], [ 88.9553608, 22.8088113 ], [ 88.9598412, 22.8071483 ], [ 88.9583549, 22.8036149 ], [ 88.9595371, 22.8004503 ], [ 88.9578865, 22.7958648 ], [ 88.953279, 22.7971386 ], [ 88.9524274, 22.7959955 ], [ 88.9495995, 22.7972956 ], [ 88.9433121, 22.7903359 ], [ 88.9417843, 22.790206 ], [ 88.9380869, 22.7929696 ], [ 88.9382881, 22.7910751 ], [ 88.9358169, 22.7905561 ], [ 88.9356519, 22.7818559 ], [ 88.9288149, 22.7831779 ], [ 88.9293758, 22.7802284 ], [ 88.9239054, 22.7795635 ], [ 88.9247556, 22.7749616 ], [ 88.9266977, 22.7742522 ], [ 88.925823, 22.7698742 ], [ 88.9194535, 22.7708437 ], [ 88.9178282, 22.7700062 ], [ 88.9132921, 22.7628393 ], [ 88.9135114, 22.76055 ], [ 88.9110402, 22.7577891 ], [ 88.9129081, 22.7544623 ], [ 88.9176526, 22.7552098 ], [ 88.9207511, 22.7532015 ], [ 88.9207816, 22.7492386 ], [ 88.9179581, 22.7474834 ], [ 88.9166034, 22.7439312 ], [ 88.91569, 22.7365378 ], [ 88.9181741, 22.7305227 ], [ 88.9248692, 22.7279797 ], [ 88.9279058, 22.7184222 ], [ 88.9470769, 22.7072833 ], [ 88.9483749, 22.705419 ], [ 88.9511523, 22.7069802 ], [ 88.9561118, 22.7039756 ], [ 88.9623664, 22.6949724 ], [ 88.9607425, 22.6870661 ], [ 88.9616363, 22.6852199 ], [ 88.9555855, 22.6859871 ], [ 88.9478925, 22.6775872 ], [ 88.9475874, 22.6707782 ], [ 88.9450263, 22.6623945 ], [ 88.9431529, 22.6619548 ], [ 88.9418686, 22.6595622 ], [ 88.9390573, 22.6604056 ], [ 88.935575, 22.6590321 ], [ 88.9332975, 22.6566977 ], [ 88.9355474, 22.6557098 ], [ 88.9333091, 22.6521426 ], [ 88.9305579, 22.6515468 ], [ 88.9311985, 22.6528902 ], [ 88.9299735, 22.6534733 ], [ 88.9287101, 22.652507 ], [ 88.9293141, 22.6505061 ], [ 88.9271137, 22.6496472 ], [ 88.9319209, 22.6389235 ], [ 88.9329608, 22.6260951 ], [ 88.9349458, 22.621197 ], [ 88.9414501, 22.6181507 ], [ 88.9561587, 22.6187598 ], [ 88.9600814, 22.6166332 ], [ 88.9596511, 22.6113487 ], [ 88.9563959, 22.6060988 ], [ 88.9389389, 22.5922053 ], [ 88.9385095, 22.5880102 ], [ 88.9415133, 22.5754733 ], [ 88.9406974, 22.5613483 ], [ 88.9444654, 22.5559985 ], [ 88.9476682, 22.5543684 ], [ 88.9569696, 22.5529075 ], [ 88.9618646, 22.5487334 ], [ 88.9679136, 22.5345675 ], [ 88.9713955, 22.520089 ], [ 88.9746912, 22.4962439 ], [ 88.9809755, 22.4824686 ], [ 88.9926719, 22.4734985 ], [ 88.9961236, 22.4689524 ], [ 88.9941373, 22.4553138 ], [ 88.9884903, 22.4451135 ], [ 88.9912397, 22.4404258 ], [ 88.9990908, 22.4332205 ], [ 89.0000702, 22.4298395 ], [ 88.9886646, 22.4240673 ], [ 88.9841094, 22.4183289 ], [ 88.9719068, 22.4098858 ], [ 88.9729316, 22.4071569 ], [ 88.9796723, 22.4005851 ], [ 88.9900442, 22.3935402 ], [ 88.9942514, 22.3887332 ], [ 88.990669, 22.3835878 ], [ 88.9852808, 22.3790966 ], [ 88.9823227, 22.3734863 ], [ 88.9887978, 22.3663718 ], [ 88.9893472, 22.3642799 ], [ 88.9860227, 22.35759 ], [ 88.9887525, 22.348136 ], [ 88.9856049, 22.3372081 ], [ 88.9844797, 22.3266972 ], [ 88.9893169, 22.3225377 ], [ 88.9972776, 22.324632 ], [ 89.0004237, 22.3242793 ], [ 89.0103671, 22.3155258 ], [ 89.016216, 22.306565 ], [ 89.024302, 22.2984289 ], [ 89.0243831, 22.2960411 ], [ 89.0214938, 22.2943856 ], [ 89.0078329, 22.2983619 ], [ 88.9994424, 22.2970116 ], [ 88.9948974, 22.2933399 ], [ 88.9950973, 22.2862646 ], [ 89.0077934, 22.2762494 ], [ 89.0204661, 22.2685034 ], [ 89.0197854, 22.2654441 ], [ 89.0129407, 22.2585623 ], [ 89.0127175, 22.2551723 ], [ 89.0138809, 22.2539632 ], [ 89.019472, 22.2543714 ], [ 89.0303245, 22.260075 ], [ 89.0341997, 22.2582583 ], [ 89.0365439, 22.2363721 ], [ 89.0388944, 22.2306944 ], [ 89.0458982, 22.2220909 ], [ 89.0629643, 22.2068035 ], [ 89.0716139, 22.1968879 ], [ 89.0728382, 22.1929157 ], [ 89.0721671, 22.187066 ], [ 89.0648615, 22.1752225 ], [ 89.0639509, 22.1690985 ], [ 89.0642476, 22.1643956 ], [ 89.0710692, 22.1472756 ], [ 89.0733486, 22.145316 ], [ 89.0768506, 22.145444 ], [ 89.0877942, 22.1564942 ], [ 89.0911545, 22.1582477 ], [ 89.0965487, 22.1567112 ], [ 89.098708, 22.1518667 ], [ 89.0980367, 22.1475378 ], [ 89.0947657, 22.1427935 ], [ 89.0788354, 22.1345417 ], [ 89.0614636, 22.1210635 ], [ 89.0558947, 22.1194901 ], [ 89.0507567, 22.1162015 ], [ 89.0416237, 22.1056167 ], [ 89.0378567, 22.0942141 ], [ 89.0384723, 22.0846776 ], [ 89.0432765, 22.0616689 ], [ 89.051633, 22.0486073 ], [ 89.055329, 22.0403639 ], [ 89.0727366, 22.0192588 ], [ 89.0768632, 22.0084097 ], [ 89.079675, 21.983968 ], [ 89.0762636, 21.9593666 ], [ 89.0727433, 21.9444403 ], [ 89.0679867, 21.9316471 ], [ 89.0351366, 21.9269903 ], [ 89.0283064, 21.9286911 ], [ 89.0141023, 21.9406165 ], [ 89.0019251, 21.9456606 ], [ 88.9973935, 21.9502495 ], [ 88.9963268, 21.9539033 ], [ 88.997167, 21.9572352 ], [ 88.9999974, 21.9580566 ], [ 88.9992937, 21.9600103 ], [ 89.0124454, 21.9729555 ], [ 89.0140981, 21.9767227 ], [ 89.0143327, 21.9799875 ], [ 89.0118166, 21.984262 ], [ 89.0012262, 21.9864036 ], [ 89.0089506, 21.9899315 ], [ 89.0154878, 21.9949753 ], [ 89.0271745, 21.9975114 ], [ 89.0303826, 22.0010483 ], [ 89.0274353, 22.0010966 ], [ 89.0247898, 21.9978017 ], [ 89.0170229, 21.9977281 ], [ 89.0137425, 21.9965276 ], [ 89.0065299, 21.9907505 ], [ 89.0003226, 21.9876679 ], [ 88.9989492, 21.9845263 ], [ 88.9906016, 21.9752654 ], [ 88.9882932, 21.9743909 ], [ 88.9890231, 21.9834062 ], [ 88.9862908, 21.9868232 ], [ 88.9837846, 21.9891096 ], [ 88.9693455, 21.9937956 ], [ 88.9695193, 21.9976288 ], [ 88.9710038, 22.0000926 ], [ 88.9643993, 22.0060874 ], [ 88.9535932, 22.01219 ], [ 88.935651, 22.0118056 ], [ 88.930641, 22.0005211 ], [ 88.9339194, 21.992699 ], [ 88.9329266, 21.990793 ], [ 88.917806, 21.9809307 ], [ 88.916004, 21.9817415 ], [ 88.9119573, 21.9954382 ], [ 88.9151065, 22.0084628 ], [ 88.908077, 22.0097395 ], [ 88.9024683, 22.0038531 ], [ 88.9016484, 21.9968562 ], [ 88.9031294, 21.9807922 ], [ 88.905227, 21.9746654 ], [ 88.90809, 21.971468 ], [ 88.9082867, 21.9680755 ], [ 88.9056187, 21.9495735 ], [ 88.9063549, 21.9321618 ], [ 88.9043615, 21.9278907 ], [ 88.8970498, 21.924133 ], [ 88.886682, 21.9217056 ], [ 88.8820024, 21.9240856 ], [ 88.8753674, 21.9243295 ], [ 88.8676727, 21.9237693 ], [ 88.8582409, 21.9203638 ], [ 88.8421096, 21.9247578 ], [ 88.8307864, 21.9374453 ], [ 88.8238833, 21.9410511 ], [ 88.8161389, 21.941771 ], [ 88.8094434, 21.9407418 ], [ 88.805749, 21.9380686 ], [ 88.8043433, 21.9326944 ], [ 88.7998745, 21.9267545 ], [ 88.7990446, 21.9221031 ], [ 88.8052631, 21.9127091 ], [ 88.8132806, 21.9038321 ], [ 88.8276335, 21.9000569 ], [ 88.833395, 21.8963765 ], [ 88.839801, 21.8863601 ], [ 88.8399879, 21.8820636 ], [ 88.8382247, 21.8766588 ], [ 88.8325356, 21.8670032 ], [ 88.8200666, 21.8377584 ], [ 88.8222155, 21.8259815 ], [ 88.8308326, 21.8080695 ], [ 88.8224238, 21.7942582 ], [ 88.8214762, 21.7814425 ], [ 88.8245488, 21.7743721 ], [ 88.8325823, 21.7661963 ], [ 88.8637406, 21.7635879 ], [ 88.8646953, 21.7614425 ], [ 88.8631394, 21.7548406 ], [ 88.8521056, 21.7441476 ], [ 88.8450604, 21.7303458 ], [ 88.8411645, 21.71688 ], [ 88.8404247, 21.6992688 ], [ 88.8431586, 21.682453 ], [ 88.8500464, 21.6662384 ], [ 88.8573575, 21.6531913 ], [ 88.8615487, 21.6409408 ], [ 88.8540857, 21.6334535 ], [ 88.8471554, 21.6298018 ], [ 88.8467817, 21.6289019 ], [ 88.849911, 21.6280761 ], [ 88.8492944, 21.6270661 ], [ 88.8440936, 21.6264458 ], [ 88.8464698, 21.6233686 ], [ 88.845588, 21.6191027 ], [ 88.828125, 21.6242494 ], [ 88.8247824, 21.627337 ], [ 88.8236729, 21.6255412 ], [ 88.821883, 21.6272558 ], [ 88.8193486, 21.6273966 ], [ 88.8186439, 21.6289863 ], [ 88.8172945, 21.627306 ], [ 88.8124883, 21.6292795 ], [ 88.8081764, 21.6321515 ], [ 88.8044948, 21.6371634 ], [ 88.8108347, 21.6440328 ], [ 88.820033, 21.6578985 ], [ 88.8224427, 21.6670249 ], [ 88.8221613, 21.6734687 ], [ 88.8174408, 21.6871933 ], [ 88.8173951, 21.6931826 ], [ 88.8194232, 21.7007312 ], [ 88.8183869, 21.7048104 ], [ 88.8145945, 21.7107279 ], [ 88.8093406, 21.7157572 ], [ 88.8029822, 21.7175267 ], [ 88.7943137, 21.7156171 ], [ 88.7858108, 21.7119324 ], [ 88.7707966, 21.7013211 ], [ 88.7642602, 21.7003745 ], [ 88.7627089, 21.7019719 ], [ 88.76266, 21.7044266 ], [ 88.7807159, 21.7144267 ], [ 88.783912, 21.7190706 ], [ 88.7843925, 21.7233697 ], [ 88.7809023, 21.731961 ], [ 88.7934594, 21.7359927 ], [ 88.7938345, 21.7370055 ], [ 88.7914558, 21.7400818 ], [ 88.7861547, 21.7413818 ], [ 88.786052, 21.7428516 ], [ 88.7905718, 21.7467572 ], [ 88.7914428, 21.7487814 ], [ 88.7904916, 21.7500345 ], [ 88.7834965, 21.7414105 ], [ 88.7840811, 21.7398225 ], [ 88.7898979, 21.7378725 ], [ 88.7814276, 21.7353316 ], [ 88.7770417, 21.7324413 ], [ 88.7558694, 21.7353158 ], [ 88.7550978, 21.7444796 ], [ 88.7571463, 21.7508829 ], [ 88.7585086, 21.7535782 ], [ 88.7653447, 21.7591505 ], [ 88.7672085, 21.763308 ], [ 88.7653095, 21.7661508 ], [ 88.7621839, 21.767539 ], [ 88.755184, 21.7684038 ], [ 88.7501328, 21.7704896 ], [ 88.7656797, 21.7863607 ], [ 88.7716722, 21.8018857 ], [ 88.7777018, 21.8105192 ], [ 88.7764447, 21.8164068 ], [ 88.7811471, 21.8251674 ], [ 88.7770399, 21.8254375 ], [ 88.7740314, 21.8167715 ], [ 88.7748252, 21.8102526 ], [ 88.77023, 21.8054496 ], [ 88.7641206, 21.7895687 ], [ 88.7573603, 21.7824918 ], [ 88.7504222, 21.7783862 ], [ 88.7455262, 21.7732424 ], [ 88.748341, 21.7662098 ], [ 88.7534992, 21.7631055 ], [ 88.7597663, 21.7617965 ], [ 88.7531836, 21.7520398 ], [ 88.7508366, 21.7378331 ], [ 88.7523521, 21.7332991 ], [ 88.7576091, 21.7284994 ], [ 88.7759323, 21.7253673 ], [ 88.7775733, 21.7212835 ], [ 88.7665643, 21.7171002 ], [ 88.7604303, 21.7129325 ], [ 88.7575827, 21.7087039 ], [ 88.7565486, 21.7029727 ], [ 88.759467, 21.6970141 ], [ 88.763842, 21.6942852 ], [ 88.7687033, 21.6936879 ], [ 88.7764664, 21.6960138 ], [ 88.7993349, 21.7063037 ], [ 88.8068729, 21.7066547 ], [ 88.8099326, 21.7044839 ], [ 88.806965, 21.6757721 ], [ 88.8079423, 21.6626769 ], [ 88.7964489, 21.6559209 ], [ 88.7921592, 21.6561761 ], [ 88.7768073, 21.6639301 ], [ 88.7702555, 21.6657232 ], [ 88.7571229, 21.6627204 ], [ 88.7499991, 21.6581657 ], [ 88.7447904, 21.6608319 ], [ 88.7279139, 21.6772124 ], [ 88.7176176, 21.6834952 ], [ 88.711408, 21.6895811 ], [ 88.7049008, 21.7182633 ], [ 88.6937597, 21.7453079 ], [ 88.6945949, 21.753439 ], [ 88.7048137, 21.7716505 ], [ 88.7112766, 21.7869824 ], [ 88.712343, 21.7997746 ], [ 88.711148, 21.8068873 ], [ 88.6960432, 21.8425867 ], [ 88.6988774, 21.8590663 ], [ 88.7132531, 21.8899143 ], [ 88.7158731, 21.90355 ], [ 88.7165623, 21.9207035 ], [ 88.7227456, 21.9321545 ], [ 88.7238848, 21.9664638 ], [ 88.7254943, 21.9795431 ], [ 88.740838, 21.9879612 ], [ 88.7503913, 21.9975687 ], [ 88.7518844, 22.0009397 ], [ 88.7514647, 22.0062309 ], [ 88.7332759, 22.0066632 ], [ 88.7136725, 21.9987338 ], [ 88.7101992, 21.9959541 ], [ 88.7026748, 21.9868319 ], [ 88.6941749, 21.9706972 ], [ 88.6896472, 21.9716328 ], [ 88.6895611, 21.9701752 ], [ 88.694226, 21.965965 ], [ 88.6955823, 21.9513387 ], [ 88.6947309, 21.9510084 ], [ 88.6949985, 21.9531532 ], [ 88.6934541, 21.9556559 ], [ 88.6906694, 21.9556846 ], [ 88.6896248, 21.9497244 ], [ 88.6786202, 21.9430949 ], [ 88.6723148, 21.9474543 ], [ 88.6568224, 21.9536531 ], [ 88.6438932, 21.9523862 ], [ 88.6382442, 21.9493703 ], [ 88.6307175, 21.9543603 ], [ 88.6278955, 21.9588579 ], [ 88.6288299, 21.9714832 ], [ 88.6326166, 21.9919881 ], [ 88.6349652, 21.9974292 ], [ 88.6376576, 21.9999663 ], [ 88.6384899, 22.0041409 ], [ 88.6373111, 22.0085975 ], [ 88.6348759, 22.0107725 ], [ 88.6307379, 22.0119608 ], [ 88.6235052, 22.0114591 ], [ 88.6089655, 22.0038598 ], [ 88.6024319, 21.997247 ], [ 88.5994067, 21.9918324 ], [ 88.5965939, 21.9907301 ], [ 88.5950352, 21.9887204 ], [ 88.588174, 21.9908277 ], [ 88.5852788, 21.9903529 ], [ 88.5796694, 21.998109 ], [ 88.5811643, 22.0000418 ], [ 88.5775872, 21.9986142 ], [ 88.5712433, 22.0004395 ], [ 88.5808905, 21.9955265 ], [ 88.5841363, 21.9897114 ], [ 88.5758164, 21.9812424 ], [ 88.574099, 21.9778959 ], [ 88.5753387, 21.9633112 ], [ 88.5738921, 21.9610891 ], [ 88.570809, 21.9597199 ], [ 88.5675122, 21.9607663 ], [ 88.5597281, 21.9713025 ], [ 88.5545173, 21.9746328 ], [ 88.553984, 21.976362 ], [ 88.544042, 21.9730158 ], [ 88.5412182, 21.9671577 ], [ 88.5348951, 21.9687278 ], [ 88.5412237, 21.9659882 ], [ 88.5425398, 21.9506361 ], [ 88.5422308, 21.9494167 ], [ 88.5405559, 21.9495513 ], [ 88.5424733, 21.9485499 ], [ 88.5485923, 21.9381446 ], [ 88.5478824, 21.9264536 ], [ 88.5488344, 21.9202722 ], [ 88.5526359, 21.9151668 ], [ 88.560612, 21.912899 ], [ 88.5674277, 21.9075145 ], [ 88.5687453, 21.9040831 ], [ 88.5652536, 21.8994715 ], [ 88.560241, 21.8989006 ], [ 88.5410313, 21.9074216 ], [ 88.5414103, 21.9047261 ], [ 88.5395677, 21.9029594 ], [ 88.5390185, 21.8991119 ], [ 88.5407185, 21.8964351 ], [ 88.5460525, 21.8930737 ], [ 88.5475779, 21.882061 ], [ 88.5470272, 21.8804215 ], [ 88.5399688, 21.8798806 ], [ 88.5374636, 21.8785562 ], [ 88.5429347, 21.8796971 ], [ 88.5465007, 21.8789402 ], [ 88.5392133, 21.8732604 ], [ 88.537698, 21.8672042 ], [ 88.5387647, 21.8632356 ], [ 88.5364081, 21.8643678 ], [ 88.529722, 21.8724965 ], [ 88.5186271, 21.8756054 ], [ 88.5292868, 21.8722117 ], [ 88.5355471, 21.8643356 ], [ 88.5391982, 21.8624728 ], [ 88.5388351, 21.858842 ], [ 88.5367277, 21.8562218 ], [ 88.5296621, 21.8539149 ], [ 88.5286886, 21.8555986 ], [ 88.5264367, 21.8523957 ], [ 88.5253724, 21.8526118 ], [ 88.5190451, 21.8596927 ], [ 88.5046656, 21.86889 ], [ 88.5009429, 21.871723 ], [ 88.5010959, 21.8738047 ], [ 88.4968749, 21.8764847 ], [ 88.4960092, 21.8826129 ], [ 88.4969107, 21.886117 ], [ 88.495773, 21.8836607 ], [ 88.492158, 21.8825118 ], [ 88.4755397, 21.8903571 ], [ 88.4599334, 21.8942356 ], [ 88.4556676, 21.8975069 ], [ 88.4532799, 21.9022133 ], [ 88.4512828, 21.9046572 ], [ 88.4495896, 21.9056649 ], [ 88.4387555, 21.9060125 ], [ 88.4345586, 21.9022029 ], [ 88.4310986, 21.9012016 ], [ 88.4212043, 21.9040765 ], [ 88.4180489, 21.9026052 ], [ 88.4175108, 21.899011 ], [ 88.4213491, 21.9030333 ], [ 88.4285529, 21.8998071 ], [ 88.4343106, 21.8989698 ], [ 88.4359812, 21.9020488 ], [ 88.4403813, 21.9056958 ], [ 88.4506635, 21.9049193 ], [ 88.4541779, 21.8985372 ], [ 88.4578772, 21.8945256 ], [ 88.4750652, 21.8898427 ], [ 88.4830353, 21.8720328 ], [ 88.4887806, 21.8509006 ], [ 88.487863, 21.8403754 ], [ 88.4842049, 21.8383007 ], [ 88.47329, 21.8375343 ], [ 88.468863, 21.8343609 ], [ 88.4657609, 21.8271672 ], [ 88.4632933, 21.8254616 ], [ 88.4555091, 21.8239547 ], [ 88.4491048, 21.817548 ], [ 88.4474933, 21.8131993 ], [ 88.4486396, 21.8058799 ], [ 88.4606933, 21.7954251 ], [ 88.4598742, 21.7920613 ], [ 88.4556589, 21.7936936 ], [ 88.4451615, 21.8030275 ], [ 88.4352917, 21.8011167 ], [ 88.4331648, 21.803032 ], [ 88.4328495, 21.8005667 ], [ 88.429929, 21.8005992 ], [ 88.4282279, 21.803151 ], [ 88.4275387, 21.809568 ], [ 88.4255521, 21.8119302 ], [ 88.4258818, 21.8145221 ], [ 88.4221577, 21.8130647 ], [ 88.4174236, 21.8131561 ], [ 88.4175779, 21.8117156 ], [ 88.4111544, 21.8051876 ], [ 88.4040889, 21.8000908 ], [ 88.3793655, 21.7876164 ], [ 88.3758313, 21.7796237 ], [ 88.3746325, 21.7681314 ], [ 88.3553127, 21.7668942 ], [ 88.3428053, 21.7613274 ], [ 88.3400702, 21.7574253 ], [ 88.3385637, 21.751356 ], [ 88.3397723, 21.7503822 ], [ 88.3397216, 21.7409038 ], [ 88.3442983, 21.7210359 ], [ 88.335732, 21.7139309 ], [ 88.3338909, 21.7139304 ], [ 88.3317246, 21.7181565 ], [ 88.3311219, 21.7250676 ], [ 88.327255, 21.7264852 ], [ 88.3255124, 21.7247882 ], [ 88.3250022, 21.7189312 ], [ 88.3290794, 21.7090431 ], [ 88.3208018, 21.708738 ], [ 88.3110731, 21.7117374 ], [ 88.3070703, 21.7150637 ], [ 88.306146, 21.717678 ], [ 88.3094826, 21.7338544 ], [ 88.305638, 21.748321 ], [ 88.3023456, 21.7685708 ], [ 88.2991021, 21.7770722 ], [ 88.2999648, 21.7814097 ], [ 88.2905486, 21.786903 ], [ 88.2868283, 21.7916502 ], [ 88.2829739, 21.7894564 ], [ 88.2864555, 21.7836541 ], [ 88.2818434, 21.76881 ], [ 88.27948, 21.7657328 ], [ 88.2817172, 21.7622667 ], [ 88.270199, 21.7536381 ], [ 88.2708592, 21.7498828 ], [ 88.269166, 21.7451493 ], [ 88.261496, 21.7321572 ], [ 88.2639634, 21.7289392 ], [ 88.2754285, 21.7269507 ], [ 88.2793517, 21.7140834 ], [ 88.2837084, 21.7069308 ], [ 88.281981, 21.7062051 ], [ 88.2833113, 21.7038803 ], [ 88.2894916, 21.695751 ], [ 88.2940065, 21.6923078 ], [ 88.2944573, 21.6897431 ], [ 88.3011723, 21.6824219 ], [ 88.3037584, 21.6702443 ], [ 88.3026497, 21.6606154 ], [ 88.2968459, 21.6426141 ], [ 88.2877768, 21.6240139 ], [ 88.2888753, 21.6203296 ], [ 88.2867813, 21.6172939 ], [ 88.2862982, 21.6096667 ], [ 88.285029, 21.6086002 ], [ 88.2867505, 21.6046003 ], [ 88.2844158, 21.6007064 ], [ 88.2854315, 21.5980427 ], [ 88.2877983, 21.5966893 ], [ 88.2949306, 21.595853 ], [ 88.2956224, 21.5933922 ], [ 88.3006708, 21.5883099 ], [ 88.3103014, 21.5816352 ], [ 88.3045503, 21.5738117 ], [ 88.3003177, 21.5711816 ], [ 88.2935298, 21.5630274 ], [ 88.2764788, 21.5566779 ], [ 88.2660087, 21.5565719 ], [ 88.2550785, 21.5581313 ], [ 88.2484234, 21.561739 ], [ 88.2440751, 21.5663332 ], [ 88.2395251, 21.575589 ], [ 88.2370492, 21.576539 ], [ 88.2380023, 21.5776675 ], [ 88.244674, 21.5786968 ], [ 88.2433208, 21.5828974 ], [ 88.2455551, 21.5875063 ], [ 88.2359047, 21.6019949 ], [ 88.2362787, 21.6049886 ], [ 88.2308592, 21.6094355 ], [ 88.2222653, 21.6119379 ], [ 88.2184625, 21.6159319 ], [ 88.2211092, 21.6238509 ], [ 88.2334076, 21.6340535 ], [ 88.2370518, 21.6438006 ], [ 88.2357042, 21.6501731 ], [ 88.2315405, 21.6569944 ], [ 88.2334229, 21.6679347 ], [ 88.2297792, 21.6731707 ], [ 88.2245587, 21.6759601 ], [ 88.214654, 21.6745703 ], [ 88.2058617, 21.6754237 ], [ 88.199754, 21.6826967 ], [ 88.1992309, 21.6896601 ], [ 88.2133706, 21.6936903 ], [ 88.2189181, 21.6981057 ], [ 88.2204303, 21.7018824 ], [ 88.219487, 21.7078301 ], [ 88.2130712, 21.7182601 ], [ 88.2112145, 21.724723 ], [ 88.214293, 21.7406707 ], [ 88.2145191, 21.75488 ], [ 88.2156517, 21.7573088 ], [ 88.2139617, 21.7684182 ], [ 88.2152922, 21.7780312 ], [ 88.2115572, 21.7898054 ], [ 88.2066052, 21.7968658 ], [ 88.2039227, 21.8079213 ], [ 88.2022927, 21.8070821 ], [ 88.200699, 21.8108895 ], [ 88.2004771, 21.8120005 ], [ 88.2018631, 21.8177526 ], [ 88.2024025, 21.8227376 ], [ 88.199788, 21.8359695 ], [ 88.1945982, 21.8455629 ], [ 88.1861133, 21.8547644 ], [ 88.1839413, 21.8546884 ], [ 88.18105, 21.8579767 ], [ 88.1810361, 21.8597377 ], [ 88.1798121, 21.8593815 ], [ 88.1763839, 21.8631349 ], [ 88.1743441, 21.8689875 ], [ 88.163444, 21.8836707 ], [ 88.1646028, 21.8929544 ], [ 88.1694872, 21.9009684 ], [ 88.173139, 21.9115021 ], [ 88.1710539, 21.9285624 ], [ 88.1668987, 21.9362715 ], [ 88.1509397, 21.9539033 ], [ 88.1497543, 21.9568838 ], [ 88.1533813, 21.9643203 ], [ 88.1680811, 21.9747345 ], [ 88.1769833, 21.9860344 ], [ 88.1926431, 22.0008053 ], [ 88.1980649, 22.0078653 ], [ 88.2133099, 22.0338672 ], [ 88.2160964, 22.0518915 ], [ 88.2231569, 22.0706854 ], [ 88.2244103, 22.089916 ], [ 88.220844, 22.1039837 ], [ 88.2168805, 22.112037 ], [ 88.2162378, 22.1224815 ], [ 88.2118992, 22.1285526 ], [ 88.2107197, 22.1336917 ], [ 88.210433, 22.148945 ], [ 88.2053312, 22.1615094 ], [ 88.2053811, 22.1642006 ], [ 88.2038201, 22.1640252 ], [ 88.2053086, 22.1645392 ], [ 88.1894798, 22.1837683 ], [ 88.1880126, 22.1880313 ], [ 88.186136, 22.1877431 ], [ 88.1768437, 22.1938871 ], [ 88.1634092, 22.1988035 ], [ 88.15842, 22.1994773 ], [ 88.1563977, 22.198561 ], [ 88.1413957, 22.2019948 ], [ 88.1337343, 22.2016161 ], [ 88.1168013, 22.2094456 ], [ 88.1003671, 22.2100217 ], [ 88.0877887, 22.2078428 ], [ 88.0727799, 22.2094776 ], [ 88.0693359, 22.2119102 ], [ 88.0690492, 22.213504 ], [ 88.0843623, 22.2336835 ], [ 88.0876773, 22.2424215 ], [ 88.0881131, 22.2533311 ], [ 88.084606, 22.2563421 ], [ 88.083121, 22.256352 ], [ 88.0838648, 22.2430347 ], [ 88.0829889, 22.2363968 ], [ 88.0605713, 22.2057705 ], [ 88.0530134, 22.2114656 ], [ 88.0278571, 22.2157645 ], [ 88.0221769, 22.2177658 ], [ 88.0065044, 22.2334233 ], [ 88.0069361, 22.2391401 ], [ 88.0001367, 22.2429641 ], [ 87.9961209, 22.2382815 ], [ 87.9864903, 22.2382589 ], [ 87.9813956, 22.2423728 ], [ 87.9698513, 22.2561728 ], [ 87.9681063, 22.2599637 ], [ 87.9683595, 22.2647289 ], [ 87.9596805, 22.2672786 ], [ 87.9559319, 22.2697323 ], [ 87.9478635, 22.2587999 ], [ 87.9469118, 22.2570347 ], [ 87.9476431, 22.2547542 ], [ 87.9588908, 22.2444716 ], [ 87.9652677, 22.2420571 ], [ 87.9710755, 22.2377552 ], [ 87.9730178, 22.2338212 ], [ 87.9722916, 22.228787 ], [ 87.973403, 22.2227944 ], [ 87.9771418, 22.2208403 ], [ 87.983886, 22.2140698 ], [ 87.9838679, 22.2184331 ], [ 87.9812765, 22.2189862 ], [ 87.9761718, 22.2236691 ], [ 87.9752252, 22.2333992 ], [ 87.9816962, 22.2318878 ], [ 87.9819842, 22.2286657 ], [ 87.9862141, 22.2272083 ], [ 87.9822592, 22.2291383 ], [ 87.9832685, 22.2305549 ], [ 87.9918616, 22.2244976 ], [ 87.9977687, 22.2084276 ], [ 88.0067489, 22.2026287 ], [ 88.0174434, 22.1995296 ], [ 88.0234171, 22.199687 ], [ 88.0270085, 22.2018792 ], [ 88.0292738, 22.2077777 ], [ 88.0347768, 22.2089323 ], [ 88.0497196, 22.2047678 ], [ 88.0666883, 22.1888402 ], [ 88.0737047, 22.1871312 ], [ 88.0844297, 22.1867912 ], [ 88.0878191, 22.1855638 ], [ 88.0912467, 22.1866624 ], [ 88.0951487, 22.1909884 ], [ 88.0996335, 22.1915266 ], [ 88.1010253, 22.190565 ], [ 88.1033717, 22.1921954 ], [ 88.1211373, 22.1869455 ], [ 88.1320367, 22.1863676 ], [ 88.1366813, 22.1841955 ], [ 88.1571208, 22.1562696 ], [ 88.1561318, 22.155439 ], [ 88.1579835, 22.1555289 ], [ 88.1614239, 22.1507735 ], [ 88.1688335, 22.1448294 ], [ 88.1725689, 22.1374275 ], [ 88.1811667, 22.1257391 ], [ 88.1901088, 22.116267 ], [ 88.1894317, 22.1080807 ], [ 88.1834126, 22.0944508 ], [ 88.171726, 22.0800727 ], [ 88.164249, 22.0745341 ], [ 88.1536566, 22.0635907 ], [ 88.1258072, 22.0498343 ], [ 88.0862653, 22.0233776 ], [ 88.0630773, 22.0133142 ], [ 88.055613, 22.0200554 ], [ 88.0499688, 22.0137551 ], [ 88.052422, 22.0073222 ], [ 88.0496073, 22.000814 ], [ 88.0360032, 21.9821789 ], [ 88.032142, 21.971353 ], [ 88.0256568, 21.9618575 ], [ 88.0181334, 21.943768 ], [ 88.0134931, 21.9420038 ], [ 88.0107965, 21.9428464 ], [ 88.0119884, 21.9412893 ], [ 88.0156519, 21.9418788 ], [ 88.0166163, 21.9402133 ], [ 88.0136749, 21.9325078 ], [ 88.0119806, 21.9209197 ], [ 88.0018237, 21.9063148 ], [ 88.0036646, 21.905999 ], [ 87.9999978, 21.9054615 ], [ 88.0016329, 21.9053291 ], [ 87.9971759, 21.8965344 ], [ 87.9855035, 21.8816187 ], [ 87.9776277, 21.8686369 ], [ 87.9750277, 21.8654143 ], [ 87.9706578, 21.8629649 ], [ 87.9680839, 21.8547706 ], [ 87.9555146, 21.8417045 ], [ 87.9533501, 21.8371989 ], [ 87.9492238, 21.8357017 ], [ 87.9483521, 21.8333674 ], [ 87.9451612, 21.835744 ], [ 87.9480619, 21.833214 ], [ 87.946735, 21.8298459 ], [ 87.9355394, 21.8192026 ], [ 87.9169316, 21.8058283 ], [ 87.9120762, 21.8033234 ], [ 87.9119508, 21.8048406 ], [ 87.9088317, 21.8034865 ], [ 87.9092423, 21.8019648 ], [ 87.9132512, 21.8031741 ], [ 87.9112877, 21.8018288 ], [ 87.9066647, 21.8001138 ], [ 87.9036862, 21.8007962 ], [ 87.8944308, 21.7957851 ], [ 87.8832665, 21.7933498 ], [ 87.8855192, 21.7899923 ], [ 87.8835316, 21.7819771 ], [ 87.8770434, 21.7748291 ], [ 87.872383, 21.7725531 ], [ 87.8666402, 21.7668496 ], [ 87.8625319, 21.7576193 ], [ 87.8555236, 21.7524618 ], [ 87.8619086, 21.7562465 ], [ 87.8607729, 21.7533248 ], [ 87.8339847, 21.7351053 ], [ 87.8268487, 21.7276615 ], [ 87.8182486, 21.7214587 ], [ 87.8151426, 21.718414 ], [ 87.8131164, 21.7103212 ], [ 87.805074, 21.703418 ], [ 87.7959829, 21.6981891 ], [ 87.7854616, 21.6941964 ], [ 87.7696761, 21.6941643 ], [ 87.761691, 21.6979296 ], [ 87.7601707, 21.7017804 ], [ 87.7588151, 21.6989797 ], [ 87.7567962, 21.6981113 ], [ 87.751818, 21.6995436 ], [ 87.7564521, 21.6992941 ], [ 87.7574612, 21.7002296 ], [ 87.746989, 21.6997756 ], [ 87.7437389, 21.6960434 ], [ 87.7480352, 21.6934446 ], [ 87.747701, 21.6889015 ], [ 87.743812, 21.6847993 ], [ 87.7372097, 21.681521 ], [ 87.7326097, 21.680824 ], [ 87.7312965, 21.6820848 ], [ 87.7318068, 21.6796324 ], [ 87.7395428, 21.680973 ], [ 87.7331372, 21.6754636 ], [ 87.7126857, 21.6653287 ], [ 87.6739626, 21.6525287 ], [ 87.6514087, 21.6485057 ], [ 87.6448204, 21.6496805 ], [ 87.6414974, 21.6519613 ], [ 87.6404639, 21.6548198 ], [ 87.6436525, 21.6592539 ], [ 87.6465753, 21.6604367 ], [ 87.6439332, 21.6631058 ], [ 87.6430054, 21.6604417 ], [ 87.6371841, 21.6555877 ], [ 87.6343387, 21.6495911 ], [ 87.6319524, 21.6478029 ], [ 87.5641754, 21.634366 ], [ 87.5565875, 21.6349772 ], [ 87.5535577, 21.6380465 ], [ 87.5514249, 21.6340627 ], [ 87.5517208, 21.6315477 ], [ 87.5478378, 21.6313832 ], [ 87.5340376, 21.6265986 ], [ 87.5328216, 21.6251258 ], [ 87.5052557, 21.6183208 ], [ 87.484787, 21.6112612 ], [ 87.4845267, 21.6249575 ], [ 87.4860148, 21.6322358 ], [ 87.480611, 21.6332056 ], [ 87.4811782, 21.6360186 ], [ 87.4793074, 21.6371579 ], [ 87.4793064, 21.6392485 ], [ 87.4751656, 21.6439924 ], [ 87.4764702, 21.6447638 ], [ 87.4764717, 21.6469314 ], [ 87.4719562, 21.6480629 ], [ 87.4725629, 21.6524699 ], [ 87.4612634, 21.6503672 ], [ 87.4603704, 21.6513973 ], [ 87.4605031, 21.6554432 ], [ 87.4624805, 21.6584407 ], [ 87.4612753, 21.6626408 ], [ 87.4671987, 21.6641324 ], [ 87.4667295, 21.6785693 ], [ 87.4694496, 21.6787258 ], [ 87.4686117, 21.6830884 ], [ 87.4711149, 21.6838908 ], [ 87.4708425, 21.6885783 ], [ 87.4695869, 21.6893466 ], [ 87.4719842, 21.6906548 ], [ 87.471234, 21.6961779 ], [ 87.4736312, 21.6971067 ], [ 87.4721969, 21.6981462 ], [ 87.4730673, 21.6991392 ], [ 87.4717938, 21.6988092 ], [ 87.4708005, 21.7056701 ], [ 87.4724011, 21.7073399 ], [ 87.4735898, 21.7145688 ], [ 87.4712286, 21.717415 ], [ 87.4674069, 21.7186771 ], [ 87.465979, 21.7228774 ], [ 87.4634626, 21.7253804 ], [ 87.4638606, 21.7283244 ], [ 87.4670886, 21.7275685 ], [ 87.4691844, 21.7325165 ], [ 87.4650565, 21.7317782 ], [ 87.4596399, 21.733944 ], [ 87.4447782, 21.7340321 ], [ 87.4452927, 21.7386965 ], [ 87.4531946, 21.737799 ], [ 87.4543214, 21.7390854 ], [ 87.4497802, 21.7432825 ], [ 87.4454255, 21.7437856 ], [ 87.4472441, 21.7462142 ], [ 87.4452292, 21.7476827 ], [ 87.4441458, 21.7564874 ], [ 87.4455533, 21.7681643 ], [ 87.4382785, 21.7701766 ], [ 87.4314957, 21.7693075 ], [ 87.424593, 21.7715809 ], [ 87.4219867, 21.7697483 ], [ 87.4142083, 21.7696058 ], [ 87.4041339, 21.7714818 ], [ 87.4012762, 21.7677839 ], [ 87.397747, 21.7665787 ], [ 87.395533, 21.7671299 ], [ 87.3954175, 21.7709366 ], [ 87.3914824, 21.7709596 ], [ 87.3915018, 21.772382 ], [ 87.3939674, 21.7725985 ], [ 87.3934312, 21.7762065 ], [ 87.3850627, 21.7767671 ], [ 87.3782895, 21.7727484 ], [ 87.374011, 21.7728071 ], [ 87.3738806, 21.7651125 ], [ 87.3696604, 21.7654329 ], [ 87.3730151, 21.7737057 ], [ 87.3718256, 21.7787587 ], [ 87.3668458, 21.7813233 ], [ 87.3596661, 21.7825916 ], [ 87.3591533, 21.785477 ], [ 87.3556624, 21.7863888 ], [ 87.3554978, 21.7882808 ], [ 87.3568223, 21.789446 ], [ 87.3555165, 21.7921733 ], [ 87.3473209, 21.7929623 ], [ 87.3385715, 21.7847646 ], [ 87.3360308, 21.7935424 ], [ 87.3318097, 21.7938213 ], [ 87.3295382, 21.7905693 ], [ 87.3254376, 21.7920177 ], [ 87.3246306, 21.790893 ], [ 87.319462, 21.7907242 ], [ 87.3189432, 21.7946165 ], [ 87.3216351, 21.7976745 ], [ 87.3165297, 21.7963181 ], [ 87.3151769, 21.7939153 ], [ 87.3140012, 21.7955539 ], [ 87.310656, 21.7938548 ], [ 87.3096334, 21.7989209 ], [ 87.3056391, 21.7999397 ], [ 87.3040534, 21.7991172 ], [ 87.2983805, 21.8012099 ], [ 87.2980787, 21.8048719 ], [ 87.2958929, 21.8052908 ], [ 87.2969822, 21.8115544 ], [ 87.2905944, 21.8113209 ], [ 87.2900596, 21.8078888 ], [ 87.2883482, 21.8072603 ], [ 87.2886926, 21.8055852 ], [ 87.2841394, 21.8027875 ], [ 87.2827177, 21.8027596 ], [ 87.2828472, 21.8044937 ], [ 87.2767828, 21.8055016 ], [ 87.2752298, 21.8094877 ], [ 87.2737621, 21.8102863 ], [ 87.2760149, 21.8111728 ], [ 87.2751935, 21.8169702 ], [ 87.2638955, 21.818584 ], [ 87.2641966, 21.8232488 ], [ 87.2690568, 21.8234281 ], [ 87.2708773, 21.8270599 ], [ 87.2685154, 21.8294878 ], [ 87.2650086, 21.830068 ], [ 87.2652565, 21.8346559 ], [ 87.2640854, 21.8356215 ], [ 87.2654178, 21.838684 ], [ 87.2608795, 21.84074 ], [ 87.2584874, 21.8440843 ], [ 87.2597894, 21.8488311 ], [ 87.2490281, 21.8532258 ], [ 87.2477975, 21.8609013 ], [ 87.251404, 21.8688605 ], [ 87.2523208, 21.8771112 ], [ 87.2422523, 21.8924734 ], [ 87.2343815, 21.9006383 ], [ 87.2369805, 21.9077982 ], [ 87.2492003, 21.9151499 ], [ 87.2497741, 21.9183465 ], [ 87.2451149, 21.9254122 ], [ 87.2498126, 21.9349727 ], [ 87.2485946, 21.9369514 ], [ 87.2424442, 21.9383602 ], [ 87.2390292, 21.940968 ], [ 87.2361573, 21.9449436 ], [ 87.2318051, 21.9570435 ], [ 87.2244087, 21.9571655 ], [ 87.2198953, 21.9599014 ], [ 87.2166609, 21.9603353 ], [ 87.2140876, 21.9635743 ], [ 87.2106027, 21.9643619 ], [ 87.2086843, 21.9620779 ], [ 87.2034616, 21.9628978 ], [ 87.1983479, 21.9592877 ], [ 87.1968086, 21.9595503 ], [ 87.1868637, 21.9657359 ], [ 87.1777117, 21.9696044 ], [ 87.1754962, 21.9741463 ], [ 87.1704137, 21.9799379 ], [ 87.1681843, 21.9718196 ], [ 87.1619867, 21.9676126 ], [ 87.1634648, 21.9670176 ], [ 87.1623289, 21.9616791 ], [ 87.1647878, 21.9609019 ], [ 87.1632229, 21.9554204 ], [ 87.1606614, 21.9522691 ], [ 87.1626161, 21.9489137 ], [ 87.1616574, 21.9475321 ], [ 87.1624508, 21.9455857 ], [ 87.1611048, 21.9439786 ], [ 87.1632766, 21.9388981 ], [ 87.1614026, 21.9349203 ], [ 87.1528116, 21.933215 ], [ 87.1415483, 21.9240182 ], [ 87.124644, 21.9260058 ], [ 87.1140455, 21.9243165 ], [ 87.1128164, 21.9224379 ], [ 87.106922, 21.9223198 ], [ 87.1038108, 21.9190547 ], [ 87.1023451, 21.9150583 ], [ 87.0970997, 21.9139375 ], [ 87.0905749, 21.9010669 ], [ 87.0946207, 21.8982862 ], [ 87.0988463, 21.8907188 ], [ 87.0951859, 21.8806169 ], [ 87.0979317, 21.8669217 ], [ 87.0909076, 21.8666809 ], [ 87.0842556, 21.8681243 ], [ 87.079288, 21.865951 ], [ 87.0739614, 21.8672408 ], [ 87.0613118, 21.8658726 ], [ 87.049507, 21.8681704 ], [ 87.0461307, 21.8675005 ], [ 87.0432706, 21.8692737 ], [ 87.0353029, 21.8693959 ], [ 87.0314505, 21.871796 ], [ 87.0301135, 21.8744775 ], [ 87.0261649, 21.8757711 ], [ 87.0274781, 21.8797411 ], [ 87.0250968, 21.8810898 ], [ 87.0255669, 21.8868881 ], [ 87.0229262, 21.8923141 ], [ 87.0093821, 21.8997827 ], [ 87.0059273, 21.9054428 ], [ 87.0046846, 21.9101335 ], [ 86.9997218, 21.9132455 ], [ 87.0035579, 21.9204868 ], [ 87.0018629, 21.9218086 ], [ 87.001454, 21.9245627 ], [ 87.0046326, 21.9257211 ], [ 87.0058325, 21.9375256 ], [ 87.0093636, 21.9475313 ], [ 87.0128408, 21.9496007 ], [ 87.0171416, 21.9589191 ], [ 87.0212267, 21.9726715 ], [ 87.0291983, 21.9823351 ], [ 87.0303534, 21.9853431 ], [ 87.0316123, 21.9924378 ], [ 87.0309992, 21.9970522 ], [ 87.0274025, 22.0026555 ], [ 87.0223398, 22.0194861 ], [ 87.0266956, 22.0370857 ], [ 87.0190639, 22.0417769 ], [ 87.0143997, 22.04768 ], [ 87.0058787, 22.0487216 ], [ 86.9977565, 22.0540332 ], [ 86.9931417, 22.0552479 ], [ 86.9717476, 22.0723889 ], [ 86.9710297, 22.0783362 ], [ 86.9678188, 22.0801306 ], [ 86.9647071, 22.0857405 ], [ 86.9579597, 22.0885526 ], [ 86.9521444, 22.0864873 ], [ 86.9450123, 22.0859712 ], [ 86.9342922, 22.0904772 ], [ 86.9263848, 22.0900508 ], [ 86.9058514, 22.0919343 ], [ 86.871145, 22.0996446 ], [ 86.8641287, 22.0993507 ], [ 86.8602181, 22.102326 ], [ 86.8501537, 22.1037787 ], [ 86.8491659, 22.0999991 ], [ 86.846617, 22.1004592 ], [ 86.8436332, 22.0963089 ], [ 86.8337382, 22.0986998 ], [ 86.8346475, 22.1042631 ], [ 86.8246214, 22.1189219 ], [ 86.8189184, 22.1166441 ], [ 86.8064141, 22.1197053 ], [ 86.8099676, 22.1274101 ], [ 86.8047853, 22.1303338 ], [ 86.8025025, 22.1304683 ], [ 86.8014175, 22.1292441 ], [ 86.7994105, 22.130372 ], [ 86.8022929, 22.1328162 ], [ 86.8037438, 22.1387095 ], [ 86.8020072, 22.1507062 ], [ 86.7987151, 22.1521677 ], [ 86.7938453, 22.1574844 ], [ 86.7884063, 22.1577706 ], [ 86.7866444, 22.1537961 ], [ 86.7796353, 22.153652 ], [ 86.7649851, 22.1495065 ], [ 86.7358774, 22.1494298 ], [ 86.7276986, 22.1471774 ], [ 86.7197107, 22.1472815 ], [ 86.7178855, 22.1657957 ], [ 86.7192146, 22.1670412 ], [ 86.7192961, 22.1730421 ], [ 86.7160535, 22.1817225 ], [ 86.7163667, 22.1863191 ], [ 86.7212221, 22.1893867 ], [ 86.7188865, 22.199051 ], [ 86.7195189, 22.2021708 ], [ 86.7213287, 22.2039127 ], [ 86.72208, 22.2106448 ], [ 86.724962, 22.2180201 ], [ 86.7308129, 22.2154346 ], [ 86.7440399, 22.2159791 ], [ 86.7497791, 22.21169 ], [ 86.7542196, 22.211435 ], [ 86.7625308, 22.2135507 ], [ 86.7711367, 22.2203542 ], [ 86.7723772, 22.218816 ], [ 86.7764136, 22.2178646 ], [ 86.7758263, 22.2206903 ], [ 86.7771502, 22.2215771 ], [ 86.7773749, 22.2255174 ], [ 86.7743369, 22.2322082 ], [ 86.7776753, 22.2365942 ], [ 86.7891885, 22.2357259 ], [ 86.7899658, 22.2345692 ], [ 86.7885839, 22.2316562 ], [ 86.7949051, 22.2277877 ], [ 86.7932142, 22.2241995 ], [ 86.7844693, 22.2305973 ], [ 86.7781858, 22.2184915 ], [ 86.7790733, 22.2169155 ], [ 86.7847385, 22.215052 ], [ 86.7890412, 22.2192482 ], [ 86.7901408, 22.2187355 ], [ 86.7918724, 22.2218277 ], [ 86.8024146, 22.2175498 ], [ 86.8022981, 22.2198472 ], [ 86.812023, 22.2412268 ], [ 86.8082113, 22.2429835 ], [ 86.8034824, 22.2432207 ], [ 86.7992497, 22.2378756 ], [ 86.7948618, 22.2431694 ], [ 86.7957007, 22.2487403 ], [ 86.7940993, 22.2522223 ], [ 86.7922617, 22.266302 ], [ 86.8011121, 22.2651971 ], [ 86.7998182, 22.2523798 ], [ 86.7980059, 22.2470216 ], [ 86.7999512, 22.2446105 ], [ 86.8039925, 22.2435846 ], [ 86.807203, 22.2472305 ], [ 86.8090586, 22.2466359 ], [ 86.8105895, 22.2498732 ], [ 86.8091646, 22.2502523 ], [ 86.8135921, 22.267391 ], [ 86.8149373, 22.2670621 ], [ 86.8166966, 22.2545462 ], [ 86.8182516, 22.2537202 ], [ 86.8239556, 22.2667552 ], [ 86.8309288, 22.2632167 ], [ 86.8378411, 22.2656453 ], [ 86.8400811, 22.2644906 ], [ 86.8401707, 22.2625942 ], [ 86.8427138, 22.2616256 ], [ 86.8465548, 22.2640367 ], [ 86.8494213, 22.2633412 ], [ 86.8510907, 22.2652067 ], [ 86.85929, 22.2579778 ], [ 86.8634266, 22.2587777 ], [ 86.8652545, 22.2609627 ], [ 86.8662556, 22.25892 ], [ 86.8718643, 22.2600626 ], [ 86.8732204, 22.2590938 ], [ 86.8759743, 22.2606513 ], [ 86.876616, 22.2591004 ], [ 86.8800568, 22.2592561 ], [ 86.883243, 22.2574211 ], [ 86.8848889, 22.2585314 ], [ 86.8863246, 22.2572386 ], [ 86.8883631, 22.2613743 ], [ 86.8872896, 22.2644788 ], [ 86.8875343, 22.2738685 ], [ 86.8893297, 22.2737563 ], [ 86.8892462, 22.2840024 ], [ 86.8873394, 22.291958 ], [ 86.8877902, 22.2974594 ], [ 86.8758342, 22.301501 ], [ 86.8722432, 22.3071181 ], [ 86.865367, 22.3080976 ], [ 86.8501234, 22.3156364 ], [ 86.8397374, 22.3189305 ], [ 86.8321107, 22.3272278 ], [ 86.8310988, 22.3347636 ], [ 86.8323741, 22.3385207 ], [ 86.8322884, 22.3485085 ], [ 86.8364207, 22.3601185 ], [ 86.8426363, 22.3722119 ], [ 86.842489, 22.3788809 ], [ 86.8408761, 22.3831927 ], [ 86.8456323, 22.3915199 ], [ 86.8463542, 22.3990831 ], [ 86.8312877, 22.4110045 ], [ 86.8119999, 22.4192066 ], [ 86.8093726, 22.4192281 ], [ 86.8070744, 22.421259 ], [ 86.7938935, 22.4216591 ], [ 86.7858153, 22.424355 ], [ 86.7664742, 22.4266908 ], [ 86.7645311, 22.4272629 ], [ 86.7618659, 22.4317041 ], [ 86.7590322, 22.4458123 ], [ 86.7631735, 22.4483844 ], [ 86.7510077, 22.456706 ], [ 86.7510629, 22.465434 ], [ 86.7472795, 22.4747821 ], [ 86.7473834, 22.4780061 ], [ 86.7498713, 22.4829476 ], [ 86.7660857, 22.4819257 ], [ 86.7690217, 22.4800899 ], [ 86.7842867, 22.4812417 ], [ 86.7900609, 22.4777772 ], [ 86.7925679, 22.4777559 ], [ 86.8016036, 22.4888318 ], [ 86.7991916, 22.4923886 ], [ 86.7946861, 22.4943325 ], [ 86.7938875, 22.4971857 ], [ 86.795242, 22.4993808 ], [ 86.8008002, 22.5007415 ], [ 86.802388, 22.5030404 ], [ 86.7976919, 22.5063976 ], [ 86.7965141, 22.5095847 ], [ 86.7926642, 22.5113166 ], [ 86.7931692, 22.5139318 ], [ 86.794937, 22.5139817 ], [ 86.7929184, 22.5249752 ], [ 86.7868517, 22.5268548 ], [ 86.7889565, 22.5340893 ], [ 86.7875687, 22.5380439 ], [ 86.7902644, 22.541224 ], [ 86.7892874, 22.5490032 ], [ 86.7837911, 22.550205 ], [ 86.7751905, 22.5488007 ], [ 86.7725093, 22.5525738 ], [ 86.7690952, 22.5545762 ], [ 86.7666227, 22.5584125 ], [ 86.7715696, 22.5610617 ], [ 86.7719329, 22.5646426 ], [ 86.7677427, 22.5669815 ], [ 86.7668552, 22.5750227 ], [ 86.7584998, 22.577876 ], [ 86.7533807, 22.5774622 ], [ 86.7520845, 22.5785176 ], [ 86.7479498, 22.5772828 ], [ 86.7314913, 22.5769148 ], [ 86.7111485, 22.5823945 ], [ 86.6846519, 22.5783273 ], [ 86.6792577, 22.5744588 ], [ 86.6595178, 22.5750358 ], [ 86.6536338, 22.5818104 ], [ 86.6570307, 22.5907993 ], [ 86.6444848, 22.5944879 ], [ 86.6394347, 22.5978209 ], [ 86.6381322, 22.6012248 ], [ 86.6385999, 22.6094668 ], [ 86.6341097, 22.6103881 ], [ 86.6353763, 22.6183065 ], [ 86.6390209, 22.625308 ], [ 86.6398638, 22.6355657 ], [ 86.6386308, 22.6507798 ], [ 86.6423852, 22.6570135 ], [ 86.6360365, 22.6649699 ], [ 86.6293514, 22.6666905 ], [ 86.6235252, 22.6756414 ], [ 86.6202666, 22.6778932 ], [ 86.611632, 22.6799069 ], [ 86.6084854, 22.683993 ], [ 86.6029843, 22.6869622 ], [ 86.5976349, 22.6876997 ], [ 86.5957696, 22.6895476 ], [ 86.5852749, 22.6910767 ], [ 86.5722385, 22.6992581 ], [ 86.5698436, 22.7022338 ], [ 86.5629939, 22.7062012 ], [ 86.5613873, 22.7092963 ], [ 86.5441953, 22.7216029 ], [ 86.5351284, 22.7172505 ], [ 86.5243271, 22.7194344 ], [ 86.5203264, 22.7152307 ], [ 86.5129312, 22.7166188 ], [ 86.5115091, 22.7119718 ], [ 86.51345, 22.7071691 ], [ 86.5113412, 22.7050108 ], [ 86.5068731, 22.7096385 ], [ 86.50001, 22.7204551 ], [ 86.4976792, 22.7228697 ], [ 86.4946814, 22.7232783 ], [ 86.4932141, 22.7263948 ], [ 86.4866837, 22.7281287 ], [ 86.4853939, 22.7282469 ], [ 86.4844338, 22.7266131 ], [ 86.4815436, 22.7278612 ], [ 86.4817255, 22.7302 ], [ 86.4765062, 22.7349848 ], [ 86.4750489, 22.739126 ], [ 86.4736377, 22.7396957 ], [ 86.4696837, 22.7520986 ], [ 86.4601822, 22.7619106 ], [ 86.4579321, 22.7633639 ], [ 86.4484248, 22.7619299 ], [ 86.4374845, 22.7712626 ], [ 86.4301046, 22.7746921 ], [ 86.4258072, 22.7797459 ], [ 86.4214835, 22.7801354 ], [ 86.4176087, 22.7836763 ], [ 86.4186763, 22.7875183 ], [ 86.4162225, 22.7888599 ], [ 86.4163255, 22.7913658 ], [ 86.4188087, 22.7906834 ], [ 86.4209617, 22.7928139 ], [ 86.4232696, 22.7919192 ], [ 86.4225555, 22.7968725 ], [ 86.4254831, 22.7993097 ], [ 86.4233949, 22.8021639 ], [ 86.4252519, 22.8065384 ], [ 86.4225161, 22.8099752 ], [ 86.4284758, 22.8193421 ], [ 86.4388457, 22.8310233 ], [ 86.435555, 22.8359234 ], [ 86.4333995, 22.8533567 ], [ 86.4358768, 22.8591169 ], [ 86.4349712, 22.8605124 ], [ 86.4396891, 22.8642625 ], [ 86.4507717, 22.8615353 ], [ 86.452359, 22.8685373 ], [ 86.4519765, 22.8729216 ], [ 86.4547521, 22.8784014 ], [ 86.4534261, 22.8858654 ], [ 86.4562474, 22.8857737 ], [ 86.4564729, 22.8880627 ], [ 86.4600424, 22.8920837 ], [ 86.4646295, 22.8943432 ], [ 86.4658346, 22.8965956 ], [ 86.4652752, 22.8981671 ], [ 86.467138, 22.8999269 ], [ 86.465429, 22.9023931 ], [ 86.464449, 22.9015312 ], [ 86.4575191, 22.902018 ], [ 86.455551, 22.9032967 ], [ 86.4529675, 22.9024627 ], [ 86.4525639, 22.9041651 ], [ 86.4513746, 22.9037683 ], [ 86.4513461, 22.9051093 ], [ 86.4467185, 22.9095361 ], [ 86.4445031, 22.9139482 ], [ 86.4415067, 22.9162927 ], [ 86.4406501, 22.9188937 ], [ 86.4361968, 22.9223223 ], [ 86.4353401, 22.9251852 ], [ 86.4420095, 22.9279683 ], [ 86.4430052, 22.9306724 ], [ 86.4468025, 22.9307113 ], [ 86.4513079, 22.9332467 ], [ 86.4543635, 22.9319811 ], [ 86.4599761, 22.9350574 ], [ 86.4621493, 22.9413682 ], [ 86.4653498, 22.9454616 ], [ 86.4691177, 22.9445113 ], [ 86.4709781, 22.9489258 ], [ 86.4763612, 22.9502318 ], [ 86.4763181, 22.9511754 ], [ 86.4779256, 22.949364 ], [ 86.4772747, 22.9460865 ], [ 86.4854912, 22.9424736 ], [ 86.4891334, 22.9372428 ], [ 86.4945447, 22.9432573 ], [ 86.49524, 22.9468461 ], [ 86.4974734, 22.9474539 ], [ 86.4975744, 22.945973 ], [ 86.5007771, 22.9459393 ], [ 86.5008878, 22.9475738 ], [ 86.5029047, 22.948966 ], [ 86.5025803, 22.9518734 ], [ 86.5078416, 22.9508796 ], [ 86.5126951, 22.9477588 ], [ 86.5192079, 22.9482419 ], [ 86.5214101, 22.9500584 ], [ 86.52598, 22.9476053 ], [ 86.5300377, 22.9521543 ], [ 86.5316034, 22.965208 ], [ 86.5403689, 22.9668023 ], [ 86.5447773, 22.9656939 ], [ 86.5440825, 22.96973 ], [ 86.5474501, 22.9726303 ], [ 86.5505629, 22.9779911 ], [ 86.5474981, 22.9823239 ], [ 86.5478807, 22.9869384 ], [ 86.5456062, 22.9902783 ], [ 86.539909, 22.9845774 ], [ 86.5347808, 22.9819062 ], [ 86.5281401, 22.980638 ], [ 86.5238175, 22.9771272 ], [ 86.526837, 22.9754947 ], [ 86.5261907, 22.9726137 ], [ 86.5211942, 22.9707097 ], [ 86.5086171, 22.9730351 ], [ 86.5137771, 22.977486 ], [ 86.5041584, 22.9861069 ], [ 86.5011475, 22.9935903 ], [ 86.4976865, 22.992039 ], [ 86.4870625, 22.9924305 ], [ 86.4804187, 22.9901279 ], [ 86.4745434, 22.9916621 ], [ 86.4705084, 22.9888879 ], [ 86.464505, 22.9884354 ], [ 86.4515538, 22.9902435 ], [ 86.4508505, 22.9883475 ], [ 86.4464225, 22.9882366 ], [ 86.4422993, 22.9932275 ], [ 86.4261129, 22.9965715 ], [ 86.4192589, 23.0002741 ], [ 86.4182538, 22.9992088 ], [ 86.4197211, 22.9967839 ], [ 86.4173314, 22.9970509 ], [ 86.4171645, 22.9932043 ], [ 86.4132868, 22.9908078 ], [ 86.4100635, 22.9911335 ], [ 86.4084049, 22.989057 ], [ 86.4068933, 22.989721 ], [ 86.4010836, 22.9808592 ], [ 86.3985478, 22.9798933 ], [ 86.394798, 22.9802189 ], [ 86.3877131, 22.9853124 ], [ 86.3854068, 22.9894483 ], [ 86.385017, 22.9952635 ], [ 86.3835588, 22.9942838 ], [ 86.3727518, 22.9981533 ], [ 86.3717812, 22.9967356 ], [ 86.3638951, 22.9995795 ], [ 86.3544338, 22.9993437 ], [ 86.3545274, 22.9929686 ], [ 86.3476359, 22.9966156 ], [ 86.3436953, 22.9964929 ], [ 86.3406091, 22.993553 ], [ 86.3395333, 22.9898141 ], [ 86.3259294, 22.9949034 ], [ 86.321588, 22.9974439 ], [ 86.319792, 23.0005992 ], [ 86.3161198, 23.0000741 ], [ 86.3088953, 23.0034176 ], [ 86.3090935, 23.0070523 ], [ 86.3022393, 23.0100606 ], [ 86.3046899, 23.0153036 ], [ 86.3037384, 23.0159984 ], [ 86.2993814, 23.0097884 ], [ 86.2962063, 23.0096829 ], [ 86.2921169, 23.0129767 ], [ 86.284785, 23.0074599 ], [ 86.2771717, 23.0073786 ], [ 86.2678659, 23.0011554 ], [ 86.2682375, 22.9998364 ], [ 86.2658494, 22.9979836 ], [ 86.2605574, 22.9985939 ], [ 86.2500001, 22.9963396 ], [ 86.2484992, 22.9949103 ], [ 86.245351, 22.9982005 ], [ 86.243063, 22.9980983 ], [ 86.24171, 22.9960897 ], [ 86.231037, 22.9961425 ], [ 86.2287678, 22.9951189 ], [ 86.224857, 22.9969413 ], [ 86.2226931, 22.9995034 ], [ 86.2066968, 23.0002806 ], [ 86.2067721, 23.0039204 ], [ 86.2085967, 23.0047953 ], [ 86.2079684, 23.0062179 ], [ 86.198068, 23.0068457 ], [ 86.1936873, 23.0051454 ], [ 86.1850256, 23.0053836 ], [ 86.1812086, 23.0100264 ], [ 86.181269, 23.0146993 ], [ 86.1792312, 23.0173322 ], [ 86.1789838, 23.0207727 ], [ 86.1761496, 23.0202814 ], [ 86.1700775, 23.0224368 ], [ 86.1704935, 23.0264009 ], [ 86.168474, 23.0267039 ], [ 86.1684647, 23.0280629 ], [ 86.1663871, 23.0294721 ], [ 86.1677441, 23.0325599 ], [ 86.1654416, 23.0323844 ], [ 86.163055, 23.0282855 ], [ 86.1560167, 23.031172 ], [ 86.1580446, 23.0461792 ], [ 86.1536395, 23.0481033 ], [ 86.150991, 23.0515441 ], [ 86.14198, 23.0542497 ], [ 86.1417709, 23.0601236 ], [ 86.1440402, 23.0635095 ], [ 86.1436602, 23.0677401 ], [ 86.1462571, 23.0749591 ], [ 86.136044, 23.07724 ], [ 86.1358002, 23.0806489 ], [ 86.1339362, 23.0833578 ], [ 86.130369, 23.0842023 ], [ 86.1271628, 23.0869202 ], [ 86.1228537, 23.0865591 ], [ 86.1207114, 23.0848298 ], [ 86.115192, 23.0856602 ], [ 86.1102291, 23.0842872 ], [ 86.10224, 23.0865301 ], [ 86.0980241, 23.0841952 ], [ 86.0906246, 23.089431 ], [ 86.0900472, 23.0947133 ], [ 86.0757038, 23.0946415 ], [ 86.0604584, 23.1024647 ], [ 86.0558898, 23.1029368 ], [ 86.0512566, 23.1055262 ], [ 86.0512348, 23.1095037 ], [ 86.054108, 23.1126927 ], [ 86.0540861, 23.1171352 ], [ 86.0559136, 23.1227391 ], [ 86.0490393, 23.1334045 ], [ 86.0459329, 23.1359899 ], [ 86.0460613, 23.1417148 ], [ 86.0445219, 23.1442378 ], [ 86.0375433, 23.1471145 ], [ 86.034645, 23.1444355 ], [ 86.0290684, 23.1460666 ], [ 86.0245488, 23.1442803 ], [ 86.0183111, 23.1481409 ], [ 86.0199919, 23.1527878 ], [ 86.017798, 23.1547141 ], [ 86.0134484, 23.1479072 ], [ 86.0009993, 23.14838 ], [ 85.9924405, 23.1519399 ], [ 85.9759594, 23.154791 ], [ 85.9717181, 23.1570917 ], [ 85.9576144, 23.1610455 ], [ 85.9513689, 23.15173 ], [ 85.9426935, 23.1530432 ], [ 85.9382498, 23.1517718 ], [ 85.9369537, 23.1502459 ], [ 85.9288996, 23.1510527 ], [ 85.9277073, 23.14857 ], [ 85.9141101, 23.1491337 ], [ 85.9086576, 23.1539702 ], [ 85.8945422, 23.1551283 ], [ 85.8815746, 23.1702585 ], [ 85.8834217, 23.1949726 ], [ 85.8825232, 23.198729 ], [ 85.8765498, 23.2049009 ], [ 85.8683872, 23.2182781 ], [ 85.8638145, 23.2223818 ], [ 85.8587783, 23.2206115 ], [ 85.8513479, 23.2223396 ], [ 85.8389845, 23.2199082 ], [ 85.836581, 23.2205262 ], [ 85.8365802, 23.2230906 ], [ 85.8396902, 23.22985 ], [ 85.8362582, 23.2379397 ], [ 85.8386057, 23.2468344 ], [ 85.8235767, 23.2590468 ], [ 85.8196735, 23.2681201 ], [ 85.8286306, 23.2822815 ], [ 85.8383835, 23.3064969 ], [ 85.8474747, 23.3096908 ], [ 85.8506897, 23.3166395 ], [ 85.8594493, 23.3220629 ], [ 85.8630076, 23.3277474 ], [ 85.8681995, 23.3297839 ], [ 85.8654804, 23.3391203 ], [ 85.8662528, 23.3415221 ], [ 85.8725845, 23.3424299 ], [ 85.8830678, 23.3507821 ], [ 85.88231, 23.352886 ], [ 85.876364, 23.3574234 ], [ 85.8751659, 23.3598252 ], [ 85.8759923, 23.3666696 ], [ 85.8747647, 23.376778 ], [ 85.8784327, 23.3816765 ], [ 85.8708224, 23.3860738 ], [ 85.8708125, 23.3888142 ], [ 85.8734487, 23.3910356 ], [ 85.8801155, 23.392548 ], [ 85.8871299, 23.3964619 ], [ 85.8906713, 23.3964842 ], [ 85.898546, 23.3935532 ], [ 85.9025429, 23.3971147 ], [ 85.9015215, 23.4022707 ], [ 85.8986604, 23.4050206 ], [ 85.8867294, 23.4046019 ], [ 85.8875026, 23.4081324 ], [ 85.8914358, 23.4102224 ], [ 85.8895968, 23.4140013 ], [ 85.8802876, 23.4223947 ], [ 85.8866331, 23.4251348 ], [ 85.8864719, 23.4269542 ], [ 85.8825825, 23.4305842 ], [ 85.8766477, 23.4296724 ], [ 85.8638924, 23.4313559 ], [ 85.8641758, 23.4356945 ], [ 85.8618806, 23.4390577 ], [ 85.8619292, 23.4423761 ], [ 85.8649032, 23.4546969 ], [ 85.8636304, 23.458611 ], [ 85.8657346, 23.4599114 ], [ 85.8624899, 23.4615183 ], [ 85.868005, 23.465451 ], [ 85.8700012, 23.4749455 ], [ 85.8736377, 23.4767334 ], [ 85.8754632, 23.4798486 ], [ 85.8827266, 23.4809546 ], [ 85.8871516, 23.4843132 ], [ 85.8863047, 23.4820514 ], [ 85.8961038, 23.4836938 ], [ 85.9005304, 23.4824068 ], [ 85.9071999, 23.4837056 ], [ 85.9120399, 23.4808378 ], [ 85.9152412, 23.4818709 ], [ 85.9201734, 23.477242 ], [ 85.9332445, 23.4730527 ], [ 85.9549932, 23.4710162 ], [ 85.9571144, 23.4744101 ], [ 85.9627685, 23.4762447 ], [ 85.9775101, 23.4760416 ], [ 85.9812021, 23.4782334 ], [ 85.9889696, 23.4783138 ], [ 85.9925247, 23.4803291 ], [ 86.0029998, 23.4817939 ], [ 86.005367, 23.4834961 ], [ 86.0071885, 23.4827165 ], [ 86.0086603, 23.4843067 ], [ 86.0167265, 23.4844887 ], [ 86.0229803, 23.4865066 ], [ 86.031465, 23.4836497 ], [ 86.0372587, 23.4859195 ], [ 86.0397021, 23.4844174 ], [ 86.0439556, 23.4843249 ], [ 86.0538364, 23.4870567 ], [ 86.0547206, 23.4901723 ], [ 86.0579315, 23.4904627 ], [ 86.0563003, 23.4927689 ], [ 86.0567103, 23.4950806 ], [ 86.0381906, 23.4977755 ], [ 86.0394098, 23.5046641 ], [ 86.0377511, 23.5106586 ], [ 86.0392365, 23.5150386 ], [ 86.0346828, 23.5159344 ], [ 86.0335848, 23.5178434 ], [ 86.0338703, 23.5226698 ], [ 86.0310668, 23.5267086 ], [ 86.028946, 23.5276509 ], [ 86.0284087, 23.5325896 ], [ 86.0236558, 23.5369205 ], [ 86.0237773, 23.5381532 ], [ 86.0281825, 23.5405171 ], [ 86.0276476, 23.5421104 ], [ 86.0188015, 23.5450977 ], [ 86.0162778, 23.5473172 ], [ 86.0178006, 23.5594446 ], [ 86.0246696, 23.5620451 ], [ 86.03075, 23.5720037 ], [ 86.0374963, 23.5765132 ], [ 86.0401273, 23.5752597 ], [ 86.0420644, 23.5868814 ], [ 86.048394, 23.585449 ], [ 86.0521605, 23.5861507 ], [ 86.055596, 23.5829424 ], [ 86.0656981, 23.5789557 ], [ 86.0714146, 23.5781497 ], [ 86.077429, 23.5792127 ], [ 86.072736, 23.5688411 ], [ 86.0808674, 23.5656789 ], [ 86.085123, 23.5668269 ], [ 86.09393, 23.5632398 ], [ 86.0990668, 23.5665139 ], [ 86.1009429, 23.5654172 ], [ 86.1059825, 23.5659552 ], [ 86.1084896, 23.5697026 ], [ 86.1158366, 23.5660961 ], [ 86.1178592, 23.5673513 ], [ 86.1206314, 23.5661822 ], [ 86.1239373, 23.5692658 ], [ 86.1266653, 23.5694012 ], [ 86.1292219, 23.5677398 ], [ 86.1291778, 23.5665073 ], [ 86.1269346, 23.5659205 ], [ 86.1315433, 23.5627556 ], [ 86.1312493, 23.5592884 ], [ 86.1366171, 23.5628456 ], [ 86.1392712, 23.5592744 ], [ 86.1417398, 23.5614412 ], [ 86.1416224, 23.563396 ], [ 86.1432779, 23.564046 ], [ 86.147245, 23.5638649 ], [ 86.1467843, 23.5616889 ], [ 86.148317, 23.5608129 ], [ 86.1530921, 23.561241 ], [ 86.1546983, 23.5601166 ], [ 86.1556927, 23.5610374 ], [ 86.1583469, 23.5599805 ], [ 86.1528161, 23.5521261 ], [ 86.1523062, 23.5491194 ], [ 86.1580486, 23.5414706 ], [ 86.1574893, 23.5370057 ], [ 86.1553724, 23.5296246 ], [ 86.1503088, 23.5252283 ], [ 86.1486284, 23.519346 ], [ 86.1541007, 23.5127266 ], [ 86.1623929, 23.5084856 ], [ 86.160566, 23.5036712 ], [ 86.1574123, 23.5006372 ], [ 86.1596085, 23.4934359 ], [ 86.1575563, 23.4886417 ], [ 86.1513534, 23.4822049 ], [ 86.1536092, 23.4789315 ], [ 86.1537064, 23.475735 ], [ 86.1515805, 23.4743335 ], [ 86.1489979, 23.4752031 ], [ 86.1491835, 23.4724581 ], [ 86.1474062, 23.4684132 ], [ 86.148825, 23.4652573 ], [ 86.1595681, 23.46884 ], [ 86.1603357, 23.4659053 ], [ 86.1782883, 23.4698417 ], [ 86.1793494, 23.4676111 ], [ 86.182031, 23.4669736 ], [ 86.1817247, 23.4600843 ], [ 86.187063, 23.4580914 ], [ 86.1914389, 23.4601844 ], [ 86.1950297, 23.4578939 ], [ 86.1958892, 23.4543856 ], [ 86.1970887, 23.4555273 ], [ 86.1988933, 23.4533369 ], [ 86.2057052, 23.4536812 ], [ 86.2067795, 23.4500012 ], [ 86.2157332, 23.4481498 ], [ 86.2283833, 23.4428824 ], [ 86.2307482, 23.4448539 ], [ 86.230308, 23.4513237 ], [ 86.2318416, 23.4538238 ], [ 86.2326166, 23.4622431 ], [ 86.2349593, 23.4605531 ], [ 86.2366434, 23.4612245 ], [ 86.2455679, 23.4593172 ], [ 86.2473435, 23.4583769 ], [ 86.2474688, 23.4562549 ], [ 86.2421597, 23.4511167 ], [ 86.2423661, 23.4465296 ], [ 86.2365466, 23.4448814 ], [ 86.2327646, 23.4393175 ], [ 86.2334582, 23.4377504 ], [ 86.2314605, 23.435982 ], [ 86.2324461, 23.4325276 ], [ 86.2298712, 23.4308228 ], [ 86.2343105, 23.420892 ], [ 86.243995, 23.4237473 ], [ 86.2488649, 23.4224677 ], [ 86.2456105, 23.413895 ], [ 86.2473935, 23.4111352 ], [ 86.2514786, 23.4108445 ], [ 86.259147, 23.4133065 ], [ 86.2602536, 23.4178221 ], [ 86.2522073, 23.426773 ], [ 86.2565831, 23.4300902 ], [ 86.2640928, 23.4307684 ], [ 86.2718256, 23.4276632 ], [ 86.2756789, 23.4303836 ], [ 86.2816248, 23.4285544 ], [ 86.2894869, 23.4290555 ], [ 86.2909955, 23.4263476 ], [ 86.2895924, 23.4247305 ], [ 86.2909425, 23.4175935 ], [ 86.3000691, 23.4127586 ], [ 86.3105533, 23.4113593 ], [ 86.3118728, 23.4143892 ], [ 86.317757, 23.4164095 ], [ 86.3179369, 23.4189153 ], [ 86.3162193, 23.4196325 ], [ 86.3157235, 23.4234517 ], [ 86.3175715, 23.4264682 ], [ 86.3144793, 23.4266838 ], [ 86.3118483, 23.4244524 ], [ 86.3092925, 23.4281759 ], [ 86.3060578, 23.4295786 ], [ 86.3057663, 23.4348246 ], [ 86.315344, 23.440043 ], [ 86.3178641, 23.4398273 ], [ 86.3205733, 23.4432866 ], [ 86.3307946, 23.4448068 ], [ 86.3347869, 23.4465777 ], [ 86.3340437, 23.4446272 ], [ 86.3364419, 23.442831 ], [ 86.3367999, 23.4401809 ], [ 86.3403475, 23.4395362 ], [ 86.351459, 23.4420937 ], [ 86.3497201, 23.4515472 ], [ 86.3559299, 23.4503788 ], [ 86.3596976, 23.4522483 ], [ 86.3594181, 23.4570925 ], [ 86.3573623, 23.4607311 ], [ 86.3630631, 23.4648943 ], [ 86.3626223, 23.4674495 ], [ 86.3640901, 23.471689 ], [ 86.3794628, 23.4736398 ], [ 86.3790567, 23.4781002 ], [ 86.3772996, 23.4805743 ], [ 86.3788023, 23.484791 ], [ 86.373291, 23.482976 ], [ 86.3706135, 23.4844929 ], [ 86.3654402, 23.480285 ], [ 86.3624199, 23.4842486 ], [ 86.3628013, 23.4872057 ], [ 86.3656058, 23.4910253 ], [ 86.3664423, 23.496267 ], [ 86.3635684, 23.5016106 ], [ 86.368684, 23.5025004 ], [ 86.3696042, 23.504541 ], [ 86.3727665, 23.5061167 ], [ 86.3751946, 23.5103425 ], [ 86.3712583, 23.5174845 ], [ 86.3645848, 23.521719 ], [ 86.3682809, 23.5281481 ], [ 86.3650002, 23.5311004 ], [ 86.3651078, 23.5326896 ], [ 86.3685449, 23.5352496 ], [ 86.3672567, 23.540193 ], [ 86.3716295, 23.5405725 ], [ 86.3709732, 23.5426176 ], [ 86.375395, 23.5474483 ], [ 86.3785633, 23.548753 ], [ 86.3788524, 23.5513173 ], [ 86.3840095, 23.5591681 ], [ 86.3875944, 23.5595381 ], [ 86.3893821, 23.5611993 ], [ 86.3884469, 23.5636373 ], [ 86.3908275, 23.5667432 ], [ 86.3881589, 23.5739487 ], [ 86.3994592, 23.5785885 ], [ 86.4024664, 23.5771117 ], [ 86.4077077, 23.5787676 ], [ 86.4104451, 23.5758642 ], [ 86.4135602, 23.5757054 ], [ 86.4165928, 23.5783864 ], [ 86.4212256, 23.5901005 ], [ 86.432935, 23.5944848 ], [ 86.4361751, 23.5990253 ], [ 86.4470844, 23.5981359 ], [ 86.4488499, 23.6016971 ], [ 86.4457952, 23.6152874 ], [ 86.446429, 23.6187182 ], [ 86.4498011, 23.6207121 ], [ 86.4522647, 23.6190631 ], [ 86.4541709, 23.6195362 ], [ 86.4569628, 23.62609 ], [ 86.4618067, 23.6302995 ], [ 86.4645072, 23.6311648 ], [ 86.470377, 23.6304976 ], [ 86.4795539, 23.6355256 ], [ 86.4920323, 23.6382797 ], [ 86.5119059, 23.6317134 ], [ 86.5252012, 23.6301787 ], [ 86.5353974, 23.6312369 ], [ 86.546502, 23.6376402 ], [ 86.5566151, 23.6399385 ], [ 86.5744444, 23.6480492 ], [ 86.5808128, 23.6554822 ], [ 86.5989737, 23.6654953 ], [ 86.5960072, 23.6704788 ], [ 86.5975701, 23.6737566 ], [ 86.6115691, 23.675587 ], [ 86.622, 23.6744274 ], [ 86.6337935, 23.6751677 ], [ 86.6564268, 23.6842889 ], [ 86.6756047, 23.6870875 ], [ 86.6981534, 23.6936067 ], [ 86.7053326, 23.6971382 ], [ 86.7149477, 23.6988756 ], [ 86.7255566, 23.6984448 ], [ 86.7390596, 23.6942325 ], [ 86.7419094, 23.6902712 ], [ 86.7443969, 23.681624 ], [ 86.7473355, 23.6787866 ], [ 86.7707627, 23.6813862 ], [ 86.7889104, 23.6878308 ], [ 86.7990376, 23.6890325 ], [ 86.8058088, 23.6958572 ], [ 86.8002373, 23.6997506 ], [ 86.7992937, 23.7037004 ], [ 86.8081972, 23.7223902 ], [ 86.8079582, 23.7294644 ], [ 86.8122855, 23.7447614 ], [ 86.8135405, 23.7460531 ], [ 86.8260944, 23.7492133 ], [ 86.8279372, 23.7527012 ], [ 86.828366, 23.7601953 ], [ 86.8258533, 23.7766815 ], [ 86.8202137, 23.7839344 ], [ 86.819839, 23.7882545 ], [ 86.81932, 23.7859294 ], [ 86.8090752, 23.7980466 ], [ 86.8050662, 23.798889 ], [ 86.8033575, 23.801299 ], [ 86.8065185, 23.8079909 ], [ 86.8100887, 23.8214095 ], [ 86.8074773, 23.8228123 ], [ 86.8038864, 23.8296772 ], [ 86.8008877, 23.8298292 ], [ 86.7993456, 23.8318193 ], [ 86.8047608, 23.8368466 ], [ 86.8061299, 23.8373528 ], [ 86.8102583, 23.8352871 ], [ 86.814776, 23.8299438 ], [ 86.8160296, 23.82501 ], [ 86.8137872, 23.8247472 ], [ 86.81295, 23.8207471 ], [ 86.8155082, 23.8173578 ], [ 86.8197329, 23.8177205 ], [ 86.8204455, 23.8155493 ], [ 86.8265356, 23.8139398 ], [ 86.8369464, 23.8195362 ], [ 86.8400272, 23.8224804 ], [ 86.8387851, 23.8245883 ], [ 86.8480405, 23.8236513 ], [ 86.8528985, 23.8249523 ], [ 86.8550224, 23.8305596 ], [ 86.8612742, 23.8350477 ], [ 86.8622405, 23.8393004 ], [ 86.8637667, 23.8405736 ], [ 86.8626524, 23.8420137 ], [ 86.8636289, 23.8444606 ], [ 86.8742155, 23.8473097 ], [ 86.8799728, 23.8452782 ], [ 86.8795161, 23.8352607 ], [ 86.8809441, 23.829008 ], [ 86.8864598, 23.8256491 ], [ 86.8860227, 23.8212023 ], [ 86.8902968, 23.8205022 ], [ 86.8945669, 23.8263481 ], [ 86.8928163, 23.8372823 ], [ 86.8893564, 23.8392961 ], [ 86.8863484, 23.8456933 ], [ 86.8870119, 23.8564421 ], [ 86.8809205, 23.8603745 ], [ 86.8802432, 23.8623247 ], [ 86.8875332, 23.8684866 ], [ 86.8959192, 23.8782867 ], [ 86.9026062, 23.8809447 ], [ 86.9132793, 23.8807935 ], [ 86.9155578, 23.8824316 ], [ 86.9310227, 23.870554 ], [ 86.933235, 23.8667205 ], [ 86.9339657, 23.8539443 ], [ 86.9375717, 23.8504081 ], [ 86.9451532, 23.8468837 ], [ 86.9499872, 23.8459785 ], [ 86.9604086, 23.8482756 ], [ 86.9634743, 23.8527026 ], [ 86.9656569, 23.8647638 ], [ 86.9682851, 23.8674755 ], [ 86.9732392, 23.8687727 ], [ 86.9859556, 23.8595998 ], [ 87.0110019, 23.8525953 ], [ 87.0242316, 23.8444697 ], [ 87.0379678, 23.8392143 ], [ 87.0515902, 23.8253937 ], [ 87.0652122, 23.816723 ], [ 87.0734421, 23.8148616 ], [ 87.0813782, 23.8101193 ], [ 87.0867074, 23.8089696 ], [ 87.0889974, 23.8138052 ], [ 87.0918037, 23.8153678 ], [ 87.0974916, 23.8124933 ], [ 87.1039209, 23.8043954 ], [ 87.1073163, 23.8046577 ], [ 87.108724, 23.8081656 ], [ 87.112453, 23.8088658 ], [ 87.1164324, 23.8077013 ], [ 87.1188663, 23.8052411 ], [ 87.1184151, 23.8025053 ], [ 87.1126594, 23.8053625 ], [ 87.1105303, 23.8031638 ], [ 87.1109731, 23.8002855 ], [ 87.1217762, 23.7966547 ], [ 87.1234786, 23.7992551 ], [ 87.1313582, 23.7980045 ], [ 87.1398959, 23.8042294 ], [ 87.1441688, 23.7990464 ], [ 87.1504878, 23.7975648 ], [ 87.1528292, 23.8029051 ], [ 87.1549833, 23.8033697 ], [ 87.1551703, 23.806286 ], [ 87.1591073, 23.8131788 ], [ 87.1585874, 23.8145332 ], [ 87.1643836, 23.8181254 ], [ 87.1670157, 23.8245264 ], [ 87.1633113, 23.8265633 ], [ 87.1636114, 23.8291726 ], [ 87.1603141, 23.8311326 ], [ 87.1567366, 23.8315442 ], [ 87.1537179, 23.8294725 ], [ 87.1395568, 23.8484081 ], [ 87.1300203, 23.8539117 ], [ 87.1308155, 23.8565256 ], [ 87.1303543, 23.860742 ], [ 87.1294399, 23.8608075 ], [ 87.1293334, 23.8686288 ], [ 87.1315277, 23.8685881 ], [ 87.1330643, 23.8701907 ], [ 87.1407272, 23.8691338 ], [ 87.1483111, 23.8662527 ], [ 87.151345, 23.8672635 ], [ 87.1541182, 23.8654166 ], [ 87.165752, 23.864755 ], [ 87.1724847, 23.8586811 ], [ 87.1739264, 23.8547487 ], [ 87.1798989, 23.8519658 ], [ 87.1873435, 23.8595925 ], [ 87.1903662, 23.8574378 ], [ 87.1957657, 23.8574092 ], [ 87.1933088, 23.8525113 ], [ 87.1873336, 23.8487713 ], [ 87.1888985, 23.8472764 ], [ 87.1878517, 23.844207 ], [ 87.1885824, 23.8431548 ], [ 87.1942081, 23.845184 ], [ 87.1962719, 23.8496298 ], [ 87.2011265, 23.8501919 ], [ 87.2030736, 23.8477486 ], [ 87.2058128, 23.8563337 ], [ 87.2121968, 23.8535313 ], [ 87.2138834, 23.8505553 ], [ 87.2205827, 23.8567271 ], [ 87.2199019, 23.8587681 ], [ 87.2212138, 23.860573 ], [ 87.223205, 23.8582423 ], [ 87.2336839, 23.8571338 ], [ 87.2373238, 23.8544046 ], [ 87.2304795, 23.8459087 ], [ 87.2232104, 23.8456154 ], [ 87.2223995, 23.837666 ], [ 87.2165405, 23.8317059 ], [ 87.2174025, 23.8292631 ], [ 87.2247134, 23.8276379 ], [ 87.2279013, 23.8251077 ], [ 87.2304093, 23.8256479 ], [ 87.230883, 23.8286767 ], [ 87.2386986, 23.8264276 ], [ 87.246403, 23.8315637 ], [ 87.2443128, 23.8320483 ], [ 87.2489323, 23.8352518 ], [ 87.2476771, 23.8389616 ], [ 87.2512883, 23.840509 ], [ 87.2549387, 23.8470353 ], [ 87.2500003, 23.8500439 ], [ 87.2490596, 23.8555353 ], [ 87.246645, 23.8544789 ], [ 87.244296, 23.8569411 ], [ 87.2442892, 23.8602411 ], [ 87.246476, 23.8628126 ], [ 87.2450739, 23.8648633 ], [ 87.2487826, 23.8676097 ], [ 87.2487297, 23.8687428 ], [ 87.2419045, 23.869682 ], [ 87.2414859, 23.8764094 ], [ 87.2445741, 23.8821269 ], [ 87.2427447, 23.8841101 ], [ 87.2425966, 23.888733 ], [ 87.2440575, 23.8917295 ], [ 87.2429589, 23.8930304 ], [ 87.2454355, 23.8952812 ], [ 87.2444016, 23.903092 ], [ 87.2465547, 23.9056049 ], [ 87.2451232, 23.9082017 ], [ 87.249703, 23.9102913 ], [ 87.2521613, 23.9130341 ], [ 87.2582813, 23.9063124 ], [ 87.2587603, 23.9032926 ], [ 87.2545749, 23.8999713 ], [ 87.2588864, 23.8995367 ], [ 87.2584396, 23.894092 ], [ 87.2622546, 23.8885196 ], [ 87.2619784, 23.8844655 ], [ 87.2633843, 23.8824846 ], [ 87.2590486, 23.8831721 ], [ 87.268397, 23.8764028 ], [ 87.2691496, 23.874584 ], [ 87.274932, 23.8817523 ], [ 87.2754304, 23.8847502 ], [ 87.2814124, 23.8885101 ], [ 87.2834934, 23.8894548 ], [ 87.2837712, 23.8856268 ], [ 87.285525, 23.8840387 ], [ 87.2844954, 23.8889227 ], [ 87.291106, 23.893283 ], [ 87.2882204, 23.8985542 ], [ 87.2950331, 23.902341 ], [ 87.2912456, 23.9051018 ], [ 87.2906172, 23.9122478 ], [ 87.2916414, 23.9154039 ], [ 87.2874303, 23.9193426 ], [ 87.2835447, 23.9209068 ], [ 87.2882011, 23.9269001 ], [ 87.2840148, 23.9295702 ], [ 87.2841609, 23.9383057 ], [ 87.2908261, 23.9417052 ], [ 87.2897673, 23.9495046 ], [ 87.2936232, 23.9573212 ], [ 87.2932491, 23.9586347 ], [ 87.28731, 23.9585862 ], [ 87.2797877, 23.9605634 ], [ 87.2797572, 23.9619222 ], [ 87.2764746, 23.9633015 ], [ 87.2758735, 23.9654229 ], [ 87.2709347, 23.9674691 ], [ 87.2658713, 23.9656643 ], [ 87.2615317, 23.9675752 ], [ 87.260378, 23.972161 ], [ 87.262625, 23.9812636 ], [ 87.2632235, 23.9823024 ], [ 87.2669085, 23.9822102 ], [ 87.2680834, 23.9873258 ], [ 87.2676823, 23.9910364 ], [ 87.2652231, 23.9939374 ], [ 87.2641558, 24.000608 ], [ 87.2620308, 24.0032221 ], [ 87.253435, 23.9992056 ], [ 87.2534132, 23.9962352 ], [ 87.2505034, 23.9970364 ], [ 87.2409082, 24.0119103 ], [ 87.2445639, 24.0166386 ], [ 87.2350326, 24.0201849 ], [ 87.2328878, 24.0237437 ], [ 87.2352839, 24.0268524 ], [ 87.2344285, 24.0324914 ], [ 87.2404991, 24.0384008 ], [ 87.2412838, 24.0418853 ], [ 87.2453961, 24.0450648 ], [ 87.253526, 24.0429598 ], [ 87.2607274, 24.0373902 ], [ 87.2675988, 24.0377609 ], [ 87.2733519, 24.0352189 ], [ 87.2755163, 24.032954 ], [ 87.2788928, 24.0333264 ], [ 87.279818, 24.031774 ], [ 87.2874582, 24.0288625 ], [ 87.2899692, 24.0297848 ], [ 87.2901689, 24.0322949 ], [ 87.2925767, 24.0334428 ], [ 87.3073724, 24.0318251 ], [ 87.3157559, 24.0355575 ], [ 87.327013, 24.032862 ], [ 87.337123, 24.0343095 ], [ 87.339578, 24.0265184 ], [ 87.3362851, 24.0260345 ], [ 87.3358002, 24.0206804 ], [ 87.3276917, 24.0185472 ], [ 87.3231924, 24.0126364 ], [ 87.3236308, 24.0098873 ], [ 87.3191741, 24.0084817 ], [ 87.3220267, 24.003052 ], [ 87.3281661, 23.9986651 ], [ 87.3376741, 24.0000176 ], [ 87.3420084, 23.998899 ], [ 87.3519934, 23.9991809 ], [ 87.3570095, 24.0061076 ], [ 87.3581341, 24.011832 ], [ 87.3604239, 24.0130918 ], [ 87.3751231, 24.0089529 ], [ 87.3791037, 24.0065151 ], [ 87.3801503, 24.0040774 ], [ 87.3946222, 24.0027491 ], [ 87.4030045, 23.9975057 ], [ 87.4131164, 23.9947724 ], [ 87.4165652, 23.9926543 ], [ 87.4203687, 23.9934252 ], [ 87.4214051, 23.9923053 ], [ 87.4232335, 23.9937043 ], [ 87.4277192, 23.9923486 ], [ 87.4292154, 23.9864523 ], [ 87.4367653, 23.9821157 ], [ 87.4405432, 23.9812519 ], [ 87.4443223, 23.9827671 ], [ 87.4457172, 23.9820893 ], [ 87.4489374, 23.9856045 ], [ 87.449499, 23.9879608 ], [ 87.4603943, 23.9838291 ], [ 87.4621716, 23.9890692 ], [ 87.4616938, 23.994866 ], [ 87.4558643, 23.9999071 ], [ 87.4555019, 24.0019082 ], [ 87.4486277, 24.0029815 ], [ 87.4452513, 24.0020215 ], [ 87.4452138, 24.0054208 ], [ 87.4438435, 24.0069744 ], [ 87.4493534, 24.0087821 ], [ 87.4487553, 24.0113691 ], [ 87.4413936, 24.0113724 ], [ 87.4402278, 24.0091202 ], [ 87.4386993, 24.0089358 ], [ 87.4383379, 24.0135542 ], [ 87.4445309, 24.0151045 ], [ 87.4465054, 24.0139611 ], [ 87.4508871, 24.0180177 ], [ 87.4522532, 24.0177958 ], [ 87.4522967, 24.0165409 ], [ 87.4582876, 24.0166867 ], [ 87.4593604, 24.0188215 ], [ 87.4616518, 24.0132405 ], [ 87.4688914, 24.0140488 ], [ 87.472348, 24.01634 ], [ 87.4761291, 24.0122702 ], [ 87.4822016, 24.0161846 ], [ 87.4914825, 24.0186156 ], [ 87.4968753, 24.0254462 ], [ 87.5029278, 24.0261261 ], [ 87.503589, 24.031834 ], [ 87.5119805, 24.0358357 ], [ 87.5093898, 24.0469525 ], [ 87.5014914, 24.0508196 ], [ 87.4975581, 24.0513716 ], [ 87.4935051, 24.0541645 ], [ 87.4953956, 24.057129 ], [ 87.4952753, 24.059946 ], [ 87.498731, 24.061526 ], [ 87.4998522, 24.0651627 ], [ 87.4943183, 24.0672148 ], [ 87.4906142, 24.0705943 ], [ 87.4927242, 24.0768993 ], [ 87.4982706, 24.0765305 ], [ 87.5025853, 24.0737894 ], [ 87.5060843, 24.0755888 ], [ 87.5068574, 24.0797245 ], [ 87.5107494, 24.0822466 ], [ 87.5083174, 24.0854272 ], [ 87.4973888, 24.0856579 ], [ 87.48983, 24.0901148 ], [ 87.4922478, 24.0938147 ], [ 87.4967077, 24.0935765 ], [ 87.4957735, 24.0990034 ], [ 87.4975625, 24.097878 ], [ 87.5004141, 24.1018395 ], [ 87.4957617, 24.1127946 ], [ 87.4976167, 24.1189733 ], [ 87.5038582, 24.1156876 ], [ 87.5043859, 24.1141757 ], [ 87.5110964, 24.1120006 ], [ 87.5131818, 24.1119841 ], [ 87.516116, 24.1142118 ], [ 87.5219102, 24.1136741 ], [ 87.5270799, 24.106554 ], [ 87.5321933, 24.108354 ], [ 87.5333304, 24.106901 ], [ 87.5330995, 24.0997999 ], [ 87.5353792, 24.0958242 ], [ 87.5423653, 24.091201 ], [ 87.543057, 24.0860912 ], [ 87.5466421, 24.085416 ], [ 87.5539225, 24.0887917 ], [ 87.5561065, 24.0875739 ], [ 87.5574559, 24.0836696 ], [ 87.5599203, 24.0819689 ], [ 87.56253, 24.0845973 ], [ 87.5683662, 24.0855657 ], [ 87.5709072, 24.0883836 ], [ 87.5802213, 24.0863688 ], [ 87.5743445, 24.1002032 ], [ 87.5751104, 24.1033906 ], [ 87.5742037, 24.1079859 ], [ 87.5762734, 24.109878 ], [ 87.5765971, 24.1122572 ], [ 87.582597, 24.1131212 ], [ 87.5870153, 24.1237356 ], [ 87.5910083, 24.1270139 ], [ 87.595642, 24.126234 ], [ 87.5980223, 24.1281078 ], [ 87.6023314, 24.1271109 ], [ 87.6102302, 24.1325337 ], [ 87.604957, 24.1329212 ], [ 87.5944575, 24.1422955 ], [ 87.5938763, 24.1453426 ], [ 87.5771113, 24.1565289 ], [ 87.5743202, 24.1601846 ], [ 87.5761452, 24.1612822 ], [ 87.581548, 24.1592931 ], [ 87.5814043, 24.1624801 ], [ 87.5850051, 24.1644855 ], [ 87.5873531, 24.1615473 ], [ 87.5927212, 24.160262 ], [ 87.5954565, 24.1613821 ], [ 87.5973854, 24.1604029 ], [ 87.6063694, 24.1606391 ], [ 87.6065952, 24.1641513 ], [ 87.6082974, 24.1657811 ], [ 87.6133358, 24.1644363 ], [ 87.6152791, 24.1661249 ], [ 87.6222168, 24.1633805 ], [ 87.6243768, 24.1651908 ], [ 87.6315751, 24.1642698 ], [ 87.6327065, 24.1596923 ], [ 87.6400814, 24.1572315 ], [ 87.6422013, 24.1530511 ], [ 87.652996, 24.1559794 ], [ 87.6536161, 24.1571033 ], [ 87.6518696, 24.157704 ], [ 87.6531294, 24.1587196 ], [ 87.6567892, 24.1560058 ], [ 87.6575476, 24.1589038 ], [ 87.6599188, 24.1575896 ], [ 87.6643172, 24.1575886 ], [ 87.6673415, 24.1529787 ], [ 87.6684194, 24.154572 ], [ 87.6731605, 24.151759 ], [ 87.6755866, 24.1518613 ], [ 87.6787288, 24.1480772 ], [ 87.6822377, 24.1509562 ], [ 87.6848101, 24.1498221 ], [ 87.6888452, 24.1517391 ], [ 87.6944234, 24.1502424 ], [ 87.6969866, 24.1592473 ], [ 87.6957854, 24.1620324 ], [ 87.6968136, 24.1666281 ], [ 87.7029025, 24.1791974 ], [ 87.7023671, 24.1807551 ], [ 87.6986666, 24.1808021 ], [ 87.6986066, 24.1878127 ], [ 87.6862701, 24.1894297 ], [ 87.6821573, 24.1925055 ], [ 87.6763457, 24.1937308 ], [ 87.6772779, 24.1986014 ], [ 87.6758906, 24.2002217 ], [ 87.6755836, 24.2083347 ], [ 87.6694367, 24.2101242 ], [ 87.667142, 24.2067029 ], [ 87.657993, 24.2097929 ], [ 87.6543356, 24.2077261 ], [ 87.6386059, 24.2139894 ], [ 87.6377596, 24.2172398 ], [ 87.6464978, 24.2254863 ], [ 87.6447854, 24.2293959 ], [ 87.6466267, 24.2315264 ], [ 87.6439542, 24.2354676 ], [ 87.6336506, 24.2365338 ], [ 87.6343746, 24.2416529 ], [ 87.6407065, 24.2484328 ], [ 87.6387771, 24.2543828 ], [ 87.648289, 24.2506348 ], [ 87.6546574, 24.2385312 ], [ 87.6591663, 24.2361196 ], [ 87.6627706, 24.2384256 ], [ 87.6622013, 24.2449217 ], [ 87.6639148, 24.2456571 ], [ 87.6723379, 24.2435828 ], [ 87.6739002, 24.2480243 ], [ 87.6762688, 24.248967 ], [ 87.6875374, 24.2464395 ], [ 87.6866583, 24.2509 ], [ 87.6891999, 24.2532599 ], [ 87.6903593, 24.2578504 ], [ 87.6973867, 24.2599147 ], [ 87.7001949, 24.2626806 ], [ 87.7039903, 24.2609859 ], [ 87.7058912, 24.2614364 ], [ 87.7092947, 24.2706345 ], [ 87.7070081, 24.2757774 ], [ 87.7096756, 24.280895 ], [ 87.7132974, 24.2840349 ], [ 87.7127358, 24.2910548 ], [ 87.7136738, 24.2943992 ], [ 87.7293017, 24.2884217 ], [ 87.7322643, 24.2917105 ], [ 87.7386054, 24.2944867 ], [ 87.7375725, 24.2961126 ], [ 87.7431485, 24.2967765 ], [ 87.7474162, 24.299238 ], [ 87.7461325, 24.3012297 ], [ 87.7482133, 24.3043531 ], [ 87.7517873, 24.3064055 ], [ 87.7548573, 24.3102541 ], [ 87.7616024, 24.3084671 ], [ 87.7630169, 24.3129779 ], [ 87.761598, 24.3132928 ], [ 87.7629944, 24.3162461 ], [ 87.7629653, 24.3213065 ], [ 87.7644322, 24.3224497 ], [ 87.7706298, 24.3221427 ], [ 87.7690189, 24.3279242 ], [ 87.7625725, 24.3307859 ], [ 87.7644026, 24.3393282 ], [ 87.768182, 24.3447207 ], [ 87.7712321, 24.3444386 ], [ 87.7727651, 24.3497708 ], [ 87.7798439, 24.3584201 ], [ 87.7836946, 24.3624266 ], [ 87.7859662, 24.3624911 ], [ 87.7938226, 24.383071 ], [ 87.8011028, 24.3822172 ], [ 87.799355, 24.3871638 ], [ 87.7993508, 24.3942104 ], [ 87.79407, 24.3968393 ], [ 87.7939501, 24.3992859 ], [ 87.7969108, 24.402181 ], [ 87.8023539, 24.4003104 ], [ 87.8070775, 24.4070116 ], [ 87.8095768, 24.4070127 ], [ 87.8084783, 24.4053872 ], [ 87.8098092, 24.4057489 ], [ 87.8125863, 24.4118803 ], [ 87.8125853, 24.4139116 ], [ 87.8109332, 24.4150891 ], [ 87.8112769, 24.4178338 ], [ 87.806316, 24.4201429 ], [ 87.8043728, 24.4126981 ], [ 87.7998987, 24.409184 ], [ 87.7995518, 24.4122128 ], [ 87.7970309, 24.4122057 ], [ 87.7927076, 24.4147687 ], [ 87.7933105, 24.4124713 ], [ 87.7915641, 24.4143347 ], [ 87.7885322, 24.4144999 ], [ 87.7888314, 24.4165496 ], [ 87.7897949, 24.4206624 ], [ 87.7954888, 24.4214285 ], [ 87.7941544, 24.4262534 ], [ 87.7922405, 24.4277419 ], [ 87.7941868, 24.4296118 ], [ 87.7933573, 24.43139 ], [ 87.7961161, 24.4350163 ], [ 87.7945617, 24.4363908 ], [ 87.8007742, 24.4373345 ], [ 87.8008164, 24.4409186 ], [ 87.8039422, 24.4416108 ], [ 87.8000146, 24.4459109 ], [ 87.8031362, 24.4540016 ], [ 87.8066517, 24.4552988 ], [ 87.8099855, 24.4548941 ], [ 87.8107835, 24.456506 ], [ 87.8135461, 24.4546247 ], [ 87.8132048, 24.4567056 ], [ 87.8197795, 24.4545325 ], [ 87.8189347, 24.4579944 ], [ 87.8237724, 24.4584566 ], [ 87.824644, 24.4614769 ], [ 87.8229272, 24.4627944 ], [ 87.8239816, 24.4651691 ], [ 87.8211944, 24.466694 ], [ 87.8226722, 24.4710325 ], [ 87.818652, 24.4722588 ], [ 87.8183549, 24.4748092 ], [ 87.8143845, 24.4746947 ], [ 87.8107042, 24.4763634 ], [ 87.8145602, 24.4886433 ], [ 87.8166164, 24.4901474 ], [ 87.822719, 24.4884478 ], [ 87.8272865, 24.4892665 ], [ 87.8273995, 24.4903092 ], [ 87.8244298, 24.4906016 ], [ 87.8257567, 24.4906247 ], [ 87.828151, 24.4986154 ], [ 87.8238367, 24.500441 ], [ 87.8214133, 24.4965005 ], [ 87.8231258, 24.4946097 ], [ 87.8171185, 24.492549 ], [ 87.8162264, 24.4909372 ], [ 87.812847, 24.491649 ], [ 87.8116833, 24.4907683 ], [ 87.8113084, 24.4935866 ], [ 87.812933, 24.493653 ], [ 87.811568, 24.494926 ], [ 87.8119073, 24.4966505 ], [ 87.8134085, 24.4973911 ], [ 87.812542, 24.499711 ], [ 87.8172301, 24.5006123 ], [ 87.8134804, 24.5053378 ], [ 87.8142876, 24.5088375 ], [ 87.8113822, 24.5090518 ], [ 87.8116969, 24.5127168 ], [ 87.8093395, 24.5145176 ], [ 87.8045839, 24.5109667 ], [ 87.8045889, 24.5086592 ], [ 87.802622, 24.5082317 ], [ 87.8045315, 24.5027442 ], [ 87.8031205, 24.5020247 ], [ 87.8056381, 24.5006114 ], [ 87.8012634, 24.4937201 ], [ 87.7986583, 24.4944862 ], [ 87.7985088, 24.4970501 ], [ 87.7957889, 24.4998068 ], [ 87.7966263, 24.5012688 ], [ 87.7941433, 24.5011374 ], [ 87.7960006, 24.5045595 ], [ 87.8015318, 24.5044083 ], [ 87.8008206, 24.5058841 ], [ 87.8023991, 24.5073298 ], [ 87.7983538, 24.5087327 ], [ 87.7980719, 24.5113715 ], [ 87.8019365, 24.5122 ], [ 87.8042416, 24.5192274 ], [ 87.8021629, 24.5237541 ], [ 87.7992274, 24.5247314 ], [ 87.8004177, 24.5334175 ], [ 87.797564, 24.5387971 ], [ 87.7995677, 24.5433878 ], [ 87.8047019, 24.5418839 ], [ 87.8050421, 24.5433587 ], [ 87.808092, 24.5447738 ], [ 87.8085881, 24.5466948 ], [ 87.8053906, 24.5515616 ], [ 87.8061466, 24.552438 ], [ 87.8038802, 24.5547034 ], [ 87.8024535, 24.561692 ], [ 87.7999285, 24.5613667 ], [ 87.7996152, 24.5649086 ], [ 87.796042, 24.5659074 ], [ 87.7949639, 24.5695481 ], [ 87.792459, 24.571661 ], [ 87.7868585, 24.5714645 ], [ 87.7783732, 24.5734593 ], [ 87.7756438, 24.5712382 ], [ 87.770188, 24.5704895 ], [ 87.7714447, 24.5757437 ], [ 87.7712177, 24.5830194 ], [ 87.7921266, 24.5831908 ], [ 87.7960075, 24.5807636 ], [ 87.8121799, 24.5785595 ], [ 87.8169608, 24.573386 ], [ 87.8253418, 24.5691318 ], [ 87.8238815, 24.5640193 ], [ 87.8262956, 24.5587229 ], [ 87.8328329, 24.5580593 ], [ 87.8408228, 24.559794 ], [ 87.8440506, 24.5574279 ], [ 87.8479204, 24.5572978 ], [ 87.8494078, 24.5538351 ], [ 87.8532843, 24.5576378 ], [ 87.8523544, 24.5617702 ], [ 87.8564372, 24.5580986 ], [ 87.8589269, 24.5575832 ], [ 87.8605055, 24.558834 ], [ 87.8608676, 24.5569264 ], [ 87.8693777, 24.5560196 ], [ 87.8692239, 24.5645005 ], [ 87.8892682, 24.5650519 ], [ 87.891713, 24.5686588 ], [ 87.8919315, 24.5841816 ], [ 87.8977438, 24.5849057 ], [ 87.9010992, 24.589383 ], [ 87.908276, 24.5889199 ], [ 87.9132768, 24.5934638 ], [ 87.9140455, 24.5966244 ], [ 87.9118178, 24.5979339 ], [ 87.9131804, 24.5999079 ], [ 87.9112921, 24.6010346 ], [ 87.9107675, 24.6104344 ], [ 87.8925375, 24.6097489 ], [ 87.8916752, 24.6086387 ], [ 87.8934703, 24.6054808 ], [ 87.8872981, 24.6077795 ], [ 87.8835449, 24.6120642 ], [ 87.8811714, 24.6116717 ], [ 87.8803872, 24.6132477 ], [ 87.8783737, 24.6120629 ], [ 87.8758323, 24.6152294 ], [ 87.8781102, 24.6181918 ], [ 87.8817018, 24.6168794 ], [ 87.8868397, 24.6170208 ], [ 87.8926533, 24.6135412 ], [ 87.9060343, 24.6150055 ], [ 87.9057716, 24.6292757 ], [ 87.9015407, 24.6275672 ], [ 87.9003163, 24.6255923 ], [ 87.8974415, 24.6255959 ], [ 87.8886393, 24.6263436 ], [ 87.8879168, 24.630344 ], [ 87.8918459, 24.6341001 ], [ 87.8954348, 24.6330493 ], [ 87.9004383, 24.6336516 ], [ 87.904542, 24.6313963 ], [ 87.9099314, 24.6313954 ], [ 87.9112684, 24.6379708 ], [ 87.9141417, 24.6377095 ], [ 87.9108667, 24.6534203 ], [ 87.9162975, 24.658291 ], [ 87.9173365, 24.6618518 ], [ 87.916609, 24.665753 ], [ 87.9084366, 24.6671708 ], [ 87.9090056, 24.6699985 ], [ 87.9047834, 24.6724352 ], [ 87.897115, 24.6725489 ], [ 87.89071, 24.6752105 ], [ 87.8877491, 24.6799872 ], [ 87.8941445, 24.6870068 ], [ 87.8976695, 24.6878798 ], [ 87.9011393, 24.6941219 ], [ 87.9029238, 24.7051422 ], [ 87.8999189, 24.7051783 ], [ 87.9006449, 24.7112832 ], [ 87.9032791, 24.7146449 ], [ 87.907236, 24.7149732 ], [ 87.9063513, 24.7197738 ], [ 87.9083519, 24.7216175 ], [ 87.9044942, 24.722381 ], [ 87.9045872, 24.7253293 ], [ 87.8988618, 24.7238601 ], [ 87.8900077, 24.7252224 ], [ 87.8902002, 24.727953 ], [ 87.8882493, 24.7289128 ], [ 87.8888023, 24.7343822 ], [ 87.8873543, 24.7365491 ], [ 87.8851015, 24.7367927 ], [ 87.8854532, 24.7396804 ], [ 87.8830175, 24.7413248 ], [ 87.8785512, 24.7417891 ], [ 87.8793915, 24.7403528 ], [ 87.8741274, 24.7320798 ], [ 87.8675085, 24.7329355 ], [ 87.8656087, 24.7320254 ], [ 87.8635275, 24.7341957 ], [ 87.8599314, 24.7339319 ], [ 87.8488747, 24.7401946 ], [ 87.8430196, 24.7400244 ], [ 87.8410903, 24.7435527 ], [ 87.8345502, 24.748922 ], [ 87.8322058, 24.7488266 ], [ 87.8313058, 24.7528422 ], [ 87.829407, 24.7545795 ], [ 87.8229066, 24.754812 ], [ 87.816563, 24.7580596 ], [ 87.8163941, 24.7596891 ], [ 87.8232264, 24.7700602 ], [ 87.8270234, 24.7698808 ], [ 87.8279865, 24.7721878 ], [ 87.8292673, 24.7712809 ], [ 87.8288132, 24.7691276 ], [ 87.8301478, 24.7700127 ], [ 87.8322974, 24.7865162 ], [ 87.8332015, 24.7886561 ], [ 87.8349323, 24.7882639 ], [ 87.836237, 24.7902097 ], [ 87.840712, 24.7894074 ], [ 87.8407723, 24.786374 ], [ 87.8421025, 24.7857018 ], [ 87.8402358, 24.7778336 ], [ 87.8359788, 24.7783245 ], [ 87.8361254, 24.7681999 ], [ 87.8374016, 24.7657853 ], [ 87.8381673, 24.7680425 ], [ 87.8432641, 24.7685898 ], [ 87.847947, 24.763454 ], [ 87.8522827, 24.7619877 ], [ 87.8594305, 24.766137 ], [ 87.8611801, 24.7694007 ], [ 87.8638794, 24.7703579 ], [ 87.8620054, 24.772538 ], [ 87.8654218, 24.7717122 ], [ 87.865911, 24.7734682 ], [ 87.8692332, 24.7750256 ], [ 87.8701378, 24.7786549 ], [ 87.866845, 24.779535 ], [ 87.8686641, 24.7835975 ], [ 87.8686391, 24.7886486 ], [ 87.8708789, 24.7908921 ], [ 87.8697563, 24.7939119 ], [ 87.8738703, 24.7955822 ], [ 87.875512, 24.7941648 ], [ 87.8744489, 24.790829 ], [ 87.8783007, 24.7897366 ], [ 87.8792206, 24.7917047 ], [ 87.8783849, 24.7960245 ], [ 87.8807437, 24.7983357 ], [ 87.8816044, 24.8053682 ], [ 87.8807143, 24.8079953 ], [ 87.8746168, 24.8084016 ], [ 87.8754822, 24.8130509 ], [ 87.8744139, 24.813737 ], [ 87.8743842, 24.8180071 ], [ 87.8701852, 24.8203045 ], [ 87.8691215, 24.8246378 ], [ 87.8705311, 24.8262945 ], [ 87.872371, 24.8247554 ], [ 87.8750716, 24.8257529 ], [ 87.8750716, 24.8223901 ], [ 87.87933, 24.8224939 ], [ 87.8798198, 24.8241505 ], [ 87.881259, 24.8241369 ], [ 87.882753, 24.8295264 ], [ 87.8850528, 24.8284204 ], [ 87.8826092, 24.8232701 ], [ 87.8843947, 24.8232204 ], [ 87.8861459, 24.8281585 ], [ 87.8868705, 24.8252989 ], [ 87.8857746, 24.8236672 ], [ 87.88802, 24.822981 ], [ 87.8912402, 24.826989 ], [ 87.8961857, 24.8228628 ], [ 87.9002712, 24.824099 ], [ 87.901365, 24.8274977 ], [ 87.8977692, 24.8276834 ], [ 87.8960435, 24.8307034 ], [ 87.8970533, 24.8352126 ], [ 87.896074, 24.8360252 ], [ 87.8988689, 24.8370766 ], [ 87.8987515, 24.8446147 ], [ 87.8965361, 24.8492914 ], [ 87.8938599, 24.8497386 ], [ 87.8913278, 24.8560357 ], [ 87.8966662, 24.8577684 ], [ 87.8972703, 24.8616458 ], [ 87.9100532, 24.874729 ], [ 87.9167015, 24.8845404 ], [ 87.933244, 24.8955578 ], [ 87.9397085, 24.8981417 ], [ 87.952928, 24.9077635 ], [ 87.9550349, 24.9133325 ], [ 87.9608268, 24.9220771 ], [ 87.9596237, 24.9290064 ], [ 87.9628253, 24.934534 ], [ 87.9589501, 24.9507995 ], [ 87.9577504, 24.970891 ], [ 87.953263, 24.9770818 ], [ 87.9448236, 24.9841365 ], [ 87.9405383, 24.9908548 ], [ 87.9227324, 25.000584 ], [ 87.9059276, 25.0038947 ], [ 87.8993604, 25.0067847 ], [ 87.8886178, 25.0176506 ], [ 87.8730429, 25.0377507 ], [ 87.8572751, 25.0546309 ], [ 87.8487065, 25.0594277 ], [ 87.834002, 25.0652605 ], [ 87.8057904, 25.0726523 ], [ 87.8023747, 25.0828877 ], [ 87.7929046, 25.0953496 ], [ 87.7896664, 25.1044203 ], [ 87.7790277, 25.117702 ], [ 87.7743644, 25.1213639 ], [ 87.7735082, 25.1254753 ], [ 87.7743951, 25.1440543 ], [ 87.7826218, 25.1764317 ], [ 87.7877794, 25.1913029 ], [ 87.7891324, 25.2001279 ], [ 87.7908044, 25.2344245 ], [ 87.7896087, 25.2410859 ], [ 87.7866353, 25.2473887 ], [ 87.7732063, 25.247136 ], [ 87.7646186, 25.2514597 ], [ 87.7173755, 25.2561865 ], [ 87.7130736, 25.2579765 ], [ 87.743247, 25.2641123 ], [ 87.7671801, 25.2609766 ], [ 87.7763264, 25.2565913 ], [ 87.7817913, 25.2562474 ], [ 87.7967138, 25.2519818 ], [ 87.7982239, 25.2498506 ], [ 87.8012717, 25.2492067 ], [ 87.8009256, 25.2470039 ], [ 87.8056973, 25.243102 ], [ 87.8103131, 25.2423187 ], [ 87.8273034, 25.2352886 ], [ 87.8353359, 25.2404682 ], [ 87.8366751, 25.242608 ], [ 87.8366195, 25.2458082 ], [ 87.8406282, 25.2501242 ], [ 87.8485534, 25.2539731 ], [ 87.8502858, 25.2529579 ], [ 87.8552684, 25.2552696 ], [ 87.8555257, 25.2599052 ], [ 87.8534255, 25.2636014 ], [ 87.8570082, 25.2696547 ], [ 87.8606914, 25.2696281 ], [ 87.8624084, 25.2741058 ], [ 87.8601879, 25.2857822 ], [ 87.857213, 25.2936219 ], [ 87.8556589, 25.2942853 ], [ 87.855435, 25.2968851 ], [ 87.8390294, 25.301093 ], [ 87.830929, 25.3073014 ], [ 87.8263583, 25.3135196 ], [ 87.8183114, 25.3188201 ], [ 87.8050591, 25.3245601 ], [ 87.7959601, 25.3262029 ], [ 87.7881788, 25.3390621 ], [ 87.7901766, 25.3443215 ], [ 87.7919369, 25.3628688 ], [ 87.7935535, 25.3669454 ], [ 87.792312, 25.373548 ], [ 87.779291, 25.3730751 ], [ 87.7696626, 25.3789766 ], [ 87.765876, 25.3852703 ], [ 87.7659435, 25.387509 ], [ 87.7682891, 25.3927374 ], [ 87.7681195, 25.3989299 ], [ 87.7725326, 25.4042183 ], [ 87.7638829, 25.4075023 ], [ 87.7643249, 25.41314 ], [ 87.7657251, 25.4145854 ], [ 87.7686688, 25.4126919 ], [ 87.7704507, 25.4095699 ], [ 87.7751923, 25.4089097 ], [ 87.7763616, 25.4130946 ], [ 87.7740712, 25.4182654 ], [ 87.7743202, 25.4235284 ], [ 87.7699292, 25.4262108 ], [ 87.7713582, 25.4289831 ], [ 87.773997, 25.4296214 ], [ 87.774313, 25.4321357 ], [ 87.7797711, 25.4314714 ], [ 87.781331, 25.4325421 ], [ 87.7872515, 25.450378 ], [ 87.7967795, 25.4474954 ], [ 87.7969402, 25.4450131 ], [ 87.8023141, 25.444727 ], [ 87.8116695, 25.4355465 ], [ 87.8226837, 25.437081 ], [ 87.8263709, 25.4396234 ], [ 87.8257173, 25.4454456 ], [ 87.8274663, 25.4476398 ], [ 87.8288983, 25.4468323 ], [ 87.8309642, 25.4522085 ], [ 87.830225, 25.4610502 ], [ 87.8396364, 25.4613688 ], [ 87.8393461, 25.4678411 ], [ 87.8542771, 25.4667157 ], [ 87.8558027, 25.4709767 ], [ 87.8605262, 25.4710766 ], [ 87.8615159, 25.4691403 ], [ 87.863455, 25.469109 ], [ 87.8628837, 25.463968 ], [ 87.869307, 25.4689965 ], [ 87.8688593, 25.473009 ], [ 87.8648859, 25.479946 ], [ 87.8678087, 25.4938522 ], [ 87.8689524, 25.4967092 ], [ 87.8707675, 25.4970298 ], [ 87.8741691, 25.5020272 ], [ 87.8748156, 25.5046902 ], [ 87.8798935, 25.5042026 ], [ 87.8863742, 25.5080795 ], [ 87.8867674, 25.5103587 ], [ 87.8833309, 25.5169395 ], [ 87.8843707, 25.5205728 ], [ 87.8871361, 25.5181896 ], [ 87.8901803, 25.5182705 ], [ 87.8928505, 25.512669 ], [ 87.8981972, 25.511698 ], [ 87.8978578, 25.5049143 ], [ 87.9027617, 25.5053242 ], [ 87.904394, 25.509386 ], [ 87.908905, 25.5088209 ], [ 87.9068217, 25.5117416 ], [ 87.9109312, 25.5157486 ], [ 87.9083405, 25.5186649 ], [ 87.9127298, 25.525768 ], [ 87.918371, 25.526588 ], [ 87.9169604, 25.5329524 ], [ 87.925547, 25.5337667 ], [ 87.9277224, 25.5371961 ], [ 87.9376264, 25.5355097 ], [ 87.9421193, 25.5366758 ], [ 87.9463472, 25.5354733 ], [ 87.9470805, 25.5390791 ], [ 87.9511148, 25.538364 ], [ 87.9541852, 25.5397706 ], [ 87.9567059, 25.5373862 ], [ 87.9633339, 25.5395352 ], [ 87.9640832, 25.5369035 ], [ 87.9667047, 25.5366447 ], [ 87.9765499, 25.5247002 ], [ 87.9807828, 25.5245438 ], [ 87.9859979, 25.5266387 ], [ 87.9908965, 25.5253848 ], [ 87.9913467, 25.5228749 ], [ 87.9937986, 25.5224126 ], [ 87.9850226, 25.5153287 ], [ 87.9890234, 25.5118143 ], [ 87.9941515, 25.5119908 ], [ 87.9951075, 25.5079686 ], [ 87.9933317, 25.5077669 ], [ 87.9941762, 25.5066649 ], [ 87.9928786, 25.5072301 ], [ 87.9932134, 25.5037229 ], [ 87.9957753, 25.4995445 ], [ 88.0069805, 25.4970516 ], [ 88.0059126, 25.5049769 ], [ 88.0067182, 25.5101365 ], [ 88.0075577, 25.5112475 ], [ 88.0135213, 25.5112115 ], [ 88.0125991, 25.5080017 ], [ 88.0095185, 25.5048805 ], [ 88.0103821, 25.5015955 ], [ 88.0141048, 25.4993852 ], [ 88.0180557, 25.5018586 ], [ 88.0246556, 25.5016467 ], [ 88.0224399, 25.4982796 ], [ 88.0302773, 25.491538 ], [ 88.035938, 25.4921177 ], [ 88.0376886, 25.4897804 ], [ 88.0451447, 25.4891033 ], [ 88.049827, 25.4859591 ], [ 88.051262, 25.4900562 ], [ 88.0562681, 25.4911938 ], [ 88.0654009, 25.4901325 ], [ 88.0713165, 25.4842587 ], [ 88.0733801, 25.4843119 ], [ 88.0713917, 25.4958667 ], [ 88.0717463, 25.5061581 ], [ 88.0732424, 25.5081672 ], [ 88.0765349, 25.5080962 ], [ 88.0665468, 25.5103942 ], [ 88.0664959, 25.5127458 ], [ 88.0708914, 25.5157579 ], [ 88.0711294, 25.517446 ], [ 88.0644651, 25.5252426 ], [ 88.0595886, 25.5283773 ], [ 88.0578394, 25.5340409 ], [ 88.0531724, 25.5351535 ], [ 88.047364, 25.5395466 ], [ 88.0420423, 25.5374177 ], [ 88.0372757, 25.5383222 ], [ 88.0358232, 25.5447935 ], [ 88.0337169, 25.5472385 ], [ 88.0383347, 25.5529915 ], [ 88.0355288, 25.5525293 ], [ 88.0304262, 25.5559472 ], [ 88.026988, 25.5560894 ], [ 88.0258214, 25.5588553 ], [ 88.0289247, 25.5607802 ], [ 88.0304832, 25.5656738 ], [ 88.0325524, 25.5667628 ], [ 88.0341668, 25.5639158 ], [ 88.0385117, 25.5693978 ], [ 88.0339673, 25.5709747 ], [ 88.0282455, 25.5699871 ], [ 88.0255367, 25.5720704 ], [ 88.0240204, 25.5762037 ], [ 88.0277175, 25.576653 ], [ 88.0288137, 25.5810994 ], [ 88.0264221, 25.5785659 ], [ 88.0246369, 25.5827756 ], [ 88.0254452, 25.58622 ], [ 88.0220641, 25.5882667 ], [ 88.0202649, 25.5911494 ], [ 88.0240616, 25.5920639 ], [ 88.0281587, 25.5909202 ], [ 88.0296853, 25.5926137 ], [ 88.0293831, 25.5970638 ], [ 88.0309734, 25.6000662 ], [ 88.0252061, 25.5982976 ], [ 88.0242124, 25.6020385 ], [ 88.0311015, 25.6017408 ], [ 88.0333161, 25.5998352 ], [ 88.0355967, 25.6010847 ], [ 88.0398226, 25.6010602 ], [ 88.0400101, 25.6033441 ], [ 88.0332206, 25.6034663 ], [ 88.0300783, 25.6053012 ], [ 88.0328355, 25.6057679 ], [ 88.0370839, 25.6092097 ], [ 88.0432319, 25.6086491 ], [ 88.042867, 25.6107747 ], [ 88.0372827, 25.616332 ], [ 88.0350767, 25.6239447 ], [ 88.0406715, 25.6321128 ], [ 88.0447129, 25.6340964 ], [ 88.0478214, 25.6314533 ], [ 88.0497811, 25.634519 ], [ 88.0542411, 25.6362002 ], [ 88.0552608, 25.637821 ], [ 88.0539555, 25.6391789 ], [ 88.049107, 25.6375426 ], [ 88.0479136, 25.6351137 ], [ 88.0463007, 25.6347518 ], [ 88.0411221, 25.6425886 ], [ 88.0368009, 25.6416427 ], [ 88.0366233, 25.6460838 ], [ 88.0378324, 25.647267 ], [ 88.0402424, 25.6472278 ], [ 88.0435915, 25.6430955 ], [ 88.0447398, 25.6458854 ], [ 88.0481653, 25.6462213 ], [ 88.0485316, 25.6496065 ], [ 88.0456392, 25.6559642 ], [ 88.0501179, 25.6607554 ], [ 88.0465908, 25.6627348 ], [ 88.0478316, 25.6690542 ], [ 88.0458976, 25.6789826 ], [ 88.0516475, 25.6835125 ], [ 88.0525723, 25.6861984 ], [ 88.0515481, 25.6911716 ], [ 88.0481415, 25.6978992 ], [ 88.0427886, 25.7019853 ], [ 88.0405251, 25.697561 ], [ 88.0376412, 25.6969815 ], [ 88.0349673, 25.7020754 ], [ 88.0312201, 25.7033006 ], [ 88.0290998, 25.7010877 ], [ 88.0312045, 25.6979072 ], [ 88.0308436, 25.6944994 ], [ 88.0206456, 25.6958644 ], [ 88.0185057, 25.6989996 ], [ 88.0210668, 25.709689 ], [ 88.0164624, 25.7107598 ], [ 88.0124674, 25.7101791 ], [ 88.0097548, 25.7125916 ], [ 88.0019546, 25.7156812 ], [ 87.9988548, 25.7219036 ], [ 87.9923308, 25.7231419 ], [ 87.9912568, 25.7253949 ], [ 87.9891947, 25.7261909 ], [ 87.9887999, 25.7250132 ], [ 87.9847634, 25.7242986 ], [ 87.9824725, 25.7199811 ], [ 87.9657011, 25.7256205 ], [ 87.9663343, 25.7328008 ], [ 87.9610249, 25.736383 ], [ 87.9613655, 25.738662 ], [ 87.9554425, 25.7418067 ], [ 87.9522261, 25.7461862 ], [ 87.9480155, 25.7470595 ], [ 87.9474467, 25.7458547 ], [ 87.9462609, 25.7462389 ], [ 87.9462067, 25.7473401 ], [ 87.9476471, 25.7475201 ], [ 87.9466858, 25.7484186 ], [ 87.9470465, 25.7516142 ], [ 87.9462346, 25.7525354 ], [ 87.9436472, 25.7508712 ], [ 87.9475933, 25.7576438 ], [ 87.9423912, 25.7596591 ], [ 87.9421873, 25.7694079 ], [ 87.937877, 25.7721449 ], [ 87.9379726, 25.7739322 ], [ 87.9353012, 25.7747095 ], [ 87.9326287, 25.7729549 ], [ 87.9342431, 25.7717854 ], [ 87.9336289, 25.7694252 ], [ 87.9261137, 25.7727858 ], [ 87.923917, 25.7763836 ], [ 87.9193104, 25.7745843 ], [ 87.9070628, 25.7735448 ], [ 87.9089963, 25.7717345 ], [ 87.9076798, 25.7696858 ], [ 87.9060902, 25.7714327 ], [ 87.9041711, 25.7711307 ], [ 87.902004, 25.7762221 ], [ 87.9034549, 25.7779053 ], [ 87.9031765, 25.7815115 ], [ 87.9042535, 25.7824726 ], [ 87.9060873, 25.7801209 ], [ 87.9068502, 25.7809015 ], [ 87.9038243, 25.8020152 ], [ 87.9016355, 25.8022503 ], [ 87.9079679, 25.8034226 ], [ 87.9056355, 25.8075617 ], [ 87.9023647, 25.8078331 ], [ 87.9005795, 25.8065201 ], [ 87.8994578, 25.807486 ], [ 87.9038421, 25.8140024 ], [ 87.9075164, 25.8119979 ], [ 87.9079612, 25.8156761 ], [ 87.9143474, 25.8113418 ], [ 87.9158848, 25.8163962 ], [ 87.9088947, 25.8198777 ], [ 87.9055788, 25.8198107 ], [ 87.9044174, 25.8224828 ], [ 87.8991121, 25.824614 ], [ 87.8996209, 25.8257964 ], [ 87.897796, 25.8270694 ], [ 87.8995566, 25.8286668 ], [ 87.901676, 25.8279308 ], [ 87.9025392, 25.8305168 ], [ 87.9009682, 25.8299123 ], [ 87.8972432, 25.8316143 ], [ 87.8975223, 25.8302377 ], [ 87.8955373, 25.8300574 ], [ 87.8950136, 25.8292271 ], [ 87.8960906, 25.8280354 ], [ 87.8935721, 25.8275032 ], [ 87.8900116, 25.8285913 ], [ 87.888037, 25.830663 ], [ 87.8912139, 25.8321837 ], [ 87.8920372, 25.8353384 ], [ 87.8940768, 25.8339572 ], [ 87.8951741, 25.8351846 ], [ 87.8943614, 25.8360377 ], [ 87.8960671, 25.8370665 ], [ 87.9009789, 25.832713 ], [ 87.9028542, 25.8339468 ], [ 87.8967307, 25.8379374 ], [ 87.9042063, 25.8364514 ], [ 87.9020929, 25.8420662 ], [ 87.9032601, 25.8425445 ], [ 87.9052445, 25.8399308 ], [ 87.9059177, 25.8396915 ], [ 87.9085465, 25.8410721 ], [ 87.9054092, 25.8403912 ], [ 87.9035994, 25.8428739 ], [ 87.9077895, 25.8452741 ], [ 87.9120806, 25.8511177 ], [ 87.9141207, 25.8514466 ], [ 87.9146902, 25.8539469 ], [ 87.9113079, 25.8527291 ], [ 87.9082906, 25.8540658 ], [ 87.9060769, 25.8578212 ], [ 87.9018669, 25.8579349 ], [ 87.9025611, 25.8616807 ], [ 87.892111, 25.8657442 ], [ 87.888624, 25.8651126 ], [ 87.8870722, 25.8611998 ], [ 87.8827124, 25.8593631 ], [ 87.875649, 25.8606134 ], [ 87.8758535, 25.8646663 ], [ 87.8743719, 25.8682183 ], [ 87.8733792, 25.8661151 ], [ 87.8697875, 25.8665663 ], [ 87.8695279, 25.8686333 ], [ 87.8680613, 25.8686513 ], [ 87.8617907, 25.8669538 ], [ 87.8587033, 25.8647871 ], [ 87.8501669, 25.8695969 ], [ 87.8463954, 25.8699392 ], [ 87.8455376, 25.8689507 ], [ 87.8298278, 25.870648 ], [ 87.8274814, 25.874682 ], [ 87.8292512, 25.8777426 ], [ 87.825719, 25.8777369 ], [ 87.8260222, 25.8803321 ], [ 87.8223396, 25.8819465 ], [ 87.8233208, 25.8855936 ], [ 87.8217832, 25.8875246 ], [ 87.8229942, 25.8906618 ], [ 87.825359, 25.891317 ], [ 87.8268348, 25.8940842 ], [ 87.8250471, 25.8971525 ], [ 87.8195917, 25.9003368 ], [ 87.821357, 25.9029778 ], [ 87.8225803, 25.9121264 ], [ 87.8198347, 25.9139985 ], [ 87.8168909, 25.9128283 ], [ 87.8151831, 25.914863 ], [ 87.8164671, 25.9120249 ], [ 87.8155299, 25.9102191 ], [ 87.8120617, 25.9099694 ], [ 87.8113872, 25.9113727 ], [ 87.8080282, 25.912161 ], [ 87.8075718, 25.9160918 ], [ 87.8119929, 25.9159461 ], [ 87.8129958, 25.9176423 ], [ 87.8127456, 25.9188516 ], [ 87.8088468, 25.9206914 ], [ 87.8090021, 25.9283729 ], [ 87.8073742, 25.9298524 ], [ 87.811871, 25.9301523 ], [ 87.8126187, 25.9321069 ], [ 87.8160529, 25.9317247 ], [ 87.8195857, 25.9339422 ], [ 87.8331034, 25.9279107 ], [ 87.8384338, 25.9314931 ], [ 87.8347303, 25.9316772 ], [ 87.8393451, 25.9381142 ], [ 87.8369478, 25.9422793 ], [ 87.8340277, 25.9421566 ], [ 87.8336969, 25.9458483 ], [ 87.8382625, 25.9520326 ], [ 87.835959, 25.9583143 ], [ 87.8366773, 25.9601198 ], [ 87.8465716, 25.9633446 ], [ 87.8457418, 25.9668376 ], [ 87.8467453, 25.9670093 ], [ 87.8470592, 25.9693653 ], [ 87.8447165, 25.9739321 ], [ 87.847083, 25.9746727 ], [ 87.8446357, 25.9769108 ], [ 87.8441252, 25.9813291 ], [ 87.845752, 25.9855673 ], [ 87.8455466, 25.988063 ], [ 87.8445978, 25.9881034 ], [ 87.8451255, 25.994123 ], [ 87.8479422, 25.9936914 ], [ 87.8479869, 25.9950949 ], [ 87.849445, 25.9954338 ], [ 87.8491848, 25.9980739 ], [ 87.8504531, 25.998539 ], [ 87.8514111, 26.0022805 ], [ 87.850407, 26.0034537 ], [ 87.8542164, 26.0100842 ], [ 87.8544557, 26.0125259 ], [ 87.8504497, 26.0141589 ], [ 87.8544599, 26.0166689 ], [ 87.8564621, 26.0215795 ], [ 87.8572453, 26.0280785 ], [ 87.8560661, 26.029658 ], [ 87.8545176, 26.0293599 ], [ 87.8542223, 26.0318331 ], [ 87.8559251, 26.0359763 ], [ 87.8620647, 26.0365413 ], [ 87.8622697, 26.035395 ], [ 87.8642628, 26.0364828 ], [ 87.878326, 26.0495307 ], [ 87.8830073, 26.0468362 ], [ 87.8892376, 26.0485958 ], [ 87.8904518, 26.0496247 ], [ 87.8903879, 26.0579154 ], [ 87.892402, 26.0611556 ], [ 87.8987834, 26.0640026 ], [ 87.9012416, 26.0629099 ], [ 87.9069904, 26.0723367 ], [ 87.9085097, 26.0728012 ], [ 87.9100834, 26.0713748 ], [ 87.9143624, 26.0760086 ], [ 87.9162414, 26.0757103 ], [ 87.9166615, 26.0768384 ], [ 87.9205291, 26.0756865 ], [ 87.9280484, 26.0830673 ], [ 87.9313614, 26.0820191 ], [ 87.9317803, 26.080295 ], [ 87.9306363, 26.0703078 ], [ 87.9363521, 26.0686042 ], [ 87.9349155, 26.0636809 ], [ 87.9455021, 26.0607608 ], [ 87.9488606, 26.0618965 ], [ 87.950119, 26.0605509 ], [ 87.9503271, 26.065619 ], [ 87.9526399, 26.0646114 ], [ 87.9545195, 26.065671 ], [ 87.9548165, 26.0690286 ], [ 87.9519626, 26.0679966 ], [ 87.9485506, 26.0696005 ], [ 87.9495156, 26.0705794 ], [ 87.9508495, 26.0699288 ], [ 87.9523249, 26.0718777 ], [ 87.9503924, 26.0742119 ], [ 87.9508828, 26.0752633 ], [ 87.9519617, 26.0744187 ], [ 87.9533466, 26.0753026 ], [ 87.9529125, 26.0764672 ], [ 87.9552102, 26.0747419 ], [ 87.9570641, 26.0747634 ], [ 87.9580847, 26.0763199 ], [ 87.9654991, 26.0740454 ], [ 87.972793, 26.0774301 ], [ 87.9821898, 26.0737634 ], [ 87.9856216, 26.0776602 ], [ 87.9822403, 26.0798741 ], [ 87.9820238, 26.0836562 ], [ 87.9782007, 26.0837989 ], [ 87.9767321, 26.0847251 ], [ 87.9766592, 26.0870719 ], [ 87.970748, 26.0886691 ], [ 87.9715212, 26.0929334 ], [ 87.9636055, 26.0946263 ], [ 87.966525, 26.0954956 ], [ 87.966641, 26.0968585 ], [ 87.967465, 26.0960952 ], [ 87.9684255, 26.0968844 ], [ 87.9671366, 26.09786 ], [ 87.9708512, 26.0989453 ], [ 87.9717622, 26.1005695 ], [ 87.9731171, 26.1008392 ], [ 87.9734259, 26.0995575 ], [ 87.976237, 26.1019429 ], [ 87.9771954, 26.1005025 ], [ 87.9775173, 26.1027183 ], [ 87.9786106, 26.1011695 ], [ 87.9821214, 26.1032384 ], [ 87.98254, 26.1018527 ], [ 87.9868033, 26.1014072 ], [ 87.9868945, 26.102752 ], [ 87.9833469, 26.1042666 ], [ 87.9833379, 26.1052774 ], [ 87.9849025, 26.1053846 ], [ 87.9846438, 26.1066981 ], [ 87.9864733, 26.106602 ], [ 87.9858459, 26.1092742 ], [ 87.9877309, 26.1097692 ], [ 87.9857698, 26.1134399 ], [ 87.9851081, 26.111432 ], [ 87.9837574, 26.1157114 ], [ 87.9814871, 26.1149774 ], [ 87.9742577, 26.1166311 ], [ 87.9715244, 26.1153635 ], [ 87.9711807, 26.1169388 ], [ 87.9692715, 26.1176215 ], [ 87.9707985, 26.1204592 ], [ 87.9793889, 26.1222811 ], [ 87.9795549, 26.1234228 ], [ 87.9753411, 26.1242607 ], [ 87.9761518, 26.1252755 ], [ 87.9798056, 26.1242981 ], [ 87.981397, 26.1260571 ], [ 87.9815334, 26.1276862 ], [ 87.9784908, 26.130148 ], [ 87.9791927, 26.1379687 ], [ 87.9748729, 26.1383147 ], [ 87.9724543, 26.1399997 ], [ 87.9749022, 26.1433738 ], [ 87.9813136, 26.1445834 ], [ 87.9830881, 26.1440223 ], [ 87.9837464, 26.1421219 ], [ 87.985882, 26.14268 ], [ 87.9850197, 26.1456457 ], [ 87.9920707, 26.1509604 ], [ 87.9944175, 26.1435137 ], [ 87.9998794, 26.1383958 ], [ 88.004036, 26.141766 ], [ 88.0062455, 26.1457414 ], [ 88.0107683, 26.1447683 ], [ 88.0141541, 26.1493066 ], [ 88.0092483, 26.1547139 ], [ 88.0097311, 26.1569346 ], [ 88.0078347, 26.1580478 ], [ 88.0099815, 26.1615382 ], [ 88.0143403, 26.1585675 ], [ 88.0196751, 26.1598217 ], [ 88.0241562, 26.1652586 ], [ 88.0264816, 26.1654408 ], [ 88.0282882, 26.1700363 ], [ 88.0317742, 26.1699754 ], [ 88.0329269, 26.1732076 ], [ 88.0314949, 26.1752059 ], [ 88.037234, 26.1787072 ], [ 88.0498302, 26.1760652 ], [ 88.050803, 26.1721845 ], [ 88.0518677, 26.1731148 ], [ 88.0525736, 26.1720094 ], [ 88.0577097, 26.1727792 ], [ 88.0590714, 26.1705008 ], [ 88.0656958, 26.1751747 ], [ 88.0649747, 26.1769887 ], [ 88.068881, 26.1768504 ], [ 88.0694875, 26.1741337 ], [ 88.0718483, 26.1742024 ], [ 88.0725376, 26.1760034 ], [ 88.0745882, 26.1762433 ], [ 88.0780429, 26.1797962 ], [ 88.0758109, 26.1825168 ], [ 88.0764799, 26.1854731 ], [ 88.0817415, 26.1868332 ], [ 88.0854316, 26.1910269 ], [ 88.089385, 26.1910275 ], [ 88.0913409, 26.2021441 ], [ 88.0942425, 26.2025555 ], [ 88.0937119, 26.2036746 ], [ 88.0957927, 26.2048755 ], [ 88.0978091, 26.2035897 ], [ 88.098234, 26.2052777 ], [ 88.1011255, 26.2060138 ], [ 88.10087, 26.2075347 ], [ 88.1036116, 26.2077834 ], [ 88.1031356, 26.2112448 ], [ 88.1054065, 26.2143771 ], [ 88.1114554, 26.2154474 ], [ 88.1111098, 26.2176995 ], [ 88.1165834, 26.2191531 ], [ 88.1168685, 26.2201641 ], [ 88.1145368, 26.2212064 ], [ 88.1144164, 26.2237246 ], [ 88.1257298, 26.2277598 ], [ 88.1298728, 26.2250248 ], [ 88.1308886, 26.2271504 ], [ 88.1398154, 26.227195 ], [ 88.1417576, 26.2316356 ], [ 88.1365985, 26.2324755 ], [ 88.1367394, 26.2412216 ], [ 88.1411235, 26.2434011 ], [ 88.1426509, 26.2504723 ], [ 88.1443979, 26.2522412 ], [ 88.1501342, 26.2525189 ], [ 88.1543438, 26.2545219 ], [ 88.1554408, 26.258105 ], [ 88.1604757, 26.2568854 ], [ 88.161661, 26.253884 ], [ 88.1632423, 26.2534098 ], [ 88.168224, 26.258147 ], [ 88.1717716, 26.2556548 ], [ 88.1741941, 26.2557894 ], [ 88.1794729, 26.2633106 ], [ 88.179005, 26.269101 ], [ 88.1826548, 26.2704445 ], [ 88.1831769, 26.2736756 ], [ 88.1973222, 26.2718596 ], [ 88.2015879, 26.2809239 ], [ 88.2106318, 26.2777914 ], [ 88.2132218, 26.2804345 ], [ 88.2133546, 26.2840403 ], [ 88.2171247, 26.2844532 ], [ 88.2269325, 26.2909001 ], [ 88.2259139, 26.294069 ], [ 88.2281783, 26.2956604 ], [ 88.2267082, 26.3036224 ], [ 88.2306125, 26.3079249 ], [ 88.2294331, 26.3103673 ], [ 88.2318401, 26.3087048 ], [ 88.2316472, 26.3058166 ], [ 88.2356956, 26.3033269 ], [ 88.2378882, 26.3080278 ], [ 88.2398124, 26.3093305 ], [ 88.2398746, 26.3115508 ], [ 88.2455361, 26.3145383 ], [ 88.2442016, 26.3220083 ], [ 88.2467429, 26.3242807 ], [ 88.2472527, 26.3281209 ], [ 88.2480476, 26.3263613 ], [ 88.2492278, 26.3279329 ], [ 88.2543939, 26.3269927 ], [ 88.2549253, 26.3293174 ], [ 88.2577877, 26.3319539 ], [ 88.2577807, 26.3355168 ], [ 88.2668757, 26.3350753 ], [ 88.2683811, 26.3379851 ], [ 88.2708809, 26.3375332 ], [ 88.2711426, 26.3359341 ], [ 88.2691455, 26.3327543 ], [ 88.2665174, 26.3318698 ], [ 88.2687715, 26.3314093 ], [ 88.2697854, 26.327867 ], [ 88.2746931, 26.328571 ], [ 88.276025, 26.3322352 ], [ 88.2798681, 26.3319612 ], [ 88.2794787, 26.3366764 ], [ 88.2811509, 26.3420152 ], [ 88.2782017, 26.3431951 ], [ 88.2789086, 26.3493939 ], [ 88.2843274, 26.3496494 ], [ 88.2859884, 26.3524232 ], [ 88.2903466, 26.3514162 ], [ 88.2905371, 26.3494832 ], [ 88.2916943, 26.3492504 ], [ 88.2937958, 26.3517297 ], [ 88.2936936, 26.3529311 ], [ 88.2889997, 26.3539614 ], [ 88.2907809, 26.3585863 ], [ 88.290188, 26.3599695 ], [ 88.2827332, 26.3575733 ], [ 88.279806, 26.3596835 ], [ 88.2788356, 26.3666758 ], [ 88.2764985, 26.368261 ], [ 88.2767445, 26.3725234 ], [ 88.2744424, 26.3762398 ], [ 88.276265, 26.3794379 ], [ 88.2719445, 26.3778343 ], [ 88.2676714, 26.38141 ], [ 88.2662214, 26.3791748 ], [ 88.2614759, 26.3776239 ], [ 88.2575587, 26.3812799 ], [ 88.2553339, 26.3773959 ], [ 88.246775, 26.3753759 ], [ 88.2465691, 26.3741804 ], [ 88.2404678, 26.3752007 ], [ 88.232215, 26.3795982 ], [ 88.2340097, 26.3806574 ], [ 88.2332133, 26.3863443 ], [ 88.2270379, 26.3894672 ], [ 88.2279377, 26.3927474 ], [ 88.2319918, 26.3929701 ], [ 88.2343887, 26.3947554 ], [ 88.2380505, 26.3987194 ], [ 88.2392277, 26.403439 ], [ 88.2417928, 26.4050695 ], [ 88.2443108, 26.4049602 ], [ 88.2446687, 26.4070404 ], [ 88.2474812, 26.4075213 ], [ 88.2524168, 26.4160517 ], [ 88.2548864, 26.4170678 ], [ 88.2645469, 26.4154106 ], [ 88.2682532, 26.4175847 ], [ 88.2695789, 26.4204452 ], [ 88.2676246, 26.4211082 ], [ 88.2670067, 26.4228525 ], [ 88.2630495, 26.4228329 ], [ 88.2622669, 26.4249026 ], [ 88.2634093, 26.4287705 ], [ 88.2593964, 26.4286334 ], [ 88.2584615, 26.4321846 ], [ 88.2541973, 26.4318266 ], [ 88.250858, 26.4331462 ], [ 88.2509053, 26.4359334 ], [ 88.2481664, 26.436684 ], [ 88.2428614, 26.4487183 ], [ 88.2438241, 26.4538397 ], [ 88.2424489, 26.4523515 ], [ 88.2341708, 26.4515096 ], [ 88.2251534, 26.4536643 ], [ 88.2227464, 26.4591264 ], [ 88.2184524, 26.4625861 ], [ 88.217728, 26.465908 ], [ 88.215492, 26.4663879 ], [ 88.2139995, 26.4685775 ], [ 88.2098231, 26.4692253 ], [ 88.2117054, 26.4718236 ], [ 88.2182181, 26.4706643 ], [ 88.2211673, 26.4715288 ], [ 88.2242365, 26.4779937 ], [ 88.2243602, 26.4819468 ], [ 88.2198582, 26.4835248 ], [ 88.212456, 26.4832452 ], [ 88.2117729, 26.4816435 ], [ 88.2137961, 26.4780772 ], [ 88.2157669, 26.4780489 ], [ 88.2107336, 26.4730923 ], [ 88.2033131, 26.4743195 ], [ 88.2029583, 26.4763595 ], [ 88.1957667, 26.4751311 ], [ 88.1916212, 26.4776739 ], [ 88.1906609, 26.4820518 ], [ 88.1878591, 26.4849051 ], [ 88.1861785, 26.4837686 ], [ 88.1850362, 26.4860706 ], [ 88.1798866, 26.4876431 ], [ 88.1817997, 26.4925253 ], [ 88.1788517, 26.4946023 ], [ 88.1797016, 26.4995842 ], [ 88.183584, 26.500413 ], [ 88.1851106, 26.5040489 ], [ 88.191132, 26.5085321 ], [ 88.1912842, 26.5115285 ], [ 88.1951019, 26.5141378 ], [ 88.1988442, 26.5126576 ], [ 88.2031633, 26.5131337 ], [ 88.2023319, 26.5151107 ], [ 88.204152, 26.5212879 ], [ 88.2060882, 26.5211107 ], [ 88.2087744, 26.5244126 ], [ 88.2296833, 26.5350447 ], [ 88.2293064, 26.5400632 ], [ 88.2255596, 26.5472097 ], [ 88.2256583, 26.5509733 ], [ 88.2280033, 26.5529527 ], [ 88.2254876, 26.5567452 ], [ 88.2187082, 26.5566596 ], [ 88.2109533, 26.56092 ], [ 88.2082157, 26.5500592 ], [ 88.2162381, 26.5486916 ], [ 88.2119046, 26.5444251 ], [ 88.2076505, 26.5453933 ], [ 88.2052458, 26.5434948 ], [ 88.2139797, 26.5415582 ], [ 88.2116103, 26.539944 ], [ 88.2039848, 26.5411263 ], [ 88.2013747, 26.5395392 ], [ 88.2021201, 26.5437537 ], [ 88.1962748, 26.5439192 ], [ 88.1954142, 26.5479631 ], [ 88.1793929, 26.5482542 ], [ 88.1756214, 26.5405297 ], [ 88.1762312, 26.5353713 ], [ 88.1727847, 26.5359727 ], [ 88.1678061, 26.5403898 ], [ 88.1665435, 26.5355269 ], [ 88.1563453, 26.530022 ], [ 88.1549903, 26.5298243 ], [ 88.1521639, 26.5322522 ], [ 88.1503458, 26.5318103 ], [ 88.1473754, 26.5226288 ], [ 88.1441933, 26.5224653 ], [ 88.1400366, 26.5242179 ], [ 88.1349815, 26.5233835 ], [ 88.1337673, 26.5168407 ], [ 88.1327971, 26.5164395 ], [ 88.1296112, 26.5160758 ], [ 88.1250289, 26.5207467 ], [ 88.1238628, 26.524098 ], [ 88.1172657, 26.5276087 ], [ 88.1179729, 26.5301946 ], [ 88.1169693, 26.5327307 ], [ 88.1145461, 26.5329878 ], [ 88.1117318, 26.5311869 ], [ 88.1100253, 26.5360606 ], [ 88.1034925, 26.5385237 ], [ 88.1033949, 26.5397305 ], [ 88.1115608, 26.5451154 ], [ 88.1076304, 26.5506335 ], [ 88.105324, 26.5507823 ], [ 88.1054614, 26.561054 ], [ 88.1076501, 26.560452 ], [ 88.1095348, 26.5571225 ], [ 88.1121163, 26.5572641 ], [ 88.1135062, 26.5586885 ], [ 88.1107301, 26.5620562 ], [ 88.1151073, 26.5654563 ], [ 88.1143851, 26.5669156 ], [ 88.1117777, 26.5649613 ], [ 88.1127495, 26.5667353 ], [ 88.1113159, 26.5686926 ], [ 88.1125781, 26.5718091 ], [ 88.1140584, 26.5726252 ], [ 88.1146308, 26.5705387 ], [ 88.1190915, 26.5683048 ], [ 88.117759, 26.574544 ], [ 88.1208486, 26.5759739 ], [ 88.1236142, 26.5725881 ], [ 88.1253216, 26.5746364 ], [ 88.1231501, 26.5769815 ], [ 88.1250008, 26.5777382 ], [ 88.1272684, 26.576034 ], [ 88.128663, 26.5727262 ], [ 88.1303802, 26.5738342 ], [ 88.1300197, 26.5794912 ], [ 88.1273361, 26.5819374 ], [ 88.1300337, 26.5848814 ], [ 88.1294193, 26.5874923 ], [ 88.1318768, 26.5938129 ], [ 88.1317305, 26.598027 ], [ 88.1299146, 26.6013015 ], [ 88.1352726, 26.6055845 ], [ 88.139213, 26.6067472 ], [ 88.1420985, 26.6257547 ], [ 88.1470034, 26.6295742 ], [ 88.1544452, 26.6303825 ], [ 88.1572107, 26.6327243 ], [ 88.1580505, 26.6358082 ], [ 88.1602994, 26.6364391 ], [ 88.1580625, 26.6401944 ], [ 88.1629667, 26.6459711 ], [ 88.1649407, 26.6697805 ], [ 88.1641407, 26.6784746 ], [ 88.1677546, 26.6839631 ], [ 88.1672399, 26.699128 ], [ 88.1728858, 26.7081835 ], [ 88.1764106, 26.7105892 ], [ 88.181721, 26.7197546 ], [ 88.1823835, 26.7275407 ], [ 88.1861602, 26.738906 ], [ 88.1871726, 26.7505982 ], [ 88.1861014, 26.7568394 ], [ 88.187708, 26.7621505 ], [ 88.1878516, 26.7718059 ], [ 88.1829425, 26.782143 ], [ 88.180985, 26.7961363 ], [ 88.1787241, 26.7988583 ], [ 88.1771736, 26.8047681 ], [ 88.1789749, 26.8162294 ], [ 88.1718732, 26.8273336 ], [ 88.1736776, 26.8340356 ], [ 88.1677603, 26.8375057 ], [ 88.1684427, 26.8415906 ], [ 88.1705616, 26.8447881 ], [ 88.1676858, 26.8475172 ], [ 88.1676174, 26.8497402 ], [ 88.1747955, 26.8531496 ], [ 88.173538, 26.8554502 ], [ 88.1744608, 26.859384 ], [ 88.1721898, 26.8608 ], [ 88.1739663, 26.8653168 ], [ 88.1726554, 26.8658084 ], [ 88.1718387, 26.8692859 ], [ 88.1668514, 26.8701898 ], [ 88.1622371, 26.8803484 ], [ 88.1576069, 26.8831371 ], [ 88.1572505, 26.8851161 ], [ 88.1526381, 26.885073 ], [ 88.1459885, 26.8892356 ], [ 88.1452316, 26.8907844 ], [ 88.1425614, 26.8917223 ], [ 88.1387246, 26.897398 ], [ 88.1363576, 26.8985201 ], [ 88.1366203, 26.9005993 ], [ 88.1387795, 26.9016663 ], [ 88.1389727, 26.9053965 ], [ 88.1447653, 26.9148559 ], [ 88.1438413, 26.9172814 ], [ 88.1450413, 26.9195503 ], [ 88.1447039, 26.922478 ], [ 88.1392263, 26.9287856 ], [ 88.1374525, 26.9336592 ], [ 88.1321999, 26.9381596 ], [ 88.1289542, 26.9391806 ], [ 88.1201347, 26.9507077 ], [ 88.1211735, 26.9564684 ], [ 88.1234284, 26.9600955 ], [ 88.1224534, 26.9658842 ], [ 88.1249786, 26.9689617 ], [ 88.1243919, 26.9717363 ], [ 88.1308317, 26.9808438 ], [ 88.1345401, 26.9837338 ], [ 88.1344041, 26.9862399 ], [ 88.1283876, 26.9876786 ], [ 88.1173935, 26.9875466 ], [ 88.1092495, 26.992282 ], [ 88.1088613, 26.9949029 ], [ 88.1041455, 26.9976493 ], [ 88.0988827, 27.0039573 ], [ 88.0921428, 27.0046956 ], [ 88.0883883, 27.0082884 ], [ 88.0877249, 27.0115389 ], [ 88.088952, 27.0128605 ], [ 88.088794, 27.0158081 ], [ 88.0840839, 27.0223522 ], [ 88.0830865, 27.0291439 ], [ 88.0774543, 27.0354156 ], [ 88.0731991, 27.0342622 ], [ 88.0699949, 27.031712 ], [ 88.0647265, 27.0314678 ], [ 88.0599035, 27.0296418 ], [ 88.0577487, 27.0320827 ], [ 88.0519321, 27.0333392 ], [ 88.0456242, 27.0368313 ], [ 88.0378452, 27.036323 ], [ 88.0348123, 27.04349 ], [ 88.0303571, 27.0467721 ], [ 88.026043, 27.0537065 ], [ 88.0258506, 27.0576771 ], [ 88.0231491, 27.061107 ], [ 88.021204, 27.0686096 ], [ 88.0181552, 27.0702942 ], [ 88.0160762, 27.0736822 ], [ 88.0158549, 27.0769711 ], [ 88.0206451, 27.0829182 ], [ 88.0209437, 27.0877611 ], [ 88.0152772, 27.0889497 ], [ 88.0114398, 27.0971785 ], [ 88.0085737, 27.0984142 ], [ 88.0077088, 27.1009093 ], [ 88.0025863, 27.1045931 ], [ 87.9952733, 27.1035283 ], [ 87.9909038, 27.1057338 ], [ 87.9915088, 27.1102645 ], [ 87.9898235, 27.1113314 ], [ 87.9883866, 27.1183126 ], [ 87.9868305, 27.1190364 ], [ 87.9889557, 27.1207238 ], [ 87.9886794, 27.1231825 ], [ 87.9905292, 27.1253021 ], [ 87.9913271, 27.1304958 ], [ 87.9999443, 27.1346828 ], [ 87.9991326, 27.1364774 ], [ 88.0008036, 27.1403268 ], [ 88.0047889, 27.1430378 ], [ 88.0072935, 27.1432871 ], [ 88.0099821, 27.1546848 ], [ 88.0093636, 27.1570669 ], [ 88.0113206, 27.1590687 ], [ 88.0115679, 27.1663273 ], [ 88.0145462, 27.1671293 ], [ 88.019106, 27.171387 ], [ 88.0124375, 27.1778704 ], [ 88.0134198, 27.1790164 ], [ 88.0125515, 27.1805971 ], [ 88.0131405, 27.1878125 ], [ 88.0159863, 27.1935883 ], [ 88.015306, 27.2000005 ], [ 88.0116416, 27.2034468 ], [ 88.015382, 27.2097009 ], [ 88.0142566, 27.2129144 ], [ 88.0267299, 27.2206662 ], [ 88.0343715, 27.2210369 ] ] ] ] } }
]
}
