{
"type": "FeatureCollection",
"name": "20",
"crs": { "type": "name", "properties": { "name": "urn:ogc:def:crs:OGC:1.3:CRS84" } },
"features": [
{ "type": "Feature", "properties": { "code": "20", "name": "JHARKHAND", "type": "state" }, "geometry": { "type": "Polygon", "coordinates": [ [ [ 87.5845162, 25.3334829 ], [ 87.5840998, 25.3314381 ], [ 87.5934929, 25.3251349 ], [ 87.5922768, 25.3223995 ], [ 87.5975265, 25.3196112 ], [ 87.5995427, 25.3198236 ], [ 87.6044647, 25.3154508 ], [ 87.6119682, 25.3126577 ], [ 87.6133086, 25.3154698 ], [ 87.61743, 25.3181015 ], [ 87.6269941, 25.3116337 ], [ 87.6304356, 25.3196949 ], [ 87.6358779, 25.3158174 ], [ 87.6352371, 25.3138902 ], [ 87.6366722, 25.3131363 ], [ 87.6378194, 25.3147882 ], [ 87.6550139, 25.3075684 ], [ 87.6568166, 25.3086964 ], [ 87.6636836, 25.3080719 ], [ 87.6636249, 25.3107124 ], [ 87.6646728, 25.3112447 ], [ 87.6656454, 25.3091457 ], [ 87.6667383, 25.3107748 ], [ 87.6687435, 25.3084226 ], [ 87.6751584, 25.3070349 ], [ 87.6755025, 25.3105373 ], [ 87.6731745, 25.3128581 ], [ 87.6919861, 25.3115383 ], [ 87.686848, 25.3091834 ], [ 87.6843059, 25.3096539 ], [ 87.6847813, 25.3068688 ], [ 87.6954021, 25.3066835 ], [ 87.698618, 25.3039558 ], [ 87.6953982, 25.3000441 ], [ 87.6996764, 25.2971037 ], [ 87.6963182, 25.2939367 ], [ 87.6930911, 25.2851096 ], [ 87.7115218, 25.2745924 ], [ 87.7112319, 25.2577162 ], [ 87.7173755, 25.2561865 ], [ 87.7646186, 25.2514597 ], [ 87.7732063, 25.247136 ], [ 87.7866353, 25.2473887 ], [ 87.7896087, 25.2410859 ], [ 87.7908044, 25.2344245 ], [ 87.7891324, 25.2001279 ], [ 87.7877794, 25.1913029 ], [ 87.7826218, 25.1764317 ], [ 87.7743951, 25.1440543 ], [ 87.7735082, 25.1254753 ], [ 87.7743644, 25.1213639 ], [ 87.7790277, 25.117702 ], [ 87.7896664, 25.1044203 ], [ 87.7929046, 25.0953496 ], [ 87.8023747, 25.0828877 ], [ 87.8057904, 25.0726523 ], [ 87.834002, 25.0652605 ], [ 87.8487065, 25.0594277 ], [ 87.8572751, 25.0546309 ], [ 87.8730429, 25.0377507 ], [ 87.8886178, 25.0176506 ], [ 87.8993604, 25.0067847 ], [ 87.9059276, 25.0038947 ], [ 87.9227324, 25.000584 ], [ 87.9405383, 24.9908548 ], [ 87.9448236, 24.9841365 ], [ 87.953263, 24.9770818 ], [ 87.9577504, 24.970891 ], [ 87.9589501, 24.9507995 ], [ 87.9627974, 24.9370573 ], [ 87.9619029, 24.9321558 ], [ 87.9596237, 24.9290064 ], [ 87.9608268, 24.9220771 ], [ 87.9550349, 24.9133325 ], [ 87.952928, 24.9077635 ], [ 87.9397085, 24.8981417 ], [ 87.933244, 24.8955578 ], [ 87.9167015, 24.8845404 ], [ 87.9100532, 24.874729 ], [ 87.8972703, 24.8616458 ], [ 87.8966662, 24.8577684 ], [ 87.8913278, 24.8560357 ], [ 87.8938599, 24.8497386 ], [ 87.8965361, 24.8492914 ], [ 87.8987515, 24.8446147 ], [ 87.8988689, 24.8370766 ], [ 87.896074, 24.8360252 ], [ 87.8970533, 24.8352126 ], [ 87.8960435, 24.8307034 ], [ 87.8977692, 24.8276834 ], [ 87.901365, 24.8274977 ], [ 87.9002712, 24.824099 ], [ 87.8961857, 24.8228628 ], [ 87.8912402, 24.826989 ], [ 87.88802, 24.822981 ], [ 87.8857746, 24.8236672 ], [ 87.8868705, 24.8252989 ], [ 87.8861459, 24.8281585 ], [ 87.8843947, 24.8232204 ], [ 87.8826092, 24.8232701 ], [ 87.8850528, 24.8284204 ], [ 87.882753, 24.8295264 ], [ 87.881259, 24.8241369 ], [ 87.8798198, 24.8241505 ], [ 87.87933, 24.8224939 ], [ 87.8750716, 24.8223901 ], [ 87.8750716, 24.8257529 ], [ 87.872371, 24.8247554 ], [ 87.8705311, 24.8262945 ], [ 87.8691215, 24.8246378 ], [ 87.8701852, 24.8203045 ], [ 87.8743842, 24.8180071 ], [ 87.8744139, 24.813737 ], [ 87.8754822, 24.8130509 ], [ 87.8746168, 24.8084016 ], [ 87.8807143, 24.8079953 ], [ 87.8816044, 24.8053682 ], [ 87.8807437, 24.7983357 ], [ 87.8783849, 24.7960245 ], [ 87.8792206, 24.7917047 ], [ 87.8783007, 24.7897366 ], [ 87.8744489, 24.790829 ], [ 87.875512, 24.7941648 ], [ 87.8738703, 24.7955822 ], [ 87.8697563, 24.7939119 ], [ 87.8708789, 24.7908921 ], [ 87.8686391, 24.7886486 ], [ 87.8686641, 24.7835975 ], [ 87.866845, 24.779535 ], [ 87.8701378, 24.7786549 ], [ 87.8692332, 24.7750256 ], [ 87.865911, 24.7734682 ], [ 87.8654218, 24.7717122 ], [ 87.8620054, 24.772538 ], [ 87.8638794, 24.7703579 ], [ 87.8611801, 24.7694007 ], [ 87.8594305, 24.766137 ], [ 87.8522827, 24.7619877 ], [ 87.847947, 24.763454 ], [ 87.8432641, 24.7685898 ], [ 87.8381673, 24.7680425 ], [ 87.8374016, 24.7657853 ], [ 87.8361254, 24.7681999 ], [ 87.8359788, 24.7783245 ], [ 87.8402358, 24.7778336 ], [ 87.8421025, 24.7857018 ], [ 87.8407723, 24.786374 ], [ 87.840712, 24.7894074 ], [ 87.836237, 24.7902097 ], [ 87.8349323, 24.7882639 ], [ 87.8332015, 24.7886561 ], [ 87.8322974, 24.7865162 ], [ 87.8301478, 24.7700127 ], [ 87.8288132, 24.7691276 ], [ 87.8292673, 24.7712809 ], [ 87.8279865, 24.7721878 ], [ 87.8270234, 24.7698808 ], [ 87.8232264, 24.7700602 ], [ 87.8163941, 24.7596891 ], [ 87.816563, 24.7580596 ], [ 87.8229066, 24.754812 ], [ 87.829407, 24.7545795 ], [ 87.8313058, 24.7528422 ], [ 87.8322058, 24.7488266 ], [ 87.8345502, 24.748922 ], [ 87.8410903, 24.7435527 ], [ 87.8430196, 24.7400244 ], [ 87.8488747, 24.7401946 ], [ 87.8599314, 24.7339319 ], [ 87.8635275, 24.7341957 ], [ 87.8656087, 24.7320254 ], [ 87.8675085, 24.7329355 ], [ 87.8741274, 24.7320798 ], [ 87.8793915, 24.7403528 ], [ 87.8785512, 24.7417891 ], [ 87.8830175, 24.7413248 ], [ 87.8854532, 24.7396804 ], [ 87.8851015, 24.7367927 ], [ 87.8873543, 24.7365491 ], [ 87.8888023, 24.7343822 ], [ 87.8882493, 24.7289128 ], [ 87.8902002, 24.727953 ], [ 87.8900077, 24.7252224 ], [ 87.8988618, 24.7238601 ], [ 87.9045872, 24.7253293 ], [ 87.9044942, 24.722381 ], [ 87.9083519, 24.7216175 ], [ 87.9063513, 24.7197738 ], [ 87.907236, 24.7149732 ], [ 87.9032791, 24.7146449 ], [ 87.9006449, 24.7112832 ], [ 87.8999189, 24.7051783 ], [ 87.9029238, 24.7051422 ], [ 87.9011393, 24.6941219 ], [ 87.8976695, 24.6878798 ], [ 87.8941445, 24.6870068 ], [ 87.8877491, 24.6799872 ], [ 87.89071, 24.6752105 ], [ 87.897115, 24.6725489 ], [ 87.9047834, 24.6724352 ], [ 87.9090056, 24.6699985 ], [ 87.9084366, 24.6671708 ], [ 87.916609, 24.665753 ], [ 87.9173365, 24.6618518 ], [ 87.9162975, 24.658291 ], [ 87.9108667, 24.6534203 ], [ 87.9141417, 24.6377095 ], [ 87.9112684, 24.6379708 ], [ 87.9099314, 24.6313954 ], [ 87.904542, 24.6313963 ], [ 87.9004383, 24.6336516 ], [ 87.8954348, 24.6330493 ], [ 87.8918459, 24.6341001 ], [ 87.8879168, 24.630344 ], [ 87.8886393, 24.6263436 ], [ 87.8974415, 24.6255959 ], [ 87.9003163, 24.6255923 ], [ 87.9015407, 24.6275672 ], [ 87.9057716, 24.6292757 ], [ 87.9060343, 24.6150055 ], [ 87.8926533, 24.6135412 ], [ 87.8868397, 24.6170208 ], [ 87.8817018, 24.6168794 ], [ 87.8781102, 24.6181918 ], [ 87.8758323, 24.6152294 ], [ 87.8783737, 24.6120629 ], [ 87.8803872, 24.6132477 ], [ 87.8811714, 24.6116717 ], [ 87.8835449, 24.6120642 ], [ 87.8872981, 24.6077795 ], [ 87.8934703, 24.6054808 ], [ 87.8916752, 24.6086387 ], [ 87.8925375, 24.6097489 ], [ 87.9107675, 24.6104344 ], [ 87.9112921, 24.6010346 ], [ 87.9131804, 24.5999079 ], [ 87.9118178, 24.5979339 ], [ 87.9140455, 24.5966244 ], [ 87.9132768, 24.5934638 ], [ 87.908276, 24.5889199 ], [ 87.9010992, 24.589383 ], [ 87.8977438, 24.5849057 ], [ 87.8919315, 24.5841816 ], [ 87.891713, 24.5686588 ], [ 87.8892682, 24.5650519 ], [ 87.8692239, 24.5645005 ], [ 87.8693777, 24.5560196 ], [ 87.8608676, 24.5569264 ], [ 87.8605055, 24.558834 ], [ 87.8589269, 24.5575832 ], [ 87.8564372, 24.5580986 ], [ 87.8523544, 24.5617702 ], [ 87.8532843, 24.5576378 ], [ 87.8494078, 24.5538351 ], [ 87.8479204, 24.5572978 ], [ 87.8440506, 24.5574279 ], [ 87.8408228, 24.559794 ], [ 87.8328329, 24.5580593 ], [ 87.8262956, 24.5587229 ], [ 87.8238815, 24.5640193 ], [ 87.8253418, 24.5691318 ], [ 87.8169608, 24.573386 ], [ 87.8121799, 24.5785595 ], [ 87.7960075, 24.5807636 ], [ 87.7921266, 24.5831908 ], [ 87.7712177, 24.5830194 ], [ 87.7714447, 24.5757437 ], [ 87.770188, 24.5704895 ], [ 87.7756438, 24.5712382 ], [ 87.7783732, 24.5734593 ], [ 87.7868585, 24.5714645 ], [ 87.792459, 24.571661 ], [ 87.7949639, 24.5695481 ], [ 87.796042, 24.5659074 ], [ 87.7996152, 24.5649086 ], [ 87.7999285, 24.5613667 ], [ 87.8024535, 24.561692 ], [ 87.8038802, 24.5547034 ], [ 87.8061466, 24.552438 ], [ 87.8053906, 24.5515616 ], [ 87.8085881, 24.5466948 ], [ 87.808092, 24.5447738 ], [ 87.8050421, 24.5433587 ], [ 87.8047019, 24.5418839 ], [ 87.7995677, 24.5433878 ], [ 87.797564, 24.5387971 ], [ 87.8004177, 24.5334175 ], [ 87.7992274, 24.5247314 ], [ 87.8021629, 24.5237541 ], [ 87.8042416, 24.5192274 ], [ 87.8019365, 24.5122 ], [ 87.7980719, 24.5113715 ], [ 87.7983538, 24.5087327 ], [ 87.8023991, 24.5073298 ], [ 87.8008206, 24.5058841 ], [ 87.8015318, 24.5044083 ], [ 87.7960006, 24.5045595 ], [ 87.7941433, 24.5011374 ], [ 87.7966263, 24.5012688 ], [ 87.7957889, 24.4998068 ], [ 87.7985088, 24.4970501 ], [ 87.7986583, 24.4944862 ], [ 87.8012634, 24.4937201 ], [ 87.8056381, 24.5006114 ], [ 87.8031205, 24.5020247 ], [ 87.8045315, 24.5027442 ], [ 87.802622, 24.5082317 ], [ 87.8045889, 24.5086592 ], [ 87.8045839, 24.5109667 ], [ 87.8093395, 24.5145176 ], [ 87.8116969, 24.5127168 ], [ 87.8113822, 24.5090518 ], [ 87.8142876, 24.5088375 ], [ 87.8134804, 24.5053378 ], [ 87.8172301, 24.5006123 ], [ 87.812542, 24.499711 ], [ 87.8134085, 24.4973911 ], [ 87.8119073, 24.4966505 ], [ 87.811568, 24.494926 ], [ 87.812933, 24.493653 ], [ 87.8113084, 24.4935866 ], [ 87.8116833, 24.4907683 ], [ 87.812847, 24.491649 ], [ 87.8162264, 24.4909372 ], [ 87.8171185, 24.492549 ], [ 87.8231258, 24.4946097 ], [ 87.8214133, 24.4965005 ], [ 87.8238367, 24.500441 ], [ 87.828151, 24.4986154 ], [ 87.8257567, 24.4906247 ], [ 87.8244298, 24.4906016 ], [ 87.8273995, 24.4903092 ], [ 87.8272865, 24.4892665 ], [ 87.822719, 24.4884478 ], [ 87.8166164, 24.4901474 ], [ 87.8145602, 24.4886433 ], [ 87.8107042, 24.4763634 ], [ 87.8143845, 24.4746947 ], [ 87.8183549, 24.4748092 ], [ 87.818652, 24.4722588 ], [ 87.8226722, 24.4710325 ], [ 87.8211944, 24.466694 ], [ 87.8239816, 24.4651691 ], [ 87.8229272, 24.4627944 ], [ 87.824644, 24.4614769 ], [ 87.8237724, 24.4584566 ], [ 87.8189347, 24.4579944 ], [ 87.8197795, 24.4545325 ], [ 87.8132048, 24.4567056 ], [ 87.8135461, 24.4546247 ], [ 87.8107835, 24.456506 ], [ 87.8099855, 24.4548941 ], [ 87.8066517, 24.4552988 ], [ 87.8031362, 24.4540016 ], [ 87.8000146, 24.4459109 ], [ 87.8039422, 24.4416108 ], [ 87.8008164, 24.4409186 ], [ 87.8007742, 24.4373345 ], [ 87.7945617, 24.4363908 ], [ 87.7961161, 24.4350163 ], [ 87.7933573, 24.43139 ], [ 87.7941868, 24.4296118 ], [ 87.7922405, 24.4277419 ], [ 87.7941544, 24.4262534 ], [ 87.7954888, 24.4214285 ], [ 87.7897949, 24.4206624 ], [ 87.7888314, 24.4165496 ], [ 87.7885322, 24.4144999 ], [ 87.7915641, 24.4143347 ], [ 87.7933105, 24.4124713 ], [ 87.7927076, 24.4147687 ], [ 87.7970309, 24.4122057 ], [ 87.7995518, 24.4122128 ], [ 87.7998987, 24.409184 ], [ 87.8043728, 24.4126981 ], [ 87.806316, 24.4201429 ], [ 87.8112769, 24.4178338 ], [ 87.8109332, 24.4150891 ], [ 87.8125853, 24.4139116 ], [ 87.8125863, 24.4118803 ], [ 87.8098092, 24.4057489 ], [ 87.8084783, 24.4053872 ], [ 87.8095768, 24.4070127 ], [ 87.8070775, 24.4070116 ], [ 87.8023539, 24.4003104 ], [ 87.7969108, 24.402181 ], [ 87.7939501, 24.3992859 ], [ 87.79407, 24.3968393 ], [ 87.7993508, 24.3942104 ], [ 87.799355, 24.3871638 ], [ 87.8011028, 24.3822172 ], [ 87.7938226, 24.383071 ], [ 87.7859662, 24.3624911 ], [ 87.7836946, 24.3624266 ], [ 87.7798439, 24.3584201 ], [ 87.7727651, 24.3497708 ], [ 87.7712321, 24.3444386 ], [ 87.768182, 24.3447207 ], [ 87.7644026, 24.3393282 ], [ 87.7625725, 24.3307859 ], [ 87.7690189, 24.3279242 ], [ 87.7706298, 24.3221427 ], [ 87.7644322, 24.3224497 ], [ 87.7629653, 24.3213065 ], [ 87.7629944, 24.3162461 ], [ 87.761598, 24.3132928 ], [ 87.7630169, 24.3129779 ], [ 87.7616024, 24.3084671 ], [ 87.7548573, 24.3102541 ], [ 87.7517873, 24.3064055 ], [ 87.7482133, 24.3043531 ], [ 87.7461325, 24.3012297 ], [ 87.7474162, 24.299238 ], [ 87.7431485, 24.2967765 ], [ 87.7375725, 24.2961126 ], [ 87.7386054, 24.2944867 ], [ 87.7322643, 24.2917105 ], [ 87.7293017, 24.2884217 ], [ 87.7136738, 24.2943992 ], [ 87.7127358, 24.2910548 ], [ 87.7132974, 24.2840349 ], [ 87.7096756, 24.280895 ], [ 87.7070081, 24.2757774 ], [ 87.7092947, 24.2706345 ], [ 87.7058912, 24.2614364 ], [ 87.7039903, 24.2609859 ], [ 87.7001949, 24.2626806 ], [ 87.6973867, 24.2599147 ], [ 87.6903593, 24.2578504 ], [ 87.6891999, 24.2532599 ], [ 87.6866583, 24.2509 ], [ 87.6875374, 24.2464395 ], [ 87.6762688, 24.248967 ], [ 87.6739002, 24.2480243 ], [ 87.6723379, 24.2435828 ], [ 87.6639148, 24.2456571 ], [ 87.6622013, 24.2449217 ], [ 87.6627706, 24.2384256 ], [ 87.6591663, 24.2361196 ], [ 87.6546574, 24.2385312 ], [ 87.648289, 24.2506348 ], [ 87.6387771, 24.2543828 ], [ 87.6407065, 24.2484328 ], [ 87.6343746, 24.2416529 ], [ 87.6336506, 24.2365338 ], [ 87.6439542, 24.2354676 ], [ 87.6466267, 24.2315264 ], [ 87.6447854, 24.2293959 ], [ 87.6464978, 24.2254863 ], [ 87.6377596, 24.2172398 ], [ 87.6386059, 24.2139894 ], [ 87.6543356, 24.2077261 ], [ 87.657993, 24.2097929 ], [ 87.667142, 24.2067029 ], [ 87.6694367, 24.2101242 ], [ 87.6755836, 24.2083347 ], [ 87.6758906, 24.2002217 ], [ 87.6772779, 24.1986014 ], [ 87.6763457, 24.1937308 ], [ 87.6821573, 24.1925055 ], [ 87.6862701, 24.1894297 ], [ 87.6986066, 24.1878127 ], [ 87.6986666, 24.1808021 ], [ 87.7023671, 24.1807551 ], [ 87.7029025, 24.1791974 ], [ 87.6968136, 24.1666281 ], [ 87.6957854, 24.1620324 ], [ 87.6969866, 24.1592473 ], [ 87.6944234, 24.1502424 ], [ 87.6888452, 24.1517391 ], [ 87.6848101, 24.1498221 ], [ 87.6822377, 24.1509562 ], [ 87.6787288, 24.1480772 ], [ 87.6755866, 24.1518613 ], [ 87.6731605, 24.151759 ], [ 87.6684194, 24.154572 ], [ 87.6673415, 24.1529787 ], [ 87.6643172, 24.1575886 ], [ 87.6599188, 24.1575896 ], [ 87.6575476, 24.1589038 ], [ 87.6567892, 24.1560058 ], [ 87.6531294, 24.1587196 ], [ 87.6518696, 24.157704 ], [ 87.6536161, 24.1571033 ], [ 87.652996, 24.1559794 ], [ 87.6422013, 24.1530511 ], [ 87.6400814, 24.1572315 ], [ 87.6327065, 24.1596923 ], [ 87.6315751, 24.1642698 ], [ 87.6243768, 24.1651908 ], [ 87.6222168, 24.1633805 ], [ 87.6152791, 24.1661249 ], [ 87.6133358, 24.1644363 ], [ 87.6082974, 24.1657811 ], [ 87.6065952, 24.1641513 ], [ 87.6063694, 24.1606391 ], [ 87.5973854, 24.1604029 ], [ 87.5954565, 24.1613821 ], [ 87.5927212, 24.160262 ], [ 87.5873531, 24.1615473 ], [ 87.5850051, 24.1644855 ], [ 87.5814043, 24.1624801 ], [ 87.581548, 24.1592931 ], [ 87.5761452, 24.1612822 ], [ 87.5743202, 24.1601846 ], [ 87.5771113, 24.1565289 ], [ 87.5938763, 24.1453426 ], [ 87.5944575, 24.1422955 ], [ 87.604957, 24.1329212 ], [ 87.6102302, 24.1325337 ], [ 87.6023314, 24.1271109 ], [ 87.5980223, 24.1281078 ], [ 87.595642, 24.126234 ], [ 87.5910083, 24.1270139 ], [ 87.5870153, 24.1237356 ], [ 87.582597, 24.1131212 ], [ 87.5765971, 24.1122572 ], [ 87.5762734, 24.109878 ], [ 87.5742037, 24.1079859 ], [ 87.5751104, 24.1033906 ], [ 87.5743445, 24.1002032 ], [ 87.5802213, 24.0863688 ], [ 87.5709072, 24.0883836 ], [ 87.5683662, 24.0855657 ], [ 87.56253, 24.0845973 ], [ 87.5599203, 24.0819689 ], [ 87.5574559, 24.0836696 ], [ 87.5561065, 24.0875739 ], [ 87.5539225, 24.0887917 ], [ 87.5466421, 24.085416 ], [ 87.543057, 24.0860912 ], [ 87.5423653, 24.091201 ], [ 87.5353792, 24.0958242 ], [ 87.5330995, 24.0997999 ], [ 87.5333304, 24.106901 ], [ 87.5321933, 24.108354 ], [ 87.5270799, 24.106554 ], [ 87.5219102, 24.1136741 ], [ 87.516116, 24.1142118 ], [ 87.5131818, 24.1119841 ], [ 87.5110964, 24.1120006 ], [ 87.5043859, 24.1141757 ], [ 87.5038582, 24.1156876 ], [ 87.4976167, 24.1189733 ], [ 87.4957617, 24.1127946 ], [ 87.5004141, 24.1018395 ], [ 87.4975625, 24.097878 ], [ 87.4957735, 24.0990034 ], [ 87.4967077, 24.0935765 ], [ 87.4922478, 24.0938147 ], [ 87.48983, 24.0901148 ], [ 87.4973888, 24.0856579 ], [ 87.5083174, 24.0854272 ], [ 87.5107494, 24.0822466 ], [ 87.5068574, 24.0797245 ], [ 87.5060843, 24.0755888 ], [ 87.5025853, 24.0737894 ], [ 87.4982706, 24.0765305 ], [ 87.4927242, 24.0768993 ], [ 87.4906142, 24.0705943 ], [ 87.4943183, 24.0672148 ], [ 87.4998522, 24.0651627 ], [ 87.498731, 24.061526 ], [ 87.4952753, 24.059946 ], [ 87.4953956, 24.057129 ], [ 87.4935051, 24.0541645 ], [ 87.4975581, 24.0513716 ], [ 87.5014914, 24.0508196 ], [ 87.5093898, 24.0469525 ], [ 87.5119805, 24.0358357 ], [ 87.503589, 24.031834 ], [ 87.5029278, 24.0261261 ], [ 87.4968753, 24.0254462 ], [ 87.4914825, 24.0186156 ], [ 87.4822016, 24.0161846 ], [ 87.4761291, 24.0122702 ], [ 87.472348, 24.01634 ], [ 87.4688914, 24.0140488 ], [ 87.4616518, 24.0132405 ], [ 87.4593604, 24.0188215 ], [ 87.4582876, 24.0166867 ], [ 87.4522967, 24.0165409 ], [ 87.4522532, 24.0177958 ], [ 87.4508871, 24.0180177 ], [ 87.4465054, 24.0139611 ], [ 87.4445309, 24.0151045 ], [ 87.4383379, 24.0135542 ], [ 87.4386993, 24.0089358 ], [ 87.4402278, 24.0091202 ], [ 87.4413936, 24.0113724 ], [ 87.4487553, 24.0113691 ], [ 87.4493534, 24.0087821 ], [ 87.4438435, 24.0069744 ], [ 87.4452138, 24.0054208 ], [ 87.4452513, 24.0020215 ], [ 87.4486277, 24.0029815 ], [ 87.4555019, 24.0019082 ], [ 87.4558643, 23.9999071 ], [ 87.4616938, 23.994866 ], [ 87.4621716, 23.9890692 ], [ 87.4603943, 23.9838291 ], [ 87.449499, 23.9879608 ], [ 87.4489374, 23.9856045 ], [ 87.4457172, 23.9820893 ], [ 87.4443223, 23.9827671 ], [ 87.4405432, 23.9812519 ], [ 87.4367653, 23.9821157 ], [ 87.4292154, 23.9864523 ], [ 87.4277192, 23.9923486 ], [ 87.4232335, 23.9937043 ], [ 87.4214051, 23.9923053 ], [ 87.4203687, 23.9934252 ], [ 87.4165652, 23.9926543 ], [ 87.4131164, 23.9947724 ], [ 87.4030045, 23.9975057 ], [ 87.3946222, 24.0027491 ], [ 87.3801503, 24.0040774 ], [ 87.3791037, 24.0065151 ], [ 87.3751231, 24.0089529 ], [ 87.3604239, 24.0130918 ], [ 87.3581341, 24.011832 ], [ 87.3570095, 24.0061076 ], [ 87.3519934, 23.9991809 ], [ 87.3420084, 23.998899 ], [ 87.3376741, 24.0000176 ], [ 87.3281661, 23.9986651 ], [ 87.3220267, 24.003052 ], [ 87.3191741, 24.0084817 ], [ 87.3236308, 24.0098873 ], [ 87.3231924, 24.0126364 ], [ 87.3276917, 24.0185472 ], [ 87.3358002, 24.0206804 ], [ 87.3362851, 24.0260345 ], [ 87.339578, 24.0265184 ], [ 87.337123, 24.0343095 ], [ 87.327013, 24.032862 ], [ 87.3157559, 24.0355575 ], [ 87.3073724, 24.0318251 ], [ 87.2925767, 24.0334428 ], [ 87.2901689, 24.0322949 ], [ 87.2899692, 24.0297848 ], [ 87.2874582, 24.0288625 ], [ 87.279818, 24.031774 ], [ 87.2788928, 24.0333264 ], [ 87.2755163, 24.032954 ], [ 87.2733519, 24.0352189 ], [ 87.2675988, 24.0377609 ], [ 87.2607274, 24.0373902 ], [ 87.253526, 24.0429598 ], [ 87.2453961, 24.0450648 ], [ 87.2412838, 24.0418853 ], [ 87.2404991, 24.0384008 ], [ 87.2344285, 24.0324914 ], [ 87.2352839, 24.0268524 ], [ 87.2328878, 24.0237437 ], [ 87.2350326, 24.0201849 ], [ 87.2445639, 24.0166386 ], [ 87.2409082, 24.0119103 ], [ 87.2505034, 23.9970364 ], [ 87.2534132, 23.9962352 ], [ 87.253435, 23.9992056 ], [ 87.2620308, 24.0032221 ], [ 87.2641558, 24.000608 ], [ 87.2652231, 23.9939374 ], [ 87.2676823, 23.9910364 ], [ 87.2680834, 23.9873258 ], [ 87.2669085, 23.9822102 ], [ 87.2632235, 23.9823024 ], [ 87.262625, 23.9812636 ], [ 87.260378, 23.972161 ], [ 87.2615317, 23.9675752 ], [ 87.2658713, 23.9656643 ], [ 87.2709347, 23.9674691 ], [ 87.2758735, 23.9654229 ], [ 87.2764746, 23.9633015 ], [ 87.2797572, 23.9619222 ], [ 87.2797877, 23.9605634 ], [ 87.28731, 23.9585862 ], [ 87.2932491, 23.9586347 ], [ 87.2936232, 23.9573212 ], [ 87.2897673, 23.9495046 ], [ 87.2908261, 23.9417052 ], [ 87.2841609, 23.9383057 ], [ 87.2840148, 23.9295702 ], [ 87.2882011, 23.9269001 ], [ 87.2835447, 23.9209068 ], [ 87.2874303, 23.9193426 ], [ 87.2916414, 23.9154039 ], [ 87.2906172, 23.9122478 ], [ 87.2912456, 23.9051018 ], [ 87.2950331, 23.902341 ], [ 87.2882204, 23.8985542 ], [ 87.291106, 23.893283 ], [ 87.2844954, 23.8889227 ], [ 87.285525, 23.8840387 ], [ 87.2837712, 23.8856268 ], [ 87.2834934, 23.8894548 ], [ 87.2814124, 23.8885101 ], [ 87.2754304, 23.8847502 ], [ 87.274932, 23.8817523 ], [ 87.2691496, 23.874584 ], [ 87.268397, 23.8764028 ], [ 87.2590486, 23.8831721 ], [ 87.2633843, 23.8824846 ], [ 87.2619784, 23.8844655 ], [ 87.2622546, 23.8885196 ], [ 87.2584396, 23.894092 ], [ 87.2588864, 23.8995367 ], [ 87.2545749, 23.8999713 ], [ 87.2587603, 23.9032926 ], [ 87.2582813, 23.9063124 ], [ 87.2521613, 23.9130341 ], [ 87.249703, 23.9102913 ], [ 87.2451232, 23.9082017 ], [ 87.2465547, 23.9056049 ], [ 87.2444016, 23.903092 ], [ 87.2454355, 23.8952812 ], [ 87.2429589, 23.8930304 ], [ 87.2440575, 23.8917295 ], [ 87.2425966, 23.888733 ], [ 87.2427447, 23.8841101 ], [ 87.2445741, 23.8821269 ], [ 87.2414859, 23.8764094 ], [ 87.2419045, 23.869682 ], [ 87.2487297, 23.8687428 ], [ 87.2487826, 23.8676097 ], [ 87.2450739, 23.8648633 ], [ 87.246476, 23.8628126 ], [ 87.2442892, 23.8602411 ], [ 87.244296, 23.8569411 ], [ 87.246645, 23.8544789 ], [ 87.2490596, 23.8555353 ], [ 87.2500003, 23.8500439 ], [ 87.2549387, 23.8470353 ], [ 87.2512883, 23.840509 ], [ 87.2476771, 23.8389616 ], [ 87.2489323, 23.8352518 ], [ 87.2443128, 23.8320483 ], [ 87.246403, 23.8315637 ], [ 87.2386986, 23.8264276 ], [ 87.230883, 23.8286767 ], [ 87.2304093, 23.8256479 ], [ 87.2279013, 23.8251077 ], [ 87.2247134, 23.8276379 ], [ 87.2174025, 23.8292631 ], [ 87.2165405, 23.8317059 ], [ 87.2223995, 23.837666 ], [ 87.2232104, 23.8456154 ], [ 87.2304795, 23.8459087 ], [ 87.2373238, 23.8544046 ], [ 87.2336839, 23.8571338 ], [ 87.223205, 23.8582423 ], [ 87.2212138, 23.860573 ], [ 87.2199019, 23.8587681 ], [ 87.2205827, 23.8567271 ], [ 87.2138834, 23.8505553 ], [ 87.2121968, 23.8535313 ], [ 87.2058128, 23.8563337 ], [ 87.2030736, 23.8477486 ], [ 87.2011265, 23.8501919 ], [ 87.1962719, 23.8496298 ], [ 87.1942081, 23.845184 ], [ 87.1885824, 23.8431548 ], [ 87.1878517, 23.844207 ], [ 87.1888985, 23.8472764 ], [ 87.1873336, 23.8487713 ], [ 87.1933088, 23.8525113 ], [ 87.1957657, 23.8574092 ], [ 87.1903662, 23.8574378 ], [ 87.1873435, 23.8595925 ], [ 87.1798989, 23.8519658 ], [ 87.1739264, 23.8547487 ], [ 87.1724847, 23.8586811 ], [ 87.165752, 23.864755 ], [ 87.1541182, 23.8654166 ], [ 87.151345, 23.8672635 ], [ 87.1483111, 23.8662527 ], [ 87.1407272, 23.8691338 ], [ 87.1330643, 23.8701907 ], [ 87.1315277, 23.8685881 ], [ 87.1293334, 23.8686288 ], [ 87.1294399, 23.8608075 ], [ 87.1303543, 23.860742 ], [ 87.1308155, 23.8565256 ], [ 87.1300203, 23.8539117 ], [ 87.1395568, 23.8484081 ], [ 87.1537179, 23.8294725 ], [ 87.1567366, 23.8315442 ], [ 87.1603141, 23.8311326 ], [ 87.1636114, 23.8291726 ], [ 87.1633113, 23.8265633 ], [ 87.1670157, 23.8245264 ], [ 87.1643836, 23.8181254 ], [ 87.1585874, 23.8145332 ], [ 87.1591073, 23.8131788 ], [ 87.1551703, 23.806286 ], [ 87.1549833, 23.8033697 ], [ 87.1528292, 23.8029051 ], [ 87.1504878, 23.7975648 ], [ 87.1441688, 23.7990464 ], [ 87.1398959, 23.8042294 ], [ 87.1313582, 23.7980045 ], [ 87.1234786, 23.7992551 ], [ 87.1217762, 23.7966547 ], [ 87.1109731, 23.8002855 ], [ 87.1105303, 23.8031638 ], [ 87.1126594, 23.8053625 ], [ 87.1184151, 23.8025053 ], [ 87.1188663, 23.8052411 ], [ 87.1164324, 23.8077013 ], [ 87.112453, 23.8088658 ], [ 87.108724, 23.8081656 ], [ 87.1073163, 23.8046577 ], [ 87.1039209, 23.8043954 ], [ 87.0974916, 23.8124933 ], [ 87.0918037, 23.8153678 ], [ 87.0889974, 23.8138052 ], [ 87.0867074, 23.8089696 ], [ 87.0813782, 23.8101193 ], [ 87.0734421, 23.8148616 ], [ 87.0652122, 23.816723 ], [ 87.0515902, 23.8253937 ], [ 87.0379678, 23.8392143 ], [ 87.0242316, 23.8444697 ], [ 87.0110019, 23.8525953 ], [ 86.9859556, 23.8595998 ], [ 86.9732392, 23.8687727 ], [ 86.9682851, 23.8674755 ], [ 86.9656569, 23.8647638 ], [ 86.9634743, 23.8527026 ], [ 86.9604086, 23.8482756 ], [ 86.9499872, 23.8459785 ], [ 86.9451532, 23.8468837 ], [ 86.9375717, 23.8504081 ], [ 86.9339657, 23.8539443 ], [ 86.933235, 23.8667205 ], [ 86.9310227, 23.870554 ], [ 86.9155578, 23.8824316 ], [ 86.9132793, 23.8807935 ], [ 86.9026062, 23.8809447 ], [ 86.8959192, 23.8782867 ], [ 86.8875332, 23.8684866 ], [ 86.8802432, 23.8623247 ], [ 86.8809205, 23.8603745 ], [ 86.8870119, 23.8564421 ], [ 86.8863484, 23.8456933 ], [ 86.8893564, 23.8392961 ], [ 86.8928163, 23.8372823 ], [ 86.8945669, 23.8263481 ], [ 86.8902968, 23.8205022 ], [ 86.8860227, 23.8212023 ], [ 86.8864598, 23.8256491 ], [ 86.8809441, 23.829008 ], [ 86.8795161, 23.8352607 ], [ 86.8799728, 23.8452782 ], [ 86.8742155, 23.8473097 ], [ 86.8636289, 23.8444606 ], [ 86.8626524, 23.8420137 ], [ 86.8637667, 23.8405736 ], [ 86.8622405, 23.8393004 ], [ 86.8612742, 23.8350477 ], [ 86.8550224, 23.8305596 ], [ 86.8528985, 23.8249523 ], [ 86.8480405, 23.8236513 ], [ 86.8387851, 23.8245883 ], [ 86.8400272, 23.8224804 ], [ 86.8369464, 23.8195362 ], [ 86.8265356, 23.8139398 ], [ 86.8204455, 23.8155493 ], [ 86.8197329, 23.8177205 ], [ 86.8155082, 23.8173578 ], [ 86.81295, 23.8207471 ], [ 86.8137872, 23.8247472 ], [ 86.8160296, 23.82501 ], [ 86.814776, 23.8299438 ], [ 86.8102583, 23.8352871 ], [ 86.8061299, 23.8373528 ], [ 86.8047608, 23.8368466 ], [ 86.7993456, 23.8318193 ], [ 86.8008877, 23.8298292 ], [ 86.8038864, 23.8296772 ], [ 86.8074773, 23.8228123 ], [ 86.8100887, 23.8214095 ], [ 86.8065185, 23.8079909 ], [ 86.8033575, 23.801299 ], [ 86.8050662, 23.798889 ], [ 86.8090752, 23.7980466 ], [ 86.81932, 23.7859294 ], [ 86.819839, 23.7882545 ], [ 86.8202137, 23.7839344 ], [ 86.8258533, 23.7766815 ], [ 86.828366, 23.7601953 ], [ 86.8279372, 23.7527012 ], [ 86.8260944, 23.7492133 ], [ 86.8135405, 23.7460531 ], [ 86.8122855, 23.7447614 ], [ 86.8079582, 23.7294644 ], [ 86.8081972, 23.7223902 ], [ 86.7992937, 23.7037004 ], [ 86.8002373, 23.6997506 ], [ 86.8058088, 23.6958572 ], [ 86.7990376, 23.6890325 ], [ 86.7889104, 23.6878308 ], [ 86.7707627, 23.6813862 ], [ 86.7473355, 23.6787866 ], [ 86.7443969, 23.681624 ], [ 86.7419094, 23.6902712 ], [ 86.7390596, 23.6942325 ], [ 86.7255566, 23.6984448 ], [ 86.7149477, 23.6988756 ], [ 86.7053326, 23.6971382 ], [ 86.6981534, 23.6936067 ], [ 86.6756047, 23.6870875 ], [ 86.6564268, 23.6842889 ], [ 86.6337935, 23.6751677 ], [ 86.622, 23.6744274 ], [ 86.6115691, 23.675587 ], [ 86.5975701, 23.6737566 ], [ 86.5960072, 23.6704788 ], [ 86.5989737, 23.6654953 ], [ 86.5808128, 23.6554822 ], [ 86.5744444, 23.6480492 ], [ 86.5566151, 23.6399385 ], [ 86.546502, 23.6376402 ], [ 86.5353974, 23.6312369 ], [ 86.5252012, 23.6301787 ], [ 86.5119059, 23.6317134 ], [ 86.4920323, 23.6382797 ], [ 86.4795539, 23.6355256 ], [ 86.470377, 23.6304976 ], [ 86.4645072, 23.6311648 ], [ 86.4618067, 23.6302995 ], [ 86.4569628, 23.62609 ], [ 86.4541709, 23.6195362 ], [ 86.4522647, 23.6190631 ], [ 86.4498011, 23.6207121 ], [ 86.446429, 23.6187182 ], [ 86.4457952, 23.6152874 ], [ 86.4488499, 23.6016971 ], [ 86.4470844, 23.5981359 ], [ 86.4361751, 23.5990253 ], [ 86.432935, 23.5944848 ], [ 86.4212256, 23.5901005 ], [ 86.4165928, 23.5783864 ], [ 86.4135602, 23.5757054 ], [ 86.4104451, 23.5758642 ], [ 86.4077077, 23.5787676 ], [ 86.4024664, 23.5771117 ], [ 86.3994592, 23.5785885 ], [ 86.3881589, 23.5739487 ], [ 86.3908275, 23.5667432 ], [ 86.3884469, 23.5636373 ], [ 86.3893821, 23.5611993 ], [ 86.3875944, 23.5595381 ], [ 86.3840095, 23.5591681 ], [ 86.3788524, 23.5513173 ], [ 86.3785633, 23.548753 ], [ 86.375395, 23.5474483 ], [ 86.3709732, 23.5426176 ], [ 86.3716295, 23.5405725 ], [ 86.3672567, 23.540193 ], [ 86.3685449, 23.5352496 ], [ 86.3651078, 23.5326896 ], [ 86.3650002, 23.5311004 ], [ 86.3682809, 23.5281481 ], [ 86.3645848, 23.521719 ], [ 86.3712583, 23.5174845 ], [ 86.3751946, 23.5103425 ], [ 86.3727665, 23.5061167 ], [ 86.3696042, 23.504541 ], [ 86.368684, 23.5025004 ], [ 86.3635684, 23.5016106 ], [ 86.3664423, 23.496267 ], [ 86.3656058, 23.4910253 ], [ 86.3628013, 23.4872057 ], [ 86.3624199, 23.4842486 ], [ 86.3654402, 23.480285 ], [ 86.3706135, 23.4844929 ], [ 86.373291, 23.482976 ], [ 86.3788023, 23.484791 ], [ 86.3772996, 23.4805743 ], [ 86.3790567, 23.4781002 ], [ 86.3794628, 23.4736398 ], [ 86.3640901, 23.471689 ], [ 86.3626223, 23.4674495 ], [ 86.3630631, 23.4648943 ], [ 86.3573623, 23.4607311 ], [ 86.3594181, 23.4570925 ], [ 86.3596976, 23.4522483 ], [ 86.3559299, 23.4503788 ], [ 86.3497201, 23.4515472 ], [ 86.351459, 23.4420937 ], [ 86.3403475, 23.4395362 ], [ 86.3367999, 23.4401809 ], [ 86.3364419, 23.442831 ], [ 86.3340437, 23.4446272 ], [ 86.3347869, 23.4465777 ], [ 86.3307946, 23.4448068 ], [ 86.3205733, 23.4432866 ], [ 86.3178641, 23.4398273 ], [ 86.315344, 23.440043 ], [ 86.3057663, 23.4348246 ], [ 86.3060578, 23.4295786 ], [ 86.3092925, 23.4281759 ], [ 86.3118483, 23.4244524 ], [ 86.3144793, 23.4266838 ], [ 86.3175715, 23.4264682 ], [ 86.3157235, 23.4234517 ], [ 86.3162193, 23.4196325 ], [ 86.3179369, 23.4189153 ], [ 86.317757, 23.4164095 ], [ 86.3118728, 23.4143892 ], [ 86.3105533, 23.4113593 ], [ 86.3000691, 23.4127586 ], [ 86.2909425, 23.4175935 ], [ 86.2895924, 23.4247305 ], [ 86.2909955, 23.4263476 ], [ 86.2894869, 23.4290555 ], [ 86.2816248, 23.4285544 ], [ 86.2756789, 23.4303836 ], [ 86.2718256, 23.4276632 ], [ 86.2640928, 23.4307684 ], [ 86.2565831, 23.4300902 ], [ 86.2522073, 23.426773 ], [ 86.2602536, 23.4178221 ], [ 86.259147, 23.4133065 ], [ 86.2514786, 23.4108445 ], [ 86.2473935, 23.4111352 ], [ 86.2456105, 23.413895 ], [ 86.2488649, 23.4224677 ], [ 86.243995, 23.4237473 ], [ 86.2343105, 23.420892 ], [ 86.2298712, 23.4308228 ], [ 86.2324461, 23.4325276 ], [ 86.2314605, 23.435982 ], [ 86.2334582, 23.4377504 ], [ 86.2327646, 23.4393175 ], [ 86.2365466, 23.4448814 ], [ 86.2423661, 23.4465296 ], [ 86.2421597, 23.4511167 ], [ 86.2474688, 23.4562549 ], [ 86.2473435, 23.4583769 ], [ 86.2455679, 23.4593172 ], [ 86.2366434, 23.4612245 ], [ 86.2349593, 23.4605531 ], [ 86.2326166, 23.4622431 ], [ 86.2318416, 23.4538238 ], [ 86.230308, 23.4513237 ], [ 86.2307482, 23.4448539 ], [ 86.2283833, 23.4428824 ], [ 86.2157332, 23.4481498 ], [ 86.2067795, 23.4500012 ], [ 86.2057052, 23.4536812 ], [ 86.1988933, 23.4533369 ], [ 86.1970887, 23.4555273 ], [ 86.1958892, 23.4543856 ], [ 86.1950297, 23.4578939 ], [ 86.1914389, 23.4601844 ], [ 86.187063, 23.4580914 ], [ 86.1817247, 23.4600843 ], [ 86.182031, 23.4669736 ], [ 86.1793494, 23.4676111 ], [ 86.1782883, 23.4698417 ], [ 86.1603357, 23.4659053 ], [ 86.1595681, 23.46884 ], [ 86.148825, 23.4652573 ], [ 86.1474062, 23.4684132 ], [ 86.1491835, 23.4724581 ], [ 86.1489979, 23.4752031 ], [ 86.1515805, 23.4743335 ], [ 86.1537064, 23.475735 ], [ 86.1536092, 23.4789315 ], [ 86.1513534, 23.4822049 ], [ 86.1575563, 23.4886417 ], [ 86.1596085, 23.4934359 ], [ 86.1574123, 23.5006372 ], [ 86.160566, 23.5036712 ], [ 86.1623929, 23.5084856 ], [ 86.1541007, 23.5127266 ], [ 86.1486284, 23.519346 ], [ 86.1503088, 23.5252283 ], [ 86.1553724, 23.5296246 ], [ 86.1574893, 23.5370057 ], [ 86.1580486, 23.5414706 ], [ 86.1523062, 23.5491194 ], [ 86.1528161, 23.5521261 ], [ 86.1583469, 23.5599805 ], [ 86.1556927, 23.5610374 ], [ 86.1546983, 23.5601166 ], [ 86.1530921, 23.561241 ], [ 86.148317, 23.5608129 ], [ 86.1467843, 23.5616889 ], [ 86.147245, 23.5638649 ], [ 86.1432779, 23.564046 ], [ 86.1416224, 23.563396 ], [ 86.1417398, 23.5614412 ], [ 86.1392712, 23.5592744 ], [ 86.1366171, 23.5628456 ], [ 86.1312493, 23.5592884 ], [ 86.1315433, 23.5627556 ], [ 86.1269346, 23.5659205 ], [ 86.1291778, 23.5665073 ], [ 86.1292219, 23.5677398 ], [ 86.1266653, 23.5694012 ], [ 86.1239373, 23.5692658 ], [ 86.1206314, 23.5661822 ], [ 86.1178592, 23.5673513 ], [ 86.1158366, 23.5660961 ], [ 86.1084896, 23.5697026 ], [ 86.1059825, 23.5659552 ], [ 86.1009429, 23.5654172 ], [ 86.0990668, 23.5665139 ], [ 86.09393, 23.5632398 ], [ 86.085123, 23.5668269 ], [ 86.0808674, 23.5656789 ], [ 86.072736, 23.5688411 ], [ 86.077429, 23.5792127 ], [ 86.0714146, 23.5781497 ], [ 86.0656981, 23.5789557 ], [ 86.055596, 23.5829424 ], [ 86.0521605, 23.5861507 ], [ 86.048394, 23.585449 ], [ 86.0420644, 23.5868814 ], [ 86.0401273, 23.5752597 ], [ 86.0374963, 23.5765132 ], [ 86.03075, 23.5720037 ], [ 86.0246696, 23.5620451 ], [ 86.0178006, 23.5594446 ], [ 86.0162778, 23.5473172 ], [ 86.0188015, 23.5450977 ], [ 86.0276476, 23.5421104 ], [ 86.0281825, 23.5405171 ], [ 86.0237773, 23.5381532 ], [ 86.0236558, 23.5369205 ], [ 86.0284087, 23.5325896 ], [ 86.028946, 23.5276509 ], [ 86.0310668, 23.5267086 ], [ 86.0338703, 23.5226698 ], [ 86.0335848, 23.5178434 ], [ 86.0346828, 23.5159344 ], [ 86.0392365, 23.5150386 ], [ 86.0377511, 23.5106586 ], [ 86.0394098, 23.5046641 ], [ 86.0381906, 23.4977755 ], [ 86.0567103, 23.4950806 ], [ 86.0563003, 23.4927689 ], [ 86.0579315, 23.4904627 ], [ 86.0547206, 23.4901723 ], [ 86.0538364, 23.4870567 ], [ 86.0439556, 23.4843249 ], [ 86.0397021, 23.4844174 ], [ 86.0372587, 23.4859195 ], [ 86.031465, 23.4836497 ], [ 86.0229803, 23.4865066 ], [ 86.0167265, 23.4844887 ], [ 86.0086603, 23.4843067 ], [ 86.0071885, 23.4827165 ], [ 86.005367, 23.4834961 ], [ 86.0029998, 23.4817939 ], [ 85.9925247, 23.4803291 ], [ 85.9889696, 23.4783138 ], [ 85.9812021, 23.4782334 ], [ 85.9775101, 23.4760416 ], [ 85.9627685, 23.4762447 ], [ 85.9571144, 23.4744101 ], [ 85.955468, 23.4711876 ], [ 85.9532411, 23.4709449 ], [ 85.9332445, 23.4730527 ], [ 85.9201734, 23.477242 ], [ 85.9152412, 23.4818709 ], [ 85.9120399, 23.4808378 ], [ 85.9086046, 23.4836286 ], [ 85.9005304, 23.4824068 ], [ 85.8961038, 23.4836938 ], [ 85.8863047, 23.4820514 ], [ 85.8871516, 23.4843132 ], [ 85.8827266, 23.4809546 ], [ 85.8754632, 23.4798486 ], [ 85.8736377, 23.4767334 ], [ 85.8700012, 23.4749455 ], [ 85.868005, 23.465451 ], [ 85.8624899, 23.4615183 ], [ 85.8657346, 23.4599114 ], [ 85.8636304, 23.458611 ], [ 85.8649032, 23.4546969 ], [ 85.8619292, 23.4423761 ], [ 85.8618806, 23.4390577 ], [ 85.8641758, 23.4356945 ], [ 85.8638924, 23.4313559 ], [ 85.8766477, 23.4296724 ], [ 85.8825825, 23.4305842 ], [ 85.8864719, 23.4269542 ], [ 85.8866331, 23.4251348 ], [ 85.8802876, 23.4223947 ], [ 85.8895968, 23.4140013 ], [ 85.8914358, 23.4102224 ], [ 85.8875026, 23.4081324 ], [ 85.8867294, 23.4046019 ], [ 85.8986604, 23.4050206 ], [ 85.9015215, 23.4022707 ], [ 85.9025429, 23.3971147 ], [ 85.898546, 23.3935532 ], [ 85.8906713, 23.3964842 ], [ 85.8871299, 23.3964619 ], [ 85.8801155, 23.392548 ], [ 85.8734487, 23.3910356 ], [ 85.8708125, 23.3888142 ], [ 85.8708224, 23.3860738 ], [ 85.8784327, 23.3816765 ], [ 85.8747647, 23.376778 ], [ 85.8759923, 23.3666696 ], [ 85.8751659, 23.3598252 ], [ 85.876364, 23.3574234 ], [ 85.88231, 23.352886 ], [ 85.8830678, 23.3507821 ], [ 85.8725845, 23.3424299 ], [ 85.8662528, 23.3415221 ], [ 85.8654804, 23.3391203 ], [ 85.8681995, 23.3297839 ], [ 85.8630076, 23.3277474 ], [ 85.8594493, 23.3220629 ], [ 85.8506897, 23.3166395 ], [ 85.8474747, 23.3096908 ], [ 85.8383835, 23.3064969 ], [ 85.8286306, 23.2822815 ], [ 85.8196735, 23.2681201 ], [ 85.8235767, 23.2590468 ], [ 85.8386057, 23.2468344 ], [ 85.8362582, 23.2379397 ], [ 85.8396902, 23.22985 ], [ 85.8365802, 23.2230906 ], [ 85.836581, 23.2205262 ], [ 85.8389845, 23.2199082 ], [ 85.8513479, 23.2223396 ], [ 85.8587783, 23.2206115 ], [ 85.8638145, 23.2223818 ], [ 85.8683872, 23.2182781 ], [ 85.8765498, 23.2049009 ], [ 85.8825232, 23.198729 ], [ 85.8834217, 23.1949726 ], [ 85.8815746, 23.1702585 ], [ 85.8945422, 23.1551283 ], [ 85.9086576, 23.1539702 ], [ 85.9141101, 23.1491337 ], [ 85.9277073, 23.14857 ], [ 85.9288996, 23.1510527 ], [ 85.9369537, 23.1502459 ], [ 85.9382498, 23.1517718 ], [ 85.9426935, 23.1530432 ], [ 85.9513689, 23.15173 ], [ 85.9576144, 23.1610455 ], [ 85.9717181, 23.1570917 ], [ 85.9759594, 23.154791 ], [ 85.9924405, 23.1519399 ], [ 86.0009993, 23.14838 ], [ 86.0134484, 23.1479072 ], [ 86.017798, 23.1547141 ], [ 86.0199919, 23.1527878 ], [ 86.0183111, 23.1481409 ], [ 86.0245488, 23.1442803 ], [ 86.0290684, 23.1460666 ], [ 86.034645, 23.1444355 ], [ 86.0375433, 23.1471145 ], [ 86.0445219, 23.1442378 ], [ 86.0460613, 23.1417148 ], [ 86.0459329, 23.1359899 ], [ 86.0490393, 23.1334045 ], [ 86.0559136, 23.1227391 ], [ 86.0540861, 23.1171352 ], [ 86.054108, 23.1126927 ], [ 86.0512348, 23.1095037 ], [ 86.0512566, 23.1055262 ], [ 86.0558898, 23.1029368 ], [ 86.0604584, 23.1024647 ], [ 86.0757038, 23.0946415 ], [ 86.0900472, 23.0947133 ], [ 86.0906246, 23.089431 ], [ 86.0980241, 23.0841952 ], [ 86.10224, 23.0865301 ], [ 86.1102291, 23.0842872 ], [ 86.115192, 23.0856602 ], [ 86.1207114, 23.0848298 ], [ 86.1228537, 23.0865591 ], [ 86.1271628, 23.0869202 ], [ 86.130369, 23.0842023 ], [ 86.1339362, 23.0833578 ], [ 86.1358002, 23.0806489 ], [ 86.136044, 23.07724 ], [ 86.1462571, 23.0749591 ], [ 86.1436602, 23.0677401 ], [ 86.1440402, 23.0635095 ], [ 86.1417709, 23.0601236 ], [ 86.14198, 23.0542497 ], [ 86.150991, 23.0515441 ], [ 86.1536395, 23.0481033 ], [ 86.1580446, 23.0461792 ], [ 86.1560167, 23.031172 ], [ 86.163055, 23.0282855 ], [ 86.1654416, 23.0323844 ], [ 86.1677441, 23.0325599 ], [ 86.1663871, 23.0294721 ], [ 86.1684647, 23.0280629 ], [ 86.168474, 23.0267039 ], [ 86.1704935, 23.0264009 ], [ 86.1700775, 23.0224368 ], [ 86.1761496, 23.0202814 ], [ 86.1789838, 23.0207727 ], [ 86.1792312, 23.0173322 ], [ 86.181269, 23.0146993 ], [ 86.1816422, 23.0089923 ], [ 86.1832653, 23.0063776 ], [ 86.1863688, 23.0050077 ], [ 86.1936873, 23.0051454 ], [ 86.198068, 23.0068457 ], [ 86.2079684, 23.0062179 ], [ 86.2085967, 23.0047953 ], [ 86.2067721, 23.0039204 ], [ 86.2066968, 23.0002806 ], [ 86.2226931, 22.9995034 ], [ 86.224857, 22.9969413 ], [ 86.2287678, 22.9951189 ], [ 86.231037, 22.9961425 ], [ 86.24171, 22.9960897 ], [ 86.243063, 22.9980983 ], [ 86.245351, 22.9982005 ], [ 86.2484992, 22.9949103 ], [ 86.2500001, 22.9963396 ], [ 86.2605574, 22.9985939 ], [ 86.2658494, 22.9979836 ], [ 86.2682375, 22.9998364 ], [ 86.2678659, 23.0011554 ], [ 86.2771717, 23.0073786 ], [ 86.284785, 23.0074599 ], [ 86.2921169, 23.0129767 ], [ 86.2962063, 23.0096829 ], [ 86.2993814, 23.0097884 ], [ 86.3037384, 23.0159984 ], [ 86.3046899, 23.0153036 ], [ 86.3022393, 23.0100606 ], [ 86.3090935, 23.0070523 ], [ 86.3088953, 23.0034176 ], [ 86.3161198, 23.0000741 ], [ 86.319792, 23.0005992 ], [ 86.321588, 22.9974439 ], [ 86.3259294, 22.9949034 ], [ 86.3395333, 22.9898141 ], [ 86.3406091, 22.993553 ], [ 86.3436953, 22.9964929 ], [ 86.3476359, 22.9966156 ], [ 86.3545274, 22.9929686 ], [ 86.3544338, 22.9993437 ], [ 86.3638951, 22.9995795 ], [ 86.3717812, 22.9967356 ], [ 86.3727518, 22.9981533 ], [ 86.3835588, 22.9942838 ], [ 86.385017, 22.9952635 ], [ 86.3854068, 22.9894483 ], [ 86.3877131, 22.9853124 ], [ 86.394798, 22.9802189 ], [ 86.3985478, 22.9798933 ], [ 86.4010836, 22.9808592 ], [ 86.4068933, 22.989721 ], [ 86.4084049, 22.989057 ], [ 86.4100635, 22.9911335 ], [ 86.4132868, 22.9908078 ], [ 86.4171645, 22.9932043 ], [ 86.4173314, 22.9970509 ], [ 86.4197211, 22.9967839 ], [ 86.4182538, 22.9992088 ], [ 86.4192589, 23.0002741 ], [ 86.4261129, 22.9965715 ], [ 86.4422993, 22.9932275 ], [ 86.4464225, 22.9882366 ], [ 86.4508505, 22.9883475 ], [ 86.4515538, 22.9902435 ], [ 86.464505, 22.9884354 ], [ 86.4705084, 22.9888879 ], [ 86.4745434, 22.9916621 ], [ 86.4804187, 22.9901279 ], [ 86.4870625, 22.9924305 ], [ 86.4976865, 22.992039 ], [ 86.5011475, 22.9935903 ], [ 86.5041584, 22.9861069 ], [ 86.5137771, 22.977486 ], [ 86.5086171, 22.9730351 ], [ 86.5211942, 22.9707097 ], [ 86.5261907, 22.9726137 ], [ 86.526837, 22.9754947 ], [ 86.5238175, 22.9771272 ], [ 86.5281401, 22.980638 ], [ 86.5347808, 22.9819062 ], [ 86.539909, 22.9845774 ], [ 86.5456062, 22.9902783 ], [ 86.5478807, 22.9869384 ], [ 86.5474981, 22.9823239 ], [ 86.5505629, 22.9779911 ], [ 86.5474501, 22.9726303 ], [ 86.5440825, 22.96973 ], [ 86.5447773, 22.9656939 ], [ 86.5403689, 22.9668023 ], [ 86.5316034, 22.965208 ], [ 86.5300377, 22.9521543 ], [ 86.52598, 22.9476053 ], [ 86.5214101, 22.9500584 ], [ 86.5192079, 22.9482419 ], [ 86.5126951, 22.9477588 ], [ 86.5078416, 22.9508796 ], [ 86.5025803, 22.9518734 ], [ 86.5029047, 22.948966 ], [ 86.5008878, 22.9475738 ], [ 86.5007771, 22.9459393 ], [ 86.4975744, 22.945973 ], [ 86.4974734, 22.9474539 ], [ 86.49524, 22.9468461 ], [ 86.4945447, 22.9432573 ], [ 86.4891334, 22.9372428 ], [ 86.4854912, 22.9424736 ], [ 86.4772747, 22.9460865 ], [ 86.4779256, 22.949364 ], [ 86.4763181, 22.9511754 ], [ 86.4763612, 22.9502318 ], [ 86.4709781, 22.9489258 ], [ 86.4691177, 22.9445113 ], [ 86.4653498, 22.9454616 ], [ 86.4621493, 22.9413682 ], [ 86.4599761, 22.9350574 ], [ 86.4543635, 22.9319811 ], [ 86.4513079, 22.9332467 ], [ 86.4468025, 22.9307113 ], [ 86.4430052, 22.9306724 ], [ 86.4420095, 22.9279683 ], [ 86.4353401, 22.9251852 ], [ 86.4361968, 22.9223223 ], [ 86.4406501, 22.9188937 ], [ 86.4415067, 22.9162927 ], [ 86.4445031, 22.9139482 ], [ 86.4467185, 22.9095361 ], [ 86.4513461, 22.9051093 ], [ 86.4513746, 22.9037683 ], [ 86.4525639, 22.9041651 ], [ 86.4529675, 22.9024627 ], [ 86.455551, 22.9032967 ], [ 86.4575191, 22.902018 ], [ 86.464449, 22.9015312 ], [ 86.465429, 22.9023931 ], [ 86.467138, 22.8999269 ], [ 86.4652752, 22.8981671 ], [ 86.4658346, 22.8965956 ], [ 86.4646295, 22.8943432 ], [ 86.4600424, 22.8920837 ], [ 86.4564729, 22.8880627 ], [ 86.4562474, 22.8857737 ], [ 86.4534261, 22.8858654 ], [ 86.4547521, 22.8784014 ], [ 86.4519765, 22.8729216 ], [ 86.452359, 22.8685373 ], [ 86.4507717, 22.8615353 ], [ 86.4396891, 22.8642625 ], [ 86.4349712, 22.8605124 ], [ 86.4358768, 22.8591169 ], [ 86.4333995, 22.8533567 ], [ 86.435555, 22.8359234 ], [ 86.4388457, 22.8310233 ], [ 86.4284758, 22.8193421 ], [ 86.4225161, 22.8099752 ], [ 86.4252519, 22.8065384 ], [ 86.4233949, 22.8021639 ], [ 86.4254831, 22.7993097 ], [ 86.4225555, 22.7968725 ], [ 86.4232696, 22.7919192 ], [ 86.4209617, 22.7928139 ], [ 86.4188087, 22.7906834 ], [ 86.4163255, 22.7913658 ], [ 86.4162225, 22.7888599 ], [ 86.4186763, 22.7875183 ], [ 86.4176087, 22.7836763 ], [ 86.4214835, 22.7801354 ], [ 86.4258072, 22.7797459 ], [ 86.4301046, 22.7746921 ], [ 86.4374845, 22.7712626 ], [ 86.4484248, 22.7619299 ], [ 86.4579321, 22.7633639 ], [ 86.4601822, 22.7619106 ], [ 86.4696837, 22.7520986 ], [ 86.4736377, 22.7396957 ], [ 86.4750489, 22.739126 ], [ 86.4765062, 22.7349848 ], [ 86.4817255, 22.7302 ], [ 86.4815436, 22.7278612 ], [ 86.4844338, 22.7266131 ], [ 86.4853939, 22.7282469 ], [ 86.4866837, 22.7281287 ], [ 86.4932141, 22.7263948 ], [ 86.4946814, 22.7232783 ], [ 86.4976792, 22.7228697 ], [ 86.50001, 22.7204551 ], [ 86.5068731, 22.7096385 ], [ 86.5113412, 22.7050108 ], [ 86.51345, 22.7071691 ], [ 86.5115091, 22.7119718 ], [ 86.5129312, 22.7166188 ], [ 86.5203264, 22.7152307 ], [ 86.5243271, 22.7194344 ], [ 86.5351284, 22.7172505 ], [ 86.5441953, 22.7216029 ], [ 86.5613873, 22.7092963 ], [ 86.5629939, 22.7062012 ], [ 86.5698436, 22.7022338 ], [ 86.5722385, 22.6992581 ], [ 86.5852749, 22.6910767 ], [ 86.5957696, 22.6895476 ], [ 86.5976349, 22.6876997 ], [ 86.6029843, 22.6869622 ], [ 86.6084854, 22.683993 ], [ 86.611632, 22.6799069 ], [ 86.6202666, 22.6778932 ], [ 86.6235252, 22.6756414 ], [ 86.6293514, 22.6666905 ], [ 86.6360365, 22.6649699 ], [ 86.6423852, 22.6570135 ], [ 86.6386308, 22.6507798 ], [ 86.6398638, 22.6355657 ], [ 86.6390209, 22.625308 ], [ 86.6353763, 22.6183065 ], [ 86.6341097, 22.6103881 ], [ 86.6385999, 22.6094668 ], [ 86.6381322, 22.6012248 ], [ 86.6394347, 22.5978209 ], [ 86.6444848, 22.5944879 ], [ 86.6570307, 22.5907993 ], [ 86.6536338, 22.5818104 ], [ 86.6595178, 22.5750358 ], [ 86.6792577, 22.5744588 ], [ 86.6846519, 22.5783273 ], [ 86.7111485, 22.5823945 ], [ 86.7314913, 22.5769148 ], [ 86.7479498, 22.5772828 ], [ 86.7520845, 22.5785176 ], [ 86.7533807, 22.5774622 ], [ 86.7584998, 22.577876 ], [ 86.7668552, 22.5750227 ], [ 86.7677427, 22.5669815 ], [ 86.7719329, 22.5646426 ], [ 86.7715696, 22.5610617 ], [ 86.7666227, 22.5584125 ], [ 86.7690952, 22.5545762 ], [ 86.7725093, 22.5525738 ], [ 86.7751905, 22.5488007 ], [ 86.7837911, 22.550205 ], [ 86.7892874, 22.5490032 ], [ 86.7902644, 22.541224 ], [ 86.7875687, 22.5380439 ], [ 86.7889565, 22.5340893 ], [ 86.7868517, 22.5268548 ], [ 86.7929184, 22.5249752 ], [ 86.794937, 22.5139817 ], [ 86.7931692, 22.5139318 ], [ 86.7926642, 22.5113166 ], [ 86.7965141, 22.5095847 ], [ 86.7976919, 22.5063976 ], [ 86.802388, 22.5030404 ], [ 86.8008002, 22.5007415 ], [ 86.795242, 22.4993808 ], [ 86.7937762, 22.4964587 ], [ 86.7951578, 22.4939264 ], [ 86.8002562, 22.4915087 ], [ 86.8016036, 22.4888318 ], [ 86.7953697, 22.4804169 ], [ 86.7911737, 22.4774257 ], [ 86.7842867, 22.4812417 ], [ 86.7690217, 22.4800899 ], [ 86.7660857, 22.4819257 ], [ 86.7498713, 22.4829476 ], [ 86.7473834, 22.4780061 ], [ 86.7472795, 22.4747821 ], [ 86.7510629, 22.465434 ], [ 86.7510077, 22.456706 ], [ 86.7631735, 22.4483844 ], [ 86.7590322, 22.4458123 ], [ 86.7618659, 22.4317041 ], [ 86.7645311, 22.4272629 ], [ 86.7858153, 22.424355 ], [ 86.7938935, 22.4216591 ], [ 86.8070744, 22.421259 ], [ 86.8093726, 22.4192281 ], [ 86.8119999, 22.4192066 ], [ 86.8312877, 22.4110045 ], [ 86.8463542, 22.3990831 ], [ 86.8456323, 22.3915199 ], [ 86.8408761, 22.3831927 ], [ 86.842489, 22.3788809 ], [ 86.8426363, 22.3722119 ], [ 86.8364207, 22.3601185 ], [ 86.8322884, 22.3485085 ], [ 86.8315715, 22.3287809 ], [ 86.8332714, 22.3249073 ], [ 86.8397374, 22.3189305 ], [ 86.8501234, 22.3156364 ], [ 86.865367, 22.3080976 ], [ 86.8722432, 22.3071181 ], [ 86.8758342, 22.301501 ], [ 86.8877902, 22.2974594 ], [ 86.8873394, 22.291958 ], [ 86.8892462, 22.2840024 ], [ 86.8893297, 22.2737563 ], [ 86.8875343, 22.2738685 ], [ 86.8872896, 22.2644788 ], [ 86.8883631, 22.2613743 ], [ 86.8863246, 22.2572386 ], [ 86.8848889, 22.2585314 ], [ 86.883243, 22.2574211 ], [ 86.8800568, 22.2592561 ], [ 86.876616, 22.2591004 ], [ 86.8759743, 22.2606513 ], [ 86.8732204, 22.2590938 ], [ 86.8718643, 22.2600626 ], [ 86.8662556, 22.25892 ], [ 86.8652545, 22.2609627 ], [ 86.8634266, 22.2587777 ], [ 86.85929, 22.2579778 ], [ 86.8510907, 22.2652067 ], [ 86.8494213, 22.2633412 ], [ 86.8465548, 22.2640367 ], [ 86.8427138, 22.2616256 ], [ 86.8401707, 22.2625942 ], [ 86.8400811, 22.2644906 ], [ 86.8378411, 22.2656453 ], [ 86.8309288, 22.2632167 ], [ 86.8239556, 22.2667552 ], [ 86.8182516, 22.2537202 ], [ 86.8166966, 22.2545462 ], [ 86.8149373, 22.2670621 ], [ 86.8135921, 22.267391 ], [ 86.8091646, 22.2502523 ], [ 86.8105895, 22.2498732 ], [ 86.8090586, 22.2466359 ], [ 86.807203, 22.2472305 ], [ 86.8039925, 22.2435846 ], [ 86.7999512, 22.2446105 ], [ 86.7980059, 22.2470216 ], [ 86.7998182, 22.2523798 ], [ 86.8011121, 22.2651971 ], [ 86.7922617, 22.266302 ], [ 86.7940993, 22.2522223 ], [ 86.7957007, 22.2487403 ], [ 86.7948618, 22.2431694 ], [ 86.7992497, 22.2378756 ], [ 86.8034824, 22.2432207 ], [ 86.8082113, 22.2429835 ], [ 86.812023, 22.2412268 ], [ 86.8022981, 22.2198472 ], [ 86.8024146, 22.2175498 ], [ 86.7918724, 22.2218277 ], [ 86.7901408, 22.2187355 ], [ 86.7890412, 22.2192482 ], [ 86.7847385, 22.215052 ], [ 86.7790733, 22.2169155 ], [ 86.7781858, 22.2184915 ], [ 86.7844693, 22.2305973 ], [ 86.7932142, 22.2241995 ], [ 86.7949051, 22.2277877 ], [ 86.7885839, 22.2316562 ], [ 86.7899658, 22.2345692 ], [ 86.7891885, 22.2357259 ], [ 86.7776753, 22.2365942 ], [ 86.7743369, 22.2322082 ], [ 86.7773749, 22.2255174 ], [ 86.7771502, 22.2215771 ], [ 86.7758263, 22.2206903 ], [ 86.7764136, 22.2178646 ], [ 86.7723772, 22.218816 ], [ 86.7711367, 22.2203542 ], [ 86.7596376, 22.2120902 ], [ 86.7497791, 22.21169 ], [ 86.7440399, 22.2159791 ], [ 86.7308129, 22.2154346 ], [ 86.7208597, 22.2204077 ], [ 86.7138518, 22.2200458 ], [ 86.7079372, 22.2233045 ], [ 86.7034597, 22.2211844 ], [ 86.6843381, 22.2224115 ], [ 86.6753055, 22.2292507 ], [ 86.6723943, 22.2402239 ], [ 86.6695867, 22.2425365 ], [ 86.6662397, 22.2416162 ], [ 86.6608207, 22.2367229 ], [ 86.6548306, 22.2359338 ], [ 86.6524496, 22.2384402 ], [ 86.6512963, 22.2443826 ], [ 86.6546594, 22.2507319 ], [ 86.649513, 22.2635314 ], [ 86.6467277, 22.2653638 ], [ 86.6435071, 22.2646611 ], [ 86.6443807, 22.268489 ], [ 86.6426431, 22.2685349 ], [ 86.6397099, 22.2655065 ], [ 86.6380018, 22.2711038 ], [ 86.6357649, 22.2728108 ], [ 86.6321821, 22.2732319 ], [ 86.6273096, 22.2695122 ], [ 86.6257896, 22.2735289 ], [ 86.6217713, 22.2770384 ], [ 86.6164072, 22.2810008 ], [ 86.6129417, 22.2810333 ], [ 86.6104794, 22.2833491 ], [ 86.603523, 22.2820675 ], [ 86.5997609, 22.2788738 ], [ 86.5930834, 22.2785591 ], [ 86.5924048, 22.2799486 ], [ 86.5939179, 22.2820438 ], [ 86.5927238, 22.2854421 ], [ 86.5879296, 22.2899923 ], [ 86.5873924, 22.2944085 ], [ 86.5850597, 22.2953557 ], [ 86.5822548, 22.3016452 ], [ 86.5768099, 22.3011207 ], [ 86.5778295, 22.2962224 ], [ 86.5768558, 22.2955649 ], [ 86.5719805, 22.2961754 ], [ 86.5708809, 22.3001882 ], [ 86.5688675, 22.3014386 ], [ 86.5616921, 22.3017175 ], [ 86.5573971, 22.2983181 ], [ 86.5540716, 22.2984716 ], [ 86.5484898, 22.3013606 ], [ 86.5474133, 22.3040136 ], [ 86.5438593, 22.3072107 ], [ 86.5407394, 22.3082408 ], [ 86.5393479, 22.3047633 ], [ 86.5327635, 22.3009592 ], [ 86.5254501, 22.3076051 ], [ 86.5257686, 22.3110299 ], [ 86.523188, 22.3147308 ], [ 86.5234857, 22.3156983 ], [ 86.5278265, 22.3154897 ], [ 86.5270908, 22.3235007 ], [ 86.5216875, 22.3234171 ], [ 86.5081849, 22.327862 ], [ 86.5071884, 22.3295664 ], [ 86.5074813, 22.3346534 ], [ 86.5038387, 22.3363362 ], [ 86.5022502, 22.3434049 ], [ 86.4985154, 22.3449834 ], [ 86.4969148, 22.3472007 ], [ 86.4941429, 22.3456563 ], [ 86.492885, 22.3470798 ], [ 86.4872598, 22.3476809 ], [ 86.4844506, 22.3431098 ], [ 86.4834638, 22.3381335 ], [ 86.4718147, 22.3357788 ], [ 86.4679563, 22.3302509 ], [ 86.4624274, 22.3299617 ], [ 86.4636167, 22.3287505 ], [ 86.4619469, 22.3261071 ], [ 86.4529197, 22.3253226 ], [ 86.4465204, 22.3291131 ], [ 86.4448327, 22.3286557 ], [ 86.4430652, 22.3262602 ], [ 86.4440267, 22.3102734 ], [ 86.4394805, 22.3035998 ], [ 86.4372016, 22.3041565 ], [ 86.4350126, 22.3065113 ], [ 86.4295636, 22.3083171 ], [ 86.4268073, 22.3175806 ], [ 86.4082821, 22.320965 ], [ 86.377076, 22.3416304 ], [ 86.3664208, 22.3442902 ], [ 86.3581437, 22.3492127 ], [ 86.357606, 22.3542288 ], [ 86.3531224, 22.3587911 ], [ 86.3501638, 22.3642943 ], [ 86.3402795, 22.3729222 ], [ 86.3346638, 22.3742678 ], [ 86.3285227, 22.3777972 ], [ 86.321157, 22.385418 ], [ 86.3206295, 22.3890203 ], [ 86.3227102, 22.3926425 ], [ 86.320817, 22.3974088 ], [ 86.3064369, 22.4096064 ], [ 86.3059577, 22.4122106 ], [ 86.3074531, 22.4153065 ], [ 86.3026433, 22.4222011 ], [ 86.2963329, 22.4240301 ], [ 86.293027, 22.4266836 ], [ 86.2813008, 22.4486617 ], [ 86.2764584, 22.4473212 ], [ 86.268463, 22.4421722 ], [ 86.2639421, 22.445345 ], [ 86.2565998, 22.4454062 ], [ 86.2520043, 22.4479189 ], [ 86.2466095, 22.4481377 ], [ 86.237246, 22.4525879 ], [ 86.2246802, 22.4525461 ], [ 86.2173987, 22.4626126 ], [ 86.2225778, 22.4672531 ], [ 86.2138761, 22.466443 ], [ 86.2079329, 22.4734856 ], [ 86.2002882, 22.4718037 ], [ 86.1705567, 22.4813825 ], [ 86.1604745, 22.4825498 ], [ 86.1563177, 22.4803646 ], [ 86.1502777, 22.4802076 ], [ 86.1511624, 22.4824597 ], [ 86.1503312, 22.4833503 ], [ 86.1337294, 22.4871282 ], [ 86.1237467, 22.4886054 ], [ 86.1191854, 22.4866565 ], [ 86.1166315, 22.4870038 ], [ 86.1116357, 22.4905874 ], [ 86.1027498, 22.500243 ], [ 86.1002437, 22.5081339 ], [ 86.0971542, 22.5103263 ], [ 86.0948748, 22.5194991 ], [ 86.0792495, 22.5375498 ], [ 86.0754638, 22.544107 ], [ 86.0684329, 22.5498695 ], [ 86.0648652, 22.5554856 ], [ 86.0513137, 22.5624791 ], [ 86.0454436, 22.5675074 ], [ 86.0321669, 22.5550301 ], [ 86.0240271, 22.5446246 ], [ 86.0338368, 22.53449 ], [ 86.0323889, 22.5308681 ], [ 86.0265298, 22.5240218 ], [ 86.0209109, 22.5273164 ], [ 86.0040949, 22.5177557 ], [ 86.001026, 22.5145751 ], [ 85.9938742, 22.5144021 ], [ 85.9896141, 22.5166899 ], [ 85.9885098, 22.515336 ], [ 85.9851371, 22.5154783 ], [ 85.98179, 22.5109202 ], [ 85.9800068, 22.5113594 ], [ 85.9781482, 22.5084211 ], [ 85.9734034, 22.505855 ], [ 85.9735297, 22.4996242 ], [ 85.9709604, 22.4973948 ], [ 85.9723294, 22.4916947 ], [ 85.9683888, 22.4862949 ], [ 85.9627403, 22.4851205 ], [ 85.9625989, 22.472794 ], [ 85.9571234, 22.4648187 ], [ 85.9603464, 22.4613889 ], [ 85.9678847, 22.4611935 ], [ 85.9656364, 22.4511524 ], [ 85.9728813, 22.4471699 ], [ 85.9846132, 22.435447 ], [ 86.0027465, 22.4263688 ], [ 86.0106868, 22.430189 ], [ 86.0150015, 22.4287294 ], [ 86.0177952, 22.4169581 ], [ 86.0178829, 22.4100122 ], [ 86.0192465, 22.4074324 ], [ 86.0183293, 22.4024677 ], [ 86.0203375, 22.4007861 ], [ 86.0208723, 22.3972393 ], [ 86.0243717, 22.3962217 ], [ 86.0226747, 22.3937137 ], [ 86.0239496, 22.3926691 ], [ 86.0233902, 22.3900099 ], [ 86.0271953, 22.3862118 ], [ 86.0252076, 22.3836118 ], [ 86.0271277, 22.3805611 ], [ 86.0247831, 22.3790069 ], [ 86.02475, 22.3753934 ], [ 86.0221803, 22.3768864 ], [ 86.0210634, 22.3761841 ], [ 86.0201327, 22.3717657 ], [ 86.0218776, 22.365295 ], [ 86.019297, 22.3628178 ], [ 86.0191891, 22.3608976 ], [ 86.0146722, 22.3596507 ], [ 86.0108006, 22.3522921 ], [ 86.0075335, 22.3515133 ], [ 86.004142, 22.3470572 ], [ 85.9982127, 22.3451463 ], [ 85.9980567, 22.3418391 ], [ 86.0003836, 22.3378878 ], [ 86.0033829, 22.3356842 ], [ 86.0078251, 22.337762 ], [ 86.0094873, 22.3395743 ], [ 86.0082929, 22.3409536 ], [ 86.0107525, 22.3412261 ], [ 86.0187743, 22.3382939 ], [ 86.0195606, 22.3390259 ], [ 86.0267119, 22.334864 ], [ 86.0220652, 22.3321486 ], [ 86.0119344, 22.3223177 ], [ 86.0107479, 22.3184759 ], [ 86.0130578, 22.3178892 ], [ 86.0137033, 22.3130694 ], [ 86.0160485, 22.3143709 ], [ 86.0225663, 22.3089994 ], [ 86.0273455, 22.3093036 ], [ 86.0289148, 22.307687 ], [ 86.0323562, 22.311217 ], [ 86.0381483, 22.3103572 ], [ 86.0406726, 22.3124588 ], [ 86.0440805, 22.311002 ], [ 86.0471647, 22.3114492 ], [ 86.0472059, 22.3089563 ], [ 86.0405787, 22.3063201 ], [ 86.0340995, 22.3061868 ], [ 86.0328914, 22.3032935 ], [ 86.029418, 22.3030018 ], [ 86.0288175, 22.3006992 ], [ 86.024965, 22.3025957 ], [ 86.0221773, 22.300027 ], [ 86.0189811, 22.3003781 ], [ 86.014251, 22.2972871 ], [ 86.0061086, 22.2873912 ], [ 86.0070406, 22.2846101 ], [ 86.004097, 22.2801793 ], [ 85.9987068, 22.277242 ], [ 85.994023, 22.2712285 ], [ 85.9906069, 22.2698433 ], [ 85.9883225, 22.2669745 ], [ 85.9877143, 22.2631542 ], [ 85.9906412, 22.2569395 ], [ 85.9897035, 22.2544088 ], [ 85.9738759, 22.2470785 ], [ 85.9809217, 22.2389116 ], [ 85.9856744, 22.2371392 ], [ 85.9913134, 22.2267634 ], [ 86.0028634, 22.2138311 ], [ 86.0183673, 22.2053301 ], [ 86.0310822, 22.1930666 ], [ 86.031432, 22.190851 ], [ 86.0172292, 22.1716196 ], [ 86.0152618, 22.1616574 ], [ 86.0055137, 22.150862 ], [ 86.0035131, 22.1395671 ], [ 85.9994728, 22.1356941 ], [ 85.9987742, 22.1330205 ], [ 85.9967615, 22.132448 ], [ 85.9971661, 22.1280241 ], [ 86.0070145, 22.1186715 ], [ 86.0073843, 22.1170929 ], [ 86.0038054, 22.1138597 ], [ 85.9925067, 22.0946801 ], [ 85.9864165, 22.0889695 ], [ 85.9804378, 22.0752105 ], [ 85.9687715, 22.0607968 ], [ 85.9650388, 22.0523676 ], [ 85.9435942, 22.0203562 ], [ 85.9362994, 22.0228971 ], [ 85.9308803, 22.0233406 ], [ 85.9229547, 22.0112381 ], [ 85.9161535, 22.0087768 ], [ 85.9161313, 22.0027695 ], [ 85.9143701, 22.0018997 ], [ 85.9122071, 21.997188 ], [ 85.9095324, 21.9878478 ], [ 85.9114233, 21.9843915 ], [ 85.910622, 21.981509 ], [ 85.9118913, 21.980167 ], [ 85.90656, 21.9769472 ], [ 85.9112306, 21.9740921 ], [ 85.9082496, 21.9706667 ], [ 85.9054893, 21.970698 ], [ 85.9021788, 21.9755223 ], [ 85.9023025, 21.978328 ], [ 85.9000894, 21.9795824 ], [ 85.8987107, 21.9831639 ], [ 85.89636, 21.9832377 ], [ 85.8957663, 21.9844133 ], [ 85.8938536, 21.9843914 ], [ 85.8936956, 21.9822856 ], [ 85.8915876, 21.981219 ], [ 85.8820753, 21.9801382 ], [ 85.8642582, 21.9814928 ], [ 85.8532084, 21.9837646 ], [ 85.8361373, 21.9808531 ], [ 85.832583, 21.9772823 ], [ 85.8243707, 21.9754487 ], [ 85.8209015, 21.9774563 ], [ 85.8186822, 21.9840616 ], [ 85.8169925, 21.9857748 ], [ 85.8104551, 21.9863147 ], [ 85.8053684, 21.9894213 ], [ 85.7904055, 21.9858203 ], [ 85.7858429, 21.9870422 ], [ 85.7827517, 21.9849462 ], [ 85.7749119, 21.9905336 ], [ 85.7629934, 21.996144 ], [ 85.7625084, 22.001253 ], [ 85.7585669, 22.009493 ], [ 85.7607995, 22.0145367 ], [ 85.7671593, 22.0234867 ], [ 85.7749615, 22.0287167 ], [ 85.7795892, 22.0296726 ], [ 85.7837575, 22.0401819 ], [ 85.7787263, 22.0455553 ], [ 85.7749422, 22.0562853 ], [ 85.7934374, 22.0818101 ], [ 85.8161126, 22.0735706 ], [ 85.8174658, 22.0745876 ], [ 85.8226618, 22.0744263 ], [ 85.8309539, 22.0790204 ], [ 85.8358633, 22.0801575 ], [ 85.8341061, 22.0852397 ], [ 85.8340993, 22.0907859 ], [ 85.832685, 22.0930432 ], [ 85.8217671, 22.0946585 ], [ 85.8197556, 22.0964326 ], [ 85.8133179, 22.0942948 ], [ 85.8130524, 22.0964879 ], [ 85.8161434, 22.1012707 ], [ 85.8194294, 22.1030244 ], [ 85.8210436, 22.1064957 ], [ 85.8074254, 22.1161119 ], [ 85.8011673, 22.1098603 ], [ 85.7975493, 22.108402 ], [ 85.7973185, 22.104751 ], [ 85.7901687, 22.1048427 ], [ 85.7809927, 22.0965003 ], [ 85.767295, 22.0927844 ], [ 85.7638835, 22.0888473 ], [ 85.7573979, 22.0845843 ], [ 85.7570506, 22.0783083 ], [ 85.7493923, 22.0735663 ], [ 85.7401455, 22.0709842 ], [ 85.7302049, 22.0652798 ], [ 85.7205364, 22.0638947 ], [ 85.7180023, 22.0617431 ], [ 85.7133685, 22.0624836 ], [ 85.7091675, 22.0582277 ], [ 85.7009426, 22.061726 ], [ 85.6916831, 22.0622891 ], [ 85.6902567, 22.0609137 ], [ 85.689381, 22.0560515 ], [ 85.6848727, 22.0542269 ], [ 85.6773332, 22.0569526 ], [ 85.6784449, 22.062941 ], [ 85.6716579, 22.0674838 ], [ 85.6702456, 22.073434 ], [ 85.6640644, 22.0768476 ], [ 85.6615806, 22.0833353 ], [ 85.6573833, 22.0839287 ], [ 85.6552685, 22.0923297 ], [ 85.6516237, 22.0954385 ], [ 85.6441233, 22.0942565 ], [ 85.6398102, 22.0866693 ], [ 85.6370293, 22.0870978 ], [ 85.6324636, 22.0841692 ], [ 85.6288792, 22.086009 ], [ 85.6249194, 22.0820872 ], [ 85.6215013, 22.082763 ], [ 85.6134451, 22.0815386 ], [ 85.6127525, 22.0834748 ], [ 85.6138755, 22.0860857 ], [ 85.6111816, 22.0870428 ], [ 85.6068086, 22.0798428 ], [ 85.5971825, 22.0791237 ], [ 85.5922851, 22.0804366 ], [ 85.590229, 22.0840002 ], [ 85.5862686, 22.0860886 ], [ 85.5769556, 22.0884421 ], [ 85.571554, 22.0911634 ], [ 85.5661979, 22.0888946 ], [ 85.5609933, 22.0917753 ], [ 85.5604361, 22.0960743 ], [ 85.5429796, 22.0904731 ], [ 85.5390152, 22.0971036 ], [ 85.5397757, 22.1018479 ], [ 85.5341265, 22.1026373 ], [ 85.5265445, 22.1089188 ], [ 85.5149734, 22.1156379 ], [ 85.4998624, 22.1201061 ], [ 85.4955293, 22.1196508 ], [ 85.4899062, 22.1210756 ], [ 85.4829297, 22.1275954 ], [ 85.4747044, 22.1289278 ], [ 85.4706881, 22.1341198 ], [ 85.4618711, 22.1399032 ], [ 85.446996, 22.1463738 ], [ 85.4429934, 22.1466653 ], [ 85.4387692, 22.1503461 ], [ 85.4341228, 22.150988 ], [ 85.4211455, 22.1587838 ], [ 85.4113715, 22.161823 ], [ 85.3978541, 22.1631854 ], [ 85.3920689, 22.1590326 ], [ 85.3847907, 22.1565942 ], [ 85.3751102, 22.1573742 ], [ 85.3713207, 22.1610258 ], [ 85.3661188, 22.1589145 ], [ 85.3654627, 22.1565463 ], [ 85.3665436, 22.1536261 ], [ 85.3639622, 22.1521416 ], [ 85.3634538, 22.1474806 ], [ 85.3602959, 22.1434796 ], [ 85.3618941, 22.1410976 ], [ 85.3608367, 22.1315135 ], [ 85.365301, 22.1277197 ], [ 85.363935, 22.1234565 ], [ 85.3575867, 22.1246255 ], [ 85.3505941, 22.1294999 ], [ 85.346194, 22.1302637 ], [ 85.3435376, 22.1273828 ], [ 85.3235121, 22.1276524 ], [ 85.3188431, 22.1208307 ], [ 85.3137169, 22.1202992 ], [ 85.3096498, 22.1179316 ], [ 85.3008677, 22.107034 ], [ 85.2813017, 22.0904281 ], [ 85.2751258, 22.0822889 ], [ 85.2726626, 22.0734355 ], [ 85.2708017, 22.0720966 ], [ 85.2670787, 22.0633709 ], [ 85.2627192, 22.0578817 ], [ 85.2585185, 22.0433431 ], [ 85.2517028, 22.0269722 ], [ 85.2441713, 22.0158062 ], [ 85.2405618, 22.01363 ], [ 85.2399321, 22.0110043 ], [ 85.2362925, 22.0098033 ], [ 85.2292092, 22.0124075 ], [ 85.2251432, 22.0163869 ], [ 85.2214333, 22.0179852 ], [ 85.2168673, 22.0335665 ], [ 85.2187267, 22.0379567 ], [ 85.2185865, 22.0409272 ], [ 85.2148474, 22.0433287 ], [ 85.2150785, 22.0477209 ], [ 85.2134473, 22.0496918 ], [ 85.2103974, 22.0494174 ], [ 85.1981689, 22.0559426 ], [ 85.1857154, 22.059213 ], [ 85.1805709, 22.0732328 ], [ 85.1746034, 22.0745899 ], [ 85.1717896, 22.0714052 ], [ 85.1676159, 22.0695056 ], [ 85.1712055, 22.0634186 ], [ 85.170829, 22.0566316 ], [ 85.1726773, 22.0552144 ], [ 85.1738656, 22.0513788 ], [ 85.1705987, 22.0514448 ], [ 85.1668507, 22.0537007 ], [ 85.1651237, 22.063808 ], [ 85.1603834, 22.0696571 ], [ 85.1605421, 22.074712 ], [ 85.1547989, 22.0788302 ], [ 85.1448234, 22.0797384 ], [ 85.1403317, 22.0776053 ], [ 85.1317918, 22.0768117 ], [ 85.12608, 22.0746023 ], [ 85.1211362, 22.0697997 ], [ 85.1200654, 22.0701768 ], [ 85.1186602, 22.0741992 ], [ 85.1125052, 22.0798422 ], [ 85.113808, 22.0835408 ], [ 85.1123989, 22.0870392 ], [ 85.1088057, 22.0875972 ], [ 85.1055749, 22.0902272 ], [ 85.10379, 22.0895308 ], [ 85.1005694, 22.0937233 ], [ 85.0999035, 22.0950709 ], [ 85.1016889, 22.0981155 ], [ 85.0999129, 22.1007053 ], [ 85.1001095, 22.1036348 ], [ 85.0988078, 22.1054452 ], [ 85.0957447, 22.1062072 ], [ 85.0948751, 22.1083564 ], [ 85.0916755, 22.1060102 ], [ 85.0889742, 22.1057283 ], [ 85.0704565, 22.112898 ], [ 85.0657448, 22.112901 ], [ 85.055269, 22.1156768 ], [ 85.0402982, 22.1158557 ], [ 85.0289218, 22.1093273 ], [ 85.0243137, 22.1103598 ], [ 85.0213427, 22.1084304 ], [ 85.0176451, 22.1034225 ], [ 85.0158009, 22.1036097 ], [ 85.0130608, 22.0987929 ], [ 85.0117395, 22.0914092 ], [ 85.010181, 22.0912473 ], [ 85.0086511, 22.0888606 ], [ 85.0065808, 22.0900602 ], [ 85.005514, 22.0878267 ], [ 85.0029886, 22.0874824 ], [ 84.9924654, 22.0812326 ], [ 84.9869495, 22.082823 ], [ 84.9845554, 22.0866068 ], [ 84.9833935, 22.0955248 ], [ 84.9914059, 22.0995615 ], [ 84.9994827, 22.1076985 ], [ 85.0106758, 22.1132693 ], [ 85.0191071, 22.1157655 ], [ 85.0268451, 22.122516 ], [ 85.0283013, 22.1284834 ], [ 85.0323523, 22.1347503 ], [ 85.0341655, 22.1470158 ], [ 85.0283446, 22.1571827 ], [ 85.0290983, 22.1634942 ], [ 85.0416241, 22.1729886 ], [ 85.0428299, 22.1773365 ], [ 85.0502555, 22.1791613 ], [ 85.0526581, 22.1824569 ], [ 85.0536881, 22.1853941 ], [ 85.0491874, 22.1954133 ], [ 85.0541504, 22.1979875 ], [ 85.0558176, 22.2027106 ], [ 85.0592102, 22.2059989 ], [ 85.0584903, 22.209251 ], [ 85.0722492, 22.237721 ], [ 85.0693619, 22.2435771 ], [ 85.0704185, 22.2444375 ], [ 85.0702469, 22.2480568 ], [ 85.0713411, 22.2490169 ], [ 85.0733229, 22.2480544 ], [ 85.0734862, 22.2497358 ], [ 85.0766019, 22.2527679 ], [ 85.076522, 22.256054 ], [ 85.0782035, 22.2573909 ], [ 85.0766435, 22.2610762 ], [ 85.0749651, 22.2610488 ], [ 85.0734086, 22.262901 ], [ 85.0745972, 22.2648464 ], [ 85.0721823, 22.2670503 ], [ 85.0738203, 22.2687569 ], [ 85.0714809, 22.2703567 ], [ 85.0706145, 22.2736522 ], [ 85.0996285, 22.2935734 ], [ 85.1064427, 22.2959047 ], [ 85.115997, 22.2940933 ], [ 85.1156015, 22.3025775 ], [ 85.1141297, 22.3054243 ], [ 85.116009, 22.3081084 ], [ 85.1141649, 22.3104455 ], [ 85.1154449, 22.3152814 ], [ 85.1180958, 22.3175946 ], [ 85.1153506, 22.3197774 ], [ 85.1063689, 22.3214774 ], [ 85.1006894, 22.3199168 ], [ 85.0954898, 22.3157064 ], [ 85.0907359, 22.3185804 ], [ 85.0893925, 22.3204259 ], [ 85.0938919, 22.3332794 ], [ 85.0957488, 22.3447406 ], [ 85.0946118, 22.3448275 ], [ 85.0946073, 22.3467328 ], [ 85.0833324, 22.3453361 ], [ 85.0826015, 22.3463124 ], [ 85.083839, 22.3490529 ], [ 85.0789228, 22.352367 ], [ 85.0766702, 22.3562068 ], [ 85.0789586, 22.361072 ], [ 85.0773878, 22.3655062 ], [ 85.0869619, 22.3825423 ], [ 85.0878682, 22.3884666 ], [ 85.0862243, 22.3894327 ], [ 85.0865256, 22.3994228 ], [ 85.0829122, 22.4071031 ], [ 85.0802333, 22.4100082 ], [ 85.079932, 22.4123163 ], [ 85.0820837, 22.4165298 ], [ 85.0753685, 22.4205547 ], [ 85.0677974, 22.4284253 ], [ 85.0663918, 22.4342605 ], [ 85.0674307, 22.4350757 ], [ 85.0668313, 22.4409109 ], [ 85.0610642, 22.4451262 ], [ 85.0605527, 22.4471249 ], [ 85.0602882, 22.4495598 ], [ 85.0642216, 22.4542357 ], [ 85.0771496, 22.4637522 ], [ 85.074027, 22.4655323 ], [ 85.0752411, 22.4686158 ], [ 85.0767458, 22.4687409 ], [ 85.0780035, 22.4775492 ], [ 85.076015, 22.4802899 ], [ 85.0717917, 22.4792044 ], [ 85.0698746, 22.4801671 ], [ 85.0672574, 22.4841693 ], [ 85.0596768, 22.4864452 ], [ 85.0521568, 22.4825142 ], [ 85.0442972, 22.4823259 ], [ 85.0439943, 22.4809592 ], [ 85.0416478, 22.4805534 ], [ 85.0380828, 22.4804315 ], [ 85.0380532, 22.4819571 ], [ 85.0359479, 22.4824297 ], [ 85.0362794, 22.4793728 ], [ 85.0376481, 22.4794876 ], [ 85.0371813, 22.4728191 ], [ 85.0354681, 22.4737838 ], [ 85.0193788, 22.4706024 ], [ 85.0115437, 22.4664225 ], [ 84.9828051, 22.4559955 ], [ 84.9730188, 22.4511231 ], [ 84.9648819, 22.4493302 ], [ 84.9593515, 22.4430537 ], [ 84.9566684, 22.4582254 ], [ 84.9449035, 22.4524615 ], [ 84.9433456, 22.4484326 ], [ 84.9402054, 22.4452039 ], [ 84.9319416, 22.446222 ], [ 84.9238567, 22.4435523 ], [ 84.9238734, 22.4409253 ], [ 84.9265635, 22.4395763 ], [ 84.9261511, 22.434949 ], [ 84.9158985, 22.4261141 ], [ 84.9102263, 22.4232832 ], [ 84.8992485, 22.4234303 ], [ 84.8855764, 22.4210794 ], [ 84.8855931, 22.426126 ], [ 84.8887069, 22.4292063 ], [ 84.8849002, 22.4374472 ], [ 84.885088, 22.4427577 ], [ 84.8823947, 22.4484662 ], [ 84.8729232, 22.4422655 ], [ 84.8730695, 22.4394688 ], [ 84.8537315, 22.435917 ], [ 84.8456257, 22.4362587 ], [ 84.8422259, 22.4342304 ], [ 84.8421645, 22.431738 ], [ 84.8385532, 22.4309257 ], [ 84.837384, 22.432527 ], [ 84.8176323, 22.437605 ], [ 84.8177832, 22.4446208 ], [ 84.812524, 22.4529313 ], [ 84.8057134, 22.4476726 ], [ 84.8014473, 22.4484579 ], [ 84.7990746, 22.4472994 ], [ 84.797297, 22.4486398 ], [ 84.7960399, 22.4462588 ], [ 84.7887459, 22.4481876 ], [ 84.7655144, 22.4486471 ], [ 84.7593155, 22.4474657 ], [ 84.7520611, 22.430604 ], [ 84.7497429, 22.418989 ], [ 84.7187735, 22.4198964 ], [ 84.7155642, 22.4172777 ], [ 84.698631, 22.4164022 ], [ 84.6859825, 22.4185493 ], [ 84.6838382, 22.4199201 ], [ 84.6760049, 22.4194194 ], [ 84.6741264, 22.4219132 ], [ 84.6680576, 22.4180644 ], [ 84.6521554, 22.4262063 ], [ 84.6372848, 22.4318122 ], [ 84.6310598, 22.4328087 ], [ 84.6286481, 22.434553 ], [ 84.6219608, 22.4315602 ], [ 84.6102981, 22.430937 ], [ 84.602588, 22.4288251 ], [ 84.5997414, 22.4309319 ], [ 84.5978545, 22.4347967 ], [ 84.5941813, 22.4300595 ], [ 84.5708956, 22.427404 ], [ 84.5492906, 22.4210417 ], [ 84.5475344, 22.4224819 ], [ 84.546942, 22.4260651 ], [ 84.540331, 22.4271895 ], [ 84.5380565, 22.42556 ], [ 84.5362015, 22.4273745 ], [ 84.5313613, 22.4258978 ], [ 84.5305383, 22.4227998 ], [ 84.5243943, 22.4199762 ], [ 84.5169805, 22.4193478 ], [ 84.5106449, 22.421026 ], [ 84.4895838, 22.4136385 ], [ 84.4824352, 22.413273 ], [ 84.4806911, 22.4101707 ], [ 84.4769801, 22.4080052 ], [ 84.4767311, 22.4052775 ], [ 84.4779254, 22.399254 ], [ 84.4802909, 22.3979786 ], [ 84.4788369, 22.394077 ], [ 84.4843985, 22.3925791 ], [ 84.4854524, 22.3909661 ], [ 84.48463, 22.3888474 ], [ 84.4760123, 22.3866516 ], [ 84.4611818, 22.3790507 ], [ 84.4532052, 22.3810476 ], [ 84.4534454, 22.3794631 ], [ 84.4495299, 22.3802899 ], [ 84.4349595, 22.3741652 ], [ 84.4315325, 22.3713806 ], [ 84.4306629, 22.3683644 ], [ 84.4322595, 22.365308 ], [ 84.4306661, 22.3640379 ], [ 84.4333138, 22.3627625 ], [ 84.4342689, 22.3604707 ], [ 84.429984, 22.3579301 ], [ 84.4295593, 22.3543967 ], [ 84.4281327, 22.3532658 ], [ 84.4236978, 22.3544365 ], [ 84.4204051, 22.3523484 ], [ 84.4161813, 22.3528084 ], [ 84.4003202, 22.3464623 ], [ 84.399686, 22.3478218 ], [ 84.3967648, 22.3474 ], [ 84.3921331, 22.3498649 ], [ 84.3883046, 22.3486821 ], [ 84.3830183, 22.3491123 ], [ 84.3795901, 22.3526233 ], [ 84.3703188, 22.3557318 ], [ 84.3678923, 22.3546575 ], [ 84.3656352, 22.3481984 ], [ 84.3584962, 22.3472746 ], [ 84.3567635, 22.3489714 ], [ 84.3444157, 22.3467807 ], [ 84.3395105, 22.3475504 ], [ 84.3299399, 22.344252 ], [ 84.324737, 22.3452772 ], [ 84.3168292, 22.3423149 ], [ 84.3133646, 22.3444405 ], [ 84.2953349, 22.3410248 ], [ 84.291505, 22.3421322 ], [ 84.2900369, 22.3468857 ], [ 84.2783646, 22.3492752 ], [ 84.2688108, 22.354552 ], [ 84.2606261, 22.3654255 ], [ 84.255608, 22.374425 ], [ 84.2514559, 22.3780779 ], [ 84.2430039, 22.3787003 ], [ 84.1989553, 22.3758149 ], [ 84.1848869, 22.3902287 ], [ 84.1659782, 22.3998516 ], [ 84.1561327, 22.4077351 ], [ 84.1409252, 22.425619 ], [ 84.1405477, 22.4413942 ], [ 84.1388954, 22.4477626 ], [ 84.1413809, 22.4533505 ], [ 84.1428915, 22.4642349 ], [ 84.1420626, 22.4715539 ], [ 84.1406843, 22.4739151 ], [ 84.1370002, 22.4737867 ], [ 84.1353506, 22.4765858 ], [ 84.1317124, 22.4762591 ], [ 84.1287976, 22.4775993 ], [ 84.1248406, 22.4749253 ], [ 84.1134899, 22.4756864 ], [ 84.1063086, 22.4806451 ], [ 84.1068562, 22.4827446 ], [ 84.1088319, 22.4826821 ], [ 84.1079463, 22.4837631 ], [ 84.1024768, 22.4840769 ], [ 84.0903068, 22.4892904 ], [ 84.0811501, 22.4939953 ], [ 84.0730521, 22.5009654 ], [ 84.070237, 22.5013522 ], [ 84.075278, 22.5028287 ], [ 84.075489, 22.5061981 ], [ 84.0651217, 22.5076077 ], [ 84.0645386, 22.5124796 ], [ 84.0613191, 22.5132418 ], [ 84.0597149, 22.5164318 ], [ 84.0530585, 22.5129032 ], [ 84.0492493, 22.5170406 ], [ 84.0365573, 22.5159709 ], [ 84.0341529, 22.5180395 ], [ 84.0296213, 22.519181 ], [ 84.0277133, 22.5205004 ], [ 84.0255203, 22.5257533 ], [ 84.0129286, 22.5233738 ], [ 84.0092112, 22.5255774 ], [ 84.0123422, 22.5276929 ], [ 84.0097005, 22.5284189 ], [ 84.0100169, 22.5316823 ], [ 84.0028459, 22.5459039 ], [ 84.0076505, 22.5524605 ], [ 84.0076167, 22.5611921 ], [ 84.0095054, 22.5730486 ], [ 84.0241735, 22.5858088 ], [ 84.0244333, 22.5918032 ], [ 84.0342248, 22.5923129 ], [ 84.0418255, 22.5953735 ], [ 84.0488493, 22.5952999 ], [ 84.0541257, 22.5981072 ], [ 84.05766, 22.6057724 ], [ 84.0637473, 22.6085925 ], [ 84.0695976, 22.6204298 ], [ 84.0840162, 22.6381164 ], [ 84.0934323, 22.6349406 ], [ 84.1045627, 22.6371769 ], [ 84.1108052, 22.6397549 ], [ 84.1234765, 22.637049 ], [ 84.139794, 22.6382318 ], [ 84.1524675, 22.6368006 ], [ 84.1562723, 22.6385335 ], [ 84.1632753, 22.6454279 ], [ 84.1726829, 22.6497012 ], [ 84.1801338, 22.6511059 ], [ 84.1880299, 22.6552275 ], [ 84.200188, 22.6664572 ], [ 84.2079017, 22.6683782 ], [ 84.2130819, 22.6677096 ], [ 84.2131888, 22.6657644 ], [ 84.2175442, 22.6658184 ], [ 84.2241214, 22.6698874 ], [ 84.2332074, 22.6792404 ], [ 84.2347494, 22.6861089 ], [ 84.2382117, 22.691734 ], [ 84.2351901, 22.6950554 ], [ 84.2329291, 22.7003329 ], [ 84.2344343, 22.7048928 ], [ 84.234127, 22.7105356 ], [ 84.232087, 22.725553 ], [ 84.2298491, 22.728065 ], [ 84.2300431, 22.7371611 ], [ 84.2312652, 22.7399617 ], [ 84.237599, 22.7456994 ], [ 84.2416547, 22.7474759 ], [ 84.2478178, 22.7548138 ], [ 84.2555668, 22.7601011 ], [ 84.2596454, 22.7669872 ], [ 84.2759547, 22.768705 ], [ 84.2794475, 22.7676619 ], [ 84.2853379, 22.7632281 ], [ 84.2893595, 22.7661171 ], [ 84.2898594, 22.7713747 ], [ 84.2922382, 22.7757103 ], [ 84.2911448, 22.7833828 ], [ 84.2979398, 22.7942737 ], [ 84.2993385, 22.7958872 ], [ 84.3057784, 22.7970712 ], [ 84.3075005, 22.8007673 ], [ 84.315098, 22.8006529 ], [ 84.3157251, 22.8119205 ], [ 84.3224281, 22.821025 ], [ 84.3228442, 22.8270016 ], [ 84.3253276, 22.8349776 ], [ 84.3251976, 22.8376467 ], [ 84.3217448, 22.8377449 ], [ 84.3229943, 22.8480165 ], [ 84.3242193, 22.8509423 ], [ 84.3336168, 22.8605685 ], [ 84.3347772, 22.8615475 ], [ 84.3380259, 22.8596667 ], [ 84.3442253, 22.8589835 ], [ 84.3492405, 22.8609824 ], [ 84.3519938, 22.864986 ], [ 84.3594498, 22.8605212 ], [ 84.3726008, 22.8653223 ], [ 84.3733566, 22.8715929 ], [ 84.3805139, 22.8766671 ], [ 84.3809203, 22.8790171 ], [ 84.3791875, 22.8837737 ], [ 84.3831511, 22.893427 ], [ 84.3824179, 22.8965185 ], [ 84.3756788, 22.9006939 ], [ 84.3751878, 22.9045037 ], [ 84.3775438, 22.9096318 ], [ 84.381359, 22.9126766 ], [ 84.3893082, 22.9152477 ], [ 84.3948529, 22.9231515 ], [ 84.3950993, 22.9369441 ], [ 84.3936827, 22.9424509 ], [ 84.3845655, 22.9506766 ], [ 84.3834452, 22.9595995 ], [ 84.3800951, 22.9704422 ], [ 84.377343, 22.9752451 ], [ 84.3728955, 22.9783759 ], [ 84.3649993, 22.9742334 ], [ 84.3510716, 22.9781247 ], [ 84.3481012, 22.9764214 ], [ 84.343758, 22.9761406 ], [ 84.3395522, 22.9799889 ], [ 84.3281069, 22.9819008 ], [ 84.3192832, 22.9772087 ], [ 84.3189819, 22.973607 ], [ 84.3129149, 22.9718561 ], [ 84.3107816, 22.9690149 ], [ 84.3076339, 22.9674342 ], [ 84.2841582, 22.9633906 ], [ 84.280536, 22.9639734 ], [ 84.2787751, 22.9669077 ], [ 84.2791277, 22.9709971 ], [ 84.2770771, 22.9717633 ], [ 84.2771236, 22.9742925 ], [ 84.2739989, 22.9811788 ], [ 84.2736793, 22.9836508 ], [ 84.276065, 22.9842079 ], [ 84.2785253, 22.9870404 ], [ 84.2767139, 22.9906677 ], [ 84.2785038, 22.9919332 ], [ 84.2778224, 22.9933694 ], [ 84.2747931, 22.9920713 ], [ 84.2742218, 22.9901979 ], [ 84.2705476, 22.9892215 ], [ 84.267127, 22.9832021 ], [ 84.2628979, 22.9808408 ], [ 84.2611019, 22.977146 ], [ 84.253025, 22.9729269 ], [ 84.2488124, 22.9738232 ], [ 84.244403, 22.9780362 ], [ 84.2410359, 22.9836137 ], [ 84.2339314, 22.9824152 ], [ 84.2303497, 22.9833294 ], [ 84.2187098, 22.9792892 ], [ 84.2165599, 22.9890358 ], [ 84.2076776, 22.9998997 ], [ 84.2008472, 23.0053429 ], [ 84.2013816, 23.0105622 ], [ 84.2034493, 23.0144564 ], [ 84.2016724, 23.0210664 ], [ 84.1967427, 23.0242103 ], [ 84.1858018, 23.0270917 ], [ 84.184961, 23.0256994 ], [ 84.1802398, 23.0244433 ], [ 84.1781223, 23.0120281 ], [ 84.1752408, 23.0095418 ], [ 84.1786863, 23.0005456 ], [ 84.1749961, 22.9971125 ], [ 84.1760974, 22.9849232 ], [ 84.1780793, 22.9811162 ], [ 84.1755135, 22.9760089 ], [ 84.1717816, 22.9707588 ], [ 84.1646639, 22.9695868 ], [ 84.1552586, 22.9660915 ], [ 84.1492484, 22.9656739 ], [ 84.1462984, 22.9770698 ], [ 84.1473213, 22.9880084 ], [ 84.1381808, 23.0040234 ], [ 84.1402035, 23.0095709 ], [ 84.1345913, 23.0173313 ], [ 84.1339502, 23.020209 ], [ 84.131216, 23.0223474 ], [ 84.1255495, 23.0364782 ], [ 84.1269721, 23.0441948 ], [ 84.1247312, 23.0478529 ], [ 84.126894, 23.05782 ], [ 84.1338936, 23.068629 ], [ 84.1327963, 23.0742025 ], [ 84.1344267, 23.079407 ], [ 84.1334605, 23.0830897 ], [ 84.1261718, 23.0893325 ], [ 84.1221146, 23.087968 ], [ 84.1157444, 23.0900275 ], [ 84.1140776, 23.0917239 ], [ 84.1129662, 23.0968848 ], [ 84.1089807, 23.0983047 ], [ 84.105658, 23.105088 ], [ 84.0932252, 23.1104504 ], [ 84.093171, 23.1127814 ], [ 84.0820468, 23.1121512 ], [ 84.0724052, 23.1090036 ], [ 84.0664033, 23.1106679 ], [ 84.0625855, 23.1134089 ], [ 84.0582994, 23.1261735 ], [ 84.0492056, 23.1345099 ], [ 84.0448487, 23.1348026 ], [ 84.0399825, 23.1371728 ], [ 84.037469, 23.1398786 ], [ 84.0366902, 23.1481705 ], [ 84.032477, 23.1541501 ], [ 84.0323943, 23.1604848 ], [ 84.0400325, 23.1742356 ], [ 84.0429353, 23.1826485 ], [ 84.0565327, 23.1931697 ], [ 84.058434, 23.1999383 ], [ 84.0622017, 23.2026146 ], [ 84.0631663, 23.2056496 ], [ 84.0557591, 23.2202827 ], [ 84.0590805, 23.2359866 ], [ 84.0538284, 23.2437466 ], [ 84.0537342, 23.2472989 ], [ 84.0598544, 23.2687886 ], [ 84.0627547, 23.2710211 ], [ 84.0645963, 23.2747239 ], [ 84.0624836, 23.288435 ], [ 84.0664537, 23.2908559 ], [ 84.0681196, 23.2937848 ], [ 84.0621862, 23.3076616 ], [ 84.0742825, 23.3291737 ], [ 84.0748205, 23.3331217 ], [ 84.0687229, 23.3382422 ], [ 84.0665836, 23.3440547 ], [ 84.0601577, 23.3501981 ], [ 84.0543267, 23.352395 ], [ 84.0520543, 23.3592826 ], [ 84.0534981, 23.3648209 ], [ 84.0523582, 23.3672629 ], [ 84.0482195, 23.3696953 ], [ 84.0508371, 23.3747685 ], [ 84.0364164, 23.3785196 ], [ 84.0238615, 23.3765033 ], [ 84.0162969, 23.3696075 ], [ 84.0118918, 23.3544739 ], [ 84.0048035, 23.3540094 ], [ 84.002599, 23.3573469 ], [ 83.9995602, 23.3573755 ], [ 83.9915265, 23.3601875 ], [ 83.9881654, 23.3629286 ], [ 83.9802782, 23.3645915 ], [ 83.9802565, 23.3681086 ], [ 83.9707478, 23.3791442 ], [ 83.9688189, 23.3834073 ], [ 83.9699393, 23.3838265 ], [ 83.9679498, 23.3854124 ], [ 83.9691392, 23.3866668 ], [ 83.9670024, 23.3875845 ], [ 83.9684758, 23.3891864 ], [ 83.9674988, 23.3910064 ], [ 83.9688927, 23.390816 ], [ 83.9688016, 23.3934887 ], [ 83.9703282, 23.3940973 ], [ 83.9716723, 23.3995096 ], [ 83.9728368, 23.3998881 ], [ 83.9714777, 23.4008777 ], [ 83.972154, 23.4026741 ], [ 83.9750943, 23.4031328 ], [ 83.977189, 23.4108697 ], [ 83.9801647, 23.41266 ], [ 83.9781406, 23.4141512 ], [ 83.9809038, 23.4192871 ], [ 83.9804751, 23.4215222 ], [ 83.9857624, 23.4258301 ], [ 83.9841238, 23.4262601 ], [ 83.9836413, 23.4285314 ], [ 83.9861627, 23.4305657 ], [ 83.9833158, 23.4313894 ], [ 83.9853053, 23.4350404 ], [ 83.9786852, 23.4473746 ], [ 83.9748322, 23.4512418 ], [ 83.9739431, 23.4598519 ], [ 83.98482, 23.4657092 ], [ 83.9889092, 23.4787398 ], [ 83.9985204, 23.48678 ], [ 84.0011263, 23.4937047 ], [ 84.0007831, 23.4969293 ], [ 84.0073621, 23.4976756 ], [ 84.0146489, 23.5034984 ], [ 84.0151633, 23.5089976 ], [ 84.0185835, 23.5173973 ], [ 84.0174679, 23.5226064 ], [ 84.0215865, 23.5276746 ], [ 84.0213144, 23.5311462 ], [ 84.028056, 23.5456019 ], [ 84.0265375, 23.5529463 ], [ 84.0243759, 23.5555634 ], [ 84.0264416, 23.5567656 ], [ 84.0295396, 23.5664018 ], [ 84.0280522, 23.5777687 ], [ 84.0292066, 23.579932 ], [ 84.02842, 23.5838592 ], [ 84.0297706, 23.5857607 ], [ 84.0281483, 23.5937099 ], [ 84.0300593, 23.5999954 ], [ 84.0285095, 23.6023285 ], [ 84.0212964, 23.6044638 ], [ 84.0167272, 23.60842 ], [ 84.0159845, 23.611959 ], [ 84.0110875, 23.6206055 ], [ 84.0077051, 23.6222959 ], [ 84.0086999, 23.6278541 ], [ 84.013931, 23.6302101 ], [ 84.0165933, 23.6343789 ], [ 83.9971355, 23.6344773 ], [ 83.9873611, 23.6322934 ], [ 83.9806499, 23.6336518 ], [ 83.9795093, 23.6287204 ], [ 83.9804493, 23.6248854 ], [ 83.9755038, 23.6257095 ], [ 83.9734862, 23.6240098 ], [ 83.9727469, 23.6259174 ], [ 83.9693501, 23.6266903 ], [ 83.9613438, 23.6251801 ], [ 83.9477535, 23.6267 ], [ 83.9425202, 23.6259923 ], [ 83.9319061, 23.6204135 ], [ 83.9305568, 23.6182586 ], [ 83.9306509, 23.6112384 ], [ 83.9338161, 23.6073575 ], [ 83.9329906, 23.6007538 ], [ 83.9391182, 23.5903077 ], [ 83.9380349, 23.5842493 ], [ 83.9398044, 23.5708565 ], [ 83.9376938, 23.5689921 ], [ 83.9187939, 23.5763609 ], [ 83.9085657, 23.5762479 ], [ 83.900172, 23.5801504 ], [ 83.8993944, 23.5824088 ], [ 83.8944542, 23.582653 ], [ 83.8880646, 23.5787622 ], [ 83.8530531, 23.5870533 ], [ 83.844682, 23.5866488 ], [ 83.8386048, 23.5893945 ], [ 83.8258746, 23.5907139 ], [ 83.8152899, 23.5960194 ], [ 83.8120535, 23.5889509 ], [ 83.8072235, 23.5874711 ], [ 83.8054186, 23.5888235 ], [ 83.8043788, 23.5953711 ], [ 83.8006439, 23.6020163 ], [ 83.7942852, 23.6049981 ], [ 83.7898699, 23.6045639 ], [ 83.7753201, 23.6089542 ], [ 83.7724817, 23.6108983 ], [ 83.7763718, 23.617593 ], [ 83.7751391, 23.6219435 ], [ 83.7723522, 23.6237804 ], [ 83.759449, 23.6260107 ], [ 83.7566576, 23.6300035 ], [ 83.7553863, 23.6346959 ], [ 83.7519193, 23.6386656 ], [ 83.751794, 23.6413607 ], [ 83.753213, 23.6433935 ], [ 83.760575, 23.6478966 ], [ 83.7611238, 23.651463 ], [ 83.7462345, 23.662989 ], [ 83.7388528, 23.6667676 ], [ 83.7300066, 23.6758384 ], [ 83.7228596, 23.6858647 ], [ 83.7230224, 23.6887645 ], [ 83.7321158, 23.6950019 ], [ 83.7350702, 23.7003065 ], [ 83.7421159, 23.7038294 ], [ 83.746068, 23.7194949 ], [ 83.7394762, 23.7343156 ], [ 83.737736, 23.7604897 ], [ 83.7341117, 23.7646988 ], [ 83.7243057, 23.7687227 ], [ 83.7215894, 23.771489 ], [ 83.7226227, 23.7865785 ], [ 83.7126592, 23.8006762 ], [ 83.705136, 23.803872 ], [ 83.7043903, 23.8066078 ], [ 83.7072153, 23.8131824 ], [ 83.7076381, 23.8174139 ], [ 83.705347, 23.8207573 ], [ 83.7025941, 23.8229721 ], [ 83.6914931, 23.8264152 ], [ 83.688729, 23.82558 ], [ 83.6852828, 23.8203271 ], [ 83.6828158, 23.8193808 ], [ 83.6786873, 23.8216828 ], [ 83.67434, 23.8271738 ], [ 83.6644908, 23.8276555 ], [ 83.6633508, 23.8311946 ], [ 83.6684876, 23.8366649 ], [ 83.6665566, 23.8442829 ], [ 83.6594941, 23.8492635 ], [ 83.6546419, 23.8498978 ], [ 83.6463356, 23.846776 ], [ 83.6433793, 23.8469281 ], [ 83.6180859, 23.8554866 ], [ 83.6102878, 23.8539709 ], [ 83.5896991, 23.8633136 ], [ 83.5824152, 23.8635129 ], [ 83.5746575, 23.8612113 ], [ 83.5711901, 23.8621354 ], [ 83.5689351, 23.8661809 ], [ 83.5694865, 23.8690801 ], [ 83.5744186, 23.8732678 ], [ 83.5813622, 23.8755874 ], [ 83.5835315, 23.8777827 ], [ 83.5860341, 23.8826107 ], [ 83.5857579, 23.8864027 ], [ 83.5805734, 23.8910328 ], [ 83.5763343, 23.8929142 ], [ 83.5704262, 23.8944514 ], [ 83.5628528, 23.8925502 ], [ 83.5591542, 23.8929005 ], [ 83.5555618, 23.8948047 ], [ 83.5534441, 23.8980682 ], [ 83.5469193, 23.9143045 ], [ 83.5492422, 23.931019 ], [ 83.5473902, 23.9375448 ], [ 83.5413733, 23.9434447 ], [ 83.535361, 23.9524566 ], [ 83.5264876, 23.9605013 ], [ 83.5226015, 23.9703275 ], [ 83.5175325, 23.9759229 ], [ 83.5153032, 23.9806894 ], [ 83.5154946, 23.9899855 ], [ 83.5138012, 23.9963519 ], [ 83.515214, 23.9993069 ], [ 83.5229294, 24.0063618 ], [ 83.5239034, 24.0113779 ], [ 83.5218259, 24.0159631 ], [ 83.5161688, 24.0224509 ], [ 83.5157225, 24.0271636 ], [ 83.5082628, 24.0311578 ], [ 83.4997501, 24.0325589 ], [ 83.4935334, 24.0363084 ], [ 83.4778092, 24.0411945 ], [ 83.4528894, 24.0419904 ], [ 83.4448688, 24.0528197 ], [ 83.4420461, 24.0538405 ], [ 83.4377735, 24.0581674 ], [ 83.4367974, 24.0628474 ], [ 83.4386181, 24.0713594 ], [ 83.4377313, 24.0762185 ], [ 83.4347228, 24.0835447 ], [ 83.4322474, 24.0859808 ], [ 83.4267148, 24.0864797 ], [ 83.4212247, 24.0827205 ], [ 83.4066442, 24.0804442 ], [ 83.4030158, 24.0857391 ], [ 83.4011069, 24.092031 ], [ 83.3882891, 24.0999615 ], [ 83.3642422, 24.1032854 ], [ 83.3544944, 24.1001994 ], [ 83.3477461, 24.0962928 ], [ 83.3293539, 24.101329 ], [ 83.3401561, 24.1090146 ], [ 83.3449091, 24.1108513 ], [ 83.3503653, 24.121499 ], [ 83.3540621, 24.1249067 ], [ 83.3548107, 24.1355862 ], [ 83.3587603, 24.1403518 ], [ 83.3615608, 24.1488442 ], [ 83.3619759, 24.1563948 ], [ 83.3717721, 24.1742893 ], [ 83.3753835, 24.1839461 ], [ 83.3750224, 24.1861012 ], [ 83.3829919, 24.197918 ], [ 83.3813937, 24.2001892 ], [ 83.3818492, 24.2046018 ], [ 83.380361, 24.2050625 ], [ 83.3806487, 24.2077573 ], [ 83.3786165, 24.2107577 ], [ 83.3793722, 24.2132472 ], [ 83.3830068, 24.2147948 ], [ 83.3812208, 24.2170885 ], [ 83.3846245, 24.220543 ], [ 83.3813354, 24.2259038 ], [ 83.3785709, 24.2266581 ], [ 83.3787319, 24.2303607 ], [ 83.3811547, 24.2339693 ], [ 83.3848843, 24.2360545 ], [ 83.3852405, 24.2391117 ], [ 83.3976396, 24.2438439 ], [ 83.4003159, 24.2563912 ], [ 83.4075334, 24.2621274 ], [ 83.4091018, 24.2663282 ], [ 83.4078183, 24.2694855 ], [ 83.4078938, 24.2811041 ], [ 83.4063497, 24.2859558 ], [ 83.4071667, 24.2887821 ], [ 83.4017739, 24.2922715 ], [ 83.4014946, 24.2955391 ], [ 83.392358, 24.2959868 ], [ 83.3861866, 24.2988285 ], [ 83.3854464, 24.3040263 ], [ 83.3830852, 24.3084748 ], [ 83.3802274, 24.3102377 ], [ 83.3800328, 24.3131317 ], [ 83.3851184, 24.3170504 ], [ 83.3877692, 24.3161951 ], [ 83.3921045, 24.3247846 ], [ 83.3944611, 24.3257049 ], [ 83.3972502, 24.3297416 ], [ 83.3998257, 24.3307126 ], [ 83.4047756, 24.3358555 ], [ 83.4114159, 24.3398644 ], [ 83.4209691, 24.3379886 ], [ 83.4334599, 24.3387791 ], [ 83.4340414, 24.3429692 ], [ 83.4394727, 24.3462541 ], [ 83.4432713, 24.3526574 ], [ 83.445166, 24.3588447 ], [ 83.4572662, 24.3645495 ], [ 83.4485439, 24.3701002 ], [ 83.4479698, 24.3737309 ], [ 83.4495024, 24.3770322 ], [ 83.4453719, 24.3782342 ], [ 83.4422666, 24.386081 ], [ 83.4388028, 24.3877314 ], [ 83.4397569, 24.3888273 ], [ 83.4374886, 24.3920934 ], [ 83.4335156, 24.3932807 ], [ 83.433951, 24.3949596 ], [ 83.4326758, 24.3961744 ], [ 83.4360368, 24.3992483 ], [ 83.4344185, 24.4007526 ], [ 83.4300187, 24.3999453 ], [ 83.4235558, 24.4045372 ], [ 83.418938, 24.4062139 ], [ 83.4134147, 24.4047301 ], [ 83.4050702, 24.4047845 ], [ 83.4033141, 24.4198152 ], [ 83.4048941, 24.4359986 ], [ 83.3941182, 24.4346481 ], [ 83.3935412, 24.4374269 ], [ 83.3907372, 24.4394223 ], [ 83.3898059, 24.444785 ], [ 83.3865682, 24.448162 ], [ 83.3854169, 24.4570192 ], [ 83.3903969, 24.4640579 ], [ 83.3909258, 24.4735762 ], [ 83.3934661, 24.4753867 ], [ 83.3935317, 24.4779228 ], [ 83.3965615, 24.4812334 ], [ 83.3981967, 24.4854177 ], [ 83.3975532, 24.487589 ], [ 83.3953622, 24.4887273 ], [ 83.3983664, 24.4929483 ], [ 83.3960862, 24.4944697 ], [ 83.4015049, 24.5034332 ], [ 83.4294296, 24.5109331 ], [ 83.4689383, 24.5167346 ], [ 83.4841987, 24.5221066 ], [ 83.504633, 24.5255805 ], [ 83.550927, 24.5233127 ], [ 83.5725214, 24.5165462 ], [ 83.5970041, 24.5124631 ], [ 83.6288954, 24.5124882 ], [ 83.652395, 24.5148015 ], [ 83.6783114, 24.5130567 ], [ 83.6881643, 24.5136759 ], [ 83.6919619, 24.5110561 ], [ 83.7059814, 24.5080294 ], [ 83.7155198, 24.5037762 ], [ 83.7205663, 24.5034526 ], [ 83.7276068, 24.5042515 ], [ 83.7464678, 24.510169 ], [ 83.7555383, 24.5097244 ], [ 83.7847939, 24.5207684 ], [ 83.8001832, 24.5295318 ], [ 83.816503, 24.5290822 ], [ 83.8428921, 24.5326966 ], [ 83.8535055, 24.535985 ], [ 83.8617562, 24.5367259 ], [ 83.8731464, 24.5317504 ], [ 83.8886202, 24.5378712 ], [ 83.8990569, 24.5405691 ], [ 83.9092566, 24.5412122 ], [ 83.9361324, 24.5491159 ], [ 83.9430691, 24.5581594 ], [ 83.9553326, 24.5678897 ], [ 83.967324, 24.5815733 ], [ 83.9689704, 24.5856484 ], [ 83.9754158, 24.5914125 ], [ 83.994007, 24.6316977 ], [ 84.0077915, 24.6428916 ], [ 84.0207843, 24.6383466 ], [ 84.0273071, 24.633494 ], [ 84.0266612, 24.6322071 ], [ 84.0233284, 24.6314194 ], [ 84.0243875, 24.6285988 ], [ 84.0334432, 24.6300266 ], [ 84.0343718, 24.6228724 ], [ 84.0330848, 24.6203754 ], [ 84.037188, 24.6206081 ], [ 84.0392195, 24.6176842 ], [ 84.0425717, 24.6186024 ], [ 84.0453199, 24.6142208 ], [ 84.0446997, 24.61116 ], [ 84.0489259, 24.6117038 ], [ 84.0520228, 24.6099224 ], [ 84.0508834, 24.6080124 ], [ 84.0487054, 24.6090044 ], [ 84.0468963, 24.6041825 ], [ 84.0489306, 24.6040436 ], [ 84.0503154, 24.6000494 ], [ 84.0572068, 24.5924782 ], [ 84.0509503, 24.5866386 ], [ 84.0541947, 24.5849113 ], [ 84.0617566, 24.586463 ], [ 84.0624838, 24.583326 ], [ 84.0649087, 24.5810294 ], [ 84.063162, 24.5796338 ], [ 84.060608, 24.5736472 ], [ 84.0636586, 24.5733912 ], [ 84.0635908, 24.5707821 ], [ 84.0683096, 24.5705988 ], [ 84.0688541, 24.5672812 ], [ 84.072867, 24.5672059 ], [ 84.0733179, 24.5629312 ], [ 84.0756185, 24.5613883 ], [ 84.0724903, 24.5590896 ], [ 84.0727291, 24.5547201 ], [ 84.0750394, 24.5531139 ], [ 84.077633, 24.5463255 ], [ 84.0780695, 24.5404169 ], [ 84.0824912, 24.5398268 ], [ 84.0856353, 24.5376429 ], [ 84.0852761, 24.5345371 ], [ 84.0892333, 24.5357975 ], [ 84.0932161, 24.5336452 ], [ 84.0888303, 24.5296989 ], [ 84.0872391, 24.5210903 ], [ 84.0885723, 24.5177637 ], [ 84.0863424, 24.5170499 ], [ 84.0846167, 24.5135556 ], [ 84.0852042, 24.5125626 ], [ 84.0878387, 24.5127393 ], [ 84.086231, 24.5104593 ], [ 84.0856258, 24.5051822 ], [ 84.0919655, 24.5043081 ], [ 84.0921978, 24.5026153 ], [ 84.0890456, 24.5018247 ], [ 84.0899052, 24.4977674 ], [ 84.0908279, 24.4968874 ], [ 84.0919031, 24.4977407 ], [ 84.0919579, 24.4956011 ], [ 84.0944053, 24.4932182 ], [ 84.0982777, 24.4926681 ], [ 84.1000008, 24.4853737 ], [ 84.1043226, 24.4805263 ], [ 84.1108091, 24.4767352 ], [ 84.1172159, 24.4804598 ], [ 84.1218277, 24.4814395 ], [ 84.1247379, 24.4807399 ], [ 84.1251375, 24.4919122 ], [ 84.1276088, 24.4952391 ], [ 84.1301149, 24.497505 ], [ 84.1371495, 24.4979651 ], [ 84.1405339, 24.5005333 ], [ 84.1390896, 24.509895 ], [ 84.1365349, 24.5195914 ], [ 84.1345811, 24.5204221 ], [ 84.134305, 24.5243223 ], [ 84.1442791, 24.5382517 ], [ 84.1537432, 24.5358172 ], [ 84.159575, 24.5322905 ], [ 84.1634884, 24.5334045 ], [ 84.1642072, 24.5281815 ], [ 84.1573554, 24.5224927 ], [ 84.1524558, 24.5151746 ], [ 84.1536835, 24.5115722 ], [ 84.1697494, 24.5033302 ], [ 84.1786255, 24.5056385 ], [ 84.1840305, 24.5137674 ], [ 84.1849469, 24.5195936 ], [ 84.1846715, 24.5214444 ], [ 84.1814986, 24.5208182 ], [ 84.1739611, 24.537893 ], [ 84.173184, 24.5447004 ], [ 84.1843173, 24.5447912 ], [ 84.1879366, 24.5488028 ], [ 84.1872329, 24.5529289 ], [ 84.199927, 24.5539975 ], [ 84.1992716, 24.547299 ], [ 84.2019787, 24.543578 ], [ 84.2095027, 24.5410056 ], [ 84.2095031, 24.5341803 ], [ 84.2150633, 24.5327191 ], [ 84.218691, 24.5338454 ], [ 84.2208763, 24.5460906 ], [ 84.2333256, 24.5498649 ], [ 84.2363998, 24.549321 ], [ 84.2362672, 24.5389162 ], [ 84.2423491, 24.541453 ], [ 84.24459, 24.5367386 ], [ 84.2496253, 24.5347061 ], [ 84.2509599, 24.5323554 ], [ 84.2504528, 24.5279453 ], [ 84.2567927, 24.5268846 ], [ 84.259021, 24.534339 ], [ 84.2638568, 24.5344419 ], [ 84.2648306, 24.5381261 ], [ 84.2681176, 24.5382982 ], [ 84.2692873, 24.543185 ], [ 84.2773751, 24.5437818 ], [ 84.2798641, 24.5478732 ], [ 84.2737229, 24.5504195 ], [ 84.2738385, 24.5540309 ], [ 84.2708772, 24.5541146 ], [ 84.2705317, 24.5600142 ], [ 84.2815488, 24.5588659 ], [ 84.284554, 24.5593959 ], [ 84.2894676, 24.5628159 ], [ 84.2968378, 24.5605764 ], [ 84.2981321, 24.5587624 ], [ 84.2997435, 24.5463993 ], [ 84.3113666, 24.534465 ], [ 84.3129971, 24.5301774 ], [ 84.3124133, 24.5234647 ], [ 84.3224718, 24.5166975 ], [ 84.3222238, 24.5080891 ], [ 84.3238979, 24.5039458 ], [ 84.3274087, 24.5005338 ], [ 84.3264227, 24.4939846 ], [ 84.3275283, 24.4923554 ], [ 84.3274463, 24.4873403 ], [ 84.3151841, 24.4861848 ], [ 84.3084929, 24.4817266 ], [ 84.3037387, 24.4805327 ], [ 84.2960978, 24.4734779 ], [ 84.296031, 24.4698982 ], [ 84.2915007, 24.4664154 ], [ 84.2925545, 24.4614731 ], [ 84.296261, 24.4569248 ], [ 84.2973752, 24.4493914 ], [ 84.321791, 24.4463685 ], [ 84.3221275, 24.4434931 ], [ 84.3245296, 24.4418012 ], [ 84.3251224, 24.4390523 ], [ 84.3279823, 24.4390758 ], [ 84.3337932, 24.4319271 ], [ 84.3356028, 24.4314897 ], [ 84.3352091, 24.4292822 ], [ 84.3368066, 24.4288493 ], [ 84.3355654, 24.4248991 ], [ 84.3334253, 24.4260361 ], [ 84.3290425, 24.4251365 ], [ 84.3244515, 24.4274689 ], [ 84.3205978, 24.423292 ], [ 84.3205346, 24.421071 ], [ 84.3228235, 24.4179435 ], [ 84.3297004, 24.4191961 ], [ 84.3303453, 24.4217107 ], [ 84.3345265, 24.420642 ], [ 84.3329792, 24.4183394 ], [ 84.3336269, 24.4126924 ], [ 84.3303493, 24.4105924 ], [ 84.3331366, 24.4046977 ], [ 84.3445545, 24.399446 ], [ 84.3416231, 24.3935455 ], [ 84.3492933, 24.3907572 ], [ 84.3614187, 24.3890028 ], [ 84.363277, 24.3883169 ], [ 84.3634843, 24.3854775 ], [ 84.3691917, 24.3854372 ], [ 84.3731896, 24.3836224 ], [ 84.3787042, 24.3879787 ], [ 84.3882417, 24.3892919 ], [ 84.3867085, 24.3852338 ], [ 84.3888179, 24.3845068 ], [ 84.3869448, 24.3823266 ], [ 84.3935286, 24.3766652 ], [ 84.3938731, 24.3733924 ], [ 84.3986238, 24.3727417 ], [ 84.4065736, 24.3748935 ], [ 84.4052074, 24.3703842 ], [ 84.4005742, 24.3667782 ], [ 84.400357, 24.364625 ], [ 84.4043137, 24.3629496 ], [ 84.4100447, 24.3625782 ], [ 84.4165138, 24.3590014 ], [ 84.4311136, 24.3565229 ], [ 84.4273237, 24.3551294 ], [ 84.4249808, 24.3491941 ], [ 84.4249882, 24.3431135 ], [ 84.4230146, 24.3354852 ], [ 84.4244017, 24.3298375 ], [ 84.451278, 24.3328148 ], [ 84.4518325, 24.3372971 ], [ 84.459607, 24.3370943 ], [ 84.4655694, 24.3313986 ], [ 84.4637589, 24.328023 ], [ 84.4676337, 24.3246261 ], [ 84.4647984, 24.3210164 ], [ 84.4663919, 24.3173093 ], [ 84.4722766, 24.3146559 ], [ 84.4771652, 24.3171445 ], [ 84.4844914, 24.3126704 ], [ 84.4870879, 24.3133456 ], [ 84.4882772, 24.3157327 ], [ 84.4898591, 24.3164584 ], [ 84.4923903, 24.3208893 ], [ 84.4957181, 24.3236133 ], [ 84.4954635, 24.3253424 ], [ 84.5000172, 24.3292651 ], [ 84.5052855, 24.3313314 ], [ 84.5076215, 24.3248097 ], [ 84.5053585, 24.3244993 ], [ 84.5034547, 24.3205321 ], [ 84.4990961, 24.3197994 ], [ 84.4975018, 24.316256 ], [ 84.4886068, 24.3151953 ], [ 84.4843542, 24.3019674 ], [ 84.4887861, 24.3008536 ], [ 84.490567, 24.3039445 ], [ 84.4968184, 24.2995834 ], [ 84.4941997, 24.2961231 ], [ 84.4891597, 24.2945199 ], [ 84.4893046, 24.2912651 ], [ 84.4917378, 24.2861487 ], [ 84.4959043, 24.2860687 ], [ 84.5018846, 24.2883869 ], [ 84.5046353, 24.2959954 ], [ 84.5070124, 24.2978887 ], [ 84.5098475, 24.3052263 ], [ 84.5089837, 24.3126333 ], [ 84.5099707, 24.3160512 ], [ 84.5167423, 24.3177264 ], [ 84.5231879, 24.332966 ], [ 84.5314409, 24.3382077 ], [ 84.5311683, 24.3404781 ], [ 84.525927, 24.345711 ], [ 84.5245242, 24.3500482 ], [ 84.5335882, 24.3596824 ], [ 84.5351231, 24.3631502 ], [ 84.5283315, 24.3711494 ], [ 84.5278205, 24.3757353 ], [ 84.5322144, 24.3783337 ], [ 84.5403773, 24.3759686 ], [ 84.5469211, 24.3772451 ], [ 84.5496585, 24.3734547 ], [ 84.5537935, 24.3728564 ], [ 84.5549651, 24.3752268 ], [ 84.5592225, 24.3761767 ], [ 84.5682926, 24.3821661 ], [ 84.572359, 24.38262 ], [ 84.5744123, 24.3856305 ], [ 84.5741004, 24.3891604 ], [ 84.5659445, 24.3924597 ], [ 84.5620953, 24.3966266 ], [ 84.5656397, 24.4012893 ], [ 84.5681915, 24.4094399 ], [ 84.5784544, 24.4102786 ], [ 84.582752, 24.4131237 ], [ 84.5843838, 24.4126727 ], [ 84.5885456, 24.408557 ], [ 84.5868277, 24.4005803 ], [ 84.5917222, 24.4011728 ], [ 84.5945457, 24.4048388 ], [ 84.5967836, 24.4050921 ], [ 84.6028076, 24.4034546 ], [ 84.6044839, 24.4012745 ], [ 84.6144313, 24.3992219 ], [ 84.6168218, 24.4017003 ], [ 84.6193308, 24.4003733 ], [ 84.6220714, 24.4037185 ], [ 84.6249847, 24.4017143 ], [ 84.6272772, 24.4017885 ], [ 84.6307875, 24.4054444 ], [ 84.6359532, 24.4017609 ], [ 84.6361937, 24.4004457 ], [ 84.6411587, 24.4001515 ], [ 84.642545, 24.3988751 ], [ 84.6447829, 24.3991002 ], [ 84.6451117, 24.4023333 ], [ 84.6462606, 24.4031102 ], [ 84.6499521, 24.3979968 ], [ 84.6563915, 24.3966929 ], [ 84.6610945, 24.39193 ], [ 84.6650665, 24.3908777 ], [ 84.6680898, 24.3985861 ], [ 84.6687709, 24.4028237 ], [ 84.6676143, 24.4044011 ], [ 84.6703306, 24.4049195 ], [ 84.6701791, 24.4085263 ], [ 84.6685968, 24.4097171 ], [ 84.6718755, 24.410926 ], [ 84.6737384, 24.4098194 ], [ 84.6744783, 24.4109478 ], [ 84.6734638, 24.4135572 ], [ 84.674559, 24.4154573 ], [ 84.6733567, 24.4169158 ], [ 84.6759585, 24.4260109 ], [ 84.6705012, 24.4281164 ], [ 84.6723132, 24.4314891 ], [ 84.6769237, 24.4354219 ], [ 84.6790894, 24.4355904 ], [ 84.6820766, 24.444812 ], [ 84.6813581, 24.4464336 ], [ 84.685318, 24.4551246 ], [ 84.68827, 24.4578548 ], [ 84.6909923, 24.457847 ], [ 84.7025386, 24.4622271 ], [ 84.7033007, 24.4660693 ], [ 84.7073509, 24.4676067 ], [ 84.7102048, 24.4712404 ], [ 84.7162121, 24.4719972 ], [ 84.7172022, 24.4701436 ], [ 84.7203034, 24.4688138 ], [ 84.7290127, 24.4701546 ], [ 84.7431116, 24.4849795 ], [ 84.7463972, 24.4861299 ], [ 84.7480495, 24.495998 ], [ 84.7555808, 24.4999639 ], [ 84.7634251, 24.5002493 ], [ 84.7779547, 24.5044816 ], [ 84.7860903, 24.5038276 ], [ 84.7895066, 24.5076981 ], [ 84.7894649, 24.5182835 ], [ 84.7973219, 24.5225807 ], [ 84.7966145, 24.5255506 ], [ 84.8018911, 24.5307444 ], [ 84.8082561, 24.5220398 ], [ 84.8112661, 24.5216348 ], [ 84.8255585, 24.5254274 ], [ 84.8389388, 24.5126113 ], [ 84.8398483, 24.5067117 ], [ 84.8382165, 24.4976828 ], [ 84.8353382, 24.4964772 ], [ 84.8337764, 24.4935904 ], [ 84.8353691, 24.4851241 ], [ 84.8333457, 24.4775181 ], [ 84.8342252, 24.4729501 ], [ 84.832924, 24.4702142 ], [ 84.8406135, 24.4688935 ], [ 84.8401077, 24.4607816 ], [ 84.8376518, 24.460483 ], [ 84.8370653, 24.4591017 ], [ 84.8400953, 24.4521913 ], [ 84.8487838, 24.4544501 ], [ 84.8509078, 24.4620387 ], [ 84.854014, 24.4667066 ], [ 84.8632125, 24.4611102 ], [ 84.8639921, 24.4572733 ], [ 84.8709553, 24.4582893 ], [ 84.8725186, 24.4613409 ], [ 84.8725037, 24.466487 ], [ 84.874802, 24.4672137 ], [ 84.8797124, 24.4660328 ], [ 84.8828094, 24.4620533 ], [ 84.884605, 24.4649907 ], [ 84.8872773, 24.4632833 ], [ 84.8856597, 24.4588475 ], [ 84.8867007, 24.4532316 ], [ 84.8852755, 24.4525161 ], [ 84.8859327, 24.4456392 ], [ 84.8846579, 24.4407994 ], [ 84.8874387, 24.431964 ], [ 84.8849036, 24.4278992 ], [ 84.8854805, 24.4257526 ], [ 84.8822813, 24.4247674 ], [ 84.8863337, 24.4214945 ], [ 84.8913516, 24.4140502 ], [ 84.8926371, 24.4050354 ], [ 84.9042166, 24.3954054 ], [ 84.9049869, 24.3901007 ], [ 84.9089826, 24.3835364 ], [ 84.9003412, 24.3768165 ], [ 84.9038295, 24.3722475 ], [ 84.9161998, 24.373301 ], [ 84.9228594, 24.3775288 ], [ 84.9374833, 24.3799205 ], [ 84.9408131, 24.3762536 ], [ 84.9547919, 24.371331 ], [ 84.9609042, 24.3734223 ], [ 84.9748867, 24.3747138 ], [ 84.9812444, 24.3808352 ], [ 84.9837388, 24.3872479 ], [ 84.9969306, 24.3946998 ], [ 84.9983022, 24.3975621 ], [ 85.0026895, 24.3972769 ], [ 85.0191233, 24.4091028 ], [ 85.0311674, 24.4145728 ], [ 85.035654, 24.413948 ], [ 85.0387366, 24.4119546 ], [ 85.0423387, 24.4142814 ], [ 85.0458024, 24.4095434 ], [ 85.0488746, 24.4078883 ], [ 85.0611109, 24.4058626 ], [ 85.0616476, 24.4070997 ], [ 85.0629738, 24.4069242 ], [ 85.0690698, 24.4222114 ], [ 85.0810217, 24.4330357 ], [ 85.0798052, 24.4154619 ], [ 85.0818665, 24.4139051 ], [ 85.0820186, 24.4159004 ], [ 85.0830885, 24.4155802 ], [ 85.0810706, 24.4059916 ], [ 85.0831283, 24.3997131 ], [ 85.082621, 24.3983497 ], [ 85.0783332, 24.3966872 ], [ 85.0773339, 24.3930575 ], [ 85.0800645, 24.393415 ], [ 85.073239, 24.3782272 ], [ 85.0740379, 24.3770313 ], [ 85.0853342, 24.3760776 ], [ 85.0890463, 24.3724989 ], [ 85.0986857, 24.3735933 ], [ 85.103431, 24.377079 ], [ 85.1042094, 24.3786816 ], [ 85.1026904, 24.3848748 ], [ 85.1075647, 24.386189 ], [ 85.1168108, 24.3914308 ], [ 85.1166183, 24.3934982 ], [ 85.1230555, 24.401976 ], [ 85.1276547, 24.4019985 ], [ 85.1326089, 24.4051041 ], [ 85.1438041, 24.4071796 ], [ 85.1508342, 24.4101263 ], [ 85.1522199, 24.4120175 ], [ 85.1622916, 24.4126203 ], [ 85.165408, 24.4194311 ], [ 85.1696532, 24.4212457 ], [ 85.1739045, 24.4206203 ], [ 85.1753452, 24.4238476 ], [ 85.170338, 24.4291443 ], [ 85.1703493, 24.4331573 ], [ 85.1665736, 24.4365801 ], [ 85.1639231, 24.4438936 ], [ 85.162237, 24.4449549 ], [ 85.1571924, 24.4443963 ], [ 85.1544319, 24.4481661 ], [ 85.1552909, 24.4525221 ], [ 85.1540537, 24.4549915 ], [ 85.1607521, 24.4603393 ], [ 85.1673115, 24.4611185 ], [ 85.1721685, 24.4590406 ], [ 85.1805684, 24.4624549 ], [ 85.1912657, 24.4630736 ], [ 85.1999046, 24.4604695 ], [ 85.2026865, 24.4613122 ], [ 85.2065766, 24.4673274 ], [ 85.2221006, 24.4650928 ], [ 85.2259832, 24.4633569 ], [ 85.2322078, 24.473094 ], [ 85.2368965, 24.4710548 ], [ 85.24128, 24.4752134 ], [ 85.2420238, 24.4795825 ], [ 85.2401709, 24.4814979 ], [ 85.2454468, 24.4847078 ], [ 85.2491092, 24.490728 ], [ 85.2669722, 24.4912616 ], [ 85.2748636, 24.4931723 ], [ 85.2823533, 24.491818 ], [ 85.2848791, 24.4946358 ], [ 85.2838742, 24.4988262 ], [ 85.285585, 24.5022959 ], [ 85.2834329, 24.5033151 ], [ 85.2805738, 24.5124721 ], [ 85.2808175, 24.5145165 ], [ 85.2833258, 24.516982 ], [ 85.2813744, 24.5202172 ], [ 85.2880866, 24.5232607 ], [ 85.3040287, 24.5231923 ], [ 85.3222024, 24.5199903 ], [ 85.3338855, 24.5216912 ], [ 85.3360856, 24.5233169 ], [ 85.3501676, 24.5229678 ], [ 85.3586243, 24.5252576 ], [ 85.3728989, 24.524965 ], [ 85.3919337, 24.5303452 ], [ 85.3920719, 24.5348081 ], [ 85.3942779, 24.5397249 ], [ 85.3967103, 24.5400667 ], [ 85.397211, 24.5448648 ], [ 85.3795212, 24.5511157 ], [ 85.3711121, 24.5527976 ], [ 85.3707762, 24.5553498 ], [ 85.3843534, 24.5554933 ], [ 85.3849996, 24.5519317 ], [ 85.388612, 24.5492997 ], [ 85.4009934, 24.5453483 ], [ 85.4044816, 24.5418628 ], [ 85.4133444, 24.5413553 ], [ 85.4322552, 24.5317117 ], [ 85.4299992, 24.5295459 ], [ 85.4346272, 24.528524 ], [ 85.4339622, 24.5311379 ], [ 85.4367911, 24.5342559 ], [ 85.439253, 24.5331896 ], [ 85.4442916, 24.534203 ], [ 85.450279, 24.5371479 ], [ 85.4595901, 24.5362446 ], [ 85.4654249, 24.5391257 ], [ 85.471415, 24.544751 ], [ 85.4780343, 24.5467509 ], [ 85.4858512, 24.5464881 ], [ 85.4916612, 24.5480997 ], [ 85.4990186, 24.5461504 ], [ 85.5088279, 24.5376574 ], [ 85.5095188, 24.5315469 ], [ 85.5073021, 24.5253052 ], [ 85.5183898, 24.5261498 ], [ 85.521794, 24.5219726 ], [ 85.5239628, 24.5212707 ], [ 85.5273609, 24.5239837 ], [ 85.529817, 24.5238871 ], [ 85.5381634, 24.5278494 ], [ 85.5407765, 24.5305103 ], [ 85.5454451, 24.5480304 ], [ 85.5438116, 24.5569156 ], [ 85.5423036, 24.5576024 ], [ 85.5407409, 24.5627191 ], [ 85.5445577, 24.5633124 ], [ 85.5562658, 24.558014 ], [ 85.5602269, 24.5527365 ], [ 85.5614953, 24.5586779 ], [ 85.5678658, 24.5583357 ], [ 85.5717711, 24.5618199 ], [ 85.5722401, 24.5654002 ], [ 85.5697748, 24.5693343 ], [ 85.5716089, 24.5747007 ], [ 85.5671795, 24.5767912 ], [ 85.5662691, 24.5788074 ], [ 85.5669516, 24.5852423 ], [ 85.5659984, 24.5872542 ], [ 85.5680288, 24.5915854 ], [ 85.5722379, 24.5962093 ], [ 85.5807675, 24.600681 ], [ 85.5894579, 24.5967786 ], [ 85.5921978, 24.5974383 ], [ 85.5941931, 24.5944821 ], [ 85.5981027, 24.5961485 ], [ 85.6019881, 24.5955578 ], [ 85.6119073, 24.5879077 ], [ 85.6147268, 24.5807441 ], [ 85.6202753, 24.5799184 ], [ 85.6246784, 24.5820807 ], [ 85.6268604, 24.581864 ], [ 85.631836, 24.5788801 ], [ 85.6352125, 24.5791868 ], [ 85.640114, 24.5767354 ], [ 85.6500454, 24.575917 ], [ 85.651714, 24.5748164 ], [ 85.6580862, 24.5780303 ], [ 85.6673829, 24.5788924 ], [ 85.6775263, 24.5906708 ], [ 85.6771242, 24.594571 ], [ 85.673965, 24.5974682 ], [ 85.675598, 24.6051486 ], [ 85.6746146, 24.6113636 ], [ 85.6761985, 24.6166248 ], [ 85.6733266, 24.6209669 ], [ 85.6721972, 24.6296916 ], [ 85.6674447, 24.6368314 ], [ 85.6686709, 24.6405869 ], [ 85.6649408, 24.6428841 ], [ 85.6625628, 24.6496369 ], [ 85.6644246, 24.6519676 ], [ 85.6645529, 24.65476 ], [ 85.667522, 24.6574534 ], [ 85.666769, 24.6608739 ], [ 85.659992, 24.6676398 ], [ 85.660522, 24.6723614 ], [ 85.6541357, 24.6741766 ], [ 85.6536381, 24.6767034 ], [ 85.6499129, 24.6804627 ], [ 85.6492139, 24.684766 ], [ 85.6714686, 24.6902194 ], [ 85.6760915, 24.6896977 ], [ 85.6820005, 24.6919193 ], [ 85.6891349, 24.6980848 ], [ 85.6978315, 24.7108516 ], [ 85.7001034, 24.7170978 ], [ 85.7082581, 24.7259092 ], [ 85.70631, 24.7321215 ], [ 85.7077517, 24.7372124 ], [ 85.7064554, 24.7372585 ], [ 85.7067902, 24.7407248 ], [ 85.7093518, 24.7426642 ], [ 85.7093691, 24.7463521 ], [ 85.7039006, 24.7516441 ], [ 85.704563, 24.7671355 ], [ 85.7096451, 24.7670333 ], [ 85.7066846, 24.7683847 ], [ 85.7085093, 24.7763913 ], [ 85.7095528, 24.7768511 ], [ 85.7073595, 24.7797594 ], [ 85.72235, 24.7856951 ], [ 85.7235952, 24.7970649 ], [ 85.7290999, 24.7983792 ], [ 85.7307648, 24.8023818 ], [ 85.7308928, 24.8133549 ], [ 85.7342016, 24.8192341 ], [ 85.7367305, 24.8210605 ], [ 85.7574226, 24.8131922 ], [ 85.7621558, 24.8127716 ], [ 85.7687128, 24.8078337 ], [ 85.7680386, 24.8039332 ], [ 85.7782807, 24.7966277 ], [ 85.7800093, 24.799459 ], [ 85.7890854, 24.7964718 ], [ 85.8095684, 24.7940176 ], [ 85.8106437, 24.7990059 ], [ 85.8152698, 24.8040454 ], [ 85.820431, 24.8076449 ], [ 85.8273195, 24.8082702 ], [ 85.8549344, 24.8079921 ], [ 85.8672336, 24.8042467 ], [ 85.8837845, 24.7963022 ], [ 85.8894163, 24.7923611 ], [ 85.8892775, 24.7897386 ], [ 85.886088, 24.786868 ], [ 85.8865821, 24.7840649 ], [ 85.9000632, 24.7728146 ], [ 85.9002111, 24.7704899 ], [ 85.9139194, 24.7499856 ], [ 85.9251656, 24.7409549 ], [ 85.9338508, 24.7375323 ], [ 85.9366277, 24.7351533 ], [ 85.9443967, 24.7335702 ], [ 85.9585019, 24.7322989 ], [ 85.9690451, 24.7331253 ], [ 85.9717968, 24.7365081 ], [ 85.9716671, 24.73983 ], [ 85.9734772, 24.7428527 ], [ 85.980077, 24.7488177 ], [ 85.9831998, 24.7486437 ], [ 85.9859395, 24.750847 ], [ 85.9964408, 24.7531862 ], [ 86.0012384, 24.7591871 ], [ 86.005067, 24.7618806 ], [ 86.0129101, 24.7643422 ], [ 86.0170086, 24.7639931 ], [ 86.0242092, 24.7666794 ], [ 86.0323632, 24.7707517 ], [ 86.0375453, 24.7764785 ], [ 86.0455823, 24.7764185 ], [ 86.0551048, 24.7796926 ], [ 86.0585206, 24.771727 ], [ 86.0568999, 24.761069 ], [ 86.0541096, 24.7562288 ], [ 86.0468848, 24.7526592 ], [ 86.0432324, 24.7476334 ], [ 86.0351, 24.7463614 ], [ 86.0370908, 24.7411265 ], [ 86.0558029, 24.7460508 ], [ 86.0663092, 24.7516462 ], [ 86.0907309, 24.7459979 ], [ 86.1074131, 24.7347993 ], [ 86.1094027, 24.7306966 ], [ 86.1086864, 24.7271979 ], [ 86.1160263, 24.7182307 ], [ 86.1165184, 24.7125278 ], [ 86.1190002, 24.7111786 ], [ 86.1283552, 24.6986474 ], [ 86.1290208, 24.6862266 ], [ 86.1323227, 24.6790071 ], [ 86.1319034, 24.6758935 ], [ 86.1247479, 24.6711087 ], [ 86.127058, 24.6668708 ], [ 86.1250914, 24.6545749 ], [ 86.1154594, 24.6436866 ], [ 86.1171537, 24.6394932 ], [ 86.1199045, 24.6387485 ], [ 86.118517, 24.6358957 ], [ 86.1204479, 24.6354353 ], [ 86.1214012, 24.6316977 ], [ 86.1194604, 24.6299327 ], [ 86.1186508, 24.6257843 ], [ 86.1219644, 24.6220649 ], [ 86.1210411, 24.6184898 ], [ 86.1249568, 24.6141744 ], [ 86.1253172, 24.6114841 ], [ 86.129218, 24.611001 ], [ 86.1332626, 24.6051901 ], [ 86.1348894, 24.6050043 ], [ 86.1370257, 24.6069964 ], [ 86.1413468, 24.6070363 ], [ 86.1507246, 24.6025541 ], [ 86.1518355, 24.6008084 ], [ 86.1500913, 24.5979229 ], [ 86.1502247, 24.5951327 ], [ 86.1521574, 24.5928403 ], [ 86.1608418, 24.5879595 ], [ 86.1615037, 24.586246 ], [ 86.1788984, 24.5849928 ], [ 86.1804791, 24.5836789 ], [ 86.1819724, 24.5852133 ], [ 86.183763, 24.5840819 ], [ 86.1858042, 24.5859482 ], [ 86.1944842, 24.5856522 ], [ 86.1972702, 24.5882433 ], [ 86.207652, 24.5911329 ], [ 86.2144508, 24.5949284 ], [ 86.2162359, 24.5989102 ], [ 86.2133553, 24.6023539 ], [ 86.214299, 24.6137908 ], [ 86.2169917, 24.6130657 ], [ 86.2184963, 24.6110292 ], [ 86.222163, 24.6109015 ], [ 86.2241662, 24.6067937 ], [ 86.2295405, 24.6057151 ], [ 86.2308669, 24.6039018 ], [ 86.2347956, 24.6028176 ], [ 86.2383403, 24.6001273 ], [ 86.2407967, 24.5969625 ], [ 86.2415412, 24.5900063 ], [ 86.2461041, 24.587615 ], [ 86.2545359, 24.5870937 ], [ 86.256947, 24.580566 ], [ 86.2592145, 24.5786718 ], [ 86.2625953, 24.5792747 ], [ 86.2636498, 24.5814196 ], [ 86.2628182, 24.583965 ], [ 86.2643384, 24.5842505 ], [ 86.2677033, 24.5805514 ], [ 86.2746712, 24.5771301 ], [ 86.2750788, 24.5797485 ], [ 86.2694571, 24.5847688 ], [ 86.2745501, 24.5865778 ], [ 86.2815218, 24.5851107 ], [ 86.2849161, 24.5878574 ], [ 86.2879872, 24.5870015 ], [ 86.2919159, 24.5883985 ], [ 86.2974519, 24.5850973 ], [ 86.300744, 24.586083 ], [ 86.3030164, 24.5832809 ], [ 86.3091718, 24.5838931 ], [ 86.3085573, 24.5884565 ], [ 86.3141216, 24.5870188 ], [ 86.3172559, 24.5880087 ], [ 86.3193648, 24.5859556 ], [ 86.3232051, 24.5867921 ], [ 86.3161286, 24.5812778 ], [ 86.3176063, 24.5774054 ], [ 86.3070856, 24.5713928 ], [ 86.3074431, 24.5672266 ], [ 86.3040258, 24.5658106 ], [ 86.3008404, 24.5601166 ], [ 86.3027802, 24.5592358 ], [ 86.3027762, 24.556502 ], [ 86.3045578, 24.5548616 ], [ 86.3041442, 24.552902 ], [ 86.3080406, 24.5488052 ], [ 86.307494, 24.5464438 ], [ 86.2999851, 24.5362724 ], [ 86.2971305, 24.5360979 ], [ 86.2974667, 24.5335121 ], [ 86.2992943, 24.5303388 ], [ 86.3056871, 24.5276886 ], [ 86.3055741, 24.5194129 ], [ 86.3091253, 24.5124809 ], [ 86.3089787, 24.5097634 ], [ 86.3033125, 24.5054543 ], [ 86.3024435, 24.5025975 ], [ 86.2994205, 24.5000009 ], [ 86.2988687, 24.4952465 ], [ 86.2937824, 24.4881703 ], [ 86.2933757, 24.4812114 ], [ 86.290423, 24.4788986 ], [ 86.2818287, 24.4791107 ], [ 86.2760109, 24.465799 ], [ 86.283078, 24.4647061 ], [ 86.2864039, 24.4624312 ], [ 86.29847, 24.459586 ], [ 86.2996901, 24.4583894 ], [ 86.2945578, 24.4560061 ], [ 86.2949417, 24.4509204 ], [ 86.2997208, 24.447731 ], [ 86.3135515, 24.4470605 ], [ 86.3154606, 24.445589 ], [ 86.315918, 24.4421965 ], [ 86.3173772, 24.441519 ], [ 86.3314392, 24.444372 ], [ 86.3348472, 24.4424455 ], [ 86.3439445, 24.443978 ], [ 86.3450538, 24.4445424 ], [ 86.3449841, 24.4472419 ], [ 86.3499005, 24.4473872 ], [ 86.3581626, 24.4292552 ], [ 86.36225, 24.4281767 ], [ 86.3672744, 24.42448 ], [ 86.3685713, 24.4186929 ], [ 86.37465, 24.4170455 ], [ 86.3774602, 24.4195823 ], [ 86.3780566, 24.4162328 ], [ 86.3811524, 24.4129149 ], [ 86.3967538, 24.4037408 ], [ 86.3969992, 24.3983644 ], [ 86.4000407, 24.3985309 ], [ 86.4024211, 24.3967745 ], [ 86.4042573, 24.3885523 ], [ 86.4121344, 24.3809666 ], [ 86.4204441, 24.3786689 ], [ 86.4235534, 24.3795145 ], [ 86.4277808, 24.3771527 ], [ 86.4325519, 24.3801429 ], [ 86.4359541, 24.3755844 ], [ 86.4448998, 24.3678298 ], [ 86.4483754, 24.3700671 ], [ 86.4560349, 24.3719682 ], [ 86.4573404, 24.3733476 ], [ 86.4561685, 24.3747156 ], [ 86.4578996, 24.3782019 ], [ 86.4634691, 24.37895 ], [ 86.4671266, 24.3810736 ], [ 86.4667205, 24.3848388 ], [ 86.4719266, 24.3933479 ], [ 86.4700965, 24.3974127 ], [ 86.4714571, 24.4015177 ], [ 86.4707472, 24.4056699 ], [ 86.4678862, 24.4061551 ], [ 86.4680957, 24.4087521 ], [ 86.4668872, 24.4101277 ], [ 86.4691546, 24.4153542 ], [ 86.4691831, 24.4198628 ], [ 86.4664985, 24.4213458 ], [ 86.4664965, 24.4238619 ], [ 86.4686637, 24.4262671 ], [ 86.4770222, 24.4245088 ], [ 86.4794318, 24.4279376 ], [ 86.4912793, 24.4280812 ], [ 86.4942071, 24.4408225 ], [ 86.4967677, 24.443751 ], [ 86.4953228, 24.4562593 ], [ 86.4874835, 24.4622702 ], [ 86.4867314, 24.4641398 ], [ 86.4908607, 24.4671845 ], [ 86.4903072, 24.4713243 ], [ 86.4944718, 24.473384 ], [ 86.4918403, 24.4758508 ], [ 86.495359, 24.4830976 ], [ 86.4943359, 24.4862041 ], [ 86.4970825, 24.4902469 ], [ 86.5003963, 24.4894403 ], [ 86.5026764, 24.4932431 ], [ 86.5007815, 24.5040385 ], [ 86.509566, 24.522192 ], [ 86.5153509, 24.5253743 ], [ 86.5175079, 24.5303323 ], [ 86.5205401, 24.5332279 ], [ 86.523071, 24.5338029 ], [ 86.5293577, 24.5402847 ], [ 86.5362941, 24.5358471 ], [ 86.5415267, 24.540337 ], [ 86.5497297, 24.537967 ], [ 86.5523216, 24.535973 ], [ 86.5533635, 24.5434985 ], [ 86.5553174, 24.5440456 ], [ 86.55833, 24.549035 ], [ 86.5637865, 24.5525492 ], [ 86.5583449, 24.5582392 ], [ 86.5591769, 24.562266 ], [ 86.5616299, 24.562222 ], [ 86.5664698, 24.5664897 ], [ 86.5698071, 24.5647079 ], [ 86.580285, 24.566526 ], [ 86.5892152, 24.5793031 ], [ 86.589099, 24.5886877 ], [ 86.5971637, 24.5965664 ], [ 86.5981899, 24.5999115 ], [ 86.6030675, 24.6019391 ], [ 86.6041383, 24.6056091 ], [ 86.6032934, 24.6083805 ], [ 86.6145854, 24.608305 ], [ 86.6148025, 24.606095 ], [ 86.6129856, 24.6065101 ], [ 86.6109171, 24.603991 ], [ 86.610419, 24.5987006 ], [ 86.6136775, 24.5980147 ], [ 86.6210189, 24.6000554 ], [ 86.624386, 24.5993784 ], [ 86.6228111, 24.5962637 ], [ 86.6241738, 24.5885674 ], [ 86.6267952, 24.5885854 ], [ 86.6294164, 24.58608 ], [ 86.6379464, 24.5824954 ], [ 86.6457506, 24.5806303 ], [ 86.6477248, 24.5786754 ], [ 86.6496142, 24.5722246 ], [ 86.6517303, 24.5704008 ], [ 86.6702395, 24.5648783 ], [ 86.6807701, 24.5709913 ], [ 86.6859817, 24.5699482 ], [ 86.6916169, 24.5761165 ], [ 86.7015912, 24.573286 ], [ 86.7230764, 24.5839899 ], [ 86.734688, 24.5794904 ], [ 86.7352798, 24.5845502 ], [ 86.7416257, 24.5871229 ], [ 86.7466777, 24.5942962 ], [ 86.7498362, 24.5950721 ], [ 86.7502351, 24.5979054 ], [ 86.7482487, 24.605756 ], [ 86.7539925, 24.6212973 ], [ 86.7586904, 24.6193825 ], [ 86.7649416, 24.6194549 ], [ 86.7732353, 24.6218126 ], [ 86.7823826, 24.6189747 ], [ 86.7850508, 24.6165117 ], [ 86.7890094, 24.6186942 ], [ 86.7968654, 24.6110157 ], [ 86.7984376, 24.6075272 ], [ 86.8035993, 24.6018691 ], [ 86.8083566, 24.5986348 ], [ 86.8112374, 24.5982724 ], [ 86.8075737, 24.5947976 ], [ 86.8071553, 24.5926126 ], [ 86.8117121, 24.5825438 ], [ 86.8099163, 24.5803267 ], [ 86.8053712, 24.5782662 ], [ 86.8026293, 24.5736019 ], [ 86.8031495, 24.570325 ], [ 86.8119163, 24.5690514 ], [ 86.8159728, 24.5701569 ], [ 86.8182522, 24.5731843 ], [ 86.8216076, 24.5745122 ], [ 86.8235538, 24.5723918 ], [ 86.8318318, 24.5715953 ], [ 86.8337073, 24.5723814 ], [ 86.8346491, 24.5750764 ], [ 86.8426459, 24.5742253 ], [ 86.8436444, 24.5685378 ], [ 86.8414493, 24.5633281 ], [ 86.8430005, 24.5580967 ], [ 86.8501914, 24.5585088 ], [ 86.85684, 24.554885 ], [ 86.8601268, 24.5563795 ], [ 86.8620166, 24.5608125 ], [ 86.8604319, 24.5638096 ], [ 86.8636152, 24.5665996 ], [ 86.8690051, 24.5654713 ], [ 86.8767198, 24.568031 ], [ 86.8805058, 24.5721928 ], [ 86.882105, 24.571299 ], [ 86.8830277, 24.5672588 ], [ 86.8879485, 24.5648029 ], [ 86.8863984, 24.5611015 ], [ 86.886872, 24.5588354 ], [ 86.8899171, 24.5575532 ], [ 86.8935002, 24.5578236 ], [ 86.8950603, 24.5608163 ], [ 86.8963234, 24.5581031 ], [ 86.9024916, 24.5527304 ], [ 86.9035613, 24.547521 ], [ 86.9145796, 24.5422055 ], [ 86.9174977, 24.5467007 ], [ 86.9159604, 24.5545194 ], [ 86.917611, 24.5608566 ], [ 86.9153855, 24.5623649 ], [ 86.915964, 24.5655653 ], [ 86.9142172, 24.5668432 ], [ 86.9147161, 24.5683057 ], [ 86.9093717, 24.5724644 ], [ 86.9132677, 24.5774018 ], [ 86.90895, 24.5824991 ], [ 86.9073223, 24.58816 ], [ 86.9093286, 24.595179 ], [ 86.9144004, 24.6004094 ], [ 86.9194961, 24.6021234 ], [ 86.9190972, 24.6048635 ], [ 86.9221356, 24.6101394 ], [ 86.9267833, 24.6137446 ], [ 86.9289244, 24.6211965 ], [ 86.9276124, 24.6245147 ], [ 86.9327684, 24.630611 ], [ 86.9366765, 24.6303073 ], [ 86.9428315, 24.6335728 ], [ 86.9422989, 24.6351077 ], [ 86.9449365, 24.6358288 ], [ 86.9420638, 24.6387281 ], [ 86.9420997, 24.6412875 ], [ 86.939024, 24.6434059 ], [ 86.9375906, 24.6501675 ], [ 86.9581993, 24.6475945 ], [ 86.9559918, 24.640265 ], [ 86.9534184, 24.6397202 ], [ 86.9532425, 24.6349128 ], [ 86.9513403, 24.6334694 ], [ 86.952786, 24.6314734 ], [ 86.9577395, 24.6317958 ], [ 86.961539, 24.6346284 ], [ 86.9692683, 24.6353551 ], [ 86.9775832, 24.6395657 ], [ 86.980651, 24.6347878 ], [ 86.9852124, 24.6327758 ], [ 86.9875091, 24.6276914 ], [ 86.9926777, 24.6258367 ], [ 86.9960993, 24.6201057 ], [ 87.0, 24.6202978 ], [ 87.0063204, 24.6229556 ], [ 87.0076382, 24.62887 ], [ 87.0107571, 24.6311881 ], [ 87.0212673, 24.6294623 ], [ 87.0241506, 24.6241784 ], [ 87.0230464, 24.6157049 ], [ 87.0362265, 24.613876 ], [ 87.0381103, 24.6172311 ], [ 87.0447742, 24.6129691 ], [ 87.046623, 24.6094717 ], [ 87.0506376, 24.6087831 ], [ 87.0489842, 24.624026 ], [ 87.046151, 24.6298657 ], [ 87.0524358, 24.6412666 ], [ 87.0505769, 24.6446331 ], [ 87.0506715, 24.6516073 ], [ 87.0534095, 24.6574317 ], [ 87.0547973, 24.6664738 ], [ 87.0540695, 24.6693399 ], [ 87.0597467, 24.676321 ], [ 87.0597483, 24.6826045 ], [ 87.0619387, 24.6887941 ], [ 87.065486, 24.6889987 ], [ 87.0694065, 24.694286 ], [ 87.0703144, 24.697112 ], [ 87.0680486, 24.7033901 ], [ 87.0725848, 24.7147173 ], [ 87.0782264, 24.719346 ], [ 87.0771433, 24.7215665 ], [ 87.0803341, 24.7262214 ], [ 87.0790586, 24.7273856 ], [ 87.0804905, 24.7288584 ], [ 87.0763785, 24.7309101 ], [ 87.0786054, 24.7365984 ], [ 87.0749236, 24.7358885 ], [ 87.0729016, 24.7370343 ], [ 87.0738586, 24.7413726 ], [ 87.0700667, 24.7434838 ], [ 87.0696358, 24.74556 ], [ 87.0702083, 24.7476366 ], [ 87.0726997, 24.747001 ], [ 87.0761195, 24.7489251 ], [ 87.0794164, 24.7488765 ], [ 87.0797816, 24.7505603 ], [ 87.0781003, 24.752427 ], [ 87.0843126, 24.7561257 ], [ 87.0786035, 24.7683342 ], [ 87.0800153, 24.7745547 ], [ 87.0787139, 24.7775335 ], [ 87.0835725, 24.781918 ], [ 87.0857664, 24.7863197 ], [ 87.0880111, 24.7863428 ], [ 87.0928899, 24.7919095 ], [ 87.0957404, 24.8027164 ], [ 87.0914873, 24.8040967 ], [ 87.0897024, 24.8028866 ], [ 87.0857757, 24.8036305 ], [ 87.0835545, 24.8060628 ], [ 87.0733069, 24.808601 ], [ 87.0745316, 24.8129392 ], [ 87.0743359, 24.8198544 ], [ 87.0773557, 24.8252811 ], [ 87.0852106, 24.8235998 ], [ 87.0912045, 24.8254654 ], [ 87.1007178, 24.8400245 ], [ 87.1017707, 24.843699 ], [ 87.1003848, 24.8476845 ], [ 87.098782, 24.8478603 ], [ 87.1061221, 24.8550565 ], [ 87.1100747, 24.8570069 ], [ 87.1205927, 24.8551931 ], [ 87.1291021, 24.8617336 ], [ 87.1324169, 24.8626092 ], [ 87.1347789, 24.8596079 ], [ 87.1387642, 24.8598102 ], [ 87.13964, 24.8612184 ], [ 87.1425886, 24.8605997 ], [ 87.1444889, 24.8633078 ], [ 87.1406942, 24.8640847 ], [ 87.1409122, 24.8659127 ], [ 87.1473401, 24.8710938 ], [ 87.155547, 24.8850176 ], [ 87.1554301, 24.8928175 ], [ 87.1532191, 24.897219 ], [ 87.1509776, 24.8987947 ], [ 87.1537987, 24.8999723 ], [ 87.1518991, 24.9037326 ], [ 87.1480586, 24.9035708 ], [ 87.1473322, 24.9099128 ], [ 87.1434867, 24.9111772 ], [ 87.142324, 24.9144047 ], [ 87.142919, 24.9221775 ], [ 87.1496072, 24.9265865 ], [ 87.1517418, 24.931565 ], [ 87.1509058, 24.9347834 ], [ 87.1449862, 24.9410721 ], [ 87.1436352, 24.9441416 ], [ 87.1488117, 24.9598715 ], [ 87.1472776, 24.9647647 ], [ 87.1491403, 24.9689577 ], [ 87.1461205, 24.9735668 ], [ 87.1489142, 24.9776016 ], [ 87.1512635, 24.9872518 ], [ 87.1492253, 24.9989563 ], [ 87.1503157, 25.002547 ], [ 87.1456066, 25.0098104 ], [ 87.1469743, 25.0133399 ], [ 87.1458508, 25.0188604 ], [ 87.1493394, 25.0248948 ], [ 87.1566867, 25.0271322 ], [ 87.1588968, 25.0289734 ], [ 87.162381, 25.034046 ], [ 87.1632245, 25.0377561 ], [ 87.1672634, 25.0406076 ], [ 87.1658729, 25.0461284 ], [ 87.1718195, 25.0482842 ], [ 87.1773192, 25.0594494 ], [ 87.1777321, 25.0629789 ], [ 87.181956, 25.0669721 ], [ 87.1894197, 25.0679891 ], [ 87.1922538, 25.0668459 ], [ 87.194525, 25.0689048 ], [ 87.1927016, 25.0700775 ], [ 87.1936839, 25.072045 ], [ 87.1956053, 25.0707785 ], [ 87.1992091, 25.0728519 ], [ 87.201001, 25.0787151 ], [ 87.2079485, 25.0823697 ], [ 87.2127275, 25.0819452 ], [ 87.212655, 25.0869723 ], [ 87.2142877, 25.0912299 ], [ 87.2374006, 25.0858413 ], [ 87.2376659, 25.0923312 ], [ 87.2398108, 25.0920892 ], [ 87.2405387, 25.0979683 ], [ 87.2443589, 25.1014335 ], [ 87.2468806, 25.0996563 ], [ 87.2493441, 25.1001189 ], [ 87.2488273, 25.1013236 ], [ 87.2509532, 25.1020115 ], [ 87.2495875, 25.1044116 ], [ 87.2503396, 25.1057348 ], [ 87.2631762, 25.1033121 ], [ 87.2641886, 25.102058 ], [ 87.2636752, 25.0996428 ], [ 87.2670475, 25.0979076 ], [ 87.2698168, 25.0939736 ], [ 87.2954021, 25.088537 ], [ 87.2981212, 25.0997595 ], [ 87.2952246, 25.1023579 ], [ 87.2979302, 25.1120503 ], [ 87.2962041, 25.1133628 ], [ 87.3029539, 25.1342421 ], [ 87.306855, 25.136406 ], [ 87.3057384, 25.1379446 ], [ 87.3066442, 25.1407932 ], [ 87.3049657, 25.142918 ], [ 87.3078854, 25.1470633 ], [ 87.3119756, 25.1487667 ], [ 87.3143701, 25.1602822 ], [ 87.3164729, 25.1602559 ], [ 87.3189903, 25.1647705 ], [ 87.3142221, 25.1688129 ], [ 87.3162853, 25.1791455 ], [ 87.3154019, 25.1801291 ], [ 87.3208389, 25.189953 ], [ 87.3182272, 25.1952601 ], [ 87.3228064, 25.2062842 ], [ 87.3230622, 25.2112267 ], [ 87.3252437, 25.2150685 ], [ 87.3272895, 25.223618 ], [ 87.3332393, 25.2226764 ], [ 87.3342834, 25.2161274 ], [ 87.3448574, 25.2136204 ], [ 87.3453931, 25.2146136 ], [ 87.3486945, 25.2146112 ], [ 87.3598814, 25.2118849 ], [ 87.3715163, 25.2062482 ], [ 87.3751033, 25.2150544 ], [ 87.3780904, 25.2169139 ], [ 87.3831468, 25.2243477 ], [ 87.3875331, 25.2229301 ], [ 87.3913941, 25.2278722 ], [ 87.4009809, 25.2269049 ], [ 87.4031886, 25.2252976 ], [ 87.4034857, 25.2224088 ], [ 87.4118505, 25.2189315 ], [ 87.4118345, 25.2150678 ], [ 87.4225462, 25.2139273 ], [ 87.426038, 25.2111051 ], [ 87.4408943, 25.204726 ], [ 87.4447243, 25.2045573 ], [ 87.4588536, 25.1968541 ], [ 87.4611263, 25.1977645 ], [ 87.4625976, 25.194875 ], [ 87.4700393, 25.195403 ], [ 87.4717001, 25.1940884 ], [ 87.4777981, 25.1943075 ], [ 87.4764045, 25.2378496 ], [ 87.4840449, 25.2522759 ], [ 87.490575, 25.2612665 ], [ 87.5004886, 25.2597922 ], [ 87.4988107, 25.2625823 ], [ 87.5007906, 25.266787 ], [ 87.4953798, 25.2714544 ], [ 87.4986365, 25.2767326 ], [ 87.4936486, 25.2779148 ], [ 87.4900073, 25.2804407 ], [ 87.486025, 25.29579 ], [ 87.4861008, 25.2972659 ], [ 87.4900282, 25.2972855 ], [ 87.4936229, 25.3075104 ], [ 87.5016228, 25.2923271 ], [ 87.5168341, 25.2933456 ], [ 87.5195809, 25.2918039 ], [ 87.5258824, 25.2843292 ], [ 87.5323591, 25.2802847 ], [ 87.5418257, 25.280665 ], [ 87.5434081, 25.2825842 ], [ 87.5428143, 25.2944637 ], [ 87.5465888, 25.30802 ], [ 87.5467279, 25.3156751 ], [ 87.5485369, 25.3211736 ], [ 87.547696, 25.3237324 ], [ 87.550293, 25.3241806 ], [ 87.5502202, 25.3295968 ], [ 87.551884, 25.3295028 ], [ 87.5516934, 25.3324997 ], [ 87.5626586, 25.3339853 ], [ 87.5709727, 25.3332709 ], [ 87.5745405, 25.3406789 ], [ 87.5825113, 25.3431594 ], [ 87.5838901, 25.3491809 ], [ 87.5884408, 25.346307 ], [ 87.5918544, 25.3418845 ], [ 87.5845162, 25.3334829 ] ] ] } }
]
}
