{
"type": "FeatureCollection",
"name": "21",
"crs": { "type": "name", "properties": { "name": "urn:ogc:def:crs:OGC:1.3:CRS84" } },
"features": [
{ "type": "Feature", "properties": { "code": "21", "name": "ODISHA", "type": "state" }, "geometry": { "type": "MultiPolygon", "coordinates": [ [ [ [ 84.3311132, 18.7895367 ], [ 84.3395916, 18.7894005 ], [ 84.3386584, 18.7878385 ], [ 84.3393616, 18.778692 ], [ 84.3362953, 18.7828698 ], [ 84.3292729, 18.7871987 ], [ 84.3311132, 18.7895367 ] ] ], [ [ [ 84.3517132, 18.7857711 ], [ 84.3496761, 18.7887041 ], [ 84.3496781, 18.791919 ], [ 84.3532191, 18.7897972 ], [ 84.3517132, 18.7857711 ] ] ], [ [ [ 86.7804748, 20.3581418 ], [ 86.7797851, 20.3595587 ], [ 86.780826, 20.3615482 ], [ 86.7845363, 20.3639639 ], [ 86.7804748, 20.3581418 ] ] ], [ [ [ 86.7921192, 20.3817024 ], [ 86.7902945, 20.3822803 ], [ 86.7910332, 20.3863911 ], [ 86.7927192, 20.3829876 ], [ 86.7921192, 20.3817024 ] ] ], [ [ [ 86.805539, 20.3957677 ], [ 86.8074099, 20.3846499 ], [ 86.8074801, 20.3735328 ], [ 86.8026802, 20.3669933 ], [ 86.7989089, 20.3645165 ], [ 86.7958467, 20.3693189 ], [ 86.7979161, 20.3754305 ], [ 86.7954338, 20.3801347 ], [ 86.796572, 20.3864464 ], [ 86.7957671, 20.3951187 ], [ 86.7985593, 20.3917498 ], [ 86.7976942, 20.3896491 ], [ 86.7989602, 20.3864065 ], [ 86.7999438, 20.386667 ], [ 86.799633, 20.3891916 ], [ 86.8028658, 20.390213 ], [ 86.7996292, 20.3909763 ], [ 86.8005675, 20.3945195 ], [ 86.7973757, 20.3956878 ], [ 86.7985591, 20.3987776 ], [ 86.7964811, 20.4000953 ], [ 86.8035959, 20.3981838 ], [ 86.805539, 20.3957677 ] ] ], [ [ [ 86.7878657, 20.3834722 ], [ 86.7870409, 20.3873619 ], [ 86.7888609, 20.3958834 ], [ 86.7866604, 20.4042807 ], [ 86.7889011, 20.4053303 ], [ 86.7909335, 20.4110369 ], [ 86.7892844, 20.4150176 ], [ 86.7914424, 20.425969 ], [ 86.7901766, 20.4325535 ], [ 86.7990126, 20.4390549 ], [ 86.8000489, 20.4431196 ], [ 86.7992318, 20.4539225 ], [ 86.795656, 20.4596829 ], [ 86.7996345, 20.4685683 ], [ 86.7966138, 20.475268 ], [ 86.7962126, 20.4841825 ], [ 86.7932249, 20.4932421 ], [ 86.7980574, 20.4883912 ], [ 86.8012095, 20.4704634 ], [ 86.8065529, 20.4622832 ], [ 86.808244, 20.4531185 ], [ 86.806796, 20.4418965 ], [ 86.7951084, 20.4172163 ], [ 86.7918804, 20.4070935 ], [ 86.791326, 20.3990136 ], [ 86.7941025, 20.3888479 ], [ 86.7906046, 20.3870109 ], [ 86.7878657, 20.3834722 ] ] ], [ [ [ 87.0117472, 20.7123078 ], [ 87.0086474, 20.709897 ], [ 87.0066134, 20.7119425 ], [ 87.0087877, 20.7119737 ], [ 87.0130563, 20.7172282 ], [ 87.0117472, 20.7123078 ] ] ], [ [ [ 87.0062022, 20.7150501 ], [ 87.0017314, 20.7115233 ], [ 87.0024297, 20.7132059 ], [ 87.0081226, 20.7195206 ], [ 87.0062022, 20.7150501 ] ] ], [ [ [ 87.0571391, 20.7302076 ], [ 87.0542094, 20.7295851 ], [ 87.0532539, 20.7302179 ], [ 87.0567406, 20.7306957 ], [ 87.056314, 20.7328554 ], [ 87.057903, 20.7312194 ], [ 87.0571391, 20.7302076 ] ] ], [ [ [ 87.05074, 20.7379444 ], [ 87.0525169, 20.7376095 ], [ 87.0531266, 20.7370898 ], [ 87.05074, 20.7379444 ] ] ], [ [ [ 87.0763363, 20.7342618 ], [ 87.0727661, 20.7302966 ], [ 87.0735091, 20.727459 ], [ 87.0695548, 20.7334696 ], [ 87.0720898, 20.7319821 ], [ 87.0745691, 20.734484 ], [ 87.0775591, 20.7400172 ], [ 87.0759031, 20.74192 ], [ 87.0765235, 20.7436862 ], [ 87.0778877, 20.7439296 ], [ 87.0779958, 20.7392941 ], [ 87.0760877, 20.736539 ], [ 87.0763363, 20.7342618 ] ] ], [ [ [ 87.049378, 20.7440305 ], [ 87.0582397, 20.7452114 ], [ 87.0593393, 20.7444611 ], [ 87.0596465, 20.7438601 ], [ 87.049378, 20.7440305 ] ] ], [ [ [ 87.0983168, 20.7481344 ], [ 87.0970582, 20.7476336 ], [ 87.096828, 20.7482436 ], [ 87.0983168, 20.7481344 ] ] ], [ [ [ 87.0710883, 20.7366767 ], [ 87.0687786, 20.7376264 ], [ 87.0702203, 20.7394872 ], [ 87.0722611, 20.7489876 ], [ 87.0703014, 20.7383848 ], [ 87.0710883, 20.7366767 ] ] ], [ [ [ 87.1003586, 20.7489193 ], [ 87.0994084, 20.7500268 ], [ 87.1016812, 20.7515073 ], [ 87.1020168, 20.7506849 ], [ 87.1003586, 20.7489193 ] ] ], [ [ [ 87.0863808, 20.7638316 ], [ 87.0916513, 20.7577387 ], [ 87.0975239, 20.7549163 ], [ 87.0934832, 20.7529984 ], [ 87.0827344, 20.7539391 ], [ 87.0741601, 20.7526464 ], [ 87.0730846, 20.7534962 ], [ 87.0728455, 20.7556197 ], [ 87.080441, 20.7587608 ], [ 87.0797266, 20.7612596 ], [ 87.0823843, 20.7639104 ], [ 87.0863808, 20.7638316 ] ] ], [ [ [ 86.9817067, 20.7777134 ], [ 86.9792375, 20.7773969 ], [ 86.9784543, 20.7788064 ], [ 86.9826427, 20.7848202 ], [ 86.9836088, 20.7803882 ], [ 86.9817067, 20.7777134 ] ] ], [ [ [ 87.0735783, 20.7911124 ], [ 87.0747544, 20.7890201 ], [ 87.0760094, 20.7720185 ], [ 87.0747774, 20.7674017 ], [ 87.0729534, 20.7704205 ], [ 87.0748726, 20.7754346 ], [ 87.0740714, 20.7875023 ], [ 87.0717663, 20.7893918 ], [ 87.0694358, 20.7884576 ], [ 87.0721464, 20.7905618 ], [ 87.0698502, 20.7911636 ], [ 87.0687751, 20.7934953 ], [ 87.0735783, 20.7911124 ] ] ], [ [ [ 86.9901264, 20.8024317 ], [ 86.9865757, 20.8019932 ], [ 86.9860472, 20.8026212 ], [ 86.9877671, 20.8039631 ], [ 86.9901264, 20.8024317 ] ] ], [ [ [ 87.4300987, 21.5862074 ], [ 87.4249555, 21.5823345 ], [ 87.4183569, 21.5705367 ], [ 87.4165609, 21.5699997 ], [ 87.4169513, 21.568103 ], [ 87.4144113, 21.5649832 ], [ 87.4137149, 21.5601651 ], [ 87.4132101, 21.5685419 ], [ 87.4189965, 21.5787235 ], [ 87.4248406, 21.5857168 ], [ 87.4300987, 21.5862074 ] ] ], [ [ [ 86.0454436, 22.5675074 ], [ 86.0513137, 22.5624791 ], [ 86.0648652, 22.5554856 ], [ 86.0684329, 22.5498695 ], [ 86.0754638, 22.544107 ], [ 86.0792495, 22.5375498 ], [ 86.0948748, 22.5194991 ], [ 86.0971542, 22.5103263 ], [ 86.1002437, 22.5081339 ], [ 86.1027498, 22.500243 ], [ 86.1116357, 22.4905874 ], [ 86.1166315, 22.4870038 ], [ 86.1191854, 22.4866565 ], [ 86.1237467, 22.4886054 ], [ 86.1337294, 22.4871282 ], [ 86.1503312, 22.4833503 ], [ 86.1511624, 22.4824597 ], [ 86.1502777, 22.4802076 ], [ 86.1563177, 22.4803646 ], [ 86.1604745, 22.4825498 ], [ 86.1705567, 22.4813825 ], [ 86.2002882, 22.4718037 ], [ 86.2079329, 22.4734856 ], [ 86.2138761, 22.466443 ], [ 86.2225778, 22.4672531 ], [ 86.2173987, 22.4626126 ], [ 86.2246802, 22.4525461 ], [ 86.237246, 22.4525879 ], [ 86.2466095, 22.4481377 ], [ 86.2520043, 22.4479189 ], [ 86.2565998, 22.4454062 ], [ 86.2639421, 22.445345 ], [ 86.268463, 22.4421722 ], [ 86.2764584, 22.4473212 ], [ 86.2813008, 22.4486617 ], [ 86.293027, 22.4266836 ], [ 86.2963329, 22.4240301 ], [ 86.3026433, 22.4222011 ], [ 86.3074531, 22.4153065 ], [ 86.3059577, 22.4122106 ], [ 86.3064369, 22.4096064 ], [ 86.320817, 22.3974088 ], [ 86.3227102, 22.3926425 ], [ 86.3206295, 22.3890203 ], [ 86.321157, 22.385418 ], [ 86.3285227, 22.3777972 ], [ 86.3346638, 22.3742678 ], [ 86.3402795, 22.3729222 ], [ 86.3501638, 22.3642943 ], [ 86.3531224, 22.3587911 ], [ 86.357606, 22.3542288 ], [ 86.3575488, 22.3497659 ], [ 86.3664208, 22.3442902 ], [ 86.377076, 22.3416304 ], [ 86.4082821, 22.320965 ], [ 86.4268073, 22.3175806 ], [ 86.4278636, 22.3121234 ], [ 86.4303437, 22.3074616 ], [ 86.4350126, 22.3065113 ], [ 86.4391698, 22.3035942 ], [ 86.4419352, 22.3064313 ], [ 86.4445963, 22.3123216 ], [ 86.4429585, 22.3176685 ], [ 86.4430652, 22.3262602 ], [ 86.4452686, 22.3289237 ], [ 86.4529197, 22.3253226 ], [ 86.4619469, 22.3261071 ], [ 86.4636167, 22.3287505 ], [ 86.4624274, 22.3299617 ], [ 86.4679563, 22.3302509 ], [ 86.4718147, 22.3357788 ], [ 86.4834638, 22.3381335 ], [ 86.4844506, 22.3431098 ], [ 86.4872598, 22.3476809 ], [ 86.492885, 22.3470798 ], [ 86.4941429, 22.3456563 ], [ 86.4967787, 22.3472319 ], [ 86.4985154, 22.3449834 ], [ 86.5021233, 22.3435852 ], [ 86.5035653, 22.3367599 ], [ 86.5074813, 22.3346534 ], [ 86.5071884, 22.3295664 ], [ 86.5081849, 22.327862 ], [ 86.5216875, 22.3234171 ], [ 86.5270908, 22.3235007 ], [ 86.5278265, 22.3154897 ], [ 86.5234857, 22.3156983 ], [ 86.523188, 22.3147308 ], [ 86.5257686, 22.3110299 ], [ 86.5254501, 22.3076051 ], [ 86.5327635, 22.3009592 ], [ 86.5393479, 22.3047633 ], [ 86.5407394, 22.3082408 ], [ 86.5438593, 22.3072107 ], [ 86.5474133, 22.3040136 ], [ 86.5484898, 22.3013606 ], [ 86.5540716, 22.2984716 ], [ 86.5573971, 22.2983181 ], [ 86.5616921, 22.3017175 ], [ 86.5688675, 22.3014386 ], [ 86.5708809, 22.3001882 ], [ 86.5719805, 22.2961754 ], [ 86.5768558, 22.2955649 ], [ 86.5778295, 22.2962224 ], [ 86.5768099, 22.3011207 ], [ 86.5822548, 22.3016452 ], [ 86.5850597, 22.2953557 ], [ 86.5873924, 22.2944085 ], [ 86.5879296, 22.2899923 ], [ 86.5927238, 22.2854421 ], [ 86.5939179, 22.2820438 ], [ 86.5924048, 22.2799486 ], [ 86.5930834, 22.2785591 ], [ 86.5997609, 22.2788738 ], [ 86.603523, 22.2820675 ], [ 86.6104794, 22.2833491 ], [ 86.6129417, 22.2810333 ], [ 86.6164072, 22.2810008 ], [ 86.6217713, 22.2770384 ], [ 86.6257896, 22.2735289 ], [ 86.6273096, 22.2695122 ], [ 86.6321821, 22.2732319 ], [ 86.6357649, 22.2728108 ], [ 86.6380018, 22.2711038 ], [ 86.6397099, 22.2655065 ], [ 86.6441327, 22.2686737 ], [ 86.6435071, 22.2646611 ], [ 86.6467277, 22.2653638 ], [ 86.649513, 22.2635314 ], [ 86.6546594, 22.2507319 ], [ 86.6512963, 22.2443826 ], [ 86.6524496, 22.2384402 ], [ 86.6542535, 22.236268 ], [ 86.6608207, 22.2367229 ], [ 86.6662397, 22.2416162 ], [ 86.6695867, 22.2425365 ], [ 86.6723943, 22.2402239 ], [ 86.6753055, 22.2292507 ], [ 86.6843381, 22.2224115 ], [ 86.7034597, 22.2211844 ], [ 86.7079372, 22.2233045 ], [ 86.7138518, 22.2200458 ], [ 86.7208597, 22.2204077 ], [ 86.724962, 22.2180201 ], [ 86.72208, 22.2106448 ], [ 86.7213287, 22.2039127 ], [ 86.7195189, 22.2021708 ], [ 86.7188865, 22.199051 ], [ 86.7212221, 22.1893867 ], [ 86.7163667, 22.1863191 ], [ 86.7160535, 22.1817225 ], [ 86.7192961, 22.1730421 ], [ 86.7192146, 22.1670412 ], [ 86.7178855, 22.1657957 ], [ 86.7197107, 22.1472815 ], [ 86.7276986, 22.1471774 ], [ 86.7358774, 22.1494298 ], [ 86.7649851, 22.1495065 ], [ 86.7796353, 22.153652 ], [ 86.7866444, 22.1537961 ], [ 86.7884063, 22.1577706 ], [ 86.7938453, 22.1574844 ], [ 86.7987151, 22.1521677 ], [ 86.8020072, 22.1507062 ], [ 86.8037438, 22.1387095 ], [ 86.8022929, 22.1328162 ], [ 86.7994105, 22.130372 ], [ 86.8014175, 22.1292441 ], [ 86.8025025, 22.1304683 ], [ 86.8047853, 22.1303338 ], [ 86.8099676, 22.1274101 ], [ 86.8064141, 22.1197053 ], [ 86.8189184, 22.1166441 ], [ 86.8246214, 22.1189219 ], [ 86.8346475, 22.1042631 ], [ 86.8337382, 22.0986998 ], [ 86.8436332, 22.0963089 ], [ 86.846617, 22.1004592 ], [ 86.8491659, 22.0999991 ], [ 86.8501537, 22.1037787 ], [ 86.8602181, 22.102326 ], [ 86.8641287, 22.0993507 ], [ 86.871145, 22.0996446 ], [ 86.9058514, 22.0919343 ], [ 86.9263848, 22.0900508 ], [ 86.9342922, 22.0904772 ], [ 86.9427064, 22.0865185 ], [ 86.9473185, 22.0858031 ], [ 86.9579597, 22.0885526 ], [ 86.9647071, 22.0857405 ], [ 86.9678188, 22.0801306 ], [ 86.9710297, 22.0783362 ], [ 86.9717476, 22.0723889 ], [ 86.9931417, 22.0552479 ], [ 86.9977565, 22.0540332 ], [ 87.0058787, 22.0487216 ], [ 87.0143997, 22.04768 ], [ 87.0190639, 22.0417769 ], [ 87.0266956, 22.0370857 ], [ 87.0223398, 22.0194861 ], [ 87.0274025, 22.0026555 ], [ 87.0309992, 21.9970522 ], [ 87.0316123, 21.9924378 ], [ 87.0303534, 21.9853431 ], [ 87.0291983, 21.9823351 ], [ 87.0212267, 21.9726715 ], [ 87.0171416, 21.9589191 ], [ 87.0128408, 21.9496007 ], [ 87.0093636, 21.9475313 ], [ 87.0058325, 21.9375256 ], [ 87.0046326, 21.9257211 ], [ 87.001454, 21.9245627 ], [ 87.0018629, 21.9218086 ], [ 87.0035579, 21.9204868 ], [ 86.9997218, 21.9132455 ], [ 87.0046846, 21.9101335 ], [ 87.0059273, 21.9054428 ], [ 87.0093821, 21.8997827 ], [ 87.0229262, 21.8923141 ], [ 87.0255669, 21.8868881 ], [ 87.0250968, 21.8810898 ], [ 87.0274781, 21.8797411 ], [ 87.0261649, 21.8757711 ], [ 87.0301135, 21.8744775 ], [ 87.0330189, 21.870379 ], [ 87.0613118, 21.8658726 ], [ 87.0739614, 21.8672408 ], [ 87.079288, 21.865951 ], [ 87.0842556, 21.8681243 ], [ 87.0909076, 21.8666809 ], [ 87.0979317, 21.8669217 ], [ 87.0951859, 21.8806169 ], [ 87.0988463, 21.8907188 ], [ 87.0946207, 21.8982862 ], [ 87.0905749, 21.9010669 ], [ 87.0970997, 21.9139375 ], [ 87.1023451, 21.9150583 ], [ 87.1038108, 21.9190547 ], [ 87.106922, 21.9223198 ], [ 87.1128164, 21.9224379 ], [ 87.1140455, 21.9243165 ], [ 87.124644, 21.9260058 ], [ 87.1415483, 21.9240182 ], [ 87.1528116, 21.933215 ], [ 87.1614026, 21.9349203 ], [ 87.1632766, 21.9388981 ], [ 87.1611048, 21.9439786 ], [ 87.1624508, 21.9455857 ], [ 87.1616574, 21.9475321 ], [ 87.1626161, 21.9489137 ], [ 87.1606614, 21.9522691 ], [ 87.1632229, 21.9554204 ], [ 87.1647878, 21.9609019 ], [ 87.1623289, 21.9616791 ], [ 87.1634648, 21.9670176 ], [ 87.1619867, 21.9676126 ], [ 87.1681843, 21.9718196 ], [ 87.1704137, 21.9799379 ], [ 87.1754962, 21.9741463 ], [ 87.1777117, 21.9696044 ], [ 87.1868637, 21.9657359 ], [ 87.1968086, 21.9595503 ], [ 87.1983479, 21.9592877 ], [ 87.2034616, 21.9628978 ], [ 87.2086843, 21.9620779 ], [ 87.2106027, 21.9643619 ], [ 87.2140876, 21.9635743 ], [ 87.2166609, 21.9603353 ], [ 87.2198953, 21.9599014 ], [ 87.2244087, 21.9571655 ], [ 87.2314568, 21.957283 ], [ 87.2361573, 21.9449436 ], [ 87.2390292, 21.940968 ], [ 87.2422313, 21.9384596 ], [ 87.2494795, 21.9359754 ], [ 87.2451149, 21.9254122 ], [ 87.2497741, 21.9183465 ], [ 87.2492003, 21.9151499 ], [ 87.2369805, 21.9077982 ], [ 87.2342608, 21.9010538 ], [ 87.2422523, 21.8924734 ], [ 87.2523208, 21.8771112 ], [ 87.251404, 21.8688605 ], [ 87.2477975, 21.8609013 ], [ 87.2490281, 21.8532258 ], [ 87.2551209, 21.8499156 ], [ 87.2595425, 21.8492147 ], [ 87.2584874, 21.8440843 ], [ 87.2608795, 21.84074 ], [ 87.2654178, 21.838684 ], [ 87.2640854, 21.8356215 ], [ 87.2652565, 21.8346559 ], [ 87.2650086, 21.830068 ], [ 87.2685154, 21.8294878 ], [ 87.2708773, 21.8270599 ], [ 87.2690568, 21.8234281 ], [ 87.2641966, 21.8232488 ], [ 87.2638955, 21.818584 ], [ 87.2751935, 21.8169702 ], [ 87.2760149, 21.8111728 ], [ 87.2737621, 21.8102863 ], [ 87.2773779, 21.8050052 ], [ 87.2828472, 21.8044937 ], [ 87.2827177, 21.8027596 ], [ 87.2841394, 21.8027875 ], [ 87.2886926, 21.8055852 ], [ 87.2883482, 21.8072603 ], [ 87.2900596, 21.8078888 ], [ 87.2905944, 21.8113209 ], [ 87.2969822, 21.8115544 ], [ 87.2958929, 21.8052908 ], [ 87.2980787, 21.8048719 ], [ 87.2983805, 21.8012099 ], [ 87.3040534, 21.7991172 ], [ 87.3056391, 21.7999397 ], [ 87.3096334, 21.7989209 ], [ 87.310656, 21.7938548 ], [ 87.3140012, 21.7955539 ], [ 87.3151769, 21.7939153 ], [ 87.3165297, 21.7963181 ], [ 87.3216351, 21.7976745 ], [ 87.3189432, 21.7946165 ], [ 87.319462, 21.7907242 ], [ 87.3246306, 21.790893 ], [ 87.3254376, 21.7920177 ], [ 87.3295382, 21.7905693 ], [ 87.3318097, 21.7938213 ], [ 87.3360308, 21.7935424 ], [ 87.3385715, 21.7847646 ], [ 87.3473209, 21.7929623 ], [ 87.3555165, 21.7921733 ], [ 87.3568223, 21.789446 ], [ 87.3554978, 21.7882808 ], [ 87.3556624, 21.7863888 ], [ 87.3591533, 21.785477 ], [ 87.3596661, 21.7825916 ], [ 87.3668458, 21.7813233 ], [ 87.3718256, 21.7787587 ], [ 87.3730151, 21.7737057 ], [ 87.3696604, 21.7654329 ], [ 87.3738806, 21.7651125 ], [ 87.374011, 21.7728071 ], [ 87.3782895, 21.7727484 ], [ 87.3850627, 21.7767671 ], [ 87.3934312, 21.7762065 ], [ 87.3939674, 21.7725985 ], [ 87.3915018, 21.772382 ], [ 87.3914824, 21.7709596 ], [ 87.3954175, 21.7709366 ], [ 87.395533, 21.7671299 ], [ 87.397747, 21.7665787 ], [ 87.4012762, 21.7677839 ], [ 87.4041339, 21.7714818 ], [ 87.4136378, 21.7696104 ], [ 87.4219867, 21.7697483 ], [ 87.424593, 21.7715809 ], [ 87.4314957, 21.7693075 ], [ 87.4357841, 21.770313 ], [ 87.4440116, 21.7692305 ], [ 87.4455822, 21.7680423 ], [ 87.4441458, 21.7564874 ], [ 87.4448482, 21.7494303 ], [ 87.4454273, 21.7474342 ], [ 87.4472298, 21.7466161 ], [ 87.4454255, 21.7437856 ], [ 87.4497802, 21.7432825 ], [ 87.4543215, 21.7392931 ], [ 87.4531946, 21.737799 ], [ 87.4452927, 21.7386965 ], [ 87.4447782, 21.7340321 ], [ 87.4596399, 21.733944 ], [ 87.4650565, 21.7317782 ], [ 87.4691844, 21.7325165 ], [ 87.4670886, 21.7275685 ], [ 87.4638606, 21.7283244 ], [ 87.4634626, 21.7253804 ], [ 87.465979, 21.7228774 ], [ 87.4674069, 21.7186771 ], [ 87.4712286, 21.717415 ], [ 87.4735898, 21.7145688 ], [ 87.4724011, 21.7073399 ], [ 87.4708005, 21.7056701 ], [ 87.4717938, 21.6988092 ], [ 87.4730673, 21.6991392 ], [ 87.4721969, 21.6981462 ], [ 87.4736312, 21.6971067 ], [ 87.471234, 21.6961779 ], [ 87.4719842, 21.6906548 ], [ 87.4695869, 21.6893466 ], [ 87.4708425, 21.6885783 ], [ 87.4711149, 21.6838908 ], [ 87.4686117, 21.6830884 ], [ 87.4694496, 21.6787258 ], [ 87.4667295, 21.6785693 ], [ 87.4671987, 21.6641324 ], [ 87.4612753, 21.6626408 ], [ 87.4624805, 21.6584407 ], [ 87.4605031, 21.6554432 ], [ 87.4603704, 21.6513973 ], [ 87.4612634, 21.6503672 ], [ 87.4725629, 21.6524699 ], [ 87.4719562, 21.6480629 ], [ 87.4764717, 21.6469314 ], [ 87.4764702, 21.6447638 ], [ 87.4751656, 21.6439924 ], [ 87.4793064, 21.6392485 ], [ 87.4793074, 21.6371579 ], [ 87.4811782, 21.6360186 ], [ 87.480611, 21.6332056 ], [ 87.4860148, 21.6322358 ], [ 87.4845267, 21.6249575 ], [ 87.4848079, 21.6124601 ], [ 87.4594991, 21.6058071 ], [ 87.4505398, 21.602235 ], [ 87.4473096, 21.6026337 ], [ 87.4360756, 21.5971289 ], [ 87.4075758, 21.5886607 ], [ 87.4083958, 21.5848853 ], [ 87.4067971, 21.5827091 ], [ 87.3998491, 21.5795085 ], [ 87.3719875, 21.5607788 ], [ 87.3618841, 21.5577571 ], [ 87.3385978, 21.5565206 ], [ 87.2942691, 21.5574393 ], [ 87.251714, 21.5552273 ], [ 87.2499996, 21.5554656 ], [ 87.2499969, 21.5567836 ], [ 87.247648, 21.5548836 ], [ 87.2426484, 21.5539558 ], [ 87.2414617, 21.5517485 ], [ 87.2061434, 21.5452771 ], [ 87.2039951, 21.5456186 ], [ 87.2033894, 21.5475754 ], [ 87.1994815, 21.5465592 ], [ 87.1996288, 21.544743 ], [ 87.1962971, 21.5412639 ], [ 87.186874, 21.5393187 ], [ 87.1605477, 21.5294708 ], [ 87.1461332, 21.522256 ], [ 87.1308682, 21.5127185 ], [ 87.1219858, 21.5132222 ], [ 87.1185019, 21.5170971 ], [ 87.1152272, 21.5134393 ], [ 87.1137111, 21.5069758 ], [ 87.1078692, 21.4999961 ], [ 87.0975395, 21.49309 ], [ 87.0743492, 21.471395 ], [ 87.0563123, 21.4689626 ], [ 87.0555629, 21.4652268 ], [ 87.0522459, 21.4612705 ], [ 87.028373, 21.4421443 ], [ 86.9977324, 21.4209411 ], [ 86.9948762, 21.4210946 ], [ 86.9939162, 21.4186144 ], [ 86.988735, 21.4143947 ], [ 86.9792797, 21.4097633 ], [ 86.9797673, 21.4074593 ], [ 86.9729376, 21.400054 ], [ 86.9509817, 21.3774429 ], [ 86.946791, 21.3755849 ], [ 86.948378, 21.3749845 ], [ 86.9480889, 21.3740538 ], [ 86.924056, 21.3448653 ], [ 86.920022, 21.3409421 ], [ 86.9124487, 21.3374372 ], [ 86.91175, 21.3365242 ], [ 86.9133318, 21.3362811 ], [ 86.9139017, 21.3345782 ], [ 86.9099131, 21.3283102 ], [ 86.8974963, 21.3160919 ], [ 86.8952982, 21.3156252 ], [ 86.8925384, 21.3184108 ], [ 86.8900587, 21.3075533 ], [ 86.8857073, 21.2989353 ], [ 86.8558254, 21.2580726 ], [ 86.8522017, 21.2479408 ], [ 86.8436837, 21.2324285 ], [ 86.837965, 21.2228275 ], [ 86.8315128, 21.214974 ], [ 86.8335277, 21.2139006 ], [ 86.8338412, 21.2099199 ], [ 86.8330525, 21.2103937 ], [ 86.8324085, 21.2081438 ], [ 86.8304958, 21.2086252 ], [ 86.8293531, 21.208647 ], [ 86.832602, 21.2060932 ], [ 86.8420803, 21.2041869 ], [ 86.8548065, 21.210509 ], [ 86.8562866, 21.2056037 ], [ 86.8447589, 21.1876241 ], [ 86.8425488, 21.1824589 ], [ 86.8415357, 21.1750814 ], [ 86.840802, 21.1406867 ], [ 86.8418156, 21.1248277 ], [ 86.8478974, 21.0955029 ], [ 86.8507598, 21.087388 ], [ 86.8699379, 21.0463555 ], [ 86.8938237, 21.0133418 ], [ 86.9002785, 21.0009864 ], [ 86.9100586, 20.9762732 ], [ 86.9183501, 20.9594911 ], [ 86.9320949, 20.9376378 ], [ 86.9392808, 20.9207637 ], [ 86.9448222, 20.9136644 ], [ 86.9485079, 20.9049019 ], [ 86.9621564, 20.8842477 ], [ 86.9667686, 20.8730003 ], [ 86.9758013, 20.8640575 ], [ 86.9808775, 20.8570472 ], [ 86.9813355, 20.8456138 ], [ 86.9763613, 20.8183191 ], [ 86.9687932, 20.799137 ], [ 86.9674114, 20.7913939 ], [ 86.9612645, 20.7834464 ], [ 86.9503533, 20.7764551 ], [ 86.9504826, 20.7741467 ], [ 86.9420427, 20.7729559 ], [ 86.9441635, 20.7664779 ], [ 86.9642181, 20.7672785 ], [ 86.9765627, 20.7718844 ], [ 86.9924823, 20.770228 ], [ 86.9944279, 20.7659722 ], [ 86.9974544, 20.7507332 ], [ 87.005619, 20.7346085 ], [ 87.0020121, 20.7183168 ], [ 87.0, 20.7147178 ], [ 86.9965427, 20.7121588 ], [ 86.9999904, 20.7038141 ], [ 87.005517, 20.7027884 ], [ 87.0000288, 20.7014919 ], [ 87.0000384, 20.6978368 ], [ 87.0146397, 20.7009355 ], [ 87.0201901, 20.7000991 ], [ 87.0261395, 20.7019055 ], [ 87.0294139, 20.7040919 ], [ 87.0345668, 20.7047142 ], [ 87.0569998, 20.7172953 ], [ 87.0582481, 20.716757 ], [ 87.0534345, 20.7122675 ], [ 87.0323584, 20.700055 ], [ 87.0257972, 20.6930879 ], [ 87.016531, 20.6879649 ], [ 86.996697, 20.6729264 ], [ 86.9637128, 20.6530264 ], [ 86.9285495, 20.6283966 ], [ 86.9219171, 20.6260004 ], [ 86.8763664, 20.5960294 ], [ 86.808444, 20.5460846 ], [ 86.7893666, 20.5339324 ], [ 86.7752505, 20.5207527 ], [ 86.7657891, 20.5037258 ], [ 86.7594107, 20.5003814 ], [ 86.7512308, 20.4834653 ], [ 86.7456495, 20.4680399 ], [ 86.7437769, 20.4660802 ], [ 86.7418619, 20.466083 ], [ 86.7407443, 20.4712016 ], [ 86.7390958, 20.4680053 ], [ 86.7348753, 20.4650821 ], [ 86.7333571, 20.4615895 ], [ 86.728566, 20.4406864 ], [ 86.7333217, 20.422162 ], [ 86.7335819, 20.4148032 ], [ 86.7243809, 20.3938453 ], [ 86.7254898, 20.3927393 ], [ 86.7291577, 20.3935308 ], [ 86.7307544, 20.3925484 ], [ 86.7318466, 20.3954894 ], [ 86.7341115, 20.3959772 ], [ 86.7392432, 20.4008137 ], [ 86.7415199, 20.3959054 ], [ 86.7376115, 20.3899016 ], [ 86.7458706, 20.3916076 ], [ 86.7433162, 20.3804446 ], [ 86.7473977, 20.3875469 ], [ 86.7512427, 20.3876654 ], [ 86.7504348, 20.3838431 ], [ 86.7447168, 20.3784514 ], [ 86.7464484, 20.3786076 ], [ 86.755072, 20.3844804 ], [ 86.762025, 20.3937302 ], [ 86.7753438, 20.4052389 ], [ 86.7765727, 20.4050537 ], [ 86.7824286, 20.385729 ], [ 86.7809107, 20.3786192 ], [ 86.7844525, 20.381251 ], [ 86.7854392, 20.3801491 ], [ 86.7855966, 20.3814443 ], [ 86.7885966, 20.3806738 ], [ 86.787068, 20.3784957 ], [ 86.7897439, 20.3759161 ], [ 86.7924295, 20.3793517 ], [ 86.7972668, 20.3757563 ], [ 86.795316, 20.3712037 ], [ 86.7907732, 20.3657664 ], [ 86.7889381, 20.3746218 ], [ 86.7818542, 20.3658633 ], [ 86.7787921, 20.3566156 ], [ 86.7915001, 20.3648099 ], [ 86.7943286, 20.369216 ], [ 86.7980557, 20.3639731 ], [ 86.7819368, 20.349031 ], [ 86.7783994, 20.3443698 ], [ 86.7825184, 20.3408798 ], [ 86.7750681, 20.331262 ], [ 86.7509657, 20.3128405 ], [ 86.7499998, 20.3089129 ], [ 86.7475269, 20.3069665 ], [ 86.7447123, 20.3060904 ], [ 86.7223321, 20.2902835 ], [ 86.6811552, 20.2710655 ], [ 86.6800271, 20.2701506 ], [ 86.6798383, 20.264218 ], [ 86.679453, 20.2675743 ], [ 86.6756811, 20.2671111 ], [ 86.673645, 20.2699628 ], [ 86.6755065, 20.2751079 ], [ 86.6732433, 20.2766489 ], [ 86.6719302, 20.2748843 ], [ 86.6692519, 20.2757197 ], [ 86.6676191, 20.2734123 ], [ 86.6678769, 20.2715875 ], [ 86.6682628, 20.270174 ], [ 86.6711854, 20.2692759 ], [ 86.6727634, 20.2657546 ], [ 86.672119, 20.2625004 ], [ 86.677391, 20.2599078 ], [ 86.6801869, 20.2599445 ], [ 86.6777368, 20.2593798 ], [ 86.6741832, 20.2598658 ], [ 86.6565002, 20.2542745 ], [ 86.5955698, 20.224465 ], [ 86.5757585, 20.2101545 ], [ 86.5390945, 20.1864775 ], [ 86.5238256, 20.1734472 ], [ 86.5126598, 20.1587779 ], [ 86.4977337, 20.1267972 ], [ 86.4768988, 20.0973461 ], [ 86.4339645, 20.0521407 ], [ 86.4339518, 20.0463484 ], [ 86.4260272, 20.035163 ], [ 86.414037, 20.0106534 ], [ 86.4132694, 20.0015312 ], [ 86.4149108, 19.9992661 ], [ 86.4140242, 19.9973158 ], [ 86.4043757, 19.9918302 ], [ 86.3935204, 19.9821562 ], [ 86.3900734, 19.9812317 ], [ 86.3896465, 19.9766849 ], [ 86.3846117, 19.9760938 ], [ 86.3779974, 19.9668335 ], [ 86.3797738, 19.9616165 ], [ 86.3821555, 19.9594259 ], [ 86.3840872, 19.9598039 ], [ 86.391345, 19.9637327 ], [ 86.3975113, 19.9695099 ], [ 86.4116046, 19.9757516 ], [ 86.4085434, 19.9700485 ], [ 86.3894374, 19.9552772 ], [ 86.3562373, 19.9471402 ], [ 86.3294986, 19.9461828 ], [ 86.3096195, 19.9412723 ], [ 86.2812319, 19.9291822 ], [ 86.2405496, 19.9066801 ], [ 86.2237115, 19.89885 ], [ 86.143737, 19.8735076 ], [ 86.0580303, 19.8498482 ], [ 85.9343481, 19.8249048 ], [ 85.8619014, 19.8050718 ], [ 85.7810854, 19.7806494 ], [ 85.7508035, 19.7685184 ], [ 85.6779949, 19.7438536 ], [ 85.6678188, 19.7368573 ], [ 85.6600427, 19.7350557 ], [ 85.6370327, 19.7254992 ], [ 85.4994735, 19.6571062 ], [ 85.4305065, 19.6279956 ], [ 85.3810058, 19.6033995 ], [ 85.3271337, 19.5730316 ], [ 85.293482, 19.5515271 ], [ 85.2216877, 19.5000058 ], [ 85.1653438, 19.4615698 ], [ 85.1407782, 19.4430764 ], [ 85.1055508, 19.4137689 ], [ 85.0938026, 19.3986054 ], [ 85.0925168, 19.3958142 ], [ 85.0933229, 19.3915634 ], [ 85.0920216, 19.3880585 ], [ 85.0794394, 19.3744617 ], [ 84.983601, 19.3178314 ], [ 84.9302098, 19.2762066 ], [ 84.8581676, 19.210514 ], [ 84.8178046, 19.1655986 ], [ 84.8038881, 19.1452092 ], [ 84.7936386, 19.1208574 ], [ 84.7796467, 19.1016084 ], [ 84.7662655, 19.0781436 ], [ 84.7545454, 19.0821696 ], [ 84.7081983, 19.1157212 ], [ 84.7027955, 19.1178621 ], [ 84.7014435, 19.1221851 ], [ 84.7025234, 19.1258563 ], [ 84.6978354, 19.1264436 ], [ 84.7061243, 19.1410252 ], [ 84.7003574, 19.1429672 ], [ 84.7012612, 19.1446224 ], [ 84.7000478, 19.1443949 ], [ 84.701175, 19.1470598 ], [ 84.7105159, 19.1464584 ], [ 84.7118293, 19.1497623 ], [ 84.7128447, 19.1495311 ], [ 84.7137298, 19.152193 ], [ 84.7148543, 19.1523199 ], [ 84.7125432, 19.1576064 ], [ 84.7099772, 19.1596652 ], [ 84.7047264, 19.1593016 ], [ 84.7033984, 19.1611681 ], [ 84.6969222, 19.1607574 ], [ 84.6962227, 19.1594525 ], [ 84.6924863, 19.1608574 ], [ 84.6843492, 19.1599896 ], [ 84.6807254, 19.1652816 ], [ 84.6777581, 19.166784 ], [ 84.6732673, 19.1660858 ], [ 84.6725238, 19.1645546 ], [ 84.6709061, 19.1660423 ], [ 84.6687393, 19.1629892 ], [ 84.6679317, 19.1541732 ], [ 84.6710154, 19.1562309 ], [ 84.6716554, 19.1482189 ], [ 84.6697421, 19.1379437 ], [ 84.6666919, 19.1318402 ], [ 84.6673184, 19.1298567 ], [ 84.6599452, 19.1315016 ], [ 84.6555554, 19.130809 ], [ 84.6542644, 19.1293745 ], [ 84.644078, 19.1337239 ], [ 84.6436266, 19.1297082 ], [ 84.6310224, 19.1296771 ], [ 84.6308556, 19.1267081 ], [ 84.6297776, 19.1266807 ], [ 84.6248325, 19.1279626 ], [ 84.6141581, 19.1278876 ], [ 84.6071982, 19.1291789 ], [ 84.6032771, 19.1319275 ], [ 84.59553, 19.1324495 ], [ 84.5960058, 19.1287891 ], [ 84.60285, 19.1266207 ], [ 84.6027633, 19.1230882 ], [ 84.601864, 19.1231758 ], [ 84.6055179, 19.1175382 ], [ 84.6084124, 19.107533 ], [ 84.6112822, 19.1068478 ], [ 84.6095452, 19.1007787 ], [ 84.618666, 19.1000841 ], [ 84.6196542, 19.1043959 ], [ 84.6254777, 19.0990929 ], [ 84.6249001, 19.0956353 ], [ 84.6226785, 19.0938637 ], [ 84.6250137, 19.091663 ], [ 84.6241116, 19.0883142 ], [ 84.6260018, 19.0876659 ], [ 84.6254948, 19.0849136 ], [ 84.6304183, 19.0843901 ], [ 84.631931, 19.0865634 ], [ 84.6311965, 19.0821015 ], [ 84.6343282, 19.0886671 ], [ 84.6367845, 19.0859485 ], [ 84.6368401, 19.089738 ], [ 84.644243, 19.092908 ], [ 84.647041, 19.0962629 ], [ 84.6531896, 19.09309 ], [ 84.6586633, 19.0943338 ], [ 84.6586777, 19.0919586 ], [ 84.6638788, 19.0875721 ], [ 84.6634717, 19.0823963 ], [ 84.6708523, 19.0763301 ], [ 84.6694785, 19.0743756 ], [ 84.6630824, 19.0746062 ], [ 84.661131, 19.0630389 ], [ 84.6575799, 19.064308 ], [ 84.6579611, 19.065559 ], [ 84.6546747, 19.0658966 ], [ 84.6539439, 19.0675356 ], [ 84.6416135, 19.0672744 ], [ 84.6371149, 19.0599781 ], [ 84.6310107, 19.0604191 ], [ 84.6298718, 19.0617004 ], [ 84.6306379, 19.0646049 ], [ 84.6291338, 19.0645042 ], [ 84.6278226, 19.0662079 ], [ 84.6229918, 19.0669269 ], [ 84.6183524, 19.0658672 ], [ 84.617046, 19.06093 ], [ 84.6224243, 19.0601008 ], [ 84.6207425, 19.0561415 ], [ 84.6176075, 19.0545341 ], [ 84.6134279, 19.0565663 ], [ 84.6128112, 19.0535282 ], [ 84.6142681, 19.0519395 ], [ 84.6117558, 19.0502903 ], [ 84.6058531, 19.0416972 ], [ 84.6037629, 19.0341425 ], [ 84.6019783, 19.0324395 ], [ 84.6012739, 19.025282 ], [ 84.5956817, 19.025548 ], [ 84.5941479, 19.0222585 ], [ 84.587783, 19.0250791 ], [ 84.5862279, 19.0278811 ], [ 84.5816662, 19.0300883 ], [ 84.5822997, 19.0348786 ], [ 84.5812645, 19.0375157 ], [ 84.5832864, 19.0424823 ], [ 84.57729, 19.040471 ], [ 84.5786771, 19.0456595 ], [ 84.5830509, 19.0492391 ], [ 84.5815191, 19.0530212 ], [ 84.5818234, 19.0589092 ], [ 84.5804583, 19.0600246 ], [ 84.5833752, 19.0681457 ], [ 84.5829507, 19.0731842 ], [ 84.5766297, 19.0676102 ], [ 84.5747022, 19.0675668 ], [ 84.5715764, 19.0695758 ], [ 84.5738783, 19.0732682 ], [ 84.5728648, 19.07372 ], [ 84.5662127, 19.0680781 ], [ 84.5623397, 19.0617504 ], [ 84.5566027, 19.0565809 ], [ 84.5432717, 19.0550535 ], [ 84.5360625, 19.0502884 ], [ 84.5261345, 19.0460374 ], [ 84.5241197, 19.0486971 ], [ 84.516379, 19.048426 ], [ 84.5117337, 19.0402401 ], [ 84.5053191, 19.0338635 ], [ 84.5004724, 19.0331658 ], [ 84.4943674, 19.0290012 ], [ 84.4887747, 19.0195061 ], [ 84.4850234, 19.0192427 ], [ 84.4826423, 19.0165689 ], [ 84.4829324, 19.0048689 ], [ 84.4788932, 18.9884592 ], [ 84.4760277, 18.9880409 ], [ 84.4743436, 18.9917566 ], [ 84.4702713, 18.9914164 ], [ 84.4667784, 18.9938791 ], [ 84.4648915, 18.9937314 ], [ 84.4647385, 18.9916071 ], [ 84.4605917, 18.9930582 ], [ 84.4603596, 18.9967803 ], [ 84.455818, 18.9973274 ], [ 84.454377, 19.0000032 ], [ 84.4496081, 19.0030034 ], [ 84.4448344, 19.0044455 ], [ 84.4416063, 19.0035295 ], [ 84.4405595, 19.0074116 ], [ 84.4371222, 19.0071292 ], [ 84.435523, 19.0101909 ], [ 84.4326227, 19.0107964 ], [ 84.4316034, 19.0134823 ], [ 84.4245799, 19.0139535 ], [ 84.4240982, 19.0159471 ], [ 84.4257333, 19.0192072 ], [ 84.4210854, 19.0219914 ], [ 84.4220113, 19.0127482 ], [ 84.4240705, 19.0131246 ], [ 84.4282369, 19.007674 ], [ 84.432498, 19.0065548 ], [ 84.4322188, 18.9950506 ], [ 84.443296, 18.9904992 ], [ 84.4446832, 18.9832624 ], [ 84.4524262, 18.9759775 ], [ 84.4505838, 18.9766565 ], [ 84.4477291, 18.9755651 ], [ 84.4450543, 18.9732435 ], [ 84.4460474, 18.9719296 ], [ 84.4416788, 18.9686499 ], [ 84.4373433, 18.970369 ], [ 84.4310729, 18.9691894 ], [ 84.4294118, 18.9648589 ], [ 84.4314723, 18.9628204 ], [ 84.4324284, 18.9590895 ], [ 84.429923, 18.9553478 ], [ 84.4260146, 18.9527469 ], [ 84.4242198, 18.9472539 ], [ 84.4281968, 18.9422657 ], [ 84.4310283, 18.9358527 ], [ 84.4276838, 18.9320902 ], [ 84.4375799, 18.9325117 ], [ 84.4385716, 18.9315726 ], [ 84.4394657, 18.9270832 ], [ 84.438181, 18.9251465 ], [ 84.4380246, 18.9204621 ], [ 84.4376529, 18.9196396 ], [ 84.4360804, 18.9203856 ], [ 84.4311082, 18.9166639 ], [ 84.4301924, 18.9113954 ], [ 84.4283926, 18.9090225 ], [ 84.4244299, 18.9103493 ], [ 84.4214997, 18.9139435 ], [ 84.4205269, 18.9176685 ], [ 84.4185728, 18.9173208 ], [ 84.4167595, 18.9146043 ], [ 84.4204744, 18.9108858 ], [ 84.4221903, 18.9054147 ], [ 84.4213447, 18.9011585 ], [ 84.4180181, 18.8972021 ], [ 84.4128765, 18.8971668 ], [ 84.4097107, 18.8951223 ], [ 84.4000873, 18.8953085 ], [ 84.3941197, 18.9008146 ], [ 84.393534, 18.9043328 ], [ 84.3889395, 18.9029588 ], [ 84.3855595, 18.9003557 ], [ 84.3789339, 18.9042175 ], [ 84.3781418, 18.9032943 ], [ 84.3806199, 18.9001371 ], [ 84.3850485, 18.8978336 ], [ 84.3851493, 18.8959206 ], [ 84.3903263, 18.8958173 ], [ 84.3959568, 18.8930742 ], [ 84.3975181, 18.8902832 ], [ 84.3983269, 18.8836797 ], [ 84.3976076, 18.8820352 ], [ 84.3951792, 18.8820239 ], [ 84.3953706, 18.8797689 ], [ 84.3921325, 18.8762964 ], [ 84.3913272, 18.8798973 ], [ 84.3881104, 18.8842408 ], [ 84.3814831, 18.8864277 ], [ 84.3833504, 18.8828646 ], [ 84.382557, 18.8814175 ], [ 84.3742667, 18.8865246 ], [ 84.3706792, 18.8866228 ], [ 84.3649534, 18.8896933 ], [ 84.3602665, 18.8945527 ], [ 84.3625502, 18.8871532 ], [ 84.3663687, 18.8850313 ], [ 84.3725914, 18.8780667 ], [ 84.3758074, 18.8789745 ], [ 84.3809693, 18.877163 ], [ 84.3842022, 18.8741397 ], [ 84.3789943, 18.8717004 ], [ 84.3773322, 18.8645114 ], [ 84.3742269, 18.8613884 ], [ 84.3699006, 18.8608395 ], [ 84.3665026, 18.8640199 ], [ 84.3644958, 18.8613274 ], [ 84.3620603, 18.860882 ], [ 84.357788, 18.8693008 ], [ 84.3560512, 18.8693528 ], [ 84.3370228, 18.8899831 ], [ 84.3305332, 18.8832151 ], [ 84.3256043, 18.8760918 ], [ 84.3309405, 18.8676893 ], [ 84.3330603, 18.8605137 ], [ 84.3416338, 18.8542567 ], [ 84.3449882, 18.8490491 ], [ 84.3612339, 18.8421643 ], [ 84.3612612, 18.8388957 ], [ 84.3638496, 18.8371219 ], [ 84.3596031, 18.8312147 ], [ 84.3521115, 18.8314875 ], [ 84.3522304, 18.8290466 ], [ 84.3511845, 18.8295193 ], [ 84.3506575, 18.8277509 ], [ 84.3520142, 18.8271065 ], [ 84.3512535, 18.8227026 ], [ 84.3494079, 18.8200577 ], [ 84.3426552, 18.8222189 ], [ 84.3393191, 18.8196881 ], [ 84.3340992, 18.8199567 ], [ 84.334367, 18.8177074 ], [ 84.3310552, 18.8178497 ], [ 84.3310527, 18.8150097 ], [ 84.3342409, 18.8151862 ], [ 84.3369152, 18.8115583 ], [ 84.3418345, 18.8089781 ], [ 84.3445454, 18.8017971 ], [ 84.3390053, 18.8022645 ], [ 84.3380998, 18.8004501 ], [ 84.3361321, 18.8010721 ], [ 84.3364485, 18.7984399 ], [ 84.3265917, 18.7987865 ], [ 84.3245395, 18.7948426 ], [ 84.3249316, 18.7904371 ], [ 84.3212584, 18.7864924 ], [ 84.312593, 18.7903727 ], [ 84.3089778, 18.7941402 ], [ 84.3059234, 18.7942272 ], [ 84.3049869, 18.798259 ], [ 84.2886615, 18.8046593 ], [ 84.2887711, 18.7984213 ], [ 84.2864894, 18.7923021 ], [ 84.2681169, 18.7845619 ], [ 84.2609667, 18.7832201 ], [ 84.2584618, 18.7842263 ], [ 84.2559218, 18.7879859 ], [ 84.25322, 18.7879777 ], [ 84.2490271, 18.7857896 ], [ 84.2431365, 18.7886237 ], [ 84.2424755, 18.7899141 ], [ 84.2435823, 18.7915152 ], [ 84.2412807, 18.7913773 ], [ 84.2408028, 18.7971446 ], [ 84.2367409, 18.7985519 ], [ 84.2338304, 18.7947705 ], [ 84.2322507, 18.7971534 ], [ 84.2263082, 18.7987671 ], [ 84.2239038, 18.7970926 ], [ 84.2218532, 18.7978342 ], [ 84.2191945, 18.7949187 ], [ 84.2143983, 18.7954249 ], [ 84.2137724, 18.793998 ], [ 84.2189144, 18.7911853 ], [ 84.2180837, 18.7901075 ], [ 84.2132604, 18.7905456 ], [ 84.207581, 18.789147 ], [ 84.2004532, 18.7904893 ], [ 84.200112, 18.7922089 ], [ 84.1981016, 18.7908107 ], [ 84.1975203, 18.7918449 ], [ 84.1953427, 18.7916768 ], [ 84.1934194, 18.7875937 ], [ 84.1946801, 18.7833193 ], [ 84.1899385, 18.777704 ], [ 84.1827059, 18.7819606 ], [ 84.1757743, 18.7800816 ], [ 84.1747923, 18.7821255 ], [ 84.1722864, 18.7828956 ], [ 84.1697185, 18.7882153 ], [ 84.1655881, 18.7877555 ], [ 84.1634956, 18.7893039 ], [ 84.1613615, 18.7876687 ], [ 84.1592635, 18.7878533 ], [ 84.158427, 18.7828928 ], [ 84.1565076, 18.7845792 ], [ 84.1541614, 18.7831619 ], [ 84.1517615, 18.7835406 ], [ 84.146219, 18.7771628 ], [ 84.1403875, 18.7772722 ], [ 84.1389096, 18.7688031 ], [ 84.141995, 18.7642997 ], [ 84.1373975, 18.7612362 ], [ 84.1325601, 18.7606023 ], [ 84.1293048, 18.765333 ], [ 84.1246793, 18.7639392 ], [ 84.1223839, 18.7679442 ], [ 84.1177091, 18.7655382 ], [ 84.1134922, 18.7668726 ], [ 84.1032737, 18.7602679 ], [ 84.0968807, 18.7605434 ], [ 84.0894625, 18.7567804 ], [ 84.0895899, 18.7639873 ], [ 84.0847511, 18.7642729 ], [ 84.0852297, 18.7664878 ], [ 84.0813957, 18.7653898 ], [ 84.0811745, 18.7641945 ], [ 84.0797144, 18.7645057 ], [ 84.0803396, 18.7653461 ], [ 84.076417, 18.7644452 ], [ 84.0737495, 18.7757523 ], [ 84.0718663, 18.7776819 ], [ 84.0692231, 18.778146 ], [ 84.0679899, 18.7823113 ], [ 84.0620106, 18.7813823 ], [ 84.0599119, 18.7824235 ], [ 84.0600181, 18.7851081 ], [ 84.057265, 18.7893699 ], [ 84.0587287, 18.7896908 ], [ 84.0587181, 18.7908508 ], [ 84.0616256, 18.7907295 ], [ 84.0613655, 18.7923371 ], [ 84.0583993, 18.791735 ], [ 84.0574202, 18.7934428 ], [ 84.0587303, 18.7985929 ], [ 84.0598768, 18.7991751 ], [ 84.0585132, 18.8000148 ], [ 84.0510954, 18.7990771 ], [ 84.0466859, 18.8016076 ], [ 84.0454517, 18.8036013 ], [ 84.0459855, 18.8050633 ], [ 84.044257, 18.8060561 ], [ 84.0456072, 18.8128804 ], [ 84.0384833, 18.8164328 ], [ 84.0377829, 18.8130451 ], [ 84.0329638, 18.8115961 ], [ 84.0248276, 18.8154795 ], [ 84.0252219, 18.8170476 ], [ 84.0225212, 18.8158986 ], [ 84.0191152, 18.8179161 ], [ 84.0191742, 18.8164499 ], [ 84.0154659, 18.8170632 ], [ 84.0168764, 18.8161153 ], [ 84.0174373, 18.812802 ], [ 84.0157313, 18.8087526 ], [ 84.0098965, 18.811688 ], [ 84.0052181, 18.8087375 ], [ 84.0010708, 18.8113882 ], [ 83.9999009, 18.8105433 ], [ 83.9956742, 18.8112652 ], [ 83.9938502, 18.8136057 ], [ 83.9872136, 18.8114988 ], [ 83.9884522, 18.810896 ], [ 83.9868605, 18.8100486 ], [ 83.9848738, 18.8119395 ], [ 83.9798058, 18.812521 ], [ 83.9778518, 18.814173 ], [ 83.965093, 18.8146156 ], [ 83.9628061, 18.8128902 ], [ 83.9609598, 18.8140834 ], [ 83.9587691, 18.8096467 ], [ 83.9553895, 18.806486 ], [ 83.9501615, 18.8051773 ], [ 83.9417435, 18.80833 ], [ 83.9423208, 18.8154577 ], [ 83.9381046, 18.8158533 ], [ 83.9375367, 18.8181597 ], [ 83.93465, 18.8181528 ], [ 83.9346272, 18.8162792 ], [ 83.9316483, 18.8158782 ], [ 83.9281101, 18.8188621 ], [ 83.9263435, 18.8224349 ], [ 83.9232781, 18.8218291 ], [ 83.9226299, 18.8235878 ], [ 83.9176731, 18.8242959 ], [ 83.9158049, 18.8279616 ], [ 83.9119923, 18.825962 ], [ 83.9047562, 18.8273992 ], [ 83.8996301, 18.8244026 ], [ 83.896127, 18.815642 ], [ 83.8931623, 18.8144732 ], [ 83.8911563, 18.8250919 ], [ 83.8877254, 18.830961 ], [ 83.8687004, 18.8507636 ], [ 83.8513748, 18.8595613 ], [ 83.8460051, 18.8690974 ], [ 83.8436755, 18.876275 ], [ 83.8488992, 18.8998968 ], [ 83.8457877, 18.9135828 ], [ 83.8433967, 18.917162 ], [ 83.8403172, 18.9185087 ], [ 83.8307085, 18.9147521 ], [ 83.8265774, 18.9162837 ], [ 83.8261308, 18.918587 ], [ 83.8289391, 18.9306046 ], [ 83.8197306, 18.9392569 ], [ 83.8190061, 18.9451974 ], [ 83.8217617, 18.9602291 ], [ 83.817733, 18.9715334 ], [ 83.8105222, 18.9852246 ], [ 83.8089263, 18.9922829 ], [ 83.7968619, 19.0009156 ], [ 83.7951243, 19.0036837 ], [ 83.7934806, 19.0082407 ], [ 83.794688, 19.017977 ], [ 83.781982, 19.0177489 ], [ 83.780525, 19.0186241 ], [ 83.7779058, 19.0175348 ], [ 83.7780614, 19.0154693 ], [ 83.7812825, 19.0139355 ], [ 83.781983, 19.0083946 ], [ 83.7788016, 19.0074628 ], [ 83.7716971, 19.0080841 ], [ 83.7648606, 19.0054011 ], [ 83.7628051, 18.9984927 ], [ 83.7606517, 19.0025971 ], [ 83.758676, 19.0022293 ], [ 83.7550287, 18.9986127 ], [ 83.7538371, 18.9992088 ], [ 83.7527313, 18.9977671 ], [ 83.7515502, 18.9986786 ], [ 83.7475321, 18.9959076 ], [ 83.7448535, 18.9879788 ], [ 83.7480702, 18.9740438 ], [ 83.7553051, 18.9713177 ], [ 83.7550575, 18.9623191 ], [ 83.7558698, 18.9597742 ], [ 83.7573569, 18.9593142 ], [ 83.7589552, 18.9506131 ], [ 83.7616289, 18.9504649 ], [ 83.7638995, 18.9529277 ], [ 83.7696473, 18.954756 ], [ 83.7725829, 18.9443239 ], [ 83.7762182, 18.9452491 ], [ 83.7788469, 18.9366635 ], [ 83.784456, 18.9335953 ], [ 83.7850477, 18.9237896 ], [ 83.7875709, 18.9191829 ], [ 83.7878908, 18.9158688 ], [ 83.7782434, 18.9113634 ], [ 83.7718367, 18.9146465 ], [ 83.769388, 18.914304 ], [ 83.7663614, 18.9226651 ], [ 83.7631688, 18.9272815 ], [ 83.7538587, 18.925131 ], [ 83.7476639, 18.9370786 ], [ 83.7468119, 18.943579 ], [ 83.740541, 18.9500692 ], [ 83.7387874, 18.9603572 ], [ 83.7343996, 18.9691762 ], [ 83.7324581, 18.9799094 ], [ 83.7330127, 18.9877118 ], [ 83.7181698, 18.9934205 ], [ 83.7141996, 18.9929867 ], [ 83.7132009, 18.9980291 ], [ 83.7096352, 19.0021556 ], [ 83.7088269, 19.0055852 ], [ 83.7103051, 19.0071752 ], [ 83.7180713, 19.0104337 ], [ 83.7212143, 19.0093084 ], [ 83.7238924, 19.0102488 ], [ 83.7300169, 19.0219554 ], [ 83.7244684, 19.0205429 ], [ 83.71616, 19.0236768 ], [ 83.7096864, 19.0246431 ], [ 83.7046204, 19.0234126 ], [ 83.7001389, 19.0254512 ], [ 83.6978381, 19.030546 ], [ 83.6985338, 19.0318812 ], [ 83.6930214, 19.0386076 ], [ 83.6912008, 19.0472982 ], [ 83.6852525, 19.0585321 ], [ 83.6765897, 19.0652047 ], [ 83.6746297, 19.0720823 ], [ 83.6679584, 19.075371 ], [ 83.664355, 19.0757121 ], [ 83.6610179, 19.0811376 ], [ 83.6603818, 19.0844247 ], [ 83.6638921, 19.0921937 ], [ 83.6625432, 19.0951481 ], [ 83.6628225, 19.0989501 ], [ 83.6614302, 19.0989115 ], [ 83.6575843, 19.1025475 ], [ 83.6555708, 19.1088026 ], [ 83.6510529, 19.1093464 ], [ 83.6504545, 19.1173871 ], [ 83.6470364, 19.118398 ], [ 83.6496361, 19.1232593 ], [ 83.6543845, 19.1227444 ], [ 83.6549629, 19.1296208 ], [ 83.6527139, 19.1315632 ], [ 83.6467527, 19.1298115 ], [ 83.6421168, 19.1319235 ], [ 83.6370078, 19.1314776 ], [ 83.6317029, 19.140841 ], [ 83.6349356, 19.1496576 ], [ 83.6344095, 19.1518323 ], [ 83.6372583, 19.1535144 ], [ 83.6339225, 19.1594562 ], [ 83.6260341, 19.1626664 ], [ 83.6277871, 19.1566545 ], [ 83.6274734, 19.1506495 ], [ 83.6222929, 19.1478203 ], [ 83.6208038, 19.1416786 ], [ 83.6187602, 19.1413239 ], [ 83.6159611, 19.1370519 ], [ 83.6079694, 19.1396894 ], [ 83.6047047, 19.1359927 ], [ 83.6016522, 19.1355258 ], [ 83.5991264, 19.1301615 ], [ 83.5978086, 19.1188065 ], [ 83.6034138, 19.1121308 ], [ 83.6089562, 19.1020964 ], [ 83.6106142, 19.0960633 ], [ 83.6030746, 19.0925896 ], [ 83.6011923, 19.0949144 ], [ 83.5929503, 19.0926738 ], [ 83.5855886, 19.0865554 ], [ 83.5847134, 19.0837096 ], [ 83.5870218, 19.0693596 ], [ 83.5840539, 19.0650757 ], [ 83.5844551, 19.0575659 ], [ 83.5797717, 19.0605437 ], [ 83.5749651, 19.0613966 ], [ 83.5670975, 19.0598989 ], [ 83.5634192, 19.0578505 ], [ 83.5603493, 19.064499 ], [ 83.5638104, 19.0706366 ], [ 83.5669997, 19.0717391 ], [ 83.5646888, 19.0792576 ], [ 83.5601738, 19.0870685 ], [ 83.5544426, 19.086534 ], [ 83.5490455, 19.0805177 ], [ 83.5485348, 19.0778698 ], [ 83.5556117, 19.0633636 ], [ 83.5554116, 19.0580609 ], [ 83.5575674, 19.0562024 ], [ 83.5516778, 19.0545502 ], [ 83.5468827, 19.0437165 ], [ 83.5417349, 19.0414846 ], [ 83.539842, 19.033469 ], [ 83.5414876, 19.0296083 ], [ 83.538814, 19.0223754 ], [ 83.5367052, 19.0094951 ], [ 83.5345666, 19.0130915 ], [ 83.5259085, 19.0128398 ], [ 83.5247375, 19.0145175 ], [ 83.522493, 19.0120737 ], [ 83.5162427, 19.0166066 ], [ 83.5037791, 19.0187266 ], [ 83.5009358, 19.0206616 ], [ 83.4954581, 19.0318526 ], [ 83.4974733, 19.0345392 ], [ 83.4964664, 19.0354694 ], [ 83.5084705, 19.0355371 ], [ 83.514821, 19.0284563 ], [ 83.5193017, 19.039065 ], [ 83.5131317, 19.0483785 ], [ 83.5147862, 19.0497738 ], [ 83.5167957, 19.0570796 ], [ 83.5130417, 19.060684 ], [ 83.5112003, 19.0667508 ], [ 83.5117148, 19.0703154 ], [ 83.505548, 19.0660465 ], [ 83.5017846, 19.0658945 ], [ 83.5006072, 19.0606496 ], [ 83.4888366, 19.0733531 ], [ 83.4867229, 19.0736526 ], [ 83.4808399, 19.0785048 ], [ 83.4824241, 19.0810278 ], [ 83.4818315, 19.0851337 ], [ 83.4863131, 19.0875399 ], [ 83.4833958, 19.0922559 ], [ 83.4736563, 19.0952724 ], [ 83.4679767, 19.093118 ], [ 83.4687287, 19.0919339 ], [ 83.4672599, 19.0876909 ], [ 83.4697145, 19.0857164 ], [ 83.470995, 19.0868642 ], [ 83.4729967, 19.0857265 ], [ 83.47351, 19.0870337 ], [ 83.4764986, 19.0854353 ], [ 83.478372, 19.0792739 ], [ 83.4729866, 19.0770479 ], [ 83.4703587, 19.0801447 ], [ 83.4662705, 19.0799014 ], [ 83.4630968, 19.0759657 ], [ 83.4649515, 19.074523 ], [ 83.4652033, 19.0710111 ], [ 83.4637347, 19.0696535 ], [ 83.4622943, 19.0637665 ], [ 83.4678225, 19.0631553 ], [ 83.4691977, 19.0610958 ], [ 83.469517, 19.0576462 ], [ 83.4678275, 19.0551447 ], [ 83.4709269, 19.048637 ], [ 83.4707234, 19.0429096 ], [ 83.4833475, 19.0335467 ], [ 83.4793984, 19.0221169 ], [ 83.4795847, 19.0177118 ], [ 83.4825082, 19.0150942 ], [ 83.4806796, 19.0108742 ], [ 83.4813688, 19.0097445 ], [ 83.4796802, 19.0084672 ], [ 83.4715914, 19.0072255 ], [ 83.4615217, 19.0123405 ], [ 83.4522488, 19.0125903 ], [ 83.4515666, 19.0097771 ], [ 83.4499722, 19.0095092 ], [ 83.450659, 19.004533 ], [ 83.4553122, 18.996831 ], [ 83.4552733, 18.9912638 ], [ 83.4659968, 18.9935505 ], [ 83.4678354, 18.9910831 ], [ 83.4641849, 18.9801049 ], [ 83.4653628, 18.9791815 ], [ 83.4685556, 18.9803672 ], [ 83.4698121, 18.9693235 ], [ 83.4678292, 18.9645544 ], [ 83.465988, 18.9645835 ], [ 83.4647361, 18.9627126 ], [ 83.4626653, 18.957439 ], [ 83.4631651, 18.955599 ], [ 83.461297, 18.9560438 ], [ 83.4618291, 18.9547814 ], [ 83.4458599, 18.9577609 ], [ 83.4435381, 18.9609525 ], [ 83.4458051, 18.9657982 ], [ 83.4403283, 18.9716156 ], [ 83.4388838, 18.976385 ], [ 83.4350979, 18.9758568 ], [ 83.4291977, 18.980423 ], [ 83.4263592, 18.9850074 ], [ 83.4196421, 18.9889336 ], [ 83.4153213, 18.9891797 ], [ 83.4188369, 18.9975962 ], [ 83.4199907, 18.9979287 ], [ 83.4196068, 19.0002638 ], [ 83.4170643, 19.0020583 ], [ 83.4158408, 19.0005028 ], [ 83.4140969, 19.0036775 ], [ 83.411275, 19.0002553 ], [ 83.4095536, 19.0043283 ], [ 83.4043021, 19.0046044 ], [ 83.4042179, 19.0066737 ], [ 83.4020094, 19.0062779 ], [ 83.4004733, 19.0093956 ], [ 83.3984661, 19.0084734 ], [ 83.3959794, 19.0095442 ], [ 83.3946937, 19.0059619 ], [ 83.384635, 19.0013775 ], [ 83.376818, 19.0018529 ], [ 83.3759694, 19.0029387 ], [ 83.3726129, 19.0022592 ], [ 83.3666189, 19.0060977 ], [ 83.3659249, 19.0083871 ], [ 83.3670305, 19.0093528 ], [ 83.3652856, 19.0101789 ], [ 83.3669547, 19.0117155 ], [ 83.3660548, 19.0128694 ], [ 83.3674781, 19.016482 ], [ 83.3639248, 19.016681 ], [ 83.3580517, 19.0193797 ], [ 83.3536764, 19.017855 ], [ 83.3504666, 19.0185236 ], [ 83.3480179, 19.01692 ], [ 83.3429215, 19.0181366 ], [ 83.3400282, 19.0088479 ], [ 83.3369494, 19.0059697 ], [ 83.3364868, 19.0027792 ], [ 83.3387848, 18.9970051 ], [ 83.335811, 18.9986394 ], [ 83.3312593, 18.9989877 ], [ 83.3272145, 19.002403 ], [ 83.3223746, 18.9995104 ], [ 83.3166544, 19.0012622 ], [ 83.3106462, 18.9986729 ], [ 83.3103342, 18.9956782 ], [ 83.315904, 18.9871729 ], [ 83.315232, 18.9831981 ], [ 83.3176031, 18.9802874 ], [ 83.318742, 18.9734089 ], [ 83.3221415, 18.9700381 ], [ 83.3283037, 18.9670344 ], [ 83.3314839, 18.9690808 ], [ 83.3348224, 18.9685238 ], [ 83.3325166, 18.9576741 ], [ 83.3337409, 18.9549356 ], [ 83.3390171, 18.9527782 ], [ 83.3378352, 18.9462948 ], [ 83.3271097, 18.9446189 ], [ 83.324861, 18.9374848 ], [ 83.326498, 18.931982 ], [ 83.3339183, 18.9287818 ], [ 83.3334223, 18.9262095 ], [ 83.3352219, 18.924927 ], [ 83.3484377, 18.9262864 ], [ 83.3438472, 18.9411249 ], [ 83.3501701, 18.9432668 ], [ 83.3508639, 18.9473989 ], [ 83.3482836, 18.9603831 ], [ 83.3509174, 18.9667939 ], [ 83.354736, 18.9672963 ], [ 83.3615363, 18.96315 ], [ 83.3671254, 18.9630064 ], [ 83.3684013, 18.9605922 ], [ 83.3658436, 18.9569354 ], [ 83.368379, 18.953304 ], [ 83.3712754, 18.9426502 ], [ 83.3830254, 18.9369406 ], [ 83.3873778, 18.9329785 ], [ 83.3820154, 18.9272898 ], [ 83.3773508, 18.9256112 ], [ 83.3706043, 18.9260362 ], [ 83.3691871, 18.9298566 ], [ 83.370147, 18.9417163 ], [ 83.3609752, 18.9408309 ], [ 83.352484, 18.9434631 ], [ 83.3534333, 18.9306035 ], [ 83.3574918, 18.9239182 ], [ 83.3591391, 18.9168752 ], [ 83.3617033, 18.915989 ], [ 83.3598253, 18.9147124 ], [ 83.362393, 18.9147565 ], [ 83.3697171, 18.9078759 ], [ 83.3768426, 18.9098123 ], [ 83.3818113, 18.9138896 ], [ 83.3850344, 18.9133154 ], [ 83.3906091, 18.9096085 ], [ 83.3931775, 18.9073807 ], [ 83.3846487, 18.9038553 ], [ 83.378331, 18.896955 ], [ 83.3817252, 18.8937367 ], [ 83.3819154, 18.8917564 ], [ 83.3912728, 18.8871973 ], [ 83.391834, 18.8822859 ], [ 83.3974163, 18.8785292 ], [ 83.4020194, 18.8769751 ], [ 83.4070314, 18.8771496 ], [ 83.4102356, 18.8743173 ], [ 83.4147514, 18.8749632 ], [ 83.4122938, 18.8702988 ], [ 83.4048736, 18.8619052 ], [ 83.4043656, 18.8475607 ], [ 83.4058826, 18.8425152 ], [ 83.4041297, 18.8429893 ], [ 83.3783257, 18.8306629 ], [ 83.3751854, 18.8363522 ], [ 83.3717371, 18.8390245 ], [ 83.3704447, 18.8429109 ], [ 83.3681509, 18.84406 ], [ 83.363938, 18.8422756 ], [ 83.358675, 18.8349319 ], [ 83.3493408, 18.8301274 ], [ 83.3477672, 18.8271127 ], [ 83.3379642, 18.8243638 ], [ 83.3282457, 18.8180818 ], [ 83.32814, 18.8121265 ], [ 83.3306163, 18.8063467 ], [ 83.3194035, 18.804766 ], [ 83.309306, 18.809502 ], [ 83.2978662, 18.8016996 ], [ 83.2843379, 18.7978782 ], [ 83.2800522, 18.7926647 ], [ 83.275274, 18.782905 ], [ 83.2813737, 18.7746024 ], [ 83.2713546, 18.7646354 ], [ 83.2640922, 18.7678938 ], [ 83.2625525, 18.7697551 ], [ 83.253387, 18.7675626 ], [ 83.2511487, 18.7685967 ], [ 83.2432458, 18.7682763 ], [ 83.2380843, 18.7727188 ], [ 83.2345983, 18.7740612 ], [ 83.2246075, 18.7750882 ], [ 83.2223486, 18.7727667 ], [ 83.2238071, 18.7679351 ], [ 83.2281304, 18.7610189 ], [ 83.2277178, 18.7552386 ], [ 83.2253664, 18.7509128 ], [ 83.2199417, 18.7475404 ], [ 83.2174125, 18.7444543 ], [ 83.214637, 18.7333681 ], [ 83.2124521, 18.7304855 ], [ 83.211375, 18.7322277 ], [ 83.2126913, 18.7375776 ], [ 83.2073652, 18.7457564 ], [ 83.2080062, 18.749118 ], [ 83.2065479, 18.7514384 ], [ 83.1931871, 18.7531222 ], [ 83.1779074, 18.7708603 ], [ 83.1650517, 18.7689367 ], [ 83.1641532, 18.7668967 ], [ 83.1564798, 18.7682319 ], [ 83.1522788, 18.7726928 ], [ 83.1518143, 18.7760719 ], [ 83.1390297, 18.7853646 ], [ 83.115147, 18.7680946 ], [ 83.1211404, 18.7658362 ], [ 83.1236342, 18.7605235 ], [ 83.1222073, 18.7575001 ], [ 83.1192905, 18.7570364 ], [ 83.11242, 18.7528099 ], [ 83.1076074, 18.7470561 ], [ 83.1016938, 18.7327465 ], [ 83.0954578, 18.7314163 ], [ 83.0942012, 18.7260013 ], [ 83.0917358, 18.7225015 ], [ 83.0815952, 18.7146652 ], [ 83.0727908, 18.70554 ], [ 83.0713687, 18.7016353 ], [ 83.0750137, 18.7012563 ], [ 83.0627849, 18.6836317 ], [ 83.0580236, 18.6653147 ], [ 83.0442273, 18.6584419 ], [ 83.0249975, 18.6544135 ], [ 83.0226426, 18.651223 ], [ 83.0170157, 18.650222 ], [ 83.0131284, 18.6460542 ], [ 83.0196328, 18.6351216 ], [ 83.0157577, 18.6331666 ], [ 83.0089035, 18.6268532 ], [ 83.0057537, 18.6216881 ], [ 82.9995744, 18.6195316 ], [ 83.0004701, 18.6079849 ], [ 83.0152135, 18.6054382 ], [ 83.0150077, 18.6020856 ], [ 83.0126925, 18.5993643 ], [ 83.0135621, 18.5943639 ], [ 83.0188001, 18.5934677 ], [ 83.0237902, 18.5896472 ], [ 83.0275857, 18.5925738 ], [ 83.0444363, 18.5994739 ], [ 83.0467204, 18.5987535 ], [ 83.0527925, 18.6006838 ], [ 83.0530968, 18.5881286 ], [ 83.0504783, 18.5881977 ], [ 83.0479575, 18.5865315 ], [ 83.0426194, 18.5873301 ], [ 83.0400751, 18.5864814 ], [ 83.0376609, 18.5810242 ], [ 83.0309975, 18.5775008 ], [ 83.0299963, 18.573338 ], [ 83.0331465, 18.5697901 ], [ 83.038433, 18.5558745 ], [ 83.0431733, 18.5471476 ], [ 83.0454364, 18.5459217 ], [ 83.0453542, 18.5441837 ], [ 83.0544699, 18.544045 ], [ 83.0584041, 18.5421448 ], [ 83.0621557, 18.5422394 ], [ 83.0712387, 18.549755 ], [ 83.0788469, 18.550394 ], [ 83.0809415, 18.5540249 ], [ 83.0838062, 18.5516583 ], [ 83.0895145, 18.5529862 ], [ 83.0950392, 18.5466424 ], [ 83.0935262, 18.5398391 ], [ 83.0892721, 18.5389061 ], [ 83.0836415, 18.5310551 ], [ 83.08192, 18.5308302 ], [ 83.0770101, 18.5261461 ], [ 83.0750664, 18.5145686 ], [ 83.0640059, 18.5022822 ], [ 83.060476, 18.5020453 ], [ 83.057971, 18.4968422 ], [ 83.0552064, 18.4956572 ], [ 83.0561067, 18.4897757 ], [ 83.0551102, 18.4856085 ], [ 83.0376547, 18.4686152 ], [ 83.0307306, 18.4662731 ], [ 83.0209477, 18.456242 ], [ 83.0246143, 18.4484565 ], [ 83.0272472, 18.4473532 ], [ 83.0330966, 18.4477954 ], [ 83.0357183, 18.4457042 ], [ 83.0366767, 18.4427038 ], [ 83.0409372, 18.4407925 ], [ 83.037759, 18.4345439 ], [ 83.0431257, 18.4259619 ], [ 83.0425304, 18.4242258 ], [ 83.045976, 18.4266684 ], [ 83.0507967, 18.4341324 ], [ 83.0585645, 18.4366816 ], [ 83.0599828, 18.4369598 ], [ 83.063398, 18.4320672 ], [ 83.0673116, 18.4300914 ], [ 83.0655043, 18.4229926 ], [ 83.0574357, 18.419372 ], [ 83.0642538, 18.4094062 ], [ 83.076844, 18.4054027 ], [ 83.0770513, 18.4033543 ], [ 83.0544888, 18.3799858 ], [ 83.0430754, 18.3793725 ], [ 83.0392299, 18.3834518 ], [ 83.032219, 18.3834952 ], [ 83.0295055, 18.3860944 ], [ 83.0257918, 18.3869289 ], [ 83.0219207, 18.3917038 ], [ 83.0159808, 18.3870467 ], [ 83.0117932, 18.3886449 ], [ 83.0103296, 18.386045 ], [ 83.0052766, 18.3827603 ], [ 83.0012359, 18.3831462 ], [ 82.9981738, 18.3859337 ], [ 82.9968255, 18.3855233 ], [ 82.9925816, 18.3789279 ], [ 82.9917017, 18.3785306 ], [ 82.990273, 18.3806008 ], [ 82.9876949, 18.3785544 ], [ 82.982187, 18.3681191 ], [ 82.9831754, 18.366442 ], [ 82.9704715, 18.3600061 ], [ 82.9669917, 18.3589264 ], [ 82.9601082, 18.3664098 ], [ 82.9537335, 18.3615744 ], [ 82.9473855, 18.3603611 ], [ 82.9397271, 18.3608187 ], [ 82.926028, 18.3681399 ], [ 82.9221962, 18.3754241 ], [ 82.917861, 18.3752827 ], [ 82.9130832, 18.3684782 ], [ 82.9108853, 18.3729451 ], [ 82.9019227, 18.3740693 ], [ 82.8941937, 18.3815681 ], [ 82.8934109, 18.38701 ], [ 82.8907188, 18.390497 ], [ 82.893176, 18.3932281 ], [ 82.8977789, 18.4034993 ], [ 82.8949997, 18.4241026 ], [ 82.8911649, 18.4239646 ], [ 82.8815602, 18.4206812 ], [ 82.8763978, 18.4216266 ], [ 82.8712951, 18.4184563 ], [ 82.8591364, 18.4232014 ], [ 82.8564108, 18.4254369 ], [ 82.8538427, 18.4229324 ], [ 82.8524161, 18.4192015 ], [ 82.8486264, 18.423724 ], [ 82.8473402, 18.4309099 ], [ 82.8455818, 18.4337729 ], [ 82.8363785, 18.437092 ], [ 82.8359522, 18.4392869 ], [ 82.8312226, 18.4422914 ], [ 82.8238044, 18.4435013 ], [ 82.8232193, 18.4472562 ], [ 82.8156371, 18.4509022 ], [ 82.8031426, 18.449246 ], [ 82.8021835, 18.4466984 ], [ 82.7976258, 18.4435569 ], [ 82.7953755, 18.4397115 ], [ 82.7821633, 18.4307878 ], [ 82.782893, 18.4226089 ], [ 82.7874339, 18.4191737 ], [ 82.7865571, 18.4181204 ], [ 82.7878365, 18.4169023 ], [ 82.7868829, 18.4107134 ], [ 82.7954929, 18.4090873 ], [ 82.7995384, 18.4067498 ], [ 82.7938323, 18.4013512 ], [ 82.7938858, 18.399205 ], [ 82.7914645, 18.3961425 ], [ 82.7940868, 18.388917 ], [ 82.7938629, 18.3860235 ], [ 82.782649, 18.3818918 ], [ 82.7847771, 18.3804081 ], [ 82.7887575, 18.3718013 ], [ 82.7905564, 18.3631878 ], [ 82.7839375, 18.35534 ], [ 82.7763908, 18.3492352 ], [ 82.774123, 18.3444272 ], [ 82.7740858, 18.3403167 ], [ 82.7714671, 18.3391078 ], [ 82.7711156, 18.3375797 ], [ 82.7684478, 18.3380563 ], [ 82.764824, 18.3361564 ], [ 82.7633003, 18.3389125 ], [ 82.7596886, 18.3396146 ], [ 82.7580981, 18.3376279 ], [ 82.7591922, 18.3340266 ], [ 82.7562995, 18.3333078 ], [ 82.7551754, 18.330192 ], [ 82.7506369, 18.330916 ], [ 82.7478454, 18.3289674 ], [ 82.7428701, 18.3299887 ], [ 82.7383081, 18.3269539 ], [ 82.7409797, 18.3226064 ], [ 82.7360466, 18.323112 ], [ 82.7342726, 18.3202416 ], [ 82.7267046, 18.3226095 ], [ 82.7249073, 18.3245323 ], [ 82.723126, 18.3232879 ], [ 82.714738, 18.3223892 ], [ 82.7085598, 18.3158431 ], [ 82.7093756, 18.3131795 ], [ 82.7016648, 18.3106372 ], [ 82.6945151, 18.3122819 ], [ 82.691949, 18.3076425 ], [ 82.6844181, 18.303589 ], [ 82.6801827, 18.3033463 ], [ 82.6763212, 18.3065606 ], [ 82.6736051, 18.3049672 ], [ 82.6690965, 18.2989034 ], [ 82.6667659, 18.2980292 ], [ 82.6622518, 18.2982989 ], [ 82.6574207, 18.2960685 ], [ 82.654937, 18.296989 ], [ 82.6511901, 18.3018599 ], [ 82.6426499, 18.302033 ], [ 82.6407177, 18.2962262 ], [ 82.6438231, 18.288009 ], [ 82.6522424, 18.2811418 ], [ 82.6485369, 18.2728658 ], [ 82.6427885, 18.2715509 ], [ 82.6422801, 18.2637668 ], [ 82.6471172, 18.2622253 ], [ 82.6496574, 18.2578213 ], [ 82.65095, 18.2509976 ], [ 82.6524867, 18.2499994 ], [ 82.6486333, 18.2449954 ], [ 82.637681, 18.2367045 ], [ 82.6315899, 18.2395755 ], [ 82.6275515, 18.244584 ], [ 82.6235346, 18.2463212 ], [ 82.6199957, 18.2496581 ], [ 82.617201, 18.2557536 ], [ 82.6138495, 18.2584248 ], [ 82.6072097, 18.2614037 ], [ 82.6042184, 18.2646862 ], [ 82.6012935, 18.2638975 ], [ 82.5969134, 18.2647925 ], [ 82.5967834, 18.2743711 ], [ 82.5926356, 18.2742928 ], [ 82.5877853, 18.2760634 ], [ 82.5880462, 18.280299 ], [ 82.5921516, 18.2803461 ], [ 82.5940641, 18.2847035 ], [ 82.5941889, 18.2869703 ], [ 82.5910221, 18.2897751 ], [ 82.595203, 18.291841 ], [ 82.5956553, 18.2963008 ], [ 82.5946654, 18.2982155 ], [ 82.5986552, 18.3041863 ], [ 82.5964666, 18.3063867 ], [ 82.5960624, 18.3102844 ], [ 82.5932292, 18.310805 ], [ 82.5918015, 18.3088246 ], [ 82.5851669, 18.3084641 ], [ 82.5813067, 18.3151689 ], [ 82.5838932, 18.3197557 ], [ 82.5884739, 18.3178788 ], [ 82.5948847, 18.3288758 ], [ 82.6012526, 18.3253437 ], [ 82.6089417, 18.3271268 ], [ 82.6111976, 18.3337126 ], [ 82.6085362, 18.3400419 ], [ 82.60288, 18.3443543 ], [ 82.6020447, 18.3522763 ], [ 82.6145221, 18.3509106 ], [ 82.6212266, 18.3580819 ], [ 82.6212275, 18.3597083 ], [ 82.6059854, 18.3660583 ], [ 82.605729, 18.3700541 ], [ 82.6032169, 18.3726505 ], [ 82.6061218, 18.3756709 ], [ 82.605291, 18.3820298 ], [ 82.6042719, 18.3823501 ], [ 82.6015188, 18.3793691 ], [ 82.5995163, 18.3797879 ], [ 82.5964415, 18.3829671 ], [ 82.5947956, 18.3892289 ], [ 82.5927256, 18.3890024 ], [ 82.5886327, 18.3916297 ], [ 82.5838746, 18.386727 ], [ 82.5758265, 18.3962269 ], [ 82.5710045, 18.3946676 ], [ 82.562425, 18.3999563 ], [ 82.557113, 18.3965483 ], [ 82.555331, 18.3936263 ], [ 82.552175, 18.3979079 ], [ 82.5408827, 18.3994273 ], [ 82.5355286, 18.4061706 ], [ 82.5354086, 18.4070526 ], [ 82.5470865, 18.4126051 ], [ 82.5471914, 18.4142895 ], [ 82.5432986, 18.4140229 ], [ 82.5414142, 18.4219082 ], [ 82.5456216, 18.4224026 ], [ 82.5457382, 18.4275204 ], [ 82.5520051, 18.4285671 ], [ 82.5505802, 18.4332952 ], [ 82.5581541, 18.439662 ], [ 82.5565177, 18.4429688 ], [ 82.5609542, 18.4451778 ], [ 82.5613959, 18.4484901 ], [ 82.5565889, 18.4498172 ], [ 82.5548226, 18.454485 ], [ 82.5525788, 18.4550365 ], [ 82.5487597, 18.4530528 ], [ 82.5423719, 18.4576272 ], [ 82.5413372, 18.4541569 ], [ 82.5444663, 18.4493833 ], [ 82.5395579, 18.4436042 ], [ 82.5372635, 18.4464284 ], [ 82.5332537, 18.4586589 ], [ 82.5273922, 18.4596639 ], [ 82.5283367, 18.4642058 ], [ 82.5238897, 18.4634872 ], [ 82.51942, 18.4655967 ], [ 82.5194533, 18.4672184 ], [ 82.5236779, 18.4695563 ], [ 82.524767, 18.4716978 ], [ 82.5308436, 18.4730314 ], [ 82.5341902, 18.4777344 ], [ 82.5318947, 18.4804908 ], [ 82.5278527, 18.4806545 ], [ 82.5282953, 18.4830499 ], [ 82.5332662, 18.4882819 ], [ 82.5319914, 18.4924306 ], [ 82.5278891, 18.4938552 ], [ 82.526495, 18.496288 ], [ 82.52966, 18.5013044 ], [ 82.5269778, 18.5058799 ], [ 82.5310663, 18.5087383 ], [ 82.5321612, 18.5109882 ], [ 82.5259717, 18.5163241 ], [ 82.520281, 18.5175943 ], [ 82.5122768, 18.518047 ], [ 82.5054843, 18.5135472 ], [ 82.5043315, 18.5138726 ], [ 82.4940532, 18.524553 ], [ 82.4862737, 18.5280524 ], [ 82.4875919, 18.5326051 ], [ 82.4839458, 18.5354529 ], [ 82.4813379, 18.5406101 ], [ 82.4840043, 18.5433181 ], [ 82.4923367, 18.5417931 ], [ 82.4935039, 18.5436361 ], [ 82.4918998, 18.5476336 ], [ 82.4889824, 18.5493417 ], [ 82.4827531, 18.5487221 ], [ 82.4734732, 18.5425783 ], [ 82.4683753, 18.5346393 ], [ 82.4641211, 18.5328743 ], [ 82.4609846, 18.5254982 ], [ 82.4578622, 18.5242212 ], [ 82.4509796, 18.5173662 ], [ 82.4447481, 18.5140889 ], [ 82.4431029, 18.5087657 ], [ 82.4386066, 18.5068166 ], [ 82.4371464, 18.5009409 ], [ 82.4340391, 18.4985653 ], [ 82.4341441, 18.4969561 ], [ 82.4377377, 18.4957633 ], [ 82.4374326, 18.4938139 ], [ 82.4341577, 18.491765 ], [ 82.431925, 18.4869115 ], [ 82.4225379, 18.4780454 ], [ 82.4149702, 18.474429 ], [ 82.4035191, 18.4642177 ], [ 82.3968003, 18.4542146 ], [ 82.3960258, 18.4491737 ], [ 82.392703, 18.4486469 ], [ 82.3866473, 18.4450136 ], [ 82.3819988, 18.4325823 ], [ 82.3757395, 18.4300343 ], [ 82.3642124, 18.4215376 ], [ 82.3709278, 18.4142468 ], [ 82.3752243, 18.4063408 ], [ 82.3796247, 18.4038013 ], [ 82.3814807, 18.3896417 ], [ 82.3860727, 18.386274 ], [ 82.3840188, 18.3844999 ], [ 82.3855217, 18.3771379 ], [ 82.3844475, 18.3694244 ], [ 82.385549, 18.3675053 ], [ 82.3768194, 18.3598382 ], [ 82.369877, 18.3585147 ], [ 82.3698432, 18.3560389 ], [ 82.3681841, 18.3538596 ], [ 82.364485, 18.3527656 ], [ 82.3631073, 18.3442227 ], [ 82.3557996, 18.3384374 ], [ 82.348991, 18.3304389 ], [ 82.3469442, 18.3288312 ], [ 82.3440925, 18.3307942 ], [ 82.3405006, 18.328208 ], [ 82.3381341, 18.3280303 ], [ 82.3382183, 18.3267104 ], [ 82.3404796, 18.3224069 ], [ 82.3490202, 18.3165182 ], [ 82.3543192, 18.3172171 ], [ 82.3558702, 18.3159229 ], [ 82.3639983, 18.318463 ], [ 82.3673411, 18.3218728 ], [ 82.3675259, 18.3237149 ], [ 82.3750918, 18.3286937 ], [ 82.3780687, 18.3270593 ], [ 82.3794619, 18.3285311 ], [ 82.3842674, 18.3295988 ], [ 82.3889613, 18.3285074 ], [ 82.3928295, 18.3259627 ], [ 82.3950601, 18.3156405 ], [ 82.3915744, 18.3098015 ], [ 82.3923359, 18.2979495 ], [ 82.3870732, 18.2934245 ], [ 82.3858134, 18.2902393 ], [ 82.3808943, 18.285445 ], [ 82.3783127, 18.2843433 ], [ 82.3764959, 18.2806785 ], [ 82.3748104, 18.2810521 ], [ 82.3658967, 18.2776144 ], [ 82.3589364, 18.2814638 ], [ 82.344665, 18.2805482 ], [ 82.340439, 18.2722282 ], [ 82.3400462, 18.2623362 ], [ 82.3361215, 18.2611707 ], [ 82.333363, 18.2529082 ], [ 82.3335428, 18.2510679 ], [ 82.3358564, 18.2500037 ], [ 82.3365283, 18.2407682 ], [ 82.3299347, 18.2367612 ], [ 82.3267354, 18.2363768 ], [ 82.3244124, 18.2312104 ], [ 82.3314444, 18.2251299 ], [ 82.3370551, 18.2243046 ], [ 82.3284253, 18.2160782 ], [ 82.3248886, 18.2104142 ], [ 82.3108425, 18.2040948 ], [ 82.3135421, 18.1971544 ], [ 82.3124822, 18.1913512 ], [ 82.3154526, 18.1840292 ], [ 82.3373713, 18.1721756 ], [ 82.3461732, 18.1729229 ], [ 82.3533673, 18.1716932 ], [ 82.3591209, 18.1626974 ], [ 82.3646106, 18.1581358 ], [ 82.3723168, 18.1481635 ], [ 82.3687476, 18.1431692 ], [ 82.3675289, 18.1371552 ], [ 82.3632481, 18.1348089 ], [ 82.3596256, 18.136285 ], [ 82.3549332, 18.1424673 ], [ 82.341367, 18.1501123 ], [ 82.339758, 18.1498344 ], [ 82.3386846, 18.1441714 ], [ 82.3420864, 18.1366204 ], [ 82.3342007, 18.1268615 ], [ 82.3361649, 18.1241505 ], [ 82.3337699, 18.1192512 ], [ 82.3356654, 18.1137483 ], [ 82.33579, 18.1058587 ], [ 82.3385028, 18.0991121 ], [ 82.3470007, 18.0982487 ], [ 82.349583, 18.0856293 ], [ 82.3473242, 18.0799836 ], [ 82.3517814, 18.0765864 ], [ 82.3470775, 18.0699457 ], [ 82.343883, 18.0579945 ], [ 82.3407365, 18.0547948 ], [ 82.3341446, 18.0513298 ], [ 82.3319898, 18.0524606 ], [ 82.3321373, 18.0551119 ], [ 82.3300152, 18.058086 ], [ 82.3222539, 18.0599059 ], [ 82.3189733, 18.0570727 ], [ 82.3222308, 18.0486193 ], [ 82.3203567, 18.0449814 ], [ 82.3165823, 18.0474379 ], [ 82.3081796, 18.044906 ], [ 82.3072635, 18.050054 ], [ 82.3103341, 18.0539281 ], [ 82.306167, 18.0557093 ], [ 82.3012795, 18.0546219 ], [ 82.2986507, 18.0555703 ], [ 82.300124, 18.0632144 ], [ 82.3037954, 18.0652817 ], [ 82.3045957, 18.0674586 ], [ 82.3011656, 18.0693073 ], [ 82.2972046, 18.0670657 ], [ 82.291384, 18.0689074 ], [ 82.2876683, 18.0627195 ], [ 82.2834913, 18.0644959 ], [ 82.2793897, 18.0617263 ], [ 82.2769836, 18.0582043 ], [ 82.2716116, 18.0560709 ], [ 82.2696074, 18.0519407 ], [ 82.2689448, 18.04519 ], [ 82.2616094, 18.0418538 ], [ 82.2690112, 18.0340156 ], [ 82.2735487, 18.0213434 ], [ 82.2712302, 18.0088697 ], [ 82.2680074, 18.0000031 ], [ 82.2588632, 17.9977131 ], [ 82.2479556, 17.9977837 ], [ 82.2440545, 17.9983827 ], [ 82.2372365, 18.0025517 ], [ 82.2234577, 18.0012971 ], [ 82.2147234, 18.0063994 ], [ 82.2134707, 18.0082779 ], [ 82.2082012, 18.0104389 ], [ 82.2045959, 18.015007 ], [ 82.2061826, 18.0177624 ], [ 82.2053129, 18.0183688 ], [ 82.1973652, 18.0177404 ], [ 82.187805, 18.0147312 ], [ 82.1835412, 18.0190996 ], [ 82.178624, 18.0203858 ], [ 82.1843191, 18.0287871 ], [ 82.1744595, 18.0419103 ], [ 82.1688389, 18.051953 ], [ 82.1582708, 18.0503401 ], [ 82.1532097, 18.0478671 ], [ 82.1467765, 18.052311 ], [ 82.1448268, 18.0488477 ], [ 82.1402706, 18.0469724 ], [ 82.137176, 18.043936 ], [ 82.1364813, 18.0512421 ], [ 82.1346841, 18.059002 ], [ 82.1334899, 18.0598902 ], [ 82.1249807, 18.0596733 ], [ 82.1206257, 18.0642309 ], [ 82.113653, 18.0612302 ], [ 82.1078693, 18.0632606 ], [ 82.1020305, 18.0602394 ], [ 82.0964002, 18.0634028 ], [ 82.0960898, 18.0674262 ], [ 82.0874765, 18.0687944 ], [ 82.0766357, 18.0752174 ], [ 82.0708158, 18.0690863 ], [ 82.0678159, 18.0628355 ], [ 82.0669469, 18.0573862 ], [ 82.0615641, 18.0554504 ], [ 82.0504174, 18.058141 ], [ 82.0404449, 18.0573139 ], [ 82.0375775, 18.0669812 ], [ 82.0353358, 18.0689363 ], [ 82.0323239, 18.0693184 ], [ 82.0282856, 18.0646179 ], [ 82.0230506, 18.0628879 ], [ 82.0197272, 18.0633032 ], [ 82.0073899, 18.0563233 ], [ 82.0062325, 18.0529673 ], [ 82.0067309, 18.0450977 ], [ 82.0116581, 18.0352391 ], [ 82.0093472, 18.0300727 ], [ 82.0017707, 18.0300173 ], [ 81.9942738, 18.027313 ], [ 81.9930098, 18.0217614 ], [ 81.9912733, 18.0195109 ], [ 81.9891178, 18.0183381 ], [ 81.9825139, 18.0181277 ], [ 81.9760578, 18.0104694 ], [ 81.9689443, 18.0059818 ], [ 81.9629665, 17.9992515 ], [ 81.9460175, 17.995747 ], [ 81.9365721, 17.9902844 ], [ 81.9295469, 17.9896766 ], [ 81.9199071, 17.9912093 ], [ 81.9090287, 17.9842157 ], [ 81.905178, 17.9773153 ], [ 81.9014462, 17.9761127 ], [ 81.8933722, 17.9762359 ], [ 81.8817524, 17.9688328 ], [ 81.8664882, 17.9632936 ], [ 81.8432273, 17.9569611 ], [ 81.8309888, 17.9579266 ], [ 81.8191136, 17.9516912 ], [ 81.8131808, 17.9521365 ], [ 81.8098941, 17.9509843 ], [ 81.8032909, 17.9451281 ], [ 81.7970707, 17.937277 ], [ 81.7946956, 17.9329395 ], [ 81.7934869, 17.9254791 ], [ 81.7901286, 17.9208065 ], [ 81.778415, 17.912837 ], [ 81.7713751, 17.9124583 ], [ 81.7688114, 17.906883 ], [ 81.7646708, 17.9033383 ], [ 81.7258345, 17.8790093 ], [ 81.7091736, 17.871996 ], [ 81.7043585, 17.8776805 ], [ 81.704114, 17.8827112 ], [ 81.7011328, 17.8879459 ], [ 81.7022228, 17.8962662 ], [ 81.70123, 17.8994828 ], [ 81.6985326, 17.9013543 ], [ 81.6947463, 17.8987153 ], [ 81.686104, 17.8853015 ], [ 81.6836769, 17.8849756 ], [ 81.6745185, 17.8881845 ], [ 81.6697311, 17.8865515 ], [ 81.6621892, 17.8815972 ], [ 81.6543088, 17.8690833 ], [ 81.6542828, 17.8632763 ], [ 81.6520151, 17.8560985 ], [ 81.6417076, 17.8413233 ], [ 81.6301471, 17.8320243 ], [ 81.6223479, 17.8334458 ], [ 81.6172324, 17.8222996 ], [ 81.606888, 17.8258299 ], [ 81.5941853, 17.8340441 ], [ 81.5743161, 17.8371676 ], [ 81.5703939, 17.8353126 ], [ 81.5636869, 17.8257062 ], [ 81.5468443, 17.8247191 ], [ 81.5378135, 17.8215943 ], [ 81.5301786, 17.8229077 ], [ 81.5224533, 17.8175144 ], [ 81.5184062, 17.8162553 ], [ 81.5047805, 17.816291 ], [ 81.4953434, 17.8125506 ], [ 81.4900455, 17.8126949 ], [ 81.4862661, 17.8143359 ], [ 81.4853535, 17.8205882 ], [ 81.4815162, 17.823576 ], [ 81.4801757, 17.830426 ], [ 81.4773166, 17.8358786 ], [ 81.4742598, 17.8379785 ], [ 81.4718155, 17.8361451 ], [ 81.4690505, 17.836224 ], [ 81.4601105, 17.8295703 ], [ 81.4513963, 17.828009 ], [ 81.4441931, 17.8249658 ], [ 81.4408818, 17.8253304 ], [ 81.4367213, 17.8316215 ], [ 81.4341221, 17.8319301 ], [ 81.4304797, 17.8300581 ], [ 81.4258173, 17.8219066 ], [ 81.4155967, 17.8134232 ], [ 81.4139693, 17.8135893 ], [ 81.4101592, 17.8185912 ], [ 81.4016527, 17.8209499 ], [ 81.3965508, 17.8202327 ], [ 81.3918126, 17.8154201 ], [ 81.3885738, 17.8231502 ], [ 81.3890698, 17.8299191 ], [ 81.3958571, 17.8373442 ], [ 81.4032551, 17.8494317 ], [ 81.4038153, 17.8530053 ], [ 81.3942712, 17.8692762 ], [ 81.3955306, 17.8731875 ], [ 81.3954773, 17.8832114 ], [ 81.4001968, 17.893569 ], [ 81.4051874, 17.8961933 ], [ 81.4126039, 17.8946186 ], [ 81.4353405, 17.8808171 ], [ 81.4392887, 17.8817933 ], [ 81.444632, 17.8857536 ], [ 81.4481111, 17.8897362 ], [ 81.4474959, 17.8984869 ], [ 81.4521469, 17.9046991 ], [ 81.4528245, 17.9075582 ], [ 81.4533712, 17.9146296 ], [ 81.4499204, 17.9240287 ], [ 81.4491142, 17.9319347 ], [ 81.4529071, 17.9363682 ], [ 81.4598383, 17.9529465 ], [ 81.4721111, 17.9605004 ], [ 81.4760918, 17.9693392 ], [ 81.48295, 17.9768151 ], [ 81.4776164, 17.9884065 ], [ 81.4802818, 17.9977864 ], [ 81.4799058, 18.0043916 ], [ 81.4831208, 18.0270453 ], [ 81.4801546, 18.0336878 ], [ 81.4804056, 18.0507414 ], [ 81.4826377, 18.0556732 ], [ 81.4906948, 18.0628379 ], [ 81.4965993, 18.0709522 ], [ 81.4996281, 18.0798533 ], [ 81.5128552, 18.0986877 ], [ 81.5150852, 18.1227598 ], [ 81.5128922, 18.1357534 ], [ 81.5138231, 18.1405367 ], [ 81.5183218, 18.1481619 ], [ 81.5241297, 18.150808 ], [ 81.5258155, 18.1534018 ], [ 81.5259972, 18.1604196 ], [ 81.5237255, 18.1658892 ], [ 81.5177641, 18.1754588 ], [ 81.5099232, 18.1794928 ], [ 81.5070019, 18.1861977 ], [ 81.5094139, 18.1945652 ], [ 81.5132564, 18.2005382 ], [ 81.515516, 18.2132353 ], [ 81.5198322, 18.2176568 ], [ 81.5199161, 18.2219949 ], [ 81.5242643, 18.2275099 ], [ 81.525928, 18.2335474 ], [ 81.530446, 18.2402819 ], [ 81.5276594, 18.2509364 ], [ 81.5246379, 18.255857 ], [ 81.5252393, 18.2577081 ], [ 81.5352709, 18.2683767 ], [ 81.5412835, 18.2700636 ], [ 81.5508359, 18.2693042 ], [ 81.5643265, 18.2751984 ], [ 81.5734615, 18.2826411 ], [ 81.5855138, 18.2964282 ], [ 81.5929038, 18.3007121 ], [ 81.5975967, 18.3089084 ], [ 81.6005375, 18.3096854 ], [ 81.6165349, 18.3073478 ], [ 81.6214618, 18.3091937 ], [ 81.628107, 18.3138445 ], [ 81.6396522, 18.3179365 ], [ 81.6445171, 18.3181822 ], [ 81.6513192, 18.3215303 ], [ 81.6622289, 18.3212261 ], [ 81.6621674, 18.3249815 ], [ 81.6519187, 18.3325409 ], [ 81.6496637, 18.3369048 ], [ 81.6508701, 18.3406198 ], [ 81.6591405, 18.3465608 ], [ 81.7500575, 18.35275 ], [ 81.7688743, 18.4170907 ], [ 81.7950198, 18.4407156 ], [ 81.8562051, 18.491401 ], [ 81.8578335, 18.4947711 ], [ 81.8561094, 18.5009214 ], [ 81.8569894, 18.5074264 ], [ 81.8682478, 18.524921 ], [ 81.8738848, 18.5258891 ], [ 81.8796795, 18.5252388 ], [ 81.8892673, 18.5381623 ], [ 81.8978968, 18.5350895 ], [ 81.9031808, 18.5354982 ], [ 81.9090094, 18.538068 ], [ 81.905875, 18.5451596 ], [ 81.9014069, 18.5486105 ], [ 81.9086169, 18.5529997 ], [ 81.9057041, 18.5630676 ], [ 81.9059158, 18.5645488 ], [ 81.910357, 18.5657745 ], [ 81.9106907, 18.5706348 ], [ 81.9155683, 18.5728072 ], [ 81.9177702, 18.5707993 ], [ 81.9208365, 18.5726912 ], [ 81.9244634, 18.5704549 ], [ 81.9267791, 18.5667337 ], [ 81.9297134, 18.5661275 ], [ 81.9381022, 18.566601 ], [ 81.9450817, 18.5701358 ], [ 81.9505725, 18.5700223 ], [ 81.9505139, 18.5748531 ], [ 81.9533119, 18.5767108 ], [ 81.952913, 18.5828206 ], [ 81.9560655, 18.5839253 ], [ 81.9598353, 18.589482 ], [ 81.9636411, 18.5904431 ], [ 81.9634009, 18.5940954 ], [ 81.9608467, 18.5966206 ], [ 81.9572723, 18.5972443 ], [ 81.9509762, 18.6009497 ], [ 81.9442934, 18.6007529 ], [ 81.9369316, 18.6055703 ], [ 81.9350648, 18.6073554 ], [ 81.9351457, 18.6126508 ], [ 81.9301402, 18.6185767 ], [ 81.908482, 18.6285556 ], [ 81.8945903, 18.6295394 ], [ 81.8952142, 18.6328215 ], [ 81.898867, 18.6352306 ], [ 81.8940502, 18.6422754 ], [ 81.8979928, 18.651082 ], [ 81.8982047, 18.6544105 ], [ 81.8950146, 18.6544483 ], [ 81.8934807, 18.6557479 ], [ 81.8937694, 18.6574591 ], [ 81.8983496, 18.6585354 ], [ 81.9008914, 18.6613699 ], [ 81.9152583, 18.6512964 ], [ 81.9202136, 18.6463062 ], [ 81.9217263, 18.6429099 ], [ 81.9363692, 18.6448032 ], [ 81.9430344, 18.6431747 ], [ 81.9489435, 18.6437099 ], [ 81.9531629, 18.6540405 ], [ 81.9527859, 18.6595413 ], [ 81.9550781, 18.6642199 ], [ 81.9616022, 18.6702775 ], [ 81.9651937, 18.6707561 ], [ 81.9691482, 18.6733881 ], [ 81.9647885, 18.6795873 ], [ 81.9607536, 18.6886314 ], [ 81.9629403, 18.6889817 ], [ 81.9654594, 18.6933968 ], [ 81.9709847, 18.698637 ], [ 81.9741343, 18.6988691 ], [ 81.9888988, 18.7052803 ], [ 81.9947277, 18.7046802 ], [ 81.998591, 18.7069062 ], [ 81.9984256, 18.7094139 ], [ 81.9999243, 18.7110822 ], [ 82.0058348, 18.7146472 ], [ 82.0087909, 18.7125529 ], [ 82.0167419, 18.7194954 ], [ 82.0281476, 18.7212134 ], [ 82.0309231, 18.7237872 ], [ 82.0343325, 18.7229822 ], [ 82.0402091, 18.7239075 ], [ 82.0481178, 18.7213964 ], [ 82.0536514, 18.723611 ], [ 82.0560892, 18.7228969 ], [ 82.0587653, 18.7193439 ], [ 82.0627704, 18.719023 ], [ 82.0650484, 18.7200719 ], [ 82.0674218, 18.7265016 ], [ 82.0745612, 18.7246219 ], [ 82.0765276, 18.7221119 ], [ 82.0849746, 18.7185931 ], [ 82.08688, 18.7214241 ], [ 82.0860634, 18.7279488 ], [ 82.0883608, 18.7297744 ], [ 82.0876868, 18.7311299 ], [ 82.0913426, 18.7384776 ], [ 82.093521, 18.7468147 ], [ 82.0925818, 18.752685 ], [ 82.0900074, 18.7558086 ], [ 82.0887407, 18.7601852 ], [ 82.0915795, 18.7657307 ], [ 82.0978237, 18.7638371 ], [ 82.1057581, 18.7673101 ], [ 82.1110091, 18.7658783 ], [ 82.1120359, 18.7676659 ], [ 82.1153603, 18.7690062 ], [ 82.12082, 18.7697507 ], [ 82.1334176, 18.7653642 ], [ 82.1336162, 18.7681147 ], [ 82.1313338, 18.770112 ], [ 82.1332933, 18.7751515 ], [ 82.1334947, 18.7804457 ], [ 82.1356695, 18.7814807 ], [ 82.138419, 18.7783735 ], [ 82.1405731, 18.7784553 ], [ 82.1473782, 18.780971 ], [ 82.1521702, 18.7853015 ], [ 82.1573565, 18.7854772 ], [ 82.1608024, 18.7899199 ], [ 82.1601746, 18.7952282 ], [ 82.1654354, 18.7986247 ], [ 82.1645283, 18.8019242 ], [ 82.1565222, 18.8043279 ], [ 82.1601961, 18.8080687 ], [ 82.1613749, 18.8125163 ], [ 82.166149, 18.814068 ], [ 82.1602914, 18.8198696 ], [ 82.1689626, 18.8360222 ], [ 82.1682689, 18.8399981 ], [ 82.1657426, 18.8438679 ], [ 82.1674716, 18.8523512 ], [ 82.1630279, 18.8541546 ], [ 82.1620684, 18.8588596 ], [ 82.160197, 18.8613968 ], [ 82.1612441, 18.8632111 ], [ 82.1650857, 18.8648724 ], [ 82.1673672, 18.8736189 ], [ 82.1610409, 18.8771284 ], [ 82.1604126, 18.8789124 ], [ 82.1650558, 18.8832208 ], [ 82.1693231, 18.8818929 ], [ 82.1766595, 18.8870922 ], [ 82.1751627, 18.8916108 ], [ 82.1761464, 18.9026695 ], [ 82.1810898, 18.9069439 ], [ 82.1925106, 18.9075079 ], [ 82.2008472, 18.9135852 ], [ 82.2124857, 18.9185835 ], [ 82.2183014, 18.9225168 ], [ 82.2272821, 18.919042 ], [ 82.230909, 18.9196685 ], [ 82.2343852, 18.9152901 ], [ 82.23696, 18.9142337 ], [ 82.2398168, 18.9147388 ], [ 82.246054, 18.919111 ], [ 82.239109, 18.9622914 ], [ 82.2327612, 19.0179369 ], [ 82.2298762, 19.0274123 ], [ 82.2060153, 19.0597831 ], [ 82.202254, 19.066639 ], [ 82.2047185, 19.0756046 ], [ 82.2121391, 19.0818767 ], [ 82.214949, 19.0859877 ], [ 82.218555, 19.093021 ], [ 82.2184151, 19.0972688 ], [ 82.2141377, 19.0998543 ], [ 82.2129406, 19.0979827 ], [ 82.2097118, 19.0996756 ], [ 82.2064799, 19.0964031 ], [ 82.2049123, 19.0971408 ], [ 82.2049889, 19.1011478 ], [ 82.2073496, 19.1022798 ], [ 82.2066963, 19.10462 ], [ 82.2050147, 19.1053944 ], [ 82.2051786, 19.1069973 ], [ 82.2029764, 19.1081096 ], [ 82.2063302, 19.1150724 ], [ 82.2058115, 19.1169418 ], [ 82.2089983, 19.1205217 ], [ 82.2058161, 19.1241298 ], [ 82.1973894, 19.1216412 ], [ 82.1905778, 19.1288962 ], [ 82.1824693, 19.1316909 ], [ 82.1768574, 19.118566 ], [ 82.1736052, 19.1184106 ], [ 82.1703253, 19.1204148 ], [ 82.169205, 19.1280484 ], [ 82.1660956, 19.1326991 ], [ 82.1668183, 19.1361012 ], [ 82.1757353, 19.1386602 ], [ 82.1727223, 19.1435093 ], [ 82.16983, 19.1452537 ], [ 82.171543, 19.150208 ], [ 82.1765612, 19.1492136 ], [ 82.1809319, 19.1508165 ], [ 82.1776779, 19.1525092 ], [ 82.1772103, 19.1556115 ], [ 82.1712977, 19.1565257 ], [ 82.1701799, 19.1611593 ], [ 82.1749226, 19.1628821 ], [ 82.1787413, 19.1596408 ], [ 82.1775339, 19.1556681 ], [ 82.1821999, 19.1592887 ], [ 82.1861395, 19.1663475 ], [ 82.1839533, 19.1684851 ], [ 82.1781067, 19.1693675 ], [ 82.1760435, 19.1720826 ], [ 82.1767095, 19.1734699 ], [ 82.1820492, 19.174163 ], [ 82.1810632, 19.1785834 ], [ 82.1751425, 19.1818157 ], [ 82.1798329, 19.1887704 ], [ 82.1804625, 19.191685 ], [ 82.1675819, 19.1952597 ], [ 82.1617056, 19.2022458 ], [ 82.1658173, 19.2114454 ], [ 82.1687718, 19.2129401 ], [ 82.1594207, 19.2229617 ], [ 82.1578449, 19.2274987 ], [ 82.1584256, 19.2651673 ], [ 82.1620969, 19.2787477 ], [ 82.1659361, 19.2876855 ], [ 82.1744141, 19.2945346 ], [ 82.1766787, 19.2994802 ], [ 82.1791716, 19.3189676 ], [ 82.1812245, 19.3233874 ], [ 82.194122, 19.3259353 ], [ 82.1901262, 19.3267601 ], [ 82.1880059, 19.3289204 ], [ 82.1878902, 19.3347553 ], [ 82.1860387, 19.3374092 ], [ 82.1778939, 19.3400496 ], [ 82.1772907, 19.3411419 ], [ 82.1786557, 19.3433699 ], [ 82.1690438, 19.3459836 ], [ 82.1650023, 19.3489863 ], [ 82.1541267, 19.3498036 ], [ 82.1524354, 19.3527398 ], [ 82.148778, 19.3529762 ], [ 82.1483852, 19.3649102 ], [ 82.1472795, 19.3644951 ], [ 82.1472461, 19.365494 ], [ 82.1483185, 19.3659142 ], [ 82.148071, 19.3693576 ], [ 82.14896, 19.3695253 ], [ 82.1477355, 19.3718184 ], [ 82.1513514, 19.373313 ], [ 82.1532656, 19.3770164 ], [ 82.1564788, 19.3772961 ], [ 82.1600371, 19.3770743 ], [ 82.1621933, 19.3743581 ], [ 82.1666129, 19.372765 ], [ 82.1719243, 19.3726152 ], [ 82.1735274, 19.3771719 ], [ 82.1755291, 19.37664 ], [ 82.1764898, 19.3785569 ], [ 82.1788348, 19.3790508 ], [ 82.1780034, 19.3825002 ], [ 82.1818325, 19.3842038 ], [ 82.1809896, 19.3861849 ], [ 82.1822453, 19.3887444 ], [ 82.1807363, 19.3924103 ], [ 82.1843145, 19.400493 ], [ 82.182078, 19.4029259 ], [ 82.1826838, 19.4096192 ], [ 82.1852047, 19.4136895 ], [ 82.1892722, 19.4153629 ], [ 82.1894431, 19.4275294 ], [ 82.1861917, 19.4266544 ], [ 82.1781854, 19.4366088 ], [ 82.1714917, 19.4371878 ], [ 82.1352387, 19.4317813 ], [ 82.1352476, 19.4303849 ], [ 82.1272952, 19.4305126 ], [ 82.1261416, 19.4290857 ], [ 82.1135346, 19.4482635 ], [ 82.1134222, 19.4603615 ], [ 82.102821, 19.4661064 ], [ 82.1073425, 19.4750422 ], [ 82.1079625, 19.4942798 ], [ 82.0979728, 19.4989277 ], [ 82.1002549, 19.5165892 ], [ 82.0917349, 19.518128 ], [ 82.0760273, 19.5236259 ], [ 82.0654154, 19.510575 ], [ 82.05134, 19.5081583 ], [ 82.0385143, 19.5091316 ], [ 82.0290819, 19.5077462 ], [ 82.0315592, 19.5110402 ], [ 82.0318454, 19.5145273 ], [ 82.0340582, 19.5145331 ], [ 82.0345493, 19.5177559 ], [ 82.0364346, 19.5197805 ], [ 82.0372899, 19.5282522 ], [ 82.0398758, 19.5301844 ], [ 82.0432584, 19.5298562 ], [ 82.0464698, 19.5339679 ], [ 82.0477229, 19.5334514 ], [ 82.0474912, 19.5396484 ], [ 82.049793, 19.5436309 ], [ 82.0505983, 19.5486516 ], [ 82.0503157, 19.5516439 ], [ 82.0460032, 19.5573062 ], [ 82.0455061, 19.5605286 ], [ 82.0494931, 19.56841 ], [ 82.0481109, 19.5691253 ], [ 82.0498455, 19.5740291 ], [ 82.0487546, 19.5782676 ], [ 82.0446086, 19.5819454 ], [ 82.0429747, 19.5863682 ], [ 82.0433689, 19.5890017 ], [ 82.0404818, 19.591638 ], [ 82.0398829, 19.5976361 ], [ 82.0462694, 19.6072846 ], [ 82.050716, 19.6083525 ], [ 82.0506144, 19.6167718 ], [ 82.0557118, 19.6231041 ], [ 82.0561039, 19.6258255 ], [ 82.0590179, 19.6281754 ], [ 82.0564608, 19.6331157 ], [ 82.0576395, 19.6355168 ], [ 82.0570062, 19.6395117 ], [ 82.0547342, 19.6405023 ], [ 82.054714, 19.6428261 ], [ 82.0519235, 19.6465717 ], [ 82.0521509, 19.6494579 ], [ 82.0538646, 19.650344 ], [ 82.053513, 19.652801 ], [ 82.0555099, 19.6544639 ], [ 82.0542449, 19.6579977 ], [ 82.0525476, 19.6579496 ], [ 82.0519407, 19.660953 ], [ 82.0536195, 19.6653937 ], [ 82.0553176, 19.6656786 ], [ 82.0518651, 19.6804676 ], [ 82.049102, 19.6849313 ], [ 82.0445877, 19.7005278 ], [ 82.0447506, 19.7088771 ], [ 82.0510222, 19.7190899 ], [ 82.0492408, 19.7287188 ], [ 82.0509426, 19.736416 ], [ 82.0497911, 19.7404783 ], [ 82.0504007, 19.7458054 ], [ 82.0520464, 19.7481601 ], [ 82.0556387, 19.7499766 ], [ 82.0559847, 19.7529671 ], [ 82.0636129, 19.7590155 ], [ 82.0638291, 19.761057 ], [ 82.0604659, 19.7666341 ], [ 82.0662302, 19.7831536 ], [ 82.0655475, 19.7906579 ], [ 82.0623927, 19.7925403 ], [ 82.0602223, 19.7963742 ], [ 82.0563648, 19.7948506 ], [ 82.0563991, 19.7930168 ], [ 82.0529804, 19.7922883 ], [ 82.0508874, 19.7933489 ], [ 82.0486836, 19.7969567 ], [ 82.0310507, 19.7978064 ], [ 82.0098879, 19.8042171 ], [ 82.003684, 19.8025725 ], [ 81.9953686, 19.7968217 ], [ 81.9919062, 19.7995882 ], [ 81.9859495, 19.8010893 ], [ 81.986558, 19.8042797 ], [ 81.9825879, 19.8088104 ], [ 81.9653736, 19.8369043 ], [ 81.9681314, 19.8598949 ], [ 81.9576099, 19.8638886 ], [ 81.9577272, 19.8650421 ], [ 81.9410621, 19.8728763 ], [ 81.8996768, 19.8871978 ], [ 81.8696511, 19.9025356 ], [ 81.8531556, 19.918478 ], [ 81.8518082, 19.9231479 ], [ 81.856802, 19.9475387 ], [ 81.8450129, 19.9518805 ], [ 81.8450462, 19.9578234 ], [ 81.8452752, 19.9595329 ], [ 81.8553575, 19.9722801 ], [ 81.8563067, 19.9829394 ], [ 81.8605735, 20.0035106 ], [ 81.8665361, 20.0110537 ], [ 81.8650275, 20.0267036 ], [ 81.8688217, 20.0319114 ], [ 81.8694282, 20.0412629 ], [ 81.8759759, 20.0520621 ], [ 81.8819142, 20.0443387 ], [ 81.8873005, 20.0440155 ], [ 81.8952802, 20.0482378 ], [ 81.901445, 20.0579069 ], [ 81.9160627, 20.0719823 ], [ 81.9213829, 20.0799707 ], [ 81.9227618, 20.0871607 ], [ 81.9258275, 20.0912044 ], [ 81.9315804, 20.0956538 ], [ 81.9338706, 20.0960437 ], [ 81.9338427, 20.0982094 ], [ 81.9371264, 20.1023499 ], [ 81.9385198, 20.1015636 ], [ 81.9463815, 20.1051332 ], [ 81.9581538, 20.0978542 ], [ 81.9633323, 20.0904492 ], [ 81.9758905, 20.0817097 ], [ 81.983861, 20.0732432 ], [ 81.9841633, 20.0680333 ], [ 81.9873851, 20.0613309 ], [ 81.9953448, 20.0535663 ], [ 82.003368, 20.0533398 ], [ 82.0032542, 20.0551306 ], [ 82.0057488, 20.055611 ], [ 82.0122743, 20.0539148 ], [ 82.0176803, 20.0489771 ], [ 82.0227201, 20.0321453 ], [ 82.0215466, 20.0237092 ], [ 82.0325614, 20.0157209 ], [ 82.0383851, 20.0224535 ], [ 82.0400003, 20.0225966 ], [ 82.0379748, 20.0260715 ], [ 82.038852, 20.0271399 ], [ 82.0373366, 20.0279453 ], [ 82.038044, 20.0301157 ], [ 82.0412119, 20.0309641 ], [ 82.0429734, 20.0349057 ], [ 82.0481539, 20.0348176 ], [ 82.0478233, 20.0367167 ], [ 82.0563973, 20.0417449 ], [ 82.0590891, 20.044982 ], [ 82.0590114, 20.0477506 ], [ 82.0621868, 20.0492242 ], [ 82.0606492, 20.0511263 ], [ 82.0629647, 20.052045 ], [ 82.0635398, 20.0545316 ], [ 82.0704694, 20.0569479 ], [ 82.0854337, 20.0507153 ], [ 82.0845939, 20.0460464 ], [ 82.0863959, 20.0452384 ], [ 82.0869774, 20.0420972 ], [ 82.0894584, 20.0390626 ], [ 82.0987491, 20.0397192 ], [ 82.0995184, 20.0407671 ], [ 82.1022786, 20.0400403 ], [ 82.1021309, 20.0362938 ], [ 82.1038316, 20.0356871 ], [ 82.1031973, 20.031066 ], [ 82.1054698, 20.0306033 ], [ 82.1069493, 20.0272544 ], [ 82.1102127, 20.0272918 ], [ 82.1165168, 20.0211577 ], [ 82.126786, 20.0147963 ], [ 82.1284919, 20.0142001 ], [ 82.1363265, 20.0189286 ], [ 82.1398077, 20.0187273 ], [ 82.1534676, 20.0075607 ], [ 82.1605828, 20.0091199 ], [ 82.1712349, 20.0055109 ], [ 82.1704179, 20.0024398 ], [ 82.1712519, 20.0007755 ], [ 82.1736918, 19.9999637 ], [ 82.1747849, 19.996748 ], [ 82.1769073, 19.9973082 ], [ 82.1803292, 19.9911366 ], [ 82.1834726, 19.9895932 ], [ 82.1851918, 19.9872995 ], [ 82.1842537, 19.9841897 ], [ 82.1907881, 19.9868951 ], [ 82.2101045, 19.9862503 ], [ 82.216713, 19.997059 ], [ 82.2220347, 19.9991978 ], [ 82.2292925, 19.9998172 ], [ 82.2371235, 20.0033276 ], [ 82.2423471, 19.9975026 ], [ 82.2462041, 19.9953459 ], [ 82.2500054, 19.9890621 ], [ 82.2562464, 19.9834472 ], [ 82.2691695, 19.9752612 ], [ 82.2748747, 19.9630409 ], [ 82.2758138, 19.9485887 ], [ 82.3015885, 19.9027115 ], [ 82.3034914, 19.8933892 ], [ 82.3031198, 19.8893856 ], [ 82.3263414, 19.8616125 ], [ 82.3307022, 19.8448534 ], [ 82.344243, 19.8350173 ], [ 82.3482863, 19.8361316 ], [ 82.3537004, 19.8403134 ], [ 82.359851, 19.8469885 ], [ 82.361419, 19.8507493 ], [ 82.3644561, 19.8510141 ], [ 82.3646283, 19.854695 ], [ 82.3604887, 19.8575054 ], [ 82.3613926, 19.8588438 ], [ 82.3608476, 19.8627968 ], [ 82.3634693, 19.8630494 ], [ 82.364368, 19.8618753 ], [ 82.3752, 19.85964 ], [ 82.3804855, 19.8673886 ], [ 82.3836488, 19.8698793 ], [ 82.382952, 19.8738572 ], [ 82.3924829, 19.8820473 ], [ 82.3948706, 19.8880151 ], [ 82.4017761, 19.8899418 ], [ 82.4052369, 19.8942628 ], [ 82.409839, 19.8961361 ], [ 82.4119601, 19.8985147 ], [ 82.418575, 19.8998483 ], [ 82.4180214, 19.9040727 ], [ 82.4262046, 19.9054559 ], [ 82.4300563, 19.9040086 ], [ 82.4333543, 19.905561 ], [ 82.4371096, 19.9049419 ], [ 82.445991, 19.9101918 ], [ 82.4521738, 19.9087056 ], [ 82.4642158, 19.9008473 ], [ 82.4722787, 19.9015793 ], [ 82.4728984, 19.9070342 ], [ 82.4778869, 19.9064505 ], [ 82.4841749, 19.9079082 ], [ 82.4916128, 19.9034465 ], [ 82.4973386, 19.9041304 ], [ 82.5049014, 19.8997229 ], [ 82.5028747, 19.8944729 ], [ 82.5054719, 19.889857 ], [ 82.5118019, 19.888132 ], [ 82.5163267, 19.8909213 ], [ 82.5191208, 19.8909742 ], [ 82.5213067, 19.8888596 ], [ 82.5233001, 19.8830831 ], [ 82.5314189, 19.8782389 ], [ 82.5349115, 19.8868908 ], [ 82.5421414, 19.8834766 ], [ 82.548388, 19.8757027 ], [ 82.5502124, 19.87575 ], [ 82.5533631, 19.880086 ], [ 82.5559566, 19.8806642 ], [ 82.558906, 19.8785469 ], [ 82.5610373, 19.8743274 ], [ 82.5730202, 19.877551 ], [ 82.5828948, 19.8694186 ], [ 82.5961609, 19.8729816 ], [ 82.6034296, 19.86699 ], [ 82.6025591, 19.8630455 ], [ 82.6002006, 19.8601893 ], [ 82.5958881, 19.858141 ], [ 82.5968707, 19.8552007 ], [ 82.5938253, 19.8528519 ], [ 82.5904127, 19.8524533 ], [ 82.5906161, 19.8489191 ], [ 82.587716, 19.8486786 ], [ 82.5886324, 19.8433809 ], [ 82.5839036, 19.8435766 ], [ 82.5797352, 19.8401127 ], [ 82.575788, 19.8333945 ], [ 82.5760398, 19.8289204 ], [ 82.5793996, 19.8303181 ], [ 82.5777716, 19.8249752 ], [ 82.5791371, 19.8235448 ], [ 82.5785287, 19.8180077 ], [ 82.5761959, 19.8147398 ], [ 82.5785844, 19.8110779 ], [ 82.5759931, 19.8082189 ], [ 82.5846883, 19.802351 ], [ 82.5827018, 19.7949967 ], [ 82.5844868, 19.7882549 ], [ 82.5817692, 19.7832063 ], [ 82.5835862, 19.7816409 ], [ 82.583477, 19.778796 ], [ 82.5918128, 19.7758627 ], [ 82.594863, 19.7753003 ], [ 82.5952935, 19.7784694 ], [ 82.6021531, 19.7811183 ], [ 82.6037837, 19.7881231 ], [ 82.6126225, 19.7910565 ], [ 82.6238238, 19.7921161 ], [ 82.6271275, 19.793658 ], [ 82.6328164, 19.8011856 ], [ 82.6335773, 19.8065267 ], [ 82.6366256, 19.8129266 ], [ 82.6417538, 19.8145372 ], [ 82.6475995, 19.8195424 ], [ 82.6521592, 19.8321659 ], [ 82.6609979, 19.8320206 ], [ 82.6659164, 19.8303892 ], [ 82.6780156, 19.8321188 ], [ 82.6967058, 19.830614 ], [ 82.7055524, 19.8330231 ], [ 82.7085515, 19.8380712 ], [ 82.7113979, 19.8399954 ], [ 82.7109975, 19.8418238 ], [ 82.7129292, 19.8448091 ], [ 82.711402, 19.8506279 ], [ 82.7138439, 19.8526371 ], [ 82.7181649, 19.8535937 ], [ 82.7197898, 19.8568482 ], [ 82.7195936, 19.8674331 ], [ 82.7217344, 19.8729184 ], [ 82.72412, 19.8751256 ], [ 82.7140524, 19.8778074 ], [ 82.7135496, 19.8834448 ], [ 82.7074082, 19.9020409 ], [ 82.7090891, 19.9056021 ], [ 82.7073681, 19.9129856 ], [ 82.712762, 19.9185211 ], [ 82.7111842, 19.9254515 ], [ 82.7130724, 19.9384553 ], [ 82.7204916, 19.9482935 ], [ 82.7155242, 19.9536263 ], [ 82.7147176, 19.9576675 ], [ 82.7175164, 19.9655538 ], [ 82.7181398, 19.9891389 ], [ 82.7157512, 19.9922652 ], [ 82.7154469, 19.9959267 ], [ 82.707267, 19.99905 ], [ 82.699582, 19.9975656 ], [ 82.6926653, 20.0000032 ], [ 82.6745315, 20.0017835 ], [ 82.6701232, 20.0010799 ], [ 82.6519822, 20.0058933 ], [ 82.6427078, 20.0036624 ], [ 82.6429848, 20.0064061 ], [ 82.6415066, 20.0067133 ], [ 82.6332972, 20.0048741 ], [ 82.621136, 19.9922978 ], [ 82.6050212, 19.9901362 ], [ 82.5957325, 19.9915706 ], [ 82.5903359, 19.9937331 ], [ 82.583282, 20.0031782 ], [ 82.5773441, 20.0067227 ], [ 82.5535548, 20.0153935 ], [ 82.5501086, 20.0177725 ], [ 82.5461195, 20.0169311 ], [ 82.534453, 20.0178456 ], [ 82.533181, 20.0152954 ], [ 82.5091125, 20.0181629 ], [ 82.4937345, 20.0243688 ], [ 82.4785696, 20.0381742 ], [ 82.4700118, 20.0359146 ], [ 82.4663258, 20.0394279 ], [ 82.4606749, 20.0419003 ], [ 82.4575309, 20.0399704 ], [ 82.4480063, 20.0406631 ], [ 82.4405247, 20.0431814 ], [ 82.4300286, 20.0496088 ], [ 82.4168151, 20.0521545 ], [ 82.4095408, 20.051788 ], [ 82.4000423, 20.0561143 ], [ 82.3982919, 20.0581789 ], [ 82.3983942, 20.062691 ], [ 82.3958346, 20.0689721 ], [ 82.4014923, 20.0810201 ], [ 82.3997629, 20.0897972 ], [ 82.4014349, 20.0960719 ], [ 82.3981758, 20.1016947 ], [ 82.3987174, 20.1131326 ], [ 82.3976691, 20.1237745 ], [ 82.3942323, 20.1299226 ], [ 82.3931527, 20.137606 ], [ 82.3857977, 20.1464365 ], [ 82.3871984, 20.14905 ], [ 82.3907494, 20.1497898 ], [ 82.3941468, 20.152627 ], [ 82.3931081, 20.154704 ], [ 82.3937412, 20.1570436 ], [ 82.3917566, 20.1587306 ], [ 82.3900067, 20.1636954 ], [ 82.3949145, 20.1701162 ], [ 82.4047119, 20.1759829 ], [ 82.4045327, 20.177868 ], [ 82.4075434, 20.1812318 ], [ 82.4115837, 20.1814886 ], [ 82.4140801, 20.1898568 ], [ 82.413467, 20.1993479 ], [ 82.4206183, 20.2049187 ], [ 82.4204818, 20.2130778 ], [ 82.422471, 20.2208177 ], [ 82.4150743, 20.226813 ], [ 82.4140711, 20.2338904 ], [ 82.4106867, 20.240174 ], [ 82.4106276, 20.2426453 ], [ 82.4112268, 20.2453825 ], [ 82.4212901, 20.2467331 ], [ 82.4223256, 20.2479715 ], [ 82.4177845, 20.2523175 ], [ 82.4160108, 20.2572828 ], [ 82.4113886, 20.2601116 ], [ 82.4123415, 20.2670423 ], [ 82.4159581, 20.2720498 ], [ 82.425025, 20.2752241 ], [ 82.4328741, 20.2818092 ], [ 82.4355745, 20.2854821 ], [ 82.4378111, 20.2944077 ], [ 82.4299814, 20.3009855 ], [ 82.4315261, 20.312776 ], [ 82.4307667, 20.3140245 ], [ 82.4210379, 20.3241137 ], [ 82.4173664, 20.3242518 ], [ 82.4129517, 20.3279962 ], [ 82.4088697, 20.3277761 ], [ 82.409157, 20.3325303 ], [ 82.4015068, 20.3375834 ], [ 82.4003791, 20.3415811 ], [ 82.4062676, 20.3529892 ], [ 82.4050488, 20.3580356 ], [ 82.4091454, 20.3629307 ], [ 82.4088266, 20.3652912 ], [ 82.4111996, 20.3712889 ], [ 82.4180525, 20.3821104 ], [ 82.4176918, 20.3877237 ], [ 82.4211737, 20.3928493 ], [ 82.4166092, 20.4076528 ], [ 82.4320051, 20.4166378 ], [ 82.4296604, 20.4278685 ], [ 82.4378622, 20.4343912 ], [ 82.4339798, 20.4456662 ], [ 82.4257339, 20.4453275 ], [ 82.4270554, 20.4690627 ], [ 82.4231252, 20.4758299 ], [ 82.4176335, 20.4817424 ], [ 82.4157956, 20.4815135 ], [ 82.4161306, 20.479889 ], [ 82.4107885, 20.4681294 ], [ 82.4084739, 20.4681528 ], [ 82.4090087, 20.4647923 ], [ 82.4078799, 20.4629494 ], [ 82.4042683, 20.4600516 ], [ 82.401913, 20.4619271 ], [ 82.400127, 20.4610652 ], [ 82.3979779, 20.4619226 ], [ 82.3960587, 20.4595711 ], [ 82.3947795, 20.4622916 ], [ 82.3976449, 20.4648388 ], [ 82.3978429, 20.4729454 ], [ 82.3960833, 20.4776573 ], [ 82.3920325, 20.4786881 ], [ 82.3937399, 20.4825003 ], [ 82.3931618, 20.4864303 ], [ 82.3906046, 20.4861888 ], [ 82.3911182, 20.4921112 ], [ 82.388343, 20.4953585 ], [ 82.389527, 20.4980051 ], [ 82.3880021, 20.5107284 ], [ 82.389699, 20.5176032 ], [ 82.3782458, 20.5220266 ], [ 82.3680636, 20.5238643 ], [ 82.3576491, 20.5293259 ], [ 82.3486138, 20.5466656 ], [ 82.3449994, 20.5479449 ], [ 82.3420326, 20.551979 ], [ 82.3357004, 20.5550996 ], [ 82.3322344, 20.5619065 ], [ 82.3329, 20.5639883 ], [ 82.3348766, 20.5646009 ], [ 82.3333712, 20.5685515 ], [ 82.3390527, 20.569393 ], [ 82.3433498, 20.5715235 ], [ 82.3483568, 20.5763991 ], [ 82.3483377, 20.57859 ], [ 82.3506397, 20.5812687 ], [ 82.346793, 20.5905994 ], [ 82.3440836, 20.5928881 ], [ 82.3437442, 20.5957726 ], [ 82.3456989, 20.5965615 ], [ 82.3448521, 20.5984832 ], [ 82.347133, 20.6025399 ], [ 82.3525627, 20.6029809 ], [ 82.3558996, 20.6092471 ], [ 82.3586513, 20.6084756 ], [ 82.3622623, 20.6099107 ], [ 82.3629234, 20.6141154 ], [ 82.3654441, 20.6159475 ], [ 82.3640519, 20.6190798 ], [ 82.3645161, 20.6221839 ], [ 82.3709459, 20.625986 ], [ 82.3764975, 20.6324102 ], [ 82.3746668, 20.6353292 ], [ 82.3746716, 20.6390693 ], [ 82.3684794, 20.6495618 ], [ 82.369968, 20.6555578 ], [ 82.3687516, 20.6595875 ], [ 82.3738177, 20.6674023 ], [ 82.3670498, 20.6801897 ], [ 82.3614499, 20.681955 ], [ 82.360341, 20.6835583 ], [ 82.3549978, 20.6931899 ], [ 82.3523926, 20.7036268 ], [ 82.3504267, 20.7063231 ], [ 82.3507566, 20.7172809 ], [ 82.3540136, 20.719663 ], [ 82.3455587, 20.731591 ], [ 82.3508137, 20.7334787 ], [ 82.3535531, 20.7359234 ], [ 82.3417149, 20.7677571 ], [ 82.3436353, 20.7709538 ], [ 82.343862, 20.7922316 ], [ 82.3461098, 20.7976345 ], [ 82.3420175, 20.8047175 ], [ 82.3431742, 20.8089318 ], [ 82.3411159, 20.8124892 ], [ 82.3410216, 20.8208284 ], [ 82.3393357, 20.8257651 ], [ 82.3414016, 20.8295613 ], [ 82.3415747, 20.8328347 ], [ 82.3395269, 20.8468353 ], [ 82.3444599, 20.856368 ], [ 82.3462201, 20.8743363 ], [ 82.3511927, 20.8897404 ], [ 82.3637551, 20.8884889 ], [ 82.3594749, 20.8738069 ], [ 82.3646083, 20.8706719 ], [ 82.3759158, 20.8679796 ], [ 82.3784929, 20.8686319 ], [ 82.3850548, 20.8740895 ], [ 82.3896748, 20.8753167 ], [ 82.3892407, 20.8740917 ], [ 82.3955662, 20.8700292 ], [ 82.4052823, 20.8701744 ], [ 82.407469, 20.8652702 ], [ 82.4068509, 20.8592769 ], [ 82.4100817, 20.8563596 ], [ 82.4128703, 20.8508621 ], [ 82.4099527, 20.8455969 ], [ 82.4104927, 20.8422584 ], [ 82.4183516, 20.8368731 ], [ 82.4199547, 20.8315617 ], [ 82.4273149, 20.8315457 ], [ 82.4393411, 20.8356366 ], [ 82.4435282, 20.8343683 ], [ 82.4436739, 20.8309976 ], [ 82.4472817, 20.8299598 ], [ 82.4490164, 20.8310067 ], [ 82.4543701, 20.827646 ], [ 82.4644854, 20.828996 ], [ 82.468784, 20.8351791 ], [ 82.4653648, 20.8408181 ], [ 82.4653855, 20.8429544 ], [ 82.470437, 20.8480783 ], [ 82.481078, 20.8513065 ], [ 82.4833224, 20.8542952 ], [ 82.4839252, 20.8584272 ], [ 82.4866814, 20.8616464 ], [ 82.4859782, 20.870284 ], [ 82.4901177, 20.8768064 ], [ 82.4910686, 20.8806284 ], [ 82.4891158, 20.8980167 ], [ 82.4869885, 20.9050406 ], [ 82.4887428, 20.9094021 ], [ 82.504433, 20.9195898 ], [ 82.515944, 20.9217643 ], [ 82.5271054, 20.9340044 ], [ 82.5371991, 20.9347223 ], [ 82.543026, 20.9366073 ], [ 82.5521388, 20.9419627 ], [ 82.5591479, 20.9479375 ], [ 82.5713834, 20.9722553 ], [ 82.5805121, 20.9797271 ], [ 82.5887806, 20.9935475 ], [ 82.6113623, 21.012973 ], [ 82.6129504, 21.0161735 ], [ 82.6133253, 21.0228545 ], [ 82.6287918, 21.0380358 ], [ 82.6297855, 21.0409439 ], [ 82.6261012, 21.0485442 ], [ 82.6178779, 21.0546793 ], [ 82.6172458, 21.0598567 ], [ 82.6118613, 21.0691936 ], [ 82.6119833, 21.0746936 ], [ 82.6165069, 21.0791806 ], [ 82.6296352, 21.0788201 ], [ 82.633109, 21.0831857 ], [ 82.6338905, 21.0877623 ], [ 82.637333, 21.0931894 ], [ 82.6458203, 21.1000038 ], [ 82.6499056, 21.1064677 ], [ 82.6484525, 21.1095619 ], [ 82.6421464, 21.111222 ], [ 82.6397414, 21.1157391 ], [ 82.6419069, 21.1200719 ], [ 82.6497952, 21.1252207 ], [ 82.6527557, 21.1287101 ], [ 82.6519781, 21.1332521 ], [ 82.6439521, 21.1348748 ], [ 82.637273, 21.14474 ], [ 82.6372185, 21.1507339 ], [ 82.6406101, 21.154874 ], [ 82.655488, 21.1571363 ], [ 82.6640532, 21.1549974 ], [ 82.6841451, 21.1610581 ], [ 82.6854557, 21.1647251 ], [ 82.6930044, 21.1657435 ], [ 82.697084, 21.1641985 ], [ 82.6957326, 21.1605269 ], [ 82.6998313, 21.1576992 ], [ 82.7052615, 21.1580781 ], [ 82.7104492, 21.1608077 ], [ 82.7156578, 21.160326 ], [ 82.7211878, 21.1576731 ], [ 82.7211524, 21.1658477 ], [ 82.7368326, 21.1653307 ], [ 82.7405663, 21.1634677 ], [ 82.7448171, 21.1646613 ], [ 82.7455042, 21.1637239 ], [ 82.7500057, 21.1641064 ], [ 82.7559068, 21.1664343 ], [ 82.7575001, 21.1635455 ], [ 82.7601003, 21.165203 ], [ 82.7629825, 21.1626213 ], [ 82.7633369, 21.1640854 ], [ 82.7658058, 21.1627816 ], [ 82.7652202, 21.1617128 ], [ 82.767816, 21.1605567 ], [ 82.7671284, 21.1590103 ], [ 82.7743495, 21.1541295 ], [ 82.7794027, 21.1535841 ], [ 82.7807664, 21.1496679 ], [ 82.7837323, 21.1480967 ], [ 82.7856385, 21.1448702 ], [ 82.789441, 21.1428158 ], [ 82.7936786, 21.1425452 ], [ 82.7966598, 21.1486509 ], [ 82.796217, 21.1506517 ], [ 82.8003153, 21.1559462 ], [ 82.8050232, 21.1559186 ], [ 82.8119653, 21.161065 ], [ 82.8260024, 21.1636778 ], [ 82.8280173, 21.1654444 ], [ 82.8312575, 21.1646733 ], [ 82.8427634, 21.1677185 ], [ 82.8471009, 21.1665332 ], [ 82.8508823, 21.1686324 ], [ 82.8514858, 21.1660608 ], [ 82.8501016, 21.1616051 ], [ 82.8524639, 21.1595379 ], [ 82.855598, 21.161468 ], [ 82.8595869, 21.1597668 ], [ 82.8664277, 21.1628211 ], [ 82.8716998, 21.1574837 ], [ 82.872546, 21.1623831 ], [ 82.876364, 21.1635466 ], [ 82.8764464, 21.160913 ], [ 82.8785159, 21.1585823 ], [ 82.8781817, 21.1534514 ], [ 82.8821763, 21.1484304 ], [ 82.8939316, 21.1563737 ], [ 82.8954826, 21.1609806 ], [ 82.8999032, 21.1637037 ], [ 82.9021068, 21.1669936 ], [ 82.9102201, 21.1652043 ], [ 82.914983, 21.1619577 ], [ 82.9209433, 21.1634706 ], [ 82.9322517, 21.1630844 ], [ 82.9338666, 21.1639871 ], [ 82.9349677, 21.1683323 ], [ 82.9376979, 21.1698455 ], [ 82.9403113, 21.16497 ], [ 82.9399842, 21.1609322 ], [ 82.9421418, 21.1606318 ], [ 82.9460123, 21.1624705 ], [ 82.9476833, 21.1617784 ], [ 82.9475701, 21.1645343 ], [ 82.9428585, 21.1716422 ], [ 82.9468182, 21.1754983 ], [ 82.9438448, 21.1778537 ], [ 82.9468266, 21.1798153 ], [ 82.946894, 21.1820274 ], [ 82.9490323, 21.1839038 ], [ 82.9591609, 21.1888759 ], [ 82.9609876, 21.1926615 ], [ 82.9649344, 21.1932749 ], [ 82.9674332, 21.1830718 ], [ 82.9651097, 21.1770298 ], [ 82.965559, 21.1753311 ], [ 82.9694505, 21.1765231 ], [ 82.9700063, 21.1788559 ], [ 82.9753413, 21.1821534 ], [ 82.9778699, 21.1825798 ], [ 82.9832527, 21.1800556 ], [ 82.9880851, 21.1828121 ], [ 82.9900027, 21.1818323 ], [ 82.9805627, 21.1700262 ], [ 82.9860735, 21.1681101 ], [ 82.9878347, 21.169855 ], [ 82.9931858, 21.1711106 ], [ 82.9965221, 21.1696848 ], [ 83.0013533, 21.170567 ], [ 83.0037643, 21.1669305 ], [ 82.9962464, 21.1641926 ], [ 82.9933174, 21.161888 ], [ 82.9923967, 21.1585572 ], [ 82.9857639, 21.1510398 ], [ 82.9903938, 21.139809 ], [ 82.9937288, 21.1408399 ], [ 82.99545, 21.1385347 ], [ 82.9993584, 21.1389086 ], [ 83.0015501, 21.1368732 ], [ 83.0045836, 21.1369593 ], [ 83.0101272, 21.1425743 ], [ 83.0100506, 21.1447427 ], [ 83.0159971, 21.1463066 ], [ 83.0202954, 21.1434601 ], [ 83.0230367, 21.1365636 ], [ 83.0289084, 21.1351251 ], [ 83.0333758, 21.1373023 ], [ 83.0348153, 21.1366256 ], [ 83.0338319, 21.1319322 ], [ 83.0386517, 21.1317298 ], [ 83.0452504, 21.1240097 ], [ 83.052332, 21.1262721 ], [ 83.0560313, 21.1223122 ], [ 83.0593586, 21.1227867 ], [ 83.0661114, 21.1207581 ], [ 83.0685117, 21.1168545 ], [ 83.0749976, 21.1136549 ], [ 83.0772506, 21.1140653 ], [ 83.0780315, 21.112009 ], [ 83.0848963, 21.112951 ], [ 83.0901065, 21.1111347 ], [ 83.0944195, 21.113276 ], [ 83.0966596, 21.110372 ], [ 83.1012568, 21.1099916 ], [ 83.113544, 21.1126637 ], [ 83.117016, 21.1104575 ], [ 83.1215988, 21.1099035 ], [ 83.1223188, 21.1074064 ], [ 83.1240988, 21.1066978 ], [ 83.1314917, 21.1058148 ], [ 83.1386713, 21.1095128 ], [ 83.140651, 21.1123371 ], [ 83.138933, 21.1133341 ], [ 83.1474293, 21.1185593 ], [ 83.1478904, 21.1204951 ], [ 83.1556236, 21.1278064 ], [ 83.1573262, 21.1310675 ], [ 83.164371, 21.1351882 ], [ 83.1669147, 21.1387882 ], [ 83.1710444, 21.1361705 ], [ 83.1742531, 21.13673 ], [ 83.178158, 21.1352032 ], [ 83.1913577, 21.1386947 ], [ 83.1981038, 21.1454434 ], [ 83.1965605, 21.1514281 ], [ 83.1983617, 21.1534592 ], [ 83.1976281, 21.1582143 ], [ 83.1985164, 21.1642577 ], [ 83.2046174, 21.1656954 ], [ 83.202633, 21.1727695 ], [ 83.2028449, 21.1776432 ], [ 83.2051147, 21.1794334 ], [ 83.2093266, 21.1894472 ], [ 83.2146203, 21.1947872 ], [ 83.2105263, 21.205036 ], [ 83.2127508, 21.2101995 ], [ 83.2170638, 21.2133312 ], [ 83.2185684, 21.2208874 ], [ 83.2175848, 21.2259663 ], [ 83.2188957, 21.2286086 ], [ 83.222148, 21.2287237 ], [ 83.2189158, 21.2418513 ], [ 83.2176463, 21.2548491 ], [ 83.2216741, 21.2600653 ], [ 83.2229542, 21.2657691 ], [ 83.2319077, 21.2727169 ], [ 83.2379589, 21.269607 ], [ 83.2393348, 21.2736252 ], [ 83.2462654, 21.2811589 ], [ 83.2505908, 21.2823834 ], [ 83.2558328, 21.2821192 ], [ 83.2677675, 21.2775566 ], [ 83.2690772, 21.2740623 ], [ 83.2713047, 21.2729396 ], [ 83.2749082, 21.2858086 ], [ 83.2785946, 21.2893165 ], [ 83.2792694, 21.2949557 ], [ 83.2770799, 21.2979336 ], [ 83.2762945, 21.3023012 ], [ 83.2720483, 21.3018845 ], [ 83.2673287, 21.3057861 ], [ 83.2620794, 21.3078343 ], [ 83.2581503, 21.3158697 ], [ 83.2573442, 21.3204994 ], [ 83.2628329, 21.330273 ], [ 83.2665283, 21.3308552 ], [ 83.2623546, 21.3330154 ], [ 83.2576939, 21.3335974 ], [ 83.2578009, 21.335551 ], [ 83.2686811, 21.3454864 ], [ 83.2721473, 21.3590028 ], [ 83.2746945, 21.3638263 ], [ 83.2742199, 21.3770709 ], [ 83.2687284, 21.3785899 ], [ 83.2724785, 21.3798304 ], [ 83.2840506, 21.3803279 ], [ 83.2860569, 21.3776051 ], [ 83.3113683, 21.370838 ], [ 83.3145705, 21.3675702 ], [ 83.3196523, 21.3658341 ], [ 83.3204312, 21.3638729 ], [ 83.3229721, 21.3623976 ], [ 83.3300299, 21.3618933 ], [ 83.3438497, 21.3583599 ], [ 83.3471807, 21.3562862 ], [ 83.3477188, 21.3537548 ], [ 83.35125, 21.3548748 ], [ 83.3546142, 21.3542857 ], [ 83.3574423, 21.3521197 ], [ 83.3668632, 21.349364 ], [ 83.3697652, 21.3467091 ], [ 83.3752155, 21.3464064 ], [ 83.3788819, 21.344553 ], [ 83.3822355, 21.3463159 ], [ 83.3854881, 21.3462968 ], [ 83.3918333, 21.3426354 ], [ 83.3943111, 21.3447672 ], [ 83.3999806, 21.3463928 ], [ 83.4026377, 21.3497543 ], [ 83.4067468, 21.3514246 ], [ 83.4086356, 21.3590635 ], [ 83.4080178, 21.3613659 ], [ 83.4006227, 21.3639051 ], [ 83.3968698, 21.367557 ], [ 83.4005094, 21.3758798 ], [ 83.3972032, 21.3880309 ], [ 83.3989903, 21.3962222 ], [ 83.3989271, 21.4053427 ], [ 83.3934649, 21.4077142 ], [ 83.3908835, 21.4114306 ], [ 83.3852922, 21.4153749 ], [ 83.3781541, 21.4268309 ], [ 83.3758692, 21.4280598 ], [ 83.375731, 21.4323282 ], [ 83.3742838, 21.4349764 ], [ 83.3712449, 21.4355115 ], [ 83.3736178, 21.4423899 ], [ 83.3668645, 21.4455512 ], [ 83.3543715, 21.4480705 ], [ 83.3514721, 21.4600303 ], [ 83.34655, 21.4716032 ], [ 83.3457428, 21.4796193 ], [ 83.3470601, 21.4889778 ], [ 83.340613, 21.4951678 ], [ 83.3378826, 21.5021002 ], [ 83.3432397, 21.5097543 ], [ 83.3496209, 21.5126489 ], [ 83.3519624, 21.5208327 ], [ 83.3570926, 21.5280832 ], [ 83.3586607, 21.5382417 ], [ 83.3613973, 21.5391646 ], [ 83.3599353, 21.5403727 ], [ 83.3601443, 21.5428483 ], [ 83.3614941, 21.5445493 ], [ 83.3642665, 21.5449977 ], [ 83.3645071, 21.5470438 ], [ 83.3661991, 21.5466316 ], [ 83.3662082, 21.5483831 ], [ 83.3676616, 21.5493241 ], [ 83.3659822, 21.5508107 ], [ 83.3699865, 21.5525236 ], [ 83.3697802, 21.5564588 ], [ 83.3731622, 21.5581624 ], [ 83.3721738, 21.5593726 ], [ 83.370329, 21.5587491 ], [ 83.3718643, 21.5644157 ], [ 83.3703835, 21.5668475 ], [ 83.3692997, 21.566678 ], [ 83.3698868, 21.5680555 ], [ 83.3674846, 21.5687398 ], [ 83.3668308, 21.5709793 ], [ 83.3677515, 21.5720949 ], [ 83.3649734, 21.5760758 ], [ 83.3664553, 21.5772783 ], [ 83.3654587, 21.5786242 ], [ 83.3689461, 21.584999 ], [ 83.3669361, 21.5866619 ], [ 83.3689289, 21.5889812 ], [ 83.3677375, 21.5917159 ], [ 83.3705058, 21.5912612 ], [ 83.3694545, 21.5931046 ], [ 83.3705365, 21.5955136 ], [ 83.3696571, 21.6005058 ], [ 83.3801369, 21.6081258 ], [ 83.3830424, 21.6142557 ], [ 83.3826848, 21.6201299 ], [ 83.3843592, 21.6203632 ], [ 83.3874452, 21.6174792 ], [ 83.3894331, 21.6176945 ], [ 83.3924639, 21.627294 ], [ 83.3955892, 21.6270864 ], [ 83.3989354, 21.6297243 ], [ 83.4034651, 21.6309365 ], [ 83.4090736, 21.6371982 ], [ 83.4150436, 21.6407999 ], [ 83.4275715, 21.6435246 ], [ 83.4288407, 21.6472259 ], [ 83.4426491, 21.6554068 ], [ 83.4507559, 21.6507457 ], [ 83.4481474, 21.6441164 ], [ 83.4443818, 21.6392873 ], [ 83.4429713, 21.6316559 ], [ 83.4446284, 21.6304262 ], [ 83.4439748, 21.6240027 ], [ 83.4524695, 21.6224149 ], [ 83.4522652, 21.6128699 ], [ 83.4556289, 21.6116599 ], [ 83.4561078, 21.6099961 ], [ 83.4592026, 21.6094537 ], [ 83.4606036, 21.6077988 ], [ 83.4662671, 21.6095522 ], [ 83.46838, 21.6137239 ], [ 83.4698646, 21.6215433 ], [ 83.4734883, 21.6273671 ], [ 83.4735562, 21.6324946 ], [ 83.4861942, 21.6300894 ], [ 83.489612, 21.6314647 ], [ 83.4895496, 21.634865 ], [ 83.491929, 21.6381835 ], [ 83.4871444, 21.6398983 ], [ 83.4866126, 21.6441297 ], [ 83.4697623, 21.6487261 ], [ 83.4481329, 21.657538 ], [ 83.4424826, 21.6612872 ], [ 83.431273, 21.6742097 ], [ 83.4188271, 21.6806082 ], [ 83.4221564, 21.6870469 ], [ 83.4234422, 21.6873222 ], [ 83.4228675, 21.6888377 ], [ 83.424217, 21.6915448 ], [ 83.4256434, 21.6936503 ], [ 83.4288236, 21.694624 ], [ 83.4316465, 21.6999052 ], [ 83.4407693, 21.6988997 ], [ 83.4516952, 21.6954248 ], [ 83.4592973, 21.6984904 ], [ 83.461062, 21.7090865 ], [ 83.473356, 21.7206363 ], [ 83.4778403, 21.7305416 ], [ 83.4812953, 21.7311261 ], [ 83.4801793, 21.7339553 ], [ 83.4851991, 21.7451658 ], [ 83.4893152, 21.7453929 ], [ 83.4874436, 21.7489513 ], [ 83.4760548, 21.752377 ], [ 83.4821777, 21.7655979 ], [ 83.4761656, 21.780784 ], [ 83.4693942, 21.787562 ], [ 83.4722462, 21.7875943 ], [ 83.4754658, 21.7912587 ], [ 83.4776143, 21.7908292 ], [ 83.4836513, 21.7941875 ], [ 83.4871222, 21.8003605 ], [ 83.487803, 21.8073066 ], [ 83.4937364, 21.8129955 ], [ 83.4936278, 21.8156559 ], [ 83.4920756, 21.8175934 ], [ 83.4929061, 21.8183664 ], [ 83.5059279, 21.8079625 ], [ 83.5225917, 21.7994476 ], [ 83.525868, 21.7982961 ], [ 83.5287033, 21.7995483 ], [ 83.5410446, 21.7993137 ], [ 83.5427337, 21.8057293 ], [ 83.5394568, 21.8087726 ], [ 83.5374058, 21.8130791 ], [ 83.540102, 21.8220434 ], [ 83.5311936, 21.8262521 ], [ 83.5305616, 21.8285278 ], [ 83.5318711, 21.830959 ], [ 83.541631, 21.8382571 ], [ 83.5517703, 21.8407141 ], [ 83.5631849, 21.8373999 ], [ 83.568481, 21.8331735 ], [ 83.5769131, 21.8312995 ], [ 83.578853, 21.8324474 ], [ 83.5779116, 21.8375188 ], [ 83.5814526, 21.8381743 ], [ 83.5870807, 21.8435197 ], [ 83.5908875, 21.8511013 ], [ 83.5742166, 21.8751038 ], [ 83.5759812, 21.8781272 ], [ 83.5764355, 21.882373 ], [ 83.5808082, 21.883267 ], [ 83.5778339, 21.8892008 ], [ 83.5815453, 21.889851 ], [ 83.5870847, 21.8945318 ], [ 83.5852322, 21.8996409 ], [ 83.5859657, 21.902133 ], [ 83.5946997, 21.9034285 ], [ 83.5970025, 21.9060026 ], [ 83.598792, 21.9053629 ], [ 83.6029364, 21.9085752 ], [ 83.6059233, 21.9141184 ], [ 83.6015654, 21.9180616 ], [ 83.5998695, 21.9220735 ], [ 83.5903558, 21.9297038 ], [ 83.5567208, 21.9353451 ], [ 83.5591467, 21.9450458 ], [ 83.5616915, 21.948009 ], [ 83.5420404, 21.9621137 ], [ 83.5390108, 21.9659882 ], [ 83.5371581, 21.9779581 ], [ 83.5435457, 21.9876164 ], [ 83.5433074, 21.9938505 ], [ 83.5530545, 22.0032545 ], [ 83.5561517, 22.0078175 ], [ 83.539787, 22.0216743 ], [ 83.5364684, 22.0296025 ], [ 83.5367206, 22.0434846 ], [ 83.5437383, 22.0569686 ], [ 83.5478086, 22.0591524 ], [ 83.5485435, 22.0583874 ], [ 83.5468977, 22.0570038 ], [ 83.55035, 22.0533503 ], [ 83.5582165, 22.0548515 ], [ 83.5599852, 22.0539593 ], [ 83.5817771, 22.0545833 ], [ 83.5830724, 22.0502253 ], [ 83.5867088, 22.0487312 ], [ 83.589877, 22.0544502 ], [ 83.5932088, 22.0551693 ], [ 83.5961684, 22.0578883 ], [ 83.6015195, 22.058771 ], [ 83.6034022, 22.0638314 ], [ 83.6064242, 22.0665877 ], [ 83.5935796, 22.074211 ], [ 83.5769373, 22.0903208 ], [ 83.5628435, 22.0962008 ], [ 83.5618143, 22.0989175 ], [ 83.5643489, 22.105995 ], [ 83.5759177, 22.1209003 ], [ 83.5832105, 22.1250684 ], [ 83.5936934, 22.1402928 ], [ 83.6081548, 22.154368 ], [ 83.6133317, 22.177701 ], [ 83.6296232, 22.206656 ], [ 83.6495128, 22.2233404 ], [ 83.655309, 22.2200399 ], [ 83.6644731, 22.2287914 ], [ 83.6657659, 22.2327295 ], [ 83.6910456, 22.2427255 ], [ 83.691473, 22.2441239 ], [ 83.7051638, 22.2468476 ], [ 83.7130634, 22.242717 ], [ 83.7212029, 22.2430438 ], [ 83.7282072, 22.2413353 ], [ 83.729491, 22.2428229 ], [ 83.7443614, 22.2396341 ], [ 83.7577508, 22.2403395 ], [ 83.7576766, 22.2471376 ], [ 83.7597106, 22.2512074 ], [ 83.7626476, 22.25206 ], [ 83.7664531, 22.2556281 ], [ 83.7728932, 22.2557067 ], [ 83.7755797, 22.2573437 ], [ 83.7767251, 22.261301 ], [ 83.7752385, 22.2616595 ], [ 83.7747211, 22.2647715 ], [ 83.7767905, 22.2662745 ], [ 83.7766453, 22.2698542 ], [ 83.7797539, 22.2738277 ], [ 83.7858027, 22.2740921 ], [ 83.7922251, 22.2764752 ], [ 83.7960396, 22.2824705 ], [ 83.7948451, 22.2859482 ], [ 83.8027783, 22.2901522 ], [ 83.8092637, 22.2889534 ], [ 83.8118375, 22.2904839 ], [ 83.816905, 22.2908768 ], [ 83.8190584, 22.2895654 ], [ 83.8198484, 22.291291 ], [ 83.8263594, 22.2928219 ], [ 83.8272667, 22.2938729 ], [ 83.8228516, 22.3012766 ], [ 83.8260049, 22.305503 ], [ 83.821984, 22.3115337 ], [ 83.8281479, 22.3175247 ], [ 83.8305562, 22.3234016 ], [ 83.8352373, 22.3222794 ], [ 83.8502877, 22.325226 ], [ 83.8528787, 22.3271219 ], [ 83.8528811, 22.3302578 ], [ 83.8549337, 22.3345347 ], [ 83.854306, 22.337645 ], [ 83.8602375, 22.3387529 ], [ 83.8604125, 22.3404663 ], [ 83.8639854, 22.3416321 ], [ 83.8642639, 22.3432754 ], [ 83.8693196, 22.3412526 ], [ 83.8720651, 22.3377771 ], [ 83.8792096, 22.3353836 ], [ 83.8828809, 22.3367132 ], [ 83.8903348, 22.3365451 ], [ 83.901317, 22.3393594 ], [ 83.9025152, 22.3465931 ], [ 83.9065249, 22.351286 ], [ 83.9232838, 22.3584102 ], [ 83.932691, 22.3539591 ], [ 83.9432938, 22.3547103 ], [ 83.9482167, 22.3563193 ], [ 83.9549892, 22.3616635 ], [ 83.9579961, 22.3619367 ], [ 83.9702461, 22.3588047 ], [ 83.9825257, 22.3673283 ], [ 83.9928429, 22.369763 ], [ 83.9966706, 22.3719869 ], [ 84.0057827, 22.3736814 ], [ 84.0102923, 22.3715844 ], [ 84.0063791, 22.3822049 ], [ 84.013182, 22.3942704 ], [ 84.0133856, 22.3974205 ], [ 84.0200596, 22.4085553 ], [ 84.0234686, 22.4094481 ], [ 84.0246846, 22.4155006 ], [ 84.0277577, 22.4169636 ], [ 84.0302725, 22.4200835 ], [ 84.0311561, 22.4218016 ], [ 84.0303365, 22.4266392 ], [ 84.0387936, 22.429697 ], [ 84.0417188, 22.434985 ], [ 84.0472467, 22.4382331 ], [ 84.0448942, 22.4528619 ], [ 84.0463951, 22.4553524 ], [ 84.0454212, 22.462604 ], [ 84.0472472, 22.4692209 ], [ 84.0407454, 22.4731041 ], [ 84.0266018, 22.4753236 ], [ 84.0174232, 22.4892498 ], [ 84.0028664, 22.4933151 ], [ 83.9978478, 22.4976164 ], [ 83.980072, 22.5023916 ], [ 83.9804794, 22.5075703 ], [ 83.9746511, 22.512026 ], [ 83.9773168, 22.5156635 ], [ 83.9809886, 22.5161521 ], [ 83.9809129, 22.5215491 ], [ 83.9867287, 22.5255411 ], [ 83.9948912, 22.5280999 ], [ 83.9976058, 22.5310282 ], [ 84.0029214, 22.5303334 ], [ 84.0043889, 22.5275709 ], [ 84.0100074, 22.5263997 ], [ 84.0092112, 22.5255774 ], [ 84.0129286, 22.5233738 ], [ 84.0255203, 22.5257533 ], [ 84.0277133, 22.5205004 ], [ 84.0365573, 22.5159709 ], [ 84.0492493, 22.5170406 ], [ 84.0530585, 22.5129032 ], [ 84.0597149, 22.5164318 ], [ 84.0613191, 22.5132418 ], [ 84.0645386, 22.5124796 ], [ 84.0651217, 22.5076077 ], [ 84.075489, 22.5061981 ], [ 84.075278, 22.5028287 ], [ 84.070237, 22.5013522 ], [ 84.0730521, 22.5009654 ], [ 84.0811501, 22.4939953 ], [ 84.0903068, 22.4892904 ], [ 84.1024768, 22.4840769 ], [ 84.1079463, 22.4837631 ], [ 84.1088319, 22.4826821 ], [ 84.1068562, 22.4827446 ], [ 84.1063086, 22.4806451 ], [ 84.1134899, 22.4756864 ], [ 84.1248406, 22.4749253 ], [ 84.1287976, 22.4775993 ], [ 84.1317124, 22.4762591 ], [ 84.1353506, 22.4765858 ], [ 84.1370002, 22.4737867 ], [ 84.1406843, 22.4739151 ], [ 84.1420626, 22.4715539 ], [ 84.1428915, 22.4642349 ], [ 84.1413809, 22.4533505 ], [ 84.1388954, 22.4477626 ], [ 84.1405477, 22.4413942 ], [ 84.1409252, 22.425619 ], [ 84.1561327, 22.4077351 ], [ 84.1659782, 22.3998516 ], [ 84.1848869, 22.3902287 ], [ 84.1989553, 22.3758149 ], [ 84.2430039, 22.3787003 ], [ 84.2514559, 22.3780779 ], [ 84.255608, 22.374425 ], [ 84.2606261, 22.3654255 ], [ 84.2688108, 22.354552 ], [ 84.2783646, 22.3492752 ], [ 84.2900369, 22.3468857 ], [ 84.291505, 22.3421322 ], [ 84.2953349, 22.3410248 ], [ 84.3133646, 22.3444405 ], [ 84.3168292, 22.3423149 ], [ 84.324737, 22.3452772 ], [ 84.3299399, 22.344252 ], [ 84.3395105, 22.3475504 ], [ 84.3444157, 22.3467807 ], [ 84.3567635, 22.3489714 ], [ 84.3584962, 22.3472746 ], [ 84.3656352, 22.3481984 ], [ 84.3678923, 22.3546575 ], [ 84.3703188, 22.3557318 ], [ 84.3795901, 22.3526233 ], [ 84.3830183, 22.3491123 ], [ 84.3883046, 22.3486821 ], [ 84.3921331, 22.3498649 ], [ 84.3967648, 22.3474 ], [ 84.399686, 22.3478218 ], [ 84.4003202, 22.3464623 ], [ 84.4161813, 22.3528084 ], [ 84.4204051, 22.3523484 ], [ 84.4236978, 22.3544365 ], [ 84.4281327, 22.3532658 ], [ 84.4295593, 22.3543967 ], [ 84.429984, 22.3579301 ], [ 84.4342689, 22.3604707 ], [ 84.4333138, 22.3627625 ], [ 84.4306661, 22.3640379 ], [ 84.4322595, 22.365308 ], [ 84.4306629, 22.3683644 ], [ 84.4315325, 22.3713806 ], [ 84.4349595, 22.3741652 ], [ 84.4495299, 22.3802899 ], [ 84.4534454, 22.3794631 ], [ 84.4532052, 22.3810476 ], [ 84.4611818, 22.3790507 ], [ 84.4760123, 22.3866516 ], [ 84.48463, 22.3888474 ], [ 84.4854524, 22.3909661 ], [ 84.4843985, 22.3925791 ], [ 84.4788369, 22.394077 ], [ 84.4802909, 22.3979786 ], [ 84.4779254, 22.399254 ], [ 84.4767311, 22.4052775 ], [ 84.4769801, 22.4080052 ], [ 84.4806911, 22.4101707 ], [ 84.4824352, 22.413273 ], [ 84.4895838, 22.4136385 ], [ 84.5106449, 22.421026 ], [ 84.5169805, 22.4193478 ], [ 84.5243943, 22.4199762 ], [ 84.5305383, 22.4227998 ], [ 84.5313613, 22.4258978 ], [ 84.5362015, 22.4273745 ], [ 84.5380565, 22.42556 ], [ 84.540331, 22.4271895 ], [ 84.546942, 22.4260651 ], [ 84.5475344, 22.4224819 ], [ 84.5492906, 22.4210417 ], [ 84.5708956, 22.427404 ], [ 84.5941813, 22.4300595 ], [ 84.5978545, 22.4347967 ], [ 84.5997414, 22.4309319 ], [ 84.602588, 22.4288251 ], [ 84.6102981, 22.430937 ], [ 84.6219608, 22.4315602 ], [ 84.6286481, 22.434553 ], [ 84.6310598, 22.4328087 ], [ 84.6372848, 22.4318122 ], [ 84.6521554, 22.4262063 ], [ 84.6680576, 22.4180644 ], [ 84.6741264, 22.4219132 ], [ 84.6760049, 22.4194194 ], [ 84.6838382, 22.4199201 ], [ 84.6859825, 22.4185493 ], [ 84.698631, 22.4164022 ], [ 84.7155642, 22.4172777 ], [ 84.7187735, 22.4198964 ], [ 84.7497429, 22.418989 ], [ 84.7520611, 22.430604 ], [ 84.7593155, 22.4474657 ], [ 84.7655144, 22.4486471 ], [ 84.7887459, 22.4481876 ], [ 84.7960399, 22.4462588 ], [ 84.797297, 22.4486398 ], [ 84.7990746, 22.4472994 ], [ 84.8014473, 22.4484579 ], [ 84.8057134, 22.4476726 ], [ 84.812524, 22.4529313 ], [ 84.8177832, 22.4446208 ], [ 84.8176323, 22.437605 ], [ 84.837384, 22.432527 ], [ 84.8385532, 22.4309257 ], [ 84.8421645, 22.431738 ], [ 84.8422259, 22.4342304 ], [ 84.8456257, 22.4362587 ], [ 84.8537315, 22.435917 ], [ 84.8730695, 22.4394688 ], [ 84.8729232, 22.4422655 ], [ 84.8823947, 22.4484662 ], [ 84.885088, 22.4427577 ], [ 84.8849002, 22.4374472 ], [ 84.8887069, 22.4292063 ], [ 84.8855931, 22.426126 ], [ 84.8855764, 22.4210794 ], [ 84.8992485, 22.4234303 ], [ 84.9102263, 22.4232832 ], [ 84.9158985, 22.4261141 ], [ 84.9261511, 22.434949 ], [ 84.9265635, 22.4395763 ], [ 84.9238734, 22.4409253 ], [ 84.9238567, 22.4435523 ], [ 84.9319416, 22.446222 ], [ 84.9402054, 22.4452039 ], [ 84.9433456, 22.4484326 ], [ 84.9449035, 22.4524615 ], [ 84.9566684, 22.4582254 ], [ 84.9593515, 22.4430537 ], [ 84.9648819, 22.4493302 ], [ 84.9730188, 22.4511231 ], [ 84.9828051, 22.4559955 ], [ 85.0115437, 22.4664225 ], [ 85.0193788, 22.4706024 ], [ 85.0354681, 22.4737838 ], [ 85.0371813, 22.4728191 ], [ 85.0376481, 22.4794876 ], [ 85.0362794, 22.4793728 ], [ 85.0359479, 22.4824297 ], [ 85.0380532, 22.4819571 ], [ 85.0380828, 22.4804315 ], [ 85.0416478, 22.4805534 ], [ 85.0439943, 22.4809592 ], [ 85.0442972, 22.4823259 ], [ 85.0521568, 22.4825142 ], [ 85.0596768, 22.4864452 ], [ 85.0672574, 22.4841693 ], [ 85.0685055, 22.4815784 ], [ 85.0717917, 22.4792044 ], [ 85.076015, 22.4802899 ], [ 85.0780035, 22.4775492 ], [ 85.0767458, 22.4687409 ], [ 85.0752411, 22.4686158 ], [ 85.074027, 22.4655323 ], [ 85.0771496, 22.4637522 ], [ 85.0642216, 22.4542357 ], [ 85.0602882, 22.4495598 ], [ 85.0610642, 22.4451262 ], [ 85.0668313, 22.4409109 ], [ 85.0674307, 22.4350757 ], [ 85.0663918, 22.4342605 ], [ 85.0677974, 22.4284253 ], [ 85.0753685, 22.4205547 ], [ 85.0820837, 22.4165298 ], [ 85.079932, 22.4123163 ], [ 85.0802333, 22.4100082 ], [ 85.0829122, 22.4071031 ], [ 85.0865256, 22.3994228 ], [ 85.0862243, 22.3894327 ], [ 85.0878682, 22.3884666 ], [ 85.0869619, 22.3825423 ], [ 85.0773878, 22.3655062 ], [ 85.0789586, 22.361072 ], [ 85.0766702, 22.3562068 ], [ 85.0789228, 22.352367 ], [ 85.083839, 22.3490529 ], [ 85.0826015, 22.3463124 ], [ 85.0833324, 22.3453361 ], [ 85.0946073, 22.3467328 ], [ 85.0946118, 22.3448275 ], [ 85.0957488, 22.3447406 ], [ 85.0938919, 22.3332794 ], [ 85.0893925, 22.3204259 ], [ 85.0907359, 22.3185804 ], [ 85.0954898, 22.3157064 ], [ 85.1006894, 22.3199168 ], [ 85.1063689, 22.3214774 ], [ 85.1153506, 22.3197774 ], [ 85.1180958, 22.3175946 ], [ 85.1154449, 22.3152814 ], [ 85.1141649, 22.3104455 ], [ 85.116009, 22.3081084 ], [ 85.1141297, 22.3054243 ], [ 85.1156015, 22.3025775 ], [ 85.115997, 22.2940933 ], [ 85.1064427, 22.2959047 ], [ 85.0996285, 22.2935734 ], [ 85.0706145, 22.2736522 ], [ 85.0714809, 22.2703567 ], [ 85.0738203, 22.2687569 ], [ 85.0721823, 22.2670503 ], [ 85.0745972, 22.2648464 ], [ 85.0734086, 22.262901 ], [ 85.0749651, 22.2610488 ], [ 85.0766435, 22.2610762 ], [ 85.0782035, 22.2573909 ], [ 85.076522, 22.256054 ], [ 85.0766019, 22.2527679 ], [ 85.0734862, 22.2497358 ], [ 85.0733229, 22.2480544 ], [ 85.0713411, 22.2490169 ], [ 85.0702469, 22.2480568 ], [ 85.0704185, 22.2444375 ], [ 85.0693619, 22.2435771 ], [ 85.0722492, 22.237721 ], [ 85.0584903, 22.209251 ], [ 85.0592102, 22.2059989 ], [ 85.0558176, 22.2027106 ], [ 85.0541504, 22.1979875 ], [ 85.0491874, 22.1954133 ], [ 85.0536881, 22.1853941 ], [ 85.0526581, 22.1824569 ], [ 85.0502555, 22.1791613 ], [ 85.0428299, 22.1773365 ], [ 85.0416241, 22.1729886 ], [ 85.0290983, 22.1634942 ], [ 85.0283446, 22.1571827 ], [ 85.0341655, 22.1470158 ], [ 85.0316655, 22.1330901 ], [ 85.0283013, 22.1284834 ], [ 85.0268451, 22.122516 ], [ 85.0235788, 22.1186238 ], [ 84.9994827, 22.1076985 ], [ 84.9914059, 22.0995615 ], [ 84.9833935, 22.0955248 ], [ 84.9845554, 22.0866068 ], [ 84.9869495, 22.082823 ], [ 84.9936941, 22.0813999 ], [ 85.0029886, 22.0874824 ], [ 85.005514, 22.0878267 ], [ 85.0065808, 22.0900602 ], [ 85.0086511, 22.0888606 ], [ 85.010181, 22.0912473 ], [ 85.0117395, 22.0914092 ], [ 85.0130608, 22.0987929 ], [ 85.0158009, 22.1036097 ], [ 85.0176451, 22.1034225 ], [ 85.0238704, 22.1101562 ], [ 85.0289218, 22.1093273 ], [ 85.0390894, 22.1156166 ], [ 85.055269, 22.1156768 ], [ 85.0657448, 22.112901 ], [ 85.0704565, 22.112898 ], [ 85.0889742, 22.1057283 ], [ 85.0916755, 22.1060102 ], [ 85.0948751, 22.1083564 ], [ 85.0957447, 22.1062072 ], [ 85.0988078, 22.1054452 ], [ 85.1001095, 22.1036348 ], [ 85.0999129, 22.1007053 ], [ 85.1016889, 22.0981155 ], [ 85.0999035, 22.0950709 ], [ 85.1005694, 22.0937233 ], [ 85.10379, 22.0895308 ], [ 85.1055749, 22.0902272 ], [ 85.1088057, 22.0875972 ], [ 85.1123989, 22.0870392 ], [ 85.113808, 22.0835408 ], [ 85.1125052, 22.0798422 ], [ 85.1186602, 22.0741992 ], [ 85.1200654, 22.0701768 ], [ 85.1211362, 22.0697997 ], [ 85.12608, 22.0746023 ], [ 85.1317918, 22.0768117 ], [ 85.1403317, 22.0776053 ], [ 85.1448234, 22.0797384 ], [ 85.1547989, 22.0788302 ], [ 85.1605421, 22.074712 ], [ 85.1603834, 22.0696571 ], [ 85.1651237, 22.063808 ], [ 85.1668507, 22.0537007 ], [ 85.1705987, 22.0514448 ], [ 85.1738656, 22.0513788 ], [ 85.1726773, 22.0552144 ], [ 85.170829, 22.0566316 ], [ 85.1712055, 22.0634186 ], [ 85.1676159, 22.0695056 ], [ 85.1717896, 22.0714052 ], [ 85.1746034, 22.0745899 ], [ 85.1805709, 22.0732328 ], [ 85.1857154, 22.059213 ], [ 85.1981689, 22.0559426 ], [ 85.2103974, 22.0494174 ], [ 85.2134473, 22.0496918 ], [ 85.2150785, 22.0477209 ], [ 85.2148474, 22.0433287 ], [ 85.2185865, 22.0409272 ], [ 85.2187267, 22.0379567 ], [ 85.2168673, 22.0335665 ], [ 85.2214333, 22.0179852 ], [ 85.2251432, 22.0163869 ], [ 85.2292092, 22.0124075 ], [ 85.2362925, 22.0098033 ], [ 85.2399321, 22.0110043 ], [ 85.2405618, 22.01363 ], [ 85.2441713, 22.0158062 ], [ 85.2517028, 22.0269722 ], [ 85.2585185, 22.0433431 ], [ 85.2630594, 22.05868 ], [ 85.2670787, 22.0633709 ], [ 85.2708017, 22.0720966 ], [ 85.2726626, 22.0734355 ], [ 85.2751258, 22.0822889 ], [ 85.2813017, 22.0904281 ], [ 85.2992592, 22.1053871 ], [ 85.3105843, 22.1188173 ], [ 85.3188431, 22.1208307 ], [ 85.3230922, 22.1274992 ], [ 85.3285447, 22.1283364 ], [ 85.334857, 22.1269649 ], [ 85.3435376, 22.1273828 ], [ 85.3464752, 22.1302486 ], [ 85.3505941, 22.1294999 ], [ 85.3593878, 22.1239528 ], [ 85.3644069, 22.1237141 ], [ 85.364881, 22.1288309 ], [ 85.3608367, 22.1315135 ], [ 85.3618941, 22.1410976 ], [ 85.3603867, 22.1440133 ], [ 85.3634538, 22.1474806 ], [ 85.3639622, 22.1521416 ], [ 85.3665436, 22.1536261 ], [ 85.3657943, 22.1584686 ], [ 85.371069, 22.1609917 ], [ 85.3751102, 22.1573742 ], [ 85.3825528, 22.1564366 ], [ 85.3920689, 22.1590326 ], [ 85.3972672, 22.1632023 ], [ 85.4113715, 22.161823 ], [ 85.4211455, 22.1587838 ], [ 85.4341228, 22.150988 ], [ 85.4387692, 22.1503461 ], [ 85.4429934, 22.1466653 ], [ 85.446996, 22.1463738 ], [ 85.4618711, 22.1399032 ], [ 85.4706881, 22.1341198 ], [ 85.4747044, 22.1289278 ], [ 85.4829297, 22.1275954 ], [ 85.4899062, 22.1210756 ], [ 85.5097846, 22.1177492 ], [ 85.5248949, 22.1100238 ], [ 85.5341265, 22.1026373 ], [ 85.5397757, 22.1018479 ], [ 85.5390152, 22.0971036 ], [ 85.5429796, 22.0904731 ], [ 85.5604361, 22.0960743 ], [ 85.5609933, 22.0917753 ], [ 85.5661979, 22.0888946 ], [ 85.571554, 22.0911634 ], [ 85.5769556, 22.0884421 ], [ 85.5862686, 22.0860886 ], [ 85.590229, 22.0840002 ], [ 85.5922851, 22.0804366 ], [ 85.5971825, 22.0791237 ], [ 85.6068086, 22.0798428 ], [ 85.6111816, 22.0870428 ], [ 85.6138755, 22.0860857 ], [ 85.6127525, 22.0834748 ], [ 85.6134451, 22.0815386 ], [ 85.6215013, 22.082763 ], [ 85.6249194, 22.0820872 ], [ 85.6288792, 22.086009 ], [ 85.6324636, 22.0841692 ], [ 85.6370293, 22.0870978 ], [ 85.6398102, 22.0866693 ], [ 85.6441233, 22.0942565 ], [ 85.6516237, 22.0954385 ], [ 85.6552685, 22.0923297 ], [ 85.6573833, 22.0839287 ], [ 85.6615806, 22.0833353 ], [ 85.6640644, 22.0768476 ], [ 85.6702456, 22.073434 ], [ 85.6716579, 22.0674838 ], [ 85.6784449, 22.062941 ], [ 85.6773332, 22.0569526 ], [ 85.6848727, 22.0542269 ], [ 85.689381, 22.0560515 ], [ 85.6902567, 22.0609137 ], [ 85.6916831, 22.0622891 ], [ 85.7009426, 22.061726 ], [ 85.7091675, 22.0582277 ], [ 85.7133685, 22.0624836 ], [ 85.7180023, 22.0617431 ], [ 85.7205364, 22.0638947 ], [ 85.7302049, 22.0652798 ], [ 85.7401455, 22.0709842 ], [ 85.7493923, 22.0735663 ], [ 85.7570506, 22.0783083 ], [ 85.7573979, 22.0845843 ], [ 85.7638835, 22.0888473 ], [ 85.767295, 22.0927844 ], [ 85.7809927, 22.0965003 ], [ 85.7901687, 22.1048427 ], [ 85.7973185, 22.104751 ], [ 85.7975493, 22.108402 ], [ 85.8011673, 22.1098603 ], [ 85.8074254, 22.1161119 ], [ 85.8210436, 22.1064957 ], [ 85.8194294, 22.1030244 ], [ 85.8161434, 22.1012707 ], [ 85.8130524, 22.0964879 ], [ 85.8133179, 22.0942948 ], [ 85.8197556, 22.0964326 ], [ 85.8217671, 22.0946585 ], [ 85.832685, 22.0930432 ], [ 85.8340993, 22.0907859 ], [ 85.8341061, 22.0852397 ], [ 85.8358633, 22.0801575 ], [ 85.8309539, 22.0790204 ], [ 85.8226618, 22.0744263 ], [ 85.8174658, 22.0745876 ], [ 85.8161126, 22.0735706 ], [ 85.7934374, 22.0818101 ], [ 85.7749422, 22.0562853 ], [ 85.7787263, 22.0455553 ], [ 85.7837575, 22.0401819 ], [ 85.7795892, 22.0296726 ], [ 85.7749615, 22.0287167 ], [ 85.7671593, 22.0234867 ], [ 85.7607995, 22.0145367 ], [ 85.7585669, 22.009493 ], [ 85.7625084, 22.001253 ], [ 85.7629934, 21.996144 ], [ 85.7749119, 21.9905336 ], [ 85.7827517, 21.9849462 ], [ 85.7858429, 21.9870422 ], [ 85.7904055, 21.9858203 ], [ 85.8053684, 21.9894213 ], [ 85.8104551, 21.9863147 ], [ 85.8169925, 21.9857748 ], [ 85.8186822, 21.9840616 ], [ 85.8209015, 21.9774563 ], [ 85.8243707, 21.9754487 ], [ 85.832583, 21.9772823 ], [ 85.8361373, 21.9808531 ], [ 85.8532084, 21.9837646 ], [ 85.8642582, 21.9814928 ], [ 85.8820753, 21.9801382 ], [ 85.8915876, 21.981219 ], [ 85.8936956, 21.9822856 ], [ 85.8938536, 21.9843914 ], [ 85.8957663, 21.9844133 ], [ 85.89636, 21.9832377 ], [ 85.8987107, 21.9831639 ], [ 85.9000894, 21.9795824 ], [ 85.9023809, 21.9781976 ], [ 85.9020001, 21.9760812 ], [ 85.9034711, 21.9730739 ], [ 85.9068931, 21.9701292 ], [ 85.9112794, 21.9734059 ], [ 85.90656, 21.9769472 ], [ 85.9118913, 21.980167 ], [ 85.910622, 21.981509 ], [ 85.9114233, 21.9843915 ], [ 85.9095324, 21.9878478 ], [ 85.9122071, 21.997188 ], [ 85.9143701, 22.0018997 ], [ 85.9161313, 22.0027695 ], [ 85.9161535, 22.0087768 ], [ 85.9229547, 22.0112381 ], [ 85.9308803, 22.0233406 ], [ 85.9362994, 22.0228971 ], [ 85.9435942, 22.0203562 ], [ 85.9650388, 22.0523676 ], [ 85.9687715, 22.0607968 ], [ 85.9804378, 22.0752105 ], [ 85.9864165, 22.0889695 ], [ 85.9925067, 22.0946801 ], [ 86.0038054, 22.1138597 ], [ 86.0073843, 22.1170929 ], [ 86.0070145, 22.1186715 ], [ 85.9971661, 22.1280241 ], [ 85.9967615, 22.132448 ], [ 85.9987742, 22.1330205 ], [ 85.9994728, 22.1356941 ], [ 86.0035131, 22.1395671 ], [ 86.0055137, 22.150862 ], [ 86.0152618, 22.1616574 ], [ 86.0172292, 22.1716196 ], [ 86.031432, 22.190851 ], [ 86.0310822, 22.1930666 ], [ 86.0183673, 22.2053301 ], [ 86.0028634, 22.2138311 ], [ 85.9913134, 22.2267634 ], [ 85.9856744, 22.2371392 ], [ 85.9809217, 22.2389116 ], [ 85.9738759, 22.2470785 ], [ 85.9897035, 22.2544088 ], [ 85.9906412, 22.2569395 ], [ 85.9877143, 22.2631542 ], [ 85.9883225, 22.2669745 ], [ 85.9906069, 22.2698433 ], [ 85.994023, 22.2712285 ], [ 85.9987068, 22.277242 ], [ 86.004097, 22.2801793 ], [ 86.0070406, 22.2846101 ], [ 86.0061086, 22.2873912 ], [ 86.014251, 22.2972871 ], [ 86.0189811, 22.3003781 ], [ 86.0221773, 22.300027 ], [ 86.024965, 22.3025957 ], [ 86.0288175, 22.3006992 ], [ 86.029418, 22.3030018 ], [ 86.0328914, 22.3032935 ], [ 86.0340995, 22.3061868 ], [ 86.0405787, 22.3063201 ], [ 86.0472059, 22.3089563 ], [ 86.0471647, 22.3114492 ], [ 86.0440805, 22.311002 ], [ 86.0406726, 22.3124588 ], [ 86.0381483, 22.3103572 ], [ 86.0323562, 22.311217 ], [ 86.0289148, 22.307687 ], [ 86.0273455, 22.3093036 ], [ 86.0225663, 22.3089994 ], [ 86.0160485, 22.3143709 ], [ 86.0137033, 22.3130694 ], [ 86.0130578, 22.3178892 ], [ 86.0107479, 22.3184759 ], [ 86.0119344, 22.3223177 ], [ 86.0220652, 22.3321486 ], [ 86.0267119, 22.334864 ], [ 86.0195606, 22.3390259 ], [ 86.0187743, 22.3382939 ], [ 86.0107525, 22.3412261 ], [ 86.0082929, 22.3409536 ], [ 86.0094873, 22.3395743 ], [ 86.0078251, 22.337762 ], [ 86.0033829, 22.3356842 ], [ 86.0003836, 22.3378878 ], [ 85.9980567, 22.3418391 ], [ 85.9982127, 22.3451463 ], [ 86.004142, 22.3470572 ], [ 86.0075335, 22.3515133 ], [ 86.0108006, 22.3522921 ], [ 86.0146722, 22.3596507 ], [ 86.0191891, 22.3608976 ], [ 86.019297, 22.3628178 ], [ 86.0218776, 22.365295 ], [ 86.0201327, 22.3717657 ], [ 86.0210634, 22.3761841 ], [ 86.0221803, 22.3768864 ], [ 86.02475, 22.3753934 ], [ 86.0247831, 22.3790069 ], [ 86.0271277, 22.3805611 ], [ 86.0252076, 22.3836118 ], [ 86.0271953, 22.3862118 ], [ 86.0233902, 22.3900099 ], [ 86.0239496, 22.3926691 ], [ 86.0226747, 22.3937137 ], [ 86.0243717, 22.3962217 ], [ 86.0208723, 22.3972393 ], [ 86.0203375, 22.4007861 ], [ 86.0183293, 22.4024677 ], [ 86.0192465, 22.4074324 ], [ 86.0178829, 22.4100122 ], [ 86.0177952, 22.4169581 ], [ 86.0150015, 22.4287294 ], [ 86.0106868, 22.430189 ], [ 86.0027465, 22.4263688 ], [ 85.9846132, 22.435447 ], [ 85.9728813, 22.4471699 ], [ 85.9656364, 22.4511524 ], [ 85.9678847, 22.4611935 ], [ 85.9603464, 22.4613889 ], [ 85.9571234, 22.4648187 ], [ 85.9625989, 22.472794 ], [ 85.9627403, 22.4851205 ], [ 85.9683888, 22.4862949 ], [ 85.9723294, 22.4916947 ], [ 85.9709604, 22.4973948 ], [ 85.9735297, 22.4996242 ], [ 85.9734034, 22.505855 ], [ 85.9781482, 22.5084211 ], [ 85.9800068, 22.5113594 ], [ 85.98179, 22.5109202 ], [ 85.9851371, 22.5154783 ], [ 85.9885098, 22.515336 ], [ 85.9896141, 22.5166899 ], [ 85.9938742, 22.5144021 ], [ 86.001026, 22.5145751 ], [ 86.0040949, 22.5177557 ], [ 86.0209109, 22.5273164 ], [ 86.0265298, 22.5240218 ], [ 86.0323889, 22.5308681 ], [ 86.0338368, 22.53449 ], [ 86.0240271, 22.5446246 ], [ 86.0321669, 22.5550301 ], [ 86.0454436, 22.5675074 ] ] ] ] } }
]
}
