{
"type": "FeatureCollection",
"name": "22",
"crs": { "type": "name", "properties": { "name": "urn:ogc:def:crs:OGC:1.3:CRS84" } },
"features": [
{ "type": "Feature", "properties": { "code": "22", "name": "CHHATTISGARH", "type": "state" }, "geometry": { "type": "Polygon", "coordinates": [ [ [ 83.3362107, 24.0988204 ], [ 83.349341, 24.0963009 ], [ 83.3544944, 24.1001994 ], [ 83.3642422, 24.1032854 ], [ 83.3882891, 24.0999615 ], [ 83.4011069, 24.092031 ], [ 83.4030158, 24.0857391 ], [ 83.4066442, 24.0804442 ], [ 83.4212247, 24.0827205 ], [ 83.4267148, 24.0864797 ], [ 83.4322474, 24.0859808 ], [ 83.4347228, 24.0835447 ], [ 83.4377313, 24.0762185 ], [ 83.4386181, 24.0713594 ], [ 83.4367974, 24.0628474 ], [ 83.4377735, 24.0581674 ], [ 83.4420461, 24.0538405 ], [ 83.4448688, 24.0528197 ], [ 83.4528894, 24.0419904 ], [ 83.4778092, 24.0411945 ], [ 83.4935334, 24.0363084 ], [ 83.4997501, 24.0325589 ], [ 83.5082628, 24.0311578 ], [ 83.5159438, 24.0269605 ], [ 83.5161688, 24.0224509 ], [ 83.5218259, 24.0159631 ], [ 83.5239034, 24.0113779 ], [ 83.5229294, 24.0063618 ], [ 83.515214, 23.9993069 ], [ 83.5138012, 23.9963519 ], [ 83.5154946, 23.9899855 ], [ 83.5153032, 23.9806894 ], [ 83.5175325, 23.9759229 ], [ 83.5226015, 23.9703275 ], [ 83.5264876, 23.9605013 ], [ 83.535361, 23.9524566 ], [ 83.5413733, 23.9434447 ], [ 83.5473902, 23.9375448 ], [ 83.5492422, 23.931019 ], [ 83.5469193, 23.9143045 ], [ 83.5534441, 23.8980682 ], [ 83.5555618, 23.8948047 ], [ 83.5591542, 23.8929005 ], [ 83.5628528, 23.8925502 ], [ 83.5704262, 23.8944514 ], [ 83.5763343, 23.8929142 ], [ 83.5805734, 23.8910328 ], [ 83.5857579, 23.8864027 ], [ 83.5860341, 23.8826107 ], [ 83.5835315, 23.8777827 ], [ 83.5813622, 23.8755874 ], [ 83.5744186, 23.8732678 ], [ 83.5694865, 23.8690801 ], [ 83.5689351, 23.8661809 ], [ 83.5711901, 23.8621354 ], [ 83.5746575, 23.8612113 ], [ 83.5824152, 23.8635129 ], [ 83.5896991, 23.8633136 ], [ 83.6102878, 23.8539709 ], [ 83.6180859, 23.8554866 ], [ 83.6433793, 23.8469281 ], [ 83.6463356, 23.846776 ], [ 83.6546419, 23.8498978 ], [ 83.6594941, 23.8492635 ], [ 83.6665566, 23.8442829 ], [ 83.6684876, 23.8366649 ], [ 83.6633508, 23.8311946 ], [ 83.6644908, 23.8276555 ], [ 83.67434, 23.8271738 ], [ 83.6786873, 23.8216828 ], [ 83.6828158, 23.8193808 ], [ 83.6852828, 23.8203271 ], [ 83.688729, 23.82558 ], [ 83.6914931, 23.8264152 ], [ 83.7025941, 23.8229721 ], [ 83.705347, 23.8207573 ], [ 83.7076381, 23.8174139 ], [ 83.7072153, 23.8131824 ], [ 83.7043903, 23.8066078 ], [ 83.705136, 23.803872 ], [ 83.7126592, 23.8006762 ], [ 83.7226227, 23.7865785 ], [ 83.7215894, 23.771489 ], [ 83.7243057, 23.7687227 ], [ 83.7341117, 23.7646988 ], [ 83.737736, 23.7604897 ], [ 83.7394762, 23.7343156 ], [ 83.746068, 23.7194949 ], [ 83.7421159, 23.7038294 ], [ 83.7350702, 23.7003065 ], [ 83.7321158, 23.6950019 ], [ 83.7230224, 23.6887645 ], [ 83.7228596, 23.6858647 ], [ 83.7300066, 23.6758384 ], [ 83.7388528, 23.6667676 ], [ 83.7462345, 23.662989 ], [ 83.7611238, 23.651463 ], [ 83.760575, 23.6478966 ], [ 83.753213, 23.6433935 ], [ 83.751794, 23.6413607 ], [ 83.7519193, 23.6386656 ], [ 83.7553863, 23.6346959 ], [ 83.7566576, 23.6300035 ], [ 83.759449, 23.6260107 ], [ 83.7723522, 23.6237804 ], [ 83.7751391, 23.6219435 ], [ 83.7763718, 23.617593 ], [ 83.7724817, 23.6108983 ], [ 83.7796636, 23.6071135 ], [ 83.7898699, 23.6045639 ], [ 83.7942852, 23.6049981 ], [ 83.8006439, 23.6020163 ], [ 83.8043788, 23.5953711 ], [ 83.8054186, 23.5888235 ], [ 83.8072235, 23.5874711 ], [ 83.8120535, 23.5889509 ], [ 83.8152899, 23.5960194 ], [ 83.8258746, 23.5907139 ], [ 83.8386048, 23.5893945 ], [ 83.844682, 23.5866488 ], [ 83.8530531, 23.5870533 ], [ 83.8880646, 23.5787622 ], [ 83.8944542, 23.582653 ], [ 83.8993944, 23.5824088 ], [ 83.900172, 23.5801504 ], [ 83.9085657, 23.5762479 ], [ 83.9187939, 23.5763609 ], [ 83.9376938, 23.5689921 ], [ 83.9398044, 23.5708565 ], [ 83.9380349, 23.5842493 ], [ 83.9391182, 23.5903077 ], [ 83.9329906, 23.6007538 ], [ 83.9338161, 23.6073575 ], [ 83.9306509, 23.6112384 ], [ 83.9305568, 23.6182586 ], [ 83.9319061, 23.6204135 ], [ 83.9425202, 23.6259923 ], [ 83.9477535, 23.6267 ], [ 83.9613438, 23.6251801 ], [ 83.9693501, 23.6266903 ], [ 83.9727469, 23.6259174 ], [ 83.9734862, 23.6240098 ], [ 83.9755038, 23.6257095 ], [ 83.9804493, 23.6248854 ], [ 83.9795093, 23.6287204 ], [ 83.9806499, 23.6336518 ], [ 83.9873611, 23.6322934 ], [ 83.9971355, 23.6344773 ], [ 84.0165933, 23.6343789 ], [ 84.013931, 23.6302101 ], [ 84.0086999, 23.6278541 ], [ 84.0077051, 23.6222959 ], [ 84.0110875, 23.6206055 ], [ 84.0159845, 23.611959 ], [ 84.0167272, 23.60842 ], [ 84.0212964, 23.6044638 ], [ 84.0285095, 23.6023285 ], [ 84.0300593, 23.5999954 ], [ 84.0281483, 23.5937099 ], [ 84.0297706, 23.5857607 ], [ 84.02842, 23.5838592 ], [ 84.0292066, 23.579932 ], [ 84.0280522, 23.5777687 ], [ 84.0295396, 23.5664018 ], [ 84.0264416, 23.5567656 ], [ 84.0243759, 23.5555634 ], [ 84.0265375, 23.5529463 ], [ 84.028056, 23.5456019 ], [ 84.0213144, 23.5311462 ], [ 84.0215865, 23.5276746 ], [ 84.0174679, 23.5226064 ], [ 84.0185835, 23.5173973 ], [ 84.0151633, 23.5089976 ], [ 84.0146489, 23.5034984 ], [ 84.0073621, 23.4976756 ], [ 84.0007831, 23.4969293 ], [ 84.0011263, 23.4937047 ], [ 83.9985204, 23.48678 ], [ 83.9889092, 23.4787398 ], [ 83.98482, 23.4657092 ], [ 83.9739431, 23.4598519 ], [ 83.9748322, 23.4512418 ], [ 83.9786852, 23.4473746 ], [ 83.9853053, 23.4350404 ], [ 83.9833158, 23.4313894 ], [ 83.9861627, 23.4305657 ], [ 83.9836413, 23.4285314 ], [ 83.9841238, 23.4262601 ], [ 83.9857624, 23.4258301 ], [ 83.9804751, 23.4215222 ], [ 83.9809038, 23.4192871 ], [ 83.9781406, 23.4141512 ], [ 83.9801647, 23.41266 ], [ 83.977189, 23.4108697 ], [ 83.9750943, 23.4031328 ], [ 83.972154, 23.4026741 ], [ 83.9714777, 23.4008777 ], [ 83.9728368, 23.3998881 ], [ 83.9716723, 23.3995096 ], [ 83.9703282, 23.3940973 ], [ 83.9688016, 23.3934887 ], [ 83.9688927, 23.390816 ], [ 83.9674988, 23.3910064 ], [ 83.9684758, 23.3891864 ], [ 83.9670024, 23.3875845 ], [ 83.9691392, 23.3866668 ], [ 83.9679498, 23.3854124 ], [ 83.9699393, 23.3838265 ], [ 83.9688189, 23.3834073 ], [ 83.9707478, 23.3791442 ], [ 83.9802565, 23.3681086 ], [ 83.9802782, 23.3645915 ], [ 83.9881654, 23.3629286 ], [ 83.9915265, 23.3601875 ], [ 83.9995602, 23.3573755 ], [ 84.002599, 23.3573469 ], [ 84.0048035, 23.3540094 ], [ 84.0118918, 23.3544739 ], [ 84.0162969, 23.3696075 ], [ 84.0238615, 23.3765033 ], [ 84.0364164, 23.3785196 ], [ 84.0508371, 23.3747685 ], [ 84.0482195, 23.3696953 ], [ 84.0523582, 23.3672629 ], [ 84.0534981, 23.3648209 ], [ 84.0520543, 23.3592826 ], [ 84.0543267, 23.352395 ], [ 84.0601577, 23.3501981 ], [ 84.0665836, 23.3440547 ], [ 84.0687229, 23.3382422 ], [ 84.0748205, 23.3331217 ], [ 84.0742825, 23.3291737 ], [ 84.0621862, 23.3076616 ], [ 84.0681196, 23.2937848 ], [ 84.0664537, 23.2908559 ], [ 84.0624836, 23.288435 ], [ 84.0645963, 23.2747239 ], [ 84.0627547, 23.2710211 ], [ 84.0598544, 23.2687886 ], [ 84.0537342, 23.2472989 ], [ 84.0538284, 23.2437466 ], [ 84.0590805, 23.2359866 ], [ 84.0557591, 23.2202827 ], [ 84.0631663, 23.2056496 ], [ 84.0622017, 23.2026146 ], [ 84.058434, 23.1999383 ], [ 84.0565327, 23.1931697 ], [ 84.0429353, 23.1826485 ], [ 84.0400325, 23.1742356 ], [ 84.0323943, 23.1604848 ], [ 84.032477, 23.1541501 ], [ 84.0366902, 23.1481705 ], [ 84.037469, 23.1398786 ], [ 84.0399825, 23.1371728 ], [ 84.0448487, 23.1348026 ], [ 84.0492056, 23.1345099 ], [ 84.0582994, 23.1261735 ], [ 84.0625855, 23.1134089 ], [ 84.0664033, 23.1106679 ], [ 84.0724052, 23.1090036 ], [ 84.0820468, 23.1121512 ], [ 84.093171, 23.1127814 ], [ 84.0932252, 23.1104504 ], [ 84.105658, 23.105088 ], [ 84.1089807, 23.0983047 ], [ 84.1129662, 23.0968848 ], [ 84.1140776, 23.0917239 ], [ 84.1157444, 23.0900275 ], [ 84.1221146, 23.087968 ], [ 84.1261718, 23.0893325 ], [ 84.1334605, 23.0830897 ], [ 84.1344267, 23.079407 ], [ 84.1327963, 23.0742025 ], [ 84.1338936, 23.068629 ], [ 84.126894, 23.05782 ], [ 84.1247312, 23.0478529 ], [ 84.1269721, 23.0441948 ], [ 84.1255495, 23.0364782 ], [ 84.131216, 23.0223474 ], [ 84.1339502, 23.020209 ], [ 84.1345913, 23.0173313 ], [ 84.1402035, 23.0095709 ], [ 84.1381808, 23.0040234 ], [ 84.1473213, 22.9880084 ], [ 84.1462984, 22.9770698 ], [ 84.1492484, 22.9656739 ], [ 84.1552586, 22.9660915 ], [ 84.1646639, 22.9695868 ], [ 84.1717816, 22.9707588 ], [ 84.1755135, 22.9760089 ], [ 84.1780793, 22.9811162 ], [ 84.1760974, 22.9849232 ], [ 84.1749961, 22.9971125 ], [ 84.1786863, 23.0005456 ], [ 84.1752408, 23.0095418 ], [ 84.1781223, 23.0120281 ], [ 84.1802398, 23.0244433 ], [ 84.184961, 23.0256994 ], [ 84.1858018, 23.0270917 ], [ 84.1967427, 23.0242103 ], [ 84.2016724, 23.0210664 ], [ 84.2034493, 23.0144564 ], [ 84.2013816, 23.0105622 ], [ 84.2008472, 23.0053429 ], [ 84.2076776, 22.9998997 ], [ 84.2165599, 22.9890358 ], [ 84.2191757, 22.9791308 ], [ 84.2303497, 22.9833294 ], [ 84.2339314, 22.9824152 ], [ 84.2410359, 22.9836137 ], [ 84.244403, 22.9780362 ], [ 84.2488124, 22.9738232 ], [ 84.253025, 22.9729269 ], [ 84.2611019, 22.977146 ], [ 84.2628979, 22.9808408 ], [ 84.267127, 22.9832021 ], [ 84.2705476, 22.9892215 ], [ 84.2742218, 22.9901979 ], [ 84.2747931, 22.9920713 ], [ 84.2770218, 22.9933919 ], [ 84.2785348, 22.992877 ], [ 84.2767139, 22.9906677 ], [ 84.2785253, 22.9870404 ], [ 84.276065, 22.9842079 ], [ 84.2741734, 22.984278 ], [ 84.2738469, 22.982094 ], [ 84.2770771, 22.9717633 ], [ 84.2791277, 22.9709971 ], [ 84.2787751, 22.9669077 ], [ 84.2810911, 22.9636879 ], [ 84.2905494, 22.9639526 ], [ 84.302053, 22.9671534 ], [ 84.3076339, 22.9674342 ], [ 84.3107816, 22.9690149 ], [ 84.3129149, 22.9718561 ], [ 84.3189819, 22.973607 ], [ 84.3192832, 22.9772087 ], [ 84.3281069, 22.9819008 ], [ 84.3395522, 22.9799889 ], [ 84.343758, 22.9761406 ], [ 84.3481012, 22.9764214 ], [ 84.3510716, 22.9781247 ], [ 84.3649993, 22.9742334 ], [ 84.3728955, 22.9783759 ], [ 84.3753222, 22.9768891 ], [ 84.377343, 22.9752451 ], [ 84.3814924, 22.9665051 ], [ 84.3845655, 22.9506766 ], [ 84.3936827, 22.9424509 ], [ 84.3955505, 22.9287322 ], [ 84.3948529, 22.9231515 ], [ 84.3928345, 22.919431 ], [ 84.38789, 22.9142089 ], [ 84.381359, 22.9126766 ], [ 84.3775438, 22.9096318 ], [ 84.3751878, 22.9045037 ], [ 84.3756788, 22.9006939 ], [ 84.3814656, 22.8974232 ], [ 84.3828851, 22.8952567 ], [ 84.3826079, 22.8902543 ], [ 84.3791875, 22.8837737 ], [ 84.3809203, 22.8790171 ], [ 84.3805139, 22.8766671 ], [ 84.3733566, 22.8715929 ], [ 84.3726008, 22.8653223 ], [ 84.3697042, 22.8635838 ], [ 84.3594498, 22.8605212 ], [ 84.3519938, 22.864986 ], [ 84.3492405, 22.8609824 ], [ 84.3442253, 22.8589835 ], [ 84.3380259, 22.8596667 ], [ 84.3347772, 22.8615475 ], [ 84.3242193, 22.8509423 ], [ 84.3217448, 22.8377449 ], [ 84.3251976, 22.8376467 ], [ 84.3253276, 22.8349776 ], [ 84.3228442, 22.8270016 ], [ 84.3224281, 22.821025 ], [ 84.3157251, 22.8119205 ], [ 84.315098, 22.8006529 ], [ 84.3075005, 22.8007673 ], [ 84.3057784, 22.7970712 ], [ 84.2993385, 22.7958872 ], [ 84.2979398, 22.7942737 ], [ 84.2911448, 22.7833828 ], [ 84.2921323, 22.7747011 ], [ 84.2898594, 22.7713747 ], [ 84.2893595, 22.7661171 ], [ 84.2873998, 22.7640133 ], [ 84.2853379, 22.7632281 ], [ 84.2794475, 22.7676619 ], [ 84.2759547, 22.768705 ], [ 84.2596454, 22.7669872 ], [ 84.2555668, 22.7601011 ], [ 84.2478178, 22.7548138 ], [ 84.2416547, 22.7474759 ], [ 84.237599, 22.7456994 ], [ 84.2312652, 22.7399617 ], [ 84.2300431, 22.7371611 ], [ 84.2298491, 22.728065 ], [ 84.232087, 22.725553 ], [ 84.234127, 22.7105356 ], [ 84.2344343, 22.7048928 ], [ 84.2329291, 22.7003329 ], [ 84.2382026, 22.6914543 ], [ 84.2347494, 22.6861089 ], [ 84.2332074, 22.6792404 ], [ 84.2241214, 22.6698874 ], [ 84.2175442, 22.6658184 ], [ 84.2131888, 22.6657644 ], [ 84.2130819, 22.6677096 ], [ 84.2079017, 22.6683782 ], [ 84.200188, 22.6664572 ], [ 84.1880299, 22.6552275 ], [ 84.1801338, 22.6511059 ], [ 84.1726829, 22.6497012 ], [ 84.1632753, 22.6454279 ], [ 84.1562723, 22.6385335 ], [ 84.1524675, 22.6368006 ], [ 84.139794, 22.6382318 ], [ 84.1234765, 22.637049 ], [ 84.1108052, 22.6397549 ], [ 84.1045627, 22.6371769 ], [ 84.0934323, 22.6349406 ], [ 84.0840162, 22.6381164 ], [ 84.0695976, 22.6204298 ], [ 84.0637473, 22.6085925 ], [ 84.05766, 22.6057724 ], [ 84.0541257, 22.5981072 ], [ 84.0488493, 22.5952999 ], [ 84.0418255, 22.5953735 ], [ 84.0342248, 22.5923129 ], [ 84.0244333, 22.5918032 ], [ 84.0241735, 22.5858088 ], [ 84.0095054, 22.5730486 ], [ 84.0076167, 22.5611921 ], [ 84.0076505, 22.5524605 ], [ 84.0028459, 22.5459039 ], [ 84.0100169, 22.5316823 ], [ 84.0097005, 22.5284189 ], [ 84.0123277, 22.5275271 ], [ 84.0076816, 22.5261235 ], [ 84.0043889, 22.5275709 ], [ 84.0029214, 22.5303334 ], [ 83.9976058, 22.5310282 ], [ 83.9948912, 22.5280999 ], [ 83.9867287, 22.5255411 ], [ 83.9809129, 22.5215491 ], [ 83.9809886, 22.5161521 ], [ 83.9773168, 22.5156635 ], [ 83.9746607, 22.511886 ], [ 83.9804794, 22.5075703 ], [ 83.9802275, 22.5022153 ], [ 83.9978478, 22.4976164 ], [ 84.0028664, 22.4933151 ], [ 84.0174232, 22.4892498 ], [ 84.0266018, 22.4753236 ], [ 84.0407454, 22.4731041 ], [ 84.0472472, 22.4692209 ], [ 84.0454212, 22.462604 ], [ 84.0463951, 22.4553524 ], [ 84.0448942, 22.4528619 ], [ 84.0472467, 22.4382331 ], [ 84.0417188, 22.434985 ], [ 84.0387936, 22.429697 ], [ 84.0303365, 22.4266392 ], [ 84.0311561, 22.4218016 ], [ 84.0302725, 22.4200835 ], [ 84.0277577, 22.4169636 ], [ 84.0246846, 22.4155006 ], [ 84.0234686, 22.4094481 ], [ 84.0200596, 22.4085553 ], [ 84.0133856, 22.3974205 ], [ 84.013182, 22.3942704 ], [ 84.0063791, 22.3822049 ], [ 84.0102923, 22.3715844 ], [ 84.0057827, 22.3736814 ], [ 83.9966706, 22.3719869 ], [ 83.9928429, 22.369763 ], [ 83.9825257, 22.3673283 ], [ 83.9702461, 22.3588047 ], [ 83.9579961, 22.3619367 ], [ 83.9549892, 22.3616635 ], [ 83.9482167, 22.3563193 ], [ 83.9432938, 22.3547103 ], [ 83.932691, 22.3539591 ], [ 83.9232838, 22.3584102 ], [ 83.9065249, 22.351286 ], [ 83.9025152, 22.3465931 ], [ 83.901317, 22.3393594 ], [ 83.8903348, 22.3365451 ], [ 83.8828809, 22.3367132 ], [ 83.8792096, 22.3353836 ], [ 83.8720651, 22.3377771 ], [ 83.8693196, 22.3412526 ], [ 83.8642639, 22.3432754 ], [ 83.8639854, 22.3416321 ], [ 83.8604125, 22.3404663 ], [ 83.8602375, 22.3387529 ], [ 83.854306, 22.337645 ], [ 83.8549337, 22.3345347 ], [ 83.8528811, 22.3302578 ], [ 83.8528787, 22.3271219 ], [ 83.8502877, 22.325226 ], [ 83.8352373, 22.3222794 ], [ 83.8305562, 22.3234016 ], [ 83.8281479, 22.3175247 ], [ 83.821984, 22.3115337 ], [ 83.8260049, 22.305503 ], [ 83.8228516, 22.3012766 ], [ 83.8272667, 22.2938729 ], [ 83.8263594, 22.2928219 ], [ 83.8198484, 22.291291 ], [ 83.8190584, 22.2895654 ], [ 83.816905, 22.2908768 ], [ 83.8118375, 22.2904839 ], [ 83.8092637, 22.2889534 ], [ 83.8027783, 22.2901522 ], [ 83.7948451, 22.2859482 ], [ 83.7960396, 22.2824705 ], [ 83.7922251, 22.2764752 ], [ 83.7858027, 22.2740921 ], [ 83.7797539, 22.2738277 ], [ 83.7766453, 22.2698542 ], [ 83.7767905, 22.2662745 ], [ 83.7747211, 22.2647715 ], [ 83.7752385, 22.2616595 ], [ 83.7767251, 22.261301 ], [ 83.7755797, 22.2573437 ], [ 83.7728932, 22.2557067 ], [ 83.7664531, 22.2556281 ], [ 83.7626476, 22.25206 ], [ 83.7597106, 22.2512074 ], [ 83.7576766, 22.2471376 ], [ 83.7577508, 22.2403395 ], [ 83.7443614, 22.2396341 ], [ 83.729491, 22.2428229 ], [ 83.7282072, 22.2413353 ], [ 83.7212029, 22.2430438 ], [ 83.7130634, 22.242717 ], [ 83.7051638, 22.2468476 ], [ 83.691473, 22.2441239 ], [ 83.6910456, 22.2427255 ], [ 83.6657659, 22.2327295 ], [ 83.6644731, 22.2287914 ], [ 83.655309, 22.2200399 ], [ 83.6495128, 22.2233404 ], [ 83.6272549, 22.2037825 ], [ 83.6133317, 22.177701 ], [ 83.6081548, 22.154368 ], [ 83.5936934, 22.1402928 ], [ 83.5832105, 22.1250684 ], [ 83.5759177, 22.1209003 ], [ 83.5643489, 22.105995 ], [ 83.5618143, 22.0989175 ], [ 83.5628435, 22.0962008 ], [ 83.5769373, 22.0903208 ], [ 83.5935796, 22.074211 ], [ 83.6064242, 22.0665877 ], [ 83.6034022, 22.0638314 ], [ 83.6015195, 22.058771 ], [ 83.5961684, 22.0578883 ], [ 83.5932088, 22.0551693 ], [ 83.589877, 22.0544502 ], [ 83.5867088, 22.0487312 ], [ 83.5830724, 22.0502253 ], [ 83.5817771, 22.0545833 ], [ 83.5599852, 22.0539593 ], [ 83.5582165, 22.0548515 ], [ 83.55035, 22.0533503 ], [ 83.5468977, 22.0570038 ], [ 83.5485435, 22.0583874 ], [ 83.5478086, 22.0591524 ], [ 83.5437383, 22.0569686 ], [ 83.5367206, 22.0434846 ], [ 83.5364684, 22.0296025 ], [ 83.539787, 22.0216743 ], [ 83.5561517, 22.0078175 ], [ 83.5530545, 22.0032545 ], [ 83.5433074, 21.9938505 ], [ 83.5435457, 21.9876164 ], [ 83.5371581, 21.9779581 ], [ 83.5390108, 21.9659882 ], [ 83.5420404, 21.9621137 ], [ 83.5616915, 21.948009 ], [ 83.5591467, 21.9450458 ], [ 83.5567208, 21.9353451 ], [ 83.5903558, 21.9297038 ], [ 83.5998695, 21.9220735 ], [ 83.6015654, 21.9180616 ], [ 83.6059233, 21.9141184 ], [ 83.6029364, 21.9085752 ], [ 83.598792, 21.9053629 ], [ 83.5970025, 21.9060026 ], [ 83.5946997, 21.9034285 ], [ 83.5859657, 21.902133 ], [ 83.5852322, 21.8996409 ], [ 83.5870847, 21.8945318 ], [ 83.5815453, 21.889851 ], [ 83.5778339, 21.8892008 ], [ 83.5808082, 21.883267 ], [ 83.5764355, 21.882373 ], [ 83.5759812, 21.8781272 ], [ 83.5742166, 21.8751038 ], [ 83.5908875, 21.8511013 ], [ 83.5870807, 21.8435197 ], [ 83.5814526, 21.8381743 ], [ 83.5779116, 21.8375188 ], [ 83.578853, 21.8324474 ], [ 83.5769131, 21.8312995 ], [ 83.568481, 21.8331735 ], [ 83.5631849, 21.8373999 ], [ 83.5517703, 21.8407141 ], [ 83.541631, 21.8382571 ], [ 83.5318711, 21.830959 ], [ 83.5305616, 21.8285278 ], [ 83.5311936, 21.8262521 ], [ 83.540102, 21.8220434 ], [ 83.5374058, 21.8130791 ], [ 83.5394568, 21.8087726 ], [ 83.5427337, 21.8057293 ], [ 83.5410446, 21.7993137 ], [ 83.5287033, 21.7995483 ], [ 83.525868, 21.7982961 ], [ 83.5225917, 21.7994476 ], [ 83.5059279, 21.8079625 ], [ 83.4929061, 21.8183664 ], [ 83.4920756, 21.8175934 ], [ 83.4936278, 21.8156559 ], [ 83.4937364, 21.8129955 ], [ 83.487803, 21.8073066 ], [ 83.4871222, 21.8003605 ], [ 83.4836513, 21.7941875 ], [ 83.4776143, 21.7908292 ], [ 83.4754658, 21.7912587 ], [ 83.4722462, 21.7875943 ], [ 83.4693942, 21.787562 ], [ 83.4761656, 21.780784 ], [ 83.4821777, 21.7655979 ], [ 83.4760548, 21.752377 ], [ 83.4874436, 21.7489513 ], [ 83.4893152, 21.7453929 ], [ 83.4851991, 21.7451658 ], [ 83.4801793, 21.7339553 ], [ 83.4812953, 21.7311261 ], [ 83.4778403, 21.7305416 ], [ 83.473356, 21.7206363 ], [ 83.461062, 21.7090865 ], [ 83.4592973, 21.6984904 ], [ 83.4516952, 21.6954248 ], [ 83.4407693, 21.6988997 ], [ 83.4316465, 21.6999052 ], [ 83.4288236, 21.694624 ], [ 83.4256434, 21.6936503 ], [ 83.424217, 21.6915448 ], [ 83.4228675, 21.6888377 ], [ 83.4234422, 21.6873222 ], [ 83.4221564, 21.6870469 ], [ 83.4188271, 21.6806082 ], [ 83.431273, 21.6742097 ], [ 83.4424826, 21.6612872 ], [ 83.4481329, 21.657538 ], [ 83.4697623, 21.6487261 ], [ 83.4866126, 21.6441297 ], [ 83.4871444, 21.6398983 ], [ 83.491929, 21.6381835 ], [ 83.4895496, 21.634865 ], [ 83.489612, 21.6314647 ], [ 83.4861942, 21.6300894 ], [ 83.4735562, 21.6324946 ], [ 83.4734883, 21.6273671 ], [ 83.4698646, 21.6215433 ], [ 83.46838, 21.6137239 ], [ 83.4662671, 21.6095522 ], [ 83.4606036, 21.6077988 ], [ 83.4592026, 21.6094537 ], [ 83.4561078, 21.6099961 ], [ 83.4556289, 21.6116599 ], [ 83.4522652, 21.6128699 ], [ 83.4524695, 21.6224149 ], [ 83.4439748, 21.6240027 ], [ 83.4446284, 21.6304262 ], [ 83.4429713, 21.6316559 ], [ 83.4443818, 21.6392873 ], [ 83.4481474, 21.6441164 ], [ 83.4507559, 21.6507457 ], [ 83.4426491, 21.6554068 ], [ 83.4288407, 21.6472259 ], [ 83.4275715, 21.6435246 ], [ 83.4150436, 21.6407999 ], [ 83.4090736, 21.6371982 ], [ 83.4034651, 21.6309365 ], [ 83.3989354, 21.6297243 ], [ 83.3955892, 21.6270864 ], [ 83.3924639, 21.627294 ], [ 83.3894331, 21.6176945 ], [ 83.3874452, 21.6174792 ], [ 83.3843592, 21.6203632 ], [ 83.3826848, 21.6201299 ], [ 83.3830424, 21.6142557 ], [ 83.3801369, 21.6081258 ], [ 83.3696571, 21.6005058 ], [ 83.3705365, 21.5955136 ], [ 83.3694545, 21.5931046 ], [ 83.3705058, 21.5912612 ], [ 83.3677375, 21.5917159 ], [ 83.3689289, 21.5889812 ], [ 83.3669361, 21.5866619 ], [ 83.3689461, 21.584999 ], [ 83.3654587, 21.5786242 ], [ 83.3664553, 21.5772783 ], [ 83.3649734, 21.5760758 ], [ 83.3677515, 21.5720949 ], [ 83.3668308, 21.5709793 ], [ 83.3674846, 21.5687398 ], [ 83.3698868, 21.5680555 ], [ 83.3692997, 21.566678 ], [ 83.3703835, 21.5668475 ], [ 83.3718643, 21.5644157 ], [ 83.370329, 21.5587491 ], [ 83.3721738, 21.5593726 ], [ 83.3731622, 21.5581624 ], [ 83.3697802, 21.5564588 ], [ 83.3699865, 21.5525236 ], [ 83.3659822, 21.5508107 ], [ 83.3676616, 21.5493241 ], [ 83.3662082, 21.5483831 ], [ 83.3661991, 21.5466316 ], [ 83.3645071, 21.5470438 ], [ 83.3642665, 21.5449977 ], [ 83.3614941, 21.5445493 ], [ 83.3601443, 21.5428483 ], [ 83.3599353, 21.5403727 ], [ 83.3613973, 21.5391646 ], [ 83.3586607, 21.5382417 ], [ 83.3570926, 21.5280832 ], [ 83.3519624, 21.5208327 ], [ 83.3496209, 21.5126489 ], [ 83.3432397, 21.5097543 ], [ 83.3378826, 21.5021002 ], [ 83.340613, 21.4951678 ], [ 83.3470601, 21.4889778 ], [ 83.3457428, 21.4796193 ], [ 83.34655, 21.4716032 ], [ 83.3514721, 21.4600303 ], [ 83.3543715, 21.4480705 ], [ 83.3668645, 21.4455512 ], [ 83.3736178, 21.4423899 ], [ 83.3712449, 21.4355115 ], [ 83.3742838, 21.4349764 ], [ 83.375731, 21.4323282 ], [ 83.3758692, 21.4280598 ], [ 83.3781541, 21.4268309 ], [ 83.3852922, 21.4153749 ], [ 83.3908835, 21.4114306 ], [ 83.3934649, 21.4077142 ], [ 83.3989271, 21.4053427 ], [ 83.3989903, 21.3962222 ], [ 83.3972032, 21.3880309 ], [ 83.4005094, 21.3758798 ], [ 83.3968698, 21.367557 ], [ 83.4006227, 21.3639051 ], [ 83.4080178, 21.3613659 ], [ 83.4086356, 21.3590635 ], [ 83.4068802, 21.3516258 ], [ 83.4026377, 21.3497543 ], [ 83.3999806, 21.3463928 ], [ 83.3943111, 21.3447672 ], [ 83.3918333, 21.3426354 ], [ 83.3854881, 21.3462968 ], [ 83.3822355, 21.3463159 ], [ 83.3788819, 21.344553 ], [ 83.3752155, 21.3464064 ], [ 83.3697652, 21.3467091 ], [ 83.3668632, 21.349364 ], [ 83.3574423, 21.3521197 ], [ 83.3546142, 21.3542857 ], [ 83.35125, 21.3548748 ], [ 83.3477188, 21.3537548 ], [ 83.3471807, 21.3562862 ], [ 83.3438497, 21.3583599 ], [ 83.3300299, 21.3618933 ], [ 83.3229721, 21.3623976 ], [ 83.3204312, 21.3638729 ], [ 83.3196523, 21.3658341 ], [ 83.3145705, 21.3675702 ], [ 83.3113683, 21.370838 ], [ 83.2860569, 21.3776051 ], [ 83.2840506, 21.3803279 ], [ 83.2724785, 21.3798304 ], [ 83.2687284, 21.3785899 ], [ 83.2742199, 21.3770709 ], [ 83.2746945, 21.3638263 ], [ 83.2721473, 21.3590028 ], [ 83.2686811, 21.3454864 ], [ 83.2578009, 21.335551 ], [ 83.2576939, 21.3335974 ], [ 83.2623546, 21.3330154 ], [ 83.2665283, 21.3308552 ], [ 83.2628329, 21.330273 ], [ 83.2573442, 21.3204994 ], [ 83.2581503, 21.3158697 ], [ 83.2620794, 21.3078343 ], [ 83.2673287, 21.3057861 ], [ 83.2720483, 21.3018845 ], [ 83.2762945, 21.3023012 ], [ 83.2770799, 21.2979336 ], [ 83.2792694, 21.2949557 ], [ 83.2785946, 21.2893165 ], [ 83.2749082, 21.2858086 ], [ 83.2709474, 21.2725697 ], [ 83.2677675, 21.2775566 ], [ 83.2558328, 21.2821192 ], [ 83.2505908, 21.2823834 ], [ 83.2462654, 21.2811589 ], [ 83.2393348, 21.2736252 ], [ 83.2379589, 21.269607 ], [ 83.2319077, 21.2727169 ], [ 83.2229542, 21.2657691 ], [ 83.2216741, 21.2600653 ], [ 83.2176463, 21.2548491 ], [ 83.2189158, 21.2418513 ], [ 83.222148, 21.2287237 ], [ 83.2188957, 21.2286086 ], [ 83.2175848, 21.2259663 ], [ 83.2185684, 21.2208874 ], [ 83.2170638, 21.2133312 ], [ 83.2127508, 21.2101995 ], [ 83.2105263, 21.205036 ], [ 83.2146203, 21.1947872 ], [ 83.2093266, 21.1894472 ], [ 83.2051147, 21.1794334 ], [ 83.2028449, 21.1776432 ], [ 83.202633, 21.1727695 ], [ 83.2046174, 21.1656954 ], [ 83.1985164, 21.1642577 ], [ 83.1976281, 21.1582143 ], [ 83.1983617, 21.1534592 ], [ 83.1965605, 21.1514281 ], [ 83.1982009, 21.1458259 ], [ 83.1925489, 21.1395146 ], [ 83.1776946, 21.1351099 ], [ 83.1742531, 21.13673 ], [ 83.1710444, 21.1361705 ], [ 83.1669147, 21.1387882 ], [ 83.164371, 21.1351882 ], [ 83.1573262, 21.1310675 ], [ 83.1556236, 21.1278064 ], [ 83.1478904, 21.1204951 ], [ 83.1474293, 21.1185593 ], [ 83.138933, 21.1133341 ], [ 83.140651, 21.1123371 ], [ 83.1386713, 21.1095128 ], [ 83.1314917, 21.1058148 ], [ 83.1240988, 21.1066978 ], [ 83.1223188, 21.1074064 ], [ 83.1215988, 21.1099035 ], [ 83.117016, 21.1104575 ], [ 83.113544, 21.1126637 ], [ 83.1012568, 21.1099916 ], [ 83.0966596, 21.110372 ], [ 83.0944195, 21.113276 ], [ 83.0901065, 21.1111347 ], [ 83.0848963, 21.112951 ], [ 83.0780315, 21.112009 ], [ 83.0772506, 21.1140653 ], [ 83.0749976, 21.1136549 ], [ 83.0685117, 21.1168545 ], [ 83.0661114, 21.1207581 ], [ 83.0593586, 21.1227867 ], [ 83.0560313, 21.1223122 ], [ 83.052332, 21.1262721 ], [ 83.0452504, 21.1240097 ], [ 83.0386517, 21.1317298 ], [ 83.0338319, 21.1319322 ], [ 83.0348153, 21.1366256 ], [ 83.0333758, 21.1373023 ], [ 83.0289084, 21.1351251 ], [ 83.0230367, 21.1365636 ], [ 83.0202954, 21.1434601 ], [ 83.0159971, 21.1463066 ], [ 83.0100506, 21.1447427 ], [ 83.0101272, 21.1425743 ], [ 83.0045836, 21.1369593 ], [ 83.0015501, 21.1368732 ], [ 82.9993584, 21.1389086 ], [ 82.99545, 21.1385347 ], [ 82.9937288, 21.1408399 ], [ 82.9903222, 21.1398595 ], [ 82.9857639, 21.1510398 ], [ 82.9923967, 21.1585572 ], [ 82.9933174, 21.161888 ], [ 82.9962464, 21.1641926 ], [ 83.0037643, 21.1669305 ], [ 83.0013533, 21.170567 ], [ 82.9965221, 21.1696848 ], [ 82.9931858, 21.1711106 ], [ 82.9878347, 21.169855 ], [ 82.9860735, 21.1681101 ], [ 82.9805627, 21.1700262 ], [ 82.9900027, 21.1818323 ], [ 82.9880851, 21.1828121 ], [ 82.9832527, 21.1800556 ], [ 82.9778699, 21.1825798 ], [ 82.9753413, 21.1821534 ], [ 82.9700063, 21.1788559 ], [ 82.9694505, 21.1765231 ], [ 82.965559, 21.1753311 ], [ 82.9651097, 21.1770298 ], [ 82.9674332, 21.1830718 ], [ 82.9649344, 21.1932749 ], [ 82.9609876, 21.1926615 ], [ 82.9591609, 21.1888759 ], [ 82.9490323, 21.1839038 ], [ 82.946894, 21.1820274 ], [ 82.9468266, 21.1798153 ], [ 82.9438448, 21.1778537 ], [ 82.9468182, 21.1754983 ], [ 82.9428585, 21.1716422 ], [ 82.9475701, 21.1645343 ], [ 82.9476833, 21.1617784 ], [ 82.9460123, 21.1624705 ], [ 82.9421418, 21.1606318 ], [ 82.9399842, 21.1609322 ], [ 82.9403113, 21.16497 ], [ 82.9376979, 21.1698455 ], [ 82.9349677, 21.1683323 ], [ 82.9338666, 21.1639871 ], [ 82.9322517, 21.1630844 ], [ 82.9209433, 21.1634706 ], [ 82.914983, 21.1619577 ], [ 82.9102201, 21.1652043 ], [ 82.9021068, 21.1669936 ], [ 82.8999032, 21.1637037 ], [ 82.8954826, 21.1609806 ], [ 82.8939316, 21.1563737 ], [ 82.8821763, 21.1484304 ], [ 82.8781817, 21.1534514 ], [ 82.8785159, 21.1585823 ], [ 82.8764464, 21.160913 ], [ 82.876364, 21.1635466 ], [ 82.872546, 21.1623831 ], [ 82.8716998, 21.1574837 ], [ 82.8664277, 21.1628211 ], [ 82.8595869, 21.1597668 ], [ 82.855598, 21.161468 ], [ 82.8524639, 21.1595379 ], [ 82.8501016, 21.1616051 ], [ 82.8514858, 21.1660608 ], [ 82.8508823, 21.1686324 ], [ 82.8471009, 21.1665332 ], [ 82.8427634, 21.1677185 ], [ 82.8312575, 21.1646733 ], [ 82.8280173, 21.1654444 ], [ 82.8260024, 21.1636778 ], [ 82.8119653, 21.161065 ], [ 82.8050232, 21.1559186 ], [ 82.8003153, 21.1559462 ], [ 82.796217, 21.1506517 ], [ 82.7966598, 21.1486509 ], [ 82.7936786, 21.1425452 ], [ 82.789441, 21.1428158 ], [ 82.7856385, 21.1448702 ], [ 82.7837323, 21.1480967 ], [ 82.7807664, 21.1496679 ], [ 82.7794027, 21.1535841 ], [ 82.7743495, 21.1541295 ], [ 82.7671284, 21.1590103 ], [ 82.767816, 21.1605567 ], [ 82.7652202, 21.1617128 ], [ 82.7658058, 21.1627816 ], [ 82.7633369, 21.1640854 ], [ 82.7629825, 21.1626213 ], [ 82.7601003, 21.165203 ], [ 82.7575001, 21.1635455 ], [ 82.7559068, 21.1664343 ], [ 82.7500057, 21.1641064 ], [ 82.7455042, 21.1637239 ], [ 82.7448171, 21.1646613 ], [ 82.7405663, 21.1634677 ], [ 82.7368326, 21.1653307 ], [ 82.7211524, 21.1658477 ], [ 82.7211878, 21.1576731 ], [ 82.7156578, 21.160326 ], [ 82.7104492, 21.1608077 ], [ 82.7052615, 21.1580781 ], [ 82.6998313, 21.1576992 ], [ 82.6957326, 21.1605269 ], [ 82.697084, 21.1641985 ], [ 82.6930044, 21.1657435 ], [ 82.6854557, 21.1647251 ], [ 82.6841451, 21.1610581 ], [ 82.6640532, 21.1549974 ], [ 82.655488, 21.1571363 ], [ 82.6406101, 21.154874 ], [ 82.6372185, 21.1507339 ], [ 82.637273, 21.14474 ], [ 82.6439521, 21.1348748 ], [ 82.6519781, 21.1332521 ], [ 82.6527557, 21.1287101 ], [ 82.6497952, 21.1252207 ], [ 82.6419069, 21.1200719 ], [ 82.6397414, 21.1157391 ], [ 82.6421464, 21.111222 ], [ 82.6484525, 21.1095619 ], [ 82.6499056, 21.1064677 ], [ 82.6458203, 21.1000038 ], [ 82.637333, 21.0931894 ], [ 82.6338905, 21.0877623 ], [ 82.633109, 21.0831857 ], [ 82.6296352, 21.0788201 ], [ 82.6165069, 21.0791806 ], [ 82.6119833, 21.0746936 ], [ 82.6118613, 21.0691936 ], [ 82.6172458, 21.0598567 ], [ 82.6178779, 21.0546793 ], [ 82.6261012, 21.0485442 ], [ 82.6297855, 21.0409439 ], [ 82.6287918, 21.0380358 ], [ 82.6133253, 21.0228545 ], [ 82.6129504, 21.0161735 ], [ 82.6113623, 21.012973 ], [ 82.5887806, 20.9935475 ], [ 82.5805121, 20.9797271 ], [ 82.5713834, 20.9722553 ], [ 82.5591479, 20.9479375 ], [ 82.5521388, 20.9419627 ], [ 82.543026, 20.9366073 ], [ 82.5371991, 20.9347223 ], [ 82.5271054, 20.9340044 ], [ 82.515944, 20.9217643 ], [ 82.504433, 20.9195898 ], [ 82.4887428, 20.9094021 ], [ 82.4869885, 20.9050406 ], [ 82.4891158, 20.8980167 ], [ 82.4910686, 20.8806284 ], [ 82.4901177, 20.8768064 ], [ 82.4859782, 20.870284 ], [ 82.4866814, 20.8616464 ], [ 82.4839252, 20.8584272 ], [ 82.4833224, 20.8542952 ], [ 82.481078, 20.8513065 ], [ 82.470437, 20.8480783 ], [ 82.4653855, 20.8429544 ], [ 82.4653648, 20.8408181 ], [ 82.468784, 20.8351791 ], [ 82.4644854, 20.828996 ], [ 82.4543701, 20.827646 ], [ 82.4490164, 20.8310067 ], [ 82.4472817, 20.8299598 ], [ 82.4436739, 20.8309976 ], [ 82.4435282, 20.8343683 ], [ 82.4393411, 20.8356366 ], [ 82.4273149, 20.8315457 ], [ 82.4199547, 20.8315617 ], [ 82.4183516, 20.8368731 ], [ 82.4104927, 20.8422584 ], [ 82.4099527, 20.8455969 ], [ 82.4128703, 20.8508621 ], [ 82.4100817, 20.8563596 ], [ 82.4068509, 20.8592769 ], [ 82.407469, 20.8652702 ], [ 82.4052823, 20.8701744 ], [ 82.3955662, 20.8700292 ], [ 82.3892407, 20.8740917 ], [ 82.3896748, 20.8753167 ], [ 82.3850548, 20.8740895 ], [ 82.3784929, 20.8686319 ], [ 82.3759158, 20.8679796 ], [ 82.3646083, 20.8706719 ], [ 82.3594749, 20.8738069 ], [ 82.3637551, 20.8884889 ], [ 82.3511927, 20.8897404 ], [ 82.3462201, 20.8743363 ], [ 82.3444599, 20.856368 ], [ 82.3395269, 20.8468353 ], [ 82.3415747, 20.8328347 ], [ 82.3414016, 20.8295613 ], [ 82.3393357, 20.8257651 ], [ 82.3410216, 20.8208284 ], [ 82.3411159, 20.8124892 ], [ 82.3431742, 20.8089318 ], [ 82.3420175, 20.8047175 ], [ 82.3461098, 20.7976345 ], [ 82.343862, 20.7922316 ], [ 82.3436353, 20.7709538 ], [ 82.3417149, 20.7677571 ], [ 82.3535531, 20.7359234 ], [ 82.3508137, 20.7334787 ], [ 82.3455587, 20.731591 ], [ 82.3540136, 20.719663 ], [ 82.3507566, 20.7172809 ], [ 82.3504267, 20.7063231 ], [ 82.3523926, 20.7036268 ], [ 82.3549978, 20.6931899 ], [ 82.360341, 20.6835583 ], [ 82.3614499, 20.681955 ], [ 82.3670498, 20.6801897 ], [ 82.3738177, 20.6674023 ], [ 82.3687516, 20.6595875 ], [ 82.369968, 20.6555578 ], [ 82.3684794, 20.6495618 ], [ 82.3746716, 20.6390693 ], [ 82.3746668, 20.6353292 ], [ 82.3764975, 20.6324102 ], [ 82.3709459, 20.625986 ], [ 82.3645161, 20.6221839 ], [ 82.3640519, 20.6190798 ], [ 82.3654441, 20.6159475 ], [ 82.3629234, 20.6141154 ], [ 82.3622623, 20.6099107 ], [ 82.3586513, 20.6084756 ], [ 82.3558996, 20.6092471 ], [ 82.3525627, 20.6029809 ], [ 82.347133, 20.6025399 ], [ 82.3448521, 20.5984832 ], [ 82.3456989, 20.5965615 ], [ 82.3437442, 20.5957726 ], [ 82.3440836, 20.5928881 ], [ 82.346793, 20.5905994 ], [ 82.3506397, 20.5812687 ], [ 82.3483377, 20.57859 ], [ 82.3483568, 20.5763991 ], [ 82.3433498, 20.5715235 ], [ 82.3390527, 20.569393 ], [ 82.3333712, 20.5685515 ], [ 82.3348766, 20.5646009 ], [ 82.3329, 20.5639883 ], [ 82.3322344, 20.5619065 ], [ 82.3357004, 20.5550996 ], [ 82.3420326, 20.551979 ], [ 82.3449994, 20.5479449 ], [ 82.3486138, 20.5466656 ], [ 82.3576491, 20.5293259 ], [ 82.3680636, 20.5238643 ], [ 82.3782458, 20.5220266 ], [ 82.389699, 20.5176032 ], [ 82.3880021, 20.5107284 ], [ 82.389527, 20.4980051 ], [ 82.388343, 20.4953585 ], [ 82.3911182, 20.4921112 ], [ 82.3906046, 20.4861888 ], [ 82.3931618, 20.4864303 ], [ 82.3937399, 20.4825003 ], [ 82.3920325, 20.4786881 ], [ 82.3960833, 20.4776573 ], [ 82.3978429, 20.4729454 ], [ 82.3976449, 20.4648388 ], [ 82.3947795, 20.4622916 ], [ 82.3960587, 20.4595711 ], [ 82.3979779, 20.4619226 ], [ 82.400127, 20.4610652 ], [ 82.401913, 20.4619271 ], [ 82.4042683, 20.4600516 ], [ 82.4078799, 20.4629494 ], [ 82.4090087, 20.4647923 ], [ 82.4084739, 20.4681528 ], [ 82.4107885, 20.4681294 ], [ 82.4161306, 20.479889 ], [ 82.4157956, 20.4815135 ], [ 82.4176335, 20.4817424 ], [ 82.4231252, 20.4758299 ], [ 82.4270554, 20.4690627 ], [ 82.4257339, 20.4453275 ], [ 82.4339798, 20.4456662 ], [ 82.4378622, 20.4343912 ], [ 82.4296604, 20.4278685 ], [ 82.4320051, 20.4166378 ], [ 82.4166092, 20.4076528 ], [ 82.4211737, 20.3928493 ], [ 82.4176918, 20.3877237 ], [ 82.4180525, 20.3821104 ], [ 82.4111996, 20.3712889 ], [ 82.4088266, 20.3652912 ], [ 82.4091454, 20.3629307 ], [ 82.4050488, 20.3580356 ], [ 82.4062676, 20.3529892 ], [ 82.4003791, 20.3415811 ], [ 82.4015068, 20.3375834 ], [ 82.409157, 20.3325303 ], [ 82.4088697, 20.3277761 ], [ 82.4129517, 20.3279962 ], [ 82.4173664, 20.3242518 ], [ 82.4210379, 20.3241137 ], [ 82.4307667, 20.3140245 ], [ 82.4315261, 20.312776 ], [ 82.4299814, 20.3009855 ], [ 82.4378111, 20.2944077 ], [ 82.4355745, 20.2854821 ], [ 82.4328741, 20.2818092 ], [ 82.425025, 20.2752241 ], [ 82.4159581, 20.2720498 ], [ 82.4123415, 20.2670423 ], [ 82.4113886, 20.2601116 ], [ 82.4160108, 20.2572828 ], [ 82.4177845, 20.2523175 ], [ 82.4223256, 20.2479715 ], [ 82.4212901, 20.2467331 ], [ 82.4112268, 20.2453825 ], [ 82.4106276, 20.2426453 ], [ 82.4106867, 20.240174 ], [ 82.4140711, 20.2338904 ], [ 82.4150743, 20.226813 ], [ 82.422471, 20.2208177 ], [ 82.4204818, 20.2130778 ], [ 82.4206183, 20.2049187 ], [ 82.413467, 20.1993479 ], [ 82.4140801, 20.1898568 ], [ 82.4115837, 20.1814886 ], [ 82.4075434, 20.1812318 ], [ 82.4045327, 20.177868 ], [ 82.4047119, 20.1759829 ], [ 82.3949145, 20.1701162 ], [ 82.3900067, 20.1636954 ], [ 82.3917566, 20.1587306 ], [ 82.3937412, 20.1570436 ], [ 82.3931081, 20.154704 ], [ 82.3941468, 20.152627 ], [ 82.3907494, 20.1497898 ], [ 82.3871984, 20.14905 ], [ 82.3857977, 20.1464365 ], [ 82.3931527, 20.137606 ], [ 82.3942323, 20.1299226 ], [ 82.3976691, 20.1237745 ], [ 82.3987174, 20.1131326 ], [ 82.3981758, 20.1016947 ], [ 82.4014349, 20.0960719 ], [ 82.3997629, 20.0897972 ], [ 82.4014923, 20.0810201 ], [ 82.3958346, 20.0689721 ], [ 82.3983942, 20.062691 ], [ 82.3982919, 20.0581789 ], [ 82.4000423, 20.0561143 ], [ 82.4095408, 20.051788 ], [ 82.4168151, 20.0521545 ], [ 82.4300286, 20.0496088 ], [ 82.4405247, 20.0431814 ], [ 82.4480063, 20.0406631 ], [ 82.4575309, 20.0399704 ], [ 82.4606749, 20.0419003 ], [ 82.4663258, 20.0394279 ], [ 82.4700118, 20.0359146 ], [ 82.4785696, 20.0381742 ], [ 82.4937345, 20.0243688 ], [ 82.5091125, 20.0181629 ], [ 82.533181, 20.0152954 ], [ 82.534453, 20.0178456 ], [ 82.5461195, 20.0169311 ], [ 82.5501086, 20.0177725 ], [ 82.5535548, 20.0153935 ], [ 82.5773441, 20.0067227 ], [ 82.583282, 20.0031782 ], [ 82.5903359, 19.9937331 ], [ 82.5957325, 19.9915706 ], [ 82.6050212, 19.9901362 ], [ 82.621136, 19.9922978 ], [ 82.6332972, 20.0048741 ], [ 82.6415066, 20.0067133 ], [ 82.6429848, 20.0064061 ], [ 82.6427078, 20.0036624 ], [ 82.6519822, 20.0058933 ], [ 82.6701232, 20.0010799 ], [ 82.6745315, 20.0017835 ], [ 82.6926653, 20.0000032 ], [ 82.699582, 19.9975656 ], [ 82.707267, 19.99905 ], [ 82.7154469, 19.9959267 ], [ 82.7157512, 19.9922652 ], [ 82.7181398, 19.9891389 ], [ 82.7175164, 19.9655538 ], [ 82.7147176, 19.9576675 ], [ 82.7155242, 19.9536263 ], [ 82.7204916, 19.9482935 ], [ 82.7130724, 19.9384553 ], [ 82.7111842, 19.9254515 ], [ 82.712762, 19.9185211 ], [ 82.7073681, 19.9129856 ], [ 82.7090891, 19.9056021 ], [ 82.7074082, 19.9020409 ], [ 82.7135496, 19.8834448 ], [ 82.7140524, 19.8778074 ], [ 82.72412, 19.8751256 ], [ 82.7217344, 19.8729184 ], [ 82.7195936, 19.8674331 ], [ 82.7197898, 19.8568482 ], [ 82.7177042, 19.8529207 ], [ 82.7138439, 19.8526371 ], [ 82.711402, 19.8506279 ], [ 82.7129292, 19.8448091 ], [ 82.7109975, 19.8418238 ], [ 82.7116025, 19.8403772 ], [ 82.7039234, 19.8320133 ], [ 82.6932476, 19.8303759 ], [ 82.6780156, 19.8321188 ], [ 82.6659164, 19.8303892 ], [ 82.6609979, 19.8320206 ], [ 82.6521592, 19.8321659 ], [ 82.6475995, 19.8195424 ], [ 82.6417538, 19.8145372 ], [ 82.6366256, 19.8129266 ], [ 82.6335773, 19.8065267 ], [ 82.6328164, 19.8011856 ], [ 82.6271275, 19.793658 ], [ 82.6238238, 19.7921161 ], [ 82.6126225, 19.7910565 ], [ 82.6037837, 19.7881231 ], [ 82.6021531, 19.7811183 ], [ 82.5952935, 19.7784694 ], [ 82.594863, 19.7753003 ], [ 82.5918128, 19.7758627 ], [ 82.583477, 19.778796 ], [ 82.5835862, 19.7816409 ], [ 82.5817692, 19.7832063 ], [ 82.5844868, 19.7882549 ], [ 82.5827018, 19.7949967 ], [ 82.5846883, 19.802351 ], [ 82.5759931, 19.8082189 ], [ 82.5785844, 19.8110779 ], [ 82.5761959, 19.8147398 ], [ 82.5785287, 19.8180077 ], [ 82.5791371, 19.8235448 ], [ 82.5777716, 19.8249752 ], [ 82.5793996, 19.8303181 ], [ 82.5760398, 19.8289204 ], [ 82.575788, 19.8333945 ], [ 82.5797352, 19.8401127 ], [ 82.5839036, 19.8435766 ], [ 82.5886324, 19.8433809 ], [ 82.587716, 19.8486786 ], [ 82.5906161, 19.8489191 ], [ 82.5904127, 19.8524533 ], [ 82.5938253, 19.8528519 ], [ 82.5968707, 19.8552007 ], [ 82.5962769, 19.8588287 ], [ 82.6002006, 19.8601893 ], [ 82.6025591, 19.8630455 ], [ 82.6034296, 19.86699 ], [ 82.5971271, 19.8726929 ], [ 82.5828948, 19.8694186 ], [ 82.5730202, 19.877551 ], [ 82.5610373, 19.8743274 ], [ 82.558906, 19.8785469 ], [ 82.5559566, 19.8806642 ], [ 82.5533631, 19.880086 ], [ 82.5502124, 19.87575 ], [ 82.548388, 19.8757027 ], [ 82.5421414, 19.8834766 ], [ 82.5349115, 19.8868908 ], [ 82.5314189, 19.8782389 ], [ 82.5233001, 19.8830831 ], [ 82.5213067, 19.8888596 ], [ 82.5191208, 19.8909742 ], [ 82.5163267, 19.8909213 ], [ 82.5118019, 19.888132 ], [ 82.5054719, 19.889857 ], [ 82.5028747, 19.8944729 ], [ 82.5049014, 19.8997229 ], [ 82.4973386, 19.9041304 ], [ 82.4916128, 19.9034465 ], [ 82.4841749, 19.9079082 ], [ 82.4778869, 19.9064505 ], [ 82.4728984, 19.9070342 ], [ 82.4722787, 19.9015793 ], [ 82.4642158, 19.9008473 ], [ 82.4521738, 19.9087056 ], [ 82.445991, 19.9101918 ], [ 82.4371096, 19.9049419 ], [ 82.4333543, 19.905561 ], [ 82.4300563, 19.9040086 ], [ 82.4262046, 19.9054559 ], [ 82.4180214, 19.9040727 ], [ 82.418575, 19.8998483 ], [ 82.4119601, 19.8985147 ], [ 82.409839, 19.8961361 ], [ 82.4052369, 19.8942628 ], [ 82.4017761, 19.8899418 ], [ 82.3948706, 19.8880151 ], [ 82.3924829, 19.8820473 ], [ 82.382952, 19.8738572 ], [ 82.3836488, 19.8698793 ], [ 82.3804855, 19.8673886 ], [ 82.3752, 19.85964 ], [ 82.364368, 19.8618753 ], [ 82.3634693, 19.8630494 ], [ 82.3608476, 19.8627968 ], [ 82.3613926, 19.8588438 ], [ 82.3604887, 19.8575054 ], [ 82.3646283, 19.854695 ], [ 82.3644561, 19.8510141 ], [ 82.361419, 19.8507493 ], [ 82.359851, 19.8469885 ], [ 82.34889, 19.8365706 ], [ 82.3439528, 19.835089 ], [ 82.3307022, 19.8448534 ], [ 82.3263414, 19.8616125 ], [ 82.3031198, 19.8893856 ], [ 82.3034914, 19.8933892 ], [ 82.3015885, 19.9027115 ], [ 82.2758138, 19.9485887 ], [ 82.2748747, 19.9630409 ], [ 82.2691695, 19.9752612 ], [ 82.2562464, 19.9834472 ], [ 82.2500054, 19.9890621 ], [ 82.2462041, 19.9953459 ], [ 82.2423471, 19.9975026 ], [ 82.2371235, 20.0033276 ], [ 82.2292925, 19.9998172 ], [ 82.2220347, 19.9991978 ], [ 82.216713, 19.997059 ], [ 82.2101045, 19.9862503 ], [ 82.1907881, 19.9868951 ], [ 82.1842537, 19.9841897 ], [ 82.1851918, 19.9872995 ], [ 82.1834726, 19.9895932 ], [ 82.1803292, 19.9911366 ], [ 82.1769073, 19.9973082 ], [ 82.1747849, 19.996748 ], [ 82.1736918, 19.9999637 ], [ 82.1712519, 20.0007755 ], [ 82.1704179, 20.0024398 ], [ 82.1712349, 20.0055109 ], [ 82.1605828, 20.0091199 ], [ 82.1534676, 20.0075607 ], [ 82.1398077, 20.0187273 ], [ 82.1363265, 20.0189286 ], [ 82.1284919, 20.0142001 ], [ 82.126786, 20.0147963 ], [ 82.1165168, 20.0211577 ], [ 82.1102127, 20.0272918 ], [ 82.1069493, 20.0272544 ], [ 82.1054698, 20.0306033 ], [ 82.1031973, 20.031066 ], [ 82.1038316, 20.0356871 ], [ 82.1021309, 20.0362938 ], [ 82.1022786, 20.0400403 ], [ 82.0995184, 20.0407671 ], [ 82.0987491, 20.0397192 ], [ 82.0894584, 20.0390626 ], [ 82.0869774, 20.0420972 ], [ 82.0863959, 20.0452384 ], [ 82.0845939, 20.0460464 ], [ 82.0854337, 20.0507153 ], [ 82.0704694, 20.0569479 ], [ 82.0635398, 20.0545316 ], [ 82.0629647, 20.052045 ], [ 82.0606492, 20.0511263 ], [ 82.0621868, 20.0492242 ], [ 82.0590114, 20.0477506 ], [ 82.0590891, 20.044982 ], [ 82.0563973, 20.0417449 ], [ 82.0478233, 20.0367167 ], [ 82.0481539, 20.0348176 ], [ 82.0429734, 20.0349057 ], [ 82.0412119, 20.0309641 ], [ 82.038044, 20.0301157 ], [ 82.0373366, 20.0279453 ], [ 82.038852, 20.0271399 ], [ 82.0379748, 20.0260715 ], [ 82.0400003, 20.0225966 ], [ 82.0383851, 20.0224535 ], [ 82.0325614, 20.0157209 ], [ 82.0215466, 20.0237092 ], [ 82.0227201, 20.0321453 ], [ 82.0176803, 20.0489771 ], [ 82.0122743, 20.0539148 ], [ 82.0057488, 20.055611 ], [ 82.0032542, 20.0551306 ], [ 82.003368, 20.0533398 ], [ 81.9953448, 20.0535663 ], [ 81.9873851, 20.0613309 ], [ 81.9841633, 20.0680333 ], [ 81.983861, 20.0732432 ], [ 81.9758905, 20.0817097 ], [ 81.9633323, 20.0904492 ], [ 81.9581538, 20.0978542 ], [ 81.9463815, 20.1051332 ], [ 81.9385198, 20.1015636 ], [ 81.9371264, 20.1023499 ], [ 81.9338427, 20.0982094 ], [ 81.9338706, 20.0960437 ], [ 81.9315804, 20.0956538 ], [ 81.9258275, 20.0912044 ], [ 81.9227618, 20.0871607 ], [ 81.9213829, 20.0799707 ], [ 81.9160627, 20.0719823 ], [ 81.901445, 20.0579069 ], [ 81.8952802, 20.0482378 ], [ 81.8873005, 20.0440155 ], [ 81.8819142, 20.0443387 ], [ 81.8759759, 20.0520621 ], [ 81.8694282, 20.0412629 ], [ 81.8688217, 20.0319114 ], [ 81.8650275, 20.0267036 ], [ 81.8665361, 20.0110537 ], [ 81.8605735, 20.0035106 ], [ 81.8563067, 19.9829394 ], [ 81.8553575, 19.9722801 ], [ 81.8452752, 19.9595329 ], [ 81.8450129, 19.9518805 ], [ 81.856802, 19.9475387 ], [ 81.8518082, 19.9231479 ], [ 81.8531556, 19.918478 ], [ 81.8696511, 19.9025356 ], [ 81.8996768, 19.8871978 ], [ 81.9410621, 19.8728763 ], [ 81.9577272, 19.8650421 ], [ 81.9576099, 19.8638886 ], [ 81.9681314, 19.8598949 ], [ 81.9653736, 19.8369043 ], [ 81.9825879, 19.8088104 ], [ 81.986558, 19.8042797 ], [ 81.9859495, 19.8010893 ], [ 81.9919062, 19.7995882 ], [ 81.9953686, 19.7968217 ], [ 82.003684, 19.8025725 ], [ 82.0098879, 19.8042171 ], [ 82.0310507, 19.7978064 ], [ 82.0486836, 19.7969567 ], [ 82.0508874, 19.7933489 ], [ 82.0529804, 19.7922883 ], [ 82.0563991, 19.7930168 ], [ 82.0563648, 19.7948506 ], [ 82.0602223, 19.7963742 ], [ 82.0623927, 19.7925403 ], [ 82.0655475, 19.7906579 ], [ 82.0662302, 19.7831536 ], [ 82.0604659, 19.7666341 ], [ 82.0638291, 19.761057 ], [ 82.0636129, 19.7590155 ], [ 82.0559847, 19.7529671 ], [ 82.0556387, 19.7499766 ], [ 82.0520464, 19.7481601 ], [ 82.0504007, 19.7458054 ], [ 82.0497911, 19.7404783 ], [ 82.0509426, 19.736416 ], [ 82.0492408, 19.7287188 ], [ 82.0510222, 19.7190899 ], [ 82.0447506, 19.7088771 ], [ 82.0445877, 19.7005278 ], [ 82.049102, 19.6849313 ], [ 82.0518651, 19.6804676 ], [ 82.0553176, 19.6656786 ], [ 82.0536195, 19.6653937 ], [ 82.0519407, 19.660953 ], [ 82.0525476, 19.6579496 ], [ 82.0542449, 19.6579977 ], [ 82.0555099, 19.6544639 ], [ 82.053513, 19.652801 ], [ 82.0538646, 19.650344 ], [ 82.0521509, 19.6494579 ], [ 82.0519235, 19.6465717 ], [ 82.054714, 19.6428261 ], [ 82.0547342, 19.6405023 ], [ 82.0570062, 19.6395117 ], [ 82.0576395, 19.6355168 ], [ 82.0564608, 19.6331157 ], [ 82.0590179, 19.6281754 ], [ 82.0561039, 19.6258255 ], [ 82.0557118, 19.6231041 ], [ 82.0506144, 19.6167718 ], [ 82.050716, 19.6083525 ], [ 82.0462694, 19.6072846 ], [ 82.0398829, 19.5976361 ], [ 82.0404818, 19.591638 ], [ 82.0433689, 19.5890017 ], [ 82.0429747, 19.5863682 ], [ 82.0446086, 19.5819454 ], [ 82.0487546, 19.5782676 ], [ 82.0498455, 19.5740291 ], [ 82.0481109, 19.5691253 ], [ 82.0494931, 19.56841 ], [ 82.0455061, 19.5605286 ], [ 82.0460032, 19.5573062 ], [ 82.0503157, 19.5516439 ], [ 82.0505983, 19.5486516 ], [ 82.049793, 19.5436309 ], [ 82.0474912, 19.5396484 ], [ 82.0477229, 19.5334514 ], [ 82.0464698, 19.5339679 ], [ 82.0432584, 19.5298562 ], [ 82.0398758, 19.5301844 ], [ 82.0372899, 19.5282522 ], [ 82.0364346, 19.5197805 ], [ 82.0345493, 19.5177559 ], [ 82.0340582, 19.5145331 ], [ 82.0318454, 19.5145273 ], [ 82.0315592, 19.5110402 ], [ 82.0290819, 19.5077462 ], [ 82.0385143, 19.5091316 ], [ 82.05134, 19.5081583 ], [ 82.0654154, 19.510575 ], [ 82.0760273, 19.5236259 ], [ 82.0917349, 19.518128 ], [ 82.1002549, 19.5165892 ], [ 82.0979728, 19.4989277 ], [ 82.1079625, 19.4942798 ], [ 82.1073425, 19.4750422 ], [ 82.102821, 19.4661064 ], [ 82.1134222, 19.4603615 ], [ 82.1135346, 19.4482635 ], [ 82.1261416, 19.4290857 ], [ 82.1272952, 19.4305126 ], [ 82.1352476, 19.4303849 ], [ 82.1352387, 19.4317813 ], [ 82.1714917, 19.4371878 ], [ 82.1781854, 19.4366088 ], [ 82.1861917, 19.4266544 ], [ 82.1894431, 19.4275294 ], [ 82.1892722, 19.4153629 ], [ 82.1852047, 19.4136895 ], [ 82.1826838, 19.4096192 ], [ 82.182078, 19.4029259 ], [ 82.1843145, 19.400493 ], [ 82.1807363, 19.3924103 ], [ 82.1822453, 19.3887444 ], [ 82.1809896, 19.3861849 ], [ 82.1818325, 19.3842038 ], [ 82.1780034, 19.3825002 ], [ 82.1788348, 19.3790508 ], [ 82.1764898, 19.3785569 ], [ 82.1755291, 19.37664 ], [ 82.1735274, 19.3771719 ], [ 82.1719243, 19.3726152 ], [ 82.1666129, 19.372765 ], [ 82.1621933, 19.3743581 ], [ 82.1600371, 19.3770743 ], [ 82.1564788, 19.3772961 ], [ 82.1532656, 19.3770164 ], [ 82.1513514, 19.373313 ], [ 82.1477355, 19.3718184 ], [ 82.14896, 19.3695253 ], [ 82.148071, 19.3693576 ], [ 82.1483185, 19.3659142 ], [ 82.1472461, 19.365494 ], [ 82.1472795, 19.3644951 ], [ 82.1483852, 19.3649102 ], [ 82.148778, 19.3529762 ], [ 82.1524354, 19.3527398 ], [ 82.1541267, 19.3498036 ], [ 82.1650023, 19.3489863 ], [ 82.1690438, 19.3459836 ], [ 82.1786557, 19.3433699 ], [ 82.1772907, 19.3411419 ], [ 82.1778939, 19.3400496 ], [ 82.1860387, 19.3374092 ], [ 82.1878902, 19.3347553 ], [ 82.1880059, 19.3289204 ], [ 82.1901262, 19.3267601 ], [ 82.194122, 19.3259353 ], [ 82.1812245, 19.3233874 ], [ 82.1791716, 19.3189676 ], [ 82.1766787, 19.2994802 ], [ 82.1744141, 19.2945346 ], [ 82.1659361, 19.2876855 ], [ 82.1620969, 19.2787477 ], [ 82.1584256, 19.2651673 ], [ 82.1578449, 19.2274987 ], [ 82.1594207, 19.2229617 ], [ 82.1687718, 19.2129401 ], [ 82.1658173, 19.2114454 ], [ 82.1617056, 19.2022458 ], [ 82.1675819, 19.1952597 ], [ 82.1804625, 19.191685 ], [ 82.1798329, 19.1887704 ], [ 82.1751425, 19.1818157 ], [ 82.1810632, 19.1785834 ], [ 82.1820492, 19.174163 ], [ 82.1767095, 19.1734699 ], [ 82.1760435, 19.1720826 ], [ 82.1781067, 19.1693675 ], [ 82.1839533, 19.1684851 ], [ 82.1861395, 19.1663475 ], [ 82.1821999, 19.1592887 ], [ 82.1775339, 19.1556681 ], [ 82.1787413, 19.1596408 ], [ 82.1749226, 19.1628821 ], [ 82.1701799, 19.1611593 ], [ 82.1712977, 19.1565257 ], [ 82.1772103, 19.1556115 ], [ 82.1776779, 19.1525092 ], [ 82.1809319, 19.1508165 ], [ 82.1765612, 19.1492136 ], [ 82.171543, 19.150208 ], [ 82.16983, 19.1452537 ], [ 82.1727223, 19.1435093 ], [ 82.1757353, 19.1386602 ], [ 82.1668183, 19.1361012 ], [ 82.1660956, 19.1326991 ], [ 82.169205, 19.1280484 ], [ 82.1703253, 19.1204148 ], [ 82.1736052, 19.1184106 ], [ 82.1768574, 19.118566 ], [ 82.1824693, 19.1316909 ], [ 82.1905778, 19.1288962 ], [ 82.1973894, 19.1216412 ], [ 82.2058161, 19.1241298 ], [ 82.2089983, 19.1205217 ], [ 82.2058115, 19.1169418 ], [ 82.2063302, 19.1150724 ], [ 82.2029764, 19.1081096 ], [ 82.2051786, 19.1069973 ], [ 82.2050147, 19.1053944 ], [ 82.2066963, 19.10462 ], [ 82.2073496, 19.1022798 ], [ 82.2049889, 19.1011478 ], [ 82.2049123, 19.0971408 ], [ 82.2064799, 19.0964031 ], [ 82.2097118, 19.0996756 ], [ 82.2129406, 19.0979827 ], [ 82.2141377, 19.0998543 ], [ 82.2184151, 19.0972688 ], [ 82.218555, 19.093021 ], [ 82.214949, 19.0859877 ], [ 82.2121391, 19.0818767 ], [ 82.2047185, 19.0756046 ], [ 82.202254, 19.066639 ], [ 82.2060153, 19.0597831 ], [ 82.2298762, 19.0274123 ], [ 82.2327612, 19.0179369 ], [ 82.239109, 18.9622914 ], [ 82.246054, 18.919111 ], [ 82.2398168, 18.9147388 ], [ 82.23696, 18.9142337 ], [ 82.2343852, 18.9152901 ], [ 82.230909, 18.9196685 ], [ 82.2272821, 18.919042 ], [ 82.2183014, 18.9225168 ], [ 82.2124857, 18.9185835 ], [ 82.2008472, 18.9135852 ], [ 82.1925106, 18.9075079 ], [ 82.1810898, 18.9069439 ], [ 82.1761464, 18.9026695 ], [ 82.1751627, 18.8916108 ], [ 82.1766595, 18.8870922 ], [ 82.1693231, 18.8818929 ], [ 82.1650558, 18.8832208 ], [ 82.1604126, 18.8789124 ], [ 82.1610409, 18.8771284 ], [ 82.1673672, 18.8736189 ], [ 82.1650857, 18.8648724 ], [ 82.1612441, 18.8632111 ], [ 82.160197, 18.8613968 ], [ 82.1620684, 18.8588596 ], [ 82.1630279, 18.8541546 ], [ 82.1674716, 18.8523512 ], [ 82.1657426, 18.8438679 ], [ 82.1682689, 18.8399981 ], [ 82.1689626, 18.8360222 ], [ 82.1602914, 18.8198696 ], [ 82.166149, 18.814068 ], [ 82.1613749, 18.8125163 ], [ 82.1601961, 18.8080687 ], [ 82.1565222, 18.8043279 ], [ 82.1645283, 18.8019242 ], [ 82.1654354, 18.7986247 ], [ 82.1601746, 18.7952282 ], [ 82.1608024, 18.7899199 ], [ 82.1573565, 18.7854772 ], [ 82.1521702, 18.7853015 ], [ 82.1473782, 18.780971 ], [ 82.1405731, 18.7784553 ], [ 82.138419, 18.7783735 ], [ 82.1356695, 18.7814807 ], [ 82.1334947, 18.7804457 ], [ 82.1332933, 18.7751515 ], [ 82.1313338, 18.770112 ], [ 82.1336162, 18.7681147 ], [ 82.1334176, 18.7653642 ], [ 82.12082, 18.7697507 ], [ 82.1153603, 18.7690062 ], [ 82.1120359, 18.7676659 ], [ 82.1110091, 18.7658783 ], [ 82.1057581, 18.7673101 ], [ 82.0978237, 18.7638371 ], [ 82.0915795, 18.7657307 ], [ 82.0887407, 18.7601852 ], [ 82.0900074, 18.7558086 ], [ 82.0925818, 18.752685 ], [ 82.093521, 18.7468147 ], [ 82.0913426, 18.7384776 ], [ 82.0876868, 18.7311299 ], [ 82.0883608, 18.7297744 ], [ 82.0860634, 18.7279488 ], [ 82.08688, 18.7214241 ], [ 82.0849746, 18.7185931 ], [ 82.0765276, 18.7221119 ], [ 82.0745612, 18.7246219 ], [ 82.0674218, 18.7265016 ], [ 82.0650484, 18.7200719 ], [ 82.0627704, 18.719023 ], [ 82.0587653, 18.7193439 ], [ 82.0560892, 18.7228969 ], [ 82.0536514, 18.723611 ], [ 82.0481178, 18.7213964 ], [ 82.0402091, 18.7239075 ], [ 82.0343325, 18.7229822 ], [ 82.0309231, 18.7237872 ], [ 82.0281476, 18.7212134 ], [ 82.0167419, 18.7194954 ], [ 82.0087909, 18.7125529 ], [ 82.0058348, 18.7146472 ], [ 81.9999243, 18.7110822 ], [ 81.9984256, 18.7094139 ], [ 81.998591, 18.7069062 ], [ 81.9947277, 18.7046802 ], [ 81.9888988, 18.7052803 ], [ 81.9741343, 18.6988691 ], [ 81.9709847, 18.698637 ], [ 81.9654594, 18.6933968 ], [ 81.9629403, 18.6889817 ], [ 81.9607536, 18.6886314 ], [ 81.9647885, 18.6795873 ], [ 81.9691482, 18.6733881 ], [ 81.9651937, 18.6707561 ], [ 81.9616022, 18.6702775 ], [ 81.9550781, 18.6642199 ], [ 81.9527859, 18.6595413 ], [ 81.9531629, 18.6540405 ], [ 81.9489435, 18.6437099 ], [ 81.9430344, 18.6431747 ], [ 81.9363692, 18.6448032 ], [ 81.9217263, 18.6429099 ], [ 81.9202136, 18.6463062 ], [ 81.9152583, 18.6512964 ], [ 81.9008914, 18.6613699 ], [ 81.8983496, 18.6585354 ], [ 81.8937694, 18.6574591 ], [ 81.8934807, 18.6557479 ], [ 81.8950146, 18.6544483 ], [ 81.8982047, 18.6544105 ], [ 81.8979928, 18.651082 ], [ 81.8940502, 18.6422754 ], [ 81.898867, 18.6352306 ], [ 81.8952142, 18.6328215 ], [ 81.8945903, 18.6295394 ], [ 81.908482, 18.6285556 ], [ 81.9301402, 18.6185767 ], [ 81.9351457, 18.6126508 ], [ 81.9350648, 18.6073554 ], [ 81.9369316, 18.6055703 ], [ 81.9442934, 18.6007529 ], [ 81.9509762, 18.6009497 ], [ 81.9572723, 18.5972443 ], [ 81.9608467, 18.5966206 ], [ 81.9634009, 18.5940954 ], [ 81.9636411, 18.5904431 ], [ 81.9598353, 18.589482 ], [ 81.9560655, 18.5839253 ], [ 81.952913, 18.5828206 ], [ 81.9533119, 18.5767108 ], [ 81.9505139, 18.5748531 ], [ 81.9505725, 18.5700223 ], [ 81.9450817, 18.5701358 ], [ 81.9381022, 18.566601 ], [ 81.9297134, 18.5661275 ], [ 81.9267791, 18.5667337 ], [ 81.9244634, 18.5704549 ], [ 81.9208365, 18.5726912 ], [ 81.9177702, 18.5707993 ], [ 81.9155683, 18.5728072 ], [ 81.9106907, 18.5706348 ], [ 81.910357, 18.5657745 ], [ 81.9059158, 18.5645488 ], [ 81.9057041, 18.5630676 ], [ 81.9086169, 18.5529997 ], [ 81.9014069, 18.5486105 ], [ 81.905875, 18.5451596 ], [ 81.9090094, 18.538068 ], [ 81.9031808, 18.5354982 ], [ 81.8978968, 18.5350895 ], [ 81.8892673, 18.5381623 ], [ 81.8796795, 18.5252388 ], [ 81.8738848, 18.5258891 ], [ 81.8682478, 18.524921 ], [ 81.8569894, 18.5074264 ], [ 81.8561094, 18.5009214 ], [ 81.8578335, 18.4947711 ], [ 81.8562051, 18.491401 ], [ 81.7950198, 18.4407156 ], [ 81.7688743, 18.4170907 ], [ 81.7500575, 18.35275 ], [ 81.6591405, 18.3465608 ], [ 81.6508701, 18.3406198 ], [ 81.6496637, 18.3369048 ], [ 81.6519187, 18.3325409 ], [ 81.6621674, 18.3249815 ], [ 81.6622289, 18.3212261 ], [ 81.6513192, 18.3215303 ], [ 81.6445171, 18.3181822 ], [ 81.6396522, 18.3179365 ], [ 81.628107, 18.3138445 ], [ 81.6214618, 18.3091937 ], [ 81.6165349, 18.3073478 ], [ 81.6005375, 18.3096854 ], [ 81.5975967, 18.3089084 ], [ 81.5929038, 18.3007121 ], [ 81.5855138, 18.2964282 ], [ 81.5734615, 18.2826411 ], [ 81.5643265, 18.2751984 ], [ 81.5508359, 18.2693042 ], [ 81.5412835, 18.2700636 ], [ 81.5352709, 18.2683767 ], [ 81.5252393, 18.2577081 ], [ 81.5246379, 18.255857 ], [ 81.5276594, 18.2509364 ], [ 81.530446, 18.2402819 ], [ 81.525928, 18.2335474 ], [ 81.5242643, 18.2275099 ], [ 81.5199161, 18.2219949 ], [ 81.5198322, 18.2176568 ], [ 81.515516, 18.2132353 ], [ 81.5132564, 18.2005382 ], [ 81.5094139, 18.1945652 ], [ 81.5070019, 18.1861977 ], [ 81.5099232, 18.1794928 ], [ 81.5177641, 18.1754588 ], [ 81.5237255, 18.1658892 ], [ 81.5259972, 18.1604196 ], [ 81.5258155, 18.1534018 ], [ 81.5241297, 18.150808 ], [ 81.5183218, 18.1481619 ], [ 81.5138231, 18.1405367 ], [ 81.5128922, 18.1357534 ], [ 81.5150852, 18.1227598 ], [ 81.5128552, 18.0986877 ], [ 81.4996281, 18.0798533 ], [ 81.4965993, 18.0709522 ], [ 81.4906948, 18.0628379 ], [ 81.4826377, 18.0556732 ], [ 81.4804056, 18.0507414 ], [ 81.4801546, 18.0336878 ], [ 81.4831208, 18.0270453 ], [ 81.4799058, 18.0043916 ], [ 81.4802818, 17.9977864 ], [ 81.4776164, 17.9884065 ], [ 81.48295, 17.9768151 ], [ 81.4760918, 17.9693392 ], [ 81.4721111, 17.9605004 ], [ 81.4598383, 17.9529465 ], [ 81.4529071, 17.9363682 ], [ 81.4491142, 17.9319347 ], [ 81.4499204, 17.9240287 ], [ 81.4533712, 17.9146296 ], [ 81.4528245, 17.9075582 ], [ 81.4521469, 17.9046991 ], [ 81.4474959, 17.8984869 ], [ 81.4481111, 17.8897362 ], [ 81.444632, 17.8857536 ], [ 81.4392887, 17.8817933 ], [ 81.4353405, 17.8808171 ], [ 81.4214537, 17.8883766 ], [ 81.4166968, 17.8928248 ], [ 81.40834, 17.8959562 ], [ 81.4032887, 17.895786 ], [ 81.399268, 17.8919167 ], [ 81.3954773, 17.8832114 ], [ 81.3955306, 17.8731875 ], [ 81.3942712, 17.8692762 ], [ 81.4038153, 17.8530053 ], [ 81.4032551, 17.8494317 ], [ 81.3956347, 17.8370057 ], [ 81.3895528, 17.8307225 ], [ 81.3885033, 17.8276063 ], [ 81.3888963, 17.8217665 ], [ 81.3919191, 17.8151749 ], [ 81.39309, 17.808083 ], [ 81.3925718, 17.7941632 ], [ 81.3865564, 17.7948697 ], [ 81.3854391, 17.798439 ], [ 81.3834397, 17.7989136 ], [ 81.3773115, 17.8044595 ], [ 81.3692459, 17.8076766 ], [ 81.3587801, 17.8094804 ], [ 81.3541097, 17.8122871 ], [ 81.3484462, 17.8123287 ], [ 81.3456015, 17.810299 ], [ 81.326124, 17.8139508 ], [ 81.3149065, 17.8121092 ], [ 81.3049707, 17.8086589 ], [ 81.2662642, 17.8095223 ], [ 81.2483752, 17.8166584 ], [ 81.2452362, 17.8207489 ], [ 81.2408656, 17.8232452 ], [ 81.2392967, 17.8260154 ], [ 81.234543, 17.8271521 ], [ 81.2292859, 17.8305704 ], [ 81.2156092, 17.8345076 ], [ 81.1993082, 17.8469334 ], [ 81.1683182, 17.8556167 ], [ 81.1661345, 17.8576004 ], [ 81.1572784, 17.8504281 ], [ 81.142135, 17.8414625 ], [ 81.1279175, 17.8269978 ], [ 81.1227433, 17.82398 ], [ 81.1117916, 17.820876 ], [ 81.0976574, 17.8123724 ], [ 81.0939651, 17.8092728 ], [ 81.0904575, 17.8024098 ], [ 81.0732627, 17.7864543 ], [ 81.0466165, 17.7823073 ], [ 81.0389812, 17.7841518 ], [ 81.0317642, 17.7884719 ], [ 81.0190116, 17.7908417 ], [ 81.0094251, 17.7972514 ], [ 81.008219, 17.7993663 ], [ 81.0034586, 17.8195198 ], [ 81.0032341, 17.8306149 ], [ 80.9964545, 17.8490708 ], [ 80.9956019, 17.8597826 ], [ 80.9965511, 17.8717529 ], [ 80.9941676, 17.8809045 ], [ 80.9966563, 17.8873659 ], [ 80.9974044, 17.8967584 ], [ 80.9993356, 17.9032868 ], [ 80.9983402, 17.9167865 ], [ 80.9878431, 17.9444456 ], [ 80.9798745, 18.0019592 ], [ 80.9732572, 18.0236395 ], [ 80.9695359, 18.0317458 ], [ 80.9642599, 18.0381407 ], [ 80.9697597, 18.0438483 ], [ 80.9673271, 18.0517009 ], [ 80.9624447, 18.0629835 ], [ 80.9534356, 18.078627 ], [ 80.9492572, 18.0828616 ], [ 80.9500009, 18.0878802 ], [ 80.951778, 18.0901203 ], [ 80.9555134, 18.1290551 ], [ 80.9787388, 18.1508002 ], [ 80.9790275, 18.1754113 ], [ 80.9576558, 18.1735469 ], [ 80.9516213, 18.1636562 ], [ 80.9423577, 18.1603844 ], [ 80.941638, 18.1566171 ], [ 80.9399033, 18.1554252 ], [ 80.9141702, 18.1411705 ], [ 80.9001315, 18.1371206 ], [ 80.8910832, 18.1359786 ], [ 80.8666696, 18.1369234 ], [ 80.865455, 18.1414544 ], [ 80.8601625, 18.1478643 ], [ 80.8604024, 18.1613942 ], [ 80.8570836, 18.1744224 ], [ 80.8585428, 18.1864525 ], [ 80.853962, 18.1963454 ], [ 80.852912, 18.2020011 ], [ 80.8552136, 18.2041562 ], [ 80.8639062, 18.2026526 ], [ 80.8709678, 18.2047942 ], [ 80.872608, 18.2105765 ], [ 80.8659373, 18.2301279 ], [ 80.8605196, 18.2319933 ], [ 80.8434296, 18.2324385 ], [ 80.8367246, 18.2389198 ], [ 80.8235919, 18.2360753 ], [ 80.822598, 18.2241083 ], [ 80.8240683, 18.1910363 ], [ 80.8174709, 18.1891055 ], [ 80.8132581, 18.1801868 ], [ 80.7991133, 18.1681698 ], [ 80.7754429, 18.166736 ], [ 80.7600316, 18.1676309 ], [ 80.7449779, 18.1703255 ], [ 80.7368202, 18.1773251 ], [ 80.7377063, 18.1806535 ], [ 80.7372023, 18.2220929 ], [ 80.7767755, 18.2428469 ], [ 80.7921047, 18.249201 ], [ 80.7942417, 18.2524764 ], [ 80.7941518, 18.2596287 ], [ 80.7898311, 18.2641158 ], [ 80.7806297, 18.2660474 ], [ 80.775479, 18.2782047 ], [ 80.7691433, 18.2876317 ], [ 80.7655031, 18.2888346 ], [ 80.7618628, 18.2882324 ], [ 80.7594948, 18.2898652 ], [ 80.7568319, 18.2950611 ], [ 80.7587442, 18.2993042 ], [ 80.7577238, 18.3019079 ], [ 80.7487237, 18.3089247 ], [ 80.7476536, 18.3299623 ], [ 80.7421446, 18.341098 ], [ 80.7314978, 18.3549133 ], [ 80.7268992, 18.3691255 ], [ 80.7273217, 18.371954 ], [ 80.7302296, 18.3759224 ], [ 80.7294016, 18.3788383 ], [ 80.7227636, 18.3845585 ], [ 80.719676, 18.3907951 ], [ 80.7321728, 18.4012217 ], [ 80.7348736, 18.4128405 ], [ 80.7304191, 18.4145806 ], [ 80.7228632, 18.4151795 ], [ 80.7208316, 18.4110364 ], [ 80.7182724, 18.4097289 ], [ 80.6989528, 18.4214304 ], [ 80.696204, 18.4247339 ], [ 80.6982434, 18.4375563 ], [ 80.7053136, 18.439862 ], [ 80.7017186, 18.4445897 ], [ 80.6957574, 18.4445666 ], [ 80.6880623, 18.4473594 ], [ 80.6861041, 18.4582596 ], [ 80.6787321, 18.460769 ], [ 80.6733394, 18.4665597 ], [ 80.6690628, 18.4677537 ], [ 80.6553085, 18.4758626 ], [ 80.651298, 18.4858983 ], [ 80.6457182, 18.4915845 ], [ 80.6372057, 18.5043458 ], [ 80.6368495, 18.5070169 ], [ 80.6409385, 18.5115085 ], [ 80.6375692, 18.5225293 ], [ 80.6310914, 18.5219018 ], [ 80.6227648, 18.5285629 ], [ 80.618499, 18.5276707 ], [ 80.6106405, 18.5423747 ], [ 80.599912, 18.5530371 ], [ 80.5909633, 18.5579031 ], [ 80.5714142, 18.5646773 ], [ 80.5674928, 18.5712472 ], [ 80.5564315, 18.5797358 ], [ 80.5422835, 18.5869122 ], [ 80.5345081, 18.5883532 ], [ 80.5352507, 18.5907389 ], [ 80.5307369, 18.598935 ], [ 80.5281347, 18.6026629 ], [ 80.5192887, 18.6086459 ], [ 80.518832, 18.6143079 ], [ 80.5146607, 18.6193325 ], [ 80.5016037, 18.6215722 ], [ 80.488265, 18.6310851 ], [ 80.4791658, 18.6287323 ], [ 80.4775151, 18.6258422 ], [ 80.4740421, 18.6261783 ], [ 80.4655358, 18.6239421 ], [ 80.4561235, 18.6293581 ], [ 80.442124, 18.6232382 ], [ 80.43039, 18.6164571 ], [ 80.4276172, 18.6128757 ], [ 80.4224061, 18.6151177 ], [ 80.4200027, 18.6103977 ], [ 80.4091435, 18.6097947 ], [ 80.3958533, 18.6049316 ], [ 80.3941521, 18.6006088 ], [ 80.3884524, 18.5966566 ], [ 80.3782719, 18.6089079 ], [ 80.3751592, 18.6106562 ], [ 80.3661575, 18.6070602 ], [ 80.3629503, 18.6032295 ], [ 80.3621452, 18.5991458 ], [ 80.3556315, 18.594637 ], [ 80.3497763, 18.5937916 ], [ 80.3463036, 18.5952818 ], [ 80.3342046, 18.6133848 ], [ 80.331017, 18.6282098 ], [ 80.3274897, 18.6353778 ], [ 80.3231249, 18.637563 ], [ 80.3186739, 18.6421467 ], [ 80.3064276, 18.681375 ], [ 80.3007162, 18.6921419 ], [ 80.2864859, 18.7114334 ], [ 80.2836051, 18.7175122 ], [ 80.280797, 18.7202798 ], [ 80.2752494, 18.7215463 ], [ 80.2700415, 18.725609 ], [ 80.2597374, 18.7423211 ], [ 80.2463398, 18.7546988 ], [ 80.2444275, 18.7579006 ], [ 80.2476967, 18.7641968 ], [ 80.2567073, 18.7699825 ], [ 80.2621656, 18.7700988 ], [ 80.2739434, 18.765507 ], [ 80.276788, 18.7665926 ], [ 80.2883742, 18.7737807 ], [ 80.2884483, 18.7773763 ], [ 80.29149, 18.7834714 ], [ 80.2999365, 18.7944472 ], [ 80.3059871, 18.7979413 ], [ 80.3140116, 18.7999271 ], [ 80.3229954, 18.7989677 ], [ 80.3418038, 18.812397 ], [ 80.3503512, 18.814842 ], [ 80.3527414, 18.8189846 ], [ 80.3543107, 18.8264562 ], [ 80.3517185, 18.8416019 ], [ 80.3492601, 18.8477991 ], [ 80.3431763, 18.8550979 ], [ 80.3350454, 18.8688782 ], [ 80.3261925, 18.8808963 ], [ 80.3154981, 18.8894893 ], [ 80.3028063, 18.9054348 ], [ 80.3000559, 18.9108407 ], [ 80.2761998, 18.9297654 ], [ 80.2708781, 18.938476 ], [ 80.2690682, 18.9480738 ], [ 80.2739325, 18.9665108 ], [ 80.2729774, 18.9914355 ], [ 80.2740106, 18.9946929 ], [ 80.2840638, 19.0027451 ], [ 80.2870487, 19.006821 ], [ 80.2915258, 19.0092171 ], [ 80.3031268, 19.0221633 ], [ 80.3051621, 19.0273497 ], [ 80.3028755, 19.0349056 ], [ 80.2982357, 19.0412776 ], [ 80.2963806, 19.0468825 ], [ 80.2973392, 19.0490059 ], [ 80.3002827, 19.0523949 ], [ 80.3072642, 19.0558531 ], [ 80.3199586, 19.0658806 ], [ 80.3296677, 19.0701067 ], [ 80.328925, 19.0759109 ], [ 80.3311439, 19.0813496 ], [ 80.3279219, 19.0950494 ], [ 80.3301266, 19.0950996 ], [ 80.339619, 19.100111 ], [ 80.3362141, 19.1118456 ], [ 80.3306806, 19.12049 ], [ 80.3312346, 19.1279477 ], [ 80.3300025, 19.1327174 ], [ 80.3274307, 19.1351108 ], [ 80.3330789, 19.1455238 ], [ 80.3406835, 19.1462075 ], [ 80.3477833, 19.1523608 ], [ 80.3478866, 19.1601165 ], [ 80.3876592, 19.1805077 ], [ 80.3938449, 19.1877976 ], [ 80.394345, 19.1963707 ], [ 80.3917974, 19.202627 ], [ 80.3851083, 19.2115079 ], [ 80.3839056, 19.2159121 ], [ 80.3862837, 19.2270528 ], [ 80.3863128, 19.2330041 ], [ 80.39359, 19.2450096 ], [ 80.398465, 19.2474031 ], [ 80.4191585, 19.2509809 ], [ 80.4298699, 19.2540766 ], [ 80.4376998, 19.2578683 ], [ 80.4460256, 19.2641709 ], [ 80.454735, 19.2749944 ], [ 80.4573626, 19.2883408 ], [ 80.4630302, 19.3009178 ], [ 80.4713394, 19.313832 ], [ 80.4770492, 19.3299227 ], [ 80.482498, 19.3381358 ], [ 80.4883438, 19.3417684 ], [ 80.4957445, 19.3432316 ], [ 80.5068105, 19.3424178 ], [ 80.5203309, 19.3477696 ], [ 80.5384268, 19.3777893 ], [ 80.5426042, 19.3808898 ], [ 80.5441734, 19.3838761 ], [ 80.5520964, 19.3885364 ], [ 80.5624785, 19.3991007 ], [ 80.5730737, 19.40246 ], [ 80.5770821, 19.4018424 ], [ 80.5804484, 19.3986091 ], [ 80.5917965, 19.3759141 ], [ 80.5882234, 19.3702583 ], [ 80.5908389, 19.3576972 ], [ 80.5900311, 19.351771 ], [ 80.6045102, 19.3290575 ], [ 80.6076557, 19.3261264 ], [ 80.6068235, 19.3219662 ], [ 80.6078944, 19.3182308 ], [ 80.6125435, 19.309518 ], [ 80.6149793, 19.3098253 ], [ 80.6232909, 19.3057242 ], [ 80.631512, 19.3071695 ], [ 80.6353706, 19.3106564 ], [ 80.6364936, 19.3133303 ], [ 80.6469866, 19.3164937 ], [ 80.6483579, 19.3157173 ], [ 80.6540502, 19.322811 ], [ 80.6638925, 19.3254657 ], [ 80.67313, 19.3300127 ], [ 80.6798969, 19.3303321 ], [ 80.6861324, 19.3267339 ], [ 80.6931536, 19.3155464 ], [ 80.6886489, 19.2951722 ], [ 80.6896992, 19.2869752 ], [ 80.6956996, 19.2843316 ], [ 80.6993085, 19.2847412 ], [ 80.7018544, 19.2820977 ], [ 80.7041741, 19.2830947 ], [ 80.7054134, 19.2819714 ], [ 80.7107596, 19.2817564 ], [ 80.7137204, 19.2822651 ], [ 80.7172025, 19.2849439 ], [ 80.721695, 19.2846643 ], [ 80.7265632, 19.2871761 ], [ 80.7383164, 19.285456 ], [ 80.7422947, 19.2870803 ], [ 80.7431276, 19.2890203 ], [ 80.7509574, 19.2877586 ], [ 80.7557314, 19.2892729 ], [ 80.7594903, 19.2912495 ], [ 80.7597362, 19.2958431 ], [ 80.7630401, 19.2971941 ], [ 80.7686124, 19.3036197 ], [ 80.7742124, 19.3135782 ], [ 80.7902212, 19.3235965 ], [ 80.7956724, 19.3234044 ], [ 80.7988311, 19.3266167 ], [ 80.8060941, 19.3275114 ], [ 80.8100738, 19.3362119 ], [ 80.830357, 19.3481838 ], [ 80.8460777, 19.3552533 ], [ 80.8528527, 19.3638999 ], [ 80.8490536, 19.3697379 ], [ 80.8418513, 19.3719149 ], [ 80.8283933, 19.3800784 ], [ 80.820671, 19.3811642 ], [ 80.8173306, 19.3839068 ], [ 80.8166481, 19.3971513 ], [ 80.8122273, 19.4063642 ], [ 80.8044731, 19.411953 ], [ 80.8042898, 19.4194606 ], [ 80.802832, 19.4215826 ], [ 80.7993234, 19.4227203 ], [ 80.7957465, 19.4299347 ], [ 80.7958498, 19.4322648 ], [ 80.8071841, 19.4335515 ], [ 80.8125271, 19.4327561 ], [ 80.8230612, 19.4398451 ], [ 80.8279536, 19.4401411 ], [ 80.8301267, 19.4431873 ], [ 80.8424112, 19.4468885 ], [ 80.8454442, 19.4468905 ], [ 80.8475941, 19.445392 ], [ 80.850489, 19.4466902 ], [ 80.8534538, 19.4447466 ], [ 80.8564828, 19.4460444 ], [ 80.8645588, 19.4444623 ], [ 80.8736309, 19.444988 ], [ 80.8800084, 19.450298 ], [ 80.8934312, 19.4665797 ], [ 80.8976843, 19.4804487 ], [ 80.8950151, 19.5007885 ], [ 80.8929402, 19.5022997 ], [ 80.8942777, 19.5036862 ], [ 80.8932103, 19.5072692 ], [ 80.8947126, 19.5096214 ], [ 80.8949649, 19.5196248 ], [ 80.8912036, 19.5205143 ], [ 80.8836868, 19.5261709 ], [ 80.873139, 19.5187007 ], [ 80.8685106, 19.5217724 ], [ 80.864483, 19.5200446 ], [ 80.8562074, 19.5230028 ], [ 80.8534297, 19.5267831 ], [ 80.849898, 19.5289057 ], [ 80.8496749, 19.5344977 ], [ 80.8436967, 19.5384537 ], [ 80.8416622, 19.5457194 ], [ 80.8394006, 19.5492105 ], [ 80.8406501, 19.5542524 ], [ 80.8394597, 19.5594121 ], [ 80.8355933, 19.5663568 ], [ 80.8317928, 19.567446 ], [ 80.8239595, 19.5667214 ], [ 80.8161538, 19.5711969 ], [ 80.8107861, 19.5688969 ], [ 80.806328, 19.5689563 ], [ 80.8029219, 19.5655724 ], [ 80.7969955, 19.5624843 ], [ 80.7894424, 19.5604177 ], [ 80.7862726, 19.5607677 ], [ 80.7811338, 19.5637469 ], [ 80.7751089, 19.5625119 ], [ 80.7670331, 19.5749137 ], [ 80.7694283, 19.5866697 ], [ 80.7653221, 19.5903853 ], [ 80.7599952, 19.591647 ], [ 80.7575215, 19.5966735 ], [ 80.7458784, 19.6015384 ], [ 80.7408459, 19.6062309 ], [ 80.7330782, 19.6063032 ], [ 80.7303383, 19.6101795 ], [ 80.7146477, 19.6167048 ], [ 80.7056734, 19.6139815 ], [ 80.688468, 19.6131711 ], [ 80.6702714, 19.6093192 ], [ 80.6653321, 19.6118792 ], [ 80.6651082, 19.6160649 ], [ 80.6626174, 19.6224818 ], [ 80.6663712, 19.6379859 ], [ 80.6660992, 19.6442603 ], [ 80.667871, 19.6495862 ], [ 80.667345, 19.6577117 ], [ 80.6742501, 19.6844131 ], [ 80.6722163, 19.7007159 ], [ 80.6634421, 19.7059321 ], [ 80.6564076, 19.7070921 ], [ 80.6501996, 19.7114329 ], [ 80.6401314, 19.7253056 ], [ 80.6267605, 19.7257847 ], [ 80.6211041, 19.7330312 ], [ 80.6139746, 19.7350304 ], [ 80.6110578, 19.7381713 ], [ 80.6057189, 19.7367343 ], [ 80.5989686, 19.7403122 ], [ 80.5972373, 19.7395713 ], [ 80.5959917, 19.740435 ], [ 80.5943768, 19.7391695 ], [ 80.5901032, 19.7422214 ], [ 80.5864669, 19.741136 ], [ 80.5848865, 19.744081 ], [ 80.5814104, 19.7459953 ], [ 80.5841965, 19.7473748 ], [ 80.5820633, 19.7508178 ], [ 80.5738176, 19.7548134 ], [ 80.5714584, 19.7592265 ], [ 80.5621525, 19.7609664 ], [ 80.552607, 19.7655605 ], [ 80.543741, 19.775805 ], [ 80.5426119, 19.7799232 ], [ 80.5424401, 19.783448 ], [ 80.5475574, 19.7948972 ], [ 80.5452154, 19.806079 ], [ 80.546619, 19.8110469 ], [ 80.5463022, 19.8182657 ], [ 80.5202064, 19.8317181 ], [ 80.5119185, 19.8303458 ], [ 80.5040352, 19.8308504 ], [ 80.500369, 19.8277121 ], [ 80.4805813, 19.8275058 ], [ 80.4688777, 19.8104467 ], [ 80.4756525, 19.8036182 ], [ 80.4805036, 19.8020944 ], [ 80.4836468, 19.8031696 ], [ 80.4849679, 19.8024772 ], [ 80.4859546, 19.7964816 ], [ 80.4899931, 19.7901463 ], [ 80.4913051, 19.7752919 ], [ 80.489029, 19.7704104 ], [ 80.482663, 19.7727365 ], [ 80.4808301, 19.781293 ], [ 80.4742271, 19.7862096 ], [ 80.4680305, 19.7888249 ], [ 80.4642583, 19.7957751 ], [ 80.4492968, 19.7897712 ], [ 80.4394886, 19.7960585 ], [ 80.4241623, 19.7991611 ], [ 80.4048777, 19.7937183 ], [ 80.4016982, 19.7962007 ], [ 80.4076883, 19.8060044 ], [ 80.4016243, 19.817038 ], [ 80.4060836, 19.815919 ], [ 80.4130602, 19.8163904 ], [ 80.421585, 19.8133998 ], [ 80.4296752, 19.8071442 ], [ 80.4407211, 19.8103338 ], [ 80.4600749, 19.8229944 ], [ 80.4690793, 19.8270217 ], [ 80.4719028, 19.8355594 ], [ 80.4786898, 19.8393218 ], [ 80.4810201, 19.8454757 ], [ 80.4810171, 19.849271 ], [ 80.4834186, 19.851442 ], [ 80.4841692, 19.8542277 ], [ 80.4825344, 19.8588081 ], [ 80.4862872, 19.8635936 ], [ 80.4995164, 19.8696831 ], [ 80.5058245, 19.8706498 ], [ 80.5024142, 19.878431 ], [ 80.4995845, 19.8908421 ], [ 80.4914266, 19.9020133 ], [ 80.4741427, 19.9038102 ], [ 80.4686237, 19.9075644 ], [ 80.4620348, 19.9043817 ], [ 80.4603533, 19.9011357 ], [ 80.4571679, 19.8989656 ], [ 80.4504639, 19.8964233 ], [ 80.4332355, 19.9028328 ], [ 80.4237138, 19.9025919 ], [ 80.4138831, 19.9074511 ], [ 80.4079537, 19.9127142 ], [ 80.4125737, 19.9246368 ], [ 80.4112528, 19.9384939 ], [ 80.419516, 19.9403432 ], [ 80.4241983, 19.9394382 ], [ 80.4304487, 19.9408248 ], [ 80.4521556, 19.957604 ], [ 80.4588451, 19.9536513 ], [ 80.4619146, 19.9501245 ], [ 80.4640238, 19.9505363 ], [ 80.4660318, 19.9481848 ], [ 80.4731643, 19.9509451 ], [ 80.4791239, 19.9440014 ], [ 80.479978, 19.9409183 ], [ 80.4784247, 19.9384447 ], [ 80.480733, 19.934371 ], [ 80.4887472, 19.9306074 ], [ 80.4959264, 19.9310577 ], [ 80.5000194, 19.9286126 ], [ 80.5047441, 19.9285459 ], [ 80.5096544, 19.9310474 ], [ 80.5236194, 19.9337854 ], [ 80.5256103, 19.9373085 ], [ 80.5298944, 19.9394673 ], [ 80.5316397, 19.9485653 ], [ 80.534947, 19.9511001 ], [ 80.5389018, 19.9518919 ], [ 80.5372086, 19.9593096 ], [ 80.5393905, 19.9625553 ], [ 80.5358023, 19.9655289 ], [ 80.5378048, 19.9695639 ], [ 80.5376393, 19.9737937 ], [ 80.5437802, 19.9775416 ], [ 80.5496005, 19.9859715 ], [ 80.5498518, 20.0008103 ], [ 80.5425649, 20.0107707 ], [ 80.5469671, 20.0179495 ], [ 80.5458712, 20.0211558 ], [ 80.5468422, 20.0289789 ], [ 80.5509844, 20.041636 ], [ 80.5493148, 20.0552483 ], [ 80.5510946, 20.0616355 ], [ 80.5543671, 20.0654262 ], [ 80.5568117, 20.0718767 ], [ 80.5549057, 20.0796851 ], [ 80.5505678, 20.0843173 ], [ 80.544003, 20.0956374 ], [ 80.5477178, 20.1054219 ], [ 80.551933, 20.1093259 ], [ 80.5520725, 20.1179615 ], [ 80.5403406, 20.1228478 ], [ 80.5309777, 20.1314153 ], [ 80.5124108, 20.1358443 ], [ 80.5099345, 20.1412986 ], [ 80.5055945, 20.1444392 ], [ 80.5033855, 20.1439047 ], [ 80.4969541, 20.1455283 ], [ 80.485083, 20.143874 ], [ 80.4768872, 20.1457398 ], [ 80.4661582, 20.1504203 ], [ 80.4601467, 20.1509382 ], [ 80.456645, 20.1493049 ], [ 80.4546534, 20.1452545 ], [ 80.4554484, 20.1379283 ], [ 80.4468012, 20.135999 ], [ 80.4380266, 20.1368272 ], [ 80.4333785, 20.1353303 ], [ 80.4295856, 20.1360956 ], [ 80.4259285, 20.1399312 ], [ 80.4052368, 20.1452385 ], [ 80.4018177, 20.1472443 ], [ 80.3952571, 20.1546116 ], [ 80.3885383, 20.165199 ], [ 80.3920305, 20.1704333 ], [ 80.3965894, 20.1738969 ], [ 80.3979635, 20.1829749 ], [ 80.4006865, 20.1897176 ], [ 80.4121065, 20.1944669 ], [ 80.4210051, 20.196172 ], [ 80.4220513, 20.206799 ], [ 80.4118813, 20.212849 ], [ 80.4048349, 20.2187308 ], [ 80.3991909, 20.2311565 ], [ 80.3951914, 20.2370104 ], [ 80.3952595, 20.245009 ], [ 80.3968818, 20.2454424 ], [ 80.3981354, 20.2442725 ], [ 80.4167807, 20.248817 ], [ 80.4220531, 20.2534861 ], [ 80.4368953, 20.2611664 ], [ 80.4472091, 20.2624635 ], [ 80.4669389, 20.2761225 ], [ 80.479132, 20.2782966 ], [ 80.4899113, 20.2782616 ], [ 80.5104587, 20.2685825 ], [ 80.518817, 20.2661669 ], [ 80.5195615, 20.2694237 ], [ 80.5225597, 20.2735399 ], [ 80.5321951, 20.2808574 ], [ 80.5434991, 20.2935271 ], [ 80.5461778, 20.2976608 ], [ 80.5460443, 20.3060342 ], [ 80.5495759, 20.3089579 ], [ 80.5591988, 20.3085101 ], [ 80.5880839, 20.3179172 ], [ 80.6010538, 20.3173187 ], [ 80.6105238, 20.3184037 ], [ 80.6148516, 20.3223874 ], [ 80.6223685, 20.3254092 ], [ 80.6263521, 20.3326264 ], [ 80.6257967, 20.3369215 ], [ 80.6215782, 20.3395636 ], [ 80.6185374, 20.3447348 ], [ 80.618815, 20.3491338 ], [ 80.6151084, 20.3517938 ], [ 80.6146818, 20.3570825 ], [ 80.6159028, 20.3599098 ], [ 80.6094846, 20.3698545 ], [ 80.6107485, 20.375062 ], [ 80.603803, 20.3812397 ], [ 80.5965845, 20.3838356 ], [ 80.5972883, 20.3859585 ], [ 80.5947329, 20.3857997 ], [ 80.5914815, 20.3930708 ], [ 80.5989175, 20.410582 ], [ 80.6000948, 20.4180116 ], [ 80.6045305, 20.4224292 ], [ 80.6081331, 20.4241458 ], [ 80.613642, 20.434981 ], [ 80.6128894, 20.4387114 ], [ 80.6080496, 20.4438777 ], [ 80.6026635, 20.4462076 ], [ 80.6021742, 20.4499606 ], [ 80.6125954, 20.46193 ], [ 80.6163462, 20.4883598 ], [ 80.6147116, 20.4925599 ], [ 80.619295, 20.505854 ], [ 80.6172223, 20.5106598 ], [ 80.618852, 20.5143362 ], [ 80.6173227, 20.5151716 ], [ 80.6189501, 20.518978 ], [ 80.6180752, 20.5206003 ], [ 80.6201653, 20.522172 ], [ 80.6208843, 20.5258935 ], [ 80.6179551, 20.5254508 ], [ 80.6213156, 20.5327989 ], [ 80.6178729, 20.5429335 ], [ 80.6179685, 20.5465781 ], [ 80.615269, 20.5498974 ], [ 80.6177382, 20.5521196 ], [ 80.6184333, 20.55529 ], [ 80.6243072, 20.5557734 ], [ 80.6240627, 20.5590342 ], [ 80.626585, 20.5638124 ], [ 80.6258658, 20.5684551 ], [ 80.6209552, 20.5700629 ], [ 80.621075, 20.5744256 ], [ 80.6247915, 20.5764399 ], [ 80.6255542, 20.5781335 ], [ 80.6217318, 20.5825279 ], [ 80.617708, 20.5843162 ], [ 80.6173483, 20.5857524 ], [ 80.6232281, 20.5892301 ], [ 80.6240578, 20.5920482 ], [ 80.6318616, 20.5984024 ], [ 80.628293, 20.6000917 ], [ 80.6123064, 20.6005067 ], [ 80.6050245, 20.6074251 ], [ 80.6014077, 20.608793 ], [ 80.587531, 20.6076028 ], [ 80.5807674, 20.6083645 ], [ 80.5643933, 20.6036175 ], [ 80.5578309, 20.5943432 ], [ 80.5449719, 20.5901824 ], [ 80.5388381, 20.5849952 ], [ 80.5259491, 20.5808153 ], [ 80.5209282, 20.5804781 ], [ 80.5108213, 20.5831499 ], [ 80.5044138, 20.5833534 ], [ 80.502842, 20.5938209 ], [ 80.4967497, 20.6023961 ], [ 80.4941495, 20.6125042 ], [ 80.4942023, 20.6266707 ], [ 80.4956501, 20.6368484 ], [ 80.5179268, 20.6550623 ], [ 80.5212936, 20.6572773 ], [ 80.5307829, 20.6601054 ], [ 80.544909, 20.660284 ], [ 80.5480366, 20.6621824 ], [ 80.5524675, 20.6680915 ], [ 80.5569676, 20.670234 ], [ 80.5801252, 20.6729196 ], [ 80.5836848, 20.6766193 ], [ 80.5876515, 20.6846997 ], [ 80.5818027, 20.6974116 ], [ 80.5748508, 20.7040531 ], [ 80.56729, 20.7073701 ], [ 80.5651527, 20.7107882 ], [ 80.5633927, 20.7189258 ], [ 80.5600825, 20.7258028 ], [ 80.5600429, 20.7283996 ], [ 80.5628442, 20.7340007 ], [ 80.5627599, 20.7473246 ], [ 80.5583622, 20.7518842 ], [ 80.5516635, 20.7640345 ], [ 80.55242, 20.7685872 ], [ 80.5511348, 20.7751125 ], [ 80.5521885, 20.7808711 ], [ 80.5491748, 20.7960622 ], [ 80.5585908, 20.8115791 ], [ 80.5618132, 20.8243655 ], [ 80.5612342, 20.830584 ], [ 80.5565424, 20.8378442 ], [ 80.5550397, 20.8465824 ], [ 80.5566361, 20.8539262 ], [ 80.5565321, 20.8608856 ], [ 80.5539326, 20.8715787 ], [ 80.5557745, 20.8788549 ], [ 80.5547642, 20.8812978 ], [ 80.5561158, 20.889197 ], [ 80.5480981, 20.911842 ], [ 80.5417761, 20.9239151 ], [ 80.5429385, 20.9253472 ], [ 80.5420274, 20.9302151 ], [ 80.5443059, 20.9300942 ], [ 80.5446175, 20.9315621 ], [ 80.5462757, 20.9319919 ], [ 80.5460578, 20.9350131 ], [ 80.539017, 20.9325846 ], [ 80.5364162, 20.9328542 ], [ 80.5344828, 20.9345874 ], [ 80.51907, 20.9298231 ], [ 80.5032686, 20.9313481 ], [ 80.4929457, 20.9293299 ], [ 80.4636959, 20.9291986 ], [ 80.4617515, 20.9333228 ], [ 80.4617457, 20.9398395 ], [ 80.4547164, 20.9465945 ], [ 80.453824, 20.9500272 ], [ 80.4546956, 20.9527951 ], [ 80.4523364, 20.955393 ], [ 80.4491054, 20.9646162 ], [ 80.4474712, 20.9655517 ], [ 80.4453532, 20.9706287 ], [ 80.4438427, 20.9769853 ], [ 80.4455307, 20.9797738 ], [ 80.4447537, 20.9841095 ], [ 80.4428794, 20.9864451 ], [ 80.4437725, 20.9940407 ], [ 80.4351756, 21.0014792 ], [ 80.425806, 21.0059663 ], [ 80.4242627, 21.0085027 ], [ 80.4250957, 21.0113791 ], [ 80.4288761, 21.0116941 ], [ 80.4358053, 21.0202316 ], [ 80.4392304, 21.021838 ], [ 80.4388472, 21.0255278 ], [ 80.4401182, 21.0280834 ], [ 80.4447213, 21.0279867 ], [ 80.4494989, 21.030324 ], [ 80.4506373, 21.0368401 ], [ 80.4526443, 21.0388308 ], [ 80.4511984, 21.0428417 ], [ 80.4539314, 21.0530647 ], [ 80.4515565, 21.0564212 ], [ 80.4495027, 21.0572576 ], [ 80.4495572, 21.0602924 ], [ 80.4471819, 21.0632605 ], [ 80.4496626, 21.0691843 ], [ 80.4465229, 21.0734127 ], [ 80.4473432, 21.0782762 ], [ 80.4462922, 21.0841248 ], [ 80.440867, 21.0898353 ], [ 80.4416386, 21.0936013 ], [ 80.4391472, 21.0965603 ], [ 80.4464706, 21.1047991 ], [ 80.4478026, 21.1124215 ], [ 80.4536015, 21.1115564 ], [ 80.4552532, 21.1133529 ], [ 80.4581941, 21.1138708 ], [ 80.4547361, 21.1182756 ], [ 80.4447698, 21.1210664 ], [ 80.4587535, 21.1500527 ], [ 80.4610396, 21.1572726 ], [ 80.4608128, 21.1647601 ], [ 80.464054, 21.1746349 ], [ 80.4733651, 21.1736813 ], [ 80.4757032, 21.170993 ], [ 80.4786111, 21.1706841 ], [ 80.4867475, 21.1767574 ], [ 80.4920632, 21.1770202 ], [ 80.493606, 21.1795978 ], [ 80.5004455, 21.1827253 ], [ 80.502586, 21.1853191 ], [ 80.5073102, 21.1846269 ], [ 80.5092736, 21.1860147 ], [ 80.5149865, 21.1830289 ], [ 80.5177578, 21.1928123 ], [ 80.5296292, 21.2053331 ], [ 80.5414397, 21.2010898 ], [ 80.5528817, 21.2007653 ], [ 80.5594688, 21.2021047 ], [ 80.5697681, 21.2058115 ], [ 80.577903, 21.2174921 ], [ 80.5875823, 21.2220963 ], [ 80.5981919, 21.2254762 ], [ 80.6059224, 21.2242037 ], [ 80.6137825, 21.2265662 ], [ 80.617019, 21.2292941 ], [ 80.6179195, 21.232821 ], [ 80.6231165, 21.2400918 ], [ 80.6350002, 21.247475 ], [ 80.6392634, 21.2473212 ], [ 80.6438353, 21.2514729 ], [ 80.6487892, 21.2621615 ], [ 80.6496296, 21.2747878 ], [ 80.6533693, 21.2796464 ], [ 80.6590793, 21.2819484 ], [ 80.6588058, 21.2866902 ], [ 80.6612401, 21.2910656 ], [ 80.6699665, 21.2911583 ], [ 80.675856, 21.2947512 ], [ 80.6795678, 21.298837 ], [ 80.6788997, 21.303326 ], [ 80.6814706, 21.3095842 ], [ 80.6815637, 21.3135672 ], [ 80.6753386, 21.3177464 ], [ 80.6750556, 21.3214675 ], [ 80.6711965, 21.3256458 ], [ 80.6655582, 21.3282485 ], [ 80.6631403, 21.3343726 ], [ 80.6600452, 21.3340841 ], [ 80.6641822, 21.3373302 ], [ 80.6711378, 21.3382452 ], [ 80.672416, 21.3409634 ], [ 80.6715981, 21.3457685 ], [ 80.6777788, 21.3488058 ], [ 80.6764781, 21.3510145 ], [ 80.6792943, 21.3538541 ], [ 80.6792182, 21.356663 ], [ 80.6818757, 21.3599497 ], [ 80.6801999, 21.364859 ], [ 80.6849266, 21.3701454 ], [ 80.6873949, 21.3699639 ], [ 80.6902933, 21.3720672 ], [ 80.6947279, 21.3802481 ], [ 80.6953666, 21.3849263 ], [ 80.6991063, 21.3909443 ], [ 80.69742, 21.3935823 ], [ 80.7005461, 21.396602 ], [ 80.7010883, 21.4006299 ], [ 80.6999282, 21.4045818 ], [ 80.7065482, 21.4115556 ], [ 80.7071926, 21.4254551 ], [ 80.7057391, 21.4308838 ], [ 80.7068158, 21.4330735 ], [ 80.7142936, 21.4361855 ], [ 80.7235453, 21.4442952 ], [ 80.7300099, 21.4525552 ], [ 80.7349261, 21.4599083 ], [ 80.7377536, 21.4731242 ], [ 80.7371614, 21.4809821 ], [ 80.7328891, 21.4843356 ], [ 80.7275998, 21.4961975 ], [ 80.7292906, 21.4989556 ], [ 80.7332111, 21.5006649 ], [ 80.731497, 21.5081802 ], [ 80.7336541, 21.5127928 ], [ 80.7304785, 21.5155981 ], [ 80.7313652, 21.5197945 ], [ 80.7407816, 21.5392259 ], [ 80.7341884, 21.5457742 ], [ 80.7276314, 21.5486881 ], [ 80.7245541, 21.5526675 ], [ 80.719994, 21.5549955 ], [ 80.7223783, 21.5599326 ], [ 80.7211688, 21.5612178 ], [ 80.7259832, 21.5663521 ], [ 80.7257071, 21.5691047 ], [ 80.728675, 21.5699453 ], [ 80.7289145, 21.572575 ], [ 80.7255025, 21.5800871 ], [ 80.7153557, 21.58505 ], [ 80.7186125, 21.5874336 ], [ 80.7154337, 21.5902964 ], [ 80.7180834, 21.5931967 ], [ 80.7163672, 21.5990689 ], [ 80.718674, 21.5992511 ], [ 80.7187892, 21.6003673 ], [ 80.7170484, 21.6029661 ], [ 80.7207879, 21.6065704 ], [ 80.721912, 21.6095516 ], [ 80.7249784, 21.6095516 ], [ 80.7229677, 21.61203 ], [ 80.7234008, 21.6140484 ], [ 80.730946, 21.6173477 ], [ 80.7293759, 21.6181896 ], [ 80.7290995, 21.6205599 ], [ 80.7315737, 21.6265088 ], [ 80.729005, 21.6268621 ], [ 80.7295837, 21.6340329 ], [ 80.7276383, 21.6366641 ], [ 80.7283179, 21.6399978 ], [ 80.7268457, 21.6456234 ], [ 80.7250121, 21.6446459 ], [ 80.7192832, 21.6453709 ], [ 80.7181973, 21.6550055 ], [ 80.7166007, 21.6572071 ], [ 80.7170771, 21.6600815 ], [ 80.7143873, 21.6615499 ], [ 80.7162986, 21.6632752 ], [ 80.715262, 21.6657819 ], [ 80.7180119, 21.6661932 ], [ 80.7191819, 21.6684872 ], [ 80.7159762, 21.6747283 ], [ 80.7214524, 21.6770031 ], [ 80.7228852, 21.6800009 ], [ 80.7253087, 21.6812839 ], [ 80.7297778, 21.6920633 ], [ 80.732996, 21.6926585 ], [ 80.7341365, 21.6945068 ], [ 80.7323293, 21.6981612 ], [ 80.7351263, 21.7038922 ], [ 80.733974, 21.7059399 ], [ 80.7290213, 21.7069204 ], [ 80.725676, 21.7121351 ], [ 80.7261427, 21.7136657 ], [ 80.7320591, 21.7136626 ], [ 80.7339969, 21.720526 ], [ 80.7333822, 21.7277712 ], [ 80.7398651, 21.7320012 ], [ 80.7378068, 21.7362634 ], [ 80.7403401, 21.7441287 ], [ 80.7474671, 21.7555445 ], [ 80.7559915, 21.762065 ], [ 80.7593843, 21.7591846 ], [ 80.7644284, 21.7582446 ], [ 80.7665115, 21.7596289 ], [ 80.7720338, 21.7585189 ], [ 80.7779249, 21.7547741 ], [ 80.7762663, 21.7536335 ], [ 80.7796258, 21.7507011 ], [ 80.785851, 21.7487643 ], [ 80.7844646, 21.74287 ], [ 80.7854326, 21.7403079 ], [ 80.8032585, 21.744472 ], [ 80.8045083, 21.7466174 ], [ 80.8092636, 21.7484288 ], [ 80.8197392, 21.7480232 ], [ 80.8201687, 21.7540177 ], [ 80.816612, 21.7539873 ], [ 80.8156312, 21.7557294 ], [ 80.8171223, 21.7621332 ], [ 80.8189603, 21.7641938 ], [ 80.8186351, 21.7656047 ], [ 80.82222, 21.7664408 ], [ 80.8227769, 21.76795 ], [ 80.8213303, 21.7680017 ], [ 80.8245757, 21.770446 ], [ 80.8226264, 21.771399 ], [ 80.8240626, 21.7721802 ], [ 80.8227374, 21.7728888 ], [ 80.8235231, 21.7745578 ], [ 80.8268599, 21.7768064 ], [ 80.8282097, 21.7762121 ], [ 80.8286709, 21.777415 ], [ 80.8270908, 21.778629 ], [ 80.8295394, 21.7799379 ], [ 80.8283055, 21.779779 ], [ 80.8261784, 21.78298 ], [ 80.8302229, 21.7867811 ], [ 80.8299506, 21.7886755 ], [ 80.8318121, 21.789464 ], [ 80.8320506, 21.7941967 ], [ 80.8338875, 21.7960373 ], [ 80.8366285, 21.7961042 ], [ 80.835673, 21.7971688 ], [ 80.8401817, 21.8021473 ], [ 80.8390415, 21.802245 ], [ 80.8383553, 21.8050584 ], [ 80.8395541, 21.8061552 ], [ 80.8384448, 21.8064098 ], [ 80.8395608, 21.8072121 ], [ 80.8379252, 21.8091742 ], [ 80.8403645, 21.8123958 ], [ 80.8390675, 21.8134794 ], [ 80.8414268, 21.815395 ], [ 80.8404415, 21.8158619 ], [ 80.8404996, 21.8183928 ], [ 80.8428515, 21.821565 ], [ 80.8426057, 21.8241051 ], [ 80.8451789, 21.8288248 ], [ 80.8424731, 21.8355318 ], [ 80.83985, 21.8373144 ], [ 80.8383698, 21.8367041 ], [ 80.8386789, 21.8383583 ], [ 80.8406969, 21.8386743 ], [ 80.8389057, 21.8400212 ], [ 80.8412674, 21.8397816 ], [ 80.8393703, 21.8478431 ], [ 80.8409854, 21.8483017 ], [ 80.8418608, 21.8505836 ], [ 80.8465394, 21.8528149 ], [ 80.8509432, 21.8521025 ], [ 80.8525635, 21.8548581 ], [ 80.8513722, 21.8544655 ], [ 80.8515019, 21.8558833 ], [ 80.8502411, 21.8558821 ], [ 80.8492888, 21.8591724 ], [ 80.8464999, 21.8599735 ], [ 80.8486469, 21.8621934 ], [ 80.8469012, 21.8633429 ], [ 80.8456623, 21.8623928 ], [ 80.8454356, 21.8642607 ], [ 80.8432642, 21.865555 ], [ 80.8457581, 21.8697488 ], [ 80.849092, 21.8711333 ], [ 80.8527157, 21.8704809 ], [ 80.8533094, 21.8725712 ], [ 80.8495648, 21.8734393 ], [ 80.8499117, 21.8762465 ], [ 80.846213, 21.8738745 ], [ 80.842952, 21.8760736 ], [ 80.8450365, 21.8776693 ], [ 80.844293, 21.8801246 ], [ 80.8427935, 21.8806444 ], [ 80.8432626, 21.8823916 ], [ 80.8413237, 21.8821503 ], [ 80.8399674, 21.8842839 ], [ 80.8349854, 21.8855938 ], [ 80.8331796, 21.8890595 ], [ 80.8339398, 21.8910498 ], [ 80.8320527, 21.8903515 ], [ 80.8331338, 21.8946013 ], [ 80.834772, 21.895743 ], [ 80.8331532, 21.898746 ], [ 80.8343331, 21.90061 ], [ 80.8333902, 21.9021251 ], [ 80.8361353, 21.9069989 ], [ 80.8355598, 21.907824 ], [ 80.8333412, 21.9066675 ], [ 80.8321202, 21.9079674 ], [ 80.8350024, 21.9083375 ], [ 80.8344179, 21.9102662 ], [ 80.8360319, 21.9117076 ], [ 80.8362304, 21.914607 ], [ 80.8381526, 21.9157191 ], [ 80.8378742, 21.9178174 ], [ 80.8398108, 21.919453 ], [ 80.8392491, 21.9230458 ], [ 80.8461003, 21.9262442 ], [ 80.8456208, 21.9304271 ], [ 80.8476516, 21.9307419 ], [ 80.8476965, 21.9325331 ], [ 80.845807, 21.9339702 ], [ 80.8457142, 21.9398477 ], [ 80.8413868, 21.9411744 ], [ 80.8427998, 21.9424604 ], [ 80.8458907, 21.9420778 ], [ 80.8420431, 21.9441451 ], [ 80.8430362, 21.9461193 ], [ 80.8375267, 21.9469831 ], [ 80.8376795, 21.948838 ], [ 80.8364714, 21.9497434 ], [ 80.8340382, 21.9457516 ], [ 80.8312868, 21.9472879 ], [ 80.8331807, 21.9501061 ], [ 80.8289824, 21.9483831 ], [ 80.8274655, 21.9512676 ], [ 80.8291298, 21.9535478 ], [ 80.8281738, 21.9543031 ], [ 80.8260232, 21.9528358 ], [ 80.827501, 21.9561739 ], [ 80.8254944, 21.9584206 ], [ 80.8288071, 21.9587102 ], [ 80.8360568, 21.9545349 ], [ 80.8384918, 21.95797 ], [ 80.840875, 21.9555838 ], [ 80.8474691, 21.9557241 ], [ 80.852673, 21.9573074 ], [ 80.8591404, 21.9707775 ], [ 80.865745, 21.9942591 ], [ 80.8757764, 22.0110439 ], [ 80.8769486, 22.0339059 ], [ 80.8757911, 22.0385343 ], [ 80.8858033, 22.049624 ], [ 80.8821561, 22.052478 ], [ 80.8825149, 22.0585604 ], [ 80.8861093, 22.0591472 ], [ 80.8890058, 22.0571014 ], [ 80.8929545, 22.063084 ], [ 80.8970675, 22.0647768 ], [ 80.9079341, 22.109573 ], [ 80.9146854, 22.1131883 ], [ 80.9219517, 22.1199505 ], [ 80.9475775, 22.1182659 ], [ 80.9569792, 22.110418 ], [ 80.9607645, 22.1035706 ], [ 80.9610095, 22.1000349 ], [ 80.9665485, 22.0935251 ], [ 80.9676069, 22.0892529 ], [ 80.9716628, 22.0830462 ], [ 80.9721299, 22.0789053 ], [ 80.9700628, 22.0740208 ], [ 80.9691762, 22.0667107 ], [ 80.9694029, 22.0579912 ], [ 80.980537, 22.0547061 ], [ 80.9835355, 22.0485992 ], [ 80.9896651, 22.051381 ], [ 80.9943909, 22.0492418 ], [ 80.9948784, 22.0586066 ], [ 80.9983119, 22.0575971 ], [ 81.0031667, 22.0584911 ], [ 81.0062048, 22.0632074 ], [ 81.0089494, 22.0717708 ], [ 81.0066989, 22.0750022 ], [ 81.0045815, 22.0753619 ], [ 81.0014496, 22.0834965 ], [ 81.0061177, 22.0921922 ], [ 81.0113334, 22.0955689 ], [ 81.0066588, 22.0999456 ], [ 81.0031642, 22.1010629 ], [ 80.9904764, 22.113554 ], [ 80.9843421, 22.1145561 ], [ 80.9809612, 22.1102145 ], [ 80.9783419, 22.1199651 ], [ 80.9826012, 22.1256969 ], [ 80.9889521, 22.1282528 ], [ 80.9948736, 22.1330214 ], [ 80.9973356, 22.1329248 ], [ 80.9990605, 22.1313164 ], [ 81.0136778, 22.1336719 ], [ 81.021913, 22.132729 ], [ 81.0237773, 22.1486742 ], [ 81.0222148, 22.1577312 ], [ 81.0263073, 22.1628407 ], [ 81.0267509, 22.1663901 ], [ 81.0171617, 22.1796097 ], [ 81.0166578, 22.1855291 ], [ 81.0224343, 22.1894748 ], [ 81.025529, 22.1873996 ], [ 81.0306637, 22.1874027 ], [ 81.0290069, 22.192495 ], [ 81.0316398, 22.1996535 ], [ 81.0303719, 22.2031748 ], [ 81.0217584, 22.2121191 ], [ 81.0195238, 22.217342 ], [ 81.0194627, 22.2211845 ], [ 81.0236374, 22.2292788 ], [ 81.0270471, 22.2289151 ], [ 81.0377369, 22.2337973 ], [ 81.0500614, 22.2445505 ], [ 81.0595983, 22.2442909 ], [ 81.0726098, 22.2483748 ], [ 81.0760355, 22.2446462 ], [ 81.077706, 22.2390386 ], [ 81.079549, 22.2393777 ], [ 81.0824093, 22.2438306 ], [ 81.0915269, 22.2490028 ], [ 81.0973103, 22.268984 ], [ 81.1018545, 22.2783044 ], [ 81.107991, 22.2845048 ], [ 81.1158944, 22.2883028 ], [ 81.1187182, 22.2912605 ], [ 81.1189358, 22.3092226 ], [ 81.1135481, 22.3241275 ], [ 81.1212109, 22.3425955 ], [ 81.1131236, 22.3532739 ], [ 81.111812, 22.3631804 ], [ 81.1086651, 22.3738228 ], [ 81.1036631, 22.3833676 ], [ 81.1059785, 22.387689 ], [ 81.1083367, 22.4009552 ], [ 81.1103356, 22.4174362 ], [ 81.108824, 22.4287559 ], [ 81.1111641, 22.4375745 ], [ 81.1205285, 22.4458018 ], [ 81.1270083, 22.4492289 ], [ 81.1410278, 22.4542265 ], [ 81.1496986, 22.4531282 ], [ 81.1551153, 22.4549146 ], [ 81.1628154, 22.4745505 ], [ 81.1672424, 22.4779675 ], [ 81.1726923, 22.4879085 ], [ 81.186973, 22.4888428 ], [ 81.193519, 22.4909532 ], [ 81.1976665, 22.4895666 ], [ 81.1999201, 22.4852025 ], [ 81.2003876, 22.4694621 ], [ 81.201446, 22.4682018 ], [ 81.1994617, 22.4630331 ], [ 81.2061153, 22.4608351 ], [ 81.2077402, 22.4565945 ], [ 81.2321909, 22.452155 ], [ 81.2483148, 22.458808 ], [ 81.2619331, 22.4721696 ], [ 81.2597799, 22.4851314 ], [ 81.2621298, 22.493265 ], [ 81.2690678, 22.4943218 ], [ 81.2732863, 22.4931866 ], [ 81.2812693, 22.5029542 ], [ 81.2917842, 22.4942944 ], [ 81.2999496, 22.4902933 ], [ 81.3072907, 22.4819072 ], [ 81.313728, 22.4829212 ], [ 81.3151787, 22.4877666 ], [ 81.3204853, 22.4859579 ], [ 81.3227969, 22.4891599 ], [ 81.322252, 22.4911826 ], [ 81.3181256, 22.4939174 ], [ 81.3208899, 22.4952278 ], [ 81.3182029, 22.5018579 ], [ 81.3198466, 22.5032319 ], [ 81.3199266, 22.5070519 ], [ 81.3172143, 22.5146143 ], [ 81.3183907, 22.5168647 ], [ 81.3233828, 22.5189259 ], [ 81.3228708, 22.5230207 ], [ 81.3265267, 22.5261441 ], [ 81.3347446, 22.5242353 ], [ 81.3400584, 22.5195077 ], [ 81.3506005, 22.5175916 ], [ 81.3538844, 22.5142312 ], [ 81.3543086, 22.5112568 ], [ 81.360593, 22.5120367 ], [ 81.3613552, 22.5150043 ], [ 81.3706256, 22.5148826 ], [ 81.3724087, 22.5147232 ], [ 81.3758197, 22.5110535 ], [ 81.3820553, 22.5098183 ], [ 81.381948, 22.508235 ], [ 81.3848236, 22.5046645 ], [ 81.3861922, 22.4985505 ], [ 81.3840633, 22.4897594 ], [ 81.3915009, 22.4777076 ], [ 81.3912523, 22.4710928 ], [ 81.3886528, 22.4682078 ], [ 81.3900611, 22.4633086 ], [ 81.3881078, 22.4592134 ], [ 81.3904538, 22.4558222 ], [ 81.3900599, 22.4522642 ], [ 81.3929838, 22.4490445 ], [ 81.3933816, 22.4453194 ], [ 81.3964118, 22.4400813 ], [ 81.4067044, 22.440951 ], [ 81.4229543, 22.4476928 ], [ 81.4286994, 22.4568885 ], [ 81.4267094, 22.4614541 ], [ 81.4245094, 22.4632654 ], [ 81.4227774, 22.4700479 ], [ 81.4278386, 22.4798128 ], [ 81.4322063, 22.4792063 ], [ 81.4344809, 22.4811199 ], [ 81.4392137, 22.482125 ], [ 81.4415254, 22.479907 ], [ 81.4429314, 22.4737973 ], [ 81.4410162, 22.4717843 ], [ 81.4473678, 22.4658756 ], [ 81.4552774, 22.4668787 ], [ 81.4589274, 22.4692925 ], [ 81.4586759, 22.4712071 ], [ 81.4573013, 22.4716774 ], [ 81.4558911, 22.4694973 ], [ 81.4541959, 22.4700354 ], [ 81.4528589, 22.4683925 ], [ 81.4490302, 22.4675184 ], [ 81.4466168, 22.4697636 ], [ 81.4501933, 22.4712429 ], [ 81.4508823, 22.4785889 ], [ 81.4498721, 22.4791267 ], [ 81.4464015, 22.4761753 ], [ 81.4425405, 22.4791977 ], [ 81.4472367, 22.4846546 ], [ 81.4510811, 22.4866034 ], [ 81.4439747, 22.49072 ], [ 81.4426062, 22.4943509 ], [ 81.4468915, 22.4934279 ], [ 81.4494243, 22.4957566 ], [ 81.4525731, 22.4958093 ], [ 81.4588376, 22.4894712 ], [ 81.461987, 22.4909009 ], [ 81.4630088, 22.4930676 ], [ 81.4727955, 22.4937393 ], [ 81.4785621, 22.4922185 ], [ 81.4847101, 22.4878301 ], [ 81.4870103, 22.4902352 ], [ 81.4863135, 22.4937575 ], [ 81.4893807, 22.5031664 ], [ 81.4944216, 22.5050091 ], [ 81.4974356, 22.5116416 ], [ 81.4955299, 22.514262 ], [ 81.4966494, 22.5195183 ], [ 81.5093118, 22.526063 ], [ 81.5104914, 22.5219551 ], [ 81.5182449, 22.5198021 ], [ 81.5234409, 22.5321726 ], [ 81.5232155, 22.5346424 ], [ 81.5213379, 22.5365962 ], [ 81.5222305, 22.5390125 ], [ 81.5326716, 22.5385266 ], [ 81.5409818, 22.5330406 ], [ 81.5460835, 22.5275797 ], [ 81.5529589, 22.5310461 ], [ 81.558952, 22.5307868 ], [ 81.5625329, 22.5334431 ], [ 81.5700331, 22.5322719 ], [ 81.5630333, 22.5339626 ], [ 81.5627525, 22.5423608 ], [ 81.5628328, 22.5474991 ], [ 81.5695494, 22.55073 ], [ 81.5862346, 22.5439168 ], [ 81.5918291, 22.5452184 ], [ 81.5943477, 22.5422299 ], [ 81.5963369, 22.536532 ], [ 81.5999777, 22.5352593 ], [ 81.604989, 22.5346098 ], [ 81.6132127, 22.5386653 ], [ 81.6154196, 22.5369225 ], [ 81.6219425, 22.5380155 ], [ 81.6286893, 22.544418 ], [ 81.6240422, 22.5558822 ], [ 81.6290252, 22.5633593 ], [ 81.635185, 22.5652825 ], [ 81.6362492, 22.5600538 ], [ 81.6387384, 22.5610966 ], [ 81.6427683, 22.5597145 ], [ 81.6438575, 22.5612767 ], [ 81.6492881, 22.5632807 ], [ 81.6534592, 22.5630181 ], [ 81.6599315, 22.5694555 ], [ 81.6561789, 22.5722919 ], [ 81.6555623, 22.5758183 ], [ 81.6551739, 22.578812 ], [ 81.6578349, 22.5844419 ], [ 81.6556759, 22.584185 ], [ 81.651839, 22.5808535 ], [ 81.6497143, 22.5814543 ], [ 81.6489564, 22.5849628 ], [ 81.6454847, 22.584444 ], [ 81.6449794, 22.5868642 ], [ 81.6494337, 22.5889451 ], [ 81.6464927, 22.5934065 ], [ 81.6480348, 22.5977002 ], [ 81.6457115, 22.6048707 ], [ 81.6472545, 22.6132642 ], [ 81.6527413, 22.6185597 ], [ 81.6608975, 22.6192894 ], [ 81.6624414, 22.6268114 ], [ 81.6690432, 22.6319615 ], [ 81.6720541, 22.6325566 ], [ 81.6745074, 22.6375452 ], [ 81.6801759, 22.6422255 ], [ 81.6833154, 22.6469066 ], [ 81.6887692, 22.6484668 ], [ 81.6988854, 22.6447645 ], [ 81.7131403, 22.6480894 ], [ 81.7227249, 22.6570645 ], [ 81.7252565, 22.6730781 ], [ 81.7278515, 22.6753475 ], [ 81.7394724, 22.6721204 ], [ 81.7395284, 22.6750868 ], [ 81.7429904, 22.6725377 ], [ 81.7464022, 22.6629133 ], [ 81.7502944, 22.6593504 ], [ 81.7520173, 22.6543724 ], [ 81.7490127, 22.6517806 ], [ 81.7484656, 22.6483731 ], [ 81.7499796, 22.6455815 ], [ 81.7526278, 22.6444865 ], [ 81.7570426, 22.6471965 ], [ 81.7674331, 22.6629301 ], [ 81.7723707, 22.6682061 ], [ 81.7728435, 22.6847024 ], [ 81.7611526, 22.6975326 ], [ 81.7534424, 22.7210205 ], [ 81.7535928, 22.7285159 ], [ 81.7557342, 22.7337902 ], [ 81.7632828, 22.7356241 ], [ 81.7699286, 22.7355758 ], [ 81.7690156, 22.7418657 ], [ 81.7730711, 22.7505502 ], [ 81.779282, 22.7508555 ], [ 81.7807221, 22.7545313 ], [ 81.7844101, 22.7574529 ], [ 81.7884803, 22.7635544 ], [ 81.7943917, 22.7664599 ], [ 81.7835867, 22.7793462 ], [ 81.7836973, 22.7839533 ], [ 81.7822199, 22.7852086 ], [ 81.7809755, 22.7899406 ], [ 81.7819268, 22.7960746 ], [ 81.7841304, 22.7986993 ], [ 81.781778, 22.8109454 ], [ 81.777908, 22.8132795 ], [ 81.7776585, 22.8164255 ], [ 81.7694576, 22.8277566 ], [ 81.7613452, 22.8302873 ], [ 81.7678375, 22.8354058 ], [ 81.7740128, 22.8502212 ], [ 81.7765286, 22.8516405 ], [ 81.7772944, 22.8554877 ], [ 81.7749032, 22.8639106 ], [ 81.7774613, 22.8675212 ], [ 81.7756831, 22.8744368 ], [ 81.8175773, 22.8822819 ], [ 81.8274823, 22.8828036 ], [ 81.8339204, 22.8809 ], [ 81.8383746, 22.8827842 ], [ 81.8382384, 22.8852461 ], [ 81.8420717, 22.8877492 ], [ 81.8462604, 22.8867237 ], [ 81.8531913, 22.8908925 ], [ 81.8616266, 22.889261 ], [ 81.8694914, 22.8945079 ], [ 81.8681125, 22.9020931 ], [ 81.8693258, 22.9098024 ], [ 81.8655233, 22.9127379 ], [ 81.866114, 22.9158106 ], [ 81.869124, 22.917334 ], [ 81.8782403, 22.9098086 ], [ 81.8904006, 22.9226551 ], [ 81.8981452, 22.925929 ], [ 81.9046867, 22.9314506 ], [ 81.9127446, 22.9416502 ], [ 81.9189217, 22.9465453 ], [ 81.9463076, 22.9567787 ], [ 81.9478057, 22.9675368 ], [ 81.9462081, 22.9739172 ], [ 81.9504814, 22.9829269 ], [ 81.9447601, 22.9891732 ], [ 81.9454406, 22.9958209 ], [ 81.9391373, 23.0046158 ], [ 81.9395511, 23.0095299 ], [ 81.9367308, 23.0161741 ], [ 81.9318837, 23.0182554 ], [ 81.9297687, 23.020612 ], [ 81.9295051, 23.0227345 ], [ 81.9318261, 23.025483 ], [ 81.9256141, 23.0292021 ], [ 81.9215018, 23.040814 ], [ 81.9244882, 23.047112 ], [ 81.929043, 23.0498328 ], [ 81.9267841, 23.0575772 ], [ 81.9302682, 23.0590434 ], [ 81.9295492, 23.0616423 ], [ 81.9373989, 23.0618825 ], [ 81.9378138, 23.0652542 ], [ 81.9429442, 23.0647749 ], [ 81.9438992, 23.0673867 ], [ 81.9468543, 23.0691011 ], [ 81.9469435, 23.0709105 ], [ 81.9450636, 23.0725827 ], [ 81.9460371, 23.0762849 ], [ 81.9432602, 23.0772645 ], [ 81.9422512, 23.078965 ], [ 81.9444814, 23.0793658 ], [ 81.9544538, 23.0759162 ], [ 81.9631727, 23.0751939 ], [ 81.9634097, 23.078214 ], [ 81.9678912, 23.0807218 ], [ 81.9762101, 23.0789784 ], [ 81.977173, 23.0810095 ], [ 81.9808587, 23.0826279 ], [ 81.9812666, 23.0801489 ], [ 81.9824105, 23.0826539 ], [ 81.9853337, 23.0826655 ], [ 81.9856486, 23.0858708 ], [ 81.9882743, 23.0861353 ], [ 81.989483, 23.0843104 ], [ 81.9911393, 23.0866118 ], [ 81.9943185, 23.0835528 ], [ 81.9977394, 23.0844108 ], [ 82.0004224, 23.0810457 ], [ 82.0044485, 23.0811877 ], [ 82.0078296, 23.079116 ], [ 82.0117413, 23.0800389 ], [ 82.0127644, 23.0821695 ], [ 82.0143751, 23.0813049 ], [ 82.0175528, 23.0824323 ], [ 82.0185716, 23.084102 ], [ 82.0196134, 23.0810416 ], [ 82.0225732, 23.0794371 ], [ 82.0275281, 23.082217 ], [ 82.028082, 23.0802434 ], [ 82.0341886, 23.0800474 ], [ 82.0437186, 23.0885118 ], [ 82.0436611, 23.0903519 ], [ 82.047099, 23.0913503 ], [ 82.0490606, 23.0938335 ], [ 82.047851, 23.0964846 ], [ 82.0530404, 23.0995281 ], [ 82.0551308, 23.1068502 ], [ 82.0600467, 23.1084765 ], [ 82.0619325, 23.112411 ], [ 82.0647888, 23.1140114 ], [ 82.0642552, 23.1147496 ], [ 82.0660705, 23.1147603 ], [ 82.0670338, 23.1165466 ], [ 82.0705209, 23.1166747 ], [ 82.0722247, 23.1183247 ], [ 82.0748983, 23.1148382 ], [ 82.0804168, 23.112687 ], [ 82.0921561, 23.1123704 ], [ 82.0934992, 23.1090703 ], [ 82.0978677, 23.1085248 ], [ 82.111095, 23.1093482 ], [ 82.1160945, 23.1055973 ], [ 82.1222494, 23.1038015 ], [ 82.1267784, 23.1051391 ], [ 82.1299592, 23.1082962 ], [ 82.1379064, 23.1120005 ], [ 82.1366358, 23.1254364 ], [ 82.1372679, 23.1286437 ], [ 82.1406974, 23.1329326 ], [ 82.156873, 23.1384669 ], [ 82.1613598, 23.1431148 ], [ 82.1622629, 23.1572819 ], [ 82.1609191, 23.1620522 ], [ 82.1451646, 23.1634103 ], [ 82.1456405, 23.1646554 ], [ 82.1443524, 23.1656481 ], [ 82.1485446, 23.1711323 ], [ 82.1493875, 23.1757401 ], [ 82.1490508, 23.1773749 ], [ 82.1446352, 23.1795423 ], [ 82.1436449, 23.1871071 ], [ 82.1482455, 23.1889502 ], [ 82.1439837, 23.195139 ], [ 82.1492523, 23.1973767 ], [ 82.1497581, 23.2037282 ], [ 82.1536058, 23.2127391 ], [ 82.1476211, 23.2189744 ], [ 82.1484069, 23.2211041 ], [ 82.1452745, 23.2267153 ], [ 82.1530752, 23.2304727 ], [ 82.1597846, 23.2463252 ], [ 82.1627608, 23.2450929 ], [ 82.1671789, 23.2458852 ], [ 82.166513, 23.2500759 ], [ 82.1696371, 23.2517358 ], [ 82.1682894, 23.2551542 ], [ 82.1722881, 23.2583995 ], [ 82.1743543, 23.2687026 ], [ 82.1853338, 23.2738957 ], [ 82.1887989, 23.273497 ], [ 82.1933809, 23.2779651 ], [ 82.194743, 23.2843941 ], [ 82.1922131, 23.2884905 ], [ 82.193815, 23.2952174 ], [ 82.1967149, 23.2972841 ], [ 82.197323, 23.3006566 ], [ 82.1960291, 23.303714 ], [ 82.1974095, 23.3068785 ], [ 82.1947851, 23.308591 ], [ 82.1993882, 23.3134291 ], [ 82.1939619, 23.3238436 ], [ 82.192076, 23.3267748 ], [ 82.1828106, 23.3273745 ], [ 82.1637288, 23.3346724 ], [ 82.1620784, 23.3428408 ], [ 82.1538304, 23.3503558 ], [ 82.1457483, 23.3611799 ], [ 82.1409065, 23.3618126 ], [ 82.1237446, 23.3537178 ], [ 82.1194312, 23.3539841 ], [ 82.1171374, 23.3554605 ], [ 82.1101137, 23.3631719 ], [ 82.1118008, 23.3661294 ], [ 82.1137655, 23.3841586 ], [ 82.1114025, 23.3877615 ], [ 82.105243, 23.3925559 ], [ 82.104944, 23.3969807 ], [ 82.1034126, 23.3982357 ], [ 82.1005899, 23.3976528 ], [ 82.0966916, 23.394022 ], [ 82.0934827, 23.3928565 ], [ 82.0920394, 23.3936419 ], [ 82.093012, 23.3974709 ], [ 82.0914806, 23.3982833 ], [ 82.0860066, 23.3969907 ], [ 82.0821723, 23.3934679 ], [ 82.0770401, 23.3949429 ], [ 82.0711173, 23.3912115 ], [ 82.0640624, 23.3929382 ], [ 82.0587617, 23.378754 ], [ 82.0560039, 23.3767843 ], [ 82.044473, 23.3800523 ], [ 82.0368463, 23.3887398 ], [ 82.0323111, 23.382416 ], [ 82.021898, 23.387322 ], [ 82.0211608, 23.3917734 ], [ 82.0290699, 23.4002037 ], [ 82.023796, 23.4067609 ], [ 82.0238484, 23.4086708 ], [ 82.0256872, 23.4096879 ], [ 82.0306347, 23.408237 ], [ 82.0327519, 23.4099902 ], [ 82.0257774, 23.4199869 ], [ 82.0254753, 23.4248811 ], [ 82.0233177, 23.4245546 ], [ 82.0195338, 23.4203124 ], [ 82.0118213, 23.4159229 ], [ 82.0095544, 23.4119931 ], [ 82.0024017, 23.4169588 ], [ 81.9996867, 23.4215576 ], [ 81.9905576, 23.4184912 ], [ 81.9884261, 23.4145334 ], [ 81.9853343, 23.414495 ], [ 81.9825357, 23.4201629 ], [ 81.9767411, 23.4237967 ], [ 81.9776967, 23.4257283 ], [ 81.9802657, 23.4262548 ], [ 81.9838984, 23.4292772 ], [ 81.9816883, 23.4309356 ], [ 81.9817736, 23.4336624 ], [ 81.9836475, 23.4335392 ], [ 81.9838196, 23.434573 ], [ 81.9777876, 23.4419677 ], [ 81.9804045, 23.4470404 ], [ 81.975992, 23.4486235 ], [ 81.9754205, 23.4499196 ], [ 81.9768753, 23.4518148 ], [ 81.9703648, 23.4555752 ], [ 81.969042, 23.460348 ], [ 81.9647195, 23.4657005 ], [ 81.9578335, 23.4653206 ], [ 81.9549796, 23.4679992 ], [ 81.9550345, 23.485395 ], [ 81.957911, 23.5007021 ], [ 81.9526639, 23.5000535 ], [ 81.9478157, 23.5011031 ], [ 81.942343, 23.5056905 ], [ 81.9376288, 23.5137429 ], [ 81.9378544, 23.5163077 ], [ 81.9232862, 23.5326594 ], [ 81.9185335, 23.5350022 ], [ 81.9078733, 23.5353345 ], [ 81.9044417, 23.529549 ], [ 81.8968504, 23.5246467 ], [ 81.8936762, 23.5244632 ], [ 81.8812559, 23.5150683 ], [ 81.8756047, 23.5127123 ], [ 81.8691158, 23.5129268 ], [ 81.8636867, 23.5175725 ], [ 81.8521757, 23.5152891 ], [ 81.8502595, 23.5135502 ], [ 81.8439785, 23.5144009 ], [ 81.8396482, 23.5108898 ], [ 81.8364251, 23.5109078 ], [ 81.8206893, 23.515242 ], [ 81.8175775, 23.5221168 ], [ 81.8195867, 23.5297156 ], [ 81.816977, 23.5408704 ], [ 81.8090694, 23.5493413 ], [ 81.8019055, 23.5484036 ], [ 81.7716447, 23.5505385 ], [ 81.7582619, 23.5498714 ], [ 81.7548242, 23.5651912 ], [ 81.7526544, 23.5679517 ], [ 81.7496331, 23.5679493 ], [ 81.7466371, 23.5697971 ], [ 81.7423777, 23.5661525 ], [ 81.7376113, 23.565068 ], [ 81.7363636, 23.5664639 ], [ 81.7305407, 23.5609557 ], [ 81.7280199, 23.5564879 ], [ 81.7252336, 23.5568689 ], [ 81.7243079, 23.5502647 ], [ 81.7215241, 23.5472054 ], [ 81.7225251, 23.5432997 ], [ 81.7153886, 23.5407261 ], [ 81.7145039, 23.5359727 ], [ 81.7110805, 23.5348776 ], [ 81.7099676, 23.5326028 ], [ 81.7069555, 23.5314533 ], [ 81.7059356, 23.5290836 ], [ 81.7019983, 23.5280111 ], [ 81.7020354, 23.5245212 ], [ 81.6996447, 23.5220168 ], [ 81.6903356, 23.5283731 ], [ 81.6800537, 23.529253 ], [ 81.6681177, 23.5329453 ], [ 81.6589114, 23.5289972 ], [ 81.6623737, 23.5141432 ], [ 81.6595126, 23.5114457 ], [ 81.6581651, 23.5049075 ], [ 81.6545884, 23.5019367 ], [ 81.6536996, 23.4980623 ], [ 81.6484901, 23.4997462 ], [ 81.6421817, 23.4989468 ], [ 81.6422191, 23.49689 ], [ 81.637276, 23.4903645 ], [ 81.6320958, 23.4901665 ], [ 81.6292147, 23.4921465 ], [ 81.6270488, 23.4913216 ], [ 81.6254564, 23.4932683 ], [ 81.6253732, 23.4967582 ], [ 81.6222224, 23.4987086 ], [ 81.621023, 23.5019002 ], [ 81.6123191, 23.5102122 ], [ 81.6115239, 23.5158828 ], [ 81.6153745, 23.5194561 ], [ 81.6137476, 23.5216808 ], [ 81.6147066, 23.5248265 ], [ 81.6136754, 23.5275848 ], [ 81.6162705, 23.5284349 ], [ 81.6163274, 23.530752 ], [ 81.6132342, 23.5334319 ], [ 81.6125407, 23.5409591 ], [ 81.6140854, 23.5456692 ], [ 81.6103165, 23.555083 ], [ 81.5840212, 23.553576 ], [ 81.5766845, 23.5853445 ], [ 81.5849731, 23.5945513 ], [ 81.5897039, 23.596026 ], [ 81.592996, 23.5960131 ], [ 81.596808, 23.5923616 ], [ 81.5981107, 23.5942309 ], [ 81.6035924, 23.5933603 ], [ 81.6083438, 23.5965933 ], [ 81.611969, 23.5952529 ], [ 81.6110962, 23.6032662 ], [ 81.6065141, 23.6138706 ], [ 81.6104527, 23.6196994 ], [ 81.6141958, 23.6224355 ], [ 81.6179386, 23.6359028 ], [ 81.6203295, 23.6514285 ], [ 81.6193343, 23.6583945 ], [ 81.6145652, 23.6629179 ], [ 81.6445455, 23.6571833 ], [ 81.6551724, 23.6631363 ], [ 81.6563019, 23.6721382 ], [ 81.6542151, 23.6778044 ], [ 81.6555493, 23.6820162 ], [ 81.6606237, 23.6846607 ], [ 81.6659573, 23.6849979 ], [ 81.67718, 23.689613 ], [ 81.6840781, 23.6909196 ], [ 81.6850188, 23.7002057 ], [ 81.6959093, 23.7213201 ], [ 81.6895263, 23.7237744 ], [ 81.6860588, 23.7330351 ], [ 81.6784653, 23.7393718 ], [ 81.6791728, 23.7423377 ], [ 81.6835531, 23.7442051 ], [ 81.6867621, 23.7475039 ], [ 81.6818492, 23.7533029 ], [ 81.6766843, 23.7568486 ], [ 81.6701234, 23.7581046 ], [ 81.664322, 23.7614749 ], [ 81.6520322, 23.7653663 ], [ 81.6446617, 23.7701261 ], [ 81.6444466, 23.7748198 ], [ 81.6494736, 23.7833575 ], [ 81.6514467, 23.7990553 ], [ 81.6466495, 23.8115011 ], [ 81.6413175, 23.8147415 ], [ 81.6416235, 23.8205782 ], [ 81.6374616, 23.8276737 ], [ 81.635836, 23.8345131 ], [ 81.6324188, 23.8359344 ], [ 81.6224134, 23.835377 ], [ 81.6167477, 23.8334485 ], [ 81.6132298, 23.8344775 ], [ 81.611321, 23.8370097 ], [ 81.6122006, 23.8431451 ], [ 81.6077208, 23.8463941 ], [ 81.6031818, 23.8537101 ], [ 81.6049343, 23.8614884 ], [ 81.6069897, 23.8623363 ], [ 81.6142598, 23.8616994 ], [ 81.6222071, 23.8702386 ], [ 81.604235, 23.8817518 ], [ 81.6037451, 23.8847108 ], [ 81.6115681, 23.8922874 ], [ 81.6104727, 23.8987669 ], [ 81.6083585, 23.9014851 ], [ 81.6090176, 23.9032048 ], [ 81.6210139, 23.906711 ], [ 81.6321838, 23.9058212 ], [ 81.6364508, 23.9075904 ], [ 81.6384685, 23.9108282 ], [ 81.6577825, 23.9163433 ], [ 81.6623843, 23.9242744 ], [ 81.6685823, 23.9249623 ], [ 81.6717181, 23.9195547 ], [ 81.6723101, 23.9133879 ], [ 81.6825603, 23.9113981 ], [ 81.6875443, 23.9064783 ], [ 81.6888496, 23.9029024 ], [ 81.6887159, 23.8908729 ], [ 81.690437, 23.8847631 ], [ 81.6941969, 23.8843119 ], [ 81.7026467, 23.8861924 ], [ 81.7073101, 23.8823592 ], [ 81.707303, 23.8804529 ], [ 81.7038355, 23.8759271 ], [ 81.7077041, 23.8741942 ], [ 81.7097417, 23.8712488 ], [ 81.7072825, 23.8650544 ], [ 81.7074906, 23.8611325 ], [ 81.7201972, 23.8622108 ], [ 81.7240238, 23.8596969 ], [ 81.7283007, 23.8594415 ], [ 81.7319778, 23.8566779 ], [ 81.7296859, 23.8489412 ], [ 81.7250441, 23.8446287 ], [ 81.7254739, 23.8398241 ], [ 81.7284632, 23.8390241 ], [ 81.7322303, 23.8408591 ], [ 81.7373552, 23.8391808 ], [ 81.7428548, 23.833769 ], [ 81.7545078, 23.8307473 ], [ 81.7621228, 23.8236064 ], [ 81.773157, 23.8163992 ], [ 81.7824549, 23.8137841 ], [ 81.7911185, 23.8093468 ], [ 81.793125, 23.8099122 ], [ 81.7945943, 23.8143823 ], [ 81.7959042, 23.8148886 ], [ 81.8087416, 23.8134184 ], [ 81.8149957, 23.8064499 ], [ 81.822816, 23.8077218 ], [ 81.8253821, 23.8103863 ], [ 81.8273839, 23.8106036 ], [ 81.8275055, 23.813809 ], [ 81.8291587, 23.8150283 ], [ 81.836877, 23.8161951 ], [ 81.8365325, 23.8199828 ], [ 81.8382005, 23.8211027 ], [ 81.846685, 23.8218223 ], [ 81.8504141, 23.8236965 ], [ 81.8563373, 23.8228531 ], [ 81.8630704, 23.8244568 ], [ 81.8662774, 23.8286854 ], [ 81.8677123, 23.834145 ], [ 81.8881575, 23.8355482 ], [ 81.8922316, 23.8405183 ], [ 81.8987494, 23.840725 ], [ 81.9019993, 23.8448643 ], [ 81.9045515, 23.8447193 ], [ 81.9060929, 23.8460643 ], [ 81.9062853, 23.8499242 ], [ 81.9086563, 23.8510793 ], [ 81.9104397, 23.8572231 ], [ 81.916154, 23.859506 ], [ 81.9203978, 23.8673193 ], [ 81.9204579, 23.8706148 ], [ 81.9289311, 23.8707205 ], [ 81.9396461, 23.8677503 ], [ 81.9404648, 23.865592 ], [ 81.9382305, 23.8640942 ], [ 81.9384849, 23.862347 ], [ 81.9469179, 23.8618918 ], [ 81.9460817, 23.8587727 ], [ 81.9499289, 23.8566491 ], [ 81.9541701, 23.8571164 ], [ 81.9555569, 23.8534138 ], [ 81.9577993, 23.852284 ], [ 81.9594294, 23.8529332 ], [ 81.9602655, 23.8555285 ], [ 81.9635873, 23.8536081 ], [ 81.9654049, 23.8559094 ], [ 81.9703341, 23.8572291 ], [ 81.9772102, 23.8562405 ], [ 81.9817103, 23.8608874 ], [ 81.9859916, 23.8619181 ], [ 81.9890705, 23.8604317 ], [ 82.0009268, 23.8621758 ], [ 82.0088132, 23.8610785 ], [ 82.0122333, 23.856599 ], [ 82.0169222, 23.8538232 ], [ 82.0174491, 23.8509561 ], [ 82.0204666, 23.8490714 ], [ 82.0347498, 23.8464089 ], [ 82.0441805, 23.8416489 ], [ 82.044051, 23.838835 ], [ 82.0412672, 23.836876 ], [ 82.0408667, 23.8329225 ], [ 82.0387565, 23.8331336 ], [ 82.0393169, 23.8285412 ], [ 82.038416, 23.8268405 ], [ 82.0409797, 23.825246 ], [ 82.0492406, 23.8242165 ], [ 82.049737, 23.8225737 ], [ 82.0524402, 23.8216452 ], [ 82.053581, 23.8183752 ], [ 82.0617256, 23.8191626 ], [ 82.0723268, 23.817038 ], [ 82.0776379, 23.8186409 ], [ 82.0832728, 23.8154175 ], [ 82.0941774, 23.8166833 ], [ 82.0954356, 23.815526 ], [ 82.1045152, 23.8171784 ], [ 82.10665, 23.8186754 ], [ 82.1116685, 23.8169562 ], [ 82.1165857, 23.8170088 ], [ 82.1233731, 23.8220459 ], [ 82.1292855, 23.819035 ], [ 82.1417219, 23.8168898 ], [ 82.1420596, 23.815549 ], [ 82.1458881, 23.8154383 ], [ 82.1638338, 23.820682 ], [ 82.1714624, 23.8182401 ], [ 82.1785615, 23.8216146 ], [ 82.1808519, 23.8362802 ], [ 82.1862174, 23.8386665 ], [ 82.188873, 23.8425876 ], [ 82.1971443, 23.8416488 ], [ 82.1992412, 23.8434905 ], [ 82.2012772, 23.848636 ], [ 82.2050744, 23.8488468 ], [ 82.2112282, 23.8516175 ], [ 82.2153195, 23.8410187 ], [ 82.2119677, 23.8358467 ], [ 82.208106, 23.8349287 ], [ 82.2059701, 23.8301607 ], [ 82.2063125, 23.8274112 ], [ 82.2255089, 23.8200838 ], [ 82.2270447, 23.8082921 ], [ 82.2318132, 23.8053142 ], [ 82.2372775, 23.8053168 ], [ 82.2433132, 23.8085185 ], [ 82.2501293, 23.8156841 ], [ 82.2555891, 23.8175349 ], [ 82.2606107, 23.8212405 ], [ 82.2721067, 23.8170817 ], [ 82.2816411, 23.8169839 ], [ 82.2918131, 23.8098207 ], [ 82.2987726, 23.8069982 ], [ 82.3048272, 23.8073938 ], [ 82.3057817, 23.8117236 ], [ 82.3115235, 23.8101957 ], [ 82.3175042, 23.81176 ], [ 82.3308625, 23.8061574 ], [ 82.3346565, 23.8025468 ], [ 82.3368247, 23.8039197 ], [ 82.3394669, 23.8086209 ], [ 82.3526509, 23.8035263 ], [ 82.3635161, 23.8080502 ], [ 82.3640459, 23.8099418 ], [ 82.3692422, 23.8090482 ], [ 82.3769326, 23.811027 ], [ 82.3906155, 23.8052011 ], [ 82.3928674, 23.8032415 ], [ 82.3931957, 23.7999369 ], [ 82.423259, 23.8045938 ], [ 82.4343137, 23.8050007 ], [ 82.4357355, 23.802621 ], [ 82.4379048, 23.8037443 ], [ 82.4406519, 23.8027905 ], [ 82.4414082, 23.803973 ], [ 82.4469087, 23.8045484 ], [ 82.4502087, 23.8091877 ], [ 82.4537822, 23.811547 ], [ 82.4692581, 23.8110597 ], [ 82.4741131, 23.8074451 ], [ 82.4792343, 23.8057803 ], [ 82.4791875, 23.8024577 ], [ 82.4831218, 23.8016243 ], [ 82.4889258, 23.7899501 ], [ 82.4930885, 23.7871615 ], [ 82.4974969, 23.7850408 ], [ 82.5063391, 23.7847849 ], [ 82.5109692, 23.7860163 ], [ 82.5153073, 23.7844619 ], [ 82.5244621, 23.7837413 ], [ 82.5310076, 23.7890274 ], [ 82.5354856, 23.7907997 ], [ 82.5381277, 23.7942503 ], [ 82.5418091, 23.7914894 ], [ 82.5428045, 23.792298 ], [ 82.5514745, 23.790641 ], [ 82.548442, 23.8085486 ], [ 82.5387951, 23.8163671 ], [ 82.5394902, 23.8189859 ], [ 82.5383411, 23.8201952 ], [ 82.5335517, 23.8202331 ], [ 82.5330744, 23.8221469 ], [ 82.5474916, 23.8225521 ], [ 82.5467387, 23.8261949 ], [ 82.5542519, 23.8261985 ], [ 82.5632193, 23.822848 ], [ 82.5647611, 23.8207449 ], [ 82.5693741, 23.8202997 ], [ 82.5731953, 23.8240616 ], [ 82.577764, 23.8242255 ], [ 82.5792172, 23.8224066 ], [ 82.581808, 23.8230123 ], [ 82.5836097, 23.8207059 ], [ 82.5886197, 23.8214385 ], [ 82.5999544, 23.826533 ], [ 82.6022407, 23.8302985 ], [ 82.6075601, 23.8332922 ], [ 82.6295368, 23.8387917 ], [ 82.6354016, 23.8378208 ], [ 82.6391664, 23.8416533 ], [ 82.6367372, 23.8444796 ], [ 82.6381364, 23.8479827 ], [ 82.6424407, 23.8469394 ], [ 82.6471431, 23.848722 ], [ 82.6462305, 23.8506679 ], [ 82.6471783, 23.8536879 ], [ 82.6450974, 23.8551102 ], [ 82.6472131, 23.8559722 ], [ 82.6468258, 23.8591414 ], [ 82.6495798, 23.8602516 ], [ 82.6528683, 23.8587928 ], [ 82.6529172, 23.8577545 ], [ 82.6505756, 23.8568475 ], [ 82.6515717, 23.8554839 ], [ 82.6604658, 23.8551435 ], [ 82.661561, 23.856931 ], [ 82.6602225, 23.8628362 ], [ 82.6614254, 23.863626 ], [ 82.6644784, 23.8625508 ], [ 82.6643808, 23.8646004 ], [ 82.6684478, 23.8717908 ], [ 82.665449, 23.8739044 ], [ 82.6637415, 23.8771778 ], [ 82.6512346, 23.8867557 ], [ 82.6510584, 23.8894779 ], [ 82.6576015, 23.9025414 ], [ 82.6615901, 23.9076418 ], [ 82.668391, 23.9072292 ], [ 82.6711453, 23.9057928 ], [ 82.6746615, 23.9067443 ], [ 82.6763762, 23.9092537 ], [ 82.6805836, 23.907153 ], [ 82.6834032, 23.9092873 ], [ 82.6888836, 23.9097998 ], [ 82.6925058, 23.9158295 ], [ 82.6934216, 23.920199 ], [ 82.6980328, 23.9199215 ], [ 82.7035064, 23.9244874 ], [ 82.7108479, 23.9236754 ], [ 82.7150011, 23.9213887 ], [ 82.7523838, 23.9197898 ], [ 82.7552594, 23.921709 ], [ 82.7560903, 23.9250348 ], [ 82.7544609, 23.9341881 ], [ 82.7620085, 23.9338287 ], [ 82.770344, 23.9369908 ], [ 82.7766224, 23.9366676 ], [ 82.7858865, 23.9408881 ], [ 82.7900173, 23.9459982 ], [ 82.798368, 23.9508077 ], [ 82.8010048, 23.9609625 ], [ 82.8041171, 23.9597037 ], [ 82.8126116, 23.9598694 ], [ 82.8267234, 23.962305 ], [ 82.8336193, 23.9574955 ], [ 82.8369868, 23.9568043 ], [ 82.8411164, 23.9506619 ], [ 82.8486462, 23.9453508 ], [ 82.8533461, 23.9454731 ], [ 82.8582786, 23.9392594 ], [ 82.8611063, 23.9389271 ], [ 82.8652221, 23.926397 ], [ 82.877251, 23.9177856 ], [ 82.8847118, 23.9088399 ], [ 82.8894101, 23.9072419 ], [ 82.9051571, 23.8978872 ], [ 82.9116979, 23.8974975 ], [ 82.9272198, 23.8922909 ], [ 82.9306514, 23.8894572 ], [ 82.9366248, 23.8770683 ], [ 82.9437223, 23.8745139 ], [ 82.9478794, 23.8714223 ], [ 82.9745763, 23.8716322 ], [ 82.9828396, 23.8741609 ], [ 82.9972228, 23.8725879 ], [ 83.0016257, 23.873636 ], [ 83.0012465, 23.8767891 ], [ 83.0187119, 23.8794655 ], [ 83.0353068, 23.8796456 ], [ 83.0400369, 23.8786489 ], [ 83.0524777, 23.8795304 ], [ 83.0582477, 23.8771296 ], [ 83.0621434, 23.8739382 ], [ 83.0711521, 23.8742128 ], [ 83.0750481, 23.8701179 ], [ 83.081889, 23.8704596 ], [ 83.097754, 23.8732393 ], [ 83.1116651, 23.8790564 ], [ 83.1256848, 23.8827898 ], [ 83.141483, 23.8849197 ], [ 83.1475855, 23.8889838 ], [ 83.148221, 23.8932903 ], [ 83.1538373, 23.8967347 ], [ 83.1527714, 23.8994699 ], [ 83.1542157, 23.9040419 ], [ 83.1583259, 23.9056938 ], [ 83.1594762, 23.9073849 ], [ 83.1636747, 23.9087744 ], [ 83.1647565, 23.9076667 ], [ 83.1711888, 23.9077726 ], [ 83.1746739, 23.9123021 ], [ 83.1782688, 23.9121625 ], [ 83.1812904, 23.9150954 ], [ 83.188026, 23.9145249 ], [ 83.1897627, 23.917347 ], [ 83.1931721, 23.9169275 ], [ 83.1946428, 23.9143348 ], [ 83.1984347, 23.9140641 ], [ 83.2079186, 23.9213948 ], [ 83.2079415, 23.9242351 ], [ 83.2038168, 23.9286785 ], [ 83.2084584, 23.9305682 ], [ 83.2119311, 23.9357414 ], [ 83.2159924, 23.9379045 ], [ 83.2155181, 23.945513 ], [ 83.2200259, 23.9488518 ], [ 83.2199418, 23.9527052 ], [ 83.2231284, 23.9581456 ], [ 83.2228216, 23.9621953 ], [ 83.2186121, 23.9689761 ], [ 83.2196681, 23.972945 ], [ 83.2269083, 23.9778819 ], [ 83.2233319, 23.9842138 ], [ 83.2236105, 23.9866478 ], [ 83.2304971, 23.9887685 ], [ 83.2314328, 23.9939772 ], [ 83.2336558, 23.996074 ], [ 83.2424325, 23.9971784 ], [ 83.241139, 24.0052962 ], [ 83.2425857, 24.0115857 ], [ 83.2518792, 24.014914 ], [ 83.2576752, 24.0131098 ], [ 83.2597595, 24.0094665 ], [ 83.2636336, 24.0092396 ], [ 83.2727502, 24.0181741 ], [ 83.2750091, 24.0191767 ], [ 83.2791098, 24.0182747 ], [ 83.283449, 24.0324201 ], [ 83.2840017, 24.0395274 ], [ 83.2821125, 24.0497342 ], [ 83.2874047, 24.0551113 ], [ 83.2947307, 24.0717143 ], [ 83.2983667, 24.0755635 ], [ 83.2994553, 24.0789289 ], [ 83.3056042, 24.0796372 ], [ 83.311133, 24.0880162 ], [ 83.3147472, 24.0909725 ], [ 83.3214512, 24.1060169 ], [ 83.3227761, 24.1062771 ], [ 83.3270307, 24.1023509 ], [ 83.3362107, 24.0988204 ] ] ] } }
]
}
