{
"type": "FeatureCollection",
"name": "23",
"crs": { "type": "name", "properties": { "name": "urn:ogc:def:crs:OGC:1.3:CRS84" } },
"features": [
{ "type": "Feature", "properties": { "code": "23", "name": "MADHYA PRADESH", "type": "state" }, "geometry": { "type": "MultiPolygon", "coordinates": [ [ [ [ 74.1747575, 22.418311 ], [ 74.1747539, 22.4081426 ], [ 74.176365, 22.4055412 ], [ 74.1755573, 22.4009404 ], [ 74.1796636, 22.3968437 ], [ 74.1788929, 22.3879533 ], [ 74.1651452, 22.3972544 ], [ 74.1650361, 22.4058742 ], [ 74.1571175, 22.4123329 ], [ 74.1581086, 22.4142832 ], [ 74.1606774, 22.4136324 ], [ 74.162737, 22.4154606 ], [ 74.1721449, 22.4187498 ], [ 74.1747575, 22.418311 ] ] ], [ [ [ 76.5675291, 25.4403373 ], [ 76.5622289, 25.4476165 ], [ 76.5570205, 25.4508815 ], [ 76.5551895, 25.453492 ], [ 76.557155, 25.4594029 ], [ 76.5580742, 25.4705432 ], [ 76.555464, 25.4825651 ], [ 76.5377269, 25.5027184 ], [ 76.5377474, 25.509011 ], [ 76.5343088, 25.5143964 ], [ 76.5249636, 25.5185116 ], [ 76.5164209, 25.5271547 ], [ 76.5196687, 25.5393095 ], [ 76.5199831, 25.5472738 ], [ 76.5141495, 25.562985 ], [ 76.5050613, 25.5756734 ], [ 76.5033074, 25.5826884 ], [ 76.5053809, 25.5896777 ], [ 76.5111641, 25.5998878 ], [ 76.5123006, 25.6055459 ], [ 76.5098764, 25.6309226 ], [ 76.5063381, 25.6350625 ], [ 76.5055894, 25.6381037 ], [ 76.5022668, 25.6376233 ], [ 76.498943, 25.6394361 ], [ 76.4965831, 25.6470712 ], [ 76.4979455, 25.6560675 ], [ 76.5034972, 25.6666549 ], [ 76.5041983, 25.6717215 ], [ 76.5029121, 25.6752062 ], [ 76.4989131, 25.6780822 ], [ 76.4914376, 25.6790209 ], [ 76.4794511, 25.6842034 ], [ 76.472916, 25.6976542 ], [ 76.4719918, 25.7039382 ], [ 76.4734258, 25.7099185 ], [ 76.479675, 25.716816 ], [ 76.4910916, 25.7208346 ], [ 76.5013972, 25.7299693 ], [ 76.5136732, 25.7300544 ], [ 76.5203198, 25.7287528 ], [ 76.5237672, 25.7298318 ], [ 76.5242819, 25.7342322 ], [ 76.5229524, 25.7374601 ], [ 76.5252201, 25.7417473 ], [ 76.5208762, 25.7521075 ], [ 76.5172572, 25.7552283 ], [ 76.5178871, 25.7671299 ], [ 76.515483, 25.776445 ], [ 76.52081, 25.7930554 ], [ 76.5347342, 25.8191717 ], [ 76.5561063, 25.8349015 ], [ 76.5820528, 25.8704213 ], [ 76.5892835, 25.874978 ], [ 76.5940875, 25.8752684 ], [ 76.6144772, 25.8684436 ], [ 76.6232224, 25.8705533 ], [ 76.6260974, 25.8757347 ], [ 76.6280212, 25.8901259 ], [ 76.6306202, 25.8991379 ], [ 76.6357516, 25.9050023 ], [ 76.6402644, 25.9076099 ], [ 76.6536231, 25.9099679 ], [ 76.6701141, 25.9107221 ], [ 76.6872025, 25.9078611 ], [ 76.7072498, 25.9005128 ], [ 76.716332, 25.9011593 ], [ 76.7332255, 25.9063161 ], [ 76.74379, 25.9133797 ], [ 76.7527276, 25.9173432 ], [ 76.7566152, 25.9210109 ], [ 76.757652, 25.9266314 ], [ 76.7517946, 25.9281692 ], [ 76.7465909, 25.9340999 ], [ 76.7463991, 25.9376769 ], [ 76.7488557, 25.9404695 ], [ 76.752676, 25.9408375 ], [ 76.7679992, 25.9376496 ], [ 76.7814148, 25.9384511 ], [ 76.7890276, 25.9410925 ], [ 76.792975, 25.9449615 ], [ 76.8074548, 25.9653724 ], [ 76.8083091, 25.9732379 ], [ 76.8035801, 25.9745291 ], [ 76.8025178, 25.9782209 ], [ 76.8045458, 25.9861079 ], [ 76.8067798, 25.9898081 ], [ 76.8192485, 26.0034844 ], [ 76.826204, 26.0073908 ], [ 76.8327576, 26.0187118 ], [ 76.8407773, 26.0264855 ], [ 76.8568008, 26.0347338 ], [ 76.8663075, 26.0343556 ], [ 76.8758142, 26.0431473 ], [ 76.8848473, 26.0480392 ], [ 76.8897305, 26.0626567 ], [ 76.8941584, 26.067237 ], [ 76.8977176, 26.0742453 ], [ 76.8983488, 26.0819174 ], [ 76.900249, 26.08708 ], [ 76.8989954, 26.0911827 ], [ 76.9006951, 26.0931546 ], [ 76.9181056, 26.0987647 ], [ 76.936531, 26.1017681 ], [ 76.940769, 26.1005252 ], [ 76.9476632, 26.1027378 ], [ 76.9774785, 26.1248607 ], [ 76.9871205, 26.1280397 ], [ 76.9976137, 26.1290667 ], [ 77.0021489, 26.1339851 ], [ 77.0028788, 26.1380028 ], [ 77.0015553, 26.1424642 ], [ 77.0063098, 26.1510219 ], [ 77.0152459, 26.1570399 ], [ 77.0239911, 26.1673307 ], [ 77.031622, 26.1726106 ], [ 77.0544836, 26.1795669 ], [ 77.0822554, 26.1790561 ], [ 77.0967513, 26.1832379 ], [ 77.1009268, 26.1865631 ], [ 77.1059649, 26.1961439 ], [ 77.1119758, 26.2023479 ], [ 77.1129124, 26.2139801 ], [ 77.1164256, 26.220584 ], [ 77.1347183, 26.2329477 ], [ 77.1417243, 26.2343739 ], [ 77.1525445, 26.2318889 ], [ 77.1661928, 26.232261 ], [ 77.1701288, 26.2334924 ], [ 77.171859, 26.238234 ], [ 77.1763553, 26.2388939 ], [ 77.1934939, 26.2314112 ], [ 77.2038889, 26.2298668 ], [ 77.2128379, 26.2337718 ], [ 77.2167965, 26.2400386 ], [ 77.2308912, 26.2459824 ], [ 77.2517702, 26.2597819 ], [ 77.2697555, 26.2668188 ], [ 77.27898, 26.2759644 ], [ 77.2984275, 26.2910161 ], [ 77.3113014, 26.3047376 ], [ 77.3168395, 26.3119306 ], [ 77.3176213, 26.317456 ], [ 77.3146444, 26.3187223 ], [ 77.3213914, 26.3340009 ], [ 77.3305885, 26.3438694 ], [ 77.3352548, 26.3413387 ], [ 77.3425095, 26.3520186 ], [ 77.3548298, 26.3545013 ], [ 77.3668503, 26.3634541 ], [ 77.3745194, 26.365721 ], [ 77.3904034, 26.3565188 ], [ 77.3970475, 26.3607757 ], [ 77.4139527, 26.3634426 ], [ 77.4409453, 26.3608055 ], [ 77.4446769, 26.3617615 ], [ 77.447469, 26.3642452 ], [ 77.4485601, 26.3675294 ], [ 77.4462239, 26.3752807 ], [ 77.4397534, 26.3846547 ], [ 77.435053, 26.3943819 ], [ 77.4350564, 26.4000356 ], [ 77.4373492, 26.4032769 ], [ 77.4487413, 26.4046074 ], [ 77.459677, 26.4037835 ], [ 77.4865141, 26.4108229 ], [ 77.5214609, 26.4072103 ], [ 77.5383808, 26.4112965 ], [ 77.5463336, 26.4161228 ], [ 77.5551671, 26.4313147 ], [ 77.5586654, 26.435182 ], [ 77.5623957, 26.4368387 ], [ 77.5714733, 26.4364455 ], [ 77.5890283, 26.4464831 ], [ 77.6060344, 26.4498239 ], [ 77.6134829, 26.4527242 ], [ 77.622968, 26.4614249 ], [ 77.6274686, 26.4724185 ], [ 77.6333214, 26.4786902 ], [ 77.6505832, 26.4878993 ], [ 77.6598375, 26.4911154 ], [ 77.6737165, 26.5028343 ], [ 77.6802381, 26.5042593 ], [ 77.6912876, 26.4996434 ], [ 77.71331, 26.4982699 ], [ 77.7224479, 26.4999588 ], [ 77.7270113, 26.5023168 ], [ 77.7337449, 26.5078047 ], [ 77.738109, 26.5142085 ], [ 77.7402892, 26.5272453 ], [ 77.7459096, 26.5387542 ], [ 77.7514645, 26.5396981 ], [ 77.7542145, 26.5387066 ], [ 77.7574819, 26.5398435 ], [ 77.7678146, 26.5475831 ], [ 77.7837129, 26.5520418 ], [ 77.8107372, 26.5471892 ], [ 77.8220113, 26.5495782 ], [ 77.8255063, 26.5521841 ], [ 77.8325063, 26.5614691 ], [ 77.8356794, 26.5760313 ], [ 77.8337787, 26.5823804 ], [ 77.8270407, 26.591785 ], [ 77.8273261, 26.596047 ], [ 77.8320635, 26.5989121 ], [ 77.8357799, 26.6061507 ], [ 77.8506625, 26.6125387 ], [ 77.8588141, 26.6135976 ], [ 77.8857707, 26.612444 ], [ 77.8942791, 26.6147115 ], [ 77.8967021, 26.6170575 ], [ 77.8981055, 26.6231459 ], [ 77.898691, 26.6375874 ], [ 77.8975154, 26.6528542 ], [ 77.8995335, 26.6564219 ], [ 77.9042594, 26.6590635 ], [ 77.9155351, 26.6610158 ], [ 77.9352162, 26.6602404 ], [ 77.9430259, 26.6581932 ], [ 77.9531763, 26.6589388 ], [ 77.9597855, 26.6629151 ], [ 77.9801188, 26.6712092 ], [ 77.9847617, 26.674815 ], [ 77.9960364, 26.6925665 ], [ 78.0004319, 26.6948568 ], [ 78.0075864, 26.6930625 ], [ 78.0179613, 26.6924961 ], [ 78.0316356, 26.6863097 ], [ 78.0343688, 26.68703 ], [ 78.0407422, 26.685052 ], [ 78.0560143, 26.6836329 ], [ 78.0740886, 26.6706002 ], [ 78.0787875, 26.6704353 ], [ 78.0897314, 26.6744674 ], [ 78.0944432, 26.6781547 ], [ 78.0957412, 26.6812262 ], [ 78.0955986, 26.6951623 ], [ 78.0921427, 26.7149489 ], [ 78.0923251, 26.7186382 ], [ 78.0959301, 26.7278017 ], [ 78.1013661, 26.7370929 ], [ 78.1080826, 26.7375143 ], [ 78.1116411, 26.7406408 ], [ 78.1184006, 26.7421588 ], [ 78.123527, 26.7468822 ], [ 78.1237098, 26.7500023 ], [ 78.1206455, 26.7541542 ], [ 78.1153556, 26.7572855 ], [ 78.1073465, 26.7594408 ], [ 78.1034541, 26.7633219 ], [ 78.1012156, 26.774089 ], [ 78.1021635, 26.7814883 ], [ 78.1059613, 26.7888829 ], [ 78.1096023, 26.7927735 ], [ 78.1142644, 26.7952596 ], [ 78.1246755, 26.7964188 ], [ 78.1328357, 26.7951499 ], [ 78.1432554, 26.7911653 ], [ 78.1561873, 26.7839734 ], [ 78.1840016, 26.7838212 ], [ 78.1876067, 26.7896763 ], [ 78.1866392, 26.7960854 ], [ 78.180473, 26.8041415 ], [ 78.1683827, 26.812832 ], [ 78.1672677, 26.8154126 ], [ 78.1687225, 26.8203949 ], [ 78.1735287, 26.8244654 ], [ 78.1798377, 26.8255342 ], [ 78.2021091, 26.8213797 ], [ 78.2184654, 26.8292 ], [ 78.2252485, 26.830647 ], [ 78.2420681, 26.8250283 ], [ 78.2582355, 26.8147831 ], [ 78.2691369, 26.8138429 ], [ 78.2724573, 26.8159251 ], [ 78.2746661, 26.8232412 ], [ 78.2731224, 26.8429352 ], [ 78.2782378, 26.8508561 ], [ 78.2825134, 26.8544354 ], [ 78.3042402, 26.8624532 ], [ 78.3226308, 26.8633737 ], [ 78.330551, 26.862384 ], [ 78.3539106, 26.8689186 ], [ 78.3626478, 26.8692373 ], [ 78.3686006, 26.8670936 ], [ 78.3727633, 26.8633619 ], [ 78.3825645, 26.840646 ], [ 78.3928953, 26.8236034 ], [ 78.3990484, 26.81848 ], [ 78.4055475, 26.8184094 ], [ 78.4276478, 26.8253736 ], [ 78.4342927, 26.8257052 ], [ 78.44012, 26.8199848 ], [ 78.4477354, 26.8086118 ], [ 78.453169, 26.7977067 ], [ 78.4616975, 26.7881856 ], [ 78.4796268, 26.7870349 ], [ 78.4977937, 26.7815941 ], [ 78.5232304, 26.7803146 ], [ 78.544077, 26.7646085 ], [ 78.5647779, 26.7611318 ], [ 78.5727274, 26.7506769 ], [ 78.578395, 26.7487879 ], [ 78.5928077, 26.7523426 ], [ 78.6030325, 26.7500466 ], [ 78.6129984, 26.7524304 ], [ 78.6162442, 26.75603 ], [ 78.6193089, 26.7666638 ], [ 78.6219436, 26.7696838 ], [ 78.6284461, 26.7732292 ], [ 78.640366, 26.769809 ], [ 78.6468301, 26.7694558 ], [ 78.6629068, 26.7624293 ], [ 78.6705286, 26.7624067 ], [ 78.6759065, 26.7675741 ], [ 78.6773936, 26.7780878 ], [ 78.681158, 26.7853623 ], [ 78.684525, 26.7887538 ], [ 78.6984117, 26.7923784 ], [ 78.7108359, 26.7923754 ], [ 78.719143, 26.7964524 ], [ 78.7236493, 26.7971257 ], [ 78.7280323, 26.7948939 ], [ 78.7298839, 26.7922191 ], [ 78.7256543, 26.7790484 ], [ 78.7271928, 26.7764702 ], [ 78.7311664, 26.7747719 ], [ 78.7362138, 26.7746775 ], [ 78.739781, 26.7769403 ], [ 78.7469235, 26.7866683 ], [ 78.7535969, 26.7870122 ], [ 78.7582686, 26.7845246 ], [ 78.7612886, 26.7807488 ], [ 78.7667364, 26.7633155 ], [ 78.7710182, 26.7590809 ], [ 78.7851229, 26.7591764 ], [ 78.812395, 26.7633519 ], [ 78.8189903, 26.7609418 ], [ 78.8224343, 26.7572541 ], [ 78.8319423, 26.7394145 ], [ 78.8391271, 26.7310679 ], [ 78.8431935, 26.7283027 ], [ 78.8584789, 26.7092843 ], [ 78.8723623, 26.6977868 ], [ 78.8891832, 26.6969557 ], [ 78.9000663, 26.7005418 ], [ 78.9068257, 26.7065018 ], [ 78.9125639, 26.7068343 ], [ 78.9241893, 26.7034326 ], [ 78.9343757, 26.6975713 ], [ 78.9386361, 26.6972895 ], [ 78.9560559, 26.6916804 ], [ 78.9586049, 26.6873286 ], [ 78.9577227, 26.6830602 ], [ 78.9488659, 26.6749242 ], [ 78.9424751, 26.6640742 ], [ 78.9429829, 26.6566867 ], [ 78.9454989, 26.6548208 ], [ 78.9492897, 26.6545445 ], [ 78.957197, 26.6576584 ], [ 78.9710956, 26.6714495 ], [ 78.9833369, 26.6768785 ], [ 78.9977785, 26.6766411 ], [ 79.0070464, 26.6713092 ], [ 79.0090798, 26.6672631 ], [ 79.0086318, 26.6633141 ], [ 78.9934602, 26.6419072 ], [ 79.0080292, 26.623561 ], [ 79.0170629, 26.601036 ], [ 78.9980754, 26.5976319 ], [ 78.9920179, 26.5940789 ], [ 78.9891381, 26.595559 ], [ 78.9874789, 26.5928347 ], [ 78.9875879, 26.5863227 ], [ 78.9900407, 26.5846509 ], [ 78.9897835, 26.5784506 ], [ 78.9910719, 26.5770055 ], [ 79.0002052, 26.5784133 ], [ 79.00724, 26.5654585 ], [ 79.0062827, 26.5593655 ], [ 79.0144053, 26.5506668 ], [ 79.0126908, 26.5491176 ], [ 79.0070163, 26.5485941 ], [ 79.0065067, 26.5465042 ], [ 79.0077436, 26.5438697 ], [ 79.0099169, 26.5432217 ], [ 79.0145653, 26.5461858 ], [ 79.0171185, 26.5414944 ], [ 79.01887, 26.5409542 ], [ 79.026376, 26.5467946 ], [ 79.028338, 26.5466876 ], [ 79.0291538, 26.5431682 ], [ 79.0265961, 26.5357113 ], [ 79.0398055, 26.5298622 ], [ 79.0382989, 26.5184529 ], [ 79.0396609, 26.5151142 ], [ 79.0418334, 26.514574 ], [ 79.0462049, 26.5182137 ], [ 79.0486179, 26.5179984 ], [ 79.0484388, 26.5158548 ], [ 79.0448398, 26.5120395 ], [ 79.0449312, 26.5102976 ], [ 79.0538043, 26.5025402 ], [ 79.0563215, 26.495086 ], [ 79.0660151, 26.4973016 ], [ 79.0681269, 26.4966211 ], [ 79.0688859, 26.4931374 ], [ 79.0678018, 26.4846032 ], [ 79.071696, 26.478869 ], [ 79.0615989, 26.4653173 ], [ 79.0577899, 26.4623506 ], [ 79.0526164, 26.4537383 ], [ 79.0573043, 26.4524898 ], [ 79.0621516, 26.4538368 ], [ 79.0638238, 26.448711 ], [ 79.0680714, 26.4459779 ], [ 79.0686767, 26.4423892 ], [ 79.069892, 26.4416189 ], [ 79.0770115, 26.4421427 ], [ 79.0767631, 26.4410037 ], [ 79.0787909, 26.4403634 ], [ 79.0798274, 26.4417394 ], [ 79.0813201, 26.4412334 ], [ 79.0817239, 26.4429739 ], [ 79.0838065, 26.4414598 ], [ 79.0878446, 26.4461796 ], [ 79.0958956, 26.4425926 ], [ 79.0972186, 26.4447906 ], [ 79.0960742, 26.4499892 ], [ 79.0997184, 26.4525892 ], [ 79.107876, 26.4481408 ], [ 79.116509, 26.4469275 ], [ 79.1180131, 26.4455828 ], [ 79.1219033, 26.4470451 ], [ 79.1230113, 26.4440576 ], [ 79.1279893, 26.4423156 ], [ 79.1291924, 26.4406007 ], [ 79.1351778, 26.440131 ], [ 79.1282847, 26.4314215 ], [ 79.1243197, 26.4226124 ], [ 79.1237034, 26.4115649 ], [ 79.1252821, 26.4123773 ], [ 79.1259837, 26.4112536 ], [ 79.1143869, 26.4077196 ], [ 79.1046948, 26.4063782 ], [ 79.1002542, 26.4081737 ], [ 79.0995017, 26.4120095 ], [ 79.0952064, 26.412636 ], [ 79.0943549, 26.4108532 ], [ 79.0960946, 26.4079789 ], [ 79.0943756, 26.408326 ], [ 79.0917353, 26.405541 ], [ 79.0889967, 26.3966274 ], [ 79.0963924, 26.3830466 ], [ 79.0967803, 26.3809047 ], [ 79.0943048, 26.376146 ], [ 79.096909, 26.3754945 ], [ 79.0953977, 26.3737272 ], [ 79.0963749, 26.372324 ], [ 79.0947874, 26.3696746 ], [ 79.0913502, 26.371127 ], [ 79.087308, 26.3684272 ], [ 79.0842441, 26.3623205 ], [ 79.0856121, 26.3610888 ], [ 79.08417, 26.3592697 ], [ 79.0900628, 26.3545158 ], [ 79.0938748, 26.3539287 ], [ 79.0980923, 26.3555523 ], [ 79.1030919, 26.3531949 ], [ 79.1047506, 26.3494584 ], [ 79.1075757, 26.3496293 ], [ 79.1092634, 26.3521261 ], [ 79.1109466, 26.3515576 ], [ 79.1108516, 26.3496081 ], [ 79.1142729, 26.348796 ], [ 79.1156754, 26.3499921 ], [ 79.1162966, 26.3482952 ], [ 79.120459, 26.3483134 ], [ 79.1271108, 26.343083 ], [ 79.1284381, 26.3388769 ], [ 79.1322094, 26.3371754 ], [ 79.1341278, 26.339143 ], [ 79.1388308, 26.3375134 ], [ 79.1372228, 26.3355143 ], [ 79.132625, 26.3353161 ], [ 79.1323684, 26.3320609 ], [ 79.134968, 26.3247376 ], [ 79.1274209, 26.3218587 ], [ 79.1251474, 26.3270395 ], [ 79.1259036, 26.3241242 ], [ 79.1249219, 26.3224093 ], [ 79.1155273, 26.3204775 ], [ 79.1162487, 26.316646 ], [ 79.1198293, 26.3125755 ], [ 79.1248969, 26.3115918 ], [ 79.1175264, 26.3051696 ], [ 79.1187433, 26.3010359 ], [ 79.1174166, 26.2989057 ], [ 79.1136812, 26.3019517 ], [ 79.1133104, 26.3046369 ], [ 79.109615, 26.3055346 ], [ 79.1095248, 26.3065184 ], [ 79.1019288, 26.3068153 ], [ 79.0978993, 26.3009252 ], [ 79.0970847, 26.2945256 ], [ 79.0909228, 26.2898896 ], [ 79.0898921, 26.2877231 ], [ 79.0965178, 26.2784865 ], [ 79.0960978, 26.2767264 ], [ 79.0910731, 26.2725237 ], [ 79.0906482, 26.2700279 ], [ 79.0868986, 26.2713899 ], [ 79.0877489, 26.2733081 ], [ 79.0856964, 26.2740251 ], [ 79.0854453, 26.2762229 ], [ 79.0836134, 26.2754913 ], [ 79.0844279, 26.2796885 ], [ 79.0806939, 26.2784058 ], [ 79.0779404, 26.2790051 ], [ 79.0770085, 26.2806205 ], [ 79.0745258, 26.2778293 ], [ 79.0689707, 26.2765198 ], [ 79.0646444, 26.277038 ], [ 79.0613285, 26.2713796 ], [ 79.0535109, 26.2626943 ], [ 79.0569309, 26.2602499 ], [ 79.0556554, 26.2588638 ], [ 79.0515373, 26.2584844 ], [ 79.0456441, 26.2603073 ], [ 79.0459671, 26.2564489 ], [ 79.0520994, 26.2546018 ], [ 79.0534313, 26.2508243 ], [ 79.0571166, 26.2490399 ], [ 79.0643823, 26.2492929 ], [ 79.0696951, 26.2456966 ], [ 79.0689357, 26.2431735 ], [ 79.0709382, 26.2415225 ], [ 79.0641986, 26.2388302 ], [ 79.0624334, 26.2364961 ], [ 79.0653492, 26.229773 ], [ 79.0634447, 26.2259047 ], [ 79.0533258, 26.2280437 ], [ 79.0471036, 26.2241728 ], [ 79.0428051, 26.2246893 ], [ 79.0378645, 26.2273311 ], [ 79.0345985, 26.2253705 ], [ 79.0306695, 26.239286 ], [ 79.0194422, 26.2476091 ], [ 79.0108821, 26.2446783 ], [ 79.0095686, 26.2420146 ], [ 79.0037209, 26.2444107 ], [ 78.996799, 26.2418928 ], [ 78.9939604, 26.2388029 ], [ 78.9916915, 26.2389636 ], [ 78.9893556, 26.234976 ], [ 78.9965544, 26.2280381 ], [ 79.0136328, 26.2255137 ], [ 79.0258215, 26.220098 ], [ 79.0248107, 26.2083951 ], [ 79.0278317, 26.2032794 ], [ 79.0208521, 26.200219 ], [ 79.020087, 26.1982239 ], [ 79.0258304, 26.1917654 ], [ 79.0152208, 26.1914282 ], [ 79.0096933, 26.1925841 ], [ 79.0068768, 26.1916699 ], [ 78.9976795, 26.1984905 ], [ 78.9936657, 26.1968917 ], [ 78.9896452, 26.1933658 ], [ 78.9831139, 26.1843583 ], [ 78.9866084, 26.1824196 ], [ 78.9866671, 26.1810024 ], [ 78.9886121, 26.1802337 ], [ 78.9947069, 26.1729132 ], [ 79.001858, 26.1691367 ], [ 79.0045339, 26.169026 ], [ 79.0052857, 26.1674381 ], [ 79.0042628, 26.1662085 ], [ 79.0061445, 26.1639232 ], [ 79.0047605, 26.1626268 ], [ 79.0071536, 26.1600112 ], [ 79.0082274, 26.1564017 ], [ 79.0042785, 26.1498184 ], [ 79.0048954, 26.1480498 ], [ 78.9985401, 26.1500112 ], [ 78.9942647, 26.1461963 ], [ 78.979963, 26.1511041 ], [ 78.9738078, 26.1515958 ], [ 78.9669558, 26.1501426 ], [ 78.9644692, 26.1485047 ], [ 78.9642656, 26.1436545 ], [ 78.965649, 26.1414106 ], [ 78.9637231, 26.1404009 ], [ 78.9629002, 26.1365292 ], [ 78.9617524, 26.1372105 ], [ 78.9515739, 26.1343153 ], [ 78.9488704, 26.1286798 ], [ 78.9520556, 26.1293325 ], [ 78.9584792, 26.1279706 ], [ 78.9623669, 26.1253191 ], [ 78.9634394, 26.1221593 ], [ 78.9768274, 26.1160352 ], [ 78.977463, 26.1111426 ], [ 78.9755934, 26.1052047 ], [ 78.9870048, 26.0995009 ], [ 78.9935819, 26.0937098 ], [ 79.0021005, 26.0901675 ], [ 79.0086599, 26.0932057 ], [ 79.0096414, 26.0912117 ], [ 79.0125665, 26.0899097 ], [ 79.0120632, 26.0831848 ], [ 79.0084128, 26.0801401 ], [ 79.0081426, 26.0754238 ], [ 79.0034361, 26.069616 ], [ 79.0027496, 26.0666458 ], [ 78.9906885, 26.068827 ], [ 78.9894526, 26.0671356 ], [ 78.9894284, 26.0628392 ], [ 78.9863222, 26.0603644 ], [ 78.9872202, 26.0578449 ], [ 78.9861419, 26.0536756 ], [ 78.9818831, 26.0516073 ], [ 78.9801513, 26.0481198 ], [ 78.9768986, 26.0479417 ], [ 78.9765515, 26.0510379 ], [ 78.9727287, 26.0502778 ], [ 78.9738935, 26.0450418 ], [ 78.9693026, 26.0456271 ], [ 78.9603868, 26.0348643 ], [ 78.954546, 26.0333828 ], [ 78.9530197, 26.0293354 ], [ 78.948263, 26.0277492 ], [ 78.9478626, 26.0263323 ], [ 78.9519902, 26.0210182 ], [ 78.9535098, 26.015218 ], [ 78.9482324, 26.0105135 ], [ 78.948211, 26.0082164 ], [ 78.9444939, 26.0062776 ], [ 78.9465403, 26.0038304 ], [ 78.9465985, 26.0011586 ], [ 78.9512923, 25.9985223 ], [ 78.9560612, 25.9980052 ], [ 78.9568143, 25.996538 ], [ 78.9555397, 25.994914 ], [ 78.9483025, 25.9931893 ], [ 78.94932, 25.9912256 ], [ 78.9529802, 25.9909981 ], [ 78.9531537, 25.9890572 ], [ 78.9493867, 25.9863153 ], [ 78.9435399, 25.9788715 ], [ 78.9406836, 25.9785073 ], [ 78.9361116, 25.98184 ], [ 78.9331792, 25.9793319 ], [ 78.9349446, 25.9749804 ], [ 78.9378099, 25.9737742 ], [ 78.9376103, 25.9645269 ], [ 78.9347295, 25.9644243 ], [ 78.9339699, 25.9629668 ], [ 78.9348378, 25.9613689 ], [ 78.9304981, 25.9589335 ], [ 78.934835, 25.9558628 ], [ 78.933571, 25.9538956 ], [ 78.9342944, 25.9531416 ], [ 78.9370998, 25.9527522 ], [ 78.9332936, 25.948182 ], [ 78.9369058, 25.9446151 ], [ 78.9388525, 25.9442713 ], [ 78.9389565, 25.9426871 ], [ 78.9360914, 25.9416719 ], [ 78.9320702, 25.9474468 ], [ 78.9274776, 25.9472545 ], [ 78.9215446, 25.9406538 ], [ 78.9167124, 25.940046 ], [ 78.9156934, 25.9379747 ], [ 78.90825, 25.9345015 ], [ 78.9096848, 25.9315346 ], [ 78.9057581, 25.9295286 ], [ 78.9056622, 25.9256157 ], [ 78.8985884, 25.9179401 ], [ 78.8872892, 25.9145927 ], [ 78.8860666, 25.9153375 ], [ 78.8846391, 25.9139295 ], [ 78.8833662, 25.9090102 ], [ 78.8884507, 25.9042212 ], [ 78.8911544, 25.8971533 ], [ 78.8948116, 25.8951671 ], [ 78.8869816, 25.8847108 ], [ 78.886722, 25.8829146 ], [ 78.8916809, 25.8802423 ], [ 78.8873791, 25.8684948 ], [ 78.8762146, 25.875879 ], [ 78.8730566, 25.8751388 ], [ 78.8688811, 25.8724714 ], [ 78.864112, 25.871406 ], [ 78.8619525, 25.8655567 ], [ 78.8556528, 25.8608578 ], [ 78.8524062, 25.8566465 ], [ 78.8506015, 25.8521826 ], [ 78.8517698, 25.8460222 ], [ 78.8514072, 25.8384625 ], [ 78.8621416, 25.8425934 ], [ 78.8642996, 25.8359366 ], [ 78.8725785, 25.835093 ], [ 78.8720195, 25.8287739 ], [ 78.8732319, 25.8268879 ], [ 78.8730824, 25.8223791 ], [ 78.8742442, 25.822149 ], [ 78.8706141, 25.8167917 ], [ 78.8699668, 25.8090383 ], [ 78.8728082, 25.8083204 ], [ 78.8724444, 25.801379 ], [ 78.8703644, 25.801308 ], [ 78.8670802, 25.7932143 ], [ 78.8643881, 25.7930788 ], [ 78.8636608, 25.7908539 ], [ 78.8577904, 25.7917699 ], [ 78.8555336, 25.795163 ], [ 78.8459501, 25.8007759 ], [ 78.8474454, 25.8026762 ], [ 78.8446532, 25.8034204 ], [ 78.847525, 25.8033397 ], [ 78.8447775, 25.8045623 ], [ 78.8460039, 25.8051944 ], [ 78.8447331, 25.8060455 ], [ 78.8461837, 25.8071876 ], [ 78.8452407, 25.8096427 ], [ 78.8479561, 25.8151736 ], [ 78.8451976, 25.820196 ], [ 78.8455512, 25.8215549 ], [ 78.8184353, 25.8290073 ], [ 78.814873, 25.8223624 ], [ 78.810378, 25.8169039 ], [ 78.8077651, 25.816853 ], [ 78.8062664, 25.8130929 ], [ 78.8093839, 25.81114 ], [ 78.8092001, 25.8098898 ], [ 78.811429, 25.8095974 ], [ 78.81145, 25.8076928 ], [ 78.8143123, 25.8070396 ], [ 78.8204561, 25.8157436 ], [ 78.8283102, 25.8143382 ], [ 78.8333032, 25.8096188 ], [ 78.8286166, 25.7957076 ], [ 78.8141561, 25.8004682 ], [ 78.8133989, 25.7992223 ], [ 78.8082876, 25.8009712 ], [ 78.8029183, 25.792082 ], [ 78.7980165, 25.7884054 ], [ 78.7913785, 25.7758055 ], [ 78.7859699, 25.7692446 ], [ 78.7862823, 25.7647179 ], [ 78.7828829, 25.758483 ], [ 78.7788264, 25.7578711 ], [ 78.776283, 25.759783 ], [ 78.7729596, 25.7586073 ], [ 78.7720787, 25.7572166 ], [ 78.7735605, 25.7552679 ], [ 78.770813, 25.7486307 ], [ 78.7587294, 25.7545166 ], [ 78.7528558, 25.7500024 ], [ 78.7557032, 25.7304713 ], [ 78.7633317, 25.7199297 ], [ 78.7747837, 25.7170044 ], [ 78.7836335, 25.7087193 ], [ 78.7928472, 25.7057144 ], [ 78.7999117, 25.7050682 ], [ 78.7999827, 25.702938 ], [ 78.7951128, 25.6997806 ], [ 78.7955682, 25.6967208 ], [ 78.8045323, 25.6922797 ], [ 78.8067962, 25.6879931 ], [ 78.807162, 25.6841164 ], [ 78.8125032, 25.6810452 ], [ 78.8167042, 25.6763215 ], [ 78.8187844, 25.6692047 ], [ 78.8157, 25.6623296 ], [ 78.8197436, 25.651946 ], [ 78.8198746, 25.6485701 ], [ 78.8161263, 25.6358139 ], [ 78.8116871, 25.6320794 ], [ 78.8127265, 25.624511 ], [ 78.8117627, 25.6207825 ], [ 78.809608, 25.6191748 ], [ 78.7979856, 25.6164251 ], [ 78.7967229, 25.6138202 ], [ 78.7939411, 25.6124196 ], [ 78.7823573, 25.6127106 ], [ 78.7788095, 25.6109074 ], [ 78.7739651, 25.6120506 ], [ 78.7662112, 25.6102036 ], [ 78.7610175, 25.6068508 ], [ 78.7560898, 25.6066888 ], [ 78.7545635, 25.6047694 ], [ 78.7503244, 25.6030372 ], [ 78.7492729, 25.5987749 ], [ 78.7442513, 25.598499 ], [ 78.7421494, 25.5969932 ], [ 78.7353143, 25.6010064 ], [ 78.731775, 25.6062536 ], [ 78.7245739, 25.602156 ], [ 78.7226929, 25.6027034 ], [ 78.7206544, 25.6055437 ], [ 78.7173291, 25.6053292 ], [ 78.7159789, 25.6036014 ], [ 78.7163441, 25.5995256 ], [ 78.7041982, 25.5979124 ], [ 78.7001847, 25.5950711 ], [ 78.6994156, 25.5909056 ], [ 78.6950789, 25.5878342 ], [ 78.6873105, 25.5888939 ], [ 78.678863, 25.5853046 ], [ 78.6760945, 25.5816431 ], [ 78.6748933, 25.5773287 ], [ 78.6675024, 25.5747042 ], [ 78.6586749, 25.5598867 ], [ 78.6460101, 25.5608427 ], [ 78.624193, 25.5673784 ], [ 78.6307968, 25.5789325 ], [ 78.6181362, 25.5836626 ], [ 78.6159614, 25.5835271 ], [ 78.6107813, 25.5779707 ], [ 78.6116929, 25.5698692 ], [ 78.6015466, 25.5691232 ], [ 78.5980232, 25.5706933 ], [ 78.592432, 25.5631909 ], [ 78.5911346, 25.5583432 ], [ 78.5877417, 25.5566002 ], [ 78.5822669, 25.5613784 ], [ 78.5692138, 25.5646192 ], [ 78.5667517, 25.5625647 ], [ 78.5631591, 25.5627437 ], [ 78.5610014, 25.5592675 ], [ 78.5586969, 25.5605753 ], [ 78.5556525, 25.5592831 ], [ 78.5496206, 25.5614511 ], [ 78.5446596, 25.5615794 ], [ 78.5424842, 25.5629547 ], [ 78.542189, 25.5653467 ], [ 78.5367386, 25.5677807 ], [ 78.532695, 25.5716643 ], [ 78.5283747, 25.5666606 ], [ 78.527458, 25.5680096 ], [ 78.5236571, 25.5669915 ], [ 78.5191211, 25.5702876 ], [ 78.5134193, 25.5692949 ], [ 78.5088336, 25.5726182 ], [ 78.5066048, 25.5715237 ], [ 78.5065569, 25.5729957 ], [ 78.502058, 25.5749321 ], [ 78.4998593, 25.5741584 ], [ 78.4976572, 25.5777871 ], [ 78.4940292, 25.5776276 ], [ 78.4933385, 25.5786978 ], [ 78.4928849, 25.5773627 ], [ 78.491137, 25.5775749 ], [ 78.4909525, 25.5763708 ], [ 78.4871636, 25.5744104 ], [ 78.4871027, 25.5731512 ], [ 78.4863479, 25.5743561 ], [ 78.4826631, 25.5722248 ], [ 78.4833235, 25.5707982 ], [ 78.4822717, 25.5712626 ], [ 78.478643, 25.5674075 ], [ 78.4783271, 25.5646816 ], [ 78.4753715, 25.5646566 ], [ 78.4741608, 25.5629062 ], [ 78.4668536, 25.5593228 ], [ 78.465672, 25.5563673 ], [ 78.4665704, 25.5533698 ], [ 78.4698294, 25.5534761 ], [ 78.4662688, 25.5511768 ], [ 78.4646937, 25.5455086 ], [ 78.4562973, 25.5480591 ], [ 78.4509563, 25.5517584 ], [ 78.4465626, 25.5594335 ], [ 78.4476182, 25.5607193 ], [ 78.4464743, 25.56146 ], [ 78.4493714, 25.563291 ], [ 78.4435992, 25.5632036 ], [ 78.4380145, 25.5597489 ], [ 78.4282778, 25.5504326 ], [ 78.4278277, 25.5453912 ], [ 78.426349, 25.542792 ], [ 78.4210744, 25.5399233 ], [ 78.4207989, 25.5351706 ], [ 78.4193405, 25.5329641 ], [ 78.4192635, 25.5261443 ], [ 78.4203072, 25.5240272 ], [ 78.4190565, 25.5181376 ], [ 78.4288474, 25.5115446 ], [ 78.4285284, 25.5099334 ], [ 78.4224755, 25.5100259 ], [ 78.4205897, 25.5081263 ], [ 78.4188145, 25.509016 ], [ 78.4191169, 25.5064071 ], [ 78.41681, 25.5017003 ], [ 78.4192999, 25.5003942 ], [ 78.4286876, 25.4878526 ], [ 78.4274132, 25.4848471 ], [ 78.4313066, 25.4736296 ], [ 78.42781, 25.4711982 ], [ 78.4199211, 25.4758723 ], [ 78.4164854, 25.4764781 ], [ 78.4157529, 25.4716308 ], [ 78.4141115, 25.4697943 ], [ 78.4038585, 25.4671022 ], [ 78.4003128, 25.4635507 ], [ 78.397219, 25.456271 ], [ 78.3949599, 25.4442068 ], [ 78.3853109, 25.440588 ], [ 78.3809465, 25.4403491 ], [ 78.3776607, 25.4368106 ], [ 78.376428, 25.4386476 ], [ 78.369459, 25.4383271 ], [ 78.362186, 25.4459815 ], [ 78.3617631, 25.449687 ], [ 78.360197, 25.4514652 ], [ 78.3545445, 25.4519791 ], [ 78.3490184, 25.4428068 ], [ 78.3499135, 25.440961 ], [ 78.3469771, 25.4352779 ], [ 78.3417939, 25.4309755 ], [ 78.3389011, 25.43102 ], [ 78.3393945, 25.4263802 ], [ 78.343094, 25.4200171 ], [ 78.3388386, 25.4069766 ], [ 78.340912, 25.4028291 ], [ 78.3405303, 25.3995207 ], [ 78.3313753, 25.3907485 ], [ 78.3260143, 25.3898216 ], [ 78.3223733, 25.3874056 ], [ 78.3168507, 25.3786754 ], [ 78.3120129, 25.3792005 ], [ 78.3079428, 25.3811982 ], [ 78.305312, 25.3767511 ], [ 78.3061107, 25.3751835 ], [ 78.3008012, 25.3599315 ], [ 78.3049835, 25.3605023 ], [ 78.3122972, 25.357653 ], [ 78.3160526, 25.3575507 ], [ 78.3190939, 25.3549566 ], [ 78.3280523, 25.3523115 ], [ 78.3372999, 25.3363937 ], [ 78.3375451, 25.3302463 ], [ 78.3435399, 25.3285776 ], [ 78.3387041, 25.324063 ], [ 78.3336988, 25.3226038 ], [ 78.3305467, 25.3190011 ], [ 78.3293497, 25.319601 ], [ 78.3248918, 25.3159526 ], [ 78.3227365, 25.3163265 ], [ 78.3202156, 25.3126741 ], [ 78.3112615, 25.3051916 ], [ 78.3117339, 25.3033016 ], [ 78.3151015, 25.3013747 ], [ 78.3165958, 25.3018357 ], [ 78.3197004, 25.2988308 ], [ 78.3300882, 25.2963474 ], [ 78.3339721, 25.2924081 ], [ 78.3545804, 25.2922534 ], [ 78.3547996, 25.290458 ], [ 78.3498769, 25.2793674 ], [ 78.3501106, 25.2773273 ], [ 78.3570908, 25.2731397 ], [ 78.3607096, 25.2725217 ], [ 78.3663739, 25.2667267 ], [ 78.3687667, 25.2613827 ], [ 78.3725142, 25.2599069 ], [ 78.3598, 25.2421932 ], [ 78.3673883, 25.2368542 ], [ 78.3729612, 25.2371929 ], [ 78.3748817, 25.2392376 ], [ 78.3785243, 25.2386868 ], [ 78.3771395, 25.2278406 ], [ 78.3820566, 25.2225912 ], [ 78.3967231, 25.2169116 ], [ 78.3979626, 25.2182144 ], [ 78.4025036, 25.2175966 ], [ 78.4051166, 25.2148873 ], [ 78.4109519, 25.2126659 ], [ 78.3993015, 25.2086242 ], [ 78.3964975, 25.2037273 ], [ 78.3913821, 25.2011913 ], [ 78.3915555, 25.1989435 ], [ 78.3946608, 25.1973543 ], [ 78.3948381, 25.1892072 ], [ 78.3960778, 25.1872164 ], [ 78.4166378, 25.1835289 ], [ 78.4163577, 25.1764426 ], [ 78.424173, 25.1722154 ], [ 78.4234031, 25.1693133 ], [ 78.433723, 25.1664796 ], [ 78.4433689, 25.1654779 ], [ 78.4460835, 25.1682299 ], [ 78.4515546, 25.1689268 ], [ 78.4582615, 25.1637234 ], [ 78.4518663, 25.1599806 ], [ 78.4478548, 25.1527111 ], [ 78.4320562, 25.155169 ], [ 78.4273813, 25.1541036 ], [ 78.4269197, 25.1464821 ], [ 78.4420308, 25.1309355 ], [ 78.4479492, 25.1281116 ], [ 78.4468199, 25.121775 ], [ 78.4344394, 25.120142 ], [ 78.4154389, 25.1284266 ], [ 78.4068219, 25.1289342 ], [ 78.3997307, 25.1241149 ], [ 78.3878594, 25.1057232 ], [ 78.3834522, 25.1017199 ], [ 78.3678526, 25.0965834 ], [ 78.3608379, 25.0957295 ], [ 78.338635, 25.0865814 ], [ 78.3355043, 25.081137 ], [ 78.335489, 25.0665623 ], [ 78.3401845, 25.04028 ], [ 78.3471838, 25.0245015 ], [ 78.3473727, 25.0215315 ], [ 78.3453637, 25.0120793 ], [ 78.3363916, 25.0005683 ], [ 78.3338524, 24.9954996 ], [ 78.331644, 24.9939418 ], [ 78.3218086, 24.9923136 ], [ 78.3168223, 24.9900143 ], [ 78.3118126, 24.9856339 ], [ 78.3070281, 24.9774709 ], [ 78.2945929, 24.9630568 ], [ 78.2866592, 24.9581368 ], [ 78.2791497, 24.9560739 ], [ 78.2709318, 24.9487651 ], [ 78.2659531, 24.9410159 ], [ 78.2562292, 24.9368017 ], [ 78.2494038, 24.929874 ], [ 78.2238058, 24.9153104 ], [ 78.2189854, 24.9093824 ], [ 78.2105911, 24.8948078 ], [ 78.1949551, 24.8894311 ], [ 78.1735087, 24.8786381 ], [ 78.170974, 24.8752671 ], [ 78.169057, 24.8693365 ], [ 78.1689705, 24.8626199 ], [ 78.1732686, 24.8466937 ], [ 78.1775066, 24.8433339 ], [ 78.1934691, 24.8425195 ], [ 78.197598, 24.8397822 ], [ 78.2010275, 24.8341471 ], [ 78.2040336, 24.8244047 ], [ 78.2166786, 24.8085944 ], [ 78.2317447, 24.7771363 ], [ 78.2357446, 24.7717482 ], [ 78.2350504, 24.7638133 ], [ 78.2317765, 24.7623622 ], [ 78.2255699, 24.7530273 ], [ 78.2261432, 24.746912 ], [ 78.2310885, 24.7380749 ], [ 78.2503454, 24.7114758 ], [ 78.2575223, 24.7041691 ], [ 78.2653362, 24.6793393 ], [ 78.2766967, 24.6629931 ], [ 78.2752235, 24.6581757 ], [ 78.264047, 24.651099 ], [ 78.2626736, 24.6460018 ], [ 78.2653187, 24.6314146 ], [ 78.2761825, 24.6194826 ], [ 78.2779835, 24.6147576 ], [ 78.2732981, 24.5957552 ], [ 78.2728917, 24.5794142 ], [ 78.2673315, 24.5759481 ], [ 78.2648214, 24.5674961 ], [ 78.2664571, 24.5593946 ], [ 78.2644694, 24.5522023 ], [ 78.2561041, 24.5471403 ], [ 78.2435083, 24.5441998 ], [ 78.2294432, 24.537534 ], [ 78.2269391, 24.5346873 ], [ 78.2257366, 24.5305398 ], [ 78.225822, 24.5201123 ], [ 78.2332079, 24.5140809 ], [ 78.2444247, 24.5114182 ], [ 78.2460165, 24.5095391 ], [ 78.2477315, 24.5026041 ], [ 78.2440584, 24.4890477 ], [ 78.2458905, 24.4861392 ], [ 78.2495739, 24.4835826 ], [ 78.2680156, 24.4790422 ], [ 78.2749791, 24.4739234 ], [ 78.2754843, 24.4711792 ], [ 78.2737909, 24.4672328 ], [ 78.2641591, 24.4557017 ], [ 78.2645213, 24.4531017 ], [ 78.2696896, 24.4469392 ], [ 78.3069964, 24.4230945 ], [ 78.3106024, 24.4189836 ], [ 78.316239, 24.4154018 ], [ 78.3218915, 24.4087952 ], [ 78.3309191, 24.4046947 ], [ 78.337791, 24.4038028 ], [ 78.3407491, 24.40207 ], [ 78.3438504, 24.3991366 ], [ 78.3449114, 24.3938687 ], [ 78.3489003, 24.3874368 ], [ 78.3562002, 24.3854292 ], [ 78.3642635, 24.386757 ], [ 78.3657865, 24.3859762 ], [ 78.3669303, 24.3809385 ], [ 78.3698974, 24.3768308 ], [ 78.3696708, 24.3749349 ], [ 78.3623279, 24.3714269 ], [ 78.3579276, 24.367576 ], [ 78.3569327, 24.362818 ], [ 78.3468034, 24.3524113 ], [ 78.3432871, 24.3446192 ], [ 78.3312831, 24.3343195 ], [ 78.3290835, 24.3271278 ], [ 78.3314641, 24.3239279 ], [ 78.3436879, 24.3173086 ], [ 78.345871, 24.3139054 ], [ 78.3455919, 24.3062403 ], [ 78.3480462, 24.2995778 ], [ 78.358164, 24.2923115 ], [ 78.3662708, 24.2910707 ], [ 78.3703343, 24.2840377 ], [ 78.3781007, 24.2840829 ], [ 78.3808486, 24.2804128 ], [ 78.3818675, 24.2731178 ], [ 78.3849007, 24.2700074 ], [ 78.3870527, 24.270901 ], [ 78.3878749, 24.2690456 ], [ 78.3885201, 24.2708512 ], [ 78.3916175, 24.2706794 ], [ 78.3953843, 24.268959 ], [ 78.3966599, 24.2701732 ], [ 78.3981271, 24.2694371 ], [ 78.4000137, 24.2720235 ], [ 78.403096, 24.2708176 ], [ 78.4099655, 24.2711186 ], [ 78.4116747, 24.2728246 ], [ 78.4139597, 24.2729775 ], [ 78.4140843, 24.277925 ], [ 78.4184007, 24.2849434 ], [ 78.4242024, 24.2855826 ], [ 78.4310867, 24.2840319 ], [ 78.433876, 24.287922 ], [ 78.4339366, 24.2912716 ], [ 78.4401546, 24.2962435 ], [ 78.4376193, 24.3085774 ], [ 78.4386901, 24.3125403 ], [ 78.4458739, 24.3158686 ], [ 78.4438906, 24.3193455 ], [ 78.4552682, 24.3240707 ], [ 78.456394, 24.328178 ], [ 78.4636619, 24.3301285 ], [ 78.4775814, 24.3384844 ], [ 78.4742137, 24.3477723 ], [ 78.4751776, 24.3516628 ], [ 78.4742943, 24.3563355 ], [ 78.485787, 24.3693372 ], [ 78.4936191, 24.381384 ], [ 78.5022262, 24.3903435 ], [ 78.5183804, 24.3878188 ], [ 78.5220385, 24.3866205 ], [ 78.525654, 24.3831876 ], [ 78.5272885, 24.3791441 ], [ 78.5298268, 24.3789065 ], [ 78.5273505, 24.3753794 ], [ 78.5303205, 24.3712011 ], [ 78.5298842, 24.3680952 ], [ 78.5383654, 24.3679512 ], [ 78.5593393, 24.3567377 ], [ 78.5633062, 24.3579781 ], [ 78.5732222, 24.3510527 ], [ 78.574992, 24.3553055 ], [ 78.5764738, 24.3556536 ], [ 78.5802877, 24.3558849 ], [ 78.5860043, 24.3537423 ], [ 78.5831001, 24.3498297 ], [ 78.5842929, 24.3464981 ], [ 78.5892883, 24.3377158 ], [ 78.5960379, 24.3352137 ], [ 78.5965195, 24.3319954 ], [ 78.6010432, 24.3265476 ], [ 78.6012757, 24.3209365 ], [ 78.6036463, 24.3144997 ], [ 78.6094203, 24.3085462 ], [ 78.6158188, 24.3096346 ], [ 78.6182129, 24.3070887 ], [ 78.6191437, 24.3103254 ], [ 78.6234144, 24.3070979 ], [ 78.6262417, 24.3073236 ], [ 78.6284428, 24.303938 ], [ 78.6280935, 24.3003121 ], [ 78.619966, 24.2928949 ], [ 78.620031, 24.2903186 ], [ 78.6245374, 24.2865584 ], [ 78.625803, 24.2805906 ], [ 78.6313693, 24.2864262 ], [ 78.6387658, 24.2851294 ], [ 78.639691, 24.283014 ], [ 78.6456541, 24.2785261 ], [ 78.6492821, 24.2716325 ], [ 78.6600457, 24.2675947 ], [ 78.6642965, 24.256096 ], [ 78.6638271, 24.2506745 ], [ 78.667119, 24.2447641 ], [ 78.6666356, 24.2419564 ], [ 78.6686337, 24.2400373 ], [ 78.682521, 24.2382315 ], [ 78.6907554, 24.2347612 ], [ 78.695656, 24.2300236 ], [ 78.7030579, 24.2269232 ], [ 78.708709, 24.23431 ], [ 78.7131199, 24.2342443 ], [ 78.7168281, 24.2360297 ], [ 78.720805, 24.2349348 ], [ 78.7255716, 24.2364395 ], [ 78.7236445, 24.2399979 ], [ 78.7263785, 24.242032 ], [ 78.7278948, 24.2482245 ], [ 78.734166, 24.2524051 ], [ 78.7412611, 24.2473391 ], [ 78.7418104, 24.2450138 ], [ 78.738998, 24.2380822 ], [ 78.7404179, 24.2349844 ], [ 78.7416034, 24.2338369 ], [ 78.7504242, 24.233887 ], [ 78.754959, 24.2383371 ], [ 78.7554486, 24.2411227 ], [ 78.7597932, 24.2440693 ], [ 78.7598698, 24.2573324 ], [ 78.7618916, 24.2595369 ], [ 78.7643915, 24.2553767 ], [ 78.7674067, 24.2531127 ], [ 78.7686514, 24.2484275 ], [ 78.7676601, 24.2387889 ], [ 78.7645202, 24.2317987 ], [ 78.7675078, 24.2266771 ], [ 78.7673704, 24.2202127 ], [ 78.7713325, 24.2144734 ], [ 78.7769858, 24.2110824 ], [ 78.7811288, 24.2060471 ], [ 78.7807545, 24.1997676 ], [ 78.7818277, 24.1993304 ], [ 78.7830013, 24.1891515 ], [ 78.7855839, 24.1840026 ], [ 78.7894314, 24.1771113 ], [ 78.8055314, 24.1781802 ], [ 78.8116224, 24.1799841 ], [ 78.8141496, 24.1842556 ], [ 78.8122113, 24.1931478 ], [ 78.8130086, 24.2035354 ], [ 78.8149461, 24.2068045 ], [ 78.8217689, 24.2041527 ], [ 78.8237602, 24.1968493 ], [ 78.8267481, 24.1954463 ], [ 78.829292, 24.1969052 ], [ 78.8380688, 24.2073399 ], [ 78.8468873, 24.21377 ], [ 78.8521047, 24.2140418 ], [ 78.8609454, 24.2092126 ], [ 78.8768039, 24.2138041 ], [ 78.8818541, 24.2170092 ], [ 78.884665, 24.2199477 ], [ 78.8880523, 24.2272786 ], [ 78.8840661, 24.243354 ], [ 78.8843741, 24.25 ], [ 78.9054628, 24.2645277 ], [ 78.9160702, 24.2676263 ], [ 78.9186607, 24.2829829 ], [ 78.9116099, 24.2880044 ], [ 78.9096377, 24.297995 ], [ 78.9188834, 24.3002315 ], [ 78.9236536, 24.3064913 ], [ 78.9412478, 24.3152872 ], [ 78.9466417, 24.3239203 ], [ 78.9630112, 24.3442118 ], [ 78.971454, 24.3476058 ], [ 78.970703, 24.3513846 ], [ 78.9725925, 24.3544891 ], [ 78.969909, 24.3702813 ], [ 78.975026, 24.3785704 ], [ 78.9769317, 24.3887485 ], [ 78.9843536, 24.4047774 ], [ 78.9840477, 24.4102578 ], [ 78.9924511, 24.418914 ], [ 78.9936477, 24.4227502 ], [ 78.9856281, 24.4416748 ], [ 78.9820137, 24.4416052 ], [ 78.9804099, 24.440094 ], [ 78.9776692, 24.4410936 ], [ 78.965217, 24.4387271 ], [ 78.9609573, 24.4395377 ], [ 78.9547971, 24.4370312 ], [ 78.9474838, 24.4366219 ], [ 78.9427206, 24.4440836 ], [ 78.9417775, 24.4510719 ], [ 78.9397569, 24.4535013 ], [ 78.9281728, 24.4601723 ], [ 78.9150968, 24.458489 ], [ 78.9145546, 24.4593197 ], [ 78.9148514, 24.4622944 ], [ 78.9127021, 24.4655766 ], [ 78.9122113, 24.4734448 ], [ 78.9164721, 24.4828681 ], [ 78.9184925, 24.4951558 ], [ 78.9205759, 24.4997188 ], [ 78.9246458, 24.4998259 ], [ 78.9276293, 24.4943608 ], [ 78.931757, 24.4915119 ], [ 78.9373253, 24.4907356 ], [ 78.9279199, 24.484328 ], [ 78.9272234, 24.4820667 ], [ 78.936219, 24.4794226 ], [ 78.9431241, 24.4790088 ], [ 78.9634683, 24.4835349 ], [ 78.9704423, 24.4892229 ], [ 78.9714324, 24.4937588 ], [ 78.9656132, 24.4979156 ], [ 78.9570462, 24.4987599 ], [ 78.9472554, 24.502404 ], [ 78.9484927, 24.5086644 ], [ 78.9480429, 24.5151514 ], [ 78.9513214, 24.5187835 ], [ 78.9463987, 24.5261006 ], [ 78.9437004, 24.5344546 ], [ 78.94815, 24.544136 ], [ 78.9532101, 24.5468959 ], [ 78.9471129, 24.5507091 ], [ 78.9483439, 24.5542519 ], [ 78.9464456, 24.5571464 ], [ 78.935017, 24.5607586 ], [ 78.9337996, 24.5639596 ], [ 78.9322743, 24.5636578 ], [ 78.9292054, 24.5657265 ], [ 78.927653, 24.5711259 ], [ 78.9249301, 24.5749864 ], [ 78.9234338, 24.5735019 ], [ 78.9201519, 24.5748121 ], [ 78.9144246, 24.5847222 ], [ 78.9126151, 24.5907444 ], [ 78.9118512, 24.5944958 ], [ 78.9134608, 24.5951228 ], [ 78.912574, 24.6001697 ], [ 78.9111373, 24.600125 ], [ 78.9096669, 24.6028339 ], [ 78.9020595, 24.6061625 ], [ 78.8992855, 24.6092868 ], [ 78.8991533, 24.6142523 ], [ 78.8974451, 24.6147311 ], [ 78.8947949, 24.621304 ], [ 78.8961982, 24.6257229 ], [ 78.8894089, 24.6296241 ], [ 78.8899919, 24.6311407 ], [ 78.8855529, 24.6349511 ], [ 78.8863582, 24.637375 ], [ 78.8823138, 24.6404133 ], [ 78.8832326, 24.6412935 ], [ 78.8772074, 24.6422103 ], [ 78.8765217, 24.6408706 ], [ 78.8741453, 24.6414295 ], [ 78.8680162, 24.6399896 ], [ 78.8686139, 24.6368028 ], [ 78.8668952, 24.633995 ], [ 78.8662336, 24.6274317 ], [ 78.8597653, 24.6176406 ], [ 78.857173, 24.6175546 ], [ 78.8571038, 24.6187418 ], [ 78.8555534, 24.6178525 ], [ 78.8547728, 24.6207008 ], [ 78.8528074, 24.6220006 ], [ 78.8534639, 24.6234948 ], [ 78.8525305, 24.6246954 ], [ 78.8487335, 24.622131 ], [ 78.8433015, 24.6232903 ], [ 78.8377579, 24.6158005 ], [ 78.8346107, 24.6045555 ], [ 78.8263704, 24.604603 ], [ 78.8238333, 24.6024446 ], [ 78.8167885, 24.6009934 ], [ 78.8124384, 24.6021022 ], [ 78.8114452, 24.6039255 ], [ 78.8032248, 24.603534 ], [ 78.8023617, 24.6018724 ], [ 78.8032024, 24.5992863 ], [ 78.7989987, 24.5943732 ], [ 78.7916193, 24.5924647 ], [ 78.7837871, 24.5885603 ], [ 78.7765696, 24.5887367 ], [ 78.7693331, 24.5941669 ], [ 78.7520302, 24.6001799 ], [ 78.7545693, 24.6038157 ], [ 78.7510902, 24.6172104 ], [ 78.7548156, 24.6199218 ], [ 78.7524881, 24.6218203 ], [ 78.7527034, 24.6340082 ], [ 78.7511506, 24.6360653 ], [ 78.7521572, 24.6370592 ], [ 78.7506945, 24.6378706 ], [ 78.7514227, 24.640733 ], [ 78.7500091, 24.6418468 ], [ 78.7519642, 24.6424081 ], [ 78.7494806, 24.6467575 ], [ 78.7506394, 24.6485641 ], [ 78.7491878, 24.6481747 ], [ 78.7486317, 24.6510587 ], [ 78.7454154, 24.6515934 ], [ 78.7456705, 24.6530112 ], [ 78.7439279, 24.6540599 ], [ 78.745993, 24.6545186 ], [ 78.7471853, 24.6565083 ], [ 78.7467715, 24.6626792 ], [ 78.7505056, 24.6641913 ], [ 78.7508543, 24.6661325 ], [ 78.7547391, 24.6691511 ], [ 78.7587916, 24.6690376 ], [ 78.7614675, 24.6708994 ], [ 78.7652234, 24.6808688 ], [ 78.7636444, 24.6904779 ], [ 78.7709756, 24.6914127 ], [ 78.7735358, 24.6966189 ], [ 78.7779509, 24.6994836 ], [ 78.7809999, 24.7060757 ], [ 78.7811462, 24.7089286 ], [ 78.7768536, 24.7136386 ], [ 78.7765973, 24.7193395 ], [ 78.7732922, 24.731173 ], [ 78.7722995, 24.7431117 ], [ 78.7765972, 24.7518334 ], [ 78.7700028, 24.7580807 ], [ 78.7713484, 24.7688337 ], [ 78.7703547, 24.7747011 ], [ 78.7728005, 24.7825704 ], [ 78.7703977, 24.7884008 ], [ 78.7742939, 24.7946235 ], [ 78.7804173, 24.7988706 ], [ 78.7870319, 24.8013076 ], [ 78.7898391, 24.8109779 ], [ 78.7834161, 24.8161199 ], [ 78.7759317, 24.8307175 ], [ 78.7735739, 24.8409353 ], [ 78.7747689, 24.8497516 ], [ 78.7700367, 24.8590197 ], [ 78.7621894, 24.8600162 ], [ 78.7539039, 24.8688343 ], [ 78.7467568, 24.8652196 ], [ 78.7291253, 24.8789459 ], [ 78.7221704, 24.8816634 ], [ 78.7146177, 24.8793977 ], [ 78.710887, 24.8796573 ], [ 78.7050333, 24.8872527 ], [ 78.6966838, 24.8931837 ], [ 78.6836548, 24.8949859 ], [ 78.6765598, 24.8986312 ], [ 78.6672412, 24.9137915 ], [ 78.6628491, 24.9387142 ], [ 78.655765, 24.9403716 ], [ 78.6518635, 24.9383772 ], [ 78.6500621, 24.9408782 ], [ 78.6528419, 24.9437967 ], [ 78.6523585, 24.94784 ], [ 78.6361328, 24.9592736 ], [ 78.6317211, 24.9577979 ], [ 78.6316372, 24.9616165 ], [ 78.6339447, 24.9633903 ], [ 78.6329992, 24.9671188 ], [ 78.6347966, 24.9671999 ], [ 78.6400262, 24.9720833 ], [ 78.6389273, 24.9757757 ], [ 78.6413986, 24.9777841 ], [ 78.6414339, 24.9819683 ], [ 78.6440094, 24.9842926 ], [ 78.6432868, 24.9873304 ], [ 78.6447058, 25.0033169 ], [ 78.6469575, 25.0059952 ], [ 78.6457188, 25.0185958 ], [ 78.6533604, 25.0314541 ], [ 78.6519156, 25.0391638 ], [ 78.6526167, 25.0505925 ], [ 78.63602, 25.0771669 ], [ 78.628145, 25.0861992 ], [ 78.6132607, 25.0875755 ], [ 78.607149, 25.0903915 ], [ 78.6024495, 25.0944215 ], [ 78.6019085, 25.0978384 ], [ 78.605684, 25.1088747 ], [ 78.6042895, 25.1175047 ], [ 78.6053292, 25.1269341 ], [ 78.6033327, 25.1459589 ], [ 78.6006779, 25.155392 ], [ 78.5944905, 25.1686249 ], [ 78.5860304, 25.1804036 ], [ 78.5833396, 25.1873313 ], [ 78.5763919, 25.1951965 ], [ 78.5705435, 25.2051922 ], [ 78.5702028, 25.2238785 ], [ 78.5681878, 25.2247443 ], [ 78.5628107, 25.2214834 ], [ 78.5564409, 25.2102461 ], [ 78.5555372, 25.2114193 ], [ 78.560121, 25.2219968 ], [ 78.5674412, 25.2299438 ], [ 78.5684223, 25.2328959 ], [ 78.5680763, 25.2408443 ], [ 78.5731014, 25.2458427 ], [ 78.5779019, 25.2548188 ], [ 78.5747254, 25.2549893 ], [ 78.57127, 25.2572178 ], [ 78.5704952, 25.2583143 ], [ 78.5720433, 25.2595742 ], [ 78.5684645, 25.2597805 ], [ 78.5629978, 25.2636781 ], [ 78.5597219, 25.2635864 ], [ 78.5498318, 25.2677568 ], [ 78.5450377, 25.2648341 ], [ 78.5373074, 25.2688873 ], [ 78.5336147, 25.2683705 ], [ 78.5308382, 25.2771071 ], [ 78.5337247, 25.2806295 ], [ 78.5308919, 25.2846315 ], [ 78.51665, 25.2778918 ], [ 78.51056, 25.2767769 ], [ 78.5075294, 25.2845378 ], [ 78.5034337, 25.2895266 ], [ 78.4869759, 25.2809968 ], [ 78.4836416, 25.2773613 ], [ 78.4728862, 25.2737354 ], [ 78.4649534, 25.2665909 ], [ 78.4508536, 25.2621079 ], [ 78.4382875, 25.2745849 ], [ 78.4364872, 25.2829284 ], [ 78.4350308, 25.284164 ], [ 78.4386025, 25.2884775 ], [ 78.440339, 25.2954683 ], [ 78.445187, 25.2993071 ], [ 78.4477338, 25.2990351 ], [ 78.4494728, 25.3008892 ], [ 78.4537926, 25.3012662 ], [ 78.4578177, 25.2987003 ], [ 78.4587298, 25.2967544 ], [ 78.463842, 25.2943502 ], [ 78.4670862, 25.2907599 ], [ 78.4711818, 25.290342 ], [ 78.4726056, 25.2858523 ], [ 78.4734671, 25.2861158 ], [ 78.4775557, 25.2894847 ], [ 78.4769313, 25.29663 ], [ 78.4780351, 25.2985204 ], [ 78.4804298, 25.3003061 ], [ 78.4843428, 25.3008991 ], [ 78.4881316, 25.3067232 ], [ 78.4947766, 25.3130775 ], [ 78.4971714, 25.3194261 ], [ 78.5023001, 25.3208994 ], [ 78.503179, 25.3209091 ], [ 78.5029826, 25.3186973 ], [ 78.500604, 25.3137756 ], [ 78.5035881, 25.3040739 ], [ 78.5027521, 25.3008685 ], [ 78.5065716, 25.2995176 ], [ 78.5088584, 25.2964547 ], [ 78.5148708, 25.2967346 ], [ 78.5212433, 25.299637 ], [ 78.531193, 25.3000183 ], [ 78.5339957, 25.3101349 ], [ 78.5375407, 25.3106606 ], [ 78.5530676, 25.3196419 ], [ 78.5500665, 25.3223801 ], [ 78.5469381, 25.3219768 ], [ 78.5438627, 25.3241823 ], [ 78.5437125, 25.3260328 ], [ 78.5396441, 25.3277456 ], [ 78.5404767, 25.3301066 ], [ 78.5370491, 25.3382336 ], [ 78.541226, 25.3455434 ], [ 78.5306418, 25.3514769 ], [ 78.5305002, 25.354704 ], [ 78.531999, 25.3565781 ], [ 78.5364918, 25.3602007 ], [ 78.5485007, 25.3565649 ], [ 78.5518387, 25.3566975 ], [ 78.5528145, 25.3529382 ], [ 78.5613791, 25.341216 ], [ 78.567265, 25.3407399 ], [ 78.5708349, 25.3433005 ], [ 78.5775052, 25.3438399 ], [ 78.5832905, 25.346974 ], [ 78.5847004, 25.3493711 ], [ 78.5847487, 25.3533836 ], [ 78.5877929, 25.3558849 ], [ 78.5887685, 25.3659684 ], [ 78.5862834, 25.369899 ], [ 78.5857008, 25.3741732 ], [ 78.5778447, 25.3811358 ], [ 78.5736108, 25.380335 ], [ 78.5685495, 25.3771285 ], [ 78.5628906, 25.3772617 ], [ 78.5635434, 25.3832649 ], [ 78.5661649, 25.3871025 ], [ 78.5665047, 25.3935344 ], [ 78.5761156, 25.390735 ], [ 78.5814539, 25.3857086 ], [ 78.5836394, 25.3876952 ], [ 78.5857217, 25.3862965 ], [ 78.5901935, 25.3860268 ], [ 78.5994139, 25.3925643 ], [ 78.5984523, 25.3960328 ], [ 78.6022549, 25.399159 ], [ 78.6009623, 25.4019571 ], [ 78.6020553, 25.4033565 ], [ 78.6011101, 25.4089982 ], [ 78.6066706, 25.4113009 ], [ 78.6044588, 25.4135122 ], [ 78.6096667, 25.4160224 ], [ 78.613921, 25.4145784 ], [ 78.6193778, 25.4155897 ], [ 78.623617, 25.4134685 ], [ 78.6257489, 25.4012324 ], [ 78.6308025, 25.3993862 ], [ 78.6358165, 25.4006948 ], [ 78.644932, 25.4126727 ], [ 78.6452556, 25.4160397 ], [ 78.6438643, 25.4171232 ], [ 78.6445604, 25.4194656 ], [ 78.6421259, 25.4247467 ], [ 78.6413567, 25.4334939 ], [ 78.643211, 25.4353081 ], [ 78.6506771, 25.4363676 ], [ 78.6539831, 25.4384071 ], [ 78.6562496, 25.4377883 ], [ 78.6598346, 25.4416601 ], [ 78.6654461, 25.4397765 ], [ 78.670407, 25.4400188 ], [ 78.674427, 25.4365556 ], [ 78.6817124, 25.433222 ], [ 78.6898659, 25.445748 ], [ 78.6965453, 25.4429872 ], [ 78.6996056, 25.440088 ], [ 78.6996981, 25.4370143 ], [ 78.7025735, 25.4329371 ], [ 78.7114275, 25.4281027 ], [ 78.7090588, 25.4240148 ], [ 78.7030715, 25.4189405 ], [ 78.6748988, 25.3995673 ], [ 78.6714225, 25.4050659 ], [ 78.6683072, 25.4064841 ], [ 78.6660095, 25.4158142 ], [ 78.6588957, 25.4085042 ], [ 78.6592234, 25.4057356 ], [ 78.6636242, 25.4008752 ], [ 78.6623358, 25.3963259 ], [ 78.6662947, 25.3927275 ], [ 78.6589487, 25.3852866 ], [ 78.6659384, 25.3819087 ], [ 78.6753582, 25.381152 ], [ 78.6822114, 25.3776601 ], [ 78.6946661, 25.3738593 ], [ 78.6978277, 25.3806671 ], [ 78.6996043, 25.3818886 ], [ 78.7030125, 25.3737738 ], [ 78.7076067, 25.3719298 ], [ 78.7140504, 25.3721472 ], [ 78.7135536, 25.3695748 ], [ 78.7079136, 25.3630921 ], [ 78.7087852, 25.3519883 ], [ 78.7241223, 25.3439673 ], [ 78.7275249, 25.3442989 ], [ 78.730956, 25.3487152 ], [ 78.7380035, 25.3479427 ], [ 78.7421051, 25.3451605 ], [ 78.7527788, 25.3459067 ], [ 78.7543766, 25.3475058 ], [ 78.754785, 25.351469 ], [ 78.7599667, 25.3504441 ], [ 78.7745878, 25.3531041 ], [ 78.7744412, 25.3561372 ], [ 78.7659205, 25.3691482 ], [ 78.7736597, 25.3761676 ], [ 78.7687982, 25.3790845 ], [ 78.7598578, 25.3816595 ], [ 78.7569228, 25.3854439 ], [ 78.7613443, 25.3859395 ], [ 78.7651706, 25.3909073 ], [ 78.7679849, 25.4000311 ], [ 78.764793, 25.4018748 ], [ 78.7569827, 25.3953648 ], [ 78.7500001, 25.3938515 ], [ 78.7481452, 25.390989 ], [ 78.7471323, 25.3916894 ], [ 78.7455756, 25.4027353 ], [ 78.7468606, 25.4030637 ], [ 78.7497399, 25.4110595 ], [ 78.758255, 25.4153912 ], [ 78.7673753, 25.4149613 ], [ 78.7749453, 25.4198683 ], [ 78.7791703, 25.4192483 ], [ 78.7825128, 25.4157073 ], [ 78.7879219, 25.4198585 ], [ 78.7958065, 25.4164462 ], [ 78.7997707, 25.4192738 ], [ 78.7981246, 25.4208436 ], [ 78.7990975, 25.4228888 ], [ 78.8048281, 25.4229096 ], [ 78.8197398, 25.4199055 ], [ 78.8213736, 25.4225781 ], [ 78.8104651, 25.4303504 ], [ 78.8095138, 25.434218 ], [ 78.8053021, 25.4351575 ], [ 78.8029707, 25.4371623 ], [ 78.7923682, 25.4371342 ], [ 78.7834277, 25.4348722 ], [ 78.7784765, 25.429173 ], [ 78.7733987, 25.426967 ], [ 78.7706532, 25.4228745 ], [ 78.7623597, 25.4269004 ], [ 78.7579858, 25.4320829 ], [ 78.756111, 25.4382423 ], [ 78.7577543, 25.4402521 ], [ 78.7538295, 25.4431737 ], [ 78.7523644, 25.4467065 ], [ 78.7500001, 25.4485775 ], [ 78.7374525, 25.4497949 ], [ 78.7376545, 25.4532249 ], [ 78.7359177, 25.4566565 ], [ 78.7318273, 25.4580587 ], [ 78.7327362, 25.4848455 ], [ 78.7334565, 25.489426 ], [ 78.7363497, 25.4938155 ], [ 78.7428344, 25.4987797 ], [ 78.7462688, 25.496624 ], [ 78.7454103, 25.49582 ], [ 78.7477176, 25.4933415 ], [ 78.7463087, 25.4894227 ], [ 78.7478422, 25.4887016 ], [ 78.7473309, 25.4847572 ], [ 78.75, 25.4827659 ], [ 78.7539742, 25.4824996 ], [ 78.7571981, 25.4806879 ], [ 78.7562157, 25.4785974 ], [ 78.7582076, 25.4755343 ], [ 78.7616713, 25.4723054 ], [ 78.7678289, 25.4694281 ], [ 78.7710391, 25.4719061 ], [ 78.7728005, 25.4762718 ], [ 78.7749288, 25.4761108 ], [ 78.7763192, 25.4784046 ], [ 78.7807336, 25.4797073 ], [ 78.7866485, 25.4795305 ], [ 78.7915611, 25.4834194 ], [ 78.7966932, 25.4827633 ], [ 78.8050962, 25.4753293 ], [ 78.8182495, 25.471652 ], [ 78.8179729, 25.4675084 ], [ 78.8104874, 25.4614146 ], [ 78.8063809, 25.4544731 ], [ 78.8091637, 25.4534163 ], [ 78.8124796, 25.4566016 ], [ 78.8142646, 25.456142 ], [ 78.8159273, 25.4617621 ], [ 78.820608, 25.4677442 ], [ 78.8312304, 25.4611761 ], [ 78.8408904, 25.4614991 ], [ 78.83518, 25.4547861 ], [ 78.8497624, 25.4491249 ], [ 78.8531925, 25.4491796 ], [ 78.8548879, 25.4476949 ], [ 78.8520697, 25.4454919 ], [ 78.8482568, 25.4459472 ], [ 78.8457277, 25.4434134 ], [ 78.8418397, 25.44382 ], [ 78.8404585, 25.4417029 ], [ 78.8320819, 25.44347 ], [ 78.8270766, 25.4423717 ], [ 78.8257638, 25.4433507 ], [ 78.8250286, 25.4421588 ], [ 78.823398, 25.4426096 ], [ 78.8207254, 25.438691 ], [ 78.8243156, 25.4342159 ], [ 78.8235718, 25.431335 ], [ 78.8280215, 25.4282493 ], [ 78.8316337, 25.4315723 ], [ 78.8328024, 25.4299116 ], [ 78.8382157, 25.4280986 ], [ 78.8441503, 25.4277525 ], [ 78.8480715, 25.4297391 ], [ 78.8484031, 25.4362567 ], [ 78.8565087, 25.4466841 ], [ 78.8606995, 25.4449965 ], [ 78.8638804, 25.451239 ], [ 78.8629801, 25.4561359 ], [ 78.8654655, 25.4589345 ], [ 78.8661711, 25.4656686 ], [ 78.8603086, 25.4712559 ], [ 78.8602977, 25.4792493 ], [ 78.8574379, 25.4842363 ], [ 78.8553593, 25.4844752 ], [ 78.855647, 25.4883704 ], [ 78.8532385, 25.4906767 ], [ 78.8401852, 25.493364 ], [ 78.8408553, 25.4978324 ], [ 78.8424567, 25.4979682 ], [ 78.8423221, 25.4989115 ], [ 78.8328181, 25.4995049 ], [ 78.8349595, 25.5058206 ], [ 78.8415376, 25.5125382 ], [ 78.8521613, 25.5138717 ], [ 78.8664812, 25.5120498 ], [ 78.8690823, 25.5136883 ], [ 78.8710669, 25.5131964 ], [ 78.8761104, 25.5174707 ], [ 78.884382, 25.5155792 ], [ 78.8870592, 25.5268445 ], [ 78.8864429, 25.5324277 ], [ 78.8779066, 25.5368062 ], [ 78.8742949, 25.5409495 ], [ 78.877494, 25.5494347 ], [ 78.8826487, 25.5539615 ], [ 78.8952369, 25.5553459 ], [ 78.9000526, 25.5521993 ], [ 78.9056448, 25.5512324 ], [ 78.9112034, 25.5551623 ], [ 78.9124219, 25.55351 ], [ 78.9171084, 25.5522856 ], [ 78.9177294, 25.5497308 ], [ 78.9164543, 25.5455472 ], [ 78.9186426, 25.543308 ], [ 78.9209984, 25.5372953 ], [ 78.9233659, 25.535936 ], [ 78.9279488, 25.5497952 ], [ 78.9308698, 25.5508999 ], [ 78.9330959, 25.5553357 ], [ 78.9393662, 25.5572196 ], [ 78.9441273, 25.5562696 ], [ 78.9433049, 25.5537786 ], [ 78.9517899, 25.5487871 ], [ 78.9511811, 25.5458627 ], [ 78.9475462, 25.5408591 ], [ 78.9528473, 25.5375301 ], [ 78.9468528, 25.5294586 ], [ 78.9364213, 25.5197911 ], [ 78.9272016, 25.5249761 ], [ 78.9224375, 25.5156665 ], [ 78.9199007, 25.5154011 ], [ 78.9271193, 25.5073963 ], [ 78.9349914, 25.5052584 ], [ 78.9330042, 25.4993593 ], [ 78.9367619, 25.4954175 ], [ 78.9410933, 25.4950274 ], [ 78.9402022, 25.4933353 ], [ 78.9422405, 25.4921338 ], [ 78.9371915, 25.4893332 ], [ 78.9269784, 25.4918466 ], [ 78.9268085, 25.4899601 ], [ 78.9439061, 25.4829255 ], [ 78.9360237, 25.4616075 ], [ 78.9239864, 25.4594907 ], [ 78.9252183, 25.4571161 ], [ 78.9235118, 25.4538355 ], [ 78.9154109, 25.4462598 ], [ 78.908968, 25.4450789 ], [ 78.9088728, 25.4424205 ], [ 78.9216541, 25.4324241 ], [ 78.9326429, 25.4302988 ], [ 78.9315133, 25.4275641 ], [ 78.9326511, 25.4269137 ], [ 78.932446, 25.4240387 ], [ 78.9382296, 25.422261 ], [ 78.9467771, 25.4359344 ], [ 78.9503725, 25.4373326 ], [ 78.9509355, 25.4405496 ], [ 78.9534845, 25.4390137 ], [ 78.9580038, 25.440284 ], [ 78.9602981, 25.4371549 ], [ 78.9669967, 25.4346232 ], [ 78.9697431, 25.4316606 ], [ 78.9690142, 25.4274997 ], [ 78.9699949, 25.4232338 ], [ 78.9762346, 25.4199619 ], [ 78.9709446, 25.4077321 ], [ 78.9684647, 25.4046707 ], [ 78.9695518, 25.4031941 ], [ 78.9720413, 25.4029803 ], [ 78.9737963, 25.3978924 ], [ 78.9732962, 25.3941827 ], [ 78.9699291, 25.3901137 ], [ 78.9752625, 25.3863278 ], [ 78.9875054, 25.3812909 ], [ 78.9861908, 25.3780692 ], [ 78.9893319, 25.3740408 ], [ 78.9816025, 25.3695376 ], [ 78.9789645, 25.3695395 ], [ 78.9752357, 25.3660667 ], [ 78.965403, 25.3706768 ], [ 78.9635387, 25.3689041 ], [ 78.9591589, 25.3715111 ], [ 78.9518142, 25.3606736 ], [ 78.9504381, 25.3606066 ], [ 78.9449977, 25.3504132 ], [ 78.9387125, 25.3469767 ], [ 78.9269874, 25.3516123 ], [ 78.9269134, 25.3528355 ], [ 78.9238246, 25.3548315 ], [ 78.92325, 25.3587945 ], [ 78.9145267, 25.3576236 ], [ 78.9050294, 25.3594809 ], [ 78.9037135, 25.3612326 ], [ 78.9013391, 25.3616167 ], [ 78.8996812, 25.3686129 ], [ 78.8978041, 25.3717637 ], [ 78.896572, 25.3718587 ], [ 78.8965376, 25.3740387 ], [ 78.899077, 25.3776942 ], [ 78.9125855, 25.3771182 ], [ 78.9159356, 25.3814413 ], [ 78.9210276, 25.3800179 ], [ 78.9242972, 25.3808158 ], [ 78.9288577, 25.3799971 ], [ 78.9285689, 25.3783364 ], [ 78.9382949, 25.3748254 ], [ 78.9421199, 25.3829435 ], [ 78.9454056, 25.3856096 ], [ 78.9473971, 25.3849434 ], [ 78.9510326, 25.3896914 ], [ 78.9523735, 25.3885443 ], [ 78.9575494, 25.3936824 ], [ 78.9564686, 25.3971945 ], [ 78.9537562, 25.3980859 ], [ 78.9533001, 25.3999495 ], [ 78.9487039, 25.4005025 ], [ 78.9442409, 25.3992815 ], [ 78.9402669, 25.4003167 ], [ 78.9359751, 25.3951282 ], [ 78.9347428, 25.3951784 ], [ 78.9350628, 25.3989742 ], [ 78.9316593, 25.3998827 ], [ 78.9296898, 25.3958935 ], [ 78.9264107, 25.3954349 ], [ 78.9198068, 25.3969666 ], [ 78.9177914, 25.3960818 ], [ 78.9137956, 25.3843374 ], [ 78.8802427, 25.3858928 ], [ 78.8800638, 25.3836269 ], [ 78.8814499, 25.3822593 ], [ 78.8746382, 25.3796958 ], [ 78.8717814, 25.3809504 ], [ 78.8678618, 25.3724424 ], [ 78.862874, 25.3711738 ], [ 78.862577, 25.3693841 ], [ 78.8615379, 25.3693726 ], [ 78.8583391, 25.364403 ], [ 78.8595265, 25.3631168 ], [ 78.857008, 25.362918 ], [ 78.8516141, 25.3574558 ], [ 78.8457431, 25.3555546 ], [ 78.8473139, 25.3505132 ], [ 78.8435938, 25.3494654 ], [ 78.8410419, 25.3449693 ], [ 78.8413008, 25.3426449 ], [ 78.8448324, 25.3420183 ], [ 78.8445496, 25.3409305 ], [ 78.8499397, 25.3349374 ], [ 78.847477, 25.3319671 ], [ 78.8461571, 25.3269794 ], [ 78.8457883, 25.3325762 ], [ 78.8472782, 25.3324681 ], [ 78.847158, 25.3367785 ], [ 78.8426137, 25.3365519 ], [ 78.8420734, 25.332616 ], [ 78.839362, 25.3317984 ], [ 78.8342996, 25.3231182 ], [ 78.821897, 25.3161041 ], [ 78.8206171, 25.3132826 ], [ 78.8212883, 25.311509 ], [ 78.817188, 25.3087723 ], [ 78.8192991, 25.3069406 ], [ 78.8143348, 25.3084651 ], [ 78.8135539, 25.3074618 ], [ 78.8103362, 25.3078126 ], [ 78.7982366, 25.3139362 ], [ 78.7923216, 25.3080879 ], [ 78.7877818, 25.2960071 ], [ 78.7911729, 25.2958916 ], [ 78.7939267, 25.2911674 ], [ 78.7988132, 25.2891705 ], [ 78.8045899, 25.2928159 ], [ 78.8171543, 25.3066824 ], [ 78.8195876, 25.3059296 ], [ 78.820307, 25.3070222 ], [ 78.8227303, 25.3067974 ], [ 78.8285661, 25.3027371 ], [ 78.827797, 25.3014099 ], [ 78.8209899, 25.3013534 ], [ 78.8184488, 25.2989512 ], [ 78.8204311, 25.2960948 ], [ 78.8174048, 25.2911062 ], [ 78.8180788, 25.2831264 ], [ 78.8129273, 25.2800596 ], [ 78.8137426, 25.2776226 ], [ 78.8108794, 25.2755859 ], [ 78.8094722, 25.2706023 ], [ 78.8186246, 25.2635777 ], [ 78.8229056, 25.2562001 ], [ 78.8327392, 25.2525202 ], [ 78.8351395, 25.2429143 ], [ 78.842801, 25.2276918 ], [ 78.8496536, 25.2287854 ], [ 78.852169, 25.2308169 ], [ 78.8529967, 25.2362197 ], [ 78.8521381, 25.2373209 ], [ 78.8539239, 25.2410721 ], [ 78.8573676, 25.2439567 ], [ 78.8575108, 25.2496665 ], [ 78.8556393, 25.2525339 ], [ 78.8562888, 25.2566504 ], [ 78.8599317, 25.2577025 ], [ 78.8649988, 25.264699 ], [ 78.8666059, 25.2803883 ], [ 78.8728063, 25.2804247 ], [ 78.8749757, 25.27838 ], [ 78.8798956, 25.2859763 ], [ 78.8717634, 25.2991243 ], [ 78.8708845, 25.3033536 ], [ 78.8744644, 25.3084495 ], [ 78.8639673, 25.3102184 ], [ 78.8626163, 25.314452 ], [ 78.8655408, 25.3184377 ], [ 78.8675714, 25.3255511 ], [ 78.881253, 25.3249238 ], [ 78.8803693, 25.332114 ], [ 78.882004, 25.3436368 ], [ 78.8865685, 25.3433929 ], [ 78.8906312, 25.3413524 ], [ 78.8926622, 25.338644 ], [ 78.8960149, 25.3397043 ], [ 78.9118416, 25.3325607 ], [ 78.9138935, 25.3349749 ], [ 78.9161929, 25.3349427 ], [ 78.9209094, 25.3435893 ], [ 78.9225433, 25.3428981 ], [ 78.9322154, 25.3359438 ], [ 78.9300569, 25.3295038 ], [ 78.9267236, 25.3272437 ], [ 78.927934, 25.324129 ], [ 78.932255, 25.3251655 ], [ 78.9327624, 25.3269842 ], [ 78.9377386, 25.3271808 ], [ 78.9389713, 25.32927 ], [ 78.9463142, 25.3338975 ], [ 78.9477147, 25.3421341 ], [ 78.9531821, 25.3404703 ], [ 78.9577056, 25.3459021 ], [ 78.9606156, 25.3450834 ], [ 78.9601828, 25.343996 ], [ 78.9615085, 25.3434536 ], [ 78.9594137, 25.3381062 ], [ 78.9572691, 25.3249414 ], [ 78.9582886, 25.3198676 ], [ 78.9574768, 25.3162482 ], [ 78.9602861, 25.3073684 ], [ 78.9574276, 25.3022381 ], [ 78.9638652, 25.2993592 ], [ 78.9688995, 25.2925947 ], [ 78.9756083, 25.2881354 ], [ 78.9768698, 25.2829169 ], [ 78.9799246, 25.2790465 ], [ 78.9775398, 25.2767283 ], [ 78.973529, 25.2771598 ], [ 78.9623616, 25.2797666 ], [ 78.9555129, 25.2827586 ], [ 78.9486768, 25.2741773 ], [ 78.9539156, 25.2693405 ], [ 78.9545954, 25.2613557 ], [ 78.9473241, 25.2617882 ], [ 78.9455118, 25.2611058 ], [ 78.9451438, 25.2594196 ], [ 78.9375945, 25.2596939 ], [ 78.9329306, 25.2633021 ], [ 78.9292505, 25.2698166 ], [ 78.9201432, 25.273584 ], [ 78.9170258, 25.273585 ], [ 78.9123335, 25.2692352 ], [ 78.9084135, 25.2564717 ], [ 78.9038463, 25.2524736 ], [ 78.9023857, 25.2458869 ], [ 78.8997746, 25.243116 ], [ 78.8933829, 25.2447057 ], [ 78.8858103, 25.2537534 ], [ 78.8809216, 25.2540109 ], [ 78.8771146, 25.2450726 ], [ 78.8717598, 25.239223 ], [ 78.869532, 25.2311074 ], [ 78.8703559, 25.2264268 ], [ 78.8772179, 25.2237414 ], [ 78.8905848, 25.2144243 ], [ 78.8863471, 25.2099968 ], [ 78.8867982, 25.2060383 ], [ 78.8828287, 25.1979411 ], [ 78.8739833, 25.191365 ], [ 78.8709758, 25.1869759 ], [ 78.8725453, 25.1865616 ], [ 78.8733138, 25.184089 ], [ 78.8739784, 25.1790428 ], [ 78.8728525, 25.1754092 ], [ 78.8743703, 25.1724077 ], [ 78.8799849, 25.171058 ], [ 78.8786456, 25.1668423 ], [ 78.8803959, 25.1576163 ], [ 78.8819084, 25.156894 ], [ 78.8877063, 25.1610056 ], [ 78.8902802, 25.1606578 ], [ 78.898063, 25.1686188 ], [ 78.9029637, 25.1703603 ], [ 78.9030491, 25.1749235 ], [ 78.9096467, 25.177865 ], [ 78.9099995, 25.179842 ], [ 78.9118946, 25.1808389 ], [ 78.9075356, 25.1847895 ], [ 78.9252126, 25.2044549 ], [ 78.93433, 25.2118899 ], [ 78.935292, 25.2107025 ], [ 78.9465566, 25.2142948 ], [ 78.9516464, 25.212875 ], [ 78.9538581, 25.2189626 ], [ 78.9574662, 25.217455 ], [ 78.9630813, 25.2110766 ], [ 78.9636403, 25.2156802 ], [ 78.9649811, 25.2171779 ], [ 78.9702946, 25.2164388 ], [ 78.9759503, 25.2119735 ], [ 78.9806007, 25.2114623 ], [ 78.9807404, 25.2053224 ], [ 78.992772, 25.1968605 ], [ 78.9996658, 25.1967213 ], [ 79.0058734, 25.1950472 ], [ 79.0048312, 25.200562 ], [ 79.0061192, 25.211987 ], [ 79.0074199, 25.2119971 ], [ 79.0010252, 25.2210507 ], [ 79.0024807, 25.2279029 ], [ 79.0019195, 25.2298214 ], [ 78.9992332, 25.2315119 ], [ 79.0011862, 25.2336981 ], [ 78.9946621, 25.2322187 ], [ 78.9828882, 25.2342544 ], [ 78.9842184, 25.2355081 ], [ 78.9846, 25.2395837 ], [ 78.9803868, 25.239668 ], [ 78.9760818, 25.236665 ], [ 78.9747176, 25.2372933 ], [ 78.9748443, 25.2404934 ], [ 78.9799481, 25.2545242 ], [ 78.9813726, 25.2546044 ], [ 78.9835502, 25.2588274 ], [ 78.9852232, 25.2591558 ], [ 78.986826, 25.2641376 ], [ 78.9949345, 25.2670786 ], [ 78.9943746, 25.2731634 ], [ 79.01215, 25.2724258 ], [ 79.0132216, 25.2740499 ], [ 79.0217764, 25.2689894 ], [ 79.0227919, 25.2678122 ], [ 79.0208376, 25.2644361 ], [ 79.0256092, 25.2612818 ], [ 79.024393, 25.2573894 ], [ 79.017995, 25.249274 ], [ 79.0213931, 25.2453812 ], [ 79.0217734, 25.2415719 ], [ 79.0248459, 25.2408699 ], [ 79.0261302, 25.2422203 ], [ 79.0284689, 25.2405971 ], [ 79.0338666, 25.2428527 ], [ 79.0379951, 25.2435413 ], [ 79.0399858, 25.2426758 ], [ 79.0366256, 25.2362871 ], [ 79.033655, 25.2337171 ], [ 79.0369306, 25.2331052 ], [ 79.0412799, 25.229736 ], [ 79.0636834, 25.2217578 ], [ 79.0637316, 25.2148701 ], [ 79.0629343, 25.211629 ], [ 79.0605688, 25.209642 ], [ 79.0605452, 25.2073761 ], [ 79.0619545, 25.2066545 ], [ 79.0603203, 25.201075 ], [ 79.0624241, 25.2002815 ], [ 79.064145, 25.2016905 ], [ 79.0643196, 25.1994743 ], [ 79.0620477, 25.1990401 ], [ 79.0609831, 25.1951804 ], [ 79.0620904, 25.1933259 ], [ 79.0596661, 25.190409 ], [ 79.0520632, 25.187431 ], [ 79.0485871, 25.1934549 ], [ 79.0540194, 25.201686 ], [ 79.0523292, 25.2074446 ], [ 79.0487281, 25.2060932 ], [ 79.0445039, 25.2017398 ], [ 79.0422302, 25.1967014 ], [ 79.0387444, 25.1942169 ], [ 79.0309138, 25.1844807 ], [ 79.0315717, 25.1803512 ], [ 79.0346935, 25.177988 ], [ 79.0343888, 25.174097 ], [ 79.0400404, 25.1709046 ], [ 79.0368592, 25.1666013 ], [ 79.0318371, 25.1639984 ], [ 79.0368763, 25.1613855 ], [ 79.0323585, 25.1564474 ], [ 79.0334227, 25.1524985 ], [ 79.0287944, 25.1417757 ], [ 79.0307632, 25.1384796 ], [ 79.0508056, 25.1339841 ], [ 79.0527717, 25.1380248 ], [ 79.0554785, 25.1389965 ], [ 79.0555912, 25.1413257 ], [ 79.0612473, 25.1448895 ], [ 79.0629912, 25.1479821 ], [ 79.0669, 25.148447 ], [ 79.0680038, 25.1496993 ], [ 79.0712371, 25.1611245 ], [ 79.0714861, 25.1702016 ], [ 79.0738803, 25.1736374 ], [ 79.0747536, 25.1728342 ], [ 79.0767766, 25.1742928 ], [ 79.0814068, 25.1813445 ], [ 79.088623, 25.184348 ], [ 79.0881511, 25.1869523 ], [ 79.0906303, 25.1908075 ], [ 79.095449, 25.1824628 ], [ 79.0946071, 25.1766265 ], [ 79.0958476, 25.174704 ], [ 79.1102375, 25.1673578 ], [ 79.1131739, 25.1645145 ], [ 79.1260936, 25.1612199 ], [ 79.1227411, 25.1520888 ], [ 79.1160026, 25.1396489 ], [ 79.1212638, 25.1342507 ], [ 79.1321321, 25.1271099 ], [ 79.1287556, 25.1248758 ], [ 79.12646, 25.1195858 ], [ 79.1243727, 25.1187869 ], [ 79.1246603, 25.116178 ], [ 79.1235101, 25.1149097 ], [ 79.1240207, 25.1107797 ], [ 79.1318865, 25.1090141 ], [ 79.1401729, 25.1085846 ], [ 79.1410942, 25.1117357 ], [ 79.1439106, 25.1148678 ], [ 79.1577214, 25.111444 ], [ 79.158205, 25.1078673 ], [ 79.1612703, 25.108929 ], [ 79.1622562, 25.1073715 ], [ 79.1642941, 25.1088019 ], [ 79.1657957, 25.1071945 ], [ 79.1692662, 25.1085522 ], [ 79.1731575, 25.1078242 ], [ 79.1753937, 25.1089294 ], [ 79.1784503, 25.1156357 ], [ 79.181341, 25.1164786 ], [ 79.1841213, 25.1146044 ], [ 79.1859955, 25.1149331 ], [ 79.185448, 25.1206567 ], [ 79.1872903, 25.1263792 ], [ 79.1746233, 25.1282076 ], [ 79.1771956, 25.1375274 ], [ 79.1761801, 25.14006 ], [ 79.176604, 25.1413484 ], [ 79.1794878, 25.1407809 ], [ 79.1837436, 25.1431971 ], [ 79.1851462, 25.14202 ], [ 79.1861241, 25.1441952 ], [ 79.1903386, 25.1433132 ], [ 79.1922096, 25.1462139 ], [ 79.1960458, 25.1428366 ], [ 79.2043052, 25.1399166 ], [ 79.2024559, 25.1325106 ], [ 79.2034361, 25.1300637 ], [ 79.2052353, 25.1291465 ], [ 79.2038447, 25.1256085 ], [ 79.2132713, 25.1207284 ], [ 79.2124088, 25.1139855 ], [ 79.2150295, 25.1114066 ], [ 79.2171756, 25.110805 ], [ 79.2180348, 25.1129122 ], [ 79.2222801, 25.11504 ], [ 79.2273724, 25.1220012 ], [ 79.2403687, 25.1132621 ], [ 79.245436, 25.1139757 ], [ 79.2480912, 25.1168623 ], [ 79.2430353, 25.1229825 ], [ 79.2461109, 25.1347968 ], [ 79.2499404, 25.138714 ], [ 79.2492198, 25.1402977 ], [ 79.2363382, 25.1404962 ], [ 79.2241594, 25.1460477 ], [ 79.2316815, 25.1512647 ], [ 79.2331319, 25.1539132 ], [ 79.2445975, 25.1590499 ], [ 79.2480535, 25.1583701 ], [ 79.2489522, 25.1594894 ], [ 79.2515064, 25.1593833 ], [ 79.2555599, 25.1576895 ], [ 79.2605672, 25.1530561 ], [ 79.2644319, 25.1523386 ], [ 79.2664556, 25.1462602 ], [ 79.2635895, 25.1406927 ], [ 79.2688129, 25.1384488 ], [ 79.2648997, 25.1338736 ], [ 79.264042, 25.1282443 ], [ 79.2599048, 25.1252577 ], [ 79.269681, 25.1205978 ], [ 79.2726591, 25.1223331 ], [ 79.2748908, 25.1216937 ], [ 79.277723, 25.1199443 ], [ 79.2781811, 25.1174304 ], [ 79.2825488, 25.1175371 ], [ 79.2878958, 25.1277818 ], [ 79.2863762, 25.1312294 ], [ 79.2871096, 25.1318617 ], [ 79.2921796, 25.1306947 ], [ 79.297993, 25.1318768 ], [ 79.3069738, 25.1293129 ], [ 79.3112246, 25.1358054 ], [ 79.3136539, 25.1362352 ], [ 79.3152602, 25.1471454 ], [ 79.3214298, 25.1483565 ], [ 79.3231337, 25.1498295 ], [ 79.3136263, 25.1618774 ], [ 79.3104469, 25.172131 ], [ 79.3043675, 25.1782307 ], [ 79.3086874, 25.178991 ], [ 79.3100549, 25.1818848 ], [ 79.3085083, 25.1982867 ], [ 79.3014322, 25.2014339 ], [ 79.2989131, 25.191462 ], [ 79.2922559, 25.1841734 ], [ 79.2846166, 25.1911877 ], [ 79.2828315, 25.1969686 ], [ 79.2818203, 25.2089065 ], [ 79.2854339, 25.2202786 ], [ 79.2859594, 25.2276361 ], [ 79.2835549, 25.2379753 ], [ 79.2792521, 25.2447295 ], [ 79.2849883, 25.2459337 ], [ 79.2939003, 25.2403284 ], [ 79.2991908, 25.2399295 ], [ 79.3043447, 25.2349168 ], [ 79.3052247, 25.2324579 ], [ 79.3081577, 25.2319401 ], [ 79.3068713, 25.2249164 ], [ 79.3089858, 25.2236806 ], [ 79.3247323, 25.2185051 ], [ 79.328527, 25.2213228 ], [ 79.3277907, 25.2134193 ], [ 79.3293842, 25.2114563 ], [ 79.3282089, 25.2098627 ], [ 79.3383635, 25.1979586 ], [ 79.3492509, 25.2065412 ], [ 79.3518943, 25.2121566 ], [ 79.3477214, 25.2130812 ], [ 79.344292, 25.2173414 ], [ 79.3360685, 25.222995 ], [ 79.3327571, 25.2282796 ], [ 79.3345134, 25.229589 ], [ 79.3361761, 25.2282083 ], [ 79.3373619, 25.2287683 ], [ 79.3390794, 25.2266112 ], [ 79.3435758, 25.2270567 ], [ 79.3453396, 25.2347281 ], [ 79.3446835, 25.2500012 ], [ 79.3457371, 25.2535334 ], [ 79.3488979, 25.257515 ], [ 79.3508622, 25.2639201 ], [ 79.3433509, 25.2689559 ], [ 79.3381789, 25.2680249 ], [ 79.3352149, 25.2698025 ], [ 79.3295855, 25.2576097 ], [ 79.3270052, 25.2557854 ], [ 79.3220365, 25.2568218 ], [ 79.3201271, 25.2554037 ], [ 79.3165177, 25.2559577 ], [ 79.3103909, 25.259891 ], [ 79.309908, 25.2626215 ], [ 79.303357, 25.2696326 ], [ 79.3029125, 25.2742903 ], [ 79.3005038, 25.2761217 ], [ 79.2983418, 25.2803408 ], [ 79.2953231, 25.2808583 ], [ 79.2954162, 25.2827405 ], [ 79.2937874, 25.2835836 ], [ 79.2900811, 25.2804131 ], [ 79.2901178, 25.2777726 ], [ 79.2878322, 25.2737 ], [ 79.2891968, 25.2727198 ], [ 79.2826787, 25.2621619 ], [ 79.2753214, 25.2632748 ], [ 79.2735416, 25.2606105 ], [ 79.2644659, 25.2689452 ], [ 79.2628187, 25.2733944 ], [ 79.2675297, 25.2846231 ], [ 79.2689813, 25.3051158 ], [ 79.2705167, 25.3097162 ], [ 79.2783291, 25.3201523 ], [ 79.2788976, 25.3239899 ], [ 79.2833474, 25.3230216 ], [ 79.288059, 25.324717 ], [ 79.2956777, 25.3236426 ], [ 79.2991557, 25.3287763 ], [ 79.2983088, 25.3328742 ], [ 79.2998861, 25.3376345 ], [ 79.3084198, 25.334012 ], [ 79.3215467, 25.3340948 ], [ 79.326542, 25.3352468 ], [ 79.330059, 25.3335778 ], [ 79.3309734, 25.3318449 ], [ 79.339051, 25.3292221 ], [ 79.3420902, 25.3290056 ], [ 79.3444372, 25.3323176 ], [ 79.3522311, 25.3298822 ], [ 79.349767, 25.3277103 ], [ 79.3469657, 25.3219891 ], [ 79.3446729, 25.3230107 ], [ 79.3413269, 25.3189253 ], [ 79.3396506, 25.3112834 ], [ 79.3419003, 25.3102007 ], [ 79.3413598, 25.3076233 ], [ 79.346579, 25.3050787 ], [ 79.3409598, 25.2995484 ], [ 79.3361473, 25.2880963 ], [ 79.3406407, 25.2865448 ], [ 79.342915, 25.2870098 ], [ 79.3519307, 25.2833377 ], [ 79.3583098, 25.2842368 ], [ 79.356622, 25.2784835 ], [ 79.358559, 25.2767939 ], [ 79.355125, 25.2690662 ], [ 79.3552795, 25.2659022 ], [ 79.3628991, 25.2616964 ], [ 79.3698183, 25.2599861 ], [ 79.3702102, 25.2655288 ], [ 79.3738933, 25.2725024 ], [ 79.3724984, 25.2729898 ], [ 79.3730699, 25.275034 ], [ 79.3703864, 25.276415 ], [ 79.3699531, 25.2797994 ], [ 79.3673351, 25.2812053 ], [ 79.3685921, 25.2924564 ], [ 79.3875406, 25.2858169 ], [ 79.3866465, 25.2815155 ], [ 79.3890292, 25.279579 ], [ 79.3920524, 25.2795697 ], [ 79.3945699, 25.2827513 ], [ 79.4076139, 25.2739159 ], [ 79.4074889, 25.270594 ], [ 79.4087917, 25.2688664 ], [ 79.408504, 25.2616343 ], [ 79.4067807, 25.2580553 ], [ 79.4088129, 25.2560911 ], [ 79.425896, 25.2535411 ], [ 79.4374528, 25.254877 ], [ 79.4404969, 25.2580712 ], [ 79.4441919, 25.258846 ], [ 79.4498956, 25.2629866 ], [ 79.4553844, 25.2690455 ], [ 79.4574341, 25.2685208 ], [ 79.4622706, 25.2710591 ], [ 79.4629168, 25.2722052 ], [ 79.4602425, 25.2740663 ], [ 79.4585785, 25.2797769 ], [ 79.4611586, 25.2825215 ], [ 79.4665065, 25.2797452 ], [ 79.467219, 25.283297 ], [ 79.4793032, 25.2784322 ], [ 79.4784399, 25.2731204 ], [ 79.4815354, 25.2708162 ], [ 79.4819156, 25.2685411 ], [ 79.494459, 25.2669057 ], [ 79.4925023, 25.2622591 ], [ 79.4763517, 25.2650766 ], [ 79.4763802, 25.2616934 ], [ 79.4749769, 25.2612132 ], [ 79.4624623, 25.2646665 ], [ 79.4621359, 25.2562727 ], [ 79.4594342, 25.253873 ], [ 79.4560898, 25.2475046 ], [ 79.4535065, 25.2482245 ], [ 79.4505737, 25.2437929 ], [ 79.4465292, 25.2442011 ], [ 79.4326569, 25.2206371 ], [ 79.4337222, 25.2176261 ], [ 79.4356817, 25.2168354 ], [ 79.4488341, 25.2150736 ], [ 79.4442335, 25.2042838 ], [ 79.4403707, 25.1988195 ], [ 79.4373683, 25.1968168 ], [ 79.4309548, 25.1987151 ], [ 79.4256366, 25.1984687 ], [ 79.4217181, 25.2003297 ], [ 79.4152288, 25.1993883 ], [ 79.4120788, 25.2003189 ], [ 79.4123014, 25.1983058 ], [ 79.4083564, 25.1946913 ], [ 79.4115053, 25.1905921 ], [ 79.412501, 25.1861144 ], [ 79.4116319, 25.1826977 ], [ 79.4030739, 25.1763805 ], [ 79.3934255, 25.1731566 ], [ 79.3900428, 25.1700458 ], [ 79.39225, 25.1690475 ], [ 79.3896011, 25.1654549 ], [ 79.3878045, 25.1548119 ], [ 79.3839454, 25.1427066 ], [ 79.3906989, 25.1412751 ], [ 79.3875738, 25.1303072 ], [ 79.3960073, 25.1283608 ], [ 79.3931264, 25.1172693 ], [ 79.4057395, 25.1063594 ], [ 79.4113869, 25.1101226 ], [ 79.414386, 25.1094176 ], [ 79.419582, 25.1114203 ], [ 79.4220824, 25.1160505 ], [ 79.426134, 25.1190553 ], [ 79.4255351, 25.1213349 ], [ 79.4268855, 25.1258345 ], [ 79.4255238, 25.1301501 ], [ 79.415772, 25.133096 ], [ 79.4212965, 25.1354325 ], [ 79.4270235, 25.1354261 ], [ 79.4305428, 25.1328204 ], [ 79.4352675, 25.1317082 ], [ 79.4391973, 25.1278022 ], [ 79.4389385, 25.1165587 ], [ 79.437549, 25.113824 ], [ 79.4369648, 25.1054694 ], [ 79.4389206, 25.1012212 ], [ 79.4412616, 25.1035899 ], [ 79.4461798, 25.1047882 ], [ 79.452106, 25.1086489 ], [ 79.4595993, 25.1198027 ], [ 79.4647679, 25.1233519 ], [ 79.4697121, 25.1247615 ], [ 79.4715045, 25.1281231 ], [ 79.4772405, 25.1274512 ], [ 79.4701402, 25.1079659 ], [ 79.4682311, 25.0941688 ], [ 79.4650246, 25.0880456 ], [ 79.4681563, 25.0870191 ], [ 79.4723996, 25.0877837 ], [ 79.475283, 25.0861749 ], [ 79.4773115, 25.0817862 ], [ 79.4808103, 25.0815264 ], [ 79.4828408, 25.0796472 ], [ 79.4915042, 25.0796542 ], [ 79.4952895, 25.0835511 ], [ 79.5, 25.0834387 ], [ 79.5030415, 25.0888829 ], [ 79.5036021, 25.0935053 ], [ 79.5058356, 25.0954525 ], [ 79.5104144, 25.0968283 ], [ 79.5187286, 25.095038 ], [ 79.520615, 25.0976212 ], [ 79.5248946, 25.0969731 ], [ 79.5261139, 25.0998917 ], [ 79.5245735, 25.1026171 ], [ 79.5242456, 25.1071611 ], [ 79.5187583, 25.1180984 ], [ 79.5190529, 25.1215697 ], [ 79.5211172, 25.1251911 ], [ 79.5179475, 25.1270349 ], [ 79.5207835, 25.1269873 ], [ 79.5239134, 25.1313497 ], [ 79.5275084, 25.1310948 ], [ 79.5328913, 25.1333054 ], [ 79.5333096, 25.1376343 ], [ 79.5323759, 25.1388194 ], [ 79.5348599, 25.1400185 ], [ 79.53466, 25.1421488 ], [ 79.5389058, 25.1404993 ], [ 79.5418446, 25.1428436 ], [ 79.5464775, 25.1483573 ], [ 79.5516373, 25.1607093 ], [ 79.5569026, 25.1636457 ], [ 79.5602646, 25.167816 ], [ 79.5604059, 25.1697858 ], [ 79.5650627, 25.1706273 ], [ 79.5685233, 25.16909 ], [ 79.5693587, 25.171802 ], [ 79.5762827, 25.168221 ], [ 79.5752913, 25.1670652 ], [ 79.5772509, 25.1656531 ], [ 79.5764137, 25.1632651 ], [ 79.5773612, 25.1625974 ], [ 79.5758092, 25.1618928 ], [ 79.5780389, 25.1602274 ], [ 79.5796807, 25.1534579 ], [ 79.5824934, 25.1508815 ], [ 79.5891428, 25.1487047 ], [ 79.5936864, 25.148975 ], [ 79.5956862, 25.1433677 ], [ 79.5998054, 25.1438321 ], [ 79.6052997, 25.1522539 ], [ 79.6069858, 25.1527686 ], [ 79.6063564, 25.149758 ], [ 79.607621, 25.1492752 ], [ 79.6058108, 25.1440665 ], [ 79.6033177, 25.1429329 ], [ 79.6023268, 25.1386041 ], [ 79.6000612, 25.1361393 ], [ 79.5994133, 25.1281365 ], [ 79.6011388, 25.1274868 ], [ 79.6083429, 25.1280429 ], [ 79.6145203, 25.1324217 ], [ 79.6203809, 25.1344667 ], [ 79.6220519, 25.1359291 ], [ 79.6215377, 25.1404648 ], [ 79.6227063, 25.1406098 ], [ 79.6287953, 25.1342184 ], [ 79.6364244, 25.1313817 ], [ 79.6374981, 25.1290622 ], [ 79.6415075, 25.1269234 ], [ 79.6492228, 25.1297073 ], [ 79.6604765, 25.1247129 ], [ 79.6700149, 25.122837 ], [ 79.6732217, 25.1203581 ], [ 79.6763666, 25.124302 ], [ 79.6783382, 25.1317759 ], [ 79.6833575, 25.1351547 ], [ 79.6880568, 25.1326748 ], [ 79.6928866, 25.1332368 ], [ 79.7117449, 25.128772 ], [ 79.7131626, 25.1297775 ], [ 79.7172533, 25.1287686 ], [ 79.7356404, 25.1312927 ], [ 79.7398537, 25.1353472 ], [ 79.7484993, 25.1393513 ], [ 79.7619935, 25.1342724 ], [ 79.7636485, 25.1300489 ], [ 79.7673382, 25.1291218 ], [ 79.7726219, 25.1251038 ], [ 79.8048755, 25.1130935 ], [ 79.8083326, 25.1100304 ], [ 79.8239689, 25.108249 ], [ 79.8265673, 25.1062639 ], [ 79.8287015, 25.0993225 ], [ 79.8450409, 25.0940321 ], [ 79.8615318, 25.0962101 ], [ 79.8577106, 25.1008194 ], [ 79.8524942, 25.1028758 ], [ 79.8532522, 25.1058278 ], [ 79.8498313, 25.1075922 ], [ 79.850386, 25.1102282 ], [ 79.8480064, 25.1105347 ], [ 79.8468303, 25.115978 ], [ 79.8490113, 25.1173009 ], [ 79.8521139, 25.1225914 ], [ 79.852728, 25.1262431 ], [ 79.8516169, 25.1285494 ], [ 79.8661435, 25.1410584 ], [ 79.8688162, 25.1405349 ], [ 79.8762343, 25.1434057 ], [ 79.8796408, 25.1414648 ], [ 79.8815301, 25.142047 ], [ 79.8734028, 25.1490027 ], [ 79.8690284, 25.1479106 ], [ 79.8665445, 25.1500948 ], [ 79.8656015, 25.1610494 ], [ 79.868051, 25.169639 ], [ 79.8700943, 25.172275 ], [ 79.8630855, 25.1771856 ], [ 79.8653671, 25.1799543 ], [ 79.865044, 25.1880364 ], [ 79.858912, 25.1935425 ], [ 79.8560198, 25.1940523 ], [ 79.8568081, 25.1973744 ], [ 79.8617335, 25.2047637 ], [ 79.863499, 25.2124912 ], [ 79.8658606, 25.2117782 ], [ 79.8670514, 25.2135522 ], [ 79.8657662, 25.2152989 ], [ 79.8685893, 25.2164906 ], [ 79.8628235, 25.2195189 ], [ 79.8615134, 25.2214642 ], [ 79.8541197, 25.2239594 ], [ 79.8516134, 25.2265047 ], [ 79.8513785, 25.235559 ], [ 79.8573188, 25.2347202 ], [ 79.864524, 25.2363457 ], [ 79.8680967, 25.2407919 ], [ 79.8723944, 25.24276 ], [ 79.8778835, 25.2510244 ], [ 79.8915103, 25.2422043 ], [ 79.8963099, 25.2425463 ], [ 79.8983394, 25.2410158 ], [ 79.901967, 25.2408211 ], [ 79.905139, 25.2491123 ], [ 79.9074882, 25.2508899 ], [ 79.9165239, 25.2446227 ], [ 79.9183337, 25.2378707 ], [ 79.9183412, 25.2334284 ], [ 79.9169658, 25.2309418 ], [ 79.9175548, 25.2268252 ], [ 79.9220227, 25.2318385 ], [ 79.9230291, 25.2417816 ], [ 79.9276229, 25.2496112 ], [ 79.9365355, 25.247536 ], [ 79.9365734, 25.2537142 ], [ 79.9387992, 25.2580012 ], [ 79.9483304, 25.2686624 ], [ 79.9532468, 25.2645344 ], [ 79.9604935, 25.2642325 ], [ 79.9684818, 25.2665476 ], [ 79.9807778, 25.2618451 ], [ 79.9870672, 25.2673391 ], [ 80.005115, 25.2657102 ], [ 80.0042987, 25.2693542 ], [ 80.0072826, 25.272145 ], [ 80.0015924, 25.2738363 ], [ 80.000639, 25.2765531 ], [ 79.9985054, 25.2775366 ], [ 79.9993027, 25.2792841 ], [ 79.9976635, 25.2803569 ], [ 79.9989434, 25.2859729 ], [ 80.0019196, 25.2890158 ], [ 80.0044824, 25.2879572 ], [ 80.0077851, 25.2917783 ], [ 80.0109319, 25.2928144 ], [ 80.0119818, 25.2956272 ], [ 80.0185037, 25.2978618 ], [ 80.0190537, 25.2990899 ], [ 80.0222127, 25.2976162 ], [ 80.021737, 25.3024319 ], [ 80.0226547, 25.3034932 ], [ 80.0209499, 25.3054373 ], [ 80.0242613, 25.3119573 ], [ 80.0196301, 25.315786 ], [ 80.018214, 25.3224425 ], [ 80.0205405, 25.3253554 ], [ 80.0231023, 25.3262283 ], [ 80.0243112, 25.3297046 ], [ 80.0264461, 25.3305275 ], [ 80.0258417, 25.3346661 ], [ 80.027431, 25.3345994 ], [ 80.0274244, 25.3366531 ], [ 80.033415, 25.3420236 ], [ 80.0377573, 25.3402659 ], [ 80.0382652, 25.3384969 ], [ 80.0389497, 25.339707 ], [ 80.042954, 25.3380166 ], [ 80.0614586, 25.3403097 ], [ 80.0646978, 25.3383252 ], [ 80.0670415, 25.3394274 ], [ 80.0714773, 25.3384226 ], [ 80.0726699, 25.336947 ], [ 80.082074, 25.3446276 ], [ 80.0887808, 25.3558547 ], [ 80.1009619, 25.3508742 ], [ 80.1031373, 25.3515426 ], [ 80.1052887, 25.3485459 ], [ 80.1067887, 25.3488079 ], [ 80.1173691, 25.3415194 ], [ 80.1188341, 25.3432889 ], [ 80.1265824, 25.3402604 ], [ 80.1296816, 25.337665 ], [ 80.1310969, 25.3342301 ], [ 80.141777, 25.3506588 ], [ 80.1493881, 25.3576085 ], [ 80.1580815, 25.3590467 ], [ 80.1630353, 25.3629904 ], [ 80.1671639, 25.3640815 ], [ 80.1673409, 25.3732981 ], [ 80.1689619, 25.3768588 ], [ 80.1821027, 25.3768002 ], [ 80.1890049, 25.3792437 ], [ 80.1949315, 25.3781577 ], [ 80.1964066, 25.3809048 ], [ 80.1966551, 25.3859518 ], [ 80.1958727, 25.3991 ], [ 80.1971061, 25.4008282 ], [ 80.1959987, 25.4020473 ], [ 80.1995298, 25.4069609 ], [ 80.1991982, 25.4091997 ], [ 80.2023719, 25.4140365 ], [ 80.2075577, 25.4113549 ], [ 80.2054732, 25.4068177 ], [ 80.2061773, 25.4044659 ], [ 80.2203599, 25.3981339 ], [ 80.2208209, 25.3967435 ], [ 80.2317329, 25.4023643 ], [ 80.2361605, 25.4078224 ], [ 80.2429149, 25.40357 ], [ 80.2534192, 25.4008344 ], [ 80.2555376, 25.4043795 ], [ 80.2555075, 25.4095607 ], [ 80.2612711, 25.4160738 ], [ 80.2620911, 25.4214636 ], [ 80.2638382, 25.4240195 ], [ 80.2679253, 25.4220953 ], [ 80.2799242, 25.4207631 ], [ 80.2850622, 25.4154629 ], [ 80.2856077, 25.4171106 ], [ 80.2884455, 25.4170311 ], [ 80.315411, 25.3888712 ], [ 80.3165544, 25.377615 ], [ 80.3199114, 25.369871 ], [ 80.3203107, 25.3660527 ], [ 80.3112722, 25.3605651 ], [ 80.3095518, 25.3543628 ], [ 80.3123835, 25.3440686 ], [ 80.3181921, 25.339264 ], [ 80.322098, 25.3345488 ], [ 80.3226702, 25.3320891 ], [ 80.3188457, 25.3222256 ], [ 80.3206003, 25.3186695 ], [ 80.3213629, 25.3123237 ], [ 80.318506, 25.3050648 ], [ 80.313999, 25.3021247 ], [ 80.3111709, 25.2982283 ], [ 80.3101311, 25.2930326 ], [ 80.3107999, 25.286407 ], [ 80.313204, 25.2840068 ], [ 80.3186307, 25.2827001 ], [ 80.3202005, 25.2802679 ], [ 80.3255132, 25.2782296 ], [ 80.3482144, 25.2784477 ], [ 80.3514265, 25.2771574 ], [ 80.3549671, 25.2709246 ], [ 80.35681, 25.2617983 ], [ 80.3658743, 25.2510749 ], [ 80.3693929, 25.2495255 ], [ 80.3696263, 25.2476297 ], [ 80.3835765, 25.237289 ], [ 80.3886682, 25.2375053 ], [ 80.3962574, 25.2464278 ], [ 80.4001284, 25.2463414 ], [ 80.4033438, 25.2440343 ], [ 80.4074607, 25.2353448 ], [ 80.4107476, 25.224078 ], [ 80.407734, 25.2180215 ], [ 80.412089, 25.2132405 ], [ 80.4126384, 25.2089073 ], [ 80.4145822, 25.205648 ], [ 80.4220855, 25.1974129 ], [ 80.4316659, 25.1776171 ], [ 80.4310889, 25.1739387 ], [ 80.4281903, 25.1695345 ], [ 80.4198902, 25.163182 ], [ 80.4098769, 25.1629635 ], [ 80.3898101, 25.1580649 ], [ 80.3850786, 25.1556144 ], [ 80.3765537, 25.1458291 ], [ 80.3748775, 25.1455267 ], [ 80.3734791, 25.1473953 ], [ 80.3622525, 25.1443661 ], [ 80.3578196, 25.1424969 ], [ 80.3545575, 25.1383575 ], [ 80.3538488, 25.1359516 ], [ 80.356408, 25.1321605 ], [ 80.3523226, 25.1309457 ], [ 80.3553375, 25.1284907 ], [ 80.3547181, 25.1264188 ], [ 80.3684871, 25.1191801 ], [ 80.3691515, 25.1177719 ], [ 80.3738815, 25.1165355 ], [ 80.3757105, 25.1175598 ], [ 80.3760823, 25.1163592 ], [ 80.3747339, 25.108704 ], [ 80.370099, 25.1022177 ], [ 80.3711798, 25.1013782 ], [ 80.3704759, 25.0997171 ], [ 80.3624111, 25.0975591 ], [ 80.3600769, 25.0938847 ], [ 80.3565426, 25.0948909 ], [ 80.3543422, 25.0919972 ], [ 80.3513436, 25.091392 ], [ 80.3503428, 25.0893471 ], [ 80.3521173, 25.0890586 ], [ 80.3516119, 25.0881602 ], [ 80.3498176, 25.0882231 ], [ 80.3484314, 25.0866508 ], [ 80.3483765, 25.0827794 ], [ 80.3515143, 25.0811943 ], [ 80.3457837, 25.0649045 ], [ 80.3490846, 25.0624226 ], [ 80.3559729, 25.061566 ], [ 80.3542289, 25.059327 ], [ 80.3562015, 25.0573637 ], [ 80.3553346, 25.0556349 ], [ 80.3540709, 25.05591 ], [ 80.3507119, 25.0531697 ], [ 80.3445223, 25.0557414 ], [ 80.3436508, 25.0534708 ], [ 80.3406724, 25.0544315 ], [ 80.3404632, 25.0586202 ], [ 80.3365533, 25.0589713 ], [ 80.3319526, 25.0512876 ], [ 80.331478, 25.0479835 ], [ 80.3303286, 25.0475498 ], [ 80.3277519, 25.0495159 ], [ 80.3216716, 25.0496819 ], [ 80.3113977, 25.0442343 ], [ 80.3065105, 25.047649 ], [ 80.3046456, 25.0508619 ], [ 80.3031302, 25.0510684 ], [ 80.3036838, 25.0517462 ], [ 80.3007147, 25.0534283 ], [ 80.296688, 25.0534566 ], [ 80.2903652, 25.0593702 ], [ 80.2861742, 25.0564535 ], [ 80.2848976, 25.0539611 ], [ 80.2854953, 25.0497366 ], [ 80.2880889, 25.0466057 ], [ 80.287872, 25.0381197 ], [ 80.273623, 25.0259732 ], [ 80.2923752, 25.0167001 ], [ 80.2997519, 25.0155846 ], [ 80.3002093, 25.0128269 ], [ 80.3043959, 25.0110912 ], [ 80.3082575, 25.0058435 ], [ 80.3133803, 25.0035166 ], [ 80.315207, 25.0041649 ], [ 80.320632, 25.0028334 ], [ 80.3231357, 24.9977358 ], [ 80.330993, 24.9921999 ], [ 80.3339671, 24.9992919 ], [ 80.341601, 25.0111675 ], [ 80.3416648, 25.0134785 ], [ 80.3451711, 25.0167292 ], [ 80.3519971, 25.0175113 ], [ 80.3537811, 25.0133499 ], [ 80.3573826, 25.0115765 ], [ 80.3629491, 25.0235972 ], [ 80.3691862, 25.0199279 ], [ 80.3718562, 25.0208397 ], [ 80.377464, 25.0195443 ], [ 80.3758836, 25.014665 ], [ 80.3784146, 25.0047392 ], [ 80.3873155, 25.0043144 ], [ 80.3938839, 25.0083581 ], [ 80.3964404, 25.0119462 ], [ 80.3914376, 25.0130843 ], [ 80.390903, 25.0161537 ], [ 80.3853272, 25.0182315 ], [ 80.3869359, 25.0239493 ], [ 80.3778455, 25.0270236 ], [ 80.3807983, 25.0298672 ], [ 80.3832955, 25.0352655 ], [ 80.3856835, 25.0355678 ], [ 80.3870704, 25.0324577 ], [ 80.3885568, 25.0328549 ], [ 80.3898353, 25.0355584 ], [ 80.3870412, 25.0379555 ], [ 80.385362, 25.0418329 ], [ 80.3777021, 25.0405919 ], [ 80.3705129, 25.0426863 ], [ 80.3748284, 25.0489424 ], [ 80.372663, 25.0533568 ], [ 80.3736589, 25.0559116 ], [ 80.3809726, 25.0518627 ], [ 80.3880037, 25.0509145 ], [ 80.388465, 25.0550263 ], [ 80.392162, 25.0584699 ], [ 80.3922718, 25.0638142 ], [ 80.3995369, 25.0643549 ], [ 80.4006231, 25.0695725 ], [ 80.4022973, 25.065749 ], [ 80.4053008, 25.067721 ], [ 80.4065685, 25.0637035 ], [ 80.40412, 25.0616729 ], [ 80.4082764, 25.0573207 ], [ 80.4086982, 25.0553539 ], [ 80.4122109, 25.0574417 ], [ 80.4144854, 25.0573147 ], [ 80.4140598, 25.0589533 ], [ 80.4168213, 25.0630195 ], [ 80.4181415, 25.0690133 ], [ 80.4161546, 25.0702552 ], [ 80.4161061, 25.0731755 ], [ 80.4230625, 25.068935 ], [ 80.4276262, 25.0676697 ], [ 80.4285424, 25.0661934 ], [ 80.433032, 25.0657583 ], [ 80.4372708, 25.0693406 ], [ 80.4395634, 25.0751442 ], [ 80.4409563, 25.0756357 ], [ 80.4432154, 25.0741496 ], [ 80.4440056, 25.0779678 ], [ 80.4489819, 25.0786515 ], [ 80.4507253, 25.0769129 ], [ 80.4499561, 25.0751755 ], [ 80.4527065, 25.0747363 ], [ 80.4464152, 25.0711239 ], [ 80.4494716, 25.0689423 ], [ 80.4514638, 25.0689729 ], [ 80.4514299, 25.0622068 ], [ 80.4570551, 25.0633097 ], [ 80.4618918, 25.0679432 ], [ 80.46357, 25.0680274 ], [ 80.4665065, 25.0649246 ], [ 80.4688459, 25.0588838 ], [ 80.4681354, 25.0562979 ], [ 80.4697388, 25.0471927 ], [ 80.4727109, 25.0460262 ], [ 80.4699894, 25.0443218 ], [ 80.4715337, 25.0423934 ], [ 80.4741401, 25.0427573 ], [ 80.4756488, 25.0396283 ], [ 80.475147, 25.0379405 ], [ 80.4817366, 25.0380172 ], [ 80.4835722, 25.0408956 ], [ 80.4864952, 25.0405324 ], [ 80.4872853, 25.0430504 ], [ 80.4888166, 25.0434826 ], [ 80.5018766, 25.0372488 ], [ 80.4955856, 25.0290965 ], [ 80.4898317, 25.0313055 ], [ 80.4880662, 25.0301857 ], [ 80.484849, 25.0336727 ], [ 80.4836004, 25.0335021 ], [ 80.482712, 25.0311061 ], [ 80.4783976, 25.0325986 ], [ 80.4743533, 25.0305295 ], [ 80.4646419, 25.035749 ], [ 80.4631733, 25.0398077 ], [ 80.4563555, 25.0393376 ], [ 80.4540682, 25.0418214 ], [ 80.4489493, 25.0405512 ], [ 80.4476688, 25.0369273 ], [ 80.4458508, 25.0373615 ], [ 80.4413945, 25.0334094 ], [ 80.4330916, 25.0237355 ], [ 80.4355229, 25.0215543 ], [ 80.4393778, 25.0229926 ], [ 80.4441125, 25.020851 ], [ 80.4474673, 25.0142187 ], [ 80.4524461, 25.0151461 ], [ 80.4531684, 25.013462 ], [ 80.4512442, 25.0099062 ], [ 80.4548724, 25.0057291 ], [ 80.4538403, 25.0031252 ], [ 80.4435286, 25.0041007 ], [ 80.4428786, 25.0020653 ], [ 80.4367864, 25.0014812 ], [ 80.4356456, 24.9982608 ], [ 80.4371806, 24.9974071 ], [ 80.4370255, 24.9945229 ], [ 80.4447617, 24.9944247 ], [ 80.4469104, 25.0020273 ], [ 80.4518769, 24.9994405 ], [ 80.4565156, 25.0040175 ], [ 80.4628546, 25.0025334 ], [ 80.4626637, 24.9983242 ], [ 80.4639592, 24.995385 ], [ 80.4559182, 24.9912549 ], [ 80.4555955, 24.9900364 ], [ 80.4594301, 24.9848254 ], [ 80.4561447, 24.981636 ], [ 80.4652426, 24.9757674 ], [ 80.4715015, 24.9751541 ], [ 80.4764397, 24.9764599 ], [ 80.4786561, 24.9739532 ], [ 80.4795637, 24.9757354 ], [ 80.4783639, 24.9799431 ], [ 80.4803896, 24.9859992 ], [ 80.4882872, 24.9898843 ], [ 80.4925856, 24.9893799 ], [ 80.4926215, 24.9907521 ], [ 80.4975047, 24.9956501 ], [ 80.4966214, 24.9988691 ], [ 80.4981732, 25.0005293 ], [ 80.4976752, 25.0029828 ], [ 80.4993023, 25.0062146 ], [ 80.5007949, 25.0044691 ], [ 80.5050094, 25.0051992 ], [ 80.5096227, 25.0031311 ], [ 80.5147642, 25.0029454 ], [ 80.517617, 25.0087838 ], [ 80.5235876, 25.0065808 ], [ 80.5250314, 25.0035576 ], [ 80.5308383, 25.0012503 ], [ 80.5386002, 25.0004335 ], [ 80.5437051, 25.0028965 ], [ 80.5494757, 25.0024662 ], [ 80.5433874, 25.011337 ], [ 80.5443714, 25.0140548 ], [ 80.5413677, 25.0166757 ], [ 80.5416684, 25.0190411 ], [ 80.543625, 25.0197535 ], [ 80.5474506, 25.0249256 ], [ 80.5481559, 25.0299271 ], [ 80.5460686, 25.0324176 ], [ 80.5408171, 25.0324509 ], [ 80.536575, 25.0340778 ], [ 80.5323015, 25.0379165 ], [ 80.5183222, 25.0409447 ], [ 80.5141532, 25.0433611 ], [ 80.5005792, 25.0415312 ], [ 80.5030676, 25.0452391 ], [ 80.5007416, 25.0477928 ], [ 80.5009654, 25.0514618 ], [ 80.503482, 25.0520552 ], [ 80.5037333, 25.0535991 ], [ 80.5064484, 25.053845 ], [ 80.5089857, 25.0587851 ], [ 80.5017895, 25.0706937 ], [ 80.4987901, 25.070887 ], [ 80.4964141, 25.0729477 ], [ 80.5014582, 25.0738819 ], [ 80.5019204, 25.0727132 ], [ 80.503382, 25.0730529 ], [ 80.5066275, 25.0839742 ], [ 80.5005279, 25.0872236 ], [ 80.4924821, 25.0882261 ], [ 80.4887211, 25.0905247 ], [ 80.4868503, 25.09023 ], [ 80.4850051, 25.0920892 ], [ 80.4807678, 25.0929138 ], [ 80.4795315, 25.096345 ], [ 80.4815189, 25.0958652 ], [ 80.4806538, 25.0986778 ], [ 80.4827222, 25.100211 ], [ 80.4843418, 25.0983144 ], [ 80.4876036, 25.0988307 ], [ 80.4879139, 25.096709 ], [ 80.4888571, 25.0981572 ], [ 80.4923466, 25.0980146 ], [ 80.4931065, 25.0996254 ], [ 80.4941397, 25.0980969 ], [ 80.4951679, 25.0988383 ], [ 80.4955236, 25.0976193 ], [ 80.4984199, 25.0970726 ], [ 80.4997364, 25.1003081 ], [ 80.5076768, 25.0988639 ], [ 80.5181317, 25.094703 ], [ 80.5209651, 25.0910851 ], [ 80.5193367, 25.0826568 ], [ 80.5215973, 25.0760458 ], [ 80.5334863, 25.0701361 ], [ 80.5407406, 25.0717158 ], [ 80.5458002, 25.0644018 ], [ 80.5526217, 25.0632887 ], [ 80.5644153, 25.0702605 ], [ 80.5675807, 25.0733626 ], [ 80.5681239, 25.0774793 ], [ 80.5666517, 25.0780159 ], [ 80.5684466, 25.086877 ], [ 80.5718086, 25.0833846 ], [ 80.5758587, 25.0815264 ], [ 80.5821876, 25.0821197 ], [ 80.5951143, 25.0794192 ], [ 80.5962053, 25.0764178 ], [ 80.5972557, 25.0776818 ], [ 80.6000473, 25.0733706 ], [ 80.6032833, 25.0721987 ], [ 80.6042948, 25.0696124 ], [ 80.6131362, 25.0656956 ], [ 80.6144642, 25.0665849 ], [ 80.6141469, 25.0692073 ], [ 80.6111477, 25.0771331 ], [ 80.6098638, 25.0793808 ], [ 80.606201, 25.0801613 ], [ 80.6062634, 25.0838223 ], [ 80.6074642, 25.0850137 ], [ 80.6067255, 25.0862774 ], [ 80.6028051, 25.0851755 ], [ 80.5981953, 25.0872646 ], [ 80.5994308, 25.0802414 ], [ 80.5960261, 25.0798075 ], [ 80.597121, 25.0818524 ], [ 80.59311, 25.0867852 ], [ 80.5922863, 25.0901973 ], [ 80.5975206, 25.0895439 ], [ 80.5975649, 25.0912276 ], [ 80.5937078, 25.0945037 ], [ 80.5957445, 25.0963502 ], [ 80.5949012, 25.0976793 ], [ 80.5961255, 25.0990766 ], [ 80.5935972, 25.1003986 ], [ 80.5923274, 25.1031968 ], [ 80.595108, 25.1051883 ], [ 80.5975647, 25.1139314 ], [ 80.600207, 25.1139139 ], [ 80.6018971, 25.1163696 ], [ 80.6071867, 25.1179049 ], [ 80.6063831, 25.1211999 ], [ 80.6024413, 25.1225444 ], [ 80.600031, 25.1261504 ], [ 80.5967682, 25.1279102 ], [ 80.5949984, 25.1271967 ], [ 80.5976921, 25.142652 ], [ 80.5967844, 25.1437487 ], [ 80.6007005, 25.1498474 ], [ 80.6065422, 25.1503583 ], [ 80.6084416, 25.1498349 ], [ 80.6096669, 25.145687 ], [ 80.6126822, 25.1431912 ], [ 80.610501, 25.1375579 ], [ 80.6112256, 25.1320965 ], [ 80.6103385, 25.1290136 ], [ 80.6122079, 25.1274881 ], [ 80.616551, 25.1286033 ], [ 80.6200216, 25.1339206 ], [ 80.6223718, 25.1349362 ], [ 80.6285102, 25.1333971 ], [ 80.6345491, 25.1286259 ], [ 80.6325408, 25.1225009 ], [ 80.6375726, 25.1189212 ], [ 80.6382269, 25.1168674 ], [ 80.6357427, 25.1131574 ], [ 80.6323667, 25.1130537 ], [ 80.6307754, 25.1159832 ], [ 80.6274093, 25.1174051 ], [ 80.6244544, 25.1148819 ], [ 80.6250146, 25.111271 ], [ 80.6195764, 25.1081564 ], [ 80.6187487, 25.1064908 ], [ 80.6207713, 25.1049833 ], [ 80.6188085, 25.1004921 ], [ 80.6113333, 25.1007354 ], [ 80.6080819, 25.098433 ], [ 80.6102533, 25.0957702 ], [ 80.6146998, 25.0931075 ], [ 80.6158943, 25.0935905 ], [ 80.620626, 25.0894586 ], [ 80.6239441, 25.0886934 ], [ 80.6260259, 25.082943 ], [ 80.6276515, 25.0853487 ], [ 80.6258919, 25.086705 ], [ 80.6283703, 25.0871587 ], [ 80.6288115, 25.0904311 ], [ 80.6342141, 25.0898803 ], [ 80.6338918, 25.087646 ], [ 80.6393092, 25.0871491 ], [ 80.6409749, 25.0892523 ], [ 80.6394682, 25.0908097 ], [ 80.640425, 25.0924932 ], [ 80.6416593, 25.0920056 ], [ 80.6408903, 25.0872437 ], [ 80.6424863, 25.0872165 ], [ 80.64266, 25.088566 ], [ 80.6476644, 25.0873144 ], [ 80.6519326, 25.0837756 ], [ 80.6522352, 25.0848634 ], [ 80.6559673, 25.0847137 ], [ 80.6583868, 25.0807925 ], [ 80.6586747, 25.0709147 ], [ 80.6617364, 25.0676054 ], [ 80.6691472, 25.0731146 ], [ 80.6729222, 25.0825246 ], [ 80.6787683, 25.0770385 ], [ 80.6850127, 25.0766073 ], [ 80.6828905, 25.0742925 ], [ 80.6843122, 25.0730553 ], [ 80.6824425, 25.0701356 ], [ 80.6840272, 25.0677291 ], [ 80.6738602, 25.0606147 ], [ 80.6758058, 25.0558295 ], [ 80.6802613, 25.0577101 ], [ 80.6810275, 25.0532864 ], [ 80.6797369, 25.0484571 ], [ 80.6911747, 25.051734 ], [ 80.6925037, 25.0538188 ], [ 80.6960225, 25.0550132 ], [ 80.708377, 25.0567266 ], [ 80.7207212, 25.0640089 ], [ 80.7323367, 25.0636941 ], [ 80.7343071, 25.0559425 ], [ 80.7369059, 25.052957 ], [ 80.7377498, 25.0546626 ], [ 80.7430283, 25.0559539 ], [ 80.7432242, 25.0540382 ], [ 80.7510698, 25.0540652 ], [ 80.7520581, 25.0567607 ], [ 80.761713, 25.0559447 ], [ 80.7658768, 25.0528942 ], [ 80.7710137, 25.0547351 ], [ 80.7757606, 25.054824 ], [ 80.7846749, 25.0616681 ], [ 80.7877921, 25.0613901 ], [ 80.7840898, 25.0688535 ], [ 80.7835942, 25.0756058 ], [ 80.7719255, 25.0782071 ], [ 80.7699935, 25.077172 ], [ 80.7688569, 25.079234 ], [ 80.7571276, 25.0823216 ], [ 80.7552398, 25.0867886 ], [ 80.7574961, 25.0908301 ], [ 80.7541013, 25.0903128 ], [ 80.7519339, 25.0928876 ], [ 80.7433609, 25.0927224 ], [ 80.7365969, 25.0948672 ], [ 80.7362108, 25.0900016 ], [ 80.7351197, 25.0892351 ], [ 80.7307877, 25.0892789 ], [ 80.7254512, 25.0914311 ], [ 80.7232367, 25.0946493 ], [ 80.7232366, 25.1050729 ], [ 80.726315, 25.1111599 ], [ 80.7306572, 25.1126449 ], [ 80.7273516, 25.1185525 ], [ 80.7238496, 25.1215791 ], [ 80.7228619, 25.1202663 ], [ 80.7210133, 25.1210348 ], [ 80.7108686, 25.1197591 ], [ 80.7076298, 25.1176531 ], [ 80.7041029, 25.122268 ], [ 80.703466, 25.1264119 ], [ 80.7043894, 25.1283749 ], [ 80.7076136, 25.1305351 ], [ 80.714014, 25.1295069 ], [ 80.71811, 25.1303394 ], [ 80.7201148, 25.1324054 ], [ 80.7203146, 25.1343732 ], [ 80.7192091, 25.1346718 ], [ 80.7208933, 25.138864 ], [ 80.7204198, 25.1357995 ], [ 80.7215698, 25.1352887 ], [ 80.723285, 25.1370278 ], [ 80.7276333, 25.1376752 ], [ 80.7302416, 25.1463188 ], [ 80.7316337, 25.1449726 ], [ 80.7318918, 25.139362 ], [ 80.7325109, 25.1386078 ], [ 80.7339604, 25.1403806 ], [ 80.7348456, 25.1376672 ], [ 80.7325756, 25.1332139 ], [ 80.7367525, 25.1353593 ], [ 80.7419527, 25.1236333 ], [ 80.7443197, 25.1257032 ], [ 80.7454534, 25.1291056 ], [ 80.7539068, 25.1328001 ], [ 80.7599852, 25.1333556 ], [ 80.7618035, 25.1348284 ], [ 80.7720594, 25.1326287 ], [ 80.7757601, 25.1364589 ], [ 80.7771721, 25.1365127 ], [ 80.7787803, 25.142261 ], [ 80.7841743, 25.1369428 ], [ 80.7831402, 25.1339135 ], [ 80.7817075, 25.1336282 ], [ 80.7863764, 25.1294424 ], [ 80.7913578, 25.1316751 ], [ 80.794745, 25.1305937 ], [ 80.7970765, 25.1365666 ], [ 80.8007779, 25.1354015 ], [ 80.8037648, 25.1375674 ], [ 80.8069944, 25.13689 ], [ 80.8145615, 25.1335054 ], [ 80.8152741, 25.1316522 ], [ 80.8119484, 25.1240797 ], [ 80.8159651, 25.1224068 ], [ 80.8172295, 25.124193 ], [ 80.822499, 25.1239485 ], [ 80.8232135, 25.1225721 ], [ 80.8266498, 25.1214493 ], [ 80.8243863, 25.1161314 ], [ 80.8278124, 25.1152208 ], [ 80.8299135, 25.1001676 ], [ 80.8334511, 25.103444 ], [ 80.8329162, 25.1046603 ], [ 80.8340807, 25.1060282 ], [ 80.8360535, 25.106584 ], [ 80.8355385, 25.1051305 ], [ 80.8381412, 25.1043141 ], [ 80.839109, 25.1055005 ], [ 80.837536, 25.1059299 ], [ 80.8406087, 25.1086072 ], [ 80.8407024, 25.1142855 ], [ 80.8389113, 25.1189252 ], [ 80.8391783, 25.1218095 ], [ 80.8406106, 25.1232 ], [ 80.8385241, 25.1248438 ], [ 80.8364524, 25.1305563 ], [ 80.837471, 25.1394937 ], [ 80.8398212, 25.1445451 ], [ 80.8400249, 25.1561904 ], [ 80.8486041, 25.1630078 ], [ 80.8462165, 25.1717187 ], [ 80.8430261, 25.1759926 ], [ 80.8387852, 25.176154 ], [ 80.8394793, 25.17726 ], [ 80.8381549, 25.1776886 ], [ 80.8392278, 25.1798932 ], [ 80.838143, 25.180347 ], [ 80.8441492, 25.1869023 ], [ 80.8450814, 25.1849364 ], [ 80.8556275, 25.1824673 ], [ 80.8571654, 25.1806846 ], [ 80.8641493, 25.1827751 ], [ 80.8679809, 25.1779576 ], [ 80.8687926, 25.1745109 ], [ 80.8723797, 25.1780904 ], [ 80.8794976, 25.1812635 ], [ 80.8805742, 25.1868739 ], [ 80.8846618, 25.1879389 ], [ 80.8843243, 25.1861154 ], [ 80.881968, 25.1850729 ], [ 80.8820771, 25.1824369 ], [ 80.8851772, 25.1818048 ], [ 80.8861839, 25.179083 ], [ 80.8887631, 25.1781214 ], [ 80.8893923, 25.1753676 ], [ 80.8989142, 25.1663215 ], [ 80.9037207, 25.1593075 ], [ 80.912912, 25.1590831 ], [ 80.9079459, 25.152571 ], [ 80.9019344, 25.1478058 ], [ 80.8945442, 25.1381793 ], [ 80.8942117, 25.1364641 ], [ 80.8957338, 25.1352903 ], [ 80.8947815, 25.1340086 ], [ 80.888628, 25.1325153 ], [ 80.887106, 25.1346413 ], [ 80.8795248, 25.1383384 ], [ 80.878855, 25.1256504 ], [ 80.876257, 25.1237593 ], [ 80.8749432, 25.1202612 ], [ 80.8684388, 25.1156796 ], [ 80.869247, 25.1122492 ], [ 80.8742293, 25.1086249 ], [ 80.8745863, 25.1041473 ], [ 80.8785866, 25.1021025 ], [ 80.8795879, 25.0992543 ], [ 80.867177, 25.0795067 ], [ 80.8676034, 25.0753361 ], [ 80.8691548, 25.0728355 ], [ 80.8764202, 25.0733998 ], [ 80.8777087, 25.0717027 ], [ 80.8780406, 25.0654692 ], [ 80.8696561, 25.058861 ], [ 80.8637495, 25.0565181 ], [ 80.8554559, 25.0473092 ], [ 80.846404, 25.0444369 ], [ 80.8423336, 25.0356569 ], [ 80.8401196, 25.0334175 ], [ 80.8317817, 25.0328737 ], [ 80.8365509, 25.0226875 ], [ 80.8430265, 25.0196242 ], [ 80.8551261, 25.0039862 ], [ 80.8517359, 24.9882486 ], [ 80.845893, 24.9839234 ], [ 80.8329236, 24.9819793 ], [ 80.8258739, 24.976204 ], [ 80.8254258, 24.9696588 ], [ 80.8237925, 24.9677671 ], [ 80.8158756, 24.9662068 ], [ 80.8138349, 24.9674924 ], [ 80.8138885, 24.9693567 ], [ 80.8113675, 24.9702267 ], [ 80.7998013, 24.9684113 ], [ 80.7922077, 24.9648684 ], [ 80.7951817, 24.9602254 ], [ 80.7995052, 24.9585395 ], [ 80.8051675, 24.9535139 ], [ 80.8099259, 24.9527306 ], [ 80.8058414, 24.9436786 ], [ 80.8081709, 24.9386785 ], [ 80.8127905, 24.9373669 ], [ 80.8181142, 24.9331081 ], [ 80.8200498, 24.9329057 ], [ 80.8190509, 24.9307386 ], [ 80.8139142, 24.927428 ], [ 80.8119911, 24.9225478 ], [ 80.8145857, 24.9209013 ], [ 80.8253173, 24.9197678 ], [ 80.8297974, 24.9180134 ], [ 80.8325414, 24.9200088 ], [ 80.8372312, 24.9203175 ], [ 80.8374416, 24.9283251 ], [ 80.8438613, 24.9306196 ], [ 80.8478117, 24.9298485 ], [ 80.851326, 24.9315734 ], [ 80.8547021, 24.9306937 ], [ 80.8566673, 24.9315831 ], [ 80.8607268, 24.9286678 ], [ 80.8732357, 24.9358093 ], [ 80.8775721, 24.9344957 ], [ 80.8808295, 24.9353442 ], [ 80.8790227, 24.9367662 ], [ 80.8789684, 24.9394925 ], [ 80.8917167, 24.9451068 ], [ 80.8954644, 24.9451063 ], [ 80.8994588, 24.9400367 ], [ 80.9044732, 24.9380634 ], [ 80.9070764, 24.9350521 ], [ 80.9052407, 24.938659 ], [ 80.900162, 24.9412057 ], [ 80.897623, 24.9450293 ], [ 80.8991485, 24.9486221 ], [ 80.9283544, 24.9610591 ], [ 80.9363513, 24.9619813 ], [ 80.9460041, 24.9662652 ], [ 80.9500633, 24.964408 ], [ 80.9509513, 24.958964 ], [ 80.9540479, 24.9543447 ], [ 80.9477125, 24.9409691 ], [ 80.9527317, 24.9397162 ], [ 80.9556975, 24.9405497 ], [ 80.9587854, 24.93858 ], [ 80.956552, 24.9298876 ], [ 80.9572949, 24.9230578 ], [ 80.9556954, 24.9219167 ], [ 80.9575119, 24.9217608 ], [ 80.9571777, 24.9178535 ], [ 80.9599158, 24.9192061 ], [ 80.9619725, 24.9228476 ], [ 80.9618607, 24.9257635 ], [ 80.9657416, 24.9260727 ], [ 80.9646009, 24.9298244 ], [ 80.9682543, 24.9300298 ], [ 80.9701971, 24.9330483 ], [ 80.9738513, 24.9341924 ], [ 80.9853844, 24.9328844 ], [ 80.9861843, 24.9305953 ], [ 80.9846989, 24.9301766 ], [ 80.9827553, 24.9266392 ], [ 80.986747, 24.9231968 ], [ 80.9876306, 24.9260352 ], [ 80.9959931, 24.9280735 ], [ 80.9972156, 24.9328796 ], [ 81.0004043, 24.9360444 ], [ 81.004512, 24.9372213 ], [ 81.0095181, 24.9359885 ], [ 81.0131639, 24.9279342 ], [ 81.0171757, 24.9310156 ], [ 81.0230692, 24.9276208 ], [ 81.0246736, 24.9330927 ], [ 81.0288515, 24.9332624 ], [ 81.0226071, 24.9357815 ], [ 81.0212031, 24.9394457 ], [ 81.013537, 24.9477591 ], [ 81.0141092, 24.9501473 ], [ 81.0162666, 24.951503 ], [ 81.0255788, 24.9400536 ], [ 81.0241949, 24.9434244 ], [ 81.025481, 24.9447479 ], [ 81.0283534, 24.9434904 ], [ 81.0258491, 24.9487518 ], [ 81.0285574, 24.9485866 ], [ 81.0337306, 24.9526117 ], [ 81.0407551, 24.9504582 ], [ 81.0499, 24.9498132 ], [ 81.0528407, 24.9501712 ], [ 81.0551814, 24.9521629 ], [ 81.0608504, 24.9519172 ], [ 81.0662534, 24.9490261 ], [ 81.0705009, 24.9498447 ], [ 81.0797103, 24.948277 ], [ 81.0845072, 24.9499079 ], [ 81.0902963, 24.9449442 ], [ 81.0870373, 24.9332166 ], [ 81.0897011, 24.93152 ], [ 81.0904592, 24.9288661 ], [ 81.0933649, 24.9289931 ], [ 81.0963022, 24.9211894 ], [ 81.1038759, 24.9182973 ], [ 81.1123014, 24.9073703 ], [ 81.1180821, 24.9078717 ], [ 81.1224823, 24.8996748 ], [ 81.1396043, 24.8875274 ], [ 81.1412376, 24.8902491 ], [ 81.1399072, 24.8967537 ], [ 81.1416501, 24.9032399 ], [ 81.145115, 24.9067196 ], [ 81.145462, 24.9103035 ], [ 81.1503972, 24.9137017 ], [ 81.1601972, 24.9135553 ], [ 81.1607927, 24.9191161 ], [ 81.158522, 24.9234364 ], [ 81.1613249, 24.9279179 ], [ 81.1637803, 24.9283145 ], [ 81.1637139, 24.9376401 ], [ 81.1660556, 24.9381631 ], [ 81.1640174, 24.9426458 ], [ 81.168012, 24.9552292 ], [ 81.1722064, 24.9572997 ], [ 81.1793676, 24.9498812 ], [ 81.1826503, 24.9501959 ], [ 81.1851514, 24.9520365 ], [ 81.1888114, 24.9447227 ], [ 81.1922326, 24.9450146 ], [ 81.1971466, 24.9414735 ], [ 81.1973727, 24.9386658 ], [ 81.2009714, 24.938005 ], [ 81.2035373, 24.9326593 ], [ 81.2071941, 24.9304321 ], [ 81.2059066, 24.9298053 ], [ 81.2028091, 24.9318608 ], [ 81.2007002, 24.9317761 ], [ 81.1975942, 24.9279454 ], [ 81.191624, 24.9271763 ], [ 81.19291, 24.9253522 ], [ 81.1963944, 24.924678 ], [ 81.2016229, 24.9268962 ], [ 81.2035026, 24.9247602 ], [ 81.2101737, 24.9226215 ], [ 81.2101746, 24.9240027 ], [ 81.2138748, 24.927562 ], [ 81.2195236, 24.9286373 ], [ 81.2206073, 24.9345317 ], [ 81.2193454, 24.9351147 ], [ 81.2173038, 24.9323942 ], [ 81.2152349, 24.9328784 ], [ 81.2135893, 24.9368606 ], [ 81.2147342, 24.9386609 ], [ 81.2131806, 24.9453118 ], [ 81.2111354, 24.9461424 ], [ 81.2146274, 24.9485191 ], [ 81.2135516, 24.9534443 ], [ 81.2144263, 24.9579576 ], [ 81.2071373, 24.9644842 ], [ 81.220276, 24.9738244 ], [ 81.2208732, 24.9776111 ], [ 81.2164276, 24.9862713 ], [ 81.2089241, 24.9926175 ], [ 81.2120761, 24.9956986 ], [ 81.21304, 24.9999952 ], [ 81.2208043, 24.997395 ], [ 81.2266621, 25.0019616 ], [ 81.2372414, 25.0179237 ], [ 81.2393528, 25.019222 ], [ 81.2418261, 25.0258734 ], [ 81.2451022, 25.0275228 ], [ 81.2537313, 25.0389039 ], [ 81.2585724, 25.048996 ], [ 81.2638211, 25.0527645 ], [ 81.2620374, 25.0580803 ], [ 81.2688973, 25.0674469 ], [ 81.2650612, 25.0735511 ], [ 81.2594943, 25.0757323 ], [ 81.2666721, 25.0843897 ], [ 81.2615635, 25.088367 ], [ 81.2584916, 25.0975229 ], [ 81.2549964, 25.0985444 ], [ 81.2521373, 25.1020766 ], [ 81.2538209, 25.1082062 ], [ 81.2572046, 25.1110584 ], [ 81.26133, 25.1101816 ], [ 81.2647249, 25.1166929 ], [ 81.2647943, 25.1222763 ], [ 81.2627587, 25.1253847 ], [ 81.2681755, 25.128088 ], [ 81.2685146, 25.1315637 ], [ 81.2661473, 25.1396866 ], [ 81.2775466, 25.1465147 ], [ 81.2816731, 25.1520602 ], [ 81.280624, 25.1555983 ], [ 81.2750979, 25.1634619 ], [ 81.2775162, 25.1660002 ], [ 81.2889708, 25.1618773 ], [ 81.2965832, 25.1626851 ], [ 81.2992057, 25.1644693 ], [ 81.3134303, 25.1637355 ], [ 81.3155007, 25.1588844 ], [ 81.3122885, 25.1559085 ], [ 81.3132192, 25.1494498 ], [ 81.3119211, 25.1375647 ], [ 81.3143222, 25.1353947 ], [ 81.3156897, 25.1270946 ], [ 81.3178969, 25.1253983 ], [ 81.3162418, 25.1234928 ], [ 81.3185724, 25.1228168 ], [ 81.3212712, 25.1187734 ], [ 81.3214722, 25.1127659 ], [ 81.3310405, 25.114661 ], [ 81.3262883, 25.1192085 ], [ 81.3251963, 25.1223903 ], [ 81.3240141, 25.1276258 ], [ 81.3239368, 25.1347619 ], [ 81.3250269, 25.1365091 ], [ 81.3186716, 25.1439679 ], [ 81.3195634, 25.1567826 ], [ 81.3223234, 25.1619336 ], [ 81.3345164, 25.1692948 ], [ 81.345281, 25.1618995 ], [ 81.3527251, 25.1620181 ], [ 81.3540242, 25.1639141 ], [ 81.3572777, 25.1631021 ], [ 81.3616972, 25.1592298 ], [ 81.3626847, 25.1530597 ], [ 81.3688196, 25.1439019 ], [ 81.3757272, 25.1417265 ], [ 81.3754106, 25.1390429 ], [ 81.3708976, 25.1348385 ], [ 81.3785584, 25.1348385 ], [ 81.3822773, 25.1360796 ], [ 81.385376, 25.1321615 ], [ 81.3926149, 25.1309558 ], [ 81.3940525, 25.1292359 ], [ 81.3932588, 25.1262343 ], [ 81.3954007, 25.1261619 ], [ 81.3952117, 25.1227405 ], [ 81.399921, 25.1192192 ], [ 81.4121272, 25.1199253 ], [ 81.4142134, 25.1210186 ], [ 81.4085294, 25.1252252 ], [ 81.4056753, 25.129257 ], [ 81.4061857, 25.1312876 ], [ 81.4153973, 25.1284372 ], [ 81.4218725, 25.1285527 ], [ 81.4258683, 25.1323275 ], [ 81.4289189, 25.1304867 ], [ 81.4385247, 25.1303347 ], [ 81.4369254, 25.1281545 ], [ 81.4379048, 25.1238887 ], [ 81.442692, 25.1197385 ], [ 81.4438154, 25.1162173 ], [ 81.4451291, 25.1160811 ], [ 81.4466779, 25.1110884 ], [ 81.4456953, 25.1092608 ], [ 81.4476577, 25.1071722 ], [ 81.4445037, 25.1059438 ], [ 81.4342627, 25.1072301 ], [ 81.4306927, 25.105584 ], [ 81.4271737, 25.1071154 ], [ 81.4240702, 25.1064304 ], [ 81.422203, 25.1075841 ], [ 81.418786, 25.1068789 ], [ 81.41371, 25.1079184 ], [ 81.40727, 25.1049143 ], [ 81.4175947, 25.1023475 ], [ 81.4240719, 25.0980891 ], [ 81.4299257, 25.0976176 ], [ 81.4367744, 25.0940761 ], [ 81.4545074, 25.0903936 ], [ 81.4615853, 25.0903806 ], [ 81.4619131, 25.0893737 ], [ 81.4648069, 25.0901124 ], [ 81.4673335, 25.0884047 ], [ 81.465065, 25.0838066 ], [ 81.4692699, 25.0797868 ], [ 81.4722819, 25.0780922 ], [ 81.4820543, 25.0767539 ], [ 81.486472, 25.0734603 ], [ 81.4911345, 25.0723237 ], [ 81.4936321, 25.0801893 ], [ 81.4984365, 25.0787366 ], [ 81.4994744, 25.0768238 ], [ 81.5010845, 25.0774254 ], [ 81.5029803, 25.0897088 ], [ 81.502804, 25.0926425 ], [ 81.5002376, 25.0963778 ], [ 81.5031881, 25.0951525 ], [ 81.5066525, 25.0955345 ], [ 81.5096194, 25.0978298 ], [ 81.5180982, 25.1007384 ], [ 81.5137056, 25.1015612 ], [ 81.5089332, 25.1053535 ], [ 81.5037666, 25.1066313 ], [ 81.5003361, 25.1066916 ], [ 81.4982554, 25.105056 ], [ 81.4958335, 25.1085289 ], [ 81.4903219, 25.109445 ], [ 81.4886604, 25.1142128 ], [ 81.4841357, 25.1159494 ], [ 81.4874397, 25.1237737 ], [ 81.4807596, 25.1276423 ], [ 81.4800549, 25.1325492 ], [ 81.4851937, 25.1348339 ], [ 81.4938782, 25.1320784 ], [ 81.496384, 25.12898 ], [ 81.4964654, 25.1411647 ], [ 81.4986366, 25.1443569 ], [ 81.4995098, 25.1486817 ], [ 81.5087988, 25.1478182 ], [ 81.5099758, 25.1460091 ], [ 81.5139036, 25.1456373 ], [ 81.5154778, 25.1430388 ], [ 81.5191571, 25.1431453 ], [ 81.5239556, 25.1391179 ], [ 81.5272388, 25.1380911 ], [ 81.5308978, 25.1452069 ], [ 81.5265766, 25.147795 ], [ 81.5226996, 25.1466729 ], [ 81.5299208, 25.1516067 ], [ 81.5314306, 25.1552187 ], [ 81.5355992, 25.158119 ], [ 81.5365001, 25.1605479 ], [ 81.5309919, 25.1646971 ], [ 81.5249611, 25.1645712 ], [ 81.5251839, 25.1656868 ], [ 81.5207727, 25.1675518 ], [ 81.5182448, 25.1714499 ], [ 81.515972, 25.1727075 ], [ 81.5161742, 25.1740707 ], [ 81.514637, 25.1735776 ], [ 81.5124809, 25.1773403 ], [ 81.5144084, 25.1795264 ], [ 81.5146034, 25.1843374 ], [ 81.5185792, 25.1860473 ], [ 81.5249552, 25.1838581 ], [ 81.5249765, 25.1823594 ], [ 81.5274576, 25.1808537 ], [ 81.5328383, 25.1823917 ], [ 81.534114, 25.1809252 ], [ 81.5398041, 25.1803603 ], [ 81.5399142, 25.1860791 ], [ 81.5454556, 25.1850622 ], [ 81.5459755, 25.1860176 ], [ 81.5541061, 25.1860867 ], [ 81.5559726, 25.1836276 ], [ 81.5629057, 25.1865059 ], [ 81.5701703, 25.1920786 ], [ 81.5785742, 25.1908538 ], [ 81.595588, 25.181778 ], [ 81.5950767, 25.1774886 ], [ 81.5884634, 25.1657697 ], [ 81.594356, 25.1637263 ], [ 81.6046274, 25.1630286 ], [ 81.608937, 25.1646856 ], [ 81.6118236, 25.1639186 ], [ 81.6153978, 25.1690131 ], [ 81.6196894, 25.1660134 ], [ 81.6204186, 25.1624161 ], [ 81.6262105, 25.1604667 ], [ 81.6241788, 25.1561442 ], [ 81.6257104, 25.1448489 ], [ 81.6233203, 25.1410394 ], [ 81.6206129, 25.1402945 ], [ 81.6184954, 25.1427408 ], [ 81.6145878, 25.1443926 ], [ 81.6104627, 25.1390977 ], [ 81.6025791, 25.1361539 ], [ 81.5980643, 25.1313357 ], [ 81.6023279, 25.1272528 ], [ 81.6005883, 25.1240298 ], [ 81.5984963, 25.1237985 ], [ 81.5999984, 25.1231268 ], [ 81.5980354, 25.122287 ], [ 81.5969553, 25.1190866 ], [ 81.6006146, 25.1162707 ], [ 81.6063853, 25.1162715 ], [ 81.610109, 25.1125166 ], [ 81.608493, 25.1117446 ], [ 81.6102284, 25.1087611 ], [ 81.6083167, 25.0960549 ], [ 81.6114743, 25.0950577 ], [ 81.6146561, 25.1000366 ], [ 81.6163161, 25.1077326 ], [ 81.6189682, 25.110134 ], [ 81.6231423, 25.1109917 ], [ 81.6236483, 25.1122278 ], [ 81.6206485, 25.115889 ], [ 81.6240816, 25.120037 ], [ 81.6329435, 25.1171211 ], [ 81.6317087, 25.1117815 ], [ 81.6283385, 25.1067948 ], [ 81.6296866, 25.1056955 ], [ 81.6320555, 25.1064282 ], [ 81.6335722, 25.1030022 ], [ 81.6408635, 25.0984924 ], [ 81.6286094, 25.094745 ], [ 81.6283711, 25.0910454 ], [ 81.6214326, 25.0901564 ], [ 81.6157878, 25.0803433 ], [ 81.6116149, 25.0785827 ], [ 81.6054297, 25.0784781 ], [ 81.6003506, 25.0738463 ], [ 81.6105357, 25.0686479 ], [ 81.6092982, 25.0655181 ], [ 81.6174544, 25.0609209 ], [ 81.6169243, 25.0587904 ], [ 81.6103186, 25.0610737 ], [ 81.6114341, 25.0565015 ], [ 81.6272656, 25.0527261 ], [ 81.6303383, 25.0561906 ], [ 81.6319635, 25.0562989 ], [ 81.6333116, 25.0593365 ], [ 81.6412249, 25.0567631 ], [ 81.6514846, 25.0671567 ], [ 81.6526983, 25.0708186 ], [ 81.6605101, 25.0716054 ], [ 81.6626667, 25.0741687 ], [ 81.6641628, 25.0725931 ], [ 81.6649515, 25.074633 ], [ 81.6665425, 25.075111 ], [ 81.6685584, 25.0717116 ], [ 81.667197, 25.0613621 ], [ 81.6708833, 25.0599075 ], [ 81.6779654, 25.0620402 ], [ 81.6823159, 25.0611945 ], [ 81.6857387, 25.0583947 ], [ 81.6886243, 25.0517402 ], [ 81.691508, 25.0514816 ], [ 81.6916657, 25.0497573 ], [ 81.6934391, 25.0487997 ], [ 81.6887221, 25.039544 ], [ 81.6897523, 25.0389478 ], [ 81.7071007, 25.0352289 ], [ 81.713314, 25.036074 ], [ 81.7214113, 25.0382537 ], [ 81.7216771, 25.0423204 ], [ 81.7190854, 25.0418409 ], [ 81.7238783, 25.0501682 ], [ 81.7304363, 25.0474645 ], [ 81.7315077, 25.0486419 ], [ 81.740413, 25.0448347 ], [ 81.7401298, 25.0437244 ], [ 81.7425552, 25.0414387 ], [ 81.741879, 25.0389386 ], [ 81.7466983, 25.0374181 ], [ 81.7458027, 25.0334693 ], [ 81.7550038, 25.0348363 ], [ 81.7551713, 25.0316857 ], [ 81.7580042, 25.0273864 ], [ 81.7808887, 25.0188762 ], [ 81.7922127, 25.0044074 ], [ 81.8037662, 25.0017048 ], [ 81.8055854, 25.0052435 ], [ 81.8046389, 25.0059021 ], [ 81.8103811, 25.0126933 ], [ 81.8140131, 25.0106908 ], [ 81.817721, 25.015197 ], [ 81.8194899, 25.014137 ], [ 81.8230503, 25.0171173 ], [ 81.8256808, 25.0167887 ], [ 81.8318993, 25.012128 ], [ 81.8348153, 25.0169721 ], [ 81.8437923, 25.0144207 ], [ 81.8448677, 25.0122498 ], [ 81.8487414, 25.0116412 ], [ 81.848648, 25.0082197 ], [ 81.8534686, 25.0026776 ], [ 81.8595509, 25.0031388 ], [ 81.8652125, 25.0008689 ], [ 81.866416, 25.0023495 ], [ 81.8725532, 24.9997562 ], [ 81.8727762, 24.996258 ], [ 81.8741926, 24.9951749 ], [ 81.8768771, 24.9957931 ], [ 81.8768771, 24.9993996 ], [ 81.8909033, 24.9957607 ], [ 81.8899074, 24.9918565 ], [ 81.8913135, 24.9888682 ], [ 81.8955236, 24.9897644 ], [ 81.9016864, 24.9993976 ], [ 81.8974026, 25.0035217 ], [ 81.8948417, 25.0078231 ], [ 81.8955982, 25.0095317 ], [ 81.8981178, 25.0106391 ], [ 81.9072697, 25.005673 ], [ 81.9063361, 24.9950316 ], [ 81.9014559, 24.986497 ], [ 81.9029856, 24.9837388 ], [ 81.905927, 24.9827226 ], [ 81.9051739, 24.9813687 ], [ 81.9078576, 24.9801178 ], [ 81.9040823, 24.9722014 ], [ 81.9075135, 24.9707563 ], [ 81.9080514, 24.9634935 ], [ 81.9093924, 24.9607036 ], [ 81.9074957, 24.9595079 ], [ 81.9090452, 24.9581625 ], [ 81.9089349, 24.9532966 ], [ 81.9100635, 24.9524252 ], [ 81.9090706, 24.9426395 ], [ 81.9108817, 24.9394208 ], [ 81.9103613, 24.9373761 ], [ 81.9140589, 24.9362603 ], [ 81.9146028, 24.9340168 ], [ 81.9180276, 24.9319982 ], [ 81.9174777, 24.9305449 ], [ 81.919645, 24.9281249 ], [ 81.9175544, 24.9232776 ], [ 81.9190241, 24.9219005 ], [ 81.9175831, 24.9203301 ], [ 81.91835, 24.9195175 ], [ 81.9071752, 24.9048397 ], [ 81.9057981, 24.9019392 ], [ 81.9064312, 24.9002644 ], [ 81.9035258, 24.8987484 ], [ 81.9078555, 24.8965447 ], [ 81.9047918, 24.8950738 ], [ 81.9062712, 24.8937961 ], [ 81.9057414, 24.8926904 ], [ 81.9028363, 24.8916753 ], [ 81.9044198, 24.8913861 ], [ 81.9035486, 24.8900096 ], [ 81.9049482, 24.8867774 ], [ 81.9089117, 24.8857384 ], [ 81.9065655, 24.8834459 ], [ 81.9078862, 24.8813466 ], [ 81.9146255, 24.8807176 ], [ 81.9164997, 24.8772008 ], [ 81.9205671, 24.8773892 ], [ 81.9212495, 24.876396 ], [ 81.9200612, 24.8743245 ], [ 81.9255031, 24.8722012 ], [ 81.9280125, 24.874033 ], [ 81.9337159, 24.8707042 ], [ 81.9345901, 24.8682633 ], [ 81.9327208, 24.8587384 ], [ 81.93768, 24.8528503 ], [ 81.937818, 24.8518617 ], [ 81.9364973, 24.8520112 ], [ 81.9379357, 24.8497266 ], [ 81.9389748, 24.8501144 ], [ 81.9410264, 24.847509 ], [ 81.9435735, 24.846578 ], [ 81.9423954, 24.8451973 ], [ 81.9441741, 24.8412378 ], [ 81.9606135, 24.836544 ], [ 81.9652662, 24.8270395 ], [ 81.9679187, 24.8290195 ], [ 81.9687501, 24.836178 ], [ 81.9715371, 24.8389342 ], [ 81.9853085, 24.8392497 ], [ 81.9922513, 24.8422371 ], [ 82.0031081, 24.8414466 ], [ 82.010721, 24.8469099 ], [ 82.0170142, 24.8459216 ], [ 82.0240029, 24.8412004 ], [ 82.0312308, 24.8402437 ], [ 82.0452141, 24.8286189 ], [ 82.0470543, 24.8283413 ], [ 82.0487722, 24.8307249 ], [ 82.0514285, 24.8305231 ], [ 82.0715744, 24.8191794 ], [ 82.0750452, 24.8219386 ], [ 82.0976541, 24.8161487 ], [ 82.1057023, 24.8053753 ], [ 82.1103167, 24.8005505 ], [ 82.112181, 24.800519 ], [ 82.1156092, 24.7844363 ], [ 82.1203211, 24.7881334 ], [ 82.1232621, 24.7870197 ], [ 82.125933, 24.7883096 ], [ 82.1295771, 24.7856327 ], [ 82.1300914, 24.7880882 ], [ 82.1338789, 24.7879798 ], [ 82.1318765, 24.7916091 ], [ 82.1355658, 24.7973957 ], [ 82.1385819, 24.7994094 ], [ 82.1443528, 24.7970156 ], [ 82.1497269, 24.7919051 ], [ 82.1509191, 24.7946223 ], [ 82.1532721, 24.7915795 ], [ 82.1670211, 24.7854419 ], [ 82.1677351, 24.7911834 ], [ 82.1713297, 24.790591 ], [ 82.1740202, 24.7923957 ], [ 82.1782334, 24.7928727 ], [ 82.1789018, 24.7950663 ], [ 82.1696512, 24.7980485 ], [ 82.1666505, 24.800875 ], [ 82.1699582, 24.7993754 ], [ 82.1751165, 24.8009086 ], [ 82.1781816, 24.8108877 ], [ 82.184798, 24.8097116 ], [ 82.191104, 24.8106885 ], [ 82.1994016, 24.8177488 ], [ 82.2035916, 24.8192047 ], [ 82.1981396, 24.8162733 ], [ 82.1916205, 24.8057591 ], [ 82.1887622, 24.8057874 ], [ 82.1839054, 24.7989043 ], [ 82.1842573, 24.795633 ], [ 82.1954206, 24.7918681 ], [ 82.1997529, 24.7931028 ], [ 82.2032977, 24.7922976 ], [ 82.2063214, 24.7961237 ], [ 82.2121497, 24.7936423 ], [ 82.2161504, 24.794141 ], [ 82.2172897, 24.7901816 ], [ 82.2151083, 24.7901838 ], [ 82.2118334, 24.7867137 ], [ 82.2092121, 24.7784367 ], [ 82.2097602, 24.7773892 ], [ 82.2179224, 24.7766756 ], [ 82.2140386, 24.7728728 ], [ 82.2103517, 24.7747211 ], [ 82.2094449, 24.7715258 ], [ 82.2040195, 24.7762277 ], [ 82.1965451, 24.7780595 ], [ 82.194902, 24.7751895 ], [ 82.2000646, 24.7686193 ], [ 82.1954199, 24.7641663 ], [ 82.203656, 24.760486 ], [ 82.2032568, 24.7583395 ], [ 82.1974709, 24.7497767 ], [ 82.1975038, 24.7467659 ], [ 82.1866403, 24.7386277 ], [ 82.1839764, 24.7388455 ], [ 82.1774543, 24.7323253 ], [ 82.1813193, 24.7325631 ], [ 82.18525, 24.7357214 ], [ 82.1881504, 24.7341899 ], [ 82.1914192, 24.7375875 ], [ 82.1970935, 24.7381581 ], [ 82.1995333, 24.73525 ], [ 82.2032591, 24.7340429 ], [ 82.2049703, 24.7357753 ], [ 82.2091354, 24.7338456 ], [ 82.2140387, 24.7344251 ], [ 82.2159239, 24.7305374 ], [ 82.215743, 24.7264931 ], [ 82.2193591, 24.724604 ], [ 82.2199699, 24.7219495 ], [ 82.2213045, 24.7223278 ], [ 82.2212984, 24.7272118 ], [ 82.2188827, 24.7284502 ], [ 82.2200262, 24.7310495 ], [ 82.2175549, 24.7374607 ], [ 82.2166859, 24.7386033 ], [ 82.2105777, 24.7397941 ], [ 82.2095661, 24.7421238 ], [ 82.2064136, 24.7435158 ], [ 82.2065692, 24.7471946 ], [ 82.2158499, 24.7548838 ], [ 82.2187332, 24.7501289 ], [ 82.2222489, 24.7482505 ], [ 82.2222723, 24.7465668 ], [ 82.2259648, 24.7468577 ], [ 82.2288405, 24.7455828 ], [ 82.2292786, 24.7493471 ], [ 82.2268864, 24.7527281 ], [ 82.2281334, 24.7543613 ], [ 82.2247451, 24.7578303 ], [ 82.2264583, 24.7612371 ], [ 82.2313577, 24.7559841 ], [ 82.231316, 24.7592566 ], [ 82.2332381, 24.7582577 ], [ 82.234125, 24.7605862 ], [ 82.2354198, 24.7602016 ], [ 82.2379116, 24.7550132 ], [ 82.2374439, 24.7517365 ], [ 82.2399344, 24.7507822 ], [ 82.2425658, 24.7446699 ], [ 82.2451605, 24.7444106 ], [ 82.2462255, 24.7544471 ], [ 82.2487436, 24.7561963 ], [ 82.2498073, 24.7628396 ], [ 82.2466031, 24.7666162 ], [ 82.2461364, 24.7696591 ], [ 82.2466619, 24.7710354 ], [ 82.2507296, 24.7697497 ], [ 82.2494684, 24.7681313 ], [ 82.2508084, 24.7573185 ], [ 82.2532708, 24.7515608 ], [ 82.2555836, 24.7520953 ], [ 82.2554759, 24.7482421 ], [ 82.2506693, 24.7354728 ], [ 82.2477103, 24.7328611 ], [ 82.2452167, 24.7327853 ], [ 82.2446975, 24.7306977 ], [ 82.2498249, 24.7193998 ], [ 82.2495253, 24.7146998 ], [ 82.2509699, 24.7114725 ], [ 82.2502401, 24.7099101 ], [ 82.2461642, 24.7090615 ], [ 82.2451805, 24.7035101 ], [ 82.2501106, 24.697453 ], [ 82.2469335, 24.6922465 ], [ 82.2448235, 24.6920225 ], [ 82.2423064, 24.6947825 ], [ 82.2394019, 24.6902122 ], [ 82.2353953, 24.6903912 ], [ 82.2345215, 24.6856252 ], [ 82.2297113, 24.6817872 ], [ 82.2334998, 24.6809901 ], [ 82.2365441, 24.6766951 ], [ 82.2351015, 24.6708958 ], [ 82.2397114, 24.6612731 ], [ 82.2411495, 24.6620485 ], [ 82.2401143, 24.6696643 ], [ 82.2451738, 24.6709242 ], [ 82.2475279, 24.6686562 ], [ 82.2490017, 24.6711617 ], [ 82.251087, 24.66808 ], [ 82.2541872, 24.6701771 ], [ 82.2563425, 24.6686079 ], [ 82.2570824, 24.6644556 ], [ 82.2552734, 24.6604504 ], [ 82.260874, 24.6613124 ], [ 82.2635126, 24.6659096 ], [ 82.2725509, 24.6735491 ], [ 82.2725741, 24.6754134 ], [ 82.2645604, 24.6763917 ], [ 82.2628594, 24.6782593 ], [ 82.2629768, 24.6794781 ], [ 82.267634, 24.6811788 ], [ 82.2687584, 24.683405 ], [ 82.2806165, 24.6754051 ], [ 82.2851858, 24.6757826 ], [ 82.2860573, 24.6729935 ], [ 82.2853047, 24.6683798 ], [ 82.2880086, 24.6658626 ], [ 82.2922325, 24.6651066 ], [ 82.2946026, 24.6665614 ], [ 82.2981796, 24.6655205 ], [ 82.2992505, 24.667259 ], [ 82.3009256, 24.666339 ], [ 82.3031431, 24.667103 ], [ 82.3042753, 24.665316 ], [ 82.3035997, 24.6633114 ], [ 82.2963645, 24.6612494 ], [ 82.3024775, 24.6563729 ], [ 82.3039015, 24.6536923 ], [ 82.2999839, 24.6469781 ], [ 82.3006071, 24.6453895 ], [ 82.3037986, 24.6437615 ], [ 82.300841, 24.6424555 ], [ 82.3018801, 24.6391427 ], [ 82.3002136, 24.6343301 ], [ 82.3018029, 24.6274109 ], [ 82.3036758, 24.6251864 ], [ 82.2999603, 24.6120669 ], [ 82.2954099, 24.6089048 ], [ 82.2968041, 24.6058404 ], [ 82.2989623, 24.6048575 ], [ 82.3016811, 24.6077975 ], [ 82.3154269, 24.6078171 ], [ 82.3196392, 24.6062028 ], [ 82.3199688, 24.6088978 ], [ 82.3219433, 24.6099096 ], [ 82.3219719, 24.6124645 ], [ 82.3296082, 24.6184345 ], [ 82.3358658, 24.6199417 ], [ 82.3370592, 24.6189512 ], [ 82.3386389, 24.6203645 ], [ 82.3443335, 24.6155313 ], [ 82.3471774, 24.6166332 ], [ 82.3496269, 24.6151034 ], [ 82.3555884, 24.6042256 ], [ 82.3615039, 24.5985927 ], [ 82.3647673, 24.5971982 ], [ 82.3709633, 24.5970495 ], [ 82.4019167, 24.5913769 ], [ 82.4042429, 24.5940992 ], [ 82.4041446, 24.5963246 ], [ 82.4064054, 24.5947578 ], [ 82.4113966, 24.5945355 ], [ 82.4161102, 24.5911984 ], [ 82.4171479, 24.5943489 ], [ 82.4200757, 24.5948131 ], [ 82.4195676, 24.5957566 ], [ 82.4220227, 24.5996198 ], [ 82.4108144, 24.6137382 ], [ 82.4132694, 24.6164731 ], [ 82.4132063, 24.62031 ], [ 82.4089955, 24.6252358 ], [ 82.4096847, 24.6354237 ], [ 82.4122481, 24.6361499 ], [ 82.4120016, 24.6377208 ], [ 82.4177612, 24.6412718 ], [ 82.4161228, 24.6452581 ], [ 82.4184463, 24.6517214 ], [ 82.4162537, 24.6527106 ], [ 82.4159437, 24.6563129 ], [ 82.4120228, 24.6597039 ], [ 82.4114959, 24.6653103 ], [ 82.4138883, 24.6701667 ], [ 82.4093203, 24.675702 ], [ 82.4067666, 24.67698 ], [ 82.4086841, 24.6793314 ], [ 82.4062045, 24.6811195 ], [ 82.4157666, 24.6894861 ], [ 82.4154958, 24.6922622 ], [ 82.4294479, 24.7025857 ], [ 82.4384549, 24.7010068 ], [ 82.4530283, 24.688537 ], [ 82.4537323, 24.6845327 ], [ 82.4502384, 24.6744097 ], [ 82.4567238, 24.6731876 ], [ 82.4666889, 24.674852 ], [ 82.4683185, 24.6739843 ], [ 82.4686408, 24.6756181 ], [ 82.4728251, 24.6756562 ], [ 82.4798274, 24.6783418 ], [ 82.4835315, 24.6770075 ], [ 82.489242, 24.6713698 ], [ 82.4939543, 24.6709284 ], [ 82.5050588, 24.6716389 ], [ 82.5107414, 24.6752725 ], [ 82.5174119, 24.6734358 ], [ 82.5229522, 24.6762697 ], [ 82.5297827, 24.6525309 ], [ 82.5312903, 24.6509024 ], [ 82.5396345, 24.6478514 ], [ 82.5798432, 24.6592936 ], [ 82.5930438, 24.6687807 ], [ 82.6071757, 24.6755449 ], [ 82.6366013, 24.6823474 ], [ 82.6422404, 24.6847239 ], [ 82.6574684, 24.6951133 ], [ 82.6708468, 24.6970267 ], [ 82.676145, 24.6907072 ], [ 82.6865722, 24.6857935 ], [ 82.7008885, 24.6760187 ], [ 82.7017948, 24.6716578 ], [ 82.6987464, 24.6625321 ], [ 82.6981987, 24.646201 ], [ 82.7067018, 24.6362749 ], [ 82.7094248, 24.6390721 ], [ 82.7179614, 24.6425472 ], [ 82.7176192, 24.6408862 ], [ 82.7186763, 24.641134 ], [ 82.7168016, 24.6370907 ], [ 82.7181729, 24.6346748 ], [ 82.7228425, 24.6384004 ], [ 82.7281343, 24.6353543 ], [ 82.7322853, 24.64428 ], [ 82.7410588, 24.6416147 ], [ 82.746334, 24.6420756 ], [ 82.7530944, 24.6369516 ], [ 82.7535202, 24.6409107 ], [ 82.7620824, 24.6425876 ], [ 82.7743017, 24.6417747 ], [ 82.7719317, 24.6348983 ], [ 82.7729984, 24.6288865 ], [ 82.7722733, 24.6219344 ], [ 82.7756223, 24.6204651 ], [ 82.7753999, 24.61466 ], [ 82.7795481, 24.6139359 ], [ 82.7778223, 24.6108247 ], [ 82.7700713, 24.6036963 ], [ 82.7698927, 24.5989656 ], [ 82.7658507, 24.5972654 ], [ 82.7654619, 24.595771 ], [ 82.7801749, 24.5946163 ], [ 82.7895536, 24.5966352 ], [ 82.7916015, 24.5981847 ], [ 82.7965293, 24.5970724 ], [ 82.803031, 24.597685 ], [ 82.8031849, 24.5875828 ], [ 82.8012228, 24.5829956 ], [ 82.8027188, 24.582599 ], [ 82.8030812, 24.5791234 ], [ 82.8012462, 24.5768565 ], [ 82.8056384, 24.5697806 ], [ 82.8051675, 24.5556063 ], [ 82.807545, 24.5489944 ], [ 82.7952289, 24.5458104 ], [ 82.7913121, 24.5435603 ], [ 82.7555201, 24.5374468 ], [ 82.7515326, 24.5377234 ], [ 82.7511403, 24.5402239 ], [ 82.7527487, 24.5405682 ], [ 82.7525976, 24.5436873 ], [ 82.7490843, 24.5433142 ], [ 82.752308, 24.5472306 ], [ 82.7516391, 24.5499068 ], [ 82.7475526, 24.5497819 ], [ 82.7430981, 24.5518211 ], [ 82.742373, 24.5469241 ], [ 82.7220697, 24.5552115 ], [ 82.7204678, 24.5549115 ], [ 82.7191827, 24.55247 ], [ 82.7206528, 24.5516792 ], [ 82.7195505, 24.5494364 ], [ 82.7213763, 24.5455208 ], [ 82.7280411, 24.5398974 ], [ 82.7310275, 24.5350834 ], [ 82.7291786, 24.5312476 ], [ 82.7209419, 24.5295018 ], [ 82.723485, 24.5254736 ], [ 82.7212778, 24.5234618 ], [ 82.723124, 24.5183056 ], [ 82.7206341, 24.5140324 ], [ 82.7235813, 24.5100491 ], [ 82.7292689, 24.5090476 ], [ 82.7359228, 24.5017392 ], [ 82.7431862, 24.4987969 ], [ 82.7435632, 24.4953468 ], [ 82.7432491, 24.4917674 ], [ 82.7399844, 24.4873508 ], [ 82.7401228, 24.4820196 ], [ 82.7337273, 24.4785709 ], [ 82.7342278, 24.4755282 ], [ 82.7298949, 24.4726515 ], [ 82.7309784, 24.4708855 ], [ 82.7347215, 24.4704405 ], [ 82.736361, 24.4616458 ], [ 82.7347983, 24.4567809 ], [ 82.731388, 24.4534159 ], [ 82.7313121, 24.4513395 ], [ 82.7330667, 24.4500699 ], [ 82.7327739, 24.4479845 ], [ 82.7341238, 24.4466654 ], [ 82.7308913, 24.4375763 ], [ 82.7348883, 24.4354473 ], [ 82.7326261, 24.4308402 ], [ 82.7343876, 24.4323781 ], [ 82.7358707, 24.4310953 ], [ 82.7392147, 24.4323746 ], [ 82.7392103, 24.4276439 ], [ 82.7375025, 24.4253249 ], [ 82.7270856, 24.4202358 ], [ 82.7234051, 24.4167849 ], [ 82.713207, 24.3802358 ], [ 82.7191269, 24.3783323 ], [ 82.7200224, 24.376341 ], [ 82.7190199, 24.3735699 ], [ 82.7229902, 24.3711704 ], [ 82.72422, 24.3682354 ], [ 82.7259693, 24.3679408 ], [ 82.7319531, 24.3694716 ], [ 82.7398163, 24.367362 ], [ 82.7441363, 24.3704736 ], [ 82.7481016, 24.3696534 ], [ 82.7520553, 24.3708386 ], [ 82.7559053, 24.3696319 ], [ 82.7564319, 24.3703907 ], [ 82.7543598, 24.372777 ], [ 82.7549007, 24.3740911 ], [ 82.7603715, 24.3736845 ], [ 82.7602055, 24.3773454 ], [ 82.7640063, 24.3762693 ], [ 82.7651855, 24.3747986 ], [ 82.7635955, 24.3726442 ], [ 82.7639178, 24.3704596 ], [ 82.7689195, 24.370901 ], [ 82.7696993, 24.3695473 ], [ 82.7687311, 24.3663326 ], [ 82.7651395, 24.3652241 ], [ 82.7651562, 24.363134 ], [ 82.767415, 24.360847 ], [ 82.7655728, 24.3599428 ], [ 82.7668799, 24.3581557 ], [ 82.76494, 24.3566831 ], [ 82.7644986, 24.3542497 ], [ 82.7679638, 24.3528528 ], [ 82.7677151, 24.349801 ], [ 82.769288, 24.3484299 ], [ 82.7692452, 24.3466377 ], [ 82.773638, 24.3434221 ], [ 82.7727074, 24.3425548 ], [ 82.7713864, 24.3433123 ], [ 82.7709937, 24.3415199 ], [ 82.7693231, 24.3418709 ], [ 82.7683843, 24.3391978 ], [ 82.7699316, 24.3330145 ], [ 82.7670961, 24.3302859 ], [ 82.7714972, 24.3281583 ], [ 82.7689439, 24.3240306 ], [ 82.7684376, 24.3167669 ], [ 82.7659459, 24.3156998 ], [ 82.7661007, 24.3132713 ], [ 82.7732185, 24.3073627 ], [ 82.7715144, 24.2950423 ], [ 82.7621986, 24.2695846 ], [ 82.7561641, 24.2614229 ], [ 82.7554998, 24.2558382 ], [ 82.7578816, 24.2499999 ], [ 82.7592949, 24.2370571 ], [ 82.7499996, 24.2263679 ], [ 82.7448725, 24.2260653 ], [ 82.736477, 24.2229477 ], [ 82.7347147, 24.217311 ], [ 82.7396019, 24.200099 ], [ 82.7444369, 24.1654804 ], [ 82.735851, 24.1538672 ], [ 82.7292981, 24.1479626 ], [ 82.7280776, 24.1351429 ], [ 82.7105121, 24.1362238 ], [ 82.7042915, 24.1393015 ], [ 82.6997115, 24.1392406 ], [ 82.6949027, 24.1432874 ], [ 82.6930168, 24.148728 ], [ 82.6883052, 24.151723 ], [ 82.6849353, 24.1522615 ], [ 82.682885, 24.1545919 ], [ 82.6773049, 24.1524586 ], [ 82.6707035, 24.1471229 ], [ 82.6723093, 24.1461539 ], [ 82.6741275, 24.1409707 ], [ 82.6705249, 24.1366564 ], [ 82.666816, 24.1369282 ], [ 82.6681336, 24.134734 ], [ 82.6643342, 24.1285595 ], [ 82.665238, 24.1244874 ], [ 82.6703863, 24.1199943 ], [ 82.6729146, 24.1207969 ], [ 82.6740847, 24.1196815 ], [ 82.677154, 24.1199876 ], [ 82.678057, 24.1147867 ], [ 82.6806292, 24.114849 ], [ 82.6802151, 24.1125875 ], [ 82.6834019, 24.1118415 ], [ 82.6829481, 24.1093634 ], [ 82.687064, 24.1082875 ], [ 82.6912665, 24.1033696 ], [ 82.6913214, 24.105243 ], [ 82.6926196, 24.1048091 ], [ 82.6958529, 24.1000449 ], [ 82.7025159, 24.0989853 ], [ 82.70754, 24.0963914 ], [ 82.7048787, 24.0948672 ], [ 82.7118234, 24.0892658 ], [ 82.7098734, 24.0850458 ], [ 82.7102887, 24.0810053 ], [ 82.7142213, 24.0797122 ], [ 82.7138994, 24.0762497 ], [ 82.7164177, 24.0777246 ], [ 82.7285579, 24.0781367 ], [ 82.7331373, 24.0804537 ], [ 82.7389697, 24.0757636 ], [ 82.7402348, 24.07723 ], [ 82.7447462, 24.0749738 ], [ 82.7483168, 24.0708223 ], [ 82.7518189, 24.0721241 ], [ 82.7509499, 24.074702 ], [ 82.7530866, 24.0752968 ], [ 82.7534334, 24.0773137 ], [ 82.7596834, 24.0777307 ], [ 82.7606212, 24.0764902 ], [ 82.7602157, 24.0726017 ], [ 82.7630502, 24.0699109 ], [ 82.7656525, 24.0708261 ], [ 82.7676022, 24.0758882 ], [ 82.7740195, 24.0763043 ], [ 82.7705431, 24.0563158 ], [ 82.7673686, 24.0485626 ], [ 82.7555796, 24.033298 ], [ 82.7471838, 24.0272746 ], [ 82.7491722, 24.0235627 ], [ 82.7507045, 24.0119781 ], [ 82.7690033, 24.0056797 ], [ 82.7756357, 24.0064504 ], [ 82.7843597, 24.0046367 ], [ 82.7887892, 24.0082844 ], [ 82.799891, 24.0034122 ], [ 82.8041829, 24.0035247 ], [ 82.8062912, 23.9977623 ], [ 82.8045754, 23.9959451 ], [ 82.8056117, 23.9899194 ], [ 82.8085012, 23.9860569 ], [ 82.8053268, 23.9828799 ], [ 82.8053768, 23.9801209 ], [ 82.8022404, 23.9793 ], [ 82.8078268, 23.9655549 ], [ 82.8126116, 23.9598694 ], [ 82.8041171, 23.9597037 ], [ 82.8007428, 23.9607996 ], [ 82.798368, 23.9508077 ], [ 82.7900173, 23.9459982 ], [ 82.7869819, 23.9416369 ], [ 82.7810668, 23.938362 ], [ 82.7766224, 23.9366676 ], [ 82.770344, 23.9369908 ], [ 82.7620085, 23.9338287 ], [ 82.7544609, 23.9341881 ], [ 82.7560903, 23.9250348 ], [ 82.7552594, 23.921709 ], [ 82.7523838, 23.9197898 ], [ 82.7150011, 23.9213887 ], [ 82.7108479, 23.9236754 ], [ 82.7035064, 23.9244874 ], [ 82.6980328, 23.9199215 ], [ 82.6934216, 23.920199 ], [ 82.6925058, 23.9158295 ], [ 82.6888836, 23.9097998 ], [ 82.6834032, 23.9092873 ], [ 82.6805836, 23.907153 ], [ 82.6763762, 23.9092537 ], [ 82.6746615, 23.9067443 ], [ 82.6711453, 23.9057928 ], [ 82.668391, 23.9072292 ], [ 82.6615901, 23.9076418 ], [ 82.6576015, 23.9025414 ], [ 82.6510584, 23.8894779 ], [ 82.6512346, 23.8867557 ], [ 82.6637415, 23.8771778 ], [ 82.665449, 23.8739044 ], [ 82.6684478, 23.8717908 ], [ 82.6643808, 23.8646004 ], [ 82.6644784, 23.8625508 ], [ 82.6614254, 23.863626 ], [ 82.6602225, 23.8628362 ], [ 82.661561, 23.856931 ], [ 82.6604658, 23.8551435 ], [ 82.6515717, 23.8554839 ], [ 82.6505756, 23.8568475 ], [ 82.6529172, 23.8577545 ], [ 82.6528683, 23.8587928 ], [ 82.6495798, 23.8602516 ], [ 82.6468258, 23.8591414 ], [ 82.6472131, 23.8559722 ], [ 82.6450974, 23.8551102 ], [ 82.6471783, 23.8536879 ], [ 82.6462305, 23.8506679 ], [ 82.6471431, 23.848722 ], [ 82.6424407, 23.8469394 ], [ 82.6381364, 23.8479827 ], [ 82.6367372, 23.8444796 ], [ 82.6391664, 23.8416533 ], [ 82.6354016, 23.8378208 ], [ 82.6295368, 23.8387917 ], [ 82.6075601, 23.8332922 ], [ 82.6022407, 23.8302985 ], [ 82.5999544, 23.826533 ], [ 82.5886197, 23.8214385 ], [ 82.5836097, 23.8207059 ], [ 82.581808, 23.8230123 ], [ 82.5792172, 23.8224066 ], [ 82.577764, 23.8242255 ], [ 82.5731953, 23.8240616 ], [ 82.5693741, 23.8202997 ], [ 82.5647611, 23.8207449 ], [ 82.5632193, 23.822848 ], [ 82.5542519, 23.8261985 ], [ 82.5467387, 23.8261949 ], [ 82.5474916, 23.8225521 ], [ 82.5330744, 23.8221469 ], [ 82.5335517, 23.8202331 ], [ 82.5383411, 23.8201952 ], [ 82.5394902, 23.8189859 ], [ 82.5387951, 23.8163671 ], [ 82.548442, 23.8085486 ], [ 82.5514745, 23.790641 ], [ 82.5428045, 23.792298 ], [ 82.5418091, 23.7914894 ], [ 82.5381277, 23.7942503 ], [ 82.5354856, 23.7907997 ], [ 82.5233976, 23.7836774 ], [ 82.5109692, 23.7860163 ], [ 82.5063391, 23.7847849 ], [ 82.4974969, 23.7850408 ], [ 82.4930885, 23.7871615 ], [ 82.4889258, 23.7899501 ], [ 82.4831218, 23.8016243 ], [ 82.4791875, 23.8024577 ], [ 82.4792343, 23.8057803 ], [ 82.4741131, 23.8074451 ], [ 82.4692581, 23.8110597 ], [ 82.4537822, 23.811547 ], [ 82.4502087, 23.8091877 ], [ 82.4469087, 23.8045484 ], [ 82.4414082, 23.803973 ], [ 82.4406519, 23.8027905 ], [ 82.4379048, 23.8037443 ], [ 82.4357355, 23.802621 ], [ 82.4343137, 23.8050007 ], [ 82.423259, 23.8045938 ], [ 82.3931957, 23.7999369 ], [ 82.3928674, 23.8032415 ], [ 82.3906155, 23.8052011 ], [ 82.3769326, 23.811027 ], [ 82.3692422, 23.8090482 ], [ 82.3640459, 23.8099418 ], [ 82.3635161, 23.8080502 ], [ 82.3526509, 23.8035263 ], [ 82.3394669, 23.8086209 ], [ 82.3368247, 23.8039197 ], [ 82.3346565, 23.8025468 ], [ 82.3308625, 23.8061574 ], [ 82.3175042, 23.81176 ], [ 82.3115235, 23.8101957 ], [ 82.3057817, 23.8117236 ], [ 82.3048272, 23.8073938 ], [ 82.2987726, 23.8069982 ], [ 82.2918131, 23.8098207 ], [ 82.2816411, 23.8169839 ], [ 82.2721067, 23.8170817 ], [ 82.2606107, 23.8212405 ], [ 82.2555891, 23.8175349 ], [ 82.2501293, 23.8156841 ], [ 82.2433132, 23.8085185 ], [ 82.2372775, 23.8053168 ], [ 82.2318132, 23.8053142 ], [ 82.2270447, 23.8082921 ], [ 82.2255089, 23.8200838 ], [ 82.2063125, 23.8274112 ], [ 82.2059701, 23.8301607 ], [ 82.208106, 23.8349287 ], [ 82.2119677, 23.8358467 ], [ 82.2153195, 23.8410187 ], [ 82.2112282, 23.8516175 ], [ 82.2050744, 23.8488468 ], [ 82.2012772, 23.848636 ], [ 82.1992412, 23.8434905 ], [ 82.1971443, 23.8416488 ], [ 82.188873, 23.8425876 ], [ 82.1862174, 23.8386665 ], [ 82.1808519, 23.8362802 ], [ 82.1785615, 23.8216146 ], [ 82.1714624, 23.8182401 ], [ 82.1638338, 23.820682 ], [ 82.1458881, 23.8154383 ], [ 82.1420596, 23.815549 ], [ 82.1417219, 23.8168898 ], [ 82.1292855, 23.819035 ], [ 82.1233731, 23.8220459 ], [ 82.1165857, 23.8170088 ], [ 82.1116685, 23.8169562 ], [ 82.10665, 23.8186754 ], [ 82.1045152, 23.8171784 ], [ 82.0954356, 23.815526 ], [ 82.0941774, 23.8166833 ], [ 82.0832728, 23.8154175 ], [ 82.0776379, 23.8186409 ], [ 82.0723268, 23.817038 ], [ 82.0617256, 23.8191626 ], [ 82.053581, 23.8183752 ], [ 82.0524402, 23.8216452 ], [ 82.049737, 23.8225737 ], [ 82.0492406, 23.8242165 ], [ 82.0409797, 23.825246 ], [ 82.038416, 23.8268405 ], [ 82.0393169, 23.8285412 ], [ 82.0387565, 23.8331336 ], [ 82.0408667, 23.8329225 ], [ 82.0412672, 23.836876 ], [ 82.044051, 23.838835 ], [ 82.0441805, 23.8416489 ], [ 82.0347498, 23.8464089 ], [ 82.0204666, 23.8490714 ], [ 82.0174491, 23.8509561 ], [ 82.0169222, 23.8538232 ], [ 82.0122333, 23.856599 ], [ 82.0088132, 23.8610785 ], [ 82.0009268, 23.8621758 ], [ 81.9890705, 23.8604317 ], [ 81.9859916, 23.8619181 ], [ 81.9817103, 23.8608874 ], [ 81.9772102, 23.8562405 ], [ 81.9703341, 23.8572291 ], [ 81.9654049, 23.8559094 ], [ 81.9635873, 23.8536081 ], [ 81.9602655, 23.8555285 ], [ 81.9594294, 23.8529332 ], [ 81.9577993, 23.852284 ], [ 81.9555569, 23.8534138 ], [ 81.9541701, 23.8571164 ], [ 81.9499289, 23.8566491 ], [ 81.9460817, 23.8587727 ], [ 81.9469179, 23.8618918 ], [ 81.9384849, 23.862347 ], [ 81.9382305, 23.8640942 ], [ 81.9404648, 23.865592 ], [ 81.9396461, 23.8677503 ], [ 81.9289311, 23.8707205 ], [ 81.9204579, 23.8706148 ], [ 81.9203978, 23.8673193 ], [ 81.916154, 23.859506 ], [ 81.9104397, 23.8572231 ], [ 81.9086563, 23.8510793 ], [ 81.9062853, 23.8499242 ], [ 81.9060929, 23.8460643 ], [ 81.9045515, 23.8447193 ], [ 81.9019993, 23.8448643 ], [ 81.8987494, 23.840725 ], [ 81.8922316, 23.8405183 ], [ 81.8881575, 23.8355482 ], [ 81.8677123, 23.834145 ], [ 81.8662774, 23.8286854 ], [ 81.8630704, 23.8244568 ], [ 81.8563373, 23.8228531 ], [ 81.8504141, 23.8236965 ], [ 81.846685, 23.8218223 ], [ 81.8382005, 23.8211027 ], [ 81.8365325, 23.8199828 ], [ 81.836877, 23.8161951 ], [ 81.8291587, 23.8150283 ], [ 81.8275055, 23.813809 ], [ 81.8273839, 23.8106036 ], [ 81.8253821, 23.8103863 ], [ 81.822816, 23.8077218 ], [ 81.8149957, 23.8064499 ], [ 81.8087416, 23.8134184 ], [ 81.7959042, 23.8148886 ], [ 81.7945943, 23.8143823 ], [ 81.793125, 23.8099122 ], [ 81.7911185, 23.8093468 ], [ 81.7824549, 23.8137841 ], [ 81.773157, 23.8163992 ], [ 81.7621228, 23.8236064 ], [ 81.7545078, 23.8307473 ], [ 81.7428548, 23.833769 ], [ 81.7373552, 23.8391808 ], [ 81.7322303, 23.8408591 ], [ 81.7284632, 23.8390241 ], [ 81.7254739, 23.8398241 ], [ 81.7250441, 23.8446287 ], [ 81.7296859, 23.8489412 ], [ 81.7319778, 23.8566779 ], [ 81.7283007, 23.8594415 ], [ 81.7240238, 23.8596969 ], [ 81.7201972, 23.8622108 ], [ 81.7074906, 23.8611325 ], [ 81.7072825, 23.8650544 ], [ 81.7097417, 23.8712488 ], [ 81.7077041, 23.8741942 ], [ 81.7038355, 23.8759271 ], [ 81.707303, 23.8804529 ], [ 81.7073101, 23.8823592 ], [ 81.7026467, 23.8861924 ], [ 81.6941969, 23.8843119 ], [ 81.690437, 23.8847631 ], [ 81.6887159, 23.8908729 ], [ 81.6888496, 23.9029024 ], [ 81.6875443, 23.9064783 ], [ 81.6825603, 23.9113981 ], [ 81.6723101, 23.9133879 ], [ 81.6717181, 23.9195547 ], [ 81.6685823, 23.9249623 ], [ 81.6623843, 23.9242744 ], [ 81.6577825, 23.9163433 ], [ 81.6384685, 23.9108282 ], [ 81.6364508, 23.9075904 ], [ 81.6321838, 23.9058212 ], [ 81.6210139, 23.906711 ], [ 81.6090176, 23.9032048 ], [ 81.6083585, 23.9014851 ], [ 81.6104727, 23.8987669 ], [ 81.6115681, 23.8922874 ], [ 81.6037451, 23.8847108 ], [ 81.604235, 23.8817518 ], [ 81.6222071, 23.8702386 ], [ 81.6142598, 23.8616994 ], [ 81.6069897, 23.8623363 ], [ 81.6049343, 23.8614884 ], [ 81.6031818, 23.8537101 ], [ 81.6077208, 23.8463941 ], [ 81.6122006, 23.8431451 ], [ 81.611321, 23.8370097 ], [ 81.6132298, 23.8344775 ], [ 81.6167477, 23.8334485 ], [ 81.6224134, 23.835377 ], [ 81.6324188, 23.8359344 ], [ 81.635836, 23.8345131 ], [ 81.6374616, 23.8276737 ], [ 81.6416235, 23.8205782 ], [ 81.6413175, 23.8147415 ], [ 81.6466495, 23.8115011 ], [ 81.6514467, 23.7990553 ], [ 81.6494736, 23.7833575 ], [ 81.6444466, 23.7748198 ], [ 81.6446617, 23.7701261 ], [ 81.6520322, 23.7653663 ], [ 81.664322, 23.7614749 ], [ 81.6701234, 23.7581046 ], [ 81.6766843, 23.7568486 ], [ 81.6818492, 23.7533029 ], [ 81.6867621, 23.7475039 ], [ 81.6835531, 23.7442051 ], [ 81.6791728, 23.7423377 ], [ 81.6784653, 23.7393718 ], [ 81.6860588, 23.7330351 ], [ 81.6895263, 23.7237744 ], [ 81.6959093, 23.7213201 ], [ 81.6850188, 23.7002057 ], [ 81.6840781, 23.6909196 ], [ 81.67718, 23.689613 ], [ 81.6659573, 23.6849979 ], [ 81.6606237, 23.6846607 ], [ 81.6555493, 23.6820162 ], [ 81.6542151, 23.6778044 ], [ 81.6563019, 23.6721382 ], [ 81.6551724, 23.6631363 ], [ 81.6445455, 23.6571833 ], [ 81.6145652, 23.6629179 ], [ 81.6193343, 23.6583945 ], [ 81.6203295, 23.6514285 ], [ 81.6179386, 23.6359028 ], [ 81.6141958, 23.6224355 ], [ 81.6104527, 23.6196994 ], [ 81.6065141, 23.6138706 ], [ 81.6110962, 23.6032662 ], [ 81.611969, 23.5952529 ], [ 81.6083438, 23.5965933 ], [ 81.6035924, 23.5933603 ], [ 81.5981107, 23.5942309 ], [ 81.596808, 23.5923616 ], [ 81.592996, 23.5960131 ], [ 81.5897039, 23.596026 ], [ 81.5849731, 23.5945513 ], [ 81.5766845, 23.5853445 ], [ 81.5840212, 23.553576 ], [ 81.6103165, 23.555083 ], [ 81.6140854, 23.5456692 ], [ 81.6125407, 23.5409591 ], [ 81.6132342, 23.5334319 ], [ 81.6163274, 23.530752 ], [ 81.6162705, 23.5284349 ], [ 81.6136754, 23.5275848 ], [ 81.6147066, 23.5248265 ], [ 81.6137476, 23.5216808 ], [ 81.6153745, 23.5194561 ], [ 81.6115239, 23.5158828 ], [ 81.6123191, 23.5102122 ], [ 81.621023, 23.5019002 ], [ 81.6222224, 23.4987086 ], [ 81.6253732, 23.4967582 ], [ 81.6254564, 23.4932683 ], [ 81.6270488, 23.4913216 ], [ 81.6292147, 23.4921465 ], [ 81.6320958, 23.4901665 ], [ 81.637276, 23.4903645 ], [ 81.6422191, 23.49689 ], [ 81.6421817, 23.4989468 ], [ 81.6484901, 23.4997462 ], [ 81.6536996, 23.4980623 ], [ 81.6545884, 23.5019367 ], [ 81.6581651, 23.5049075 ], [ 81.6595126, 23.5114457 ], [ 81.6623737, 23.5141432 ], [ 81.6589114, 23.5289972 ], [ 81.6681177, 23.5329453 ], [ 81.6800537, 23.529253 ], [ 81.6903356, 23.5283731 ], [ 81.6996447, 23.5220168 ], [ 81.7020354, 23.5245212 ], [ 81.7019983, 23.5280111 ], [ 81.7059356, 23.5290836 ], [ 81.7069555, 23.5314533 ], [ 81.7099676, 23.5326028 ], [ 81.7110805, 23.5348776 ], [ 81.7145039, 23.5359727 ], [ 81.7153886, 23.5407261 ], [ 81.7225251, 23.5432997 ], [ 81.7215241, 23.5472054 ], [ 81.7243079, 23.5502647 ], [ 81.7252336, 23.5568689 ], [ 81.7280199, 23.5564879 ], [ 81.7305407, 23.5609557 ], [ 81.7363636, 23.5664639 ], [ 81.7376113, 23.565068 ], [ 81.7423777, 23.5661525 ], [ 81.7466371, 23.5697971 ], [ 81.7496331, 23.5679493 ], [ 81.7526544, 23.5679517 ], [ 81.7548242, 23.5651912 ], [ 81.7582619, 23.5498714 ], [ 81.7716447, 23.5505385 ], [ 81.8019055, 23.5484036 ], [ 81.8090694, 23.5493413 ], [ 81.816977, 23.5408704 ], [ 81.8195867, 23.5297156 ], [ 81.8175775, 23.5221168 ], [ 81.8206893, 23.515242 ], [ 81.8364251, 23.5109078 ], [ 81.8396482, 23.5108898 ], [ 81.8439785, 23.5144009 ], [ 81.8502595, 23.5135502 ], [ 81.8521757, 23.5152891 ], [ 81.8636867, 23.5175725 ], [ 81.8691158, 23.5129268 ], [ 81.8756047, 23.5127123 ], [ 81.8812559, 23.5150683 ], [ 81.8936762, 23.5244632 ], [ 81.8968504, 23.5246467 ], [ 81.9044417, 23.529549 ], [ 81.9078733, 23.5353345 ], [ 81.9185335, 23.5350022 ], [ 81.9232862, 23.5326594 ], [ 81.9378544, 23.5163077 ], [ 81.9376288, 23.5137429 ], [ 81.942343, 23.5056905 ], [ 81.9478157, 23.5011031 ], [ 81.9526639, 23.5000535 ], [ 81.957911, 23.5007021 ], [ 81.9550345, 23.485395 ], [ 81.9549796, 23.4679992 ], [ 81.9578335, 23.4653206 ], [ 81.9647195, 23.4657005 ], [ 81.969042, 23.460348 ], [ 81.9703648, 23.4555752 ], [ 81.9768753, 23.4518148 ], [ 81.9754205, 23.4499196 ], [ 81.975992, 23.4486235 ], [ 81.9804045, 23.4470404 ], [ 81.9777876, 23.4419677 ], [ 81.9838196, 23.434573 ], [ 81.9836475, 23.4335392 ], [ 81.9817736, 23.4336624 ], [ 81.9816883, 23.4309356 ], [ 81.9838984, 23.4292772 ], [ 81.9802657, 23.4262548 ], [ 81.9776967, 23.4257283 ], [ 81.9767411, 23.4237967 ], [ 81.9825357, 23.4201629 ], [ 81.9853343, 23.414495 ], [ 81.9884261, 23.4145334 ], [ 81.9905576, 23.4184912 ], [ 81.9996867, 23.4215576 ], [ 82.0024017, 23.4169588 ], [ 82.0095544, 23.4119931 ], [ 82.0118213, 23.4159229 ], [ 82.0195338, 23.4203124 ], [ 82.0233177, 23.4245546 ], [ 82.0254753, 23.4248811 ], [ 82.0257774, 23.4199869 ], [ 82.0327519, 23.4099902 ], [ 82.0306347, 23.408237 ], [ 82.0256872, 23.4096879 ], [ 82.0238484, 23.4086708 ], [ 82.023796, 23.4067609 ], [ 82.0290699, 23.4002037 ], [ 82.0211608, 23.3917734 ], [ 82.021898, 23.387322 ], [ 82.0323111, 23.382416 ], [ 82.0368463, 23.3887398 ], [ 82.044473, 23.3800523 ], [ 82.0560039, 23.3767843 ], [ 82.0587617, 23.378754 ], [ 82.0640624, 23.3929382 ], [ 82.0711173, 23.3912115 ], [ 82.0770401, 23.3949429 ], [ 82.0821723, 23.3934679 ], [ 82.0860066, 23.3969907 ], [ 82.0914806, 23.3982833 ], [ 82.093012, 23.3974709 ], [ 82.0920394, 23.3936419 ], [ 82.0934827, 23.3928565 ], [ 82.0966916, 23.394022 ], [ 82.1005899, 23.3976528 ], [ 82.1034126, 23.3982357 ], [ 82.104944, 23.3969807 ], [ 82.105243, 23.3925559 ], [ 82.1114025, 23.3877615 ], [ 82.1137655, 23.3841586 ], [ 82.1118008, 23.3661294 ], [ 82.1101137, 23.3631719 ], [ 82.1171374, 23.3554605 ], [ 82.1194312, 23.3539841 ], [ 82.1237446, 23.3537178 ], [ 82.1409065, 23.3618126 ], [ 82.1457483, 23.3611799 ], [ 82.1538304, 23.3503558 ], [ 82.1620784, 23.3428408 ], [ 82.1637288, 23.3346724 ], [ 82.1828106, 23.3273745 ], [ 82.192076, 23.3267748 ], [ 82.1939619, 23.3238436 ], [ 82.1993882, 23.3134291 ], [ 82.1947851, 23.308591 ], [ 82.1974095, 23.3068785 ], [ 82.1960291, 23.303714 ], [ 82.197323, 23.3006566 ], [ 82.1967149, 23.2972841 ], [ 82.193815, 23.2952174 ], [ 82.1922131, 23.2884905 ], [ 82.194743, 23.2843941 ], [ 82.1933809, 23.2779651 ], [ 82.1887989, 23.273497 ], [ 82.1853338, 23.2738957 ], [ 82.1743543, 23.2687026 ], [ 82.1722881, 23.2583995 ], [ 82.1682894, 23.2551542 ], [ 82.1696371, 23.2517358 ], [ 82.166513, 23.2500759 ], [ 82.1671789, 23.2458852 ], [ 82.1627608, 23.2450929 ], [ 82.1597846, 23.2463252 ], [ 82.1530752, 23.2304727 ], [ 82.1452745, 23.2267153 ], [ 82.1484069, 23.2211041 ], [ 82.1476211, 23.2189744 ], [ 82.1536058, 23.2127391 ], [ 82.1497581, 23.2037282 ], [ 82.1492523, 23.1973767 ], [ 82.1439837, 23.195139 ], [ 82.1482455, 23.1889502 ], [ 82.1436449, 23.1871071 ], [ 82.1446352, 23.1795423 ], [ 82.1490508, 23.1773749 ], [ 82.1493875, 23.1757401 ], [ 82.1485446, 23.1711323 ], [ 82.1443524, 23.1656481 ], [ 82.1456405, 23.1646554 ], [ 82.1451646, 23.1634103 ], [ 82.1609191, 23.1620522 ], [ 82.1622629, 23.1572819 ], [ 82.1613598, 23.1431148 ], [ 82.156873, 23.1384669 ], [ 82.1406974, 23.1329326 ], [ 82.1372679, 23.1286437 ], [ 82.1366358, 23.1254364 ], [ 82.1379064, 23.1120005 ], [ 82.1299592, 23.1082962 ], [ 82.1267784, 23.1051391 ], [ 82.1222495, 23.1038014 ], [ 82.1160945, 23.1055973 ], [ 82.111095, 23.1093482 ], [ 82.0978677, 23.1085248 ], [ 82.0934992, 23.1090703 ], [ 82.0921561, 23.1123704 ], [ 82.0804168, 23.112687 ], [ 82.0748983, 23.1148382 ], [ 82.0722247, 23.1183247 ], [ 82.0705209, 23.1166747 ], [ 82.0670338, 23.1165466 ], [ 82.0660705, 23.1147603 ], [ 82.0642552, 23.1147496 ], [ 82.0647888, 23.1140114 ], [ 82.0619325, 23.112411 ], [ 82.0600467, 23.1084765 ], [ 82.0551308, 23.1068502 ], [ 82.0530404, 23.0995281 ], [ 82.047851, 23.0964846 ], [ 82.0490606, 23.0938335 ], [ 82.047099, 23.0913503 ], [ 82.0436611, 23.0903519 ], [ 82.0437186, 23.0885118 ], [ 82.0341886, 23.0800474 ], [ 82.028082, 23.0802434 ], [ 82.0275281, 23.082217 ], [ 82.0225732, 23.0794371 ], [ 82.0196134, 23.0810416 ], [ 82.0185716, 23.084102 ], [ 82.0175528, 23.0824323 ], [ 82.0143751, 23.0813049 ], [ 82.0127644, 23.0821695 ], [ 82.0117413, 23.0800389 ], [ 82.0078296, 23.079116 ], [ 82.0044485, 23.0811877 ], [ 82.0004224, 23.0810457 ], [ 81.9977394, 23.0844108 ], [ 81.9943185, 23.0835528 ], [ 81.9911393, 23.0866118 ], [ 81.989483, 23.0843104 ], [ 81.9882743, 23.0861353 ], [ 81.9856486, 23.0858708 ], [ 81.9853337, 23.0826655 ], [ 81.9824105, 23.0826539 ], [ 81.9812666, 23.0801489 ], [ 81.9808587, 23.0826279 ], [ 81.977173, 23.0810095 ], [ 81.9762101, 23.0789784 ], [ 81.9678912, 23.0807218 ], [ 81.9634097, 23.078214 ], [ 81.9631727, 23.0751939 ], [ 81.9544538, 23.0759162 ], [ 81.9444814, 23.0793658 ], [ 81.9422512, 23.078965 ], [ 81.9432602, 23.0772645 ], [ 81.9460371, 23.0762849 ], [ 81.9450636, 23.0725827 ], [ 81.9469435, 23.0709105 ], [ 81.9468543, 23.0691011 ], [ 81.9438992, 23.0673867 ], [ 81.9429442, 23.0647749 ], [ 81.9378138, 23.0652542 ], [ 81.9373989, 23.0618825 ], [ 81.9295492, 23.0616423 ], [ 81.9302682, 23.0590434 ], [ 81.9267841, 23.0575772 ], [ 81.929043, 23.0498328 ], [ 81.9244882, 23.047112 ], [ 81.9215018, 23.040814 ], [ 81.9256141, 23.0292021 ], [ 81.9318261, 23.025483 ], [ 81.9295051, 23.0227345 ], [ 81.9297687, 23.020612 ], [ 81.9318837, 23.0182554 ], [ 81.9367308, 23.0161741 ], [ 81.9395511, 23.0095299 ], [ 81.9391373, 23.0046158 ], [ 81.9454406, 22.9958209 ], [ 81.9447601, 22.9891732 ], [ 81.9504814, 22.9829269 ], [ 81.9462081, 22.9739172 ], [ 81.9478057, 22.9675368 ], [ 81.9463076, 22.9567787 ], [ 81.9189217, 22.9465453 ], [ 81.9127446, 22.9416502 ], [ 81.9046867, 22.9314506 ], [ 81.8981452, 22.925929 ], [ 81.8904006, 22.9226551 ], [ 81.8782403, 22.9098086 ], [ 81.869124, 22.917334 ], [ 81.866114, 22.9158106 ], [ 81.8655233, 22.9127379 ], [ 81.8693258, 22.9098024 ], [ 81.8681125, 22.9020931 ], [ 81.8694914, 22.8945079 ], [ 81.8616266, 22.889261 ], [ 81.8531913, 22.8908925 ], [ 81.8462604, 22.8867237 ], [ 81.8420717, 22.8877492 ], [ 81.8382384, 22.8852461 ], [ 81.8383746, 22.8827842 ], [ 81.8339204, 22.8809 ], [ 81.8274823, 22.8828036 ], [ 81.8175773, 22.8822819 ], [ 81.7756831, 22.8744368 ], [ 81.7774613, 22.8675212 ], [ 81.7749032, 22.8639106 ], [ 81.7772944, 22.8554877 ], [ 81.7765286, 22.8516405 ], [ 81.7740128, 22.8502212 ], [ 81.7678375, 22.8354058 ], [ 81.7613452, 22.8302873 ], [ 81.7694576, 22.8277566 ], [ 81.7776585, 22.8164255 ], [ 81.777908, 22.8132795 ], [ 81.781778, 22.8109454 ], [ 81.7841304, 22.7986993 ], [ 81.7819268, 22.7960746 ], [ 81.7809755, 22.7899406 ], [ 81.7822199, 22.7852086 ], [ 81.7836973, 22.7839533 ], [ 81.7835867, 22.7793462 ], [ 81.7943917, 22.7664599 ], [ 81.7884803, 22.7635544 ], [ 81.7844101, 22.7574529 ], [ 81.7807221, 22.7545313 ], [ 81.779282, 22.7508555 ], [ 81.7730711, 22.7505502 ], [ 81.7690156, 22.7418657 ], [ 81.7699286, 22.7355758 ], [ 81.7632828, 22.7356241 ], [ 81.7557342, 22.7337902 ], [ 81.7535928, 22.7285159 ], [ 81.7534424, 22.7210205 ], [ 81.7611526, 22.6975326 ], [ 81.7728435, 22.6847024 ], [ 81.7723707, 22.6682061 ], [ 81.7674331, 22.6629301 ], [ 81.7570426, 22.6471965 ], [ 81.7526278, 22.6444865 ], [ 81.7499796, 22.6455815 ], [ 81.7484656, 22.6483731 ], [ 81.7490127, 22.6517806 ], [ 81.7520173, 22.6543724 ], [ 81.7502944, 22.6593504 ], [ 81.7464022, 22.6629133 ], [ 81.7429904, 22.6725377 ], [ 81.7395284, 22.6750868 ], [ 81.7394724, 22.6721204 ], [ 81.7278515, 22.6753475 ], [ 81.7252565, 22.6730781 ], [ 81.7227249, 22.6570645 ], [ 81.7131403, 22.6480894 ], [ 81.6988854, 22.6447645 ], [ 81.6887692, 22.6484668 ], [ 81.6833154, 22.6469066 ], [ 81.6801759, 22.6422255 ], [ 81.6745074, 22.6375452 ], [ 81.6720541, 22.6325566 ], [ 81.6690432, 22.6319615 ], [ 81.6624414, 22.6268114 ], [ 81.6608975, 22.6192894 ], [ 81.6527413, 22.6185597 ], [ 81.6472545, 22.6132642 ], [ 81.6457115, 22.6048707 ], [ 81.6480348, 22.5977002 ], [ 81.6464927, 22.5934065 ], [ 81.6494337, 22.5889451 ], [ 81.6449794, 22.5868642 ], [ 81.6454847, 22.584444 ], [ 81.6489564, 22.5849628 ], [ 81.6497143, 22.5814543 ], [ 81.651839, 22.5808535 ], [ 81.6556759, 22.584185 ], [ 81.6578349, 22.5844419 ], [ 81.6551739, 22.578812 ], [ 81.6555623, 22.5758183 ], [ 81.6561789, 22.5722919 ], [ 81.6599315, 22.5694555 ], [ 81.6534592, 22.5630181 ], [ 81.6492881, 22.5632807 ], [ 81.6438575, 22.5612767 ], [ 81.6427683, 22.5597145 ], [ 81.6387384, 22.5610966 ], [ 81.6362492, 22.5600538 ], [ 81.635185, 22.5652825 ], [ 81.6290252, 22.5633593 ], [ 81.6240422, 22.5558822 ], [ 81.6286893, 22.544418 ], [ 81.6219425, 22.5380155 ], [ 81.6154196, 22.5369225 ], [ 81.6132127, 22.5386653 ], [ 81.604989, 22.5346098 ], [ 81.5999777, 22.5352593 ], [ 81.5963369, 22.536532 ], [ 81.5943477, 22.5422299 ], [ 81.5918291, 22.5452184 ], [ 81.5862346, 22.5439168 ], [ 81.5695494, 22.55073 ], [ 81.5628328, 22.5474991 ], [ 81.5627525, 22.5423608 ], [ 81.5630333, 22.5339626 ], [ 81.5700331, 22.5322719 ], [ 81.5625329, 22.5334431 ], [ 81.558952, 22.5307868 ], [ 81.5529589, 22.5310461 ], [ 81.5460835, 22.5275797 ], [ 81.5409818, 22.5330406 ], [ 81.5326716, 22.5385266 ], [ 81.5222305, 22.5390125 ], [ 81.5213379, 22.5365962 ], [ 81.5232155, 22.5346424 ], [ 81.5234409, 22.5321726 ], [ 81.5182449, 22.5198021 ], [ 81.5104914, 22.5219551 ], [ 81.5093118, 22.526063 ], [ 81.4966494, 22.5195183 ], [ 81.4955299, 22.514262 ], [ 81.4974356, 22.5116416 ], [ 81.4944216, 22.5050091 ], [ 81.4893807, 22.5031664 ], [ 81.4863135, 22.4937575 ], [ 81.4870103, 22.4902352 ], [ 81.4847101, 22.4878301 ], [ 81.4785621, 22.4922185 ], [ 81.4727955, 22.4937393 ], [ 81.4630088, 22.4930676 ], [ 81.461987, 22.4909009 ], [ 81.4588376, 22.4894712 ], [ 81.4525731, 22.4958093 ], [ 81.4494243, 22.4957566 ], [ 81.4468915, 22.4934279 ], [ 81.4426062, 22.4943509 ], [ 81.4439747, 22.49072 ], [ 81.4510811, 22.4866034 ], [ 81.4472367, 22.4846546 ], [ 81.4425405, 22.4791977 ], [ 81.4464015, 22.4761753 ], [ 81.4498721, 22.4791267 ], [ 81.4508823, 22.4785889 ], [ 81.4501933, 22.4712429 ], [ 81.4466168, 22.4697636 ], [ 81.4490302, 22.4675184 ], [ 81.4528589, 22.4683925 ], [ 81.4541959, 22.4700354 ], [ 81.4558911, 22.4694973 ], [ 81.4573013, 22.4716774 ], [ 81.4586759, 22.4712071 ], [ 81.4589274, 22.4692925 ], [ 81.4552774, 22.4668787 ], [ 81.4473678, 22.4658756 ], [ 81.4410162, 22.4717843 ], [ 81.4429314, 22.4737973 ], [ 81.4415254, 22.479907 ], [ 81.4392137, 22.482125 ], [ 81.4344809, 22.4811199 ], [ 81.4322063, 22.4792063 ], [ 81.4278386, 22.4798128 ], [ 81.4227774, 22.4700479 ], [ 81.4245094, 22.4632654 ], [ 81.4267094, 22.4614541 ], [ 81.4286994, 22.4568885 ], [ 81.4229543, 22.4476928 ], [ 81.4067044, 22.440951 ], [ 81.3964118, 22.4400813 ], [ 81.3933816, 22.4453194 ], [ 81.3929838, 22.4490445 ], [ 81.3900599, 22.4522642 ], [ 81.3904538, 22.4558222 ], [ 81.3881078, 22.4592134 ], [ 81.3900611, 22.4633086 ], [ 81.3886528, 22.4682078 ], [ 81.3912523, 22.4710928 ], [ 81.3915009, 22.4777076 ], [ 81.3840633, 22.4897594 ], [ 81.3861922, 22.4985505 ], [ 81.3848236, 22.5046645 ], [ 81.381948, 22.508235 ], [ 81.3820553, 22.5098183 ], [ 81.3758197, 22.5110535 ], [ 81.3724087, 22.5147232 ], [ 81.3706256, 22.5148826 ], [ 81.3613552, 22.5150043 ], [ 81.360593, 22.5120367 ], [ 81.3543086, 22.5112568 ], [ 81.3538844, 22.5142312 ], [ 81.3506005, 22.5175916 ], [ 81.3400584, 22.5195077 ], [ 81.3347446, 22.5242353 ], [ 81.3265267, 22.5261441 ], [ 81.3228708, 22.5230207 ], [ 81.3233828, 22.5189259 ], [ 81.3183907, 22.5168647 ], [ 81.3172143, 22.5146143 ], [ 81.3199266, 22.5070519 ], [ 81.3198466, 22.5032319 ], [ 81.3182029, 22.5018579 ], [ 81.3208899, 22.4952278 ], [ 81.3181256, 22.4939174 ], [ 81.322252, 22.4911826 ], [ 81.3227969, 22.4891599 ], [ 81.3204853, 22.4859579 ], [ 81.3151787, 22.4877666 ], [ 81.313728, 22.4829212 ], [ 81.3072907, 22.4819072 ], [ 81.2999496, 22.4902933 ], [ 81.2917842, 22.4942944 ], [ 81.2812693, 22.5029542 ], [ 81.2732863, 22.4931866 ], [ 81.2690678, 22.4943218 ], [ 81.2621298, 22.493265 ], [ 81.2597799, 22.4851314 ], [ 81.2619331, 22.4721696 ], [ 81.2483148, 22.458808 ], [ 81.2321909, 22.452155 ], [ 81.2077402, 22.4565945 ], [ 81.2061153, 22.4608351 ], [ 81.1994617, 22.4630331 ], [ 81.201446, 22.4682018 ], [ 81.2003876, 22.4694621 ], [ 81.1999201, 22.4852025 ], [ 81.1976665, 22.4895666 ], [ 81.193519, 22.4909532 ], [ 81.186973, 22.4888428 ], [ 81.1726923, 22.4879085 ], [ 81.1672424, 22.4779675 ], [ 81.1628154, 22.4745505 ], [ 81.1551153, 22.4549146 ], [ 81.1496986, 22.4531282 ], [ 81.1410278, 22.4542265 ], [ 81.1270083, 22.4492289 ], [ 81.1205285, 22.4458018 ], [ 81.1111641, 22.4375745 ], [ 81.108824, 22.4287559 ], [ 81.1103356, 22.4174362 ], [ 81.1083367, 22.4009552 ], [ 81.1059785, 22.387689 ], [ 81.1036631, 22.3833676 ], [ 81.1086651, 22.3738228 ], [ 81.111812, 22.3631804 ], [ 81.1131236, 22.3532739 ], [ 81.1212109, 22.3425955 ], [ 81.1135481, 22.3241275 ], [ 81.1189358, 22.3092226 ], [ 81.1187182, 22.2912605 ], [ 81.1158944, 22.2883028 ], [ 81.107991, 22.2845048 ], [ 81.1018545, 22.2783044 ], [ 81.0973103, 22.268984 ], [ 81.0915269, 22.2490028 ], [ 81.0824093, 22.2438306 ], [ 81.079549, 22.2393777 ], [ 81.077706, 22.2390386 ], [ 81.0760355, 22.2446462 ], [ 81.0726098, 22.2483748 ], [ 81.0595983, 22.2442909 ], [ 81.0500614, 22.2445505 ], [ 81.0377369, 22.2337973 ], [ 81.0270471, 22.2289151 ], [ 81.0236374, 22.2292788 ], [ 81.0194627, 22.2211845 ], [ 81.0195238, 22.217342 ], [ 81.0217584, 22.2121191 ], [ 81.0303719, 22.2031748 ], [ 81.0316398, 22.1996535 ], [ 81.0290069, 22.192495 ], [ 81.0306637, 22.1874027 ], [ 81.025529, 22.1873996 ], [ 81.0224343, 22.1894748 ], [ 81.0166578, 22.1855291 ], [ 81.0171617, 22.1796097 ], [ 81.0267509, 22.1663901 ], [ 81.0263073, 22.1628407 ], [ 81.0222148, 22.1577312 ], [ 81.0237773, 22.1486742 ], [ 81.021913, 22.132729 ], [ 81.0136778, 22.1336719 ], [ 80.9990605, 22.1313164 ], [ 80.9973356, 22.1329248 ], [ 80.9948736, 22.1330214 ], [ 80.9889521, 22.1282528 ], [ 80.9826012, 22.1256969 ], [ 80.9783419, 22.1199651 ], [ 80.9809612, 22.1102145 ], [ 80.9843421, 22.1145561 ], [ 80.9904764, 22.113554 ], [ 81.0031642, 22.1010629 ], [ 81.0066588, 22.0999456 ], [ 81.0113334, 22.0955689 ], [ 81.0061177, 22.0921922 ], [ 81.0014496, 22.0834965 ], [ 81.0045815, 22.0753619 ], [ 81.0066989, 22.0750022 ], [ 81.0091052, 22.0708993 ], [ 81.0052665, 22.0615451 ], [ 81.0025081, 22.0582422 ], [ 80.9983119, 22.0575971 ], [ 80.9948784, 22.0586066 ], [ 80.9943909, 22.0492418 ], [ 80.9896651, 22.051381 ], [ 80.9835355, 22.0485992 ], [ 80.980537, 22.0547061 ], [ 80.9700419, 22.0574083 ], [ 80.9690247, 22.0647466 ], [ 80.9718804, 22.0823507 ], [ 80.9676069, 22.0892529 ], [ 80.9665485, 22.0935251 ], [ 80.9610095, 22.1000349 ], [ 80.9607645, 22.1035706 ], [ 80.9569792, 22.110418 ], [ 80.9475775, 22.1182659 ], [ 80.9219517, 22.1199505 ], [ 80.9146854, 22.1131883 ], [ 80.9079341, 22.109573 ], [ 80.8968107, 22.0643434 ], [ 80.8929545, 22.063084 ], [ 80.8890058, 22.0571014 ], [ 80.8861093, 22.0591472 ], [ 80.8826942, 22.0590345 ], [ 80.8819915, 22.0529657 ], [ 80.8858033, 22.049624 ], [ 80.8757911, 22.0385343 ], [ 80.8769486, 22.0339059 ], [ 80.8757764, 22.0110439 ], [ 80.865745, 21.9942591 ], [ 80.8591404, 21.9707775 ], [ 80.852673, 21.9573074 ], [ 80.8474691, 21.9557241 ], [ 80.840875, 21.9555838 ], [ 80.8384918, 21.95797 ], [ 80.8360568, 21.9545349 ], [ 80.8288071, 21.9587102 ], [ 80.8254944, 21.9584206 ], [ 80.827501, 21.9561739 ], [ 80.8260232, 21.9528358 ], [ 80.8281738, 21.9543031 ], [ 80.8291298, 21.9535478 ], [ 80.8274655, 21.9512676 ], [ 80.8289824, 21.9483831 ], [ 80.8331807, 21.9501061 ], [ 80.8312868, 21.9472879 ], [ 80.8340382, 21.9457516 ], [ 80.8364714, 21.9497434 ], [ 80.8376795, 21.948838 ], [ 80.8375267, 21.9469831 ], [ 80.8430362, 21.9461193 ], [ 80.8420431, 21.9441451 ], [ 80.8458907, 21.9420778 ], [ 80.8427998, 21.9424604 ], [ 80.8413868, 21.9411744 ], [ 80.8457142, 21.9398477 ], [ 80.845807, 21.9339702 ], [ 80.8476965, 21.9325331 ], [ 80.8476516, 21.9307419 ], [ 80.8456208, 21.9304271 ], [ 80.8461003, 21.9262442 ], [ 80.8392491, 21.9230458 ], [ 80.8398108, 21.919453 ], [ 80.8378742, 21.9178174 ], [ 80.8381526, 21.9157191 ], [ 80.8362304, 21.914607 ], [ 80.8360319, 21.9117076 ], [ 80.8344179, 21.9102662 ], [ 80.8350024, 21.9083375 ], [ 80.8321202, 21.9079674 ], [ 80.8333412, 21.9066675 ], [ 80.8355598, 21.907824 ], [ 80.8361353, 21.9069989 ], [ 80.8333902, 21.9021251 ], [ 80.8343331, 21.90061 ], [ 80.8331789, 21.8986316 ], [ 80.8348066, 21.8960594 ], [ 80.8331338, 21.8946013 ], [ 80.8320989, 21.890238 ], [ 80.8339398, 21.8910498 ], [ 80.8331796, 21.8890595 ], [ 80.8349854, 21.8855938 ], [ 80.8399674, 21.8842839 ], [ 80.8413237, 21.8821503 ], [ 80.8432626, 21.8823916 ], [ 80.8427935, 21.8806444 ], [ 80.844293, 21.8801246 ], [ 80.8450365, 21.8776693 ], [ 80.842952, 21.8760736 ], [ 80.846213, 21.8738745 ], [ 80.8499117, 21.8762465 ], [ 80.8495648, 21.8734393 ], [ 80.8533097, 21.8727643 ], [ 80.8527157, 21.8704809 ], [ 80.849092, 21.8711333 ], [ 80.8457581, 21.8697488 ], [ 80.8432642, 21.865555 ], [ 80.8454356, 21.8642607 ], [ 80.8456623, 21.8623928 ], [ 80.8469012, 21.8633429 ], [ 80.8486469, 21.8621934 ], [ 80.8464999, 21.8599735 ], [ 80.8492888, 21.8591724 ], [ 80.8502411, 21.8558821 ], [ 80.8525355, 21.8547523 ], [ 80.8509432, 21.8521025 ], [ 80.8465394, 21.8528149 ], [ 80.8418608, 21.8505836 ], [ 80.8409854, 21.8483017 ], [ 80.83933, 21.8476534 ], [ 80.8412674, 21.8397816 ], [ 80.8389057, 21.8400212 ], [ 80.8406969, 21.8386743 ], [ 80.8386789, 21.8383583 ], [ 80.8383698, 21.8367041 ], [ 80.83985, 21.8373144 ], [ 80.8424731, 21.8355318 ], [ 80.8451789, 21.8288248 ], [ 80.8426057, 21.8241051 ], [ 80.8428515, 21.821565 ], [ 80.8404996, 21.8183928 ], [ 80.8404415, 21.8158619 ], [ 80.8414268, 21.815395 ], [ 80.8390675, 21.8134794 ], [ 80.8403645, 21.8123958 ], [ 80.8379252, 21.8091742 ], [ 80.8395608, 21.8072121 ], [ 80.8384448, 21.8064098 ], [ 80.8395541, 21.8061552 ], [ 80.8383553, 21.8050584 ], [ 80.8390415, 21.802245 ], [ 80.8401817, 21.8021473 ], [ 80.835673, 21.7971688 ], [ 80.8366285, 21.7961042 ], [ 80.8338875, 21.7960373 ], [ 80.8320506, 21.7941967 ], [ 80.8318121, 21.789464 ], [ 80.8299506, 21.7886755 ], [ 80.8302229, 21.7867811 ], [ 80.8261784, 21.78298 ], [ 80.8283055, 21.779779 ], [ 80.8295394, 21.7799379 ], [ 80.8270908, 21.778629 ], [ 80.8286709, 21.777415 ], [ 80.8282097, 21.7762121 ], [ 80.8268599, 21.7768064 ], [ 80.8235231, 21.7745578 ], [ 80.8227374, 21.7728888 ], [ 80.8240626, 21.7721802 ], [ 80.8226264, 21.771399 ], [ 80.8245757, 21.770446 ], [ 80.8213303, 21.7680017 ], [ 80.8227769, 21.76795 ], [ 80.82222, 21.7664408 ], [ 80.8186351, 21.7656047 ], [ 80.8189603, 21.7641938 ], [ 80.8171223, 21.7621332 ], [ 80.8156312, 21.7557294 ], [ 80.816612, 21.7539873 ], [ 80.8201687, 21.7540177 ], [ 80.8197392, 21.7480232 ], [ 80.8092636, 21.7484288 ], [ 80.8045083, 21.7466174 ], [ 80.8032585, 21.744472 ], [ 80.7854326, 21.7403079 ], [ 80.7844646, 21.74287 ], [ 80.785851, 21.7487643 ], [ 80.7796258, 21.7507011 ], [ 80.7762663, 21.7536335 ], [ 80.7779249, 21.7547741 ], [ 80.7720338, 21.7585189 ], [ 80.7665115, 21.7596289 ], [ 80.7644284, 21.7582446 ], [ 80.7593843, 21.7591846 ], [ 80.7559915, 21.762065 ], [ 80.7474671, 21.7555445 ], [ 80.7403401, 21.7441287 ], [ 80.7378068, 21.7362634 ], [ 80.7398651, 21.7320012 ], [ 80.7333822, 21.7277712 ], [ 80.7339969, 21.720526 ], [ 80.7320591, 21.7136626 ], [ 80.7261427, 21.7136657 ], [ 80.725676, 21.7121351 ], [ 80.7290213, 21.7069204 ], [ 80.733974, 21.7059399 ], [ 80.7351263, 21.7038922 ], [ 80.7323293, 21.6981612 ], [ 80.7341365, 21.6945068 ], [ 80.732996, 21.6926585 ], [ 80.7297778, 21.6920633 ], [ 80.7253087, 21.6812839 ], [ 80.7228852, 21.6800009 ], [ 80.7214524, 21.6770031 ], [ 80.7159762, 21.6747283 ], [ 80.7191819, 21.6684872 ], [ 80.7180119, 21.6661932 ], [ 80.715262, 21.6657819 ], [ 80.7162986, 21.6632752 ], [ 80.7143873, 21.6615499 ], [ 80.7170771, 21.6600815 ], [ 80.7166007, 21.6572071 ], [ 80.7181973, 21.6550055 ], [ 80.7192832, 21.6453709 ], [ 80.7250121, 21.6446459 ], [ 80.7268457, 21.6456234 ], [ 80.7283179, 21.6399978 ], [ 80.7276383, 21.6366641 ], [ 80.7295837, 21.6340329 ], [ 80.729005, 21.6268621 ], [ 80.7315737, 21.6265088 ], [ 80.7290995, 21.6205599 ], [ 80.7293759, 21.6181896 ], [ 80.730946, 21.6173477 ], [ 80.7234008, 21.6140484 ], [ 80.7229677, 21.61203 ], [ 80.7249784, 21.6095516 ], [ 80.721912, 21.6095516 ], [ 80.7207879, 21.6065704 ], [ 80.7170484, 21.6029661 ], [ 80.7187892, 21.6003673 ], [ 80.718674, 21.5992511 ], [ 80.7163672, 21.5990689 ], [ 80.7180834, 21.5931967 ], [ 80.7154337, 21.5902964 ], [ 80.7186125, 21.5874336 ], [ 80.7153557, 21.58505 ], [ 80.7255025, 21.5800871 ], [ 80.7289145, 21.572575 ], [ 80.728675, 21.5699453 ], [ 80.7257071, 21.5691047 ], [ 80.7259832, 21.5663521 ], [ 80.7211688, 21.5612178 ], [ 80.7223783, 21.5599326 ], [ 80.719994, 21.5549955 ], [ 80.7245541, 21.5526675 ], [ 80.7276314, 21.5486881 ], [ 80.7341884, 21.5457742 ], [ 80.7407816, 21.5392259 ], [ 80.7313652, 21.5197945 ], [ 80.7304785, 21.5155981 ], [ 80.7336541, 21.5127928 ], [ 80.731497, 21.5081802 ], [ 80.7332111, 21.5006649 ], [ 80.7292906, 21.4989556 ], [ 80.7275998, 21.4961975 ], [ 80.7328891, 21.4843356 ], [ 80.7371614, 21.4809821 ], [ 80.7374386, 21.4712955 ], [ 80.7349261, 21.4599083 ], [ 80.7243997, 21.4451844 ], [ 80.7142936, 21.4361855 ], [ 80.7068158, 21.4330735 ], [ 80.7057391, 21.4308838 ], [ 80.7071926, 21.4254551 ], [ 80.7065482, 21.4115556 ], [ 80.6999282, 21.4045818 ], [ 80.7010883, 21.4006299 ], [ 80.7005461, 21.396602 ], [ 80.69742, 21.3935823 ], [ 80.6991063, 21.3909443 ], [ 80.6953666, 21.3849263 ], [ 80.6947279, 21.3802481 ], [ 80.6902933, 21.3720672 ], [ 80.6873949, 21.3699639 ], [ 80.6849266, 21.3701454 ], [ 80.6801999, 21.364859 ], [ 80.6818757, 21.3599497 ], [ 80.6792182, 21.356663 ], [ 80.6792943, 21.3538541 ], [ 80.6764781, 21.3510145 ], [ 80.6777788, 21.3488058 ], [ 80.6715981, 21.3457685 ], [ 80.672416, 21.3409634 ], [ 80.6711378, 21.3382452 ], [ 80.6616321, 21.3361251 ], [ 80.6529209, 21.3275046 ], [ 80.6449109, 21.3280401 ], [ 80.630254, 21.3222383 ], [ 80.6208463, 21.3203598 ], [ 80.6111586, 21.3276117 ], [ 80.6089126, 21.3271373 ], [ 80.6078622, 21.3238587 ], [ 80.5991961, 21.3271226 ], [ 80.5977929, 21.3315479 ], [ 80.5893441, 21.3335985 ], [ 80.5914237, 21.3409217 ], [ 80.5894709, 21.3437166 ], [ 80.5845734, 21.3442258 ], [ 80.5813719, 21.3469887 ], [ 80.576571, 21.34687 ], [ 80.572774, 21.3428046 ], [ 80.5694333, 21.3434628 ], [ 80.5666993, 21.3456521 ], [ 80.5675612, 21.3482355 ], [ 80.56503, 21.3493952 ], [ 80.5654138, 21.3539924 ], [ 80.5663147, 21.3553159 ], [ 80.5695539, 21.3559312 ], [ 80.5701897, 21.3575165 ], [ 80.5668093, 21.3601797 ], [ 80.5638762, 21.3649699 ], [ 80.5607432, 21.3636456 ], [ 80.5584083, 21.3673387 ], [ 80.5543013, 21.3664972 ], [ 80.5533264, 21.3685649 ], [ 80.550829, 21.3687355 ], [ 80.5484848, 21.3711413 ], [ 80.5431624, 21.3707053 ], [ 80.540136, 21.3770126 ], [ 80.5392022, 21.3827065 ], [ 80.5318015, 21.3820658 ], [ 80.5276224, 21.3948705 ], [ 80.5251928, 21.3940155 ], [ 80.5239315, 21.3912239 ], [ 80.5191084, 21.3930047 ], [ 80.517125, 21.3951981 ], [ 80.5150059, 21.3917602 ], [ 80.5112151, 21.3928369 ], [ 80.5084152, 21.390821 ], [ 80.5016753, 21.3955985 ], [ 80.5009688, 21.3985061 ], [ 80.495744, 21.3967229 ], [ 80.4875152, 21.3979629 ], [ 80.4841912, 21.3953371 ], [ 80.4834121, 21.3988131 ], [ 80.4810891, 21.4009427 ], [ 80.4797476, 21.3997279 ], [ 80.4797919, 21.3967329 ], [ 80.4764653, 21.3948975 ], [ 80.4736411, 21.3969035 ], [ 80.4709291, 21.3958605 ], [ 80.462352, 21.4026274 ], [ 80.4575559, 21.4026801 ], [ 80.4570126, 21.4004586 ], [ 80.4582573, 21.4003649 ], [ 80.4558044, 21.3982611 ], [ 80.456319, 21.3961088 ], [ 80.4541982, 21.3952604 ], [ 80.4510443, 21.3878398 ], [ 80.4498851, 21.3874406 ], [ 80.4517442, 21.3780633 ], [ 80.4486317, 21.3720539 ], [ 80.4461226, 21.3710924 ], [ 80.4370496, 21.372675 ], [ 80.4324635, 21.373825 ], [ 80.4306069, 21.3762582 ], [ 80.4169405, 21.3752013 ], [ 80.4153186, 21.3766151 ], [ 80.412236, 21.3767175 ], [ 80.4067593, 21.3817049 ], [ 80.3995971, 21.3982178 ], [ 80.3963794, 21.4029766 ], [ 80.3960352, 21.4081072 ], [ 80.3981164, 21.4122978 ], [ 80.4085651, 21.4184199 ], [ 80.4089067, 21.4210367 ], [ 80.4046016, 21.4250239 ], [ 80.4221551, 21.4405395 ], [ 80.4186972, 21.4426976 ], [ 80.4179884, 21.4484983 ], [ 80.4138956, 21.457297 ], [ 80.4110811, 21.4598806 ], [ 80.4090627, 21.4673678 ], [ 80.4037245, 21.4675251 ], [ 80.3972168, 21.4715855 ], [ 80.3904229, 21.4794075 ], [ 80.392106, 21.4867047 ], [ 80.3899647, 21.4886032 ], [ 80.3839734, 21.4900991 ], [ 80.3847727, 21.4997421 ], [ 80.3787805, 21.513805 ], [ 80.3771949, 21.5222466 ], [ 80.3696659, 21.5284342 ], [ 80.3660567, 21.529062 ], [ 80.3601477, 21.5344647 ], [ 80.3443359, 21.5386677 ], [ 80.331312, 21.5475422 ], [ 80.3300913, 21.5494391 ], [ 80.3306773, 21.5511806 ], [ 80.3393078, 21.5550773 ], [ 80.3361873, 21.5563168 ], [ 80.3320332, 21.5608064 ], [ 80.3277544, 21.5714018 ], [ 80.3182332, 21.5771181 ], [ 80.3032486, 21.5747975 ], [ 80.2980617, 21.5758101 ], [ 80.2952289, 21.5813635 ], [ 80.2952447, 21.5910666 ], [ 80.2940697, 21.5933248 ], [ 80.2812954, 21.5960482 ], [ 80.2701387, 21.6160607 ], [ 80.2534472, 21.6247545 ], [ 80.25, 21.6241766 ], [ 80.2458428, 21.6204893 ], [ 80.2352918, 21.6224019 ], [ 80.2214786, 21.6209699 ], [ 80.2168946, 21.625648 ], [ 80.2189822, 21.6288716 ], [ 80.2174569, 21.6334327 ], [ 80.2145186, 21.6301651 ], [ 80.208828, 21.6352329 ], [ 80.1927783, 21.6354505 ], [ 80.1876274, 21.6285429 ], [ 80.169087, 21.6221414 ], [ 80.1625461, 21.615302 ], [ 80.1602023, 21.6106592 ], [ 80.154617, 21.606471 ], [ 80.1441117, 21.6057799 ], [ 80.1344163, 21.6082278 ], [ 80.1278621, 21.6115856 ], [ 80.1236484, 21.611539 ], [ 80.1197089, 21.609879 ], [ 80.1179724, 21.6075937 ], [ 80.1182069, 21.5985203 ], [ 80.1160624, 21.5932531 ], [ 80.1107218, 21.5908437 ], [ 80.1012362, 21.5899905 ], [ 80.0963334, 21.5850353 ], [ 80.0901253, 21.5745526 ], [ 80.0722133, 21.5567893 ], [ 80.0666863, 21.5542024 ], [ 80.0561126, 21.5534329 ], [ 80.0445113, 21.5562384 ], [ 80.0328654, 21.556214 ], [ 80.0041004, 21.5354583 ], [ 79.9968058, 21.5336187 ], [ 79.9887001, 21.5369252 ], [ 79.9795246, 21.5505191 ], [ 79.9714828, 21.5577177 ], [ 79.9638898, 21.5583495 ], [ 79.9482087, 21.554171 ], [ 79.9359005, 21.5562444 ], [ 79.9297735, 21.5525752 ], [ 79.9221865, 21.5418029 ], [ 79.9184468, 21.5285636 ], [ 79.9184649, 21.5245445 ], [ 79.9097049, 21.5227673 ], [ 79.8970028, 21.5243771 ], [ 79.8937543, 21.5196766 ], [ 79.8912446, 21.5181866 ], [ 79.8822445, 21.5262166 ], [ 79.8731856, 21.5295401 ], [ 79.8631324, 21.5307951 ], [ 79.8507026, 21.5408232 ], [ 79.8312491, 21.5469248 ], [ 79.8285552, 21.5488749 ], [ 79.8215079, 21.5615439 ], [ 79.8082898, 21.5738444 ], [ 79.7920707, 21.5865897 ], [ 79.7738129, 21.5903051 ], [ 79.7609756, 21.5947538 ], [ 79.7543019, 21.5954943 ], [ 79.7418577, 21.603 ], [ 79.7376286, 21.6038563 ], [ 79.7328089, 21.6030241 ], [ 79.7249427, 21.5958084 ], [ 79.7181569, 21.5930578 ], [ 79.7120143, 21.5918689 ], [ 79.6990697, 21.5929001 ], [ 79.6969347, 21.5910452 ], [ 79.6950056, 21.5853876 ], [ 79.6895477, 21.5809554 ], [ 79.6830299, 21.5805968 ], [ 79.6754311, 21.5822971 ], [ 79.660936, 21.5768954 ], [ 79.6583742, 21.5637461 ], [ 79.6552738, 21.5581111 ], [ 79.6520534, 21.5559847 ], [ 79.6395941, 21.5529696 ], [ 79.6304663, 21.5545464 ], [ 79.62226, 21.5575674 ], [ 79.6185043, 21.5572602 ], [ 79.5999689, 21.5494823 ], [ 79.5916428, 21.5478824 ], [ 79.5813779, 21.5412959 ], [ 79.5759814, 21.5420032 ], [ 79.5658139, 21.5476358 ], [ 79.5505531, 21.5440395 ], [ 79.5457742, 21.5445522 ], [ 79.5406107, 21.5426801 ], [ 79.5380026, 21.5455146 ], [ 79.5375179, 21.5487524 ], [ 79.543927, 21.5595211 ], [ 79.5439675, 21.5644793 ], [ 79.5425088, 21.5682248 ], [ 79.5320564, 21.5750176 ], [ 79.5286401, 21.5793505 ], [ 79.5182353, 21.5803603 ], [ 79.5120284, 21.5839734 ], [ 79.510083, 21.5956633 ], [ 79.5109981, 21.6048804 ], [ 79.5102432, 21.6067224 ], [ 79.5043919, 21.6112428 ], [ 79.503713, 21.6145932 ], [ 79.5047479, 21.618464 ], [ 79.5071315, 21.621324 ], [ 79.5166167, 21.6208472 ], [ 79.517231, 21.6257472 ], [ 79.5161017, 21.6313775 ], [ 79.5077679, 21.6343478 ], [ 79.5065663, 21.6389574 ], [ 79.5042656, 21.6411009 ], [ 79.5067638, 21.645668 ], [ 79.5013441, 21.6517105 ], [ 79.5013519, 21.6597891 ], [ 79.4962121, 21.6654116 ], [ 79.4962061, 21.674225 ], [ 79.4807172, 21.6778429 ], [ 79.4607346, 21.6875533 ], [ 79.4572924, 21.6849355 ], [ 79.4494952, 21.6820618 ], [ 79.4352488, 21.6828279 ], [ 79.4279869, 21.6897526 ], [ 79.4221978, 21.6918223 ], [ 79.4156618, 21.6911632 ], [ 79.4101233, 21.6847468 ], [ 79.4027065, 21.6822149 ], [ 79.4004397, 21.6767738 ], [ 79.3960867, 21.6765126 ], [ 79.3924871, 21.6741197 ], [ 79.3875112, 21.676229 ], [ 79.3838009, 21.6756376 ], [ 79.3746532, 21.6784111 ], [ 79.357003, 21.6792549 ], [ 79.3523681, 21.6780574 ], [ 79.3542704, 21.6848344 ], [ 79.3428949, 21.683961 ], [ 79.3245507, 21.6879662 ], [ 79.322236, 21.6852336 ], [ 79.3182563, 21.6885127 ], [ 79.3114099, 21.6882676 ], [ 79.2966924, 21.6933077 ], [ 79.2905883, 21.6925442 ], [ 79.2885983, 21.6952758 ], [ 79.2857995, 21.6954675 ], [ 79.280506, 21.7017244 ], [ 79.2779088, 21.7093704 ], [ 79.268069, 21.7154138 ], [ 79.2480956, 21.7196987 ], [ 79.2449577, 21.7214751 ], [ 79.2419333, 21.7201818 ], [ 79.2311858, 21.722284 ], [ 79.230868, 21.7187485 ], [ 79.2352193, 21.7175178 ], [ 79.2373684, 21.713406 ], [ 79.233938, 21.7085774 ], [ 79.2267876, 21.7036829 ], [ 79.2208593, 21.6928692 ], [ 79.2218186, 21.6770375 ], [ 79.22906, 21.6739788 ], [ 79.2311805, 21.670351 ], [ 79.2313058, 21.6569866 ], [ 79.230305, 21.6557175 ], [ 79.2241115, 21.6554295 ], [ 79.2240204, 21.6488038 ], [ 79.2089895, 21.6500622 ], [ 79.1483129, 21.6611749 ], [ 79.1482369, 21.6508749 ], [ 79.1452764, 21.6466939 ], [ 79.1433004, 21.6369641 ], [ 79.1345247, 21.6332086 ], [ 79.1303444, 21.625807 ], [ 79.1238988, 21.6265932 ], [ 79.1228864, 21.6249257 ], [ 79.1186247, 21.6238205 ], [ 79.1121056, 21.6239133 ], [ 79.1005273, 21.6176034 ], [ 79.1020708, 21.6092296 ], [ 79.1040673, 21.6073489 ], [ 79.1069352, 21.6072145 ], [ 79.1072064, 21.6050267 ], [ 79.1029564, 21.6014872 ], [ 79.0933605, 21.6016051 ], [ 79.0939582, 21.5981122 ], [ 79.0896529, 21.5975702 ], [ 79.0885099, 21.6039532 ], [ 79.0764653, 21.6053959 ], [ 79.0582504, 21.6015124 ], [ 79.0553702, 21.6014845 ], [ 79.0529419, 21.6041606 ], [ 79.0476929, 21.6024413 ], [ 79.0418812, 21.6047338 ], [ 79.024844, 21.6016948 ], [ 79.0192094, 21.6025874 ], [ 79.012369, 21.5994462 ], [ 79.0082289, 21.603701 ], [ 79.0029115, 21.6064227 ], [ 79.0028122, 21.609265 ], [ 78.9980123, 21.6185735 ], [ 78.995956, 21.6169569 ], [ 78.987145, 21.615965 ], [ 78.9755219, 21.6176379 ], [ 78.9742592, 21.6127978 ], [ 78.9699327, 21.6105175 ], [ 78.9651205, 21.6048889 ], [ 78.9520032, 21.5971684 ], [ 78.9474243, 21.5967166 ], [ 78.9439318, 21.5921466 ], [ 78.9299682, 21.5928381 ], [ 78.9274941, 21.59025 ], [ 78.9167619, 21.5909183 ], [ 78.9157094, 21.588662 ], [ 78.9143521, 21.5889862 ], [ 78.9162975, 21.5875948 ], [ 78.9165188, 21.5849305 ], [ 78.9150504, 21.5829891 ], [ 78.9152904, 21.5772359 ], [ 78.9137507, 21.5709854 ], [ 78.9184007, 21.5686296 ], [ 78.9227612, 21.5686858 ], [ 78.9319416, 21.5645192 ], [ 78.9318633, 21.5617601 ], [ 78.9279185, 21.5595758 ], [ 78.9181677, 21.5611411 ], [ 78.9127404, 21.5552989 ], [ 78.9067975, 21.5532591 ], [ 78.9133764, 21.5507831 ], [ 78.9125502, 21.548861 ], [ 78.918598, 21.5471286 ], [ 78.9255454, 21.5408214 ], [ 78.9298712, 21.5403606 ], [ 78.925931, 21.5326869 ], [ 78.9273622, 21.5288958 ], [ 78.9274272, 21.5222487 ], [ 78.9318002, 21.5236652 ], [ 78.9354304, 21.5228347 ], [ 78.9443927, 21.5158752 ], [ 78.9446663, 21.5126601 ], [ 78.9412972, 21.511302 ], [ 78.9402533, 21.5078659 ], [ 78.9392384, 21.4935418 ], [ 78.9366924, 21.4857667 ], [ 78.9230626, 21.4874465 ], [ 78.9194402, 21.489304 ], [ 78.917406, 21.4922432 ], [ 78.8992586, 21.5004616 ], [ 78.8951808, 21.4982765 ], [ 78.8908366, 21.4852625 ], [ 78.8814137, 21.4864101 ], [ 78.8715177, 21.4896887 ], [ 78.8676335, 21.4913097 ], [ 78.8680339, 21.4940779 ], [ 78.8633101, 21.4927003 ], [ 78.8558648, 21.4946189 ], [ 78.8561931, 21.4928397 ], [ 78.8519089, 21.4897187 ], [ 78.8484396, 21.4900344 ], [ 78.8442521, 21.4873558 ], [ 78.8410484, 21.4870028 ], [ 78.8297523, 21.4901703 ], [ 78.8242423, 21.4895185 ], [ 78.8197897, 21.4872592 ], [ 78.8155725, 21.4876957 ], [ 78.8151563, 21.4906399 ], [ 78.8024527, 21.4894021 ], [ 78.8002569, 21.4901552 ], [ 78.7998573, 21.4883939 ], [ 78.7959941, 21.4855381 ], [ 78.7899818, 21.4863931 ], [ 78.7886919, 21.4808923 ], [ 78.7869791, 21.4808914 ], [ 78.7865551, 21.4793357 ], [ 78.7801486, 21.4788736 ], [ 78.7787949, 21.4758608 ], [ 78.7787702, 21.4693581 ], [ 78.7761629, 21.4652922 ], [ 78.7718987, 21.471675 ], [ 78.771596, 21.476719 ], [ 78.7688069, 21.4774985 ], [ 78.7665981, 21.4828031 ], [ 78.7668733, 21.4890351 ], [ 78.7566282, 21.490238 ], [ 78.7508485, 21.4929839 ], [ 78.7449501, 21.4810065 ], [ 78.7455883, 21.4701869 ], [ 78.7410538, 21.4709911 ], [ 78.7334265, 21.469693 ], [ 78.7309957, 21.4638067 ], [ 78.7284659, 21.462293 ], [ 78.7116262, 21.469875 ], [ 78.7075581, 21.4706347 ], [ 78.7073751, 21.4739103 ], [ 78.699841, 21.4738056 ], [ 78.7016681, 21.4763157 ], [ 78.6933483, 21.4790902 ], [ 78.6884944, 21.4779448 ], [ 78.6901364, 21.4801954 ], [ 78.6889102, 21.4819708 ], [ 78.6709363, 21.4800935 ], [ 78.6671221, 21.4770857 ], [ 78.6593061, 21.4813803 ], [ 78.6434278, 21.4855173 ], [ 78.628684, 21.4756802 ], [ 78.6199701, 21.4782561 ], [ 78.6191841, 21.4815712 ], [ 78.6087732, 21.4890602 ], [ 78.6030127, 21.4880854 ], [ 78.6009792, 21.485401 ], [ 78.5947514, 21.488477 ], [ 78.5853352, 21.4867217 ], [ 78.5841566, 21.4900069 ], [ 78.5818975, 21.4899518 ], [ 78.5824905, 21.4923008 ], [ 78.5784344, 21.4947699 ], [ 78.5763626, 21.4978704 ], [ 78.5717198, 21.4988987 ], [ 78.5731512, 21.5015625 ], [ 78.5678514, 21.5057921 ], [ 78.5670198, 21.5097025 ], [ 78.5701452, 21.5142554 ], [ 78.5600162, 21.5132764 ], [ 78.5565309, 21.515551 ], [ 78.555975, 21.5176168 ], [ 78.5507092, 21.5190076 ], [ 78.5497347, 21.5182756 ], [ 78.5406684, 21.5237173 ], [ 78.5307606, 21.5232605 ], [ 78.5116449, 21.5286901 ], [ 78.509258, 21.5260243 ], [ 78.5047207, 21.5267932 ], [ 78.5006718, 21.5171808 ], [ 78.4950337, 21.5172494 ], [ 78.4869011, 21.507191 ], [ 78.486852, 21.5055327 ], [ 78.4757038, 21.5057085 ], [ 78.475225, 21.500968 ], [ 78.4696633, 21.5008739 ], [ 78.463651, 21.5038344 ], [ 78.4606828, 21.5034783 ], [ 78.4570933, 21.4960678 ], [ 78.4529969, 21.4968288 ], [ 78.4496546, 21.4955182 ], [ 78.4483122, 21.499804 ], [ 78.4444967, 21.5017153 ], [ 78.4395506, 21.5023024 ], [ 78.4365007, 21.4995042 ], [ 78.43391, 21.5061981 ], [ 78.4344378, 21.5104878 ], [ 78.4320506, 21.51444 ], [ 78.4370459, 21.5159465 ], [ 78.4384607, 21.5178471 ], [ 78.4307516, 21.5248854 ], [ 78.4297922, 21.527672 ], [ 78.4339877, 21.5312199 ], [ 78.4346404, 21.5340872 ], [ 78.4293917, 21.5406685 ], [ 78.424238, 21.5444363 ], [ 78.4264069, 21.549272 ], [ 78.4278877, 21.5594274 ], [ 78.4253892, 21.5652716 ], [ 78.4253618, 21.5699273 ], [ 78.4187144, 21.5707872 ], [ 78.4190599, 21.5798502 ], [ 78.4215933, 21.5910396 ], [ 78.4271875, 21.5992068 ], [ 78.4165699, 21.6011064 ], [ 78.4126598, 21.6055328 ], [ 78.406919, 21.6087853 ], [ 78.3946292, 21.6077892 ], [ 78.3928523, 21.6093383 ], [ 78.3924327, 21.6137321 ], [ 78.387425, 21.614839 ], [ 78.3726373, 21.6134451 ], [ 78.3730195, 21.6099766 ], [ 78.3779202, 21.6032442 ], [ 78.3781256, 21.5980844 ], [ 78.3805422, 21.5961532 ], [ 78.3816154, 21.5920375 ], [ 78.3778013, 21.5837297 ], [ 78.3734709, 21.5801958 ], [ 78.3630617, 21.5752038 ], [ 78.3554197, 21.5733217 ], [ 78.3489355, 21.5786321 ], [ 78.3481257, 21.580933 ], [ 78.3454203, 21.5817573 ], [ 78.3427498, 21.5890555 ], [ 78.3266055, 21.575004 ], [ 78.3203119, 21.5720463 ], [ 78.313863, 21.5727466 ], [ 78.3081659, 21.5715068 ], [ 78.3068845, 21.5696397 ], [ 78.3039517, 21.5704525 ], [ 78.3029716, 21.5837419 ], [ 78.2912097, 21.5832333 ], [ 78.286774, 21.5851221 ], [ 78.2811463, 21.5852395 ], [ 78.2752248, 21.5918164 ], [ 78.2718211, 21.5906617 ], [ 78.2664754, 21.5917326 ], [ 78.2643972, 21.5912736 ], [ 78.2613722, 21.5867355 ], [ 78.2602963, 21.5796586 ], [ 78.2652579, 21.5753449 ], [ 78.2732654, 21.571209 ], [ 78.2738559, 21.5692548 ], [ 78.2701272, 21.5692707 ], [ 78.2480492, 21.5623232 ], [ 78.2395768, 21.5630691 ], [ 78.231915, 21.5567532 ], [ 78.223279, 21.5531573 ], [ 78.20547, 21.5529749 ], [ 78.1911491, 21.5565578 ], [ 78.1818867, 21.5573431 ], [ 78.1767367, 21.5521026 ], [ 78.1742063, 21.5472564 ], [ 78.1728613, 21.5387548 ], [ 78.1755023, 21.5281013 ], [ 78.1712507, 21.5255846 ], [ 78.1826289, 21.5117504 ], [ 78.1773028, 21.5078042 ], [ 78.1744742, 21.5079798 ], [ 78.1762142, 21.499755 ], [ 78.1365511, 21.4781569 ], [ 78.1258675, 21.4698391 ], [ 78.1181272, 21.466973 ], [ 78.1133501, 21.4634586 ], [ 78.0987277, 21.4586471 ], [ 78.0831815, 21.4460236 ], [ 78.0660555, 21.4379667 ], [ 78.0462698, 21.4339822 ], [ 78.0402947, 21.4284454 ], [ 78.0300889, 21.422139 ], [ 78.021318, 21.4191229 ], [ 78.0142435, 21.4185585 ], [ 78.0090956, 21.4151096 ], [ 78.001274, 21.4146912 ], [ 77.9895354, 21.405337 ], [ 77.9847308, 21.4031921 ], [ 77.9651187, 21.4022051 ], [ 77.9425938, 21.3966086 ], [ 77.9405098, 21.3903674 ], [ 77.9411888, 21.3857716 ], [ 77.9275864, 21.3859933 ], [ 77.9120875, 21.3811327 ], [ 77.9070045, 21.3778449 ], [ 77.8884278, 21.3781041 ], [ 77.883274, 21.3760383 ], [ 77.8847238, 21.383234 ], [ 77.8838461, 21.3841714 ], [ 77.8675766, 21.3878645 ], [ 77.8567962, 21.3885168 ], [ 77.8563735, 21.3901859 ], [ 77.84728, 21.3925002 ], [ 77.8426239, 21.3972044 ], [ 77.8343291, 21.4019666 ], [ 77.8297267, 21.4026788 ], [ 77.8226193, 21.4073315 ], [ 77.8155269, 21.4074344 ], [ 77.8122926, 21.4093105 ], [ 77.8082954, 21.4080355 ], [ 77.8021451, 21.4094909 ], [ 77.7982804, 21.4049085 ], [ 77.7967675, 21.3890106 ], [ 77.7638826, 21.3814001 ], [ 77.761223, 21.3851735 ], [ 77.7500412, 21.3828275 ], [ 77.7460486, 21.3784916 ], [ 77.7405694, 21.3654217 ], [ 77.7383845, 21.36477 ], [ 77.7371076, 21.3622023 ], [ 77.7232904, 21.3616704 ], [ 77.7099885, 21.3574472 ], [ 77.7067645, 21.3681985 ], [ 77.7062866, 21.371952 ], [ 77.7073929, 21.3750475 ], [ 77.7046985, 21.3769982 ], [ 77.7005996, 21.3736711 ], [ 77.6974071, 21.3743009 ], [ 77.6951746, 21.3787568 ], [ 77.6970761, 21.3927146 ], [ 77.695509, 21.3962123 ], [ 77.6919915, 21.397565 ], [ 77.6786606, 21.376905 ], [ 77.6699085, 21.3689235 ], [ 77.6643806, 21.3745079 ], [ 77.6664836, 21.3840482 ], [ 77.6596522, 21.3863173 ], [ 77.6559247, 21.3861385 ], [ 77.6531271, 21.3914565 ], [ 77.6493597, 21.3920655 ], [ 77.6432597, 21.3869155 ], [ 77.6388536, 21.3886252 ], [ 77.6326533, 21.3888092 ], [ 77.6215671, 21.3867799 ], [ 77.6172566, 21.3871248 ], [ 77.6138965, 21.3920483 ], [ 77.6049656, 21.3907346 ], [ 77.603432, 21.3898387 ], [ 77.6061667, 21.3735705 ], [ 77.6082605, 21.3704939 ], [ 77.6078482, 21.3649373 ], [ 77.6051259, 21.3624435 ], [ 77.5948195, 21.3630335 ], [ 77.5918237, 21.3650406 ], [ 77.5871111, 21.3628396 ], [ 77.5852765, 21.3667853 ], [ 77.5734263, 21.3709254 ], [ 77.5716299, 21.3703042 ], [ 77.5711359, 21.3686696 ], [ 77.5634965, 21.3693096 ], [ 77.5628097, 21.3753415 ], [ 77.5567758, 21.3836376 ], [ 77.5596725, 21.3905521 ], [ 77.5625198, 21.3904078 ], [ 77.5632423, 21.3931528 ], [ 77.5614613, 21.3964566 ], [ 77.5534445, 21.4034017 ], [ 77.5476555, 21.4053211 ], [ 77.5482948, 21.411309 ], [ 77.5426939, 21.4111452 ], [ 77.5359101, 21.4177007 ], [ 77.5317192, 21.4191461 ], [ 77.5292416, 21.4152997 ], [ 77.5278586, 21.4056255 ], [ 77.5247309, 21.4029318 ], [ 77.5253922, 21.395654 ], [ 77.5232889, 21.3889354 ], [ 77.5185363, 21.3839215 ], [ 77.5167052, 21.3840195 ], [ 77.5145238, 21.3759396 ], [ 77.502213, 21.3771908 ], [ 77.4924249, 21.3742517 ], [ 77.4880575, 21.3743587 ], [ 77.4898655, 21.3779603 ], [ 77.4869439, 21.3858975 ], [ 77.4875094, 21.4062179 ], [ 77.4795543, 21.4202531 ], [ 77.4765637, 21.4317893 ], [ 77.4716533, 21.4361254 ], [ 77.4743467, 21.44659 ], [ 77.4717134, 21.4502944 ], [ 77.4735981, 21.4544465 ], [ 77.4659055, 21.4598238 ], [ 77.4598185, 21.4666182 ], [ 77.4560633, 21.4663417 ], [ 77.4421873, 21.4699108 ], [ 77.4414724, 21.4750488 ], [ 77.4387406, 21.4786494 ], [ 77.4421934, 21.4806167 ], [ 77.4433216, 21.4872524 ], [ 77.4353908, 21.4995788 ], [ 77.4294383, 21.5047076 ], [ 77.4223058, 21.5174799 ], [ 77.4225223, 21.5325623 ], [ 77.4255574, 21.5377404 ], [ 77.4400486, 21.5447817 ], [ 77.4439492, 21.5426319 ], [ 77.4458016, 21.5434121 ], [ 77.450091, 21.5416767 ], [ 77.4563216, 21.5462324 ], [ 77.454116, 21.5495801 ], [ 77.4548862, 21.5538426 ], [ 77.4661944, 21.5532905 ], [ 77.4739653, 21.5495247 ], [ 77.4926463, 21.5499952 ], [ 77.4957825, 21.5513868 ], [ 77.5051888, 21.5516725 ], [ 77.5138886, 21.5464621 ], [ 77.5178179, 21.5422667 ], [ 77.521298, 21.5409705 ], [ 77.5372246, 21.536519 ], [ 77.5471436, 21.5367177 ], [ 77.5752276, 21.5264585 ], [ 77.5889957, 21.5277898 ], [ 77.5967684, 21.527113 ], [ 77.6078398, 21.5371033 ], [ 77.6114816, 21.5388206 ], [ 77.6087379, 21.5481866 ], [ 77.5952923, 21.5594315 ], [ 77.5821373, 21.5537776 ], [ 77.5771148, 21.5551706 ], [ 77.5741248, 21.5646862 ], [ 77.5746442, 21.5722767 ], [ 77.5769642, 21.5772852 ], [ 77.5754473, 21.5814394 ], [ 77.5726784, 21.6159759 ], [ 77.575517, 21.6206392 ], [ 77.5725008, 21.6287037 ], [ 77.5641661, 21.6418847 ], [ 77.5610272, 21.6600608 ], [ 77.5610976, 21.6673012 ], [ 77.5538629, 21.6789609 ], [ 77.5509708, 21.6807814 ], [ 77.5476736, 21.6940199 ], [ 77.5432257, 21.7042775 ], [ 77.53897, 21.7084462 ], [ 77.5332232, 21.7113497 ], [ 77.5270234, 21.7109127 ], [ 77.5240213, 21.7126178 ], [ 77.5230983, 21.7197203 ], [ 77.5255515, 21.7243148 ], [ 77.5197064, 21.7252365 ], [ 77.5119274, 21.7322653 ], [ 77.5086017, 21.7382071 ], [ 77.504539, 21.7394414 ], [ 77.5022468, 21.7433455 ], [ 77.5026728, 21.7458612 ], [ 77.4949523, 21.7483063 ], [ 77.4905065, 21.7469842 ], [ 77.4794672, 21.7541467 ], [ 77.479742, 21.7594357 ], [ 77.4779539, 21.7628302 ], [ 77.4821718, 21.7638455 ], [ 77.4833664, 21.7659481 ], [ 77.4790941, 21.7699869 ], [ 77.4604825, 21.763419 ], [ 77.456293, 21.7602136 ], [ 77.4294599, 21.7577118 ], [ 77.4170708, 21.7534768 ], [ 77.4041741, 21.7524234 ], [ 77.381244, 21.7530906 ], [ 77.375697, 21.7549166 ], [ 77.373045, 21.7537243 ], [ 77.3590302, 21.7541486 ], [ 77.3456841, 21.7577785 ], [ 77.3244255, 21.7527429 ], [ 77.3157947, 21.7565714 ], [ 77.2993568, 21.7559602 ], [ 77.2898879, 21.7603449 ], [ 77.2804672, 21.7585796 ], [ 77.2797307, 21.7542159 ], [ 77.2802594, 21.749083 ], [ 77.2872946, 21.7447186 ], [ 77.284218, 21.7369036 ], [ 77.2911365, 21.7328486 ], [ 77.287217, 21.7219218 ], [ 77.2792593, 21.7240629 ], [ 77.2718764, 21.728143 ], [ 77.2675615, 21.7250448 ], [ 77.2618824, 21.7122929 ], [ 77.2514661, 21.7127974 ], [ 77.2443839, 21.7164323 ], [ 77.2420456, 21.7150652 ], [ 77.2355404, 21.7163461 ], [ 77.2323, 21.7149846 ], [ 77.2308158, 21.7163933 ], [ 77.2269109, 21.7167926 ], [ 77.2277492, 21.6995283 ], [ 77.2246731, 21.6972998 ], [ 77.2207758, 21.6965124 ], [ 77.218832, 21.6939456 ], [ 77.2128766, 21.6950062 ], [ 77.2104244, 21.6896451 ], [ 77.2031281, 21.6927725 ], [ 77.1988853, 21.6977826 ], [ 77.1881318, 21.7017108 ], [ 77.1913013, 21.7126121 ], [ 77.1914526, 21.7207516 ], [ 77.1866628, 21.7228559 ], [ 77.1810585, 21.7231442 ], [ 77.1760337, 21.7257547 ], [ 77.1721019, 21.7248502 ], [ 77.1696017, 21.7222463 ], [ 77.1696372, 21.7142857 ], [ 77.1651228, 21.7107378 ], [ 77.1477152, 21.712523 ], [ 77.1391876, 21.7198084 ], [ 77.1295735, 21.7222429 ], [ 77.1173032, 21.7214888 ], [ 77.1079609, 21.7182932 ], [ 77.0865384, 21.7144229 ], [ 77.079218, 21.7199386 ], [ 77.0732187, 21.719454 ], [ 77.0699244, 21.7173503 ], [ 77.062465, 21.7071762 ], [ 77.0436277, 21.699772 ], [ 77.0365609, 21.6943604 ], [ 77.0262376, 21.6901925 ], [ 77.0150129, 21.6822826 ], [ 77.0065643, 21.6791399 ], [ 76.9964883, 21.6723746 ], [ 76.9900971, 21.6649048 ], [ 76.9764078, 21.6573781 ], [ 76.9723723, 21.6513457 ], [ 76.9532329, 21.6421343 ], [ 76.9423058, 21.6320914 ], [ 76.9283614, 21.6242986 ], [ 76.9131067, 21.6119372 ], [ 76.9099528, 21.608316 ], [ 76.9086326, 21.6027468 ], [ 76.901617, 21.5968439 ], [ 76.8972203, 21.5961043 ], [ 76.8856939, 21.6000842 ], [ 76.868651, 21.6087619 ], [ 76.8544866, 21.613315 ], [ 76.8499011, 21.6121143 ], [ 76.8447111, 21.6074991 ], [ 76.8422077, 21.6036113 ], [ 76.839405, 21.5933138 ], [ 76.8329054, 21.5889541 ], [ 76.8273773, 21.5882913 ], [ 76.8006475, 21.5949473 ], [ 76.7952621, 21.5939108 ], [ 76.7936159, 21.5918055 ], [ 76.7910518, 21.5815839 ], [ 76.7840035, 21.5740936 ], [ 76.7814125, 21.5647209 ], [ 76.7817438, 21.5515752 ], [ 76.7844178, 21.5458496 ], [ 76.7891039, 21.5406679 ], [ 76.7893265, 21.5363785 ], [ 76.7813681, 21.5293047 ], [ 76.7688101, 21.5265728 ], [ 76.7634437, 21.5207674 ], [ 76.7728974, 21.5057152 ], [ 76.780729, 21.5055917 ], [ 76.7842121, 21.5012824 ], [ 76.7877599, 21.5011413 ], [ 76.7877537, 21.4975089 ], [ 76.7956092, 21.4895828 ], [ 76.7937698, 21.4796458 ], [ 76.7917965, 21.48002 ], [ 76.7878477, 21.4774916 ], [ 76.7860317, 21.4658237 ], [ 76.7840199, 21.4623735 ], [ 76.78128, 21.4593434 ], [ 76.7618107, 21.4523042 ], [ 76.7585229, 21.4502984 ], [ 76.7549562, 21.4455708 ], [ 76.7444281, 21.4398653 ], [ 76.7383865, 21.429687 ], [ 76.7403021, 21.4295325 ], [ 76.7410192, 21.4281803 ], [ 76.7407941, 21.4258862 ], [ 76.7379267, 21.4222037 ], [ 76.7405387, 21.4175734 ], [ 76.7395764, 21.4141289 ], [ 76.7409477, 21.4128822 ], [ 76.7395088, 21.4105572 ], [ 76.7261952, 21.4047356 ], [ 76.7142019, 21.3963568 ], [ 76.6828231, 21.3784063 ], [ 76.6642377, 21.3632702 ], [ 76.6563402, 21.3585121 ], [ 76.6217473, 21.3322914 ], [ 76.6456252, 21.3010806 ], [ 76.6473842, 21.3016451 ], [ 76.6527463, 21.2944595 ], [ 76.6548172, 21.2897626 ], [ 76.6626924, 21.2806788 ], [ 76.6628991, 21.2759649 ], [ 76.6616426, 21.2407073 ], [ 76.6496821, 21.2446818 ], [ 76.6418303, 21.2371338 ], [ 76.6348112, 21.2191024 ], [ 76.6342714, 21.2136786 ], [ 76.6372181, 21.2027139 ], [ 76.6234887, 21.1850389 ], [ 76.6138773, 21.1932168 ], [ 76.6060286, 21.1903442 ], [ 76.5995521, 21.1907497 ], [ 76.5771259, 21.1958569 ], [ 76.5672624, 21.1993944 ], [ 76.5606943, 21.198624 ], [ 76.5517696, 21.1920723 ], [ 76.5357816, 21.1862302 ], [ 76.5302567, 21.1819324 ], [ 76.5109227, 21.1898487 ], [ 76.5083311, 21.1930265 ], [ 76.5072023, 21.1887229 ], [ 76.5025376, 21.1874564 ], [ 76.5009558, 21.18977 ], [ 76.5025961, 21.1932117 ], [ 76.4987758, 21.1937526 ], [ 76.4989453, 21.1916543 ], [ 76.4979034, 21.1912802 ], [ 76.4931678, 21.1938632 ], [ 76.4859368, 21.1857596 ], [ 76.480657, 21.1821637 ], [ 76.4787261, 21.1473919 ], [ 76.4763083, 21.145429 ], [ 76.4665537, 21.1426572 ], [ 76.468231, 21.1383525 ], [ 76.4743914, 21.1369763 ], [ 76.4694459, 21.1336643 ], [ 76.4581439, 21.1332773 ], [ 76.4564162, 21.125014 ], [ 76.4517648, 21.1212498 ], [ 76.4553664, 21.1150885 ], [ 76.4560894, 21.1083953 ], [ 76.4410493, 21.1062026 ], [ 76.4378272, 21.1004683 ], [ 76.4330864, 21.1007118 ], [ 76.4301715, 21.1024129 ], [ 76.4106957, 21.1024363 ], [ 76.4126195, 21.0977348 ], [ 76.4131944, 21.0884224 ], [ 76.4079401, 21.0894126 ], [ 76.4042152, 21.0874444 ], [ 76.3903328, 21.0857664 ], [ 76.3824313, 21.0796204 ], [ 76.3842356, 21.076292 ], [ 76.3747665, 21.0725531 ], [ 76.3709559, 21.0727336 ], [ 76.3663077, 21.0760617 ], [ 76.351416, 21.0769863 ], [ 76.3385848, 21.0715197 ], [ 76.299847, 21.0738415 ], [ 76.2801316, 21.0706885 ], [ 76.2726327, 21.0887393 ], [ 76.260385, 21.090583 ], [ 76.2552706, 21.0895408 ], [ 76.2449733, 21.0904393 ], [ 76.2305791, 21.0883264 ], [ 76.2246583, 21.084979 ], [ 76.2118072, 21.0873841 ], [ 76.2046317, 21.085387 ], [ 76.1924775, 21.0866974 ], [ 76.1858941, 21.0848799 ], [ 76.1806427, 21.0803115 ], [ 76.1674008, 21.0794844 ], [ 76.1684275, 21.0856711 ], [ 76.1738517, 21.0896752 ], [ 76.1704365, 21.0938806 ], [ 76.1708871, 21.1039331 ], [ 76.163481, 21.1048833 ], [ 76.1586166, 21.1094003 ], [ 76.1538182, 21.1080509 ], [ 76.1493817, 21.1124457 ], [ 76.1379281, 21.1198531 ], [ 76.1323214, 21.1274403 ], [ 76.1316291, 21.1328011 ], [ 76.1354068, 21.1292149 ], [ 76.1353779, 21.1306647 ], [ 76.1371494, 21.1318883 ], [ 76.1410094, 21.1297068 ], [ 76.1424684, 21.1351528 ], [ 76.1347048, 21.1426636 ], [ 76.1329963, 21.1482273 ], [ 76.1286254, 21.1524634 ], [ 76.1200564, 21.1554665 ], [ 76.1153868, 21.1539986 ], [ 76.1136488, 21.1553036 ], [ 76.1114098, 21.1611471 ], [ 76.1118377, 21.1669817 ], [ 76.1137972, 21.1661555 ], [ 76.1188811, 21.1715884 ], [ 76.1228292, 21.173124 ], [ 76.1237871, 21.1718234 ], [ 76.1270563, 21.1736163 ], [ 76.1269312, 21.175129 ], [ 76.1294445, 21.1748942 ], [ 76.1292607, 21.1758218 ], [ 76.1333348, 21.1759553 ], [ 76.133864, 21.1694116 ], [ 76.1662884, 21.1695055 ], [ 76.1678985, 21.1665996 ], [ 76.1716862, 21.1665604 ], [ 76.171464, 21.1795394 ], [ 76.176396, 21.1839952 ], [ 76.1730606, 21.1885708 ], [ 76.1652075, 21.1904695 ], [ 76.1662887, 21.1997224 ], [ 76.1716145, 21.1989579 ], [ 76.1719247, 21.2053027 ], [ 76.1697047, 21.2054279 ], [ 76.169705, 21.2066491 ], [ 76.1633434, 21.2065061 ], [ 76.1632632, 21.2131309 ], [ 76.1586352, 21.2135881 ], [ 76.1656591, 21.2216159 ], [ 76.1468573, 21.2277475 ], [ 76.1420362, 21.2281635 ], [ 76.140703, 21.2380083 ], [ 76.1415607, 21.2409887 ], [ 76.1453954, 21.2436527 ], [ 76.1514261, 21.2435254 ], [ 76.1506077, 21.2463977 ], [ 76.1535846, 21.2462166 ], [ 76.1522556, 21.2484566 ], [ 76.1534071, 21.2498519 ], [ 76.1550015, 21.249671 ], [ 76.1538685, 21.2519344 ], [ 76.1573272, 21.2513872 ], [ 76.1594137, 21.2535907 ], [ 76.1584504, 21.2549006 ], [ 76.1593611, 21.255975 ], [ 76.1571845, 21.2596108 ], [ 76.1557972, 21.2589652 ], [ 76.1555944, 21.2570235 ], [ 76.1542937, 21.2577012 ], [ 76.1539964, 21.2651343 ], [ 76.1519296, 21.2644617 ], [ 76.1511593, 21.2679934 ], [ 76.1484811, 21.269055 ], [ 76.1466307, 21.267872 ], [ 76.1429279, 21.2862342 ], [ 76.1297404, 21.2867046 ], [ 76.1258953, 21.2985185 ], [ 76.1214661, 21.3233693 ], [ 76.1189406, 21.3259749 ], [ 76.116678, 21.3349532 ], [ 76.0965993, 21.3717695 ], [ 76.0485857, 21.3497337 ], [ 76.0304991, 21.3653313 ], [ 75.9866156, 21.3687728 ], [ 75.9630597, 21.3897099 ], [ 75.9522205, 21.3895843 ], [ 75.9417074, 21.3858407 ], [ 75.9388294, 21.3869391 ], [ 75.9290067, 21.3865904 ], [ 75.9106581, 21.3825745 ], [ 75.9057915, 21.3871245 ], [ 75.903237, 21.3917041 ], [ 75.8941865, 21.3912944 ], [ 75.8903583, 21.3946727 ], [ 75.8856136, 21.3947091 ], [ 75.8830628, 21.3929525 ], [ 75.8750488, 21.3928761 ], [ 75.8703524, 21.3912279 ], [ 75.8697787, 21.3864049 ], [ 75.8641474, 21.3811031 ], [ 75.8625612, 21.3821596 ], [ 75.8624601, 21.3799242 ], [ 75.8560378, 21.3801989 ], [ 75.8557051, 21.3823167 ], [ 75.853159, 21.3833778 ], [ 75.8493792, 21.3828942 ], [ 75.8479424, 21.3813448 ], [ 75.8433186, 21.3819537 ], [ 75.8413943, 21.384541 ], [ 75.834173, 21.3795719 ], [ 75.8333637, 21.3766365 ], [ 75.8307121, 21.3769609 ], [ 75.8307259, 21.3782073 ], [ 75.8182144, 21.3786235 ], [ 75.8146173, 21.3798776 ], [ 75.8130409, 21.3790596 ], [ 75.8027349, 21.3845694 ], [ 75.8009276, 21.3833494 ], [ 75.7988681, 21.3845316 ], [ 75.7900011, 21.384488 ], [ 75.7878325, 21.3828147 ], [ 75.7864624, 21.3841327 ], [ 75.776994, 21.3844695 ], [ 75.7738217, 21.3820483 ], [ 75.755136, 21.3793806 ], [ 75.751187, 21.3845673 ], [ 75.7365613, 21.3882676 ], [ 75.7325346, 21.3871141 ], [ 75.7284709, 21.3886836 ], [ 75.7184727, 21.3844064 ], [ 75.7161738, 21.3856018 ], [ 75.7157557, 21.3879775 ], [ 75.7094913, 21.3861926 ], [ 75.7032387, 21.3880741 ], [ 75.6979238, 21.3853446 ], [ 75.6951224, 21.3855623 ], [ 75.6927977, 21.3836938 ], [ 75.6922292, 21.3848726 ], [ 75.6876147, 21.384084 ], [ 75.684802, 21.3802468 ], [ 75.6737457, 21.3770848 ], [ 75.6719417, 21.3748588 ], [ 75.6700903, 21.3745793 ], [ 75.6658482, 21.3774481 ], [ 75.6592236, 21.3764064 ], [ 75.6577331, 21.3787724 ], [ 75.6481686, 21.3769863 ], [ 75.6466067, 21.3787387 ], [ 75.6412736, 21.3748759 ], [ 75.6387088, 21.3751266 ], [ 75.6382094, 21.376935 ], [ 75.6364084, 21.3774218 ], [ 75.6230255, 21.3750235 ], [ 75.6235171, 21.3770828 ], [ 75.6200217, 21.3759626 ], [ 75.6198047, 21.3789702 ], [ 75.6166659, 21.3817655 ], [ 75.6163182, 21.3880922 ], [ 75.6105112, 21.3907041 ], [ 75.6072946, 21.388946 ], [ 75.6069396, 21.3918441 ], [ 75.6036369, 21.3912341 ], [ 75.5992067, 21.3856517 ], [ 75.5965305, 21.3877086 ], [ 75.5916945, 21.3862375 ], [ 75.5873373, 21.389231 ], [ 75.5815549, 21.3846388 ], [ 75.5712404, 21.3814636 ], [ 75.5722518, 21.3790444 ], [ 75.5792523, 21.3785401 ], [ 75.5799668, 21.3774474 ], [ 75.5789539, 21.3764849 ], [ 75.5657735, 21.3741416 ], [ 75.5621471, 21.3762897 ], [ 75.557168, 21.3732216 ], [ 75.5563959, 21.3746121 ], [ 75.5582745, 21.378519 ], [ 75.5559261, 21.3790329 ], [ 75.5524213, 21.3753035 ], [ 75.5461713, 21.3724174 ], [ 75.5464474, 21.3688088 ], [ 75.5437243, 21.368528 ], [ 75.5412034, 21.3693398 ], [ 75.5413767, 21.3734119 ], [ 75.535024, 21.3735723 ], [ 75.5321687, 21.3755893 ], [ 75.5308577, 21.3786976 ], [ 75.5255123, 21.3800473 ], [ 75.522237, 21.3855866 ], [ 75.5200544, 21.3870164 ], [ 75.5148997, 21.3848911 ], [ 75.5120107, 21.3820934 ], [ 75.4975466, 21.3875132 ], [ 75.4941553, 21.3856056 ], [ 75.4757473, 21.3865751 ], [ 75.4679435, 21.3904451 ], [ 75.4575458, 21.3874519 ], [ 75.4493313, 21.3904091 ], [ 75.4465681, 21.3897647 ], [ 75.4401527, 21.3844612 ], [ 75.431176, 21.3867088 ], [ 75.4261291, 21.3910051 ], [ 75.4203998, 21.3878231 ], [ 75.4138088, 21.3885516 ], [ 75.4077861, 21.3873789 ], [ 75.3979248, 21.3798752 ], [ 75.3901816, 21.380874 ], [ 75.3824384, 21.3795424 ], [ 75.3759103, 21.3866055 ], [ 75.3754086, 21.3904935 ], [ 75.3704423, 21.3920919 ], [ 75.3659722, 21.3964901 ], [ 75.3571619, 21.4008653 ], [ 75.3556285, 21.4001473 ], [ 75.3543759, 21.3931564 ], [ 75.3516034, 21.3908261 ], [ 75.3319353, 21.3913551 ], [ 75.3154076, 21.3879269 ], [ 75.3078547, 21.3927877 ], [ 75.2987402, 21.3855673 ], [ 75.2962403, 21.3902311 ], [ 75.3001259, 21.391696 ], [ 75.2985779, 21.4012239 ], [ 75.3011004, 21.409936 ], [ 75.2953257, 21.4135732 ], [ 75.2873698, 21.4118846 ], [ 75.2835525, 21.4083918 ], [ 75.2801727, 21.4072341 ], [ 75.2721006, 21.4065203 ], [ 75.2642155, 21.4074049 ], [ 75.2548405, 21.4018892 ], [ 75.2490721, 21.403479 ], [ 75.2434321, 21.4081072 ], [ 75.2414046, 21.4115497 ], [ 75.2346507, 21.4145797 ], [ 75.2287042, 21.4142582 ], [ 75.2211868, 21.4084918 ], [ 75.2157613, 21.409265 ], [ 75.2069249, 21.4127169 ], [ 75.1799931, 21.4305521 ], [ 75.1701207, 21.4315711 ], [ 75.1671357, 21.4337031 ], [ 75.1298819, 21.4471656 ], [ 75.1071648, 21.4626949 ], [ 75.1077536, 21.4666731 ], [ 75.1046756, 21.4691926 ], [ 75.101949, 21.4742816 ], [ 75.09745, 21.4881897 ], [ 75.0885293, 21.5009293 ], [ 75.0897835, 21.5034595 ], [ 75.0886148, 21.5097763 ], [ 75.0892083, 21.5167619 ], [ 75.0866489, 21.5158499 ], [ 75.0859609, 21.5187971 ], [ 75.0533154, 21.5648245 ], [ 75.0496897, 21.5660987 ], [ 75.0150212, 21.5696774 ], [ 75.0153406, 21.5752295 ], [ 74.9990623, 21.5856458 ], [ 74.9792285, 21.5952376 ], [ 74.9708906, 21.5962709 ], [ 74.9655839, 21.598682 ], [ 74.9353392, 21.6059779 ], [ 74.9103349, 21.6145743 ], [ 74.9016833, 21.629238 ], [ 74.8934379, 21.6289433 ], [ 74.8913911, 21.6306479 ], [ 74.8901123, 21.6292902 ], [ 74.8890723, 21.6311942 ], [ 74.8873346, 21.6315926 ], [ 74.8859428, 21.6312766 ], [ 74.8858862, 21.6294117 ], [ 74.8840187, 21.6310594 ], [ 74.8786724, 21.6297604 ], [ 74.8780309, 21.6285173 ], [ 74.8754712, 21.6307436 ], [ 74.8719887, 21.6298223 ], [ 74.8718117, 21.6318208 ], [ 74.8679751, 21.6310098 ], [ 74.867903, 21.6284765 ], [ 74.8653773, 21.6285576 ], [ 74.8627638, 21.634455 ], [ 74.8566803, 21.6265972 ], [ 74.8499, 21.6238874 ], [ 74.8451152, 21.6240128 ], [ 74.838104, 21.6221059 ], [ 74.8393363, 21.6188142 ], [ 74.8342808, 21.6176662 ], [ 74.8313253, 21.6182932 ], [ 74.8299219, 21.6132397 ], [ 74.8305984, 21.611709 ], [ 74.8288583, 21.6097933 ], [ 74.8264893, 21.6114055 ], [ 74.8195873, 21.6086979 ], [ 74.8128533, 21.6107783 ], [ 74.8123208, 21.6138444 ], [ 74.808106, 21.6122309 ], [ 74.8068687, 21.6146283 ], [ 74.8032243, 21.6140896 ], [ 74.8021747, 21.6153987 ], [ 74.7996256, 21.6143457 ], [ 74.7980828, 21.6099196 ], [ 74.7898821, 21.6127565 ], [ 74.7828739, 21.6106903 ], [ 74.7753554, 21.6154861 ], [ 74.7341228, 21.6207229 ], [ 74.700746, 21.6275784 ], [ 74.6998875, 21.630112 ], [ 74.6931805, 21.6328062 ], [ 74.6874614, 21.6315891 ], [ 74.6855303, 21.633202 ], [ 74.6839633, 21.6395021 ], [ 74.6754545, 21.6447249 ], [ 74.677469, 21.6454287 ], [ 74.6748271, 21.6464998 ], [ 74.6710351, 21.6455209 ], [ 74.6683648, 21.6482763 ], [ 74.6648819, 21.6472972 ], [ 74.66413, 21.6525267 ], [ 74.6224049, 21.6567941 ], [ 74.6175113, 21.6604698 ], [ 74.5820816, 21.6649891 ], [ 74.5838573, 21.6732983 ], [ 74.5798685, 21.6833268 ], [ 74.5623834, 21.6834339 ], [ 74.5623843, 21.6811535 ], [ 74.554203, 21.6813997 ], [ 74.5541591, 21.6857293 ], [ 74.5575598, 21.6874014 ], [ 74.5549007, 21.6908591 ], [ 74.5565668, 21.6928198 ], [ 74.5553762, 21.6969917 ], [ 74.5573903, 21.7040258 ], [ 74.5560007, 21.7043208 ], [ 74.5473673, 21.7196027 ], [ 74.5332335, 21.7168861 ], [ 74.5138583, 21.7186082 ], [ 74.5055882, 21.7263061 ], [ 74.5080182, 21.727536 ], [ 74.508785, 21.7296637 ], [ 74.5077201, 21.7316813 ], [ 74.5110666, 21.7353052 ], [ 74.5100173, 21.7359818 ], [ 74.5120447, 21.7452133 ], [ 74.5089686, 21.7500009 ], [ 74.5101524, 21.7534289 ], [ 74.513089, 21.7565836 ], [ 74.5116315, 21.7598474 ], [ 74.5139522, 21.7656878 ], [ 74.5097166, 21.7728239 ], [ 74.5016406, 21.7815244 ], [ 74.4982107, 21.7900887 ], [ 74.4997363, 21.7923941 ], [ 74.500212, 21.8065174 ], [ 74.5066061, 21.816375 ], [ 74.5100051, 21.829274 ], [ 74.5138869, 21.8626604 ], [ 74.5136385, 21.889966 ], [ 74.5227959, 21.899089 ], [ 74.5240504, 21.9111642 ], [ 74.5168123, 21.9158151 ], [ 74.5126557, 21.9156001 ], [ 74.5092255, 21.9206372 ], [ 74.5111875, 21.9239034 ], [ 74.5125605, 21.9318922 ], [ 74.5083891, 21.9373395 ], [ 74.4999999, 21.9393039 ], [ 74.4971164, 21.9417408 ], [ 74.4952185, 21.9468087 ], [ 74.4931566, 21.946607 ], [ 74.4890784, 21.9434129 ], [ 74.4846709, 21.9458135 ], [ 74.484492, 21.9474125 ], [ 74.4904738, 21.9512328 ], [ 74.4887304, 21.9561694 ], [ 74.4820348, 21.9547517 ], [ 74.4811349, 21.955398 ], [ 74.4824291, 21.9579528 ], [ 74.4815878, 21.9591727 ], [ 74.4738441, 21.9610422 ], [ 74.4690991, 21.9596362 ], [ 74.4687178, 21.9610769 ], [ 74.4713722, 21.9636356 ], [ 74.469719, 21.9670957 ], [ 74.4676023, 21.9655841 ], [ 74.4638462, 21.9660693 ], [ 74.4610937, 21.9614469 ], [ 74.4533777, 21.9619384 ], [ 74.4499515, 21.9638502 ], [ 74.4472526, 21.9685521 ], [ 74.4445088, 21.9703864 ], [ 74.4446904, 21.9754799 ], [ 74.4393896, 21.976724 ], [ 74.4388327, 21.9871731 ], [ 74.4414631, 21.9900393 ], [ 74.4388151, 21.9908937 ], [ 74.4397803, 21.9947225 ], [ 74.4381497, 21.9973376 ], [ 74.43309, 21.997642 ], [ 74.4323306, 21.9994035 ], [ 74.4379758, 22.0000656 ], [ 74.4423407, 22.0031807 ], [ 74.445361, 22.0004974 ], [ 74.4474093, 22.0006318 ], [ 74.452181, 22.0046529 ], [ 74.4514166, 22.0059042 ], [ 74.4491552, 22.0059595 ], [ 74.4480142, 22.0091884 ], [ 74.4436278, 22.0111727 ], [ 74.4438678, 22.016632 ], [ 74.4387364, 22.0208424 ], [ 74.4396273, 22.0220933 ], [ 74.4432739, 22.0220241 ], [ 74.4435021, 22.0232251 ], [ 74.4392508, 22.0246718 ], [ 74.4316399, 22.0302694 ], [ 74.4151476, 22.024937 ], [ 74.3919253, 22.0221775 ], [ 74.3871162, 22.0199789 ], [ 74.3834451, 22.0161907 ], [ 74.3809267, 22.0090157 ], [ 74.3758187, 22.0006207 ], [ 74.3608481, 21.9903141 ], [ 74.353732, 21.9803161 ], [ 74.3484216, 21.9770007 ], [ 74.3387061, 21.9737612 ], [ 74.3139722, 21.9737585 ], [ 74.3076361, 21.9717556 ], [ 74.297185, 21.9633761 ], [ 74.2939669, 21.9575715 ], [ 74.2912017, 21.9429578 ], [ 74.2864736, 21.9361136 ], [ 74.2811757, 21.9331121 ], [ 74.2624834, 21.9340217 ], [ 74.2415279, 21.9302516 ], [ 74.205431, 21.9261053 ], [ 74.1930803, 21.9259711 ], [ 74.1818442, 21.9294161 ], [ 74.1776444, 21.9325469 ], [ 74.1700156, 21.9429844 ], [ 74.1594946, 21.9497108 ], [ 74.1528201, 21.9522092 ], [ 74.1441656, 21.9531269 ], [ 74.1418835, 21.9557374 ], [ 74.142956, 21.9583381 ], [ 74.1475501, 21.9607172 ], [ 74.1457981, 21.962072 ], [ 74.1433534, 21.9612371 ], [ 74.1412965, 21.9638382 ], [ 74.1398397, 21.9676404 ], [ 74.1417811, 21.9701961 ], [ 74.1403438, 21.9726706 ], [ 74.1442072, 21.9754021 ], [ 74.1475426, 21.9741509 ], [ 74.149886, 21.9751666 ], [ 74.148648, 21.9834256 ], [ 74.150595, 21.9865907 ], [ 74.1479566, 21.9884831 ], [ 74.1455017, 21.9877428 ], [ 74.1434733, 21.9896576 ], [ 74.1437447, 21.9908454 ], [ 74.1406217, 21.9905656 ], [ 74.1268225, 21.9955651 ], [ 74.1204408, 21.9957004 ], [ 74.1184313, 21.9989335 ], [ 74.115134, 21.9980394 ], [ 74.1129647, 21.9993532 ], [ 74.097928, 21.9987057 ], [ 74.0967707, 22.0000011 ], [ 74.099913, 22.0000012 ], [ 74.099684, 22.0014239 ], [ 74.0963845, 22.0098859 ], [ 74.0920937, 22.0136235 ], [ 74.0921419, 22.0148337 ], [ 74.0950029, 22.018984 ], [ 74.1142816, 22.0244409 ], [ 74.1156617, 22.0254841 ], [ 74.1153515, 22.0297828 ], [ 74.121231, 22.0321897 ], [ 74.1215507, 22.0346733 ], [ 74.1236574, 22.0360911 ], [ 74.1401494, 22.0403213 ], [ 74.1389873, 22.043401 ], [ 74.1314364, 22.0462192 ], [ 74.1314073, 22.0478312 ], [ 74.1335943, 22.0489362 ], [ 74.1362903, 22.0529289 ], [ 74.1550178, 22.0578076 ], [ 74.1544369, 22.0589411 ], [ 74.1600753, 22.058818 ], [ 74.1610445, 22.0602402 ], [ 74.1586151, 22.0697097 ], [ 74.1639547, 22.0734382 ], [ 74.1647229, 22.0828483 ], [ 74.178653, 22.0854767 ], [ 74.1759413, 22.089695 ], [ 74.1703362, 22.0918054 ], [ 74.1693736, 22.0966869 ], [ 74.1671352, 22.0973468 ], [ 74.1692926, 22.1005973 ], [ 74.1628531, 22.1018047 ], [ 74.1569363, 22.099616 ], [ 74.1537141, 22.1003978 ], [ 74.1525573, 22.1060062 ], [ 74.1411692, 22.1005757 ], [ 74.1407766, 22.0994063 ], [ 74.1284883, 22.0946478 ], [ 74.1262692, 22.0983956 ], [ 74.1244618, 22.097908 ], [ 74.1288478, 22.1210361 ], [ 74.1283293, 22.1244859 ], [ 74.1233183, 22.1278706 ], [ 74.1227802, 22.1356843 ], [ 74.124559, 22.1360817 ], [ 74.1269002, 22.1431032 ], [ 74.13055, 22.1444305 ], [ 74.1301676, 22.1547032 ], [ 74.1314474, 22.1589702 ], [ 74.1338568, 22.1605414 ], [ 74.1317773, 22.1631018 ], [ 74.1248598, 22.1641315 ], [ 74.1214421, 22.1674007 ], [ 74.1226492, 22.1720606 ], [ 74.1202202, 22.1790008 ], [ 74.1208019, 22.1822383 ], [ 74.1188286, 22.1829788 ], [ 74.1181304, 22.1853494 ], [ 74.1216502, 22.194737 ], [ 74.1173828, 22.2064679 ], [ 74.1222033, 22.2104446 ], [ 74.1223289, 22.2123968 ], [ 74.1170817, 22.2161173 ], [ 74.1131293, 22.2143379 ], [ 74.1110537, 22.2180993 ], [ 74.1062136, 22.2202481 ], [ 74.0972131, 22.2183459 ], [ 74.0960636, 22.2199261 ], [ 74.092043, 22.2204988 ], [ 74.0721745, 22.2191572 ], [ 74.0693275, 22.232716 ], [ 74.0740447, 22.2381856 ], [ 74.0776387, 22.2381642 ], [ 74.0803641, 22.2397634 ], [ 74.0838952, 22.239245 ], [ 74.0871828, 22.2427948 ], [ 74.0838833, 22.2469437 ], [ 74.0750357, 22.2475644 ], [ 74.0740986, 22.250314 ], [ 74.0752167, 22.2573449 ], [ 74.0744764, 22.265644 ], [ 74.0678088, 22.2654123 ], [ 74.0659177, 22.2688923 ], [ 74.0639284, 22.2694424 ], [ 74.0587982, 22.274615 ], [ 74.0547189, 22.2828403 ], [ 74.0559672, 22.2899209 ], [ 74.0523795, 22.2940916 ], [ 74.0543187, 22.2974789 ], [ 74.0537576, 22.3037505 ], [ 74.0590604, 22.3057711 ], [ 74.0595806, 22.3036987 ], [ 74.0624382, 22.304919 ], [ 74.0630487, 22.3070685 ], [ 74.0614404, 22.3116781 ], [ 74.0645765, 22.3318583 ], [ 74.0715689, 22.3359877 ], [ 74.0711436, 22.3417416 ], [ 74.0722022, 22.3434814 ], [ 74.070739, 22.3442944 ], [ 74.0695593, 22.348946 ], [ 74.0664668, 22.3501866 ], [ 74.064766, 22.3546066 ], [ 74.0669983, 22.3563367 ], [ 74.0678901, 22.3598951 ], [ 74.070778, 22.3612868 ], [ 74.0826082, 22.3617056 ], [ 74.0880942, 22.3598466 ], [ 74.0918777, 22.3608909 ], [ 74.0956746, 22.3711138 ], [ 74.1050734, 22.371815 ], [ 74.1121425, 22.3662934 ], [ 74.1136723, 22.3571455 ], [ 74.1177598, 22.3561568 ], [ 74.1212306, 22.357674 ], [ 74.1251188, 22.3560982 ], [ 74.1273903, 22.3414957 ], [ 74.1253128, 22.3374183 ], [ 74.1278609, 22.3327359 ], [ 74.1341121, 22.3326002 ], [ 74.13815, 22.3309066 ], [ 74.1421391, 22.3271179 ], [ 74.1444785, 22.3281876 ], [ 74.1505983, 22.3268367 ], [ 74.1540787, 22.3295995 ], [ 74.156199, 22.3272601 ], [ 74.1648448, 22.3243341 ], [ 74.1750287, 22.3235419 ], [ 74.1863834, 22.3199499 ], [ 74.1903338, 22.3202599 ], [ 74.1919225, 22.3237767 ], [ 74.1912931, 22.3269602 ], [ 74.1928343, 22.3323961 ], [ 74.1914749, 22.3413776 ], [ 74.1922005, 22.3463261 ], [ 74.193425, 22.3489083 ], [ 74.1943033, 22.3483977 ], [ 74.1963677, 22.3451347 ], [ 74.1961375, 22.3431852 ], [ 74.1979332, 22.3426488 ], [ 74.2027736, 22.3485247 ], [ 74.2040414, 22.3667073 ], [ 74.2078317, 22.3646554 ], [ 74.210572, 22.360685 ], [ 74.2238798, 22.3563651 ], [ 74.224509, 22.3605144 ], [ 74.2222839, 22.3644422 ], [ 74.224947, 22.3687454 ], [ 74.222359, 22.3750459 ], [ 74.2228171, 22.3774433 ], [ 74.2241088, 22.377894 ], [ 74.2237073, 22.3799442 ], [ 74.2286483, 22.3779724 ], [ 74.2312561, 22.3786434 ], [ 74.2432926, 22.3760709 ], [ 74.2427561, 22.3824237 ], [ 74.2510256, 22.3826237 ], [ 74.2542853, 22.3858334 ], [ 74.2546255, 22.3924128 ], [ 74.2564251, 22.3952526 ], [ 74.2552053, 22.3964326 ], [ 74.256735, 22.3996523 ], [ 74.2707023, 22.3926936 ], [ 74.2748291, 22.392095 ], [ 74.2794131, 22.3948026 ], [ 74.2890578, 22.3922938 ], [ 74.2911784, 22.3940124 ], [ 74.2674639, 22.4055519 ], [ 74.2705901, 22.413148 ], [ 74.2626069, 22.4181577 ], [ 74.2624814, 22.4235972 ], [ 74.2532001, 22.4309608 ], [ 74.2527857, 22.4329477 ], [ 74.2362781, 22.4351985 ], [ 74.2273974, 22.4389205 ], [ 74.2262306, 22.4376209 ], [ 74.2215874, 22.4377592 ], [ 74.2152414, 22.4412984 ], [ 74.2133796, 22.4315103 ], [ 74.2016227, 22.43451 ], [ 74.200783, 22.4354316 ], [ 74.2042213, 22.4514185 ], [ 74.2024653, 22.4563632 ], [ 74.2039022, 22.4624764 ], [ 74.2030744, 22.4675385 ], [ 74.1988944, 22.4729859 ], [ 74.1907435, 22.4757753 ], [ 74.1878962, 22.4755057 ], [ 74.1870639, 22.472097 ], [ 74.1822669, 22.4677461 ], [ 74.1799327, 22.4622157 ], [ 74.1805757, 22.4546389 ], [ 74.1853443, 22.4509572 ], [ 74.1841259, 22.4415388 ], [ 74.1694951, 22.4392589 ], [ 74.1697452, 22.4318312 ], [ 74.1652763, 22.4302114 ], [ 74.1604488, 22.4312105 ], [ 74.15553, 22.4363318 ], [ 74.1525394, 22.4430602 ], [ 74.1552572, 22.4540995 ], [ 74.151148, 22.4561095 ], [ 74.1492096, 22.4556583 ], [ 74.1427574, 22.4468681 ], [ 74.1358209, 22.447108 ], [ 74.1338389, 22.4457309 ], [ 74.1290298, 22.4360595 ], [ 74.1301614, 22.435039 ], [ 74.1281991, 22.4352196 ], [ 74.1278928, 22.4272593 ], [ 74.1262902, 22.4266723 ], [ 74.1277034, 22.4257602 ], [ 74.127781, 22.4222518 ], [ 74.1253429, 22.4176598 ], [ 74.1191121, 22.4187615 ], [ 74.1166739, 22.4244507 ], [ 74.1093013, 22.4263827 ], [ 74.1068433, 22.4297102 ], [ 74.1049055, 22.4295113 ], [ 74.1044529, 22.4362707 ], [ 74.1034134, 22.4372685 ], [ 74.1013155, 22.435268 ], [ 74.0997461, 22.4380401 ], [ 74.0977629, 22.4459189 ], [ 74.0984119, 22.4487213 ], [ 74.0969654, 22.450267 ], [ 74.1004045, 22.4514595 ], [ 74.1015551, 22.4555505 ], [ 74.1033961, 22.4557404 ], [ 74.1041527, 22.4645271 ], [ 74.0954366, 22.4681787 ], [ 74.0906371, 22.4663356 ], [ 74.0856566, 22.4699061 ], [ 74.075325, 22.4642954 ], [ 74.0749156, 22.4682777 ], [ 74.0759985, 22.4694069 ], [ 74.0746474, 22.4711674 ], [ 74.07362, 22.4775471 ], [ 74.0764553, 22.4835848 ], [ 74.0788549, 22.4852742 ], [ 74.0821689, 22.4844352 ], [ 74.0860143, 22.4768054 ], [ 74.0875384, 22.4822151 ], [ 74.0852047, 22.4879941 ], [ 74.0861366, 22.4914574 ], [ 74.0825252, 22.4957054 ], [ 74.082517, 22.5067846 ], [ 74.0774196, 22.5060563 ], [ 74.0719567, 22.508213 ], [ 74.0529796, 22.5089328 ], [ 74.0527099, 22.5041058 ], [ 74.0506309, 22.5023936 ], [ 74.0501706, 22.5001053 ], [ 74.0464197, 22.499205 ], [ 74.043802, 22.4965759 ], [ 74.0407933, 22.4866526 ], [ 74.036704, 22.4869367 ], [ 74.0325322, 22.4913278 ], [ 74.029382, 22.5079544 ], [ 74.0385132, 22.5158431 ], [ 74.0390227, 22.5215141 ], [ 74.0367817, 22.5258118 ], [ 74.0378942, 22.5345132 ], [ 74.0411415, 22.5417934 ], [ 74.0567795, 22.5501222 ], [ 74.0746385, 22.5514019 ], [ 74.0817564, 22.5473898 ], [ 74.0840758, 22.5447536 ], [ 74.0992623, 22.5383505 ], [ 74.1012999, 22.5344241 ], [ 74.1073018, 22.5394116 ], [ 74.1118402, 22.5396717 ], [ 74.1163179, 22.5357135 ], [ 74.1215856, 22.5282037 ], [ 74.1271033, 22.5268663 ], [ 74.1268365, 22.5244724 ], [ 74.1305427, 22.5239324 ], [ 74.1330942, 22.5202509 ], [ 74.1511186, 22.521423 ], [ 74.1503654, 22.5289664 ], [ 74.1562729, 22.5348595 ], [ 74.1579391, 22.5346903 ], [ 74.1626353, 22.5380802 ], [ 74.1706876, 22.5471491 ], [ 74.1803127, 22.5481799 ], [ 74.1895122, 22.5535992 ], [ 74.1901033, 22.5594687 ], [ 74.1832955, 22.566488 ], [ 74.1857844, 22.5658189 ], [ 74.1907834, 22.5686072 ], [ 74.1935937, 22.5688182 ], [ 74.2004811, 22.5657312 ], [ 74.2036913, 22.5687277 ], [ 74.2046037, 22.5658104 ], [ 74.2100331, 22.5642589 ], [ 74.2112503, 22.5748599 ], [ 74.2218312, 22.5835681 ], [ 74.2254287, 22.5960368 ], [ 74.2311175, 22.6079351 ], [ 74.2313686, 22.6118044 ], [ 74.2406185, 22.6118747 ], [ 74.2424892, 22.6156344 ], [ 74.2414401, 22.6172742 ], [ 74.243216, 22.6180946 ], [ 74.2435099, 22.6205146 ], [ 74.2495982, 22.6196933 ], [ 74.2533951, 22.6214752 ], [ 74.2551248, 22.6234857 ], [ 74.253578, 22.6346619 ], [ 74.2588247, 22.6368532 ], [ 74.2635566, 22.6439724 ], [ 74.2666664, 22.6421143 ], [ 74.2661536, 22.6383528 ], [ 74.2718247, 22.6391648 ], [ 74.2736364, 22.6427554 ], [ 74.2773651, 22.6460041 ], [ 74.2932133, 22.6379126 ], [ 74.31197, 22.6364535 ], [ 74.3147961, 22.6338705 ], [ 74.323717, 22.6359519 ], [ 74.3227764, 22.6407015 ], [ 74.3293477, 22.6417329 ], [ 74.3321164, 22.6387221 ], [ 74.3349279, 22.6386235 ], [ 74.3375979, 22.6402947 ], [ 74.3590936, 22.6339949 ], [ 74.3745124, 22.6359416 ], [ 74.3790603, 22.6344334 ], [ 74.3796101, 22.6403708 ], [ 74.3842901, 22.6462945 ], [ 74.3806618, 22.6583998 ], [ 74.3819807, 22.6675113 ], [ 74.3844427, 22.6692811 ], [ 74.3848905, 22.6729203 ], [ 74.3908076, 22.6787578 ], [ 74.3906278, 22.6810199 ], [ 74.3949784, 22.6856383 ], [ 74.3944016, 22.6996083 ], [ 74.3978087, 22.70387 ], [ 74.3995277, 22.7093782 ], [ 74.3969393, 22.713546 ], [ 74.4016287, 22.7270139 ], [ 74.4016977, 22.7309737 ], [ 74.407209, 22.7365939 ], [ 74.4089087, 22.7402552 ], [ 74.4138795, 22.7430354 ], [ 74.4160183, 22.7487961 ], [ 74.4159566, 22.7540628 ], [ 74.4179192, 22.756252 ], [ 74.4213564, 22.7567522 ], [ 74.4355447, 22.7826008 ], [ 74.4378766, 22.7920408 ], [ 74.4337834, 22.8078993 ], [ 74.449222, 22.8082991 ], [ 74.464773, 22.816391 ], [ 74.4706009, 22.8410668 ], [ 74.4764325, 22.8548159 ], [ 74.4702029, 22.8637731 ], [ 74.4687598, 22.8694133 ], [ 74.4702517, 22.8775349 ], [ 74.4639913, 22.8864422 ], [ 74.4638919, 22.8982716 ], [ 74.4607639, 22.9068428 ], [ 74.4575406, 22.911933 ], [ 74.4494141, 22.9173912 ], [ 74.4468328, 22.9210811 ], [ 74.4440631, 22.9187527 ], [ 74.4409533, 22.9185102 ], [ 74.4336346, 22.9124901 ], [ 74.4332275, 22.9179489 ], [ 74.4184784, 22.9170417 ], [ 74.4105176, 22.9118425 ], [ 74.4135962, 22.9060941 ], [ 74.4082401, 22.9061721 ], [ 74.4044478, 22.9035904 ], [ 74.4041008, 22.8993012 ], [ 74.4016589, 22.8977304 ], [ 74.3934082, 22.8966029 ], [ 74.3854605, 22.9045501 ], [ 74.3775604, 22.9072008 ], [ 74.3705956, 22.9217301 ], [ 74.3678854, 22.9242901 ], [ 74.3625041, 22.9260596 ], [ 74.3590526, 22.9300687 ], [ 74.357346, 22.9340101 ], [ 74.3576671, 22.9392114 ], [ 74.3555466, 22.9396897 ], [ 74.3394952, 22.9528889 ], [ 74.3374075, 22.9566901 ], [ 74.3393557, 22.9647181 ], [ 74.346259, 22.9685166 ], [ 74.3493514, 22.9713869 ], [ 74.3504465, 22.9742783 ], [ 74.3539863, 22.9757778 ], [ 74.3559844, 22.9747438 ], [ 74.360023, 22.975476 ], [ 74.3610371, 22.9765867 ], [ 74.3643139, 22.9755078 ], [ 74.3653233, 22.9769662 ], [ 74.3493815, 23.0068498 ], [ 74.3468638, 23.0139891 ], [ 74.3466539, 23.0241368 ], [ 74.3449352, 23.0283978 ], [ 74.3397907, 23.0326671 ], [ 74.3275812, 23.0365993 ], [ 74.3219267, 23.0412226 ], [ 74.3189011, 23.0586612 ], [ 74.3209031, 23.0614204 ], [ 74.3233218, 23.0608888 ], [ 74.3275535, 23.0628152 ], [ 74.3299236, 23.0613008 ], [ 74.3328087, 23.0621937 ], [ 74.3416008, 23.0678988 ], [ 74.3499135, 23.0760041 ], [ 74.3558897, 23.0798134 ], [ 74.3543906, 23.08604 ], [ 74.356287, 23.0886538 ], [ 74.3696654, 23.0986846 ], [ 74.3774124, 23.1063663 ], [ 74.386202, 23.1115179 ], [ 74.3890489, 23.1114657 ], [ 74.3898892, 23.109773 ], [ 74.3921654, 23.1111706 ], [ 74.3984297, 23.110263 ], [ 74.4000693, 23.1114493 ], [ 74.406307, 23.1120239 ], [ 74.421579, 23.1043709 ], [ 74.4273793, 23.1066955 ], [ 74.4318101, 23.1049952 ], [ 74.4403854, 23.0951844 ], [ 74.4407165, 23.0906826 ], [ 74.4540833, 23.0883311 ], [ 74.4577303, 23.0846266 ], [ 74.4638438, 23.081793 ], [ 74.4670169, 23.0830322 ], [ 74.4743889, 23.0816568 ], [ 74.474718, 23.0836452 ], [ 74.4892408, 23.0876809 ], [ 74.4917422, 23.0858959 ], [ 74.499203, 23.0868772 ], [ 74.5058633, 23.0851413 ], [ 74.5090844, 23.0867502 ], [ 74.5069097, 23.0913955 ], [ 74.510277, 23.0944637 ], [ 74.5148548, 23.0962754 ], [ 74.5233842, 23.0962562 ], [ 74.5314351, 23.0990715 ], [ 74.5393398, 23.1033449 ], [ 74.5455139, 23.109844 ], [ 74.5464216, 23.1143497 ], [ 74.5447921, 23.1197061 ], [ 74.5439582, 23.1222691 ], [ 74.5394192, 23.1272919 ], [ 74.5393733, 23.1293016 ], [ 74.572227, 23.1331474 ], [ 74.5767753, 23.1341804 ], [ 74.5854902, 23.1397454 ], [ 74.5964991, 23.1378906 ], [ 74.6066146, 23.1425592 ], [ 74.618397, 23.1503747 ], [ 74.6249446, 23.161718 ], [ 74.6327101, 23.1639494 ], [ 74.6493036, 23.1752199 ], [ 74.6642465, 23.1951615 ], [ 74.6715441, 23.1999599 ], [ 74.6750304, 23.1989283 ], [ 74.6776672, 23.1955689 ], [ 74.6818731, 23.1938747 ], [ 74.6988111, 23.1923047 ], [ 74.7080753, 23.1942281 ], [ 74.7150989, 23.1907136 ], [ 74.7216108, 23.1958651 ], [ 74.7245262, 23.1965974 ], [ 74.7250451, 23.200889 ], [ 74.7421361, 23.2089123 ], [ 74.7444324, 23.2116576 ], [ 74.7405556, 23.2176809 ], [ 74.7435691, 23.2210597 ], [ 74.7489103, 23.2237602 ], [ 74.7475219, 23.2266531 ], [ 74.741116, 23.226444 ], [ 74.7412847, 23.224755 ], [ 74.7337673, 23.2204246 ], [ 74.732908, 23.2175732 ], [ 74.726365, 23.2150056 ], [ 74.7228282, 23.216788 ], [ 74.716937, 23.2157793 ], [ 74.7156642, 23.2191419 ], [ 74.7022162, 23.2145101 ], [ 74.6920658, 23.2191516 ], [ 74.6920269, 23.225398 ], [ 74.6978896, 23.2261997 ], [ 74.7039581, 23.2289934 ], [ 74.7058879, 23.2315218 ], [ 74.7088058, 23.2314234 ], [ 74.7095056, 23.2332674 ], [ 74.7151139, 23.2366832 ], [ 74.7129748, 23.2427992 ], [ 74.7127675, 23.2505311 ], [ 74.7076747, 23.254835 ], [ 74.6987826, 23.2573068 ], [ 74.7010734, 23.2646551 ], [ 74.6999554, 23.2683656 ], [ 74.695327, 23.2657596 ], [ 74.6924279, 23.2658398 ], [ 74.6882631, 23.267855 ], [ 74.6862154, 23.2675889 ], [ 74.678105, 23.2717864 ], [ 74.6768244, 23.2736943 ], [ 74.6731425, 23.269956 ], [ 74.6637773, 23.267407 ], [ 74.6566668, 23.260802 ], [ 74.6485552, 23.2559288 ], [ 74.6385555, 23.2554093 ], [ 74.626765, 23.2590627 ], [ 74.6239265, 23.2718167 ], [ 74.6248415, 23.2738677 ], [ 74.6218502, 23.2736708 ], [ 74.6168913, 23.2793812 ], [ 74.6079501, 23.2824574 ], [ 74.6016792, 23.2802331 ], [ 74.5982863, 23.276941 ], [ 74.5947472, 23.2767964 ], [ 74.5928195, 23.2788825 ], [ 74.5892159, 23.2790357 ], [ 74.5874569, 23.2771161 ], [ 74.5849935, 23.276938 ], [ 74.5852788, 23.2795086 ], [ 74.5793423, 23.28461 ], [ 74.5768531, 23.2848065 ], [ 74.5736904, 23.2892151 ], [ 74.5743658, 23.2951696 ], [ 74.5682392, 23.2951845 ], [ 74.5632111, 23.2926865 ], [ 74.5623805, 23.2910131 ], [ 74.5633607, 23.2882774 ], [ 74.5599366, 23.2818333 ], [ 74.5564718, 23.2784317 ], [ 74.553483, 23.2774702 ], [ 74.5496707, 23.2786065 ], [ 74.5466691, 23.277121 ], [ 74.5438321, 23.2804098 ], [ 74.5414686, 23.2867305 ], [ 74.539571, 23.2997007 ], [ 74.5342673, 23.3006516 ], [ 74.5319247, 23.3063624 ], [ 74.527919, 23.3107539 ], [ 74.5310806, 23.3128048 ], [ 74.5297326, 23.320673 ], [ 74.5236228, 23.3211332 ], [ 74.5150338, 23.3160982 ], [ 74.5140368, 23.3280456 ], [ 74.5352675, 23.3308198 ], [ 74.5401005, 23.3362538 ], [ 74.5381935, 23.3459946 ], [ 74.5415585, 23.3574853 ], [ 74.5413729, 23.3602262 ], [ 74.5398166, 23.3618656 ], [ 74.5423948, 23.3646553 ], [ 74.5466256, 23.3648979 ], [ 74.55469, 23.3612944 ], [ 74.5577014, 23.3619081 ], [ 74.5586083, 23.3642909 ], [ 74.5576861, 23.3680008 ], [ 74.559246, 23.3711802 ], [ 74.5651309, 23.3728542 ], [ 74.5689407, 23.3763017 ], [ 74.5694868, 23.3783853 ], [ 74.5665701, 23.386141 ], [ 74.5730399, 23.3963568 ], [ 74.5699537, 23.4126029 ], [ 74.5723502, 23.4206667 ], [ 74.575073, 23.4232124 ], [ 74.581842, 23.4215641 ], [ 74.5851483, 23.4238176 ], [ 74.5847905, 23.4255464 ], [ 74.5871808, 23.4265147 ], [ 74.5901725, 23.4245264 ], [ 74.5942506, 23.4241531 ], [ 74.5965677, 23.4282826 ], [ 74.5990674, 23.4287497 ], [ 74.5993158, 23.4372592 ], [ 74.6061714, 23.4445345 ], [ 74.6099148, 23.4516256 ], [ 74.6097375, 23.4536711 ], [ 74.6038866, 23.457265 ], [ 74.6126996, 23.4619299 ], [ 74.6162258, 23.4597753 ], [ 74.6318725, 23.4613937 ], [ 74.633541, 23.4670748 ], [ 74.6327705, 23.4695073 ], [ 74.6361481, 23.4679164 ], [ 74.6392856, 23.4635469 ], [ 74.6518837, 23.4622797 ], [ 74.6589548, 23.4672995 ], [ 74.664162, 23.4758558 ], [ 74.6664199, 23.4775182 ], [ 74.6660597, 23.4825035 ], [ 74.6770272, 23.4827254 ], [ 74.6813105, 23.4852272 ], [ 74.6821659, 23.4878891 ], [ 74.6803375, 23.4947774 ], [ 74.6865273, 23.4947358 ], [ 74.6967388, 23.5026597 ], [ 74.7034917, 23.5050077 ], [ 74.7113704, 23.5032295 ], [ 74.7187212, 23.5032294 ], [ 74.7237259, 23.4962875 ], [ 74.7292392, 23.4966179 ], [ 74.7329365, 23.5014433 ], [ 74.7324608, 23.504193 ], [ 74.7340493, 23.5081837 ], [ 74.7391218, 23.5137926 ], [ 74.7346806, 23.5182112 ], [ 74.7352881, 23.5205652 ], [ 74.7615104, 23.5211409 ], [ 74.7623725, 23.5263965 ], [ 74.766893, 23.5308602 ], [ 74.767227, 23.5355691 ], [ 74.7709185, 23.5423888 ], [ 74.7736837, 23.5443725 ], [ 74.7941094, 23.5508809 ], [ 74.7990137, 23.5381025 ], [ 74.8032961, 23.5330842 ], [ 74.8064811, 23.5381285 ], [ 74.8103237, 23.5408163 ], [ 74.8141676, 23.5407411 ], [ 74.8180696, 23.5423678 ], [ 74.8221198, 23.5408479 ], [ 74.8243031, 23.5427086 ], [ 74.8246597, 23.5451016 ], [ 74.8287769, 23.5482856 ], [ 74.8292315, 23.5505521 ], [ 74.8365328, 23.5510371 ], [ 74.8402942, 23.5498776 ], [ 74.8468314, 23.5518609 ], [ 74.8466252, 23.554055 ], [ 74.8487799, 23.5544029 ], [ 74.8484612, 23.5560733 ], [ 74.8508946, 23.5587554 ], [ 74.8501405, 23.5606852 ], [ 74.8523728, 23.5639112 ], [ 74.8538034, 23.5711413 ], [ 74.8569066, 23.5739298 ], [ 74.8664184, 23.5737003 ], [ 74.8682747, 23.5741654 ], [ 74.8711888, 23.5777501 ], [ 74.8733637, 23.5769014 ], [ 74.8733146, 23.5815875 ], [ 74.8709046, 23.5855196 ], [ 74.8699051, 23.5919349 ], [ 74.8798494, 23.595217 ], [ 74.8798153, 23.5996594 ], [ 74.8820593, 23.6059932 ], [ 74.8846804, 23.6066296 ], [ 74.8854644, 23.6081419 ], [ 74.8936071, 23.6094956 ], [ 74.8974988, 23.61567 ], [ 74.9016485, 23.6175845 ], [ 74.9008746, 23.6186321 ], [ 74.9035099, 23.6230101 ], [ 74.9029436, 23.625101 ], [ 74.9074218, 23.6240148 ], [ 74.9100329, 23.6222193 ], [ 74.9110659, 23.6191582 ], [ 74.9149853, 23.6181054 ], [ 74.9244373, 23.6199942 ], [ 74.9274563, 23.6218984 ], [ 74.9273497, 23.6252482 ], [ 74.9365387, 23.6287707 ], [ 74.9361027, 23.6395787 ], [ 74.9284099, 23.6415499 ], [ 74.9240078, 23.6506482 ], [ 74.9242945, 23.6572123 ], [ 74.9216806, 23.666486 ], [ 74.9175351, 23.6694126 ], [ 74.908007, 23.6710988 ], [ 74.907101, 23.6745798 ], [ 74.9038366, 23.674743 ], [ 74.9042006, 23.6801423 ], [ 74.8994607, 23.6822018 ], [ 74.8995927, 23.6840034 ], [ 74.9177234, 23.690649 ], [ 74.9215928, 23.6946522 ], [ 74.9183019, 23.705628 ], [ 74.9201418, 23.7111839 ], [ 74.9202285, 23.71918 ], [ 74.9244549, 23.7183977 ], [ 74.9265787, 23.7202073 ], [ 74.9252561, 23.723395 ], [ 74.9279779, 23.7240622 ], [ 74.9286218, 23.7280122 ], [ 74.9363753, 23.7295804 ], [ 74.9351019, 23.7328403 ], [ 74.9317679, 23.7343359 ], [ 74.9299608, 23.740097 ], [ 74.9303179, 23.7495594 ], [ 74.9263348, 23.7517024 ], [ 74.924521, 23.7563857 ], [ 74.9342495, 23.7579192 ], [ 74.9403631, 23.7647336 ], [ 74.9388218, 23.7701305 ], [ 74.9353067, 23.7732859 ], [ 74.9319885, 23.7842003 ], [ 74.9284533, 23.7879521 ], [ 74.92434, 23.796621 ], [ 74.9037077, 23.7943062 ], [ 74.9038862, 23.7984929 ], [ 74.9067631, 23.8044426 ], [ 74.9057384, 23.8095227 ], [ 74.9063819, 23.8158324 ], [ 74.9085418, 23.8229286 ], [ 74.9115931, 23.8261415 ], [ 74.908901, 23.8357189 ], [ 74.9138361, 23.8416831 ], [ 74.9124046, 23.8459546 ], [ 74.9060101, 23.848069 ], [ 74.9036695, 23.8527374 ], [ 74.9030138, 23.8628985 ], [ 74.9040403, 23.8692534 ], [ 74.9026183, 23.8729513 ], [ 74.9081911, 23.8816213 ], [ 74.90868, 23.8918057 ], [ 74.9106841, 23.898938 ], [ 74.9104874, 23.9062901 ], [ 74.9129208, 23.9110742 ], [ 74.9208987, 23.9190903 ], [ 74.9202134, 23.922879 ], [ 74.9212052, 23.924135 ], [ 74.9162147, 23.929895 ], [ 74.9165084, 23.9317468 ], [ 74.9201371, 23.9352216 ], [ 74.9269408, 23.9377631 ], [ 74.928237, 23.9394031 ], [ 74.9292769, 23.9427004 ], [ 74.9279973, 23.9463263 ], [ 74.9294444, 23.9508884 ], [ 74.929069, 23.9544423 ], [ 74.9307532, 23.9569858 ], [ 74.9336222, 23.9588522 ], [ 74.9472038, 23.9626013 ], [ 74.9559005, 23.9684706 ], [ 74.959143, 23.9721612 ], [ 74.962724, 23.9787376 ], [ 74.9624998, 23.9891835 ], [ 74.9646903, 23.9958272 ], [ 74.9631461, 23.9980714 ], [ 74.9633943, 24.0021967 ], [ 74.9648219, 24.0059427 ], [ 74.9673456, 24.0097513 ], [ 74.9722626, 24.0132649 ], [ 74.9764702, 24.0206251 ], [ 74.9822982, 24.0254107 ], [ 74.9789509, 24.0312502 ], [ 74.9781688, 24.0366633 ], [ 74.9765709, 24.0360505 ], [ 74.9738212, 24.0397902 ], [ 74.9714411, 24.0385367 ], [ 74.9691961, 24.0403755 ], [ 74.9653561, 24.0387751 ], [ 74.9605685, 24.0388411 ], [ 74.9596603, 24.0460393 ], [ 74.9553485, 24.0469562 ], [ 74.9553101, 24.0486039 ], [ 74.9457887, 24.0494979 ], [ 74.9393414, 24.0539203 ], [ 74.9382004, 24.0630803 ], [ 74.940677, 24.0699185 ], [ 74.9323944, 24.0742917 ], [ 74.9274728, 24.0743928 ], [ 74.9209033, 24.0776684 ], [ 74.9208814, 24.0802364 ], [ 74.9187379, 24.0809909 ], [ 74.9191475, 24.0853968 ], [ 74.9206626, 24.0868544 ], [ 74.9176989, 24.0909317 ], [ 74.9181733, 24.0980642 ], [ 74.9152045, 24.1026244 ], [ 74.9084725, 24.1046169 ], [ 74.9035212, 24.1093037 ], [ 74.9082408, 24.121243 ], [ 74.9048773, 24.1245888 ], [ 74.9013521, 24.1260336 ], [ 74.9020644, 24.1389088 ], [ 74.8956549, 24.1526049 ], [ 74.896108, 24.1579509 ], [ 74.8908343, 24.1624883 ], [ 74.8897375, 24.1654453 ], [ 74.8864999, 24.1657164 ], [ 74.884729, 24.1699374 ], [ 74.8824114, 24.1702354 ], [ 74.881708, 24.173102 ], [ 74.8797546, 24.1736077 ], [ 74.8844986, 24.1822387 ], [ 74.8905274, 24.1877185 ], [ 74.8944746, 24.1901918 ], [ 74.8979291, 24.1897128 ], [ 74.8990318, 24.1906742 ], [ 74.9017981, 24.1941677 ], [ 74.90235, 24.1972329 ], [ 74.9069967, 24.2006582 ], [ 74.9103215, 24.2100832 ], [ 74.9057694, 24.2130545 ], [ 74.8980238, 24.214488 ], [ 74.897104, 24.2272893 ], [ 74.887136, 24.229692 ], [ 74.8779209, 24.2378226 ], [ 74.8675773, 24.2430861 ], [ 74.8517848, 24.2367376 ], [ 74.8392605, 24.2372723 ], [ 74.8333176, 24.2398619 ], [ 74.8232794, 24.2398182 ], [ 74.8158292, 24.2433819 ], [ 74.8108169, 24.2441789 ], [ 74.8040924, 24.2429389 ], [ 74.7950384, 24.2431648 ], [ 74.7868731, 24.2397519 ], [ 74.7748271, 24.2387108 ], [ 74.762217, 24.2411803 ], [ 74.7587393, 24.2432814 ], [ 74.7543242, 24.2421675 ], [ 74.7543515, 24.2445465 ], [ 74.7471103, 24.2534685 ], [ 74.7491783, 24.2584054 ], [ 74.7589698, 24.2657894 ], [ 74.7672847, 24.2740745 ], [ 74.7746139, 24.278052 ], [ 74.7751524, 24.2824175 ], [ 74.781323, 24.2891746 ], [ 74.7807541, 24.3059941 ], [ 74.7836592, 24.3145052 ], [ 74.7831384, 24.3193484 ], [ 74.7788591, 24.3238555 ], [ 74.7811796, 24.3383379 ], [ 74.7909323, 24.3451681 ], [ 74.7923804, 24.3491426 ], [ 74.7961223, 24.3537672 ], [ 74.8019931, 24.3585505 ], [ 74.8010732, 24.3643688 ], [ 74.8084243, 24.3765513 ], [ 74.8072589, 24.3808302 ], [ 74.8109643, 24.3825427 ], [ 74.8173089, 24.3794936 ], [ 74.8225921, 24.3795859 ], [ 74.824915, 24.3882628 ], [ 74.8251913, 24.4000176 ], [ 74.8302433, 24.4015178 ], [ 74.8349839, 24.4064937 ], [ 74.8397749, 24.4081425 ], [ 74.8473984, 24.4204044 ], [ 74.8498679, 24.4225852 ], [ 74.8550986, 24.4241387 ], [ 74.85379, 24.436277 ], [ 74.8552272, 24.4408985 ], [ 74.8538726, 24.4445288 ], [ 74.8514068, 24.4456028 ], [ 74.8471323, 24.4424378 ], [ 74.8413585, 24.4410056 ], [ 74.833927, 24.4431751 ], [ 74.831881, 24.4420956 ], [ 74.8322767, 24.438358 ], [ 74.8300935, 24.4351389 ], [ 74.8259267, 24.4364738 ], [ 74.8137526, 24.4367402 ], [ 74.818987, 24.452686 ], [ 74.8217582, 24.4531067 ], [ 74.8195456, 24.4605452 ], [ 74.8153452, 24.4684748 ], [ 74.8061823, 24.4671032 ], [ 74.7868846, 24.4722111 ], [ 74.7817937, 24.4675144 ], [ 74.7806522, 24.4639973 ], [ 74.7771385, 24.4605011 ], [ 74.7694182, 24.4632089 ], [ 74.7656571, 24.4667679 ], [ 74.7501168, 24.4666972 ], [ 74.7481524, 24.4699202 ], [ 74.7460857, 24.469782 ], [ 74.7443238, 24.4737152 ], [ 74.7316985, 24.4807982 ], [ 74.7279467, 24.4890841 ], [ 74.7205288, 24.4891572 ], [ 74.708727, 24.4864735 ], [ 74.7121628, 24.5004633 ], [ 74.71814, 24.5089763 ], [ 74.7247786, 24.5120367 ], [ 74.7246724, 24.5131808 ], [ 74.7446258, 24.5134577 ], [ 74.7465256, 24.5196943 ], [ 74.7458017, 24.5253513 ], [ 74.7435825, 24.5274764 ], [ 74.7447884, 24.5292174 ], [ 74.7442224, 24.5323122 ], [ 74.7555349, 24.5348826 ], [ 74.7527476, 24.5440813 ], [ 74.7524432, 24.5507641 ], [ 74.7535929, 24.553602 ], [ 74.7491551, 24.5594562 ], [ 74.7485942, 24.5626363 ], [ 74.7445949, 24.5677673 ], [ 74.7435129, 24.5714588 ], [ 74.7492902, 24.5746135 ], [ 74.7532907, 24.574347 ], [ 74.751981, 24.5774291 ], [ 74.7527816, 24.5796431 ], [ 74.7581986, 24.5771637 ], [ 74.7600742, 24.5776634 ], [ 74.7600955, 24.5794427 ], [ 74.7659171, 24.5796776 ], [ 74.7668525, 24.5785592 ], [ 74.7781312, 24.5814708 ], [ 74.7806275, 24.5856877 ], [ 74.7864299, 24.5859308 ], [ 74.7859616, 24.5941625 ], [ 74.7833338, 24.5943619 ], [ 74.7828208, 24.6054248 ], [ 74.7809323, 24.6053686 ], [ 74.7794001, 24.6154403 ], [ 74.7812919, 24.6154973 ], [ 74.7819298, 24.6178916 ], [ 74.7847259, 24.6177736 ], [ 74.7857459, 24.6192924 ], [ 74.7917371, 24.6197659 ], [ 74.7902065, 24.6222836 ], [ 74.7912824, 24.6317817 ], [ 74.7965194, 24.6346744 ], [ 74.8029426, 24.6341998 ], [ 74.8063148, 24.6483971 ], [ 74.8104624, 24.6502132 ], [ 74.8117542, 24.6520528 ], [ 74.8141386, 24.6501818 ], [ 74.8162609, 24.6585475 ], [ 74.8136655, 24.6593165 ], [ 74.814585, 24.6657525 ], [ 74.8035855, 24.6653592 ], [ 74.8007224, 24.6666018 ], [ 74.7980037, 24.6639701 ], [ 74.7907527, 24.6650755 ], [ 74.7902178, 24.6598726 ], [ 74.7885036, 24.6595631 ], [ 74.7885108, 24.6582581 ], [ 74.7860185, 24.6588554 ], [ 74.7839411, 24.6577527 ], [ 74.7805464, 24.6605046 ], [ 74.7742776, 24.6594838 ], [ 74.7719368, 24.6614807 ], [ 74.7740341, 24.6657467 ], [ 74.7776979, 24.6813179 ], [ 74.7807422, 24.6841853 ], [ 74.7843074, 24.6917633 ], [ 74.7835511, 24.6975559 ], [ 74.7845078, 24.7017117 ], [ 74.7876128, 24.7041772 ], [ 74.7841624, 24.7128063 ], [ 74.7822125, 24.7254519 ], [ 74.7796046, 24.732452 ], [ 74.7821077, 24.7288069 ], [ 74.784843, 24.7281381 ], [ 74.7890937, 24.7318018 ], [ 74.8039673, 24.733967 ], [ 74.7992135, 24.7637658 ], [ 74.7997778, 24.7790681 ], [ 74.8087998, 24.7810496 ], [ 74.8144115, 24.7606355 ], [ 74.8169639, 24.7481368 ], [ 74.8161049, 24.748008 ], [ 74.8232092, 24.7350385 ], [ 74.8304378, 24.7277721 ], [ 74.8298495, 24.7204243 ], [ 74.83649, 24.707953 ], [ 74.8358297, 24.7067394 ], [ 74.8437341, 24.6987008 ], [ 74.8480974, 24.6997665 ], [ 74.8463865, 24.6962289 ], [ 74.8494809, 24.6879141 ], [ 74.8545028, 24.6876481 ], [ 74.8518771, 24.6845116 ], [ 74.8507346, 24.6851788 ], [ 74.8501772, 24.6842029 ], [ 74.8514997, 24.6776654 ], [ 74.8530854, 24.6781772 ], [ 74.8524952, 24.6842187 ], [ 74.8593814, 24.6828435 ], [ 74.860137, 24.6789381 ], [ 74.8579578, 24.6743571 ], [ 74.8607747, 24.6743598 ], [ 74.8635473, 24.6696524 ], [ 74.8649854, 24.6696221 ], [ 74.864891, 24.6654856 ], [ 74.8672388, 24.664991 ], [ 74.8686887, 24.663055 ], [ 74.8683685, 24.65741 ], [ 74.8755777, 24.6526566 ], [ 74.8713877, 24.6525491 ], [ 74.8716566, 24.6505037 ], [ 74.8737771, 24.6496837 ], [ 74.8732269, 24.646468 ], [ 74.8765508, 24.6428492 ], [ 74.8782021, 24.6468063 ], [ 74.8815164, 24.6426002 ], [ 74.8843931, 24.6414239 ], [ 74.8847946, 24.6398978 ], [ 74.88323, 24.6382168 ], [ 74.8846826, 24.6382044 ], [ 74.8890785, 24.6338319 ], [ 74.893976, 24.6378093 ], [ 74.8940221, 24.6418013 ], [ 74.8930184, 24.642636 ], [ 74.8949789, 24.6439379 ], [ 74.898612, 24.6418586 ], [ 74.8981115, 24.6375683 ], [ 74.9018206, 24.6328067 ], [ 74.9013578, 24.6370376 ], [ 74.9033119, 24.6401051 ], [ 74.905258, 24.640874 ], [ 74.9094498, 24.6379188 ], [ 74.9114895, 24.6388503 ], [ 74.9138623, 24.6370002 ], [ 74.9172361, 24.6377697 ], [ 74.9197568, 24.6362538 ], [ 74.9214948, 24.6378353 ], [ 74.9249334, 24.6379093 ], [ 74.9291688, 24.6354592 ], [ 74.9360092, 24.6397884 ], [ 74.9370426, 24.6380142 ], [ 74.9391473, 24.6379518 ], [ 74.9407962, 24.6405897 ], [ 74.9430899, 24.6378043 ], [ 74.944101, 24.6419005 ], [ 74.941693, 24.6458147 ], [ 74.9421964, 24.6471426 ], [ 74.9438215, 24.6480914 ], [ 74.9474096, 24.645722 ], [ 74.9497648, 24.6497193 ], [ 74.9512975, 24.6472406 ], [ 74.9540281, 24.6519559 ], [ 74.9530244, 24.6537438 ], [ 74.9564627, 24.6557905 ], [ 74.9585511, 24.6609346 ], [ 74.9612754, 24.6560402 ], [ 74.9622783, 24.6564243 ], [ 74.9607586, 24.6654689 ], [ 74.9648933, 24.6702928 ], [ 74.9601863, 24.6777652 ], [ 74.9761146, 24.6787665 ], [ 74.983053, 24.6819465 ], [ 74.9971597, 24.6839184 ], [ 75.00172, 24.6864587 ], [ 75.0004596, 24.6918371 ], [ 74.9919335, 24.6932231 ], [ 74.9932151, 24.7110099 ], [ 74.9926801, 24.722435 ], [ 74.993882, 24.7260085 ], [ 74.992387, 24.7317458 ], [ 75.016033, 24.7321203 ], [ 75.0144049, 24.7346999 ], [ 75.0151502, 24.7401221 ], [ 75.0069291, 24.7712456 ], [ 75.0014888, 24.7745241 ], [ 74.9991169, 24.7747469 ], [ 74.9904104, 24.7692289 ], [ 74.9844132, 24.7688272 ], [ 74.9817148, 24.7641212 ], [ 74.9756191, 24.7636875 ], [ 74.9720203, 24.7637756 ], [ 74.9691483, 24.7706116 ], [ 74.9647721, 24.7693188 ], [ 74.9534289, 24.7736811 ], [ 74.9479847, 24.7719911 ], [ 74.9406147, 24.7747435 ], [ 74.9373882, 24.7783605 ], [ 74.9308919, 24.7790988 ], [ 74.9212921, 24.7706973 ], [ 74.9145334, 24.7692006 ], [ 74.9104206, 24.7704204 ], [ 74.9067107, 24.7818278 ], [ 74.8921056, 24.7835952 ], [ 74.8885213, 24.7864123 ], [ 74.8804224, 24.7894146 ], [ 74.8793201, 24.797377 ], [ 74.860435, 24.7984868 ], [ 74.8591115, 24.7958798 ], [ 74.8609377, 24.7854262 ], [ 74.860171, 24.7794173 ], [ 74.8493729, 24.7761345 ], [ 74.8483166, 24.7796707 ], [ 74.840503, 24.7897402 ], [ 74.8386955, 24.7980368 ], [ 74.8615188, 24.8041365 ], [ 74.8595343, 24.8077085 ], [ 74.8608482, 24.8224607 ], [ 74.8587604, 24.8385074 ], [ 74.8510663, 24.8512863 ], [ 74.8499695, 24.8573664 ], [ 74.8465734, 24.8604966 ], [ 74.8430343, 24.874171 ], [ 74.8429348, 24.878781 ], [ 74.8403749, 24.8848155 ], [ 74.8374843, 24.8872613 ], [ 74.8307398, 24.88693 ], [ 74.8300504, 24.8912044 ], [ 74.8284318, 24.8923819 ], [ 74.8252862, 24.9001492 ], [ 74.8248911, 24.9229077 ], [ 74.8265289, 24.9245061 ], [ 74.8263819, 24.9335201 ], [ 74.8338632, 24.9441342 ], [ 74.8332243, 24.9597156 ], [ 74.8426344, 24.9688493 ], [ 74.8481462, 24.9661422 ], [ 74.8517607, 24.9670726 ], [ 74.8590353, 24.9622348 ], [ 74.8591104, 24.9557891 ], [ 74.8625814, 24.9531804 ], [ 74.8657068, 24.9350171 ], [ 74.8694795, 24.9249741 ], [ 74.8793944, 24.9299799 ], [ 74.8806966, 24.93736 ], [ 74.8878452, 24.937549 ], [ 74.8919479, 24.9297398 ], [ 74.9029422, 24.929508 ], [ 74.9077953, 24.9182856 ], [ 74.9133431, 24.9161763 ], [ 74.9130043, 24.9086925 ], [ 74.9163019, 24.9071648 ], [ 74.9124031, 24.9008928 ], [ 74.9104117, 24.8943708 ], [ 74.9169412, 24.88619 ], [ 74.920657, 24.8848709 ], [ 74.9238957, 24.8783023 ], [ 74.9266969, 24.8798135 ], [ 74.9315885, 24.8754017 ], [ 74.9322346, 24.8813146 ], [ 74.9412845, 24.8807015 ], [ 74.941081, 24.8794015 ], [ 74.9438919, 24.8800457 ], [ 74.9449848, 24.8789078 ], [ 74.9492466, 24.8814515 ], [ 74.952606, 24.8806824 ], [ 74.9508762, 24.876007 ], [ 74.9518957, 24.8764578 ], [ 74.9510681, 24.8742059 ], [ 74.951929, 24.8741603 ], [ 74.9482075, 24.8645748 ], [ 74.9567592, 24.860702 ], [ 74.9586622, 24.8581867 ], [ 74.968115, 24.8561182 ], [ 74.980574, 24.8586468 ], [ 74.9840158, 24.8568478 ], [ 74.9849697, 24.8533161 ], [ 74.9921823, 24.8545697 ], [ 74.9938774, 24.8534639 ], [ 75.0015738, 24.8561176 ], [ 75.0083146, 24.8564244 ], [ 75.0147632, 24.8540035 ], [ 75.0209882, 24.8485704 ], [ 75.0294256, 24.846668 ], [ 75.0330476, 24.8444094 ], [ 75.0388775, 24.8455459 ], [ 75.041961, 24.846972 ], [ 75.0414471, 24.8492119 ], [ 75.0471632, 24.8495805 ], [ 75.0513067, 24.8526723 ], [ 75.051996, 24.8559279 ], [ 75.0565916, 24.8621442 ], [ 75.0588387, 24.8622156 ], [ 75.0598961, 24.8635772 ], [ 75.0593557, 24.8668801 ], [ 75.0554846, 24.8698272 ], [ 75.0553054, 24.8718945 ], [ 75.0627682, 24.8714801 ], [ 75.0638553, 24.867691 ], [ 75.0654443, 24.86802 ], [ 75.0765344, 24.880681 ], [ 75.0882054, 24.8787057 ], [ 75.0871949, 24.8707904 ], [ 75.0984916, 24.8724542 ], [ 75.1124902, 24.8785179 ], [ 75.1169303, 24.8782616 ], [ 75.118924, 24.882297 ], [ 75.1185259, 24.8852504 ], [ 75.11625, 24.8918993 ], [ 75.1144043, 24.8927722 ], [ 75.1174114, 24.8950096 ], [ 75.1160964, 24.8970607 ], [ 75.113339, 24.8972435 ], [ 75.1132373, 24.8997135 ], [ 75.1159218, 24.9062139 ], [ 75.1176353, 24.9066506 ], [ 75.1194855, 24.9101803 ], [ 75.116426, 24.910599 ], [ 75.1167682, 24.9217966 ], [ 75.1183713, 24.925602 ], [ 75.1141226, 24.9364382 ], [ 75.1150804, 24.9438656 ], [ 75.1135612, 24.9668083 ], [ 75.127571, 24.9678782 ], [ 75.1303542, 24.971872 ], [ 75.13559, 24.9760397 ], [ 75.1411818, 24.9783465 ], [ 75.1384477, 24.9798527 ], [ 75.1294909, 24.9800686 ], [ 75.1321946, 24.9836108 ], [ 75.1372261, 24.9861892 ], [ 75.1393559, 24.9856588 ], [ 75.1421623, 24.9898719 ], [ 75.1517707, 24.989074 ], [ 75.1531155, 24.9947487 ], [ 75.1558193, 24.9936396 ], [ 75.1586827, 25.0010962 ], [ 75.1663257, 25.0028805 ], [ 75.1661266, 25.0059242 ], [ 75.1685695, 25.0059305 ], [ 75.1661211, 25.0129007 ], [ 75.1614705, 25.0186315 ], [ 75.1567311, 25.0211202 ], [ 75.1516258, 25.0203578 ], [ 75.1513603, 25.0261831 ], [ 75.1522358, 25.0314245 ], [ 75.1571216, 25.0358674 ], [ 75.155363, 25.0366052 ], [ 75.1559443, 25.037711 ], [ 75.1645195, 25.041856 ], [ 75.1652484, 25.0438371 ], [ 75.1641182, 25.0456901 ], [ 75.167081, 25.0484142 ], [ 75.1760902, 25.0397521 ], [ 75.1839075, 25.0371191 ], [ 75.1908504, 25.0364525 ], [ 75.1923646, 25.0380386 ], [ 75.193325, 25.0436366 ], [ 75.1968456, 25.0444854 ], [ 75.1994257, 25.0429828 ], [ 75.1998515, 25.0396543 ], [ 75.1988025, 25.0377095 ], [ 75.2053677, 25.0394662 ], [ 75.217845, 25.0348787 ], [ 75.2218333, 25.0367783 ], [ 75.2251195, 25.0340957 ], [ 75.2270527, 25.0342915 ], [ 75.2301208, 25.0370502 ], [ 75.2361375, 25.036842 ], [ 75.2402926, 25.0351421 ], [ 75.2499996, 25.0357991 ], [ 75.2516345, 25.0384874 ], [ 75.2539016, 25.0394905 ], [ 75.2601973, 25.0399447 ], [ 75.268376, 25.0424407 ], [ 75.2738465, 25.0395092 ], [ 75.2831911, 25.0380558 ], [ 75.2939737, 25.0390644 ], [ 75.3011027, 25.0417368 ], [ 75.3094247, 25.0417333 ], [ 75.3251401, 25.039171 ], [ 75.3321598, 25.0414945 ], [ 75.3471765, 25.0321403 ], [ 75.3463944, 25.0307333 ], [ 75.342717, 25.0307192 ], [ 75.3502068, 25.0224023 ], [ 75.3503515, 25.0175342 ], [ 75.3448728, 25.0182831 ], [ 75.3391414, 25.0172848 ], [ 75.339256, 25.019321 ], [ 75.3329848, 25.0166485 ], [ 75.3205406, 25.0067688 ], [ 75.3165288, 25.0055582 ], [ 75.3117661, 24.9953724 ], [ 75.3115068, 24.9888344 ], [ 75.3134563, 24.9800116 ], [ 75.3184744, 24.9741262 ], [ 75.3272344, 24.9709735 ], [ 75.3270219, 24.9674382 ], [ 75.3299557, 24.9604598 ], [ 75.3319378, 24.9574615 ], [ 75.3368848, 24.9548177 ], [ 75.3352849, 24.9437856 ], [ 75.3290933, 24.9341543 ], [ 75.3258258, 24.9194679 ], [ 75.3210004, 24.9127862 ], [ 75.3203429, 24.9016704 ], [ 75.3184473, 24.894156 ], [ 75.3143323, 24.8859509 ], [ 75.3127363, 24.885137 ], [ 75.315123, 24.889336 ], [ 75.3152697, 24.8944292 ], [ 75.311654, 24.9075816 ], [ 75.3093122, 24.9116053 ], [ 75.3085919, 24.9166145 ], [ 75.3027224, 24.9198732 ], [ 75.3008845, 24.9236249 ], [ 75.301406, 24.9262836 ], [ 75.3048731, 24.9286561 ], [ 75.3005113, 24.9331128 ], [ 75.2977032, 24.9330055 ], [ 75.2900877, 24.9376581 ], [ 75.28839, 24.9444392 ], [ 75.2867744, 24.9461356 ], [ 75.2867117, 24.9490348 ], [ 75.2884017, 24.9516144 ], [ 75.2818721, 24.9530854 ], [ 75.2853067, 24.9647831 ], [ 75.2821929, 24.9656064 ], [ 75.278266, 24.9638309 ], [ 75.2777877, 24.9649282 ], [ 75.2738923, 24.9640414 ], [ 75.272181, 24.9607301 ], [ 75.2728722, 24.9596722 ], [ 75.2706378, 24.9571883 ], [ 75.2708212, 24.9527311 ], [ 75.2667062, 24.9508826 ], [ 75.2670845, 24.9471476 ], [ 75.2689163, 24.9422314 ], [ 75.2729288, 24.9381826 ], [ 75.2726416, 24.935939 ], [ 75.2792642, 24.9343507 ], [ 75.277282, 24.924935 ], [ 75.2878353, 24.9235236 ], [ 75.287793, 24.9198261 ], [ 75.2934771, 24.9112851 ], [ 75.2940673, 24.9075451 ], [ 75.2867437, 24.9087638 ], [ 75.2842996, 24.9079569 ], [ 75.2816201, 24.9032206 ], [ 75.2773334, 24.8991511 ], [ 75.2726952, 24.9040545 ], [ 75.2673085, 24.8994358 ], [ 75.2640715, 24.8952104 ], [ 75.2650701, 24.8921877 ], [ 75.2633004, 24.8910846 ], [ 75.2623123, 24.8826376 ], [ 75.2634343, 24.8748553 ], [ 75.2743634, 24.8747815 ], [ 75.2781258, 24.872738 ], [ 75.2811056, 24.8683793 ], [ 75.290193, 24.8662125 ], [ 75.2913964, 24.8622861 ], [ 75.2931342, 24.8625085 ], [ 75.2946272, 24.8576243 ], [ 75.3080504, 24.8560438 ], [ 75.3152958, 24.8579116 ], [ 75.3181778, 24.8604532 ], [ 75.3227687, 24.8691892 ], [ 75.3225858, 24.8731452 ], [ 75.3266394, 24.8748749 ], [ 75.3382905, 24.8727583 ], [ 75.3505338, 24.8736512 ], [ 75.3736317, 24.8677431 ], [ 75.3801871, 24.8716776 ], [ 75.3959755, 24.8775158 ], [ 75.4017787, 24.8826977 ], [ 75.4161258, 24.8860812 ], [ 75.4216998, 24.8861017 ], [ 75.4257974, 24.8842928 ], [ 75.4243055, 24.8808427 ], [ 75.4257551, 24.8690666 ], [ 75.419084, 24.8620096 ], [ 75.4197127, 24.8561872 ], [ 75.4185734, 24.8544068 ], [ 75.4123894, 24.8521301 ], [ 75.4039289, 24.8451586 ], [ 75.3960243, 24.8415493 ], [ 75.3812872, 24.8381963 ], [ 75.3717054, 24.8326482 ], [ 75.3626822, 24.8300197 ], [ 75.3454149, 24.8216797 ], [ 75.3358622, 24.8221711 ], [ 75.3284273, 24.8190312 ], [ 75.3266933, 24.8181274 ], [ 75.3240152, 24.8118746 ], [ 75.3170389, 24.8038969 ], [ 75.3115953, 24.8011763 ], [ 75.304731, 24.802053 ], [ 75.2979362, 24.8071377 ], [ 75.297336, 24.8126886 ], [ 75.2948595, 24.8157054 ], [ 75.2957955, 24.8202553 ], [ 75.2903082, 24.8285974 ], [ 75.2899587, 24.8336555 ], [ 75.272937, 24.8428362 ], [ 75.262316, 24.842214 ], [ 75.2576099, 24.8446064 ], [ 75.2502287, 24.8456937 ], [ 75.2404203, 24.8457007 ], [ 75.23656, 24.8422216 ], [ 75.2240912, 24.8439243 ], [ 75.2262226, 24.8403809 ], [ 75.2251965, 24.8339838 ], [ 75.2323765, 24.8313312 ], [ 75.245083, 24.8311258 ], [ 75.2490883, 24.8298232 ], [ 75.2500568, 24.8266606 ], [ 75.2539559, 24.8242743 ], [ 75.2542607, 24.8184757 ], [ 75.2523203, 24.8131054 ], [ 75.2495813, 24.8088366 ], [ 75.2441306, 24.8047109 ], [ 75.2399258, 24.8047809 ], [ 75.2330256, 24.8026604 ], [ 75.2217028, 24.803215 ], [ 75.2186686, 24.8051206 ], [ 75.2152004, 24.8021181 ], [ 75.207383, 24.7920804 ], [ 75.2069409, 24.7883707 ], [ 75.2047202, 24.785583 ], [ 75.2074533, 24.7812036 ], [ 75.2015768, 24.7717422 ], [ 75.2074373, 24.7707411 ], [ 75.2046248, 24.7695796 ], [ 75.1929096, 24.7735734 ], [ 75.1903664, 24.7534052 ], [ 75.1844004, 24.7485538 ], [ 75.1870098, 24.747503 ], [ 75.1876321, 24.7437361 ], [ 75.1976443, 24.7432491 ], [ 75.2040382, 24.7313733 ], [ 75.2080724, 24.7193424 ], [ 75.2133022, 24.7130989 ], [ 75.2140727, 24.7098194 ], [ 75.2194432, 24.7025549 ], [ 75.2245078, 24.7151553 ], [ 75.2283831, 24.7176196 ], [ 75.2415499, 24.7134399 ], [ 75.2516991, 24.7135993 ], [ 75.2616694, 24.7156189 ], [ 75.2649016, 24.7175098 ], [ 75.2685293, 24.7147487 ], [ 75.2846021, 24.7089059 ], [ 75.3203998, 24.7024005 ], [ 75.3299513, 24.7029849 ], [ 75.3490352, 24.7008012 ], [ 75.3707, 24.6923863 ], [ 75.382541, 24.6902613 ], [ 75.3917987, 24.6903774 ], [ 75.4340632, 24.6821059 ], [ 75.4564552, 24.68045 ], [ 75.4894136, 24.6866455 ], [ 75.4965236, 24.6911152 ], [ 75.5063306, 24.6999285 ], [ 75.5183467, 24.7058843 ], [ 75.53025, 24.7094778 ], [ 75.5334345, 24.7120494 ], [ 75.5400853, 24.7056541 ], [ 75.5482196, 24.7029378 ], [ 75.5520107, 24.7051501 ], [ 75.5538811, 24.7044569 ], [ 75.5631919, 24.7073618 ], [ 75.5747854, 24.7077739 ], [ 75.5753396, 24.7121881 ], [ 75.580968, 24.711769 ], [ 75.5829721, 24.7132649 ], [ 75.5845703, 24.7082961 ], [ 75.5905742, 24.70578 ], [ 75.5985699, 24.6980763 ], [ 75.6085135, 24.68155 ], [ 75.6107862, 24.6804074 ], [ 75.6459621, 24.6849157 ], [ 75.6577224, 24.6929881 ], [ 75.6834207, 24.7251186 ], [ 75.7404754, 24.7550155 ], [ 75.7568331, 24.7615534 ], [ 75.7698097, 24.7584303 ], [ 75.7775669, 24.761375 ], [ 75.7847358, 24.7617164 ], [ 75.7979728, 24.7563097 ], [ 75.8021671, 24.7564634 ], [ 75.8264569, 24.7348607 ], [ 75.8336056, 24.7318455 ], [ 75.834132, 24.7284876 ], [ 75.8360207, 24.7277637 ], [ 75.8373175, 24.7250472 ], [ 75.8378043, 24.718005 ], [ 75.8338663, 24.6960278 ], [ 75.8335721, 24.6882043 ], [ 75.8285327, 24.6764785 ], [ 75.8284204, 24.672203 ], [ 75.82494, 24.6674539 ], [ 75.8384476, 24.6686253 ], [ 75.8412626, 24.6654352 ], [ 75.8477638, 24.6630191 ], [ 75.8469148, 24.6609603 ], [ 75.8481391, 24.6564199 ], [ 75.8469141, 24.6518792 ], [ 75.8487566, 24.6474008 ], [ 75.8409663, 24.6381067 ], [ 75.8423694, 24.6337758 ], [ 75.8462731, 24.6309949 ], [ 75.842598, 24.6280761 ], [ 75.8447032, 24.6272176 ], [ 75.842118, 24.6257533 ], [ 75.8415564, 24.6237561 ], [ 75.8381091, 24.623098 ], [ 75.8371559, 24.6208998 ], [ 75.8282319, 24.6204163 ], [ 75.8248471, 24.613454 ], [ 75.8258764, 24.6107301 ], [ 75.8328498, 24.6050992 ], [ 75.836386, 24.606152 ], [ 75.8356123, 24.6011984 ], [ 75.832528, 24.5955937 ], [ 75.8354622, 24.5949498 ], [ 75.8383741, 24.5976474 ], [ 75.8416567, 24.6070167 ], [ 75.8457949, 24.6076392 ], [ 75.8458715, 24.6094811 ], [ 75.8492394, 24.6108755 ], [ 75.8630237, 24.6100339 ], [ 75.8628438, 24.6061336 ], [ 75.8711548, 24.6066637 ], [ 75.8726418, 24.5960438 ], [ 75.8721875, 24.5903434 ], [ 75.8783661, 24.5833853 ], [ 75.8820772, 24.5816523 ], [ 75.8941173, 24.5797616 ], [ 75.8987341, 24.5762843 ], [ 75.906447, 24.5756195 ], [ 75.9144166, 24.5722389 ], [ 75.9148177, 24.5690035 ], [ 75.9121896, 24.561307 ], [ 75.905846, 24.5627631 ], [ 75.9052527, 24.5530179 ], [ 75.9035842, 24.5509779 ], [ 75.9036683, 24.5489274 ], [ 75.9041931, 24.5463956 ], [ 75.905963, 24.5453735 ], [ 75.9161026, 24.5426616 ], [ 75.9205946, 24.5358837 ], [ 75.9233388, 24.5351761 ], [ 75.9205501, 24.5216603 ], [ 75.9113831, 24.5138997 ], [ 75.9077736, 24.5129597 ], [ 75.9053763, 24.513823 ], [ 75.9011229, 24.5187884 ], [ 75.8905268, 24.5188287 ], [ 75.8898831, 24.5101357 ], [ 75.8878551, 24.5080705 ], [ 75.8883114, 24.5069976 ], [ 75.8981984, 24.5045188 ], [ 75.902818, 24.5045951 ], [ 75.9039326, 24.4969076 ], [ 75.9079168, 24.4923683 ], [ 75.911639, 24.4919123 ], [ 75.9100903, 24.4830939 ], [ 75.9053911, 24.4724746 ], [ 75.9088596, 24.4621811 ], [ 75.9090597, 24.4550093 ], [ 75.9026283, 24.453788 ], [ 75.9030618, 24.4495589 ], [ 75.9002325, 24.4422155 ], [ 75.8903722, 24.4393704 ], [ 75.8895619, 24.4377676 ], [ 75.8757546, 24.4303704 ], [ 75.8750858, 24.4263645 ], [ 75.8611945, 24.4215539 ], [ 75.8554792, 24.4179693 ], [ 75.8444898, 24.4154933 ], [ 75.8420145, 24.4162747 ], [ 75.8387902, 24.4141793 ], [ 75.8355696, 24.4148745 ], [ 75.8340715, 24.4172895 ], [ 75.8277088, 24.421673 ], [ 75.8248407, 24.4273105 ], [ 75.8168728, 24.4294373 ], [ 75.8098608, 24.4340429 ], [ 75.8144491, 24.4503647 ], [ 75.8134733, 24.4620246 ], [ 75.8033501, 24.4682515 ], [ 75.7894036, 24.4715311 ], [ 75.7854655, 24.4673618 ], [ 75.7843141, 24.4581713 ], [ 75.7860635, 24.4532604 ], [ 75.7811919, 24.449619 ], [ 75.7733957, 24.4496958 ], [ 75.7739771, 24.4416519 ], [ 75.7714916, 24.441876 ], [ 75.768912, 24.4367775 ], [ 75.7632004, 24.4331713 ], [ 75.7617925, 24.4308637 ], [ 75.7578626, 24.4311451 ], [ 75.7476001, 24.4241834 ], [ 75.747591, 24.4228877 ], [ 75.7558905, 24.4206573 ], [ 75.7546863, 24.416702 ], [ 75.7553071, 24.4065278 ], [ 75.7498964, 24.4043837 ], [ 75.7495171, 24.4009719 ], [ 75.7432165, 24.399343 ], [ 75.7427862, 24.3977318 ], [ 75.7353353, 24.3988096 ], [ 75.7279086, 24.3964111 ], [ 75.727751, 24.3905156 ], [ 75.7294853, 24.3777485 ], [ 75.7341088, 24.3783997 ], [ 75.7368869, 24.3823024 ], [ 75.7378678, 24.3823378 ], [ 75.738978, 24.3782382 ], [ 75.7388188, 24.3656709 ], [ 75.7399726, 24.3609617 ], [ 75.7375267, 24.3535559 ], [ 75.7407523, 24.3512873 ], [ 75.7431967, 24.3516826 ], [ 75.7421207, 24.3498553 ], [ 75.7431808, 24.3400542 ], [ 75.7382245, 24.334817 ], [ 75.7398381, 24.3321479 ], [ 75.7488046, 24.3269856 ], [ 75.7573436, 24.3192514 ], [ 75.7609569, 24.3145009 ], [ 75.7664655, 24.298018 ], [ 75.7722812, 24.2966926 ], [ 75.7792726, 24.2975013 ], [ 75.7858053, 24.2966367 ], [ 75.7872078, 24.2987177 ], [ 75.8018278, 24.3021344 ], [ 75.8035339, 24.2984316 ], [ 75.8065233, 24.299784 ], [ 75.8078247, 24.2975599 ], [ 75.8107272, 24.2960904 ], [ 75.808931, 24.294095 ], [ 75.8108935, 24.2927975 ], [ 75.8121826, 24.29331 ], [ 75.8136491, 24.2899515 ], [ 75.8121928, 24.2884707 ], [ 75.8118866, 24.2854949 ], [ 75.8184376, 24.2806912 ], [ 75.8167872, 24.27837 ], [ 75.8131864, 24.2784119 ], [ 75.8117133, 24.2752814 ], [ 75.8125703, 24.2713798 ], [ 75.8141903, 24.2712808 ], [ 75.814202, 24.2677043 ], [ 75.8116128, 24.2579101 ], [ 75.8192215, 24.2569662 ], [ 75.8186371, 24.2549192 ], [ 75.812989, 24.2504699 ], [ 75.8140191, 24.2451909 ], [ 75.8163988, 24.2422331 ], [ 75.817984, 24.2421478 ], [ 75.8180163, 24.2387202 ], [ 75.8254953, 24.2369594 ], [ 75.8302317, 24.2337591 ], [ 75.8236529, 24.229979 ], [ 75.8179424, 24.2294725 ], [ 75.8156834, 24.2258088 ], [ 75.8093558, 24.2297035 ], [ 75.8098825, 24.2249953 ], [ 75.807365, 24.2177655 ], [ 75.7948984, 24.2146972 ], [ 75.7941583, 24.2112736 ], [ 75.7927985, 24.2103459 ], [ 75.7774445, 24.2099825 ], [ 75.7722326, 24.2005485 ], [ 75.7725882, 24.1941885 ], [ 75.7709765, 24.1889675 ], [ 75.7739428, 24.1812711 ], [ 75.7681228, 24.1785279 ], [ 75.7637572, 24.1744992 ], [ 75.7638781, 24.1699963 ], [ 75.7603108, 24.1660403 ], [ 75.7615178, 24.162092 ], [ 75.7587126, 24.1587823 ], [ 75.7591655, 24.1554745 ], [ 75.7516246, 24.1477131 ], [ 75.7509592, 24.143327 ], [ 75.7558329, 24.1402864 ], [ 75.7576958, 24.1349124 ], [ 75.762203, 24.1307264 ], [ 75.7641189, 24.1211027 ], [ 75.7700308, 24.1157895 ], [ 75.7735727, 24.1189914 ], [ 75.7786421, 24.1192591 ], [ 75.7826367, 24.1159467 ], [ 75.7840511, 24.1122817 ], [ 75.7825892, 24.1097513 ], [ 75.7832664, 24.1078512 ], [ 75.7876017, 24.1047943 ], [ 75.7908917, 24.105414 ], [ 75.7891329, 24.1041903 ], [ 75.7876185, 24.0987024 ], [ 75.7928597, 24.0918474 ], [ 75.8057025, 24.09957 ], [ 75.8169037, 24.0855794 ], [ 75.8356965, 24.092116 ], [ 75.8365382, 24.0884039 ], [ 75.8350349, 24.0735101 ], [ 75.8367234, 24.0570634 ], [ 75.8149817, 24.0515405 ], [ 75.8104493, 24.0486474 ], [ 75.7816945, 24.0425289 ], [ 75.7805749, 24.0395225 ], [ 75.7819328, 24.0364042 ], [ 75.7830904, 24.0221373 ], [ 75.7784137, 24.0178665 ], [ 75.7752768, 24.0169883 ], [ 75.7753726, 24.0141112 ], [ 75.776766, 24.0144609 ], [ 75.7733934, 24.0078667 ], [ 75.7626592, 24.0098849 ], [ 75.7639893, 24.0053714 ], [ 75.7684652, 24.0007127 ], [ 75.7684309, 23.9975278 ], [ 75.7653398, 23.9926751 ], [ 75.7535233, 23.9909769 ], [ 75.7422819, 23.9927226 ], [ 75.7419443, 23.9886355 ], [ 75.7434031, 23.9884658 ], [ 75.7436413, 23.9862925 ], [ 75.7414498, 23.9829568 ], [ 75.7411303, 23.9769387 ], [ 75.7362064, 23.9753322 ], [ 75.7306708, 23.9767766 ], [ 75.7289254, 23.9731677 ], [ 75.7295332, 23.970252 ], [ 75.7182782, 23.9683362 ], [ 75.7175181, 23.9668585 ], [ 75.7017317, 23.9665928 ], [ 75.6987549, 23.9823354 ], [ 75.698824, 23.9878445 ], [ 75.6925032, 23.9869564 ], [ 75.6869931, 23.988774 ], [ 75.6877208, 24.0054617 ], [ 75.6829433, 24.0054125 ], [ 75.6831123, 24.0063594 ], [ 75.6781839, 24.0073104 ], [ 75.6743385, 24.017676 ], [ 75.6719649, 24.0176759 ], [ 75.6663963, 24.0135279 ], [ 75.6580997, 24.0102418 ], [ 75.6546046, 24.0064138 ], [ 75.6509016, 24.0063133 ], [ 75.6504857, 24.0051655 ], [ 75.6526441, 24.0039687 ], [ 75.6516329, 24.0028209 ], [ 75.6475169, 24.0035054 ], [ 75.6410848, 24.0007484 ], [ 75.6400535, 23.9978871 ], [ 75.635024, 23.9978824 ], [ 75.630002, 23.9950475 ], [ 75.6258106, 23.9963878 ], [ 75.6197674, 23.9949492 ], [ 75.6153702, 23.9964256 ], [ 75.6111369, 23.9954516 ], [ 75.6070969, 23.9925537 ], [ 75.6037894, 23.9954465 ], [ 75.5980175, 23.9941414 ], [ 75.5972972, 23.9912137 ], [ 75.5955248, 23.9899999 ], [ 75.5954699, 23.9944726 ], [ 75.5879052, 23.99064 ], [ 75.5813417, 23.9914011 ], [ 75.580997, 23.9967448 ], [ 75.5795297, 23.9983852 ], [ 75.5775052, 23.9941387 ], [ 75.5758019, 23.9941314 ], [ 75.5762848, 23.9971645 ], [ 75.5723497, 23.9987779 ], [ 75.568686, 24.0051471 ], [ 75.5655074, 24.0076843 ], [ 75.5482204, 24.0072149 ], [ 75.5396301, 24.0090563 ], [ 75.5210511, 24.0250208 ], [ 75.5130666, 24.014296 ], [ 75.5046862, 24.0059647 ], [ 75.492267, 23.9972179 ], [ 75.4832304, 23.9875462 ], [ 75.4746801, 23.9828401 ], [ 75.46885, 23.9744536 ], [ 75.4653129, 23.947526 ], [ 75.460036, 23.9324176 ], [ 75.4593856, 23.9207816 ], [ 75.4620564, 23.9147626 ], [ 75.4659671, 23.9120954 ], [ 75.4773716, 23.9115185 ], [ 75.4916488, 23.9067813 ], [ 75.5011144, 23.8977863 ], [ 75.505671, 23.8872534 ], [ 75.5214914, 23.884929 ], [ 75.5307548, 23.8766239 ], [ 75.5470887, 23.8695577 ], [ 75.5530757, 23.8616242 ], [ 75.5632229, 23.8575771 ], [ 75.5659301, 23.8534169 ], [ 75.5655911, 23.8454518 ], [ 75.5664974, 23.8438678 ], [ 75.5767569, 23.8423078 ], [ 75.5790288, 23.8397974 ], [ 75.5793271, 23.8351131 ], [ 75.5780579, 23.8312115 ], [ 75.5746143, 23.8284831 ], [ 75.5666867, 23.8332046 ], [ 75.5630529, 23.8330012 ], [ 75.5606209, 23.8314249 ], [ 75.5591151, 23.8283233 ], [ 75.5593024, 23.8181795 ], [ 75.5667854, 23.809576 ], [ 75.5715693, 23.8091474 ], [ 75.5805953, 23.812284 ], [ 75.5890121, 23.8097818 ], [ 75.5834477, 23.794823 ], [ 75.5984354, 23.7977643 ], [ 75.6089181, 23.7975444 ], [ 75.6143481, 23.8010528 ], [ 75.6204533, 23.8009335 ], [ 75.6270382, 23.7954379 ], [ 75.6341056, 23.7964387 ], [ 75.6384846, 23.7956619 ], [ 75.6440116, 23.7977841 ], [ 75.6500072, 23.7954559 ], [ 75.6545032, 23.7984038 ], [ 75.6599777, 23.7842317 ], [ 75.6756304, 23.7818879 ], [ 75.6804612, 23.7652746 ], [ 75.6867187, 23.7559393 ], [ 75.689565, 23.7618743 ], [ 75.6901215, 23.7678511 ], [ 75.6927614, 23.7724818 ], [ 75.6929372, 23.7760306 ], [ 75.6962875, 23.7793904 ], [ 75.6996439, 23.7803358 ], [ 75.7015737, 23.7833076 ], [ 75.7018356, 23.7863864 ], [ 75.6992706, 23.7903631 ], [ 75.6965102, 23.8009928 ], [ 75.6901159, 23.8132464 ], [ 75.6927688, 23.8164544 ], [ 75.695078, 23.8140957 ], [ 75.6966129, 23.8147346 ], [ 75.6979948, 23.813369 ], [ 75.7062065, 23.813309 ], [ 75.7072997, 23.8112267 ], [ 75.7125573, 23.8131489 ], [ 75.7215914, 23.8117927 ], [ 75.720977, 23.8187502 ], [ 75.7236702, 23.8184396 ], [ 75.7264731, 23.8202057 ], [ 75.7240433, 23.8237622 ], [ 75.7222716, 23.8353586 ], [ 75.7189527, 23.8406668 ], [ 75.7212425, 23.8419161 ], [ 75.7256509, 23.8418276 ], [ 75.7313113, 23.8531315 ], [ 75.7364059, 23.8562458 ], [ 75.7352157, 23.8619913 ], [ 75.7271648, 23.8588638 ], [ 75.7201812, 23.8595379 ], [ 75.7108477, 23.8624083 ], [ 75.7089403, 23.8692317 ], [ 75.7052292, 23.8685849 ], [ 75.7034923, 23.8724902 ], [ 75.701574, 23.8728331 ], [ 75.7030534, 23.8803274 ], [ 75.7021917, 23.8817313 ], [ 75.7054812, 23.8826501 ], [ 75.7042728, 23.8887622 ], [ 75.7060872, 23.8990955 ], [ 75.7080486, 23.899398 ], [ 75.710277, 23.8955086 ], [ 75.7154748, 23.8930549 ], [ 75.7192985, 23.8970608 ], [ 75.722743, 23.896435 ], [ 75.7271067, 23.8932848 ], [ 75.7354095, 23.8976904 ], [ 75.7394872, 23.8921601 ], [ 75.7399997, 23.8890009 ], [ 75.7527008, 23.8873452 ], [ 75.7645415, 23.8755544 ], [ 75.7616998, 23.8657599 ], [ 75.7645419, 23.8517398 ], [ 75.7734491, 23.8481388 ], [ 75.7812495, 23.8487271 ], [ 75.783295, 23.849227 ], [ 75.7850645, 23.8528218 ], [ 75.7920071, 23.8584537 ], [ 75.7938466, 23.8670065 ], [ 75.7990023, 23.8685558 ], [ 75.8029951, 23.8654507 ], [ 75.8173586, 23.8678589 ], [ 75.8189339, 23.8684872 ], [ 75.8208696, 23.8733089 ], [ 75.8326486, 23.8799247 ], [ 75.8336476, 23.8779458 ], [ 75.835471, 23.8781753 ], [ 75.8350843, 23.8768407 ], [ 75.8372845, 23.8768558 ], [ 75.8377514, 23.8784339 ], [ 75.8391375, 23.878625 ], [ 75.840565, 23.87458 ], [ 75.8447611, 23.8762051 ], [ 75.8447804, 23.8839545 ], [ 75.8487842, 23.8841492 ], [ 75.8530247, 23.8874811 ], [ 75.8706316, 23.8904216 ], [ 75.8747919, 23.8853719 ], [ 75.8765197, 23.8852401 ], [ 75.8764159, 23.8800249 ], [ 75.8802865, 23.8786977 ], [ 75.8871008, 23.8791147 ], [ 75.8948375, 23.8894021 ], [ 75.9048646, 23.8891584 ], [ 75.9217793, 23.8961342 ], [ 75.9238047, 23.8984658 ], [ 75.9271444, 23.8977412 ], [ 75.9285833, 23.8991008 ], [ 75.931991, 23.8962217 ], [ 75.9339831, 23.897307 ], [ 75.9375149, 23.8966894 ], [ 75.9394358, 23.8994684 ], [ 75.9413218, 23.8994569 ], [ 75.9412208, 23.9017967 ], [ 75.9438915, 23.902977 ], [ 75.944657, 23.9089557 ], [ 75.9491683, 23.9125993 ], [ 75.9530326, 23.9117219 ], [ 75.9513707, 23.91553 ], [ 75.955315, 23.9208431 ], [ 75.9603827, 23.9232455 ], [ 75.9678123, 23.9241608 ], [ 75.9745348, 23.9290224 ], [ 75.9813631, 23.9289699 ], [ 75.9822286, 23.9310371 ], [ 75.9799564, 23.935906 ], [ 75.9865054, 23.9397883 ], [ 75.9876109, 23.9417365 ], [ 75.9838778, 23.9502726 ], [ 75.9867584, 23.9588475 ], [ 75.9839096, 23.9674231 ], [ 75.9848542, 23.974028 ], [ 75.9799675, 23.9796453 ], [ 75.9759569, 23.9822132 ], [ 75.9724308, 23.9884673 ], [ 75.9674382, 23.9912308 ], [ 75.9671541, 24.0 ], [ 75.9622159, 24.0146912 ], [ 75.9634552, 24.0187069 ], [ 75.9706402, 24.0203595 ], [ 75.973008, 24.0194594 ], [ 75.9845342, 24.0198238 ], [ 75.9970195, 24.0176884 ], [ 75.9999988, 24.0208887 ], [ 76.0106698, 24.0250363 ], [ 76.0212975, 24.0341913 ], [ 76.021568, 24.0354538 ], [ 76.0194054, 24.037419 ], [ 76.0220166, 24.0411857 ], [ 76.0222267, 24.0472398 ], [ 76.026557, 24.0494957 ], [ 76.028173, 24.0517382 ], [ 76.0305563, 24.051537 ], [ 76.0316937, 24.0578738 ], [ 76.0346045, 24.0584457 ], [ 76.0368089, 24.0628967 ], [ 76.0399584, 24.0631643 ], [ 76.0426715, 24.0660223 ], [ 76.0454329, 24.0645088 ], [ 76.0489569, 24.0666747 ], [ 76.0546452, 24.0652584 ], [ 76.0576735, 24.0675359 ], [ 76.0632467, 24.0682739 ], [ 76.0679524, 24.0711582 ], [ 76.0727489, 24.0766562 ], [ 76.0740141, 24.0762048 ], [ 76.074371, 24.0718177 ], [ 76.0758432, 24.070841 ], [ 76.0845108, 24.0769391 ], [ 76.0892724, 24.0770362 ], [ 76.0927027, 24.0825297 ], [ 76.0963548, 24.0834112 ], [ 76.1006212, 24.0871149 ], [ 76.1049179, 24.0874406 ], [ 76.1066566, 24.0842852 ], [ 76.1145744, 24.084738 ], [ 76.1180379, 24.087115 ], [ 76.1217895, 24.0847033 ], [ 76.1267923, 24.0887305 ], [ 76.1206365, 24.1082104 ], [ 76.1311443, 24.1154933 ], [ 76.1302012, 24.1229418 ], [ 76.1272924, 24.1267472 ], [ 76.1267867, 24.1324901 ], [ 76.1224433, 24.1377014 ], [ 76.1249616, 24.1510712 ], [ 76.1244198, 24.1594514 ], [ 76.1213012, 24.16301 ], [ 76.1147161, 24.1627835 ], [ 76.1137788, 24.1638689 ], [ 76.1166371, 24.1801488 ], [ 76.1153549, 24.1798692 ], [ 76.1154645, 24.1828531 ], [ 76.1173827, 24.1939877 ], [ 76.1322696, 24.2085621 ], [ 76.1378036, 24.2180213 ], [ 76.1409097, 24.2190456 ], [ 76.1451205, 24.2230237 ], [ 76.1484263, 24.2320251 ], [ 76.1431183, 24.2557438 ], [ 76.1390547, 24.2562484 ], [ 76.1413882, 24.2671762 ], [ 76.1367167, 24.2708055 ], [ 76.1405436, 24.2746329 ], [ 76.1432923, 24.2829025 ], [ 76.149319, 24.2847806 ], [ 76.1596795, 24.2827016 ], [ 76.1625451, 24.2847252 ], [ 76.1653329, 24.2922309 ], [ 76.1646994, 24.2946108 ], [ 76.1688798, 24.2970667 ], [ 76.1658701, 24.2998126 ], [ 76.1646067, 24.3065862 ], [ 76.1655597, 24.3078929 ], [ 76.1701545, 24.3060605 ], [ 76.1741116, 24.3072129 ], [ 76.1749947, 24.308949 ], [ 76.1741521, 24.3126807 ], [ 76.1796304, 24.3168691 ], [ 76.1855157, 24.3292765 ], [ 76.1899207, 24.3234218 ], [ 76.195585, 24.3105493 ], [ 76.2028584, 24.3049199 ], [ 76.2047272, 24.3009046 ], [ 76.2042418, 24.2980186 ], [ 76.1972896, 24.2879593 ], [ 76.1945899, 24.2731929 ], [ 76.2009338, 24.2710703 ], [ 76.2021441, 24.2688302 ], [ 76.202952, 24.2447616 ], [ 76.2064665, 24.2284063 ], [ 76.2033297, 24.2205158 ], [ 76.2046973, 24.2172494 ], [ 76.2116358, 24.2121868 ], [ 76.2125548, 24.2099399 ], [ 76.2171311, 24.2111829 ], [ 76.2186416, 24.2132282 ], [ 76.2247831, 24.2165383 ], [ 76.2276524, 24.2154089 ], [ 76.2399452, 24.2188855 ], [ 76.2458266, 24.2176499 ], [ 76.2523446, 24.2143673 ], [ 76.2551699, 24.2153193 ], [ 76.2581256, 24.2146323 ], [ 76.2671476, 24.2103589 ], [ 76.2755373, 24.2108752 ], [ 76.2823209, 24.2073077 ], [ 76.2853989, 24.209544 ], [ 76.28511, 24.213179 ], [ 76.2873295, 24.2200868 ], [ 76.2873604, 24.2298605 ], [ 76.2956845, 24.2318544 ], [ 76.3018603, 24.2360787 ], [ 76.3108391, 24.2376334 ], [ 76.3191126, 24.2448067 ], [ 76.3229145, 24.2455449 ], [ 76.3398809, 24.244106 ], [ 76.3432153, 24.2423483 ], [ 76.3467892, 24.242353 ], [ 76.3484196, 24.2407662 ], [ 76.3572097, 24.2397448 ], [ 76.3583398, 24.2354368 ], [ 76.3728978, 24.2278498 ], [ 76.3819083, 24.2210002 ], [ 76.3923767, 24.2169237 ], [ 76.4015828, 24.2152736 ], [ 76.407962, 24.2035237 ], [ 76.4116826, 24.2005062 ], [ 76.4148034, 24.2006373 ], [ 76.4205694, 24.2086416 ], [ 76.4164175, 24.2109665 ], [ 76.4162164, 24.2206344 ], [ 76.4302185, 24.22131 ], [ 76.440329, 24.214887 ], [ 76.4522663, 24.2093635 ], [ 76.4605201, 24.2185136 ], [ 76.4627242, 24.2232151 ], [ 76.4655865, 24.2252251 ], [ 76.4705099, 24.2261504 ], [ 76.4704788, 24.2229764 ], [ 76.4740275, 24.2221692 ], [ 76.4805398, 24.2080813 ], [ 76.4957986, 24.2054016 ], [ 76.4994693, 24.2060683 ], [ 76.504535, 24.203087 ], [ 76.5087254, 24.1935822 ], [ 76.5094372, 24.1821341 ], [ 76.5129305, 24.1665905 ], [ 76.5153689, 24.1626338 ], [ 76.5224088, 24.1570734 ], [ 76.5274239, 24.1567343 ], [ 76.5446904, 24.1628543 ], [ 76.5519539, 24.1632817 ], [ 76.5599402, 24.1701397 ], [ 76.561795, 24.1733399 ], [ 76.5661785, 24.1744417 ], [ 76.5698936, 24.1780199 ], [ 76.5704952, 24.174894 ], [ 76.5748853, 24.17572 ], [ 76.5777275, 24.1791743 ], [ 76.5746689, 24.1865625 ], [ 76.5642735, 24.1909452 ], [ 76.5665419, 24.203383 ], [ 76.5687613, 24.2048296 ], [ 76.5702511, 24.2089885 ], [ 76.577741, 24.211746 ], [ 76.5819966, 24.2113407 ], [ 76.5834127, 24.2162656 ], [ 76.5894378, 24.2170155 ], [ 76.5952318, 24.2233208 ], [ 76.5943947, 24.2284449 ], [ 76.587836, 24.2347259 ], [ 76.5835448, 24.2428658 ], [ 76.5860608, 24.2444423 ], [ 76.5956031, 24.244022 ], [ 76.6111985, 24.2386521 ], [ 76.6147855, 24.2536201 ], [ 76.6176458, 24.2588295 ], [ 76.6225697, 24.2573536 ], [ 76.6238597, 24.2591547 ], [ 76.6313047, 24.2608249 ], [ 76.6372033, 24.2583351 ], [ 76.6365984, 24.2642463 ], [ 76.6399668, 24.2682185 ], [ 76.6434725, 24.2693907 ], [ 76.6530345, 24.2634992 ], [ 76.6567327, 24.2648257 ], [ 76.6651316, 24.2619343 ], [ 76.6666818, 24.2636506 ], [ 76.6777543, 24.2666384 ], [ 76.6781009, 24.2712253 ], [ 76.6797508, 24.2716942 ], [ 76.681269, 24.2750703 ], [ 76.687727, 24.2792027 ], [ 76.6927457, 24.2802343 ], [ 76.6913697, 24.2857377 ], [ 76.6927736, 24.2864819 ], [ 76.6952312, 24.2776285 ], [ 76.6930888, 24.267933 ], [ 76.6940899, 24.2616623 ], [ 76.7015603, 24.249998 ], [ 76.7027304, 24.2431993 ], [ 76.7005127, 24.2389758 ], [ 76.6943623, 24.2363131 ], [ 76.6904363, 24.2305689 ], [ 76.6780968, 24.2048903 ], [ 76.6758852, 24.1908467 ], [ 76.6863026, 24.1862035 ], [ 76.6920406, 24.1805687 ], [ 76.6929552, 24.1764096 ], [ 76.6985798, 24.1719271 ], [ 76.6983126, 24.1684673 ], [ 76.7114339, 24.163842 ], [ 76.719115, 24.1586901 ], [ 76.7260752, 24.1607244 ], [ 76.7261906, 24.1685741 ], [ 76.7579205, 24.1682567 ], [ 76.760784, 24.1650002 ], [ 76.7597825, 24.160145 ], [ 76.7701881, 24.1601219 ], [ 76.7711059, 24.1548989 ], [ 76.7738046, 24.1500685 ], [ 76.7783682, 24.1469937 ], [ 76.7808834, 24.1394016 ], [ 76.7882212, 24.1321492 ], [ 76.7904846, 24.1250977 ], [ 76.789999, 24.1227197 ], [ 76.7961287, 24.1213611 ], [ 76.8012869, 24.1166729 ], [ 76.8063743, 24.1181793 ], [ 76.8115788, 24.1227496 ], [ 76.8330837, 24.1220234 ], [ 76.8363247, 24.1267298 ], [ 76.8537702, 24.1335337 ], [ 76.8545887, 24.1358255 ], [ 76.8688054, 24.1359341 ], [ 76.8731738, 24.1347989 ], [ 76.8784084, 24.1356886 ], [ 76.8800889, 24.1350551 ], [ 76.878796, 24.1302349 ], [ 76.8839699, 24.1299902 ], [ 76.8860239, 24.1280059 ], [ 76.8861553, 24.1289162 ], [ 76.8912782, 24.1267265 ], [ 76.8922688, 24.1278564 ], [ 76.9012857, 24.1282229 ], [ 76.9046507, 24.1438549 ], [ 76.9099384, 24.1527318 ], [ 76.9106759, 24.1586545 ], [ 76.9087756, 24.1599016 ], [ 76.9089486, 24.1612764 ], [ 76.9157048, 24.1735294 ], [ 76.9162928, 24.1878551 ], [ 76.9181136, 24.1881714 ], [ 76.9236237, 24.1852804 ], [ 76.9314333, 24.1835593 ], [ 76.9357677, 24.1837266 ], [ 76.9398654, 24.1933893 ], [ 76.9471957, 24.1987264 ], [ 76.9473974, 24.2013105 ], [ 76.9459347, 24.2061099 ], [ 76.933472, 24.2070586 ], [ 76.9336322, 24.2085418 ], [ 76.9315667, 24.2103502 ], [ 76.9223026, 24.2116964 ], [ 76.9228538, 24.225309 ], [ 76.9181643, 24.2299129 ], [ 76.9157365, 24.2300301 ], [ 76.9126503, 24.2379501 ], [ 76.9072293, 24.237979 ], [ 76.9052837, 24.2368026 ], [ 76.9034224, 24.2391462 ], [ 76.900569, 24.2391587 ], [ 76.8961556, 24.2430892 ], [ 76.8882016, 24.2448928 ], [ 76.8859745, 24.2477825 ], [ 76.8878424, 24.2521276 ], [ 76.8796302, 24.2552962 ], [ 76.8799202, 24.260281 ], [ 76.8731297, 24.2626175 ], [ 76.873513, 24.2659218 ], [ 76.862615, 24.2733194 ], [ 76.8601156, 24.2940936 ], [ 76.8568849, 24.3029227 ], [ 76.8516674, 24.3123447 ], [ 76.8410542, 24.3224145 ], [ 76.8378685, 24.33415 ], [ 76.8373112, 24.3464043 ], [ 76.8318849, 24.3579681 ], [ 76.8373488, 24.3595904 ], [ 76.8513852, 24.3705249 ], [ 76.8452324, 24.3751324 ], [ 76.8506911, 24.3834445 ], [ 76.8436908, 24.4030545 ], [ 76.8406213, 24.4058907 ], [ 76.8379283, 24.4064832 ], [ 76.8373785, 24.4097086 ], [ 76.8390555, 24.4131688 ], [ 76.8457364, 24.415918 ], [ 76.8504461, 24.4241262 ], [ 76.849882, 24.4266882 ], [ 76.8459231, 24.4307814 ], [ 76.8443444, 24.4371659 ], [ 76.8410839, 24.44014 ], [ 76.8410299, 24.4435535 ], [ 76.8427613, 24.4486742 ], [ 76.8448123, 24.4506761 ], [ 76.8469437, 24.4510789 ], [ 76.8500728, 24.4492259 ], [ 76.8515899, 24.4501192 ], [ 76.8525122, 24.4555206 ], [ 76.8511626, 24.4603584 ], [ 76.8530832, 24.465892 ], [ 76.8477489, 24.4734782 ], [ 76.847846, 24.482149 ], [ 76.8466142, 24.4859606 ], [ 76.8422731, 24.4883249 ], [ 76.8354002, 24.4889187 ], [ 76.8366559, 24.493183 ], [ 76.8281519, 24.5031275 ], [ 76.8286708, 24.5127322 ], [ 76.8227526, 24.520433 ], [ 76.8163113, 24.5244066 ], [ 76.8163891, 24.5335833 ], [ 76.821595, 24.5345859 ], [ 76.8242632, 24.5375511 ], [ 76.8381195, 24.5456079 ], [ 76.8606242, 24.547769 ], [ 76.8619215, 24.5492986 ], [ 76.8696284, 24.5443679 ], [ 76.8741059, 24.539215 ], [ 76.8766558, 24.538786 ], [ 76.8747681, 24.5336317 ], [ 76.8715675, 24.532105 ], [ 76.8730661, 24.5270169 ], [ 76.8843076, 24.5214508 ], [ 76.8898553, 24.5248573 ], [ 76.8943252, 24.5382987 ], [ 76.9018661, 24.5458508 ], [ 76.9178965, 24.5434751 ], [ 76.9166696, 24.5370494 ], [ 76.918674, 24.5350798 ], [ 76.9208281, 24.5285422 ], [ 76.9217985, 24.5204911 ], [ 76.9197852, 24.5180484 ], [ 76.9157825, 24.5026404 ], [ 76.9172529, 24.4967971 ], [ 76.916145, 24.4899337 ], [ 76.9179366, 24.4855455 ], [ 76.9169304, 24.4832696 ], [ 76.9184204, 24.4806911 ], [ 76.9267001, 24.4740808 ], [ 76.9385203, 24.472309 ], [ 76.9410576, 24.4705204 ], [ 76.9415425, 24.4667629 ], [ 76.9431056, 24.4651358 ], [ 76.9507638, 24.4657097 ], [ 76.9509501, 24.4617981 ], [ 76.9519864, 24.4618388 ], [ 76.9522248, 24.4638626 ], [ 76.9554898, 24.4645111 ], [ 76.9607894, 24.4634177 ], [ 76.962138, 24.4616532 ], [ 76.9776095, 24.4613838 ], [ 76.9823412, 24.4678176 ], [ 76.9835786, 24.4727987 ], [ 77.0036036, 24.4737439 ], [ 77.008824, 24.4767362 ], [ 77.0092816, 24.4780773 ], [ 77.0071253, 24.4790236 ], [ 77.0088046, 24.4818959 ], [ 77.0137408, 24.4832493 ], [ 77.0109601, 24.4873415 ], [ 77.0118293, 24.4916622 ], [ 77.0289728, 24.4960796 ], [ 77.0306637, 24.5018341 ], [ 77.0293326, 24.516703 ], [ 77.0303653, 24.5189461 ], [ 77.0355427, 24.5208941 ], [ 77.035105, 24.5243486 ], [ 77.0368941, 24.5278995 ], [ 77.0422019, 24.5247673 ], [ 77.0547096, 24.5262766 ], [ 77.0543457, 24.5318111 ], [ 77.0576299, 24.5371288 ], [ 77.0597467, 24.545884 ], [ 77.0681605, 24.5558121 ], [ 77.0713312, 24.5727633 ], [ 77.0698338, 24.584064 ], [ 77.0652574, 24.594265 ], [ 77.0655791, 24.6003227 ], [ 77.0686708, 24.6087978 ], [ 77.0671712, 24.6157878 ], [ 77.0678833, 24.6302539 ], [ 77.0649858, 24.6438443 ], [ 77.0637305, 24.646791 ], [ 77.0572822, 24.6538263 ], [ 77.0514696, 24.6665581 ], [ 77.0437397, 24.678711 ], [ 77.0413165, 24.686747 ], [ 77.0414783, 24.6994016 ], [ 77.0316663, 24.711316 ], [ 77.0258199, 24.7143246 ], [ 77.0137774, 24.7121757 ], [ 77.0016634, 24.7160393 ], [ 76.9978796, 24.7204637 ], [ 76.9977008, 24.7278328 ], [ 76.9955201, 24.7333282 ], [ 76.9894611, 24.7361442 ], [ 76.9791157, 24.7351572 ], [ 76.9745554, 24.7361969 ], [ 76.9690667, 24.7423133 ], [ 76.9645684, 24.7545511 ], [ 76.953965, 24.7603603 ], [ 76.9435273, 24.7575495 ], [ 76.9315269, 24.743637 ], [ 76.9231876, 24.7423133 ], [ 76.9120388, 24.7356759 ], [ 76.9074936, 24.7315944 ], [ 76.9022377, 24.7334082 ], [ 76.8959695, 24.7431116 ], [ 76.8894778, 24.7472563 ], [ 76.8815958, 24.7467461 ], [ 76.8743835, 24.7437624 ], [ 76.8561298, 24.7424864 ], [ 76.8501995, 24.7465773 ], [ 76.8485851, 24.7503891 ], [ 76.8492518, 24.7630296 ], [ 76.8475199, 24.7692715 ], [ 76.8354587, 24.7788364 ], [ 76.823489, 24.7941187 ], [ 76.8075587, 24.8041936 ], [ 76.8019968, 24.8101337 ], [ 76.8025236, 24.8188533 ], [ 76.8004038, 24.8240182 ], [ 76.8119743, 24.825569 ], [ 76.8225024, 24.8321445 ], [ 76.8250801, 24.8355483 ], [ 76.8325696, 24.8365717 ], [ 76.8411326, 24.8345795 ], [ 76.846173, 24.8365623 ], [ 76.8620779, 24.8373084 ], [ 76.8688878, 24.8394985 ], [ 76.8814786, 24.8363024 ], [ 76.8978862, 24.8382256 ], [ 76.9037275, 24.8423764 ], [ 76.9166467, 24.8467478 ], [ 76.92496, 24.8465777 ], [ 76.9295288, 24.8486674 ], [ 76.9340983, 24.8552528 ], [ 76.9405353, 24.8578191 ], [ 76.9441116, 24.865374 ], [ 76.9485633, 24.8690715 ], [ 76.9439567, 24.8744445 ], [ 76.9336421, 24.8750714 ], [ 76.934245, 24.8797545 ], [ 76.9326341, 24.8819854 ], [ 76.9229831, 24.8803621 ], [ 76.9130546, 24.8878441 ], [ 76.9138236, 24.8983121 ], [ 76.9164159, 24.9042633 ], [ 76.9196569, 24.9045376 ], [ 76.9214098, 24.9084241 ], [ 76.9222944, 24.9124888 ], [ 76.9204155, 24.9167742 ], [ 76.9093698, 24.9211058 ], [ 76.8904879, 24.9196892 ], [ 76.8886791, 24.9233864 ], [ 76.8893692, 24.9339236 ], [ 76.8876297, 24.9346618 ], [ 76.8855465, 24.9387331 ], [ 76.8776341, 24.9413961 ], [ 76.8719568, 24.9478896 ], [ 76.8674817, 24.9564886 ], [ 76.8626886, 24.9598018 ], [ 76.8623872, 24.9644203 ], [ 76.8638893, 24.9655165 ], [ 76.8651287, 24.9755041 ], [ 76.8672926, 24.9803027 ], [ 76.8672141, 24.9901596 ], [ 76.861354, 24.9997283 ], [ 76.8567789, 25.0024759 ], [ 76.8624319, 25.0025541 ], [ 76.8673287, 25.0060271 ], [ 76.8757268, 25.0072055 ], [ 76.8784987, 25.0284789 ], [ 76.8761587, 25.0414003 ], [ 76.8875416, 25.0437703 ], [ 76.9115859, 25.0430024 ], [ 76.9257193, 25.04695 ], [ 76.9343253, 25.045633 ], [ 76.945095, 25.0467426 ], [ 76.9523011, 25.0521595 ], [ 76.958956, 25.0521711 ], [ 76.961669, 25.0563738 ], [ 76.9658387, 25.0515475 ], [ 76.968205, 25.0511009 ], [ 76.9687271, 25.0546238 ], [ 76.9722805, 25.0565085 ], [ 76.9732973, 25.0584269 ], [ 76.9734338, 25.0607587 ], [ 76.9714802, 25.0622381 ], [ 76.9746396, 25.0664255 ], [ 76.9786036, 25.0663907 ], [ 76.989838, 25.0731285 ], [ 76.9990691, 25.0748461 ], [ 77.0104797, 25.0734507 ], [ 77.0134589, 25.0707652 ], [ 77.0229654, 25.0675305 ], [ 77.0240442, 25.0659315 ], [ 77.0296873, 25.0658499 ], [ 77.0303785, 25.0680973 ], [ 77.0324046, 25.0689543 ], [ 77.0375913, 25.0685401 ], [ 77.0427789, 25.0634045 ], [ 77.0637984, 25.0597736 ], [ 77.0848289, 25.0542395 ], [ 77.0891304, 25.062159 ], [ 77.0959797, 25.0654295 ], [ 77.1225716, 25.0666539 ], [ 77.1332907, 25.0826991 ], [ 77.1334173, 25.0848547 ], [ 77.1414864, 25.0885884 ], [ 77.1477213, 25.0951105 ], [ 77.1506046, 25.093331 ], [ 77.1493972, 25.0863572 ], [ 77.1519624, 25.0870828 ], [ 77.1553509, 25.0856776 ], [ 77.1671243, 25.0846098 ], [ 77.1715768, 25.0979134 ], [ 77.168762, 25.1030051 ], [ 77.1732909, 25.1085173 ], [ 77.1744248, 25.111809 ], [ 77.1842292, 25.1081399 ], [ 77.1888825, 25.1094613 ], [ 77.195904, 25.1093169 ], [ 77.2052998, 25.1138712 ], [ 77.2151016, 25.1090041 ], [ 77.2257184, 25.1089534 ], [ 77.2369575, 25.1066088 ], [ 77.2426271, 25.1073716 ], [ 77.248791, 25.1099501 ], [ 77.2593565, 25.1108906 ], [ 77.2700108, 25.116094 ], [ 77.2746102, 25.1106934 ], [ 77.2888284, 25.106011 ], [ 77.2925727, 25.1002756 ], [ 77.2915878, 25.0971587 ], [ 77.2977417, 25.0912324 ], [ 77.2982562, 25.0858764 ], [ 77.3107799, 25.0798328 ], [ 77.3115471, 25.0824204 ], [ 77.3148354, 25.0846708 ], [ 77.3219088, 25.0855441 ], [ 77.338344, 25.0921683 ], [ 77.3378103, 25.094853 ], [ 77.3504309, 25.0957591 ], [ 77.3572916, 25.093511 ], [ 77.3756703, 25.1046446 ], [ 77.3755763, 25.1102918 ], [ 77.394376, 25.1199223 ], [ 77.4024307, 25.1125532 ], [ 77.4021885, 25.1092942 ], [ 77.4066169, 25.1116864 ], [ 77.4053669, 25.117208 ], [ 77.40128, 25.1216428 ], [ 77.390582, 25.1233863 ], [ 77.3961572, 25.1372773 ], [ 77.393992, 25.1548721 ], [ 77.3946872, 25.1564449 ], [ 77.3930011, 25.1592295 ], [ 77.3946792, 25.1621313 ], [ 77.4000324, 25.1655646 ], [ 77.3995555, 25.174887 ], [ 77.4010814, 25.1793661 ], [ 77.3993597, 25.1800845 ], [ 77.4001433, 25.1838806 ], [ 77.4094537, 25.1829395 ], [ 77.4162908, 25.1861088 ], [ 77.4215797, 25.1857064 ], [ 77.4219687, 25.1833082 ], [ 77.426616, 25.1880743 ], [ 77.418498, 25.1984153 ], [ 77.4146809, 25.2201349 ], [ 77.4116965, 25.2240105 ], [ 77.3997709, 25.2260866 ], [ 77.3944237, 25.2299371 ], [ 77.3931293, 25.2337625 ], [ 77.3876503, 25.2390229 ], [ 77.3866157, 25.2427041 ], [ 77.3824166, 25.2456873 ], [ 77.3703748, 25.2460075 ], [ 77.3684355, 25.2539813 ], [ 77.3690497, 25.2554562 ], [ 77.3662538, 25.2576582 ], [ 77.3661138, 25.2599079 ], [ 77.3621236, 25.2627202 ], [ 77.3581551, 25.2617818 ], [ 77.3557128, 25.2625249 ], [ 77.3541747, 25.2736017 ], [ 77.3569438, 25.2738372 ], [ 77.3575473, 25.2757862 ], [ 77.3626576, 25.2790124 ], [ 77.367612, 25.2759905 ], [ 77.3739514, 25.2745212 ], [ 77.3758653, 25.2851228 ], [ 77.3810026, 25.2927344 ], [ 77.3796172, 25.2975404 ], [ 77.3814827, 25.3046 ], [ 77.3778524, 25.3157197 ], [ 77.3747552, 25.320093 ], [ 77.3717122, 25.3208911 ], [ 77.3697656, 25.3272495 ], [ 77.3676168, 25.3285883 ], [ 77.3580011, 25.3261567 ], [ 77.3570837, 25.3228905 ], [ 77.3528153, 25.3204134 ], [ 77.348836, 25.3200437 ], [ 77.3421215, 25.3217707 ], [ 77.3503605, 25.3298214 ], [ 77.3518164, 25.3355206 ], [ 77.3616016, 25.3566106 ], [ 77.3613155, 25.3587589 ], [ 77.366685, 25.3603108 ], [ 77.3641312, 25.363583 ], [ 77.3610468, 25.3646073 ], [ 77.3591377, 25.3693765 ], [ 77.3516631, 25.3696857 ], [ 77.3505011, 25.3840688 ], [ 77.3576568, 25.398743 ], [ 77.3679967, 25.4020877 ], [ 77.3703491, 25.4050012 ], [ 77.370969, 25.4084932 ], [ 77.3609428, 25.4189936 ], [ 77.3539043, 25.4188899 ], [ 77.3499618, 25.4157173 ], [ 77.3442041, 25.4186208 ], [ 77.343519, 25.4207122 ], [ 77.3346438, 25.4238095 ], [ 77.3348984, 25.4254165 ], [ 77.3312404, 25.4274603 ], [ 77.3199442, 25.4277114 ], [ 77.3154588, 25.4314693 ], [ 77.3068777, 25.4302595 ], [ 77.3010101, 25.4266915 ], [ 77.2938034, 25.424295 ], [ 77.2863549, 25.4185533 ], [ 77.2829419, 25.4133306 ], [ 77.2781283, 25.4091811 ], [ 77.2756425, 25.4035513 ], [ 77.2669434, 25.395648 ], [ 77.250941, 25.3879418 ], [ 77.2496659, 25.3821394 ], [ 77.2478661, 25.3801857 ], [ 77.243955, 25.3790359 ], [ 77.2361655, 25.3803912 ], [ 77.2339435, 25.3787009 ], [ 77.2315679, 25.3727029 ], [ 77.2279371, 25.3686736 ], [ 77.2298706, 25.3608862 ], [ 77.2281527, 25.3465694 ], [ 77.2256243, 25.3423683 ], [ 77.2243152, 25.3355341 ], [ 77.2256557, 25.3346969 ], [ 77.22923, 25.337608 ], [ 77.2339469, 25.3337726 ], [ 77.225779, 25.3303083 ], [ 77.226948, 25.3252629 ], [ 77.2233687, 25.3187909 ], [ 77.2194297, 25.3189902 ], [ 77.217497, 25.3178369 ], [ 77.2152337, 25.3203441 ], [ 77.2163209, 25.3230538 ], [ 77.218836, 25.3231919 ], [ 77.2198829, 25.3247783 ], [ 77.219466, 25.3277859 ], [ 77.2172185, 25.3295302 ], [ 77.205548, 25.3264785 ], [ 77.2082774, 25.3143422 ], [ 77.2113892, 25.3093445 ], [ 77.2091871, 25.3086509 ], [ 77.2094176, 25.3063051 ], [ 77.1856043, 25.3090026 ], [ 77.1796733, 25.3119067 ], [ 77.1653577, 25.3082318 ], [ 77.1537373, 25.312613 ], [ 77.1441199, 25.3205297 ], [ 77.1386446, 25.3220491 ], [ 77.1350301, 25.3206663 ], [ 77.1250826, 25.3302656 ], [ 77.1209324, 25.3306323 ], [ 77.1176838, 25.3294514 ], [ 77.1124934, 25.3319767 ], [ 77.1090285, 25.3306317 ], [ 77.0921472, 25.3354627 ], [ 77.0836734, 25.3365577 ], [ 77.0752274, 25.3282323 ], [ 77.0749575, 25.3252166 ], [ 77.0700509, 25.3184929 ], [ 77.0639503, 25.3165745 ], [ 77.0569085, 25.3165465 ], [ 77.0458973, 25.321439 ], [ 77.043769, 25.3126853 ], [ 77.0316904, 25.2943874 ], [ 77.0256994, 25.2962707 ], [ 76.996878, 25.2983971 ], [ 76.9804707, 25.2979279 ], [ 76.9737385, 25.3004059 ], [ 76.9606548, 25.2972945 ], [ 76.9591312, 25.2948728 ], [ 76.9578097, 25.284411 ], [ 76.9430946, 25.2821217 ], [ 76.9299024, 25.2829674 ], [ 76.9232984, 25.2854503 ], [ 76.9273866, 25.2915268 ], [ 76.9294083, 25.3031864 ], [ 76.9176465, 25.3092619 ], [ 76.901539, 25.3236347 ], [ 76.8814828, 25.3241315 ], [ 76.8723754, 25.3287027 ], [ 76.8704027, 25.327026 ], [ 76.8662545, 25.3282387 ], [ 76.8634843, 25.3312303 ], [ 76.8572848, 25.3327846 ], [ 76.8520136, 25.332034 ], [ 76.839439, 25.3261972 ], [ 76.8307841, 25.3273026 ], [ 76.8203639, 25.3262806 ], [ 76.8145418, 25.3229849 ], [ 76.8002656, 25.3196529 ], [ 76.7896559, 25.3195384 ], [ 76.7775652, 25.3156086 ], [ 76.7697143, 25.3177073 ], [ 76.7662743, 25.3202177 ], [ 76.7603673, 25.3197377 ], [ 76.7561918, 25.3225726 ], [ 76.7409146, 25.3275325 ], [ 76.7293238, 25.3285691 ], [ 76.7255926, 25.3312897 ], [ 76.7236953, 25.3355009 ], [ 76.7169523, 25.3384594 ], [ 76.7111244, 25.3460629 ], [ 76.7032953, 25.3478947 ], [ 76.7002825, 25.3516265 ], [ 76.6888205, 25.3522505 ], [ 76.6825521, 25.3483724 ], [ 76.6805145, 25.3504677 ], [ 76.677929, 25.3506597 ], [ 76.6771545, 25.3478156 ], [ 76.6753211, 25.3492313 ], [ 76.6734416, 25.3480249 ], [ 76.6694972, 25.3491034 ], [ 76.6684487, 25.350167 ], [ 76.6688007, 25.3530069 ], [ 76.6635079, 25.3579466 ], [ 76.6604273, 25.3651859 ], [ 76.6588305, 25.3654116 ], [ 76.6585739, 25.3615368 ], [ 76.6568205, 25.3612 ], [ 76.6540641, 25.3630953 ], [ 76.654612, 25.3657525 ], [ 76.6535473, 25.3671051 ], [ 76.6492728, 25.3666159 ], [ 76.6493598, 25.3715624 ], [ 76.6458505, 25.3707215 ], [ 76.6464651, 25.3731748 ], [ 76.6438315, 25.3779396 ], [ 76.6406679, 25.3795278 ], [ 76.639763, 25.3835329 ], [ 76.6355579, 25.3834443 ], [ 76.630887, 25.3812345 ], [ 76.6289128, 25.3777895 ], [ 76.6227875, 25.3767829 ], [ 76.6166393, 25.3807643 ], [ 76.6082819, 25.3909361 ], [ 76.6020447, 25.3909049 ], [ 76.5984655, 25.3923297 ], [ 76.5982257, 25.4054324 ], [ 76.5879557, 25.4310986 ], [ 76.5824284, 25.4368596 ], [ 76.5735779, 25.4379117 ], [ 76.5723964, 25.4383218 ], [ 76.5723703, 25.4383309 ], [ 76.5711627, 25.4387501 ], [ 76.5675291, 25.4403373 ] ], [ [ 75.2311644, 24.8474132 ], [ 75.2363393, 24.8518033 ], [ 75.2430377, 24.8606476 ], [ 75.2467222, 24.8619854 ], [ 75.2491284, 24.8670724 ], [ 75.2506706, 24.8805084 ], [ 75.2429609, 24.887222 ], [ 75.23894, 24.8865963 ], [ 75.2300849, 24.8772983 ], [ 75.2216255, 24.8737807 ], [ 75.2194014, 24.8756083 ], [ 75.2212603, 24.8827221 ], [ 75.220308, 24.8877705 ], [ 75.2160483, 24.8889597 ], [ 75.2132691, 24.8933184 ], [ 75.2084736, 24.8943004 ], [ 75.2054102, 24.8770054 ], [ 75.2007325, 24.8678406 ], [ 75.2081362, 24.8613957 ], [ 75.2087426, 24.8540254 ], [ 75.2100201, 24.8544436 ], [ 75.2160071, 24.8507548 ], [ 75.2179446, 24.8465479 ], [ 75.2226366, 24.8440936 ], [ 75.2311644, 24.8474132 ] ], [ [ 79.3949582, 25.0321199 ], [ 79.4021642, 25.0351129 ], [ 79.4060395, 25.0338921 ], [ 79.4070592, 25.0350709 ], [ 79.4096017, 25.0338628 ], [ 79.4135589, 25.0356209 ], [ 79.4139387, 25.0381669 ], [ 79.4169463, 25.0377714 ], [ 79.4163842, 25.0410661 ], [ 79.4202392, 25.0406033 ], [ 79.422042, 25.0415747 ], [ 79.4238583, 25.0450016 ], [ 79.4246561, 25.0530003 ], [ 79.4224549, 25.0548498 ], [ 79.4259113, 25.0585889 ], [ 79.4193832, 25.0617316 ], [ 79.4184819, 25.0607742 ], [ 79.4125927, 25.0638402 ], [ 79.4073888, 25.0647804 ], [ 79.4049375, 25.0688728 ], [ 79.4056642, 25.0777472 ], [ 79.4023726, 25.0786885 ], [ 79.3982108, 25.0830956 ], [ 79.394325, 25.0831741 ], [ 79.3871906, 25.0856966 ], [ 79.389361, 25.0917691 ], [ 79.3868583, 25.1021036 ], [ 79.3803692, 25.1076006 ], [ 79.3804051, 25.1114193 ], [ 79.3826099, 25.1127255 ], [ 79.3808952, 25.122433 ], [ 79.3777045, 25.1251793 ], [ 79.3713155, 25.1234542 ], [ 79.3638166, 25.1256457 ], [ 79.3741963, 25.1426037 ], [ 79.3687499, 25.1442329 ], [ 79.3603051, 25.1442613 ], [ 79.3581988, 25.1432888 ], [ 79.3541381, 25.1302133 ], [ 79.3505184, 25.1263595 ], [ 79.3530372, 25.1262447 ], [ 79.3550622, 25.1244638 ], [ 79.3525701, 25.1229764 ], [ 79.3521524, 25.1198706 ], [ 79.3502348, 25.1189614 ], [ 79.3505843, 25.1169847 ], [ 79.35521, 25.1125659 ], [ 79.3563887, 25.109394 ], [ 79.3618741, 25.1062663 ], [ 79.3739382, 25.1040657 ], [ 79.3796912, 25.1012223 ], [ 79.3794555, 25.0989743 ], [ 79.3725131, 25.0919859 ], [ 79.3795677, 25.0856093 ], [ 79.3778949, 25.0830803 ], [ 79.3766732, 25.0756316 ], [ 79.3774862, 25.0754202 ], [ 79.3746642, 25.0677264 ], [ 79.3798337, 25.0669454 ], [ 79.3798061, 25.0647923 ], [ 79.3710217, 25.0629343 ], [ 79.3698208, 25.0598008 ], [ 79.3668536, 25.0588638 ], [ 79.3637805, 25.0596148 ], [ 79.3600153, 25.0632539 ], [ 79.3574028, 25.0682706 ], [ 79.3511332, 25.0688829 ], [ 79.3491983, 25.0624986 ], [ 79.3580623, 25.0593522 ], [ 79.35843, 25.058513 ], [ 79.3560375, 25.0576711 ], [ 79.3562224, 25.0564256 ], [ 79.3597687, 25.0534454 ], [ 79.3561071, 25.0404694 ], [ 79.3598046, 25.0392768 ], [ 79.3641776, 25.040978 ], [ 79.3674768, 25.0460725 ], [ 79.3620242, 25.0482026 ], [ 79.3677282, 25.0519451 ], [ 79.3678049, 25.054369 ], [ 79.3690388, 25.0543159 ], [ 79.3753305, 25.050751 ], [ 79.3739159, 25.0481724 ], [ 79.3740234, 25.0448189 ], [ 79.3772635, 25.0452007 ], [ 79.3784298, 25.043184 ], [ 79.3814139, 25.0418233 ], [ 79.384287, 25.0423627 ], [ 79.384142, 25.0385439 ], [ 79.3941971, 25.0357394 ], [ 79.395273, 25.0347697 ], [ 79.3949582, 25.0321199 ] ], [ [ 79.3725559, 25.1800159 ], [ 79.3673081, 25.1844618 ], [ 79.3595206, 25.188553 ], [ 79.3544659, 25.1758918 ], [ 79.3614649, 25.171096 ], [ 79.3653783, 25.1711132 ], [ 79.3725559, 25.1800159 ] ] ], [ [ [ 78.4929461, 25.155323 ], [ 78.5012996, 25.170634 ], [ 78.5084201, 25.1779301 ], [ 78.5195359, 25.1814628 ], [ 78.5296346, 25.1802329 ], [ 78.5272343, 25.177176 ], [ 78.512984, 25.1702394 ], [ 78.5081489, 25.1657939 ], [ 78.5030616, 25.1632001 ], [ 78.496645, 25.1536844 ], [ 78.4942611, 25.1526488 ], [ 78.4929461, 25.155323 ] ] ], [ [ [ 76.5723443, 25.4382657 ], [ 76.5723703, 25.4383309 ], [ 76.5723438, 25.4382645 ], [ 76.5723443, 25.4382657 ] ] ] ] } }
]
}
