{
"type": "FeatureCollection",
"name": "24",
"crs": { "type": "name", "properties": { "name": "urn:ogc:def:crs:OGC:1.3:CRS84" } },
"features": [
{ "type": "Feature", "properties": { "code": "24", "name": "GUJARAT", "type": "state" }, "geometry": { "type": "MultiPolygon", "coordinates": [ [ [ [ 73.0012819, 20.2152176 ], [ 72.9837726, 20.2130602 ], [ 72.9758607, 20.2182688 ], [ 72.9747753, 20.2192688 ], [ 72.9746169, 20.2257252 ], [ 72.9792254, 20.2340346 ], [ 72.989512, 20.2387996 ], [ 72.9984033, 20.2367514 ], [ 73.0054775, 20.2319684 ], [ 73.0083169, 20.2289596 ], [ 73.0056193, 20.2233962 ], [ 73.0027447, 20.2207613 ], [ 73.0012819, 20.2152176 ] ] ], [ [ [ 71.2560587, 20.8116386 ], [ 71.2542275, 20.812352 ], [ 71.2545616, 20.8139785 ], [ 71.2570646, 20.8133445 ], [ 71.2560587, 20.8116386 ] ] ], [ [ [ 71.2619955, 20.815042 ], [ 71.2607872, 20.8159603 ], [ 71.2627744, 20.8169121 ], [ 71.2631532, 20.8163354 ], [ 71.2619955, 20.815042 ] ] ], [ [ [ 71.2694627, 20.8213071 ], [ 71.27104, 20.8203615 ], [ 71.2708942, 20.8193827 ], [ 71.2688949, 20.8200144 ], [ 71.2694627, 20.8213071 ] ] ], [ [ [ 71.3049036, 20.8325419 ], [ 71.3031365, 20.8309786 ], [ 71.3024976, 20.8310822 ], [ 71.3049036, 20.8325419 ] ] ], [ [ [ 71.3090636, 20.8328912 ], [ 71.3079877, 20.8322767 ], [ 71.3076082, 20.8323352 ], [ 71.3090636, 20.8328912 ] ] ], [ [ [ 71.3039949, 20.8343751 ], [ 71.3031738, 20.8337154 ], [ 71.3027701, 20.833941 ], [ 71.3039949, 20.8343751 ] ] ], [ [ [ 71.4561945, 20.8785054 ], [ 71.45913, 20.8778129 ], [ 71.4560929, 20.8773041 ], [ 71.4561945, 20.8785054 ] ] ], [ [ [ 71.5359492, 20.9028729 ], [ 71.5346817, 20.9029415 ], [ 71.5361413, 20.9032389 ], [ 71.5359492, 20.9028729 ] ] ], [ [ [ 71.5484728, 20.912536 ], [ 71.5459096, 20.9118142 ], [ 71.5457642, 20.9124626 ], [ 71.5471943, 20.9131683 ], [ 71.5484728, 20.912536 ] ] ], [ [ [ 71.5180967, 20.9126024 ], [ 71.5215621, 20.9051371 ], [ 71.5243099, 20.9041665 ], [ 71.5271377, 20.9059575 ], [ 71.5324325, 20.9029363 ], [ 71.5214389, 20.90259 ], [ 71.517712, 20.9035489 ], [ 71.5147241, 20.9021291 ], [ 71.509074, 20.901807 ], [ 71.5070022, 20.9028721 ], [ 71.5113568, 20.9076912 ], [ 71.5108979, 20.9088357 ], [ 71.5119587, 20.9080319 ], [ 71.512929, 20.9088675 ], [ 71.5127093, 20.9110396 ], [ 71.5161132, 20.9134631 ], [ 71.5180967, 20.9126024 ] ] ], [ [ [ 71.5212541, 20.9131013 ], [ 71.5202103, 20.9132744 ], [ 71.5212643, 20.9134691 ], [ 71.5212541, 20.9131013 ] ] ], [ [ [ 71.5456668, 20.9139338 ], [ 71.544757, 20.9136121 ], [ 71.5454211, 20.9142818 ], [ 71.5456668, 20.9139338 ] ] ], [ [ [ 72.3608406, 21.592159 ], [ 72.3550962, 21.5924859 ], [ 72.3543826, 21.5936389 ], [ 72.3490935, 21.6059224 ], [ 72.3503118, 21.6084321 ], [ 72.3545638, 21.6021293 ], [ 72.3611581, 21.5956946 ], [ 72.3608406, 21.592159 ] ] ], [ [ [ 72.7694218, 21.6571148 ], [ 72.7792739, 21.6531966 ], [ 72.7964281, 21.6506766 ], [ 72.8067409, 21.6504373 ], [ 72.8158984, 21.6528476 ], [ 72.8259067, 21.6388385 ], [ 72.8255556, 21.6344401 ], [ 72.8197783, 21.623858 ], [ 72.816336, 21.6207816 ], [ 72.7939489, 21.60886 ], [ 72.7706538, 21.6090504 ], [ 72.7644743, 21.6069602 ], [ 72.752514, 21.6001106 ], [ 72.7506033, 21.5994221 ], [ 72.7479842, 21.6005823 ], [ 72.742687, 21.5981929 ], [ 72.7280108, 21.5859413 ], [ 72.725761, 21.5859111 ], [ 72.7259387, 21.5876323 ], [ 72.7220808, 21.584514 ], [ 72.7202971, 21.5856331 ], [ 72.7188113, 21.5916531 ], [ 72.7175381, 21.5898536 ], [ 72.7139015, 21.5907503 ], [ 72.7072112, 21.5858326 ], [ 72.7023802, 21.5878017 ], [ 72.7020538, 21.5920805 ], [ 72.7015196, 21.5879731 ], [ 72.6951237, 21.5884749 ], [ 72.6940947, 21.583281 ], [ 72.6924217, 21.5813933 ], [ 72.678436, 21.5752234 ], [ 72.6732454, 21.5752932 ], [ 72.6705466, 21.5730834 ], [ 72.6652543, 21.5666322 ], [ 72.6597571, 21.5569062 ], [ 72.6469161, 21.5475752 ], [ 72.6446064, 21.542175 ], [ 72.6464695, 21.5371287 ], [ 72.6422066, 21.5322453 ], [ 72.6393372, 21.5318988 ], [ 72.6368381, 21.5331664 ], [ 72.6344314, 21.5386066 ], [ 72.6256995, 21.5393764 ], [ 72.6219589, 21.538645 ], [ 72.621359, 21.5374359 ], [ 72.6239087, 21.5379659 ], [ 72.6177122, 21.5357162 ], [ 72.6113339, 21.5304986 ], [ 72.6058611, 21.5311291 ], [ 72.609732, 21.5318164 ], [ 72.6082427, 21.5328864 ], [ 72.5961861, 21.5356257 ], [ 72.5908058, 21.5347572 ], [ 72.5879048, 21.5320481 ], [ 72.5805855, 21.5289999 ], [ 72.5751947, 21.5323254 ], [ 72.5779764, 21.5354582 ], [ 72.5769785, 21.5420262 ], [ 72.578527, 21.5421488 ], [ 72.5771675, 21.5425874 ], [ 72.5747479, 21.5508439 ], [ 72.5766065, 21.554847 ], [ 72.5752881, 21.5562837 ], [ 72.5770676, 21.5585433 ], [ 72.5758476, 21.5603734 ], [ 72.5769682, 21.5649949 ], [ 72.576188, 21.5714558 ], [ 72.578617, 21.5727128 ], [ 72.581296, 21.5768248 ], [ 72.5839869, 21.5765842 ], [ 72.5818964, 21.5772756 ], [ 72.5828077, 21.5781121 ], [ 72.5807847, 21.579463 ], [ 72.5827748, 21.5793355 ], [ 72.5833539, 21.5814116 ], [ 72.5798683, 21.5820219 ], [ 72.5784382, 21.5835121 ], [ 72.5801654, 21.5857127 ], [ 72.5836648, 21.5845155 ], [ 72.591937, 21.5849914 ], [ 72.5935831, 21.5816423 ], [ 72.5985365, 21.5803047 ], [ 72.6004747, 21.5779326 ], [ 72.5998438, 21.5673947 ], [ 72.5985647, 21.5646145 ], [ 72.602652, 21.5565934 ], [ 72.5988023, 21.5486682 ], [ 72.6053682, 21.5513934 ], [ 72.6084621, 21.5513281 ], [ 72.6174231, 21.5469739 ], [ 72.6114638, 21.5522522 ], [ 72.6072537, 21.5606837 ], [ 72.606454, 21.5645935 ], [ 72.607824, 21.5675232 ], [ 72.6058286, 21.5753494 ], [ 72.606955, 21.587579 ], [ 72.6080862, 21.5915503 ], [ 72.6125339, 21.5949276 ], [ 72.6111778, 21.60176 ], [ 72.6149937, 21.6057881 ], [ 72.618385, 21.6125769 ], [ 72.6183637, 21.621246 ], [ 72.6266039, 21.628827 ], [ 72.6626782, 21.641068 ], [ 72.6718999, 21.6453248 ], [ 72.6807255, 21.6458373 ], [ 72.691896, 21.6440068 ], [ 72.7170522, 21.6476558 ], [ 72.7249976, 21.6453962 ], [ 72.7400187, 21.6447588 ], [ 72.7433067, 21.6457877 ], [ 72.7503942, 21.6514662 ], [ 72.7545778, 21.6508597 ], [ 72.7626548, 21.6563654 ], [ 72.7694218, 21.6571148 ] ] ], [ [ [ 69.339409, 22.3859741 ], [ 69.3398212, 22.380389 ], [ 69.3339807, 22.3763706 ], [ 69.3326959, 22.3728171 ], [ 69.3313654, 22.3745505 ], [ 69.3283516, 22.3750826 ], [ 69.3233596, 22.3812913 ], [ 69.3277597, 22.3828881 ], [ 69.3300143, 22.3822784 ], [ 69.3351256, 22.3866241 ], [ 69.339409, 22.3859741 ] ] ], [ [ [ 69.6289283, 22.4588518 ], [ 69.6461956, 22.4445527 ], [ 69.6478646, 22.4367568 ], [ 69.6504888, 22.4312354 ], [ 69.6540962, 22.4302526 ], [ 69.6568069, 22.426942 ], [ 69.6553983, 22.4238536 ], [ 69.6484874, 22.420406 ], [ 69.6460394, 22.4170363 ], [ 69.6424723, 22.4150011 ], [ 69.6364979, 22.4057158 ], [ 69.6068098, 22.4171741 ], [ 69.6022274, 22.4216477 ], [ 69.596404, 22.4244357 ], [ 69.5903469, 22.4307239 ], [ 69.5915431, 22.4322741 ], [ 69.5899087, 22.437321 ], [ 69.5954932, 22.4444474 ], [ 69.6032747, 22.4486621 ], [ 69.6143045, 22.4519713 ], [ 69.6235451, 22.4581425 ], [ 69.6289283, 22.4588518 ] ] ], [ [ [ 69.1424928, 22.4764492 ], [ 69.1480074, 22.4732764 ], [ 69.1502362, 22.4688411 ], [ 69.14702, 22.4658799 ], [ 69.1462669, 22.4624791 ], [ 69.14297, 22.4582502 ], [ 69.1447364, 22.4504492 ], [ 69.1415712, 22.4548031 ], [ 69.1429213, 22.4606598 ], [ 69.1420593, 22.4630717 ], [ 69.1399221, 22.4637588 ], [ 69.1384961, 22.4623909 ], [ 69.1324177, 22.4664549 ], [ 69.127847, 22.4653551 ], [ 69.1228251, 22.4680649 ], [ 69.1154219, 22.4667881 ], [ 69.1073106, 22.4592537 ], [ 69.1098194, 22.4526774 ], [ 69.1077803, 22.451311 ], [ 69.1087835, 22.4487018 ], [ 69.1076426, 22.4484138 ], [ 69.1065443, 22.4444275 ], [ 69.1083389, 22.4369692 ], [ 69.1036295, 22.4328035 ], [ 69.100418, 22.4330076 ], [ 69.0987607, 22.4312593 ], [ 69.0952709, 22.4310524 ], [ 69.0927573, 22.4294464 ], [ 69.0872644, 22.4213664 ], [ 69.0844471, 22.422157 ], [ 69.0863015, 22.4305507 ], [ 69.0856728, 22.4319743 ], [ 69.0897251, 22.4339776 ], [ 69.0909082, 22.4382594 ], [ 69.0964594, 22.4411692 ], [ 69.0951677, 22.4430899 ], [ 69.0964912, 22.4442493 ], [ 69.0929848, 22.4485639 ], [ 69.0946238, 22.4500729 ], [ 69.0927551, 22.4579257 ], [ 69.0939729, 22.4609107 ], [ 69.113703, 22.4681444 ], [ 69.1268289, 22.4749763 ], [ 69.1351733, 22.4766998 ], [ 69.1424928, 22.4764492 ] ] ], [ [ [ 70.0439171, 22.553518 ], [ 70.0482003, 22.5505943 ], [ 70.048939, 22.5477326 ], [ 70.0515499, 22.5449348 ], [ 70.0533318, 22.5439634 ], [ 70.0543752, 22.5458536 ], [ 70.059373, 22.5374344 ], [ 70.0572015, 22.5369447 ], [ 70.0536493, 22.5426496 ], [ 70.0489363, 22.5393585 ], [ 70.0515698, 22.5381289 ], [ 70.0514881, 22.5370478 ], [ 70.0500624, 22.5369629 ], [ 70.0543018, 22.5319231 ], [ 70.0482155, 22.5237509 ], [ 70.0461081, 22.5236166 ], [ 70.0425897, 22.5264371 ], [ 70.042463, 22.5296483 ], [ 70.0411031, 22.5292038 ], [ 70.0391481, 22.5337382 ], [ 70.0357457, 22.5343412 ], [ 70.0349107, 22.5355868 ], [ 70.0361944, 22.5388469 ], [ 70.0388209, 22.5397783 ], [ 70.0379551, 22.5439408 ], [ 70.0401514, 22.5474541 ], [ 70.0401615, 22.552844 ], [ 70.0439171, 22.553518 ] ] ], [ [ [ 70.2578089, 23.1706423 ], [ 70.2566199, 23.170621 ], [ 70.256464, 23.1737747 ], [ 70.257648, 23.1738043 ], [ 70.2578089, 23.1706423 ] ] ], [ [ [ 70.2525409, 23.1758423 ], [ 70.2559886, 23.175383 ], [ 70.2536054, 23.1745733 ], [ 70.2538352, 23.1710874 ], [ 70.2526089, 23.170875 ], [ 70.2521715, 23.1754846 ], [ 70.2497828, 23.1752831 ], [ 70.2495696, 23.1769774 ], [ 70.25268, 23.1774047 ], [ 70.2525409, 23.1758423 ] ] ], [ [ [ 68.5253186, 23.6896864 ], [ 68.5340208, 23.688536 ], [ 68.5303706, 23.6866404 ], [ 68.5306321, 23.6835544 ], [ 68.5324621, 23.6813344 ], [ 68.5293705, 23.6791475 ], [ 68.5311021, 23.6773472 ], [ 68.5298092, 23.6756851 ], [ 68.5320396, 23.6756142 ], [ 68.5336504, 23.6782155 ], [ 68.5354298, 23.6782662 ], [ 68.5343811, 23.6849743 ], [ 68.5385671, 23.6856447 ], [ 68.5381169, 23.6844346 ], [ 68.5442065, 23.6823431 ], [ 68.5434193, 23.6790245 ], [ 68.5474265, 23.6749544 ], [ 68.5439508, 23.6729306 ], [ 68.5436887, 23.6713137 ], [ 68.5389494, 23.6705257 ], [ 68.536188, 23.6733458 ], [ 68.5286978, 23.6739959 ], [ 68.529309, 23.669247 ], [ 68.5311194, 23.6667154 ], [ 68.5335004, 23.6682473 ], [ 68.5352609, 23.6670564 ], [ 68.5321893, 23.6646665 ], [ 68.5320286, 23.6632669 ], [ 68.5339115, 23.6620761 ], [ 68.5307496, 23.6629771 ], [ 68.5270307, 23.6613451 ], [ 68.5243221, 23.6590364 ], [ 68.5247005, 23.6575559 ], [ 68.52253, 23.656778 ], [ 68.5228697, 23.6547377 ], [ 68.525668, 23.6548975 ], [ 68.5220424, 23.6534775 ], [ 68.5209028, 23.6567588 ], [ 68.5241728, 23.6619166 ], [ 68.5266219, 23.6772858 ], [ 68.5271396, 23.6865455 ], [ 68.5253186, 23.6896864 ] ] ], [ [ [ 72.0597628, 24.7120584 ], [ 72.0851986, 24.7064111 ], [ 72.0911617, 24.6909703 ], [ 72.0927549, 24.6819472 ], [ 72.0863532, 24.6788763 ], [ 72.0861412, 24.6775897 ], [ 72.0872104, 24.67002 ], [ 72.0900228, 24.6641435 ], [ 72.0898168, 24.6586951 ], [ 72.0944649, 24.6582131 ], [ 72.0980562, 24.6561191 ], [ 72.102478, 24.6504593 ], [ 72.1076197, 24.6489975 ], [ 72.1087658, 24.6466458 ], [ 72.1149591, 24.6484292 ], [ 72.1169944, 24.6433647 ], [ 72.1245705, 24.6386026 ], [ 72.1281855, 24.6416991 ], [ 72.1502573, 24.6436695 ], [ 72.1603301, 24.6352622 ], [ 72.1648097, 24.6212767 ], [ 72.1703409, 24.6231755 ], [ 72.1732973, 24.621465 ], [ 72.1838893, 24.6197311 ], [ 72.1839933, 24.6205977 ], [ 72.1871382, 24.619504 ], [ 72.192032, 24.6200481 ], [ 72.1965718, 24.6147194 ], [ 72.1977876, 24.6167005 ], [ 72.1947495, 24.6230215 ], [ 72.202211, 24.6231126 ], [ 72.2103317, 24.6268457 ], [ 72.216692, 24.6269005 ], [ 72.2268748, 24.639163 ], [ 72.2303676, 24.6406095 ], [ 72.2340023, 24.6404264 ], [ 72.2369759, 24.6353911 ], [ 72.2422889, 24.6345789 ], [ 72.2485679, 24.6269001 ], [ 72.2546866, 24.6248813 ], [ 72.2631156, 24.6309274 ], [ 72.2678909, 24.6367991 ], [ 72.2708436, 24.637573 ], [ 72.2722317, 24.6370413 ], [ 72.2706814, 24.6305175 ], [ 72.273656, 24.6283664 ], [ 72.2829764, 24.6257542 ], [ 72.2892026, 24.619533 ], [ 72.2971493, 24.6247915 ], [ 72.3049851, 24.6175458 ], [ 72.3155812, 24.6197634 ], [ 72.3202231, 24.6177822 ], [ 72.3354466, 24.6333015 ], [ 72.3379513, 24.6300655 ], [ 72.3473344, 24.628456 ], [ 72.3476362, 24.6260501 ], [ 72.3431881, 24.6211876 ], [ 72.3453077, 24.6156268 ], [ 72.3439266, 24.6096274 ], [ 72.3410236, 24.6085344 ], [ 72.3386742, 24.6056043 ], [ 72.3385127, 24.6001468 ], [ 72.3355855, 24.5985843 ], [ 72.3306234, 24.5995534 ], [ 72.3173894, 24.5943174 ], [ 72.3135684, 24.594018 ], [ 72.3077814, 24.5958934 ], [ 72.3072983, 24.5977991 ], [ 72.30462, 24.5989751 ], [ 72.3053783, 24.6027941 ], [ 72.3033001, 24.603425 ], [ 72.3032491, 24.6057037 ], [ 72.297394, 24.6089682 ], [ 72.2951936, 24.6094113 ], [ 72.2897463, 24.6038651 ], [ 72.2867183, 24.6049766 ], [ 72.2853498, 24.6071443 ], [ 72.2763437, 24.6075269 ], [ 72.2643533, 24.6044763 ], [ 72.2643029, 24.6000615 ], [ 72.2584491, 24.5982968 ], [ 72.256883, 24.5941652 ], [ 72.2484704, 24.5893375 ], [ 72.2463957, 24.5856071 ], [ 72.2514807, 24.5802533 ], [ 72.2531047, 24.5750995 ], [ 72.263213, 24.5650094 ], [ 72.2647324, 24.5602753 ], [ 72.2713056, 24.5613632 ], [ 72.2752065, 24.5652344 ], [ 72.2854976, 24.5653581 ], [ 72.2901271, 24.5507398 ], [ 72.2892999, 24.5480218 ], [ 72.295435, 24.5466258 ], [ 72.2993382, 24.5472913 ], [ 72.3018585, 24.5502087 ], [ 72.3235974, 24.5513188 ], [ 72.3268783, 24.5539696 ], [ 72.3289911, 24.5524084 ], [ 72.3304019, 24.554544 ], [ 72.3268718, 24.5580233 ], [ 72.330935, 24.569305 ], [ 72.3331864, 24.5669268 ], [ 72.3409514, 24.5632181 ], [ 72.348745, 24.5624477 ], [ 72.3537298, 24.5637619 ], [ 72.3542936, 24.5565577 ], [ 72.3579558, 24.5556418 ], [ 72.3583562, 24.5508976 ], [ 72.360498, 24.5509203 ], [ 72.3612287, 24.5477966 ], [ 72.3621761, 24.5485913 ], [ 72.367516, 24.5477203 ], [ 72.3698602, 24.5437029 ], [ 72.3697172, 24.5418205 ], [ 72.3675115, 24.5397711 ], [ 72.368163, 24.5373425 ], [ 72.3709019, 24.531014 ], [ 72.3764628, 24.5246896 ], [ 72.3789789, 24.5183608 ], [ 72.3784508, 24.5144969 ], [ 72.3796891, 24.5123933 ], [ 72.3823433, 24.5110434 ], [ 72.3857329, 24.5118693 ], [ 72.3885791, 24.5076799 ], [ 72.3917221, 24.510853 ], [ 72.4000411, 24.514472 ], [ 72.4129684, 24.5172544 ], [ 72.4163298, 24.5211717 ], [ 72.4201482, 24.5201008 ], [ 72.4234379, 24.5166871 ], [ 72.4253424, 24.5175756 ], [ 72.4338331, 24.5158798 ], [ 72.4363056, 24.5171472 ], [ 72.4392352, 24.5151327 ], [ 72.4410806, 24.5153261 ], [ 72.4414337, 24.5113625 ], [ 72.4436821, 24.508978 ], [ 72.4429345, 24.5039813 ], [ 72.4302176, 24.4801744 ], [ 72.4337791, 24.4601067 ], [ 72.4438879, 24.4499561 ], [ 72.4480395, 24.447794 ], [ 72.4514568, 24.4421079 ], [ 72.4520916, 24.4339676 ], [ 72.4584133, 24.4248671 ], [ 72.457243, 24.4147987 ], [ 72.4749945, 24.4143975 ], [ 72.5004239, 24.4170546 ], [ 72.4931928, 24.4590839 ], [ 72.5044376, 24.4583665 ], [ 72.5048, 24.4715975 ], [ 72.5144858, 24.4839553 ], [ 72.5201861, 24.5 ], [ 72.5259887, 24.5031299 ], [ 72.5325993, 24.5037169 ], [ 72.5352462, 24.5056722 ], [ 72.5359845, 24.5176096 ], [ 72.5382438, 24.5196821 ], [ 72.5410045, 24.5181226 ], [ 72.5436498, 24.5130082 ], [ 72.5518243, 24.504843 ], [ 72.551951, 24.5033953 ], [ 72.5543304, 24.5026554 ], [ 72.5554196, 24.5002111 ], [ 72.5759428, 24.4788547 ], [ 72.6135674, 24.4723075 ], [ 72.6563313, 24.4622153 ], [ 72.6709402, 24.4648793 ], [ 72.6808779, 24.4651376 ], [ 72.683358, 24.4638772 ], [ 72.6882325, 24.4578083 ], [ 72.6875, 24.4526038 ], [ 72.6797732, 24.4429286 ], [ 72.6891457, 24.4117323 ], [ 72.6919083, 24.4061245 ], [ 72.6965742, 24.4021182 ], [ 72.7002725, 24.3959636 ], [ 72.7199042, 24.3747767 ], [ 72.724329, 24.3676188 ], [ 72.7308608, 24.364301 ], [ 72.7493976, 24.3650422 ], [ 72.7714141, 24.368226 ], [ 72.8058248, 24.3629366 ], [ 72.8085036, 24.3667568 ], [ 72.8147803, 24.3702262 ], [ 72.8364942, 24.3691633 ], [ 72.8497601, 24.3720414 ], [ 72.8540773, 24.3713063 ], [ 72.8556844, 24.3686386 ], [ 72.8576704, 24.3681829 ], [ 72.8585819, 24.3697359 ], [ 72.8697985, 24.3637824 ], [ 72.869966, 24.3658589 ], [ 72.8911502, 24.356974 ], [ 72.8939633, 24.3531141 ], [ 72.901634, 24.3471089 ], [ 72.907855, 24.3388783 ], [ 72.9115399, 24.3372885 ], [ 72.9136291, 24.3380012 ], [ 72.9197949, 24.3444187 ], [ 72.9275456, 24.3449623 ], [ 72.9382098, 24.3483031 ], [ 72.9509101, 24.3563368 ], [ 72.9540315, 24.3563624 ], [ 72.9621274, 24.3631246 ], [ 72.966776, 24.3653473 ], [ 72.9665698, 24.3664985 ], [ 72.9686161, 24.3679779 ], [ 72.9751169, 24.3687997 ], [ 72.9776291, 24.3735244 ], [ 72.9775431, 24.3768243 ], [ 72.9743641, 24.3827535 ], [ 72.9596726, 24.3912672 ], [ 72.9544085, 24.3913153 ], [ 72.9493005, 24.3981843 ], [ 72.9523953, 24.4025254 ], [ 72.9609293, 24.405319 ], [ 72.9667108, 24.4109221 ], [ 72.9683604, 24.4149431 ], [ 72.9700811, 24.4152309 ], [ 72.973324, 24.4265412 ], [ 72.9763127, 24.4275639 ], [ 72.9812143, 24.4343814 ], [ 72.9804824, 24.4377449 ], [ 72.9739469, 24.4411621 ], [ 72.9731551, 24.4436815 ], [ 72.9748659, 24.4494765 ], [ 72.9679631, 24.4509073 ], [ 72.9861909, 24.4694026 ], [ 72.9874819, 24.4735276 ], [ 72.9933026, 24.4796532 ], [ 73.0004104, 24.4836306 ], [ 73.0042499, 24.4814715 ], [ 73.0065156, 24.4743319 ], [ 73.0014159, 24.4690328 ], [ 73.0040423, 24.4662588 ], [ 73.0110157, 24.4666027 ], [ 73.0201021, 24.4644469 ], [ 73.0206632, 24.4658512 ], [ 73.0289442, 24.4652652 ], [ 73.032346, 24.4668834 ], [ 73.0352284, 24.4638472 ], [ 73.0372106, 24.4644351 ], [ 73.0370709, 24.4667688 ], [ 73.0434564, 24.4687811 ], [ 73.0493206, 24.4688744 ], [ 73.0485726, 24.4742638 ], [ 73.0573008, 24.4776941 ], [ 73.0610775, 24.4807518 ], [ 73.060864, 24.4836091 ], [ 73.0680311, 24.4832598 ], [ 73.0683803, 24.4855035 ], [ 73.0701309, 24.4868719 ], [ 73.0730559, 24.486778 ], [ 73.0717768, 24.4909125 ], [ 73.074119, 24.4928093 ], [ 73.0778624, 24.4947741 ], [ 73.0804426, 24.4942376 ], [ 73.0814234, 24.496996 ], [ 73.0842349, 24.4979809 ], [ 73.089869, 24.4963797 ], [ 73.0959628, 24.489357 ], [ 73.0911274, 24.4751006 ], [ 73.0938064, 24.4715395 ], [ 73.1016634, 24.4712114 ], [ 73.1027986, 24.4661015 ], [ 73.1032787, 24.4557597 ], [ 73.1000587, 24.4542697 ], [ 73.098393, 24.4480128 ], [ 73.1001058, 24.4392422 ], [ 73.1028287, 24.4330085 ], [ 73.1002512, 24.4260971 ], [ 73.0923499, 24.4180199 ], [ 73.0901916, 24.4140921 ], [ 73.0867214, 24.4125295 ], [ 73.0811151, 24.4012832 ], [ 73.0765029, 24.3966007 ], [ 73.0818573, 24.3929278 ], [ 73.0874978, 24.3866275 ], [ 73.095359, 24.3878706 ], [ 73.0991577, 24.3907843 ], [ 73.1026883, 24.3874339 ], [ 73.1022653, 24.3817189 ], [ 73.1053407, 24.3825906 ], [ 73.1076035, 24.3775305 ], [ 73.1118621, 24.3734139 ], [ 73.1209154, 24.370092 ], [ 73.1242961, 24.3672887 ], [ 73.1309981, 24.3656047 ], [ 73.1334722, 24.3666473 ], [ 73.145889, 24.3567284 ], [ 73.1508164, 24.3555178 ], [ 73.1525702, 24.3538428 ], [ 73.1553352, 24.3561354 ], [ 73.1585572, 24.3541033 ], [ 73.1648158, 24.3560022 ], [ 73.1713743, 24.3554179 ], [ 73.1781325, 24.3613111 ], [ 73.181466, 24.3662529 ], [ 73.1877169, 24.3708233 ], [ 73.1933358, 24.3721524 ], [ 73.1968667, 24.3760826 ], [ 73.1991882, 24.3765104 ], [ 73.2066782, 24.3746556 ], [ 73.2172146, 24.3675171 ], [ 73.219262, 24.3638954 ], [ 73.2090336, 24.3521647 ], [ 73.2062589, 24.3512634 ], [ 73.2021464, 24.3384048 ], [ 73.1985657, 24.3319333 ], [ 73.1885013, 24.3336262 ], [ 73.1865906, 24.3354598 ], [ 73.1862084, 24.3397394 ], [ 73.1816625, 24.3433209 ], [ 73.1763488, 24.3378787 ], [ 73.1765591, 24.3342763 ], [ 73.1749229, 24.3327286 ], [ 73.1745621, 24.3300744 ], [ 73.1762251, 24.3247335 ], [ 73.1737154, 24.3190555 ], [ 73.173593, 24.3085871 ], [ 73.1692209, 24.3003049 ], [ 73.1665165, 24.2992494 ], [ 73.1408665, 24.3110863 ], [ 73.135438, 24.3084324 ], [ 73.1309889, 24.2886695 ], [ 73.125448, 24.2734297 ], [ 73.1239509, 24.2712449 ], [ 73.1202922, 24.2720439 ], [ 73.1183422, 24.2686807 ], [ 73.1071452, 24.2639355 ], [ 73.1036011, 24.2554889 ], [ 73.0953552, 24.2493481 ], [ 73.093997, 24.2463731 ], [ 73.0933787, 24.2379809 ], [ 73.0878706, 24.2349191 ], [ 73.0879104, 24.2338221 ], [ 73.0880436, 24.2326349 ], [ 73.0901355, 24.2338272 ], [ 73.0971217, 24.2310839 ], [ 73.0922254, 24.223341 ], [ 73.0784536, 24.219374 ], [ 73.0792707, 24.2051047 ], [ 73.0770263, 24.2051763 ], [ 73.076801, 24.2022691 ], [ 73.0714141, 24.1967284 ], [ 73.0674433, 24.194691 ], [ 73.0766471, 24.1791199 ], [ 73.0991585, 24.1594655 ], [ 73.1008963, 24.1539448 ], [ 73.1038636, 24.1498778 ], [ 73.1034268, 24.1437519 ], [ 73.1063688, 24.1420052 ], [ 73.1104223, 24.1423126 ], [ 73.1221601, 24.1306527 ], [ 73.1252195, 24.1248609 ], [ 73.1300103, 24.1222786 ], [ 73.1381211, 24.1222103 ], [ 73.1535339, 24.1127822 ], [ 73.1571922, 24.1095312 ], [ 73.1549936, 24.1086919 ], [ 73.1568027, 24.1059559 ], [ 73.1558874, 24.1038073 ], [ 73.1589203, 24.0983262 ], [ 73.1718769, 24.094147 ], [ 73.1751421, 24.0942181 ], [ 73.1831802, 24.0896558 ], [ 73.1965699, 24.086843 ], [ 73.1983208, 24.084267 ], [ 73.2032881, 24.0831701 ], [ 73.2132257, 24.0780405 ], [ 73.2053053, 24.0613903 ], [ 73.2023835, 24.0509863 ], [ 73.1931412, 24.0409961 ], [ 73.1995531, 24.0362348 ], [ 73.2089104, 24.0338915 ], [ 73.2105654, 24.0318095 ], [ 73.2107404, 24.0288479 ], [ 73.2159202, 24.0279601 ], [ 73.2293728, 24.0221053 ], [ 73.2297459, 24.0156676 ], [ 73.2335274, 24.0125454 ], [ 73.2366332, 24.01234 ], [ 73.2379184, 24.0096892 ], [ 73.2374103, 24.0074369 ], [ 73.2398785, 24.0034308 ], [ 73.2427915, 24.0022819 ], [ 73.2493301, 24.0031891 ], [ 73.2523734, 24.009484 ], [ 73.2584354, 24.0119672 ], [ 73.2609957, 24.0177113 ], [ 73.2653283, 24.0203192 ], [ 73.2704734, 24.0210315 ], [ 73.275483, 24.0190982 ], [ 73.2793844, 24.0203105 ], [ 73.2831058, 24.0188726 ], [ 73.2861412, 24.0217681 ], [ 73.2867289, 24.0246666 ], [ 73.2898486, 24.0266637 ], [ 73.2906308, 24.0332641 ], [ 73.295955, 24.0396095 ], [ 73.2973635, 24.0435287 ], [ 73.3003705, 24.0460989 ], [ 73.3073165, 24.0456596 ], [ 73.3080678, 24.0473348 ], [ 73.3173855, 24.0532072 ], [ 73.3160083, 24.0549221 ], [ 73.3163218, 24.0575992 ], [ 73.3240551, 24.0696371 ], [ 73.3239747, 24.0741288 ], [ 73.3259502, 24.07696 ], [ 73.3221219, 24.0968172 ], [ 73.3237196, 24.0982172 ], [ 73.3270055, 24.1092241 ], [ 73.3330108, 24.1086929 ], [ 73.3334009, 24.103249 ], [ 73.3348863, 24.1028837 ], [ 73.3357527, 24.0997871 ], [ 73.3390332, 24.0984065 ], [ 73.3440833, 24.1001726 ], [ 73.3477802, 24.106376 ], [ 73.3619934, 24.1046623 ], [ 73.3628397, 24.1006265 ], [ 73.3608828, 24.0963062 ], [ 73.3607116, 24.0874897 ], [ 73.3620492, 24.0862755 ], [ 73.3608695, 24.0812825 ], [ 73.3653197, 24.0790573 ], [ 73.3673702, 24.0758342 ], [ 73.3703006, 24.0763714 ], [ 73.3862498, 24.0647285 ], [ 73.4042677, 24.0413281 ], [ 73.4008888, 24.0322052 ], [ 73.4066558, 24.0185166 ], [ 73.4079948, 24.0080926 ], [ 73.4037487, 23.9933 ], [ 73.3978793, 23.9895103 ], [ 73.4045785, 23.9908002 ], [ 73.4149572, 23.9857805 ], [ 73.4145072, 23.979531 ], [ 73.416037, 23.9701617 ], [ 73.4157869, 23.9678119 ], [ 73.4143772, 23.967172 ], [ 73.4132272, 23.9588327 ], [ 73.4142071, 23.955003 ], [ 73.4130272, 23.9459637 ], [ 73.414907, 23.9445838 ], [ 73.414637, 23.9404641 ], [ 73.4132372, 23.9391642 ], [ 73.4162968, 23.9378743 ], [ 73.4169167, 23.9346546 ], [ 73.4208262, 23.9308248 ], [ 73.4200549, 23.9248747 ], [ 73.4145469, 23.9215856 ], [ 73.4089876, 23.9215757 ], [ 73.4065179, 23.9165061 ], [ 73.4003886, 23.916826 ], [ 73.3951593, 23.9190159 ], [ 73.3874602, 23.9159062 ], [ 73.3838206, 23.9088568 ], [ 73.3786312, 23.9045272 ], [ 73.3777113, 23.8961478 ], [ 73.3759615, 23.8958679 ], [ 73.3745317, 23.893258 ], [ 73.3710121, 23.8911382 ], [ 73.3680224, 23.8783293 ], [ 73.3660527, 23.8783293 ], [ 73.3652028, 23.8754795 ], [ 73.3611233, 23.8726998 ], [ 73.3581336, 23.8619407 ], [ 73.3557238, 23.8592309 ], [ 73.3560738, 23.8545713 ], [ 73.353844, 23.8528514 ], [ 73.3578335, 23.8466118 ], [ 73.3677122, 23.8394624 ], [ 73.3668624, 23.8366426 ], [ 73.3685521, 23.831883 ], [ 73.3664923, 23.8293032 ], [ 73.3650825, 23.8237637 ], [ 73.3663823, 23.8221838 ], [ 73.3681121, 23.8226037 ], [ 73.3679121, 23.8142344 ], [ 73.3587232, 23.7956759 ], [ 73.351844, 23.7913963 ], [ 73.3560634, 23.7850168 ], [ 73.3633325, 23.782227 ], [ 73.3637724, 23.7781473 ], [ 73.3665621, 23.7770374 ], [ 73.3672419, 23.7743676 ], [ 73.3715214, 23.7704879 ], [ 73.3707715, 23.7652583 ], [ 73.38282, 23.768238 ], [ 73.3862397, 23.7766573 ], [ 73.3944587, 23.7829268 ], [ 73.399188, 23.7831168 ], [ 73.4002479, 23.7850566 ], [ 73.4085768, 23.7791671 ], [ 73.4107765, 23.7801569 ], [ 73.4180157, 23.7768071 ], [ 73.4186256, 23.7752773 ], [ 73.4164059, 23.7703177 ], [ 73.4192754, 23.7695077 ], [ 73.4243348, 23.7616384 ], [ 73.4270245, 23.7600885 ], [ 73.4311539, 23.7612483 ], [ 73.4306341, 23.7580386 ], [ 73.4318938, 23.7565188 ], [ 73.4365833, 23.7569587 ], [ 73.4394529, 23.7549688 ], [ 73.4452522, 23.7548188 ], [ 73.4477318, 23.7528689 ], [ 73.4486816, 23.7510869 ], [ 73.4466819, 23.7443996 ], [ 73.4492116, 23.7348104 ], [ 73.4501115, 23.7333604 ], [ 73.4526011, 23.7342504 ], [ 73.4567406, 23.7335204 ], [ 73.4603701, 23.7273109 ], [ 73.4714188, 23.7197315 ], [ 73.4735184, 23.7052326 ], [ 73.4814075, 23.7042027 ], [ 73.4906563, 23.7069024 ], [ 73.4983453, 23.7042525 ], [ 73.5073942, 23.7030427 ], [ 73.5051845, 23.698813 ], [ 73.508414, 23.6954932 ], [ 73.5038844, 23.6567163 ], [ 73.4966053, 23.649157 ], [ 73.4995149, 23.648727 ], [ 73.4994349, 23.6468171 ], [ 73.5018846, 23.6478371 ], [ 73.5058241, 23.6470071 ], [ 73.5087737, 23.6443873 ], [ 73.505734, 23.6388378 ], [ 73.4971152, 23.6352481 ], [ 73.4937655, 23.6323383 ], [ 73.4967151, 23.6288386 ], [ 73.5037942, 23.6244289 ], [ 73.5027043, 23.6227991 ], [ 73.5034642, 23.6183194 ], [ 73.5063939, 23.6190293 ], [ 73.5230817, 23.6069003 ], [ 73.5248716, 23.6118398 ], [ 73.5311808, 23.6141796 ], [ 73.5330106, 23.6195492 ], [ 73.5464689, 23.6259886 ], [ 73.5685463, 23.6528964 ], [ 73.5726559, 23.6537663 ], [ 73.5790151, 23.6526064 ], [ 73.5981827, 23.6538862 ], [ 73.6154805, 23.6521162 ], [ 73.61943, 23.6488165 ], [ 73.6207199, 23.6457367 ], [ 73.626779, 23.641867 ], [ 73.6406673, 23.628208 ], [ 73.6556554, 23.6212885 ], [ 73.6489762, 23.6083695 ], [ 73.6448466, 23.6041099 ], [ 73.6450266, 23.5967804 ], [ 73.6433568, 23.5943706 ], [ 73.6438966, 23.5877712 ], [ 73.6462763, 23.5854114 ], [ 73.6476061, 23.5746222 ], [ 73.6441566, 23.5722624 ], [ 73.6450664, 23.5703526 ], [ 73.6496758, 23.5681027 ], [ 73.6471862, 23.5660629 ], [ 73.6405769, 23.5680228 ], [ 73.6366174, 23.5646031 ], [ 73.6331078, 23.5550938 ], [ 73.6351375, 23.5383551 ], [ 73.6330678, 23.5286858 ], [ 73.6505155, 23.5185467 ], [ 73.6553249, 23.5123972 ], [ 73.6563648, 23.5074575 ], [ 73.6541249, 23.5020479 ], [ 73.6497304, 23.496667 ], [ 73.6453278, 23.4976896 ], [ 73.6407164, 23.4964081 ], [ 73.6391684, 23.4870809 ], [ 73.640328, 23.4827196 ], [ 73.6334354, 23.4699527 ], [ 73.6343158, 23.4623815 ], [ 73.6306695, 23.4579212 ], [ 73.6297592, 23.4541018 ], [ 73.6268964, 23.4502418 ], [ 73.6272095, 23.4485713 ], [ 73.6360176, 23.449063 ], [ 73.6461944, 23.441423 ], [ 73.647456, 23.4364522 ], [ 73.6605232, 23.4480343 ], [ 73.6739136, 23.4541119 ], [ 73.6852321, 23.4535931 ], [ 73.6921198, 23.45843 ], [ 73.6953868, 23.4559097 ], [ 73.6973992, 23.4566713 ], [ 73.7042665, 23.45144 ], [ 73.7068565, 23.4456417 ], [ 73.7051099, 23.4382024 ], [ 73.7116353, 23.4355036 ], [ 73.7116489, 23.4339234 ], [ 73.7079874, 23.4311625 ], [ 73.7104495, 23.4253643 ], [ 73.7080796, 23.4223227 ], [ 73.7112154, 23.421865 ], [ 73.7120794, 23.4190156 ], [ 73.7145093, 23.4167344 ], [ 73.7131382, 23.4147938 ], [ 73.713705, 23.4138138 ], [ 73.7208056, 23.4101346 ], [ 73.7287457, 23.4232131 ], [ 73.7349952, 23.4254931 ], [ 73.7365841, 23.4298126 ], [ 73.7498808, 23.4407425 ], [ 73.7564536, 23.4501833 ], [ 73.7550123, 23.4532116 ], [ 73.7557307, 23.4543227 ], [ 73.7672314, 23.453121 ], [ 73.7705581, 23.4480713 ], [ 73.7722883, 23.4378241 ], [ 73.7765697, 23.4377907 ], [ 73.7789767, 23.4313045 ], [ 73.7862774, 23.4302253 ], [ 73.7944671, 23.4311235 ], [ 73.8034368, 23.4377735 ], [ 73.8186046, 23.4384613 ], [ 73.8245627, 23.4426123 ], [ 73.8287055, 23.4476926 ], [ 73.8286823, 23.4438325 ], [ 73.8318003, 23.4404518 ], [ 73.8331326, 23.4358246 ], [ 73.8314604, 23.4323117 ], [ 73.8324345, 23.4310524 ], [ 73.830854, 23.4311648 ], [ 73.8302343, 23.4262346 ], [ 73.8341344, 23.4236216 ], [ 73.8350943, 23.4204435 ], [ 73.8396298, 23.4188238 ], [ 73.8391117, 23.4171352 ], [ 73.8406432, 23.4161919 ], [ 73.8408737, 23.4133522 ], [ 73.8456098, 23.4103561 ], [ 73.8455616, 23.4075246 ], [ 73.8493188, 23.4054755 ], [ 73.8500386, 23.4019768 ], [ 73.8581691, 23.396235 ], [ 73.8592701, 23.3921358 ], [ 73.8609079, 23.3916574 ], [ 73.8618717, 23.3895878 ], [ 73.8636089, 23.3894859 ], [ 73.8633792, 23.3872466 ], [ 73.8608408, 23.3856663 ], [ 73.8617801, 23.3836257 ], [ 73.8658494, 23.3842173 ], [ 73.8663581, 23.3812557 ], [ 73.8692095, 23.381906 ], [ 73.8670479, 23.3785379 ], [ 73.867757, 23.3780458 ], [ 73.8719093, 23.3772558 ], [ 73.8729657, 23.3794546 ], [ 73.873758, 23.3768586 ], [ 73.8724767, 23.3758653 ], [ 73.8737678, 23.3755764 ], [ 73.8724571, 23.3724657 ], [ 73.8740759, 23.3707275 ], [ 73.8742865, 23.3639397 ], [ 73.8803448, 23.3584969 ], [ 73.8872348, 23.3572775 ], [ 73.8897866, 23.350907 ], [ 73.8911752, 23.3500806 ], [ 73.8907838, 23.3488887 ], [ 73.8926564, 23.348279 ], [ 73.8896039, 23.3363697 ], [ 73.8919259, 23.3341118 ], [ 73.9009419, 23.3359706 ], [ 73.9081825, 23.3349082 ], [ 73.918582, 23.3354699 ], [ 73.935657, 23.3397305 ], [ 73.9394095, 23.3444107 ], [ 73.9369675, 23.3605791 ], [ 73.9380077, 23.3679377 ], [ 73.9522674, 23.3751774 ], [ 73.9574983, 23.3795449 ], [ 73.9598642, 23.3777061 ], [ 73.9617634, 23.3724396 ], [ 73.9668071, 23.3748984 ], [ 73.9711446, 23.3743089 ], [ 73.9755343, 23.371516 ], [ 73.9770647, 23.3648467 ], [ 73.9804126, 23.3623794 ], [ 73.9791531, 23.3590078 ], [ 73.9813954, 23.3381391 ], [ 73.9875833, 23.33576 ], [ 74.0043914, 23.3359176 ], [ 74.0286547, 23.3316722 ], [ 74.0248051, 23.3210601 ], [ 74.0307456, 23.3129146 ], [ 74.0330674, 23.3059903 ], [ 74.0355218, 23.3050075 ], [ 74.0408622, 23.3087305 ], [ 74.0448558, 23.3088094 ], [ 74.0423973, 23.3002887 ], [ 74.0388302, 23.2985712 ], [ 74.0381639, 23.2934466 ], [ 74.0482862, 23.2933209 ], [ 74.0717643, 23.298861 ], [ 74.0829779, 23.2960922 ], [ 74.0859296, 23.2980388 ], [ 74.0961656, 23.2932463 ], [ 74.1005791, 23.2938113 ], [ 74.1075548, 23.2844394 ], [ 74.1092176, 23.2743626 ], [ 74.1279345, 23.2689906 ], [ 74.1326402, 23.2661912 ], [ 74.1323661, 23.2592475 ], [ 74.130773, 23.256489 ], [ 74.1320872, 23.2528274 ], [ 74.1307092, 23.2504665 ], [ 74.1320135, 23.2472023 ], [ 74.1300786, 23.2451166 ], [ 74.1306354, 23.2424077 ], [ 74.132575, 23.2407777 ], [ 74.1325011, 23.23159 ], [ 74.1337272, 23.2298563 ], [ 74.1311575, 23.2292289 ], [ 74.1344692, 23.2230253 ], [ 74.1286215, 23.2166597 ], [ 74.1281378, 23.213883 ], [ 74.130072, 23.2111471 ], [ 74.1273171, 23.2097249 ], [ 74.1268335, 23.2080229 ], [ 74.1192089, 23.2040001 ], [ 74.1190187, 23.1919048 ], [ 74.116377, 23.1846584 ], [ 74.1214756, 23.1761932 ], [ 74.1346899, 23.1750867 ], [ 74.141204, 23.1731538 ], [ 74.1452784, 23.1682638 ], [ 74.1479353, 23.1576579 ], [ 74.1527339, 23.1523882 ], [ 74.1540716, 23.1520448 ], [ 74.1544827, 23.1564874 ], [ 74.1667917, 23.1557214 ], [ 74.1724405, 23.1545369 ], [ 74.1788777, 23.1472794 ], [ 74.1821564, 23.1535629 ], [ 74.1854244, 23.1568214 ], [ 74.1829335, 23.1663442 ], [ 74.1887046, 23.1752 ], [ 74.1885986, 23.1781482 ], [ 74.1957786, 23.180538 ], [ 74.2013255, 23.1876688 ], [ 74.2012141, 23.1893033 ], [ 74.2029241, 23.1903092 ], [ 74.2071234, 23.189088 ], [ 74.2125577, 23.1869315 ], [ 74.2125165, 23.1836672 ], [ 74.2237912, 23.1815069 ], [ 74.2308164, 23.178658 ], [ 74.2316357, 23.1772668 ], [ 74.2407986, 23.1846916 ], [ 74.2428628, 23.1773399 ], [ 74.2473599, 23.1714311 ], [ 74.2611022, 23.164966 ], [ 74.2674735, 23.1583477 ], [ 74.2703784, 23.1432494 ], [ 74.2743674, 23.1307528 ], [ 74.2783684, 23.1249902 ], [ 74.2871216, 23.1171218 ], [ 74.2857687, 23.1125676 ], [ 74.2771235, 23.0993991 ], [ 74.2771584, 23.0956235 ], [ 74.2788903, 23.0921854 ], [ 74.2828739, 23.0885317 ], [ 74.2978263, 23.0839785 ], [ 74.3113349, 23.0741922 ], [ 74.3181761, 23.0621042 ], [ 74.3219267, 23.0412226 ], [ 74.3275812, 23.0365993 ], [ 74.3397907, 23.0326671 ], [ 74.3439187, 23.0297124 ], [ 74.3463847, 23.02531 ], [ 74.3468638, 23.0139891 ], [ 74.3493815, 23.0068498 ], [ 74.3636845, 22.9816662 ], [ 74.3654648, 22.9758962 ], [ 74.3610371, 22.9765867 ], [ 74.360023, 22.975476 ], [ 74.3559844, 22.9747438 ], [ 74.3539863, 22.9757778 ], [ 74.3504465, 22.9742783 ], [ 74.3493514, 22.9713869 ], [ 74.346259, 22.9685166 ], [ 74.3393557, 22.9647181 ], [ 74.3374075, 22.9566901 ], [ 74.3394952, 22.9528889 ], [ 74.3555466, 22.9396897 ], [ 74.3576671, 22.9392114 ], [ 74.357346, 22.9340101 ], [ 74.3590526, 22.9300687 ], [ 74.3625041, 22.9260596 ], [ 74.3678854, 22.9242901 ], [ 74.3705956, 22.9217301 ], [ 74.3775604, 22.9072008 ], [ 74.3854605, 22.9045501 ], [ 74.3934082, 22.8966029 ], [ 74.4016589, 22.8977304 ], [ 74.4041008, 22.8993012 ], [ 74.4044478, 22.9035904 ], [ 74.4082401, 22.9061721 ], [ 74.4135962, 22.9060941 ], [ 74.4105176, 22.9118425 ], [ 74.4184784, 22.9170417 ], [ 74.4332275, 22.9179489 ], [ 74.4336346, 22.9124901 ], [ 74.4409533, 22.9185102 ], [ 74.4440631, 22.9187527 ], [ 74.4468328, 22.9210811 ], [ 74.4494141, 22.9173912 ], [ 74.4575406, 22.911933 ], [ 74.4607639, 22.9068428 ], [ 74.4638919, 22.8982716 ], [ 74.4639913, 22.8864422 ], [ 74.4702517, 22.8775349 ], [ 74.4687598, 22.8694133 ], [ 74.4702029, 22.8637731 ], [ 74.4764325, 22.8548159 ], [ 74.4706009, 22.8410668 ], [ 74.464773, 22.816391 ], [ 74.449222, 22.8082991 ], [ 74.4337834, 22.8078993 ], [ 74.4378766, 22.7920408 ], [ 74.4355447, 22.7826008 ], [ 74.4213564, 22.7567522 ], [ 74.4179192, 22.756252 ], [ 74.4159566, 22.7540628 ], [ 74.4160183, 22.7487961 ], [ 74.4138795, 22.7430354 ], [ 74.4089087, 22.7402552 ], [ 74.407209, 22.7365939 ], [ 74.4016977, 22.7309737 ], [ 74.4016287, 22.7270139 ], [ 74.3969393, 22.713546 ], [ 74.3995277, 22.7093782 ], [ 74.3978087, 22.70387 ], [ 74.3944016, 22.6996083 ], [ 74.3949784, 22.6856383 ], [ 74.3906278, 22.6810199 ], [ 74.3908076, 22.6787578 ], [ 74.3848905, 22.6729203 ], [ 74.3844427, 22.6692811 ], [ 74.3819807, 22.6675113 ], [ 74.3806618, 22.6583998 ], [ 74.3842901, 22.6462945 ], [ 74.3796101, 22.6403708 ], [ 74.3790603, 22.6344334 ], [ 74.3745124, 22.6359416 ], [ 74.3590936, 22.6339949 ], [ 74.3375979, 22.6402947 ], [ 74.3349279, 22.6386235 ], [ 74.3321164, 22.6387221 ], [ 74.3293477, 22.6417329 ], [ 74.3227764, 22.6407015 ], [ 74.323717, 22.6359519 ], [ 74.3147961, 22.6338705 ], [ 74.31197, 22.6364535 ], [ 74.2932133, 22.6379126 ], [ 74.2773651, 22.6460041 ], [ 74.2736364, 22.6427554 ], [ 74.2718247, 22.6391648 ], [ 74.2661536, 22.6383528 ], [ 74.2666664, 22.6421143 ], [ 74.2635566, 22.6439724 ], [ 74.2588247, 22.6368532 ], [ 74.253578, 22.6346619 ], [ 74.2551248, 22.6234857 ], [ 74.2533951, 22.6214752 ], [ 74.2495982, 22.6196933 ], [ 74.2435099, 22.6205146 ], [ 74.243216, 22.6180946 ], [ 74.2414401, 22.6172742 ], [ 74.2424892, 22.6156344 ], [ 74.2406185, 22.6118747 ], [ 74.2313686, 22.6118044 ], [ 74.2311175, 22.6079351 ], [ 74.2254287, 22.5960368 ], [ 74.2218312, 22.5835681 ], [ 74.2112503, 22.5748599 ], [ 74.2100331, 22.5642589 ], [ 74.2046037, 22.5658104 ], [ 74.2036913, 22.5687277 ], [ 74.2004811, 22.5657312 ], [ 74.1935937, 22.5688182 ], [ 74.1907834, 22.5686072 ], [ 74.1857844, 22.5658189 ], [ 74.1832955, 22.566488 ], [ 74.1901033, 22.5594687 ], [ 74.1895122, 22.5535992 ], [ 74.1803127, 22.5481799 ], [ 74.1706876, 22.5471491 ], [ 74.1626353, 22.5380802 ], [ 74.1579391, 22.5346903 ], [ 74.1562729, 22.5348595 ], [ 74.1503654, 22.5289664 ], [ 74.1515393, 22.5243222 ], [ 74.1506681, 22.5212677 ], [ 74.1330942, 22.5202509 ], [ 74.1305427, 22.5239324 ], [ 74.1268365, 22.5244724 ], [ 74.1271033, 22.5268663 ], [ 74.1215856, 22.5282037 ], [ 74.1163179, 22.5357135 ], [ 74.1118402, 22.5396717 ], [ 74.1073018, 22.5394116 ], [ 74.1012999, 22.5344241 ], [ 74.0992623, 22.5383505 ], [ 74.0840758, 22.5447536 ], [ 74.0817564, 22.5473898 ], [ 74.0746385, 22.5514019 ], [ 74.0541987, 22.5492812 ], [ 74.0414912, 22.5422541 ], [ 74.0378942, 22.5345132 ], [ 74.036782, 22.5252519 ], [ 74.0390227, 22.5215141 ], [ 74.0385132, 22.5158431 ], [ 74.029382, 22.5079544 ], [ 74.0314418, 22.4941943 ], [ 74.0333931, 22.4898969 ], [ 74.036704, 22.4869367 ], [ 74.0407933, 22.4866526 ], [ 74.043802, 22.4965759 ], [ 74.0464197, 22.499205 ], [ 74.049719, 22.4995136 ], [ 74.0506309, 22.5023936 ], [ 74.0527099, 22.5041058 ], [ 74.0529796, 22.5089328 ], [ 74.0543692, 22.5095564 ], [ 74.0719567, 22.508213 ], [ 74.0774196, 22.5060563 ], [ 74.082517, 22.5067846 ], [ 74.0825252, 22.4957054 ], [ 74.0861366, 22.4914574 ], [ 74.0852047, 22.4879941 ], [ 74.0875384, 22.4822151 ], [ 74.0860143, 22.4768054 ], [ 74.0821689, 22.4844352 ], [ 74.0788549, 22.4852742 ], [ 74.0764553, 22.4835848 ], [ 74.07362, 22.4775471 ], [ 74.0746474, 22.4711674 ], [ 74.0759985, 22.4694069 ], [ 74.0749156, 22.4682777 ], [ 74.075325, 22.4642954 ], [ 74.0856566, 22.4699061 ], [ 74.0906371, 22.4663356 ], [ 74.0954366, 22.4681787 ], [ 74.1041527, 22.4645271 ], [ 74.1033961, 22.4557404 ], [ 74.1015551, 22.4555505 ], [ 74.1004045, 22.4514595 ], [ 74.0969654, 22.450267 ], [ 74.0984119, 22.4487213 ], [ 74.0977629, 22.4459189 ], [ 74.0997461, 22.4380401 ], [ 74.1013155, 22.435268 ], [ 74.1034134, 22.4372685 ], [ 74.1044529, 22.4362707 ], [ 74.1049055, 22.4295113 ], [ 74.1068433, 22.4297102 ], [ 74.1093013, 22.4263827 ], [ 74.1166739, 22.4244507 ], [ 74.1191121, 22.4187615 ], [ 74.1253429, 22.4176598 ], [ 74.127781, 22.4222518 ], [ 74.1277034, 22.4257602 ], [ 74.1262902, 22.4266723 ], [ 74.1278928, 22.4272593 ], [ 74.1281991, 22.4352196 ], [ 74.1301614, 22.435039 ], [ 74.1290298, 22.4360595 ], [ 74.1338389, 22.4457309 ], [ 74.1358209, 22.447108 ], [ 74.1427574, 22.4468681 ], [ 74.1492096, 22.4556583 ], [ 74.151148, 22.4561095 ], [ 74.1552572, 22.4540995 ], [ 74.1525394, 22.4430602 ], [ 74.15553, 22.4363318 ], [ 74.1604488, 22.4312105 ], [ 74.1652763, 22.4302114 ], [ 74.1697452, 22.4318312 ], [ 74.1694951, 22.4392589 ], [ 74.1841259, 22.4415388 ], [ 74.1853443, 22.4509572 ], [ 74.1805757, 22.4546389 ], [ 74.1799327, 22.4622157 ], [ 74.1822669, 22.4677461 ], [ 74.1870639, 22.472097 ], [ 74.1878962, 22.4755057 ], [ 74.1907435, 22.4757753 ], [ 74.1988944, 22.4729859 ], [ 74.2030744, 22.4675385 ], [ 74.2039022, 22.4624764 ], [ 74.2024653, 22.4563632 ], [ 74.2042213, 22.4514185 ], [ 74.200783, 22.4354316 ], [ 74.2016227, 22.43451 ], [ 74.2133796, 22.4315103 ], [ 74.2152414, 22.4412984 ], [ 74.2215874, 22.4377592 ], [ 74.2262306, 22.4376209 ], [ 74.2273974, 22.4389205 ], [ 74.2362781, 22.4351985 ], [ 74.2527857, 22.4329477 ], [ 74.2532001, 22.4309608 ], [ 74.2624814, 22.4235972 ], [ 74.2626069, 22.4181577 ], [ 74.2705901, 22.413148 ], [ 74.2674639, 22.4055519 ], [ 74.2911784, 22.3940124 ], [ 74.2890578, 22.3922938 ], [ 74.2794131, 22.3948026 ], [ 74.2748291, 22.392095 ], [ 74.2707023, 22.3926936 ], [ 74.256735, 22.3996523 ], [ 74.2552053, 22.3964326 ], [ 74.2564251, 22.3952526 ], [ 74.2546255, 22.3924128 ], [ 74.2542853, 22.3858334 ], [ 74.2510256, 22.3826237 ], [ 74.2427561, 22.3824237 ], [ 74.2432926, 22.3760709 ], [ 74.2312561, 22.3786434 ], [ 74.2286483, 22.3779724 ], [ 74.2237073, 22.3799442 ], [ 74.2241088, 22.377894 ], [ 74.2228171, 22.3774433 ], [ 74.222359, 22.3750459 ], [ 74.224947, 22.3687454 ], [ 74.2222839, 22.3644422 ], [ 74.224509, 22.3605144 ], [ 74.2238798, 22.3563651 ], [ 74.210572, 22.360685 ], [ 74.2078317, 22.3646554 ], [ 74.2040414, 22.3667073 ], [ 74.2027736, 22.3485247 ], [ 74.1979332, 22.3426488 ], [ 74.1961375, 22.3431852 ], [ 74.1963677, 22.3451347 ], [ 74.1943033, 22.3483977 ], [ 74.193425, 22.3489083 ], [ 74.1922005, 22.3463261 ], [ 74.1914749, 22.3413776 ], [ 74.1928343, 22.3323961 ], [ 74.1912931, 22.3269602 ], [ 74.1919225, 22.3237767 ], [ 74.1903338, 22.3202599 ], [ 74.1863834, 22.3199499 ], [ 74.1750287, 22.3235419 ], [ 74.1648448, 22.3243341 ], [ 74.156199, 22.3272601 ], [ 74.1540787, 22.3295995 ], [ 74.1505983, 22.3268367 ], [ 74.1444785, 22.3281876 ], [ 74.1421391, 22.3271179 ], [ 74.13815, 22.3309066 ], [ 74.1341121, 22.3326002 ], [ 74.1278609, 22.3327359 ], [ 74.1253128, 22.3374183 ], [ 74.1273903, 22.3414957 ], [ 74.1251188, 22.3560982 ], [ 74.1212306, 22.357674 ], [ 74.1177598, 22.3561568 ], [ 74.1136723, 22.3571455 ], [ 74.1121425, 22.3662934 ], [ 74.1050734, 22.371815 ], [ 74.0956746, 22.3711138 ], [ 74.0918777, 22.3608909 ], [ 74.0880942, 22.3598466 ], [ 74.0826082, 22.3617056 ], [ 74.070778, 22.3612868 ], [ 74.0678901, 22.3598951 ], [ 74.0669983, 22.3563367 ], [ 74.064766, 22.3546066 ], [ 74.0664668, 22.3501866 ], [ 74.0695593, 22.348946 ], [ 74.070739, 22.3442944 ], [ 74.0722022, 22.3434814 ], [ 74.0711436, 22.3417416 ], [ 74.0715689, 22.3359877 ], [ 74.0645765, 22.3318583 ], [ 74.0614404, 22.3116781 ], [ 74.0630487, 22.3070685 ], [ 74.0624382, 22.304919 ], [ 74.0595806, 22.3036987 ], [ 74.0590604, 22.3057711 ], [ 74.0537576, 22.3037505 ], [ 74.0543187, 22.2974789 ], [ 74.0523795, 22.2940916 ], [ 74.0559672, 22.2899209 ], [ 74.0547189, 22.2828403 ], [ 74.0587982, 22.274615 ], [ 74.0639284, 22.2694424 ], [ 74.0659177, 22.2688923 ], [ 74.0678088, 22.2654123 ], [ 74.0744764, 22.265644 ], [ 74.0752167, 22.2573449 ], [ 74.0740986, 22.250314 ], [ 74.0750357, 22.2475644 ], [ 74.0838833, 22.2469437 ], [ 74.0871828, 22.2427948 ], [ 74.0838952, 22.239245 ], [ 74.0803641, 22.2397634 ], [ 74.0776387, 22.2381642 ], [ 74.0740447, 22.2381856 ], [ 74.0693275, 22.232716 ], [ 74.0721745, 22.2191572 ], [ 74.092043, 22.2204988 ], [ 74.0960636, 22.2199261 ], [ 74.0972131, 22.2183459 ], [ 74.1062136, 22.2202481 ], [ 74.1110537, 22.2180993 ], [ 74.1131293, 22.2143379 ], [ 74.1170817, 22.2161173 ], [ 74.1223289, 22.2123968 ], [ 74.1222033, 22.2104446 ], [ 74.1173828, 22.2064679 ], [ 74.1216502, 22.194737 ], [ 74.1181304, 22.1853494 ], [ 74.1188286, 22.1829788 ], [ 74.1208019, 22.1822383 ], [ 74.1202202, 22.1790008 ], [ 74.1226492, 22.1720606 ], [ 74.1214421, 22.1674007 ], [ 74.1248598, 22.1641315 ], [ 74.1317773, 22.1631018 ], [ 74.1338568, 22.1605414 ], [ 74.1314474, 22.1589702 ], [ 74.1301676, 22.1547032 ], [ 74.13055, 22.1444305 ], [ 74.1269002, 22.1431032 ], [ 74.124559, 22.1360817 ], [ 74.1227802, 22.1356843 ], [ 74.1233183, 22.1278706 ], [ 74.1283293, 22.1244859 ], [ 74.1288478, 22.1210361 ], [ 74.1244618, 22.097908 ], [ 74.1262692, 22.0983956 ], [ 74.1284883, 22.0946478 ], [ 74.1407766, 22.0994063 ], [ 74.1411692, 22.1005757 ], [ 74.1525573, 22.1060062 ], [ 74.1537141, 22.1003978 ], [ 74.1569363, 22.099616 ], [ 74.1628531, 22.1018047 ], [ 74.1692926, 22.1005973 ], [ 74.1671352, 22.0973468 ], [ 74.1693736, 22.0966869 ], [ 74.1703362, 22.0918054 ], [ 74.1759413, 22.089695 ], [ 74.178653, 22.0854767 ], [ 74.1647229, 22.0828483 ], [ 74.1639547, 22.0734382 ], [ 74.1586151, 22.0697097 ], [ 74.1610445, 22.0602402 ], [ 74.1600753, 22.058818 ], [ 74.1544369, 22.0589411 ], [ 74.1550178, 22.0578076 ], [ 74.1362903, 22.0529289 ], [ 74.1335943, 22.0489362 ], [ 74.1314073, 22.0478312 ], [ 74.1314364, 22.0462192 ], [ 74.1389873, 22.043401 ], [ 74.1401494, 22.0403213 ], [ 74.1236574, 22.0360911 ], [ 74.1215507, 22.0346733 ], [ 74.121231, 22.0321897 ], [ 74.1153515, 22.0297828 ], [ 74.1156617, 22.0254841 ], [ 74.1142816, 22.0244409 ], [ 74.0950029, 22.018984 ], [ 74.0921419, 22.0148337 ], [ 74.0920937, 22.0136235 ], [ 74.0963845, 22.0098859 ], [ 74.099684, 22.0014239 ], [ 74.099913, 22.0000012 ], [ 74.0967707, 22.0000011 ], [ 74.097928, 21.9987057 ], [ 74.1129647, 21.9993532 ], [ 74.115134, 21.9980394 ], [ 74.1184313, 21.9989335 ], [ 74.1204408, 21.9957004 ], [ 74.1268225, 21.9955651 ], [ 74.1406217, 21.9905656 ], [ 74.1437447, 21.9908454 ], [ 74.1434733, 21.9896576 ], [ 74.1455017, 21.9877428 ], [ 74.1479566, 21.9884831 ], [ 74.150595, 21.9865907 ], [ 74.148648, 21.9834256 ], [ 74.149886, 21.9751666 ], [ 74.1475426, 21.9741509 ], [ 74.1442072, 21.9754021 ], [ 74.1403438, 21.9726706 ], [ 74.1417811, 21.9701961 ], [ 74.1398397, 21.9676404 ], [ 74.1412965, 21.9638382 ], [ 74.1433534, 21.9612371 ], [ 74.1457981, 21.962072 ], [ 74.1475501, 21.9607172 ], [ 74.1430093, 21.9583968 ], [ 74.1418835, 21.9557374 ], [ 74.1441656, 21.9531269 ], [ 74.1468478, 21.9528919 ], [ 74.1464722, 21.9467217 ], [ 74.1393832, 21.9454721 ], [ 74.1360725, 21.9501838 ], [ 74.1282236, 21.9497783 ], [ 74.1058979, 21.9432331 ], [ 74.0840483, 21.9337269 ], [ 74.0665943, 21.9303773 ], [ 74.0602561, 21.9276198 ], [ 74.047895, 21.9249999 ], [ 74.0312289, 21.9160856 ], [ 74.0312217, 21.9140624 ], [ 74.0288585, 21.9121369 ], [ 74.0235824, 21.9109182 ], [ 74.0038962, 21.9002487 ], [ 73.9653907, 21.8843213 ], [ 73.9209638, 21.8610261 ], [ 73.9078245, 21.8570556 ], [ 73.9005834, 21.8579466 ], [ 73.8880013, 21.8552117 ], [ 73.8757968, 21.8436705 ], [ 73.8697558, 21.841074 ], [ 73.8423213, 21.8439972 ], [ 73.8249674, 21.8423583 ], [ 73.8138632, 21.8397899 ], [ 73.807316, 21.8363329 ], [ 73.7959515, 21.8247274 ], [ 73.7981532, 21.8223125 ], [ 73.8016064, 21.8217496 ], [ 73.8043011, 21.8196962 ], [ 73.8078359, 21.8098084 ], [ 73.8223859, 21.8113037 ], [ 73.82743, 21.8099099 ], [ 73.8280653, 21.8040714 ], [ 73.8329451, 21.8009479 ], [ 73.8324572, 21.7996517 ], [ 73.82696, 21.7979253 ], [ 73.8273389, 21.7924795 ], [ 73.8344949, 21.7920976 ], [ 73.8381607, 21.7887478 ], [ 73.8371022, 21.7873251 ], [ 73.8308942, 21.787125 ], [ 73.8294538, 21.7859415 ], [ 73.8295676, 21.777547 ], [ 73.8341366, 21.7762025 ], [ 73.834698, 21.7740531 ], [ 73.8336061, 21.7716506 ], [ 73.824945, 21.7652315 ], [ 73.8237374, 21.7626031 ], [ 73.8248647, 21.7595553 ], [ 73.8279982, 21.7564721 ], [ 73.8336639, 21.7549246 ], [ 73.8375139, 21.7455298 ], [ 73.8468103, 21.7372769 ], [ 73.8503724, 21.7372187 ], [ 73.8532677, 21.7353767 ], [ 73.8559311, 21.7324374 ], [ 73.8583628, 21.726504 ], [ 73.8676085, 21.7183448 ], [ 73.8807392, 21.7153692 ], [ 73.8863241, 21.7066714 ], [ 73.8838934, 21.705231 ], [ 73.8903, 21.6979739 ], [ 73.8918165, 21.6921484 ], [ 73.8916074, 21.6810579 ], [ 73.8945875, 21.6759774 ], [ 73.8886339, 21.6607738 ], [ 73.8880149, 21.6532461 ], [ 73.8837785, 21.6533367 ], [ 73.8741949, 21.6475615 ], [ 73.8599241, 21.6424074 ], [ 73.8516668, 21.6464808 ], [ 73.8497698, 21.6391335 ], [ 73.8459396, 21.639738 ], [ 73.8385899, 21.6330804 ], [ 73.8346582, 21.634353 ], [ 73.8360334, 21.6391761 ], [ 73.832102, 21.6383533 ], [ 73.8303813, 21.6423673 ], [ 73.8248035, 21.6397783 ], [ 73.8217303, 21.6434215 ], [ 73.8175915, 21.6419706 ], [ 73.8142627, 21.6441732 ], [ 73.8123227, 21.6400767 ], [ 73.8053195, 21.6394237 ], [ 73.8015823, 21.6371417 ], [ 73.7880459, 21.6341008 ], [ 73.7861101, 21.6324786 ], [ 73.7850207, 21.62901 ], [ 73.7805149, 21.6285921 ], [ 73.7826826, 21.6220771 ], [ 73.7813664, 21.6185947 ], [ 73.787723, 21.6164984 ], [ 73.7899565, 21.6122908 ], [ 73.7966675, 21.6057417 ], [ 73.8007372, 21.6037194 ], [ 73.8059252, 21.6041742 ], [ 73.8120921, 21.6028987 ], [ 73.8141306, 21.6010932 ], [ 73.8155083, 21.5972101 ], [ 73.8154247, 21.588883 ], [ 73.8174819, 21.5880167 ], [ 73.8164447, 21.5857359 ], [ 73.8171901, 21.5809676 ], [ 73.823337, 21.5643877 ], [ 73.8222759, 21.5617908 ], [ 73.8252953, 21.5551265 ], [ 73.827796, 21.5544408 ], [ 73.8267394, 21.5523271 ], [ 73.8280683, 21.5478298 ], [ 73.827229, 21.5458517 ], [ 73.8293241, 21.5451026 ], [ 73.832961, 21.5370564 ], [ 73.8347926, 21.5285085 ], [ 73.834896, 21.5205834 ], [ 73.838425, 21.5155626 ], [ 73.8460558, 21.5094045 ], [ 73.8514477, 21.4991861 ], [ 73.8535566, 21.4974659 ], [ 73.8591875, 21.4995211 ], [ 73.8638296, 21.4981667 ], [ 73.8643554, 21.5009394 ], [ 73.8691228, 21.5010842 ], [ 73.8718346, 21.5047962 ], [ 73.8726356, 21.5064038 ], [ 73.8663189, 21.5070268 ], [ 73.8643015, 21.5125721 ], [ 73.8685965, 21.5127439 ], [ 73.8685724, 21.5108518 ], [ 73.8720083, 21.5107254 ], [ 73.877056, 21.5121569 ], [ 73.8784697, 21.5048999 ], [ 73.8798257, 21.5051979 ], [ 73.9053164, 21.515762 ], [ 73.9042276, 21.5245092 ], [ 73.911978, 21.5227284 ], [ 73.9151382, 21.5196163 ], [ 73.9168224, 21.5195888 ], [ 73.9217503, 21.5211589 ], [ 73.9215875, 21.5250786 ], [ 73.9271319, 21.5250803 ], [ 73.9292557, 21.5236989 ], [ 73.9295433, 21.5184696 ], [ 73.9320552, 21.512264 ], [ 73.9355105, 21.5124389 ], [ 73.9402984, 21.5142298 ], [ 73.9416574, 21.5161791 ], [ 73.9459266, 21.5167924 ], [ 73.9465673, 21.5143446 ], [ 73.9517542, 21.512694 ], [ 73.9521243, 21.5190882 ], [ 73.9552089, 21.5203511 ], [ 73.9542071, 21.5240997 ], [ 73.9559452, 21.5252955 ], [ 73.9556443, 21.5309404 ], [ 73.9541834, 21.5336957 ], [ 73.9553187, 21.5355556 ], [ 73.9550755, 21.5408302 ], [ 73.9603468, 21.5416403 ], [ 73.9628095, 21.5276944 ], [ 73.9663001, 21.5220658 ], [ 73.9704949, 21.5233866 ], [ 73.9762572, 21.5231618 ], [ 73.9774336, 21.5216844 ], [ 73.9822701, 21.522598 ], [ 73.9812701, 21.5278144 ], [ 73.974928, 21.5342443 ], [ 73.9741862, 21.5432763 ], [ 73.981079, 21.5436107 ], [ 73.9828145, 21.5407285 ], [ 73.9931892, 21.5433044 ], [ 73.9936076, 21.5415384 ], [ 73.9963288, 21.5401953 ], [ 73.9958111, 21.5387054 ], [ 73.9974186, 21.5390113 ], [ 74.0023251, 21.5415488 ], [ 74.0003178, 21.5456512 ], [ 74.003446, 21.5453033 ], [ 74.0058385, 21.5527558 ], [ 74.0103029, 21.5492031 ], [ 74.0204352, 21.5499618 ], [ 74.0290262, 21.546964 ], [ 74.0309137, 21.5451532 ], [ 74.034976, 21.5455269 ], [ 74.0350092, 21.5503359 ], [ 74.0374561, 21.5506323 ], [ 74.0383066, 21.5457863 ], [ 74.0364375, 21.5455747 ], [ 74.0436059, 21.5424794 ], [ 74.0445374, 21.5481635 ], [ 74.0474842, 21.5473832 ], [ 74.0469439, 21.5446757 ], [ 74.0488114, 21.5446884 ], [ 74.0493527, 21.5482314 ], [ 74.0511827, 21.5466814 ], [ 74.0535533, 21.5474812 ], [ 74.0540282, 21.5579051 ], [ 74.0599032, 21.5503031 ], [ 74.0669739, 21.5502849 ], [ 74.0731892, 21.5479202 ], [ 74.0815782, 21.548755 ], [ 74.0792247, 21.5544156 ], [ 74.0850399, 21.5553545 ], [ 74.0869774, 21.5515707 ], [ 74.0942698, 21.5521821 ], [ 74.096447, 21.5512371 ], [ 74.0974412, 21.5515353 ], [ 74.0973101, 21.5552493 ], [ 74.1044633, 21.5564318 ], [ 74.1099539, 21.5562411 ], [ 74.1133962, 21.5489436 ], [ 74.1166509, 21.5508386 ], [ 74.1155554, 21.5532977 ], [ 74.1175473, 21.5561424 ], [ 74.1201278, 21.5562501 ], [ 74.1201123, 21.5513917 ], [ 74.1297969, 21.5511813 ], [ 74.1361199, 21.5492855 ], [ 74.1369635, 21.5468634 ], [ 74.1389357, 21.5550309 ], [ 74.1539564, 21.5568196 ], [ 74.1536126, 21.5606391 ], [ 74.1546787, 21.5612947 ], [ 74.155859, 21.5683043 ], [ 74.1667414, 21.5690427 ], [ 74.1758646, 21.5689984 ], [ 74.1754258, 21.5592223 ], [ 74.1764832, 21.5576247 ], [ 74.175097, 21.5564321 ], [ 74.1811548, 21.5459846 ], [ 74.1825191, 21.5454521 ], [ 74.1827166, 21.5423168 ], [ 74.1876076, 21.5428021 ], [ 74.1882186, 21.5407154 ], [ 74.1933834, 21.5393757 ], [ 74.1932076, 21.5376125 ], [ 74.1955405, 21.537481 ], [ 74.1958449, 21.5320626 ], [ 74.2000844, 21.5328414 ], [ 74.2029113, 21.5364053 ], [ 74.2084505, 21.5367723 ], [ 74.2158458, 21.5410918 ], [ 74.217345, 21.5443984 ], [ 74.22042, 21.5469043 ], [ 74.2275727, 21.548791 ], [ 74.2290077, 21.5544626 ], [ 74.2319742, 21.5536076 ], [ 74.231044, 21.5509542 ], [ 74.2349446, 21.550879 ], [ 74.2345813, 21.5484 ], [ 74.2363139, 21.5483957 ], [ 74.2362174, 21.5397031 ], [ 74.2631771, 21.5398472 ], [ 74.2633195, 21.5426122 ], [ 74.2664084, 21.5425891 ], [ 74.2691176, 21.552557 ], [ 74.278528, 21.5536042 ], [ 74.2767209, 21.562254 ], [ 74.2845269, 21.5651041 ], [ 74.2845991, 21.5664279 ], [ 74.2956037, 21.5670839 ], [ 74.2955264, 21.5690738 ], [ 74.3024585, 21.5663588 ], [ 74.3038179, 21.5654732 ], [ 74.3032389, 21.5522327 ], [ 74.3147503, 21.5511693 ], [ 74.3215579, 21.5523077 ], [ 74.3226129, 21.5491064 ], [ 74.3242925, 21.5494303 ], [ 74.3251811, 21.5513919 ], [ 74.3311603, 21.5524246 ], [ 74.3323317, 21.5434818 ], [ 74.3283412, 21.5427767 ], [ 74.327931, 21.5394396 ], [ 74.3312212, 21.5395037 ], [ 74.3308394, 21.5355258 ], [ 74.3255378, 21.5360683 ], [ 74.3252498, 21.5322901 ], [ 74.3214769, 21.5295739 ], [ 74.3225978, 21.5174788 ], [ 74.3207881, 21.4984969 ], [ 74.3038882, 21.4994468 ], [ 74.3041354, 21.4881124 ], [ 74.2773416, 21.4825127 ], [ 74.2773156, 21.4793697 ], [ 74.2559206, 21.4767805 ], [ 74.2535611, 21.4677418 ], [ 74.2474182, 21.4688626 ], [ 74.235708, 21.4677656 ], [ 74.2343519, 21.4822869 ], [ 74.2141574, 21.481682 ], [ 74.2089134, 21.4670371 ], [ 74.209281, 21.462188 ], [ 74.1971583, 21.4609793 ], [ 74.1978242, 21.4587485 ], [ 74.1961188, 21.4582969 ], [ 74.1953082, 21.4605257 ], [ 74.1877323, 21.4581893 ], [ 74.1864142, 21.4611157 ], [ 74.1834878, 21.4612657 ], [ 74.1823199, 21.4692472 ], [ 74.1761326, 21.4681933 ], [ 74.173498, 21.4663653 ], [ 74.1729681, 21.4685165 ], [ 74.1612211, 21.4688954 ], [ 74.1580533, 21.4675521 ], [ 74.1588078, 21.4664877 ], [ 74.1552398, 21.4629535 ], [ 74.1476616, 21.4614148 ], [ 74.1482982, 21.4579963 ], [ 74.1358442, 21.4561199 ], [ 74.133734, 21.4658624 ], [ 74.1251787, 21.4666529 ], [ 74.1199601, 21.4653802 ], [ 74.1205309, 21.4634284 ], [ 74.117161, 21.4620816 ], [ 74.1164976, 21.4524096 ], [ 74.1005998, 21.4477933 ], [ 74.0945903, 21.4557329 ], [ 74.0863939, 21.4552082 ], [ 74.0722997, 21.4570255 ], [ 74.075439, 21.4598012 ], [ 74.07393, 21.4612657 ], [ 74.074951, 21.463786 ], [ 74.0729684, 21.4637854 ], [ 74.0741787, 21.4656265 ], [ 74.0727634, 21.468772 ], [ 74.0709572, 21.4695053 ], [ 74.0695476, 21.4722897 ], [ 74.0629316, 21.4745494 ], [ 74.0627994, 21.4713507 ], [ 74.0615753, 21.4706833 ], [ 74.0626988, 21.4692 ], [ 74.0611736, 21.4662481 ], [ 74.0624485, 21.4643515 ], [ 74.0614255, 21.4619666 ], [ 74.0597841, 21.4611443 ], [ 74.0596674, 21.4593996 ], [ 74.0571497, 21.4593868 ], [ 74.0530033, 21.4562671 ], [ 74.0531974, 21.4546894 ], [ 74.0499415, 21.4529005 ], [ 74.0457039, 21.4461759 ], [ 74.0456288, 21.4445538 ], [ 74.0476838, 21.4439326 ], [ 74.0496537, 21.440208 ], [ 74.0476786, 21.4352718 ], [ 74.0479485, 21.4295905 ], [ 74.0491024, 21.4283109 ], [ 74.0482748, 21.4233953 ], [ 74.0462336, 21.4222827 ], [ 74.0446244, 21.4191939 ], [ 74.0369011, 21.419649 ], [ 74.0234044, 21.4177865 ], [ 74.0150577, 21.42128 ], [ 74.0089519, 21.41954 ], [ 74.0082948, 21.4228676 ], [ 74.0026183, 21.4214135 ], [ 74.0008722, 21.420842 ], [ 74.0029298, 21.4194717 ], [ 74.0025383, 21.4174612 ], [ 73.9871873, 21.4113057 ], [ 73.9822236, 21.4078965 ], [ 73.9801358, 21.4083765 ], [ 73.976917, 21.411928 ], [ 73.9780326, 21.4073438 ], [ 73.9704456, 21.3978154 ], [ 73.9595233, 21.3969498 ], [ 73.9594742, 21.3954279 ], [ 73.9519695, 21.3952847 ], [ 73.9469178, 21.4049262 ], [ 73.9389323, 21.4050198 ], [ 73.9440751, 21.3999691 ], [ 73.9447708, 21.3813518 ], [ 73.9491759, 21.351164 ], [ 73.9458461, 21.3435743 ], [ 73.9423527, 21.3256252 ], [ 73.9421717, 21.2992705 ], [ 73.93242, 21.2907211 ], [ 73.9222381, 21.2896361 ], [ 73.9189651, 21.2855546 ], [ 73.9087294, 21.2786702 ], [ 73.9021043, 21.2775696 ], [ 73.8974348, 21.2722461 ], [ 73.8796131, 21.265957 ], [ 73.8633818, 21.2726584 ], [ 73.8596962, 21.2715112 ], [ 73.8497083, 21.2747164 ], [ 73.8362861, 21.2716927 ], [ 73.826536, 21.2677163 ], [ 73.8250654, 21.2713558 ], [ 73.8228735, 21.2708583 ], [ 73.8217709, 21.2686588 ], [ 73.8231451, 21.2654077 ], [ 73.8223758, 21.2610993 ], [ 73.82749, 21.2521728 ], [ 73.8284619, 21.2399827 ], [ 73.811809, 21.2312301 ], [ 73.8107352, 21.2076158 ], [ 73.8129561, 21.205729 ], [ 73.8154346, 21.1973482 ], [ 73.826047, 21.2001289 ], [ 73.8258971, 21.1871545 ], [ 73.8232827, 21.1865531 ], [ 73.8229797, 21.1851395 ], [ 73.8198686, 21.1867327 ], [ 73.8157615, 21.1739603 ], [ 73.8026987, 21.1749172 ], [ 73.7935616, 21.1817548 ], [ 73.7847007, 21.1839857 ], [ 73.7813526, 21.1710999 ], [ 73.779293, 21.169604 ], [ 73.7735979, 21.1686569 ], [ 73.7723055, 21.1646369 ], [ 73.7651318, 21.1651564 ], [ 73.7575665, 21.1674274 ], [ 73.74019, 21.1676121 ], [ 73.7400869, 21.1711166 ], [ 73.7297506, 21.1653791 ], [ 73.7285156, 21.1619387 ], [ 73.7340829, 21.1579792 ], [ 73.7371218, 21.153249 ], [ 73.7374228, 21.1502186 ], [ 73.7331996, 21.1483201 ], [ 73.7332097, 21.1423545 ], [ 73.7318079, 21.1409691 ], [ 73.7210164, 21.1420368 ], [ 73.7191484, 21.1415547 ], [ 73.7189739, 21.1397575 ], [ 73.7134207, 21.1425077 ], [ 73.7107412, 21.145434 ], [ 73.7065865, 21.1446186 ], [ 73.7013403, 21.1463146 ], [ 73.7017774, 21.153689 ], [ 73.6816394, 21.151245 ], [ 73.6753576, 21.1526063 ], [ 73.6760415, 21.1535183 ], [ 73.6727105, 21.154427 ], [ 73.6681805, 21.1545592 ], [ 73.6642374, 21.1532732 ], [ 73.6649386, 21.1473029 ], [ 73.657525, 21.1458459 ], [ 73.6433571, 21.1395664 ], [ 73.6346398, 21.1408814 ], [ 73.627429, 21.1433519 ], [ 73.6299372, 21.1488298 ], [ 73.6292683, 21.1549218 ], [ 73.6147201, 21.1557842 ], [ 73.6077923, 21.158981 ], [ 73.6057931, 21.1700811 ], [ 73.6064516, 21.1787563 ], [ 73.5995997, 21.1816953 ], [ 73.5936348, 21.1743225 ], [ 73.5810078, 21.1694489 ], [ 73.5774206, 21.1707531 ], [ 73.5776429, 21.1679171 ], [ 73.5832825, 21.1610137 ], [ 73.5768809, 21.1566722 ], [ 73.5785196, 21.1504813 ], [ 73.5987901, 21.1566316 ], [ 73.6008538, 21.1501041 ], [ 73.605127, 21.1440148 ], [ 73.6176332, 21.142697 ], [ 73.61191, 21.1380814 ], [ 73.6184619, 21.1184553 ], [ 73.6310287, 21.1232783 ], [ 73.646382, 21.1212492 ], [ 73.6518999, 21.1075965 ], [ 73.6772, 21.1085568 ], [ 73.6889488, 21.1007942 ], [ 73.7031452, 21.1186489 ], [ 73.7030455, 21.112331 ], [ 73.7054882, 21.108428 ], [ 73.7153717, 21.105876 ], [ 73.729675, 21.0998704 ], [ 73.7319787, 21.1044256 ], [ 73.7437586, 21.1151792 ], [ 73.7330184, 21.0982515 ], [ 73.7299321, 21.082434 ], [ 73.7451622, 21.0776096 ], [ 73.7576454, 21.0719957 ], [ 73.7602119, 21.0694006 ], [ 73.7659907, 21.0688399 ], [ 73.7803263, 21.0645266 ], [ 73.7941018, 21.0714431 ], [ 73.807741, 21.0848931 ], [ 73.8109034, 21.0594916 ], [ 73.7955256, 21.0445192 ], [ 73.8001272, 21.0387633 ], [ 73.8149972, 21.0234958 ], [ 73.8187783, 21.0217946 ], [ 73.8277801, 21.0131987 ], [ 73.8345483, 21.0085804 ], [ 73.8388144, 21.0075381 ], [ 73.8440866, 21.0018986 ], [ 73.8494443, 20.9997733 ], [ 73.8546244, 20.9943592 ], [ 73.8619968, 20.9903902 ], [ 73.8663151, 20.9899027 ], [ 73.8690226, 20.9852648 ], [ 73.8714846, 20.9857165 ], [ 73.8867516, 20.9802605 ], [ 73.890858, 20.9808201 ], [ 73.892387, 20.9794697 ], [ 73.8944114, 20.9797043 ], [ 73.896412, 20.9820162 ], [ 73.9012976, 20.9823046 ], [ 73.9013831, 20.9768491 ], [ 73.9028239, 20.9733983 ], [ 73.9060213, 20.9684845 ], [ 73.9084635, 20.966917 ], [ 73.9080484, 20.9600798 ], [ 73.8990146, 20.9603027 ], [ 73.8923119, 20.9557107 ], [ 73.8881992, 20.9335913 ], [ 73.9000942, 20.9207822 ], [ 73.9097827, 20.9146114 ], [ 73.9175382, 20.9077812 ], [ 73.9221616, 20.8923123 ], [ 73.925726, 20.8885042 ], [ 73.9255732, 20.8773675 ], [ 73.9233667, 20.8745004 ], [ 73.9247959, 20.8664794 ], [ 73.922642, 20.862402 ], [ 73.9245386, 20.8586213 ], [ 73.9237242, 20.8513778 ], [ 73.9251212, 20.8483064 ], [ 73.9276095, 20.8473617 ], [ 73.9293516, 20.8423573 ], [ 73.9363603, 20.8413567 ], [ 73.9403325, 20.839454 ], [ 73.9392506, 20.8372505 ], [ 73.940563, 20.8284706 ], [ 73.9440434, 20.8237725 ], [ 73.9421027, 20.8235023 ], [ 73.938155, 20.8142231 ], [ 73.931928, 20.8089008 ], [ 73.9361226, 20.8009012 ], [ 73.9329781, 20.7918745 ], [ 73.9347331, 20.7733079 ], [ 73.9336715, 20.7724277 ], [ 73.9321738, 20.7613636 ], [ 73.9388235, 20.760336 ], [ 73.9413098, 20.7583254 ], [ 73.9410576, 20.7524905 ], [ 73.9380314, 20.7492211 ], [ 73.9416021, 20.7464242 ], [ 73.9426612, 20.7420837 ], [ 73.9317452, 20.732825 ], [ 73.9295638, 20.727614 ], [ 73.927262, 20.7343439 ], [ 73.9246838, 20.7336898 ], [ 73.9217064, 20.7305836 ], [ 73.9178657, 20.7295594 ], [ 73.9173266, 20.7248492 ], [ 73.9120462, 20.7245749 ], [ 73.9055518, 20.7268073 ], [ 73.9047546, 20.72529 ], [ 73.8973818, 20.7290396 ], [ 73.89551, 20.7316638 ], [ 73.8929801, 20.7307518 ], [ 73.8875363, 20.7314388 ], [ 73.8825294, 20.7334263 ], [ 73.8810699, 20.7311592 ], [ 73.8744211, 20.7295335 ], [ 73.8707344, 20.7210204 ], [ 73.8685839, 20.7200269 ], [ 73.8667699, 20.7105834 ], [ 73.8637078, 20.7073948 ], [ 73.8626185, 20.7032353 ], [ 73.8596908, 20.7031719 ], [ 73.8608333, 20.7002816 ], [ 73.8562448, 20.7003941 ], [ 73.8551708, 20.6922513 ], [ 73.8505149, 20.6958546 ], [ 73.8433296, 20.6982291 ], [ 73.8391588, 20.6980205 ], [ 73.8354383, 20.7021024 ], [ 73.8312294, 20.700313 ], [ 73.8254315, 20.7007179 ], [ 73.8123031, 20.6922459 ], [ 73.814623, 20.6875498 ], [ 73.8132412, 20.6865919 ], [ 73.8169249, 20.6791549 ], [ 73.8172059, 20.6720375 ], [ 73.8306221, 20.6751033 ], [ 73.8315581, 20.6743855 ], [ 73.8309882, 20.6703208 ], [ 73.8365801, 20.6642748 ], [ 73.8390909, 20.6587745 ], [ 73.8383096, 20.6549492 ], [ 73.8329662, 20.6485981 ], [ 73.8327414, 20.6457167 ], [ 73.8330698, 20.6379669 ], [ 73.8366749, 20.6289985 ], [ 73.8383944, 20.6204631 ], [ 73.8323744, 20.6188178 ], [ 73.8305428, 20.615656 ], [ 73.8260108, 20.6124618 ], [ 73.8163688, 20.6132719 ], [ 73.8052814, 20.6068232 ], [ 73.7984022, 20.5986775 ], [ 73.7971022, 20.5988576 ], [ 73.7972731, 20.6026016 ], [ 73.7912664, 20.6052724 ], [ 73.7798913, 20.601315 ], [ 73.7779882, 20.5994397 ], [ 73.7766348, 20.60069 ], [ 73.7753928, 20.6002241 ], [ 73.772165, 20.5926575 ], [ 73.7676321, 20.5865488 ], [ 73.7635985, 20.5867404 ], [ 73.76074, 20.5737363 ], [ 73.755467, 20.5708378 ], [ 73.746214, 20.5687516 ], [ 73.7445614, 20.5649184 ], [ 73.7419845, 20.5688358 ], [ 73.7340071, 20.5719076 ], [ 73.7323256, 20.5744197 ], [ 73.7249687, 20.5738642 ], [ 73.7154653, 20.5764438 ], [ 73.6996821, 20.5752547 ], [ 73.6973229, 20.575784 ], [ 73.695377, 20.5783727 ], [ 73.6848868, 20.5736617 ], [ 73.6691158, 20.5634779 ], [ 73.6608628, 20.5624727 ], [ 73.6579766, 20.5646772 ], [ 73.6526826, 20.5648725 ], [ 73.6513886, 20.5685624 ], [ 73.6450209, 20.5739784 ], [ 73.6296848, 20.5812599 ], [ 73.6268313, 20.5854782 ], [ 73.6264142, 20.59447 ], [ 73.6273112, 20.5964211 ], [ 73.6227786, 20.6113428 ], [ 73.6212916, 20.6124809 ], [ 73.6222797, 20.6142378 ], [ 73.6168591, 20.6179229 ], [ 73.6147482, 20.6217842 ], [ 73.6151942, 20.6248192 ], [ 73.6127428, 20.6244216 ], [ 73.599515, 20.6369031 ], [ 73.5959889, 20.6361078 ], [ 73.593863, 20.6389482 ], [ 73.5891415, 20.6417247 ], [ 73.5854087, 20.6421214 ], [ 73.5835705, 20.6447811 ], [ 73.5771553, 20.6463872 ], [ 73.5683637, 20.6514068 ], [ 73.5666424, 20.6484164 ], [ 73.5618532, 20.6503974 ], [ 73.5578536, 20.6458661 ], [ 73.5507994, 20.6485595 ], [ 73.5382723, 20.6651599 ], [ 73.5332219, 20.66924 ], [ 73.532788, 20.6727444 ], [ 73.5258618, 20.6752968 ], [ 73.5215765, 20.6752763 ], [ 73.5204895, 20.6788479 ], [ 73.5179012, 20.6674339 ], [ 73.5113332, 20.6657588 ], [ 73.5045155, 20.6706769 ], [ 73.5025067, 20.6622708 ], [ 73.4975669, 20.6585866 ], [ 73.4956244, 20.6536065 ], [ 73.4892349, 20.6557336 ], [ 73.4878232, 20.6628138 ], [ 73.489217, 20.6637002 ], [ 73.4845879, 20.665582 ], [ 73.4843896, 20.6701616 ], [ 73.479626, 20.672206 ], [ 73.4785637, 20.6766641 ], [ 73.4821555, 20.67976 ], [ 73.4837415, 20.6763086 ], [ 73.4862648, 20.6751643 ], [ 73.4884122, 20.6782836 ], [ 73.490266, 20.6863845 ], [ 73.4839972, 20.6915552 ], [ 73.4839458, 20.7001496 ], [ 73.480159, 20.7070888 ], [ 73.4756251, 20.7098645 ], [ 73.4746481, 20.7203879 ], [ 73.4669363, 20.7220597 ], [ 73.4595911, 20.7168552 ], [ 73.453232, 20.7160048 ], [ 73.4491813, 20.7171809 ], [ 73.4484738, 20.7132521 ], [ 73.4449394, 20.7098981 ], [ 73.4442847, 20.7057705 ], [ 73.4407831, 20.6998376 ], [ 73.4434118, 20.6966527 ], [ 73.447486, 20.6955536 ], [ 73.4484495, 20.6931234 ], [ 73.4442972, 20.681103 ], [ 73.4320392, 20.6772642 ], [ 73.43414, 20.6744996 ], [ 73.4346854, 20.6704754 ], [ 73.4301244, 20.6641182 ], [ 73.4196628, 20.6606844 ], [ 73.412451, 20.6614675 ], [ 73.406183, 20.6549022 ], [ 73.4019123, 20.6531235 ], [ 73.3956987, 20.6526864 ], [ 73.3922436, 20.6492861 ], [ 73.3925597, 20.645104 ], [ 73.3941137, 20.6407818 ], [ 73.3981245, 20.6407316 ], [ 73.4070999, 20.6353332 ], [ 73.4074024, 20.6328899 ], [ 73.4099628, 20.6299763 ], [ 73.4070358, 20.6274433 ], [ 73.4072077, 20.6239703 ], [ 73.4108688, 20.6271806 ], [ 73.4151525, 20.6263079 ], [ 73.4185974, 20.6277342 ], [ 73.4211202, 20.6258683 ], [ 73.4251757, 20.6171869 ], [ 73.4235054, 20.6142112 ], [ 73.4256248, 20.6118847 ], [ 73.4254992, 20.6092157 ], [ 73.4282371, 20.6065095 ], [ 73.426456, 20.6019803 ], [ 73.4315061, 20.6001451 ], [ 73.4290878, 20.5978832 ], [ 73.4295761, 20.5952049 ], [ 73.4356139, 20.593297 ], [ 73.4494705, 20.5940367 ], [ 73.4590796, 20.5894165 ], [ 73.4635688, 20.5895226 ], [ 73.4731531, 20.5846353 ], [ 73.4792032, 20.5602438 ], [ 73.4752983, 20.5433282 ], [ 73.4831024, 20.5410381 ], [ 73.4911668, 20.5409244 ], [ 73.4936242, 20.5380685 ], [ 73.4902697, 20.5338932 ], [ 73.4698659, 20.5203072 ], [ 73.4669061, 20.5092258 ], [ 73.4687447, 20.5058466 ], [ 73.4676652, 20.4964686 ], [ 73.4627273, 20.4948362 ], [ 73.4579845, 20.490521 ], [ 73.4562525, 20.4783323 ], [ 73.4448299, 20.474783 ], [ 73.4354577, 20.4558405 ], [ 73.4329555, 20.453642 ], [ 73.4312488, 20.4539459 ], [ 73.4315021, 20.4497132 ], [ 73.4285572, 20.4420816 ], [ 73.4231406, 20.4352093 ], [ 73.4211026, 20.4296819 ], [ 73.4209198, 20.4271889 ], [ 73.4226348, 20.4266464 ], [ 73.4231173, 20.4221571 ], [ 73.4206017, 20.4210784 ], [ 73.418536, 20.4179265 ], [ 73.4195741, 20.4130666 ], [ 73.4171787, 20.4130944 ], [ 73.4140178, 20.4162249 ], [ 73.4123205, 20.410747 ], [ 73.4048662, 20.4099762 ], [ 73.4059187, 20.4029666 ], [ 73.4023409, 20.4058532 ], [ 73.4000894, 20.4060523 ], [ 73.3980148, 20.403826 ], [ 73.3959203, 20.3963336 ], [ 73.3878252, 20.398412 ], [ 73.379768, 20.3935032 ], [ 73.3800978, 20.3789514 ], [ 73.382727, 20.373062 ], [ 73.3849349, 20.3719959 ], [ 73.3869512, 20.3729216 ], [ 73.3983901, 20.3840623 ], [ 73.4045069, 20.3860982 ], [ 73.4064462, 20.3832254 ], [ 73.4064441, 20.3733978 ], [ 73.4126672, 20.3608816 ], [ 73.413661, 20.3522054 ], [ 73.4098633, 20.3509326 ], [ 73.4091973, 20.3492165 ], [ 73.4132908, 20.3461264 ], [ 73.41216, 20.3435794 ], [ 73.4142267, 20.3361178 ], [ 73.4171807, 20.3351371 ], [ 73.4171225, 20.3322511 ], [ 73.4184674, 20.3305164 ], [ 73.417514, 20.3283579 ], [ 73.4149571, 20.3279249 ], [ 73.4138074, 20.3257212 ], [ 73.4161724, 20.3247948 ], [ 73.4168127, 20.3201698 ], [ 73.4153517, 20.3174197 ], [ 73.4178503, 20.3156441 ], [ 73.4204332, 20.3073513 ], [ 73.4202195, 20.2973565 ], [ 73.4239419, 20.2915067 ], [ 73.4277005, 20.2801196 ], [ 73.4273217, 20.2781281 ], [ 73.4231946, 20.2747691 ], [ 73.4199163, 20.2757003 ], [ 73.4183074, 20.2733341 ], [ 73.4158668, 20.2749922 ], [ 73.4142296, 20.2741346 ], [ 73.4128978, 20.269501 ], [ 73.4158744, 20.267897 ], [ 73.4149407, 20.2663119 ], [ 73.4121502, 20.2655131 ], [ 73.4155187, 20.2619534 ], [ 73.4138047, 20.2596504 ], [ 73.4161208, 20.2586788 ], [ 73.4128658, 20.2563039 ], [ 73.4113001, 20.253224 ], [ 73.4153337, 20.250712 ], [ 73.4125202, 20.2444927 ], [ 73.4174111, 20.2427343 ], [ 73.4104353, 20.2385076 ], [ 73.4144704, 20.2359434 ], [ 73.4119127, 20.2320745 ], [ 73.4135976, 20.224343 ], [ 73.4163967, 20.2242204 ], [ 73.4178366, 20.2223472 ], [ 73.4171421, 20.2145741 ], [ 73.4155702, 20.2126977 ], [ 73.4201095, 20.2109965 ], [ 73.4199969, 20.2079569 ], [ 73.4212113, 20.206586 ], [ 73.4165148, 20.198286 ], [ 73.4058787, 20.1954863 ], [ 73.3944784, 20.1986437 ], [ 73.3893025, 20.1926217 ], [ 73.3857516, 20.1961524 ], [ 73.3863792, 20.209385 ], [ 73.3824971, 20.2117299 ], [ 73.3781409, 20.210952 ], [ 73.3745595, 20.2046957 ], [ 73.366239, 20.2039103 ], [ 73.3665337, 20.1963578 ], [ 73.3647537, 20.1955848 ], [ 73.3536027, 20.2003579 ], [ 73.3534719, 20.202819 ], [ 73.3612612, 20.2076456 ], [ 73.3592541, 20.2115107 ], [ 73.3564996, 20.2130029 ], [ 73.3463891, 20.2093098 ], [ 73.3447245, 20.2061249 ], [ 73.3438356, 20.1993829 ], [ 73.3364748, 20.2001729 ], [ 73.3244356, 20.2061894 ], [ 73.3140507, 20.2021415 ], [ 73.3051624, 20.2085755 ], [ 73.302265, 20.2097704 ], [ 73.2990643, 20.2091699 ], [ 73.293276, 20.2044495 ], [ 73.2890088, 20.19817 ], [ 73.2830502, 20.1980523 ], [ 73.28118, 20.1900128 ], [ 73.280421, 20.1796295 ], [ 73.281573, 20.1668626 ], [ 73.2792255, 20.1501442 ], [ 73.2651456, 20.1402577 ], [ 73.2579434, 20.1378743 ], [ 73.2538972, 20.137958 ], [ 73.254704, 20.126934 ], [ 73.2492522, 20.1223311 ], [ 73.2467342, 20.1265249 ], [ 73.2432265, 20.1281191 ], [ 73.2349493, 20.1259183 ], [ 73.2292936, 20.1226265 ], [ 73.2249523, 20.1238026 ], [ 73.2241767, 20.1249635 ], [ 73.2267829, 20.1335826 ], [ 73.2256841, 20.1401486 ], [ 73.2179267, 20.1366457 ], [ 73.2170079, 20.1286093 ], [ 73.2105729, 20.1204882 ], [ 73.2030155, 20.1195967 ], [ 73.1974474, 20.1263185 ], [ 73.1925586, 20.127791 ], [ 73.1896398, 20.1273068 ], [ 73.1877603, 20.1286006 ], [ 73.18452, 20.1472453 ], [ 73.1853826, 20.1558367 ], [ 73.1882973, 20.1585901 ], [ 73.1896716, 20.1642618 ], [ 73.201038, 20.1653109 ], [ 73.2055378, 20.1641745 ], [ 73.2141599, 20.171708 ], [ 73.2181921, 20.1815152 ], [ 73.2177218, 20.1859274 ], [ 73.2082488, 20.1894982 ], [ 73.2067024, 20.1881223 ], [ 73.2031453, 20.1899454 ], [ 73.1988134, 20.194457 ], [ 73.1917222, 20.1974297 ], [ 73.1900332, 20.1950972 ], [ 73.181765, 20.1943861 ], [ 73.1803913, 20.1923216 ], [ 73.1779475, 20.1926418 ], [ 73.1792783, 20.1956005 ], [ 73.1788021, 20.1977523 ], [ 73.1767483, 20.1993273 ], [ 73.1714713, 20.1984415 ], [ 73.1687267, 20.2030184 ], [ 73.1682908, 20.2082311 ], [ 73.157181, 20.1983479 ], [ 73.1522461, 20.2039003 ], [ 73.1475731, 20.2007379 ], [ 73.1385197, 20.2045076 ], [ 73.1375346, 20.2075853 ], [ 73.132991, 20.2057676 ], [ 73.1326062, 20.1919597 ], [ 73.1338962, 20.1878302 ], [ 73.134924, 20.1849928 ], [ 73.1389568, 20.1844684 ], [ 73.1418708, 20.1773635 ], [ 73.138567, 20.1746879 ], [ 73.1360381, 20.1700336 ], [ 73.1324798, 20.1694234 ], [ 73.1284062, 20.1734366 ], [ 73.119178, 20.1682111 ], [ 73.119483, 20.1640401 ], [ 73.1156636, 20.1622176 ], [ 73.1148102, 20.1589376 ], [ 73.1165239, 20.1558196 ], [ 73.115062, 20.1518905 ], [ 73.1081128, 20.1578418 ], [ 73.0994067, 20.1562236 ], [ 73.0902984, 20.1603171 ], [ 73.0870434, 20.1703242 ], [ 73.0792822, 20.1732391 ], [ 73.07358, 20.1556212 ], [ 73.0706609, 20.1555782 ], [ 73.0602362, 20.1618943 ], [ 73.0604054, 20.1668746 ], [ 73.0626357, 20.1697522 ], [ 73.0627996, 20.1776119 ], [ 73.0595329, 20.1939348 ], [ 73.0532233, 20.1954304 ], [ 73.0488049, 20.2008592 ], [ 73.0533983, 20.2053921 ], [ 73.0599596, 20.2233388 ], [ 73.0625735, 20.2240314 ], [ 73.0636465, 20.2277588 ], [ 73.0705103, 20.2321048 ], [ 73.0824423, 20.2308936 ], [ 73.0854867, 20.227639 ], [ 73.0893443, 20.2268151 ], [ 73.0916284, 20.2284174 ], [ 73.0977447, 20.2292976 ], [ 73.0990137, 20.2319406 ], [ 73.0970751, 20.2361071 ], [ 73.0978433, 20.2393494 ], [ 73.1003402, 20.2401523 ], [ 73.1033319, 20.2444542 ], [ 73.1062687, 20.2461875 ], [ 73.107358, 20.2508408 ], [ 73.113989, 20.2583131 ], [ 73.11963, 20.2586018 ], [ 73.1270194, 20.2617894 ], [ 73.1305285, 20.2694863 ], [ 73.1312339, 20.2750278 ], [ 73.1372813, 20.273136 ], [ 73.1399737, 20.2737928 ], [ 73.1422745, 20.276422 ], [ 73.1422177, 20.2811038 ], [ 73.1458476, 20.2885811 ], [ 73.1517338, 20.292033 ], [ 73.1536701, 20.2852307 ], [ 73.1582277, 20.2813077 ], [ 73.1649445, 20.2839929 ], [ 73.1663042, 20.2878742 ], [ 73.1657896, 20.2940705 ], [ 73.1634935, 20.2982036 ], [ 73.1662277, 20.3052748 ], [ 73.1657304, 20.3104318 ], [ 73.159406, 20.3088524 ], [ 73.1523657, 20.3152506 ], [ 73.1507811, 20.3183394 ], [ 73.1294404, 20.3183182 ], [ 73.1264531, 20.3088009 ], [ 73.1269548, 20.3055109 ], [ 73.1220833, 20.3043467 ], [ 73.1166111, 20.3061632 ], [ 73.111535, 20.3040456 ], [ 73.1085238, 20.3052671 ], [ 73.1028066, 20.3017765 ], [ 73.1003741, 20.3048215 ], [ 73.1029139, 20.3141317 ], [ 73.108434, 20.3245702 ], [ 73.1080362, 20.3310262 ], [ 73.1112549, 20.3377728 ], [ 73.1080317, 20.3390219 ], [ 73.1073752, 20.3439134 ], [ 73.1039758, 20.34755 ], [ 73.1047822, 20.3499385 ], [ 73.1016929, 20.3547426 ], [ 73.0986362, 20.3546975 ], [ 73.0982978, 20.3583837 ], [ 73.0958043, 20.3613279 ], [ 73.0890607, 20.3586851 ], [ 73.0894437, 20.3525047 ], [ 73.088446, 20.3503296 ], [ 73.090259, 20.346943 ], [ 73.0902714, 20.3439329 ], [ 73.0878186, 20.3412415 ], [ 73.0845341, 20.3318219 ], [ 73.0780651, 20.3258617 ], [ 73.0771728, 20.3234806 ], [ 73.0702678, 20.3254714 ], [ 73.0666466, 20.3300342 ], [ 73.049241, 20.3244122 ], [ 73.0417409, 20.3259881 ], [ 73.0377021, 20.3176693 ], [ 73.0356089, 20.293202 ], [ 73.0342924, 20.2916304 ], [ 73.0266099, 20.2906709 ], [ 73.0234064, 20.291259 ], [ 73.0218213, 20.2929682 ], [ 73.015321, 20.2940157 ], [ 73.0166943, 20.3103692 ], [ 73.0124051, 20.3093312 ], [ 73.0121708, 20.3116906 ], [ 73.0061524, 20.3127971 ], [ 73.0094239, 20.3098104 ], [ 73.0095583, 20.3050309 ], [ 73.0115678, 20.3003876 ], [ 73.010046, 20.2912089 ], [ 73.0048261, 20.2891715 ], [ 73.0010225, 20.2919668 ], [ 72.996817, 20.2907581 ], [ 72.9944058, 20.2923136 ], [ 72.9872817, 20.2908734 ], [ 72.9850411, 20.2883277 ], [ 72.9811724, 20.2892652 ], [ 72.9807405, 20.281163 ], [ 72.981928, 20.2755032 ], [ 72.9791835, 20.2728538 ], [ 72.973635, 20.2711321 ], [ 72.9711925, 20.2690605 ], [ 72.9660477, 20.2694927 ], [ 72.9622342, 20.2713375 ], [ 72.9618393, 20.2750231 ], [ 72.9588536, 20.2767184 ], [ 72.9589787, 20.2778971 ], [ 72.9556814, 20.278906 ], [ 72.9552872, 20.2841995 ], [ 72.9520514, 20.2840836 ], [ 72.9481953, 20.2877664 ], [ 72.9468836, 20.2874509 ], [ 72.9437399, 20.2899002 ], [ 72.94164, 20.2930898 ], [ 72.9379499, 20.2943876 ], [ 72.9320089, 20.2934911 ], [ 72.9285786, 20.2863113 ], [ 72.9207992, 20.2836764 ], [ 72.9203772, 20.2813234 ], [ 72.9172417, 20.2804319 ], [ 72.9160101, 20.2760135 ], [ 72.9123914, 20.2753505 ], [ 72.9116961, 20.2711505 ], [ 72.9158292, 20.2641714 ], [ 72.9175184, 20.263394 ], [ 72.918383, 20.2586787 ], [ 72.923197, 20.2572003 ], [ 72.9306443, 20.2444099 ], [ 72.9376087, 20.2448166 ], [ 72.9539779, 20.2382555 ], [ 72.9582854, 20.2353943 ], [ 72.9605875, 20.2303277 ], [ 72.964906, 20.2267434 ], [ 72.9659536, 20.2248747 ], [ 72.9645107, 20.2138028 ], [ 72.9624965, 20.2096537 ], [ 72.9495099, 20.2158493 ], [ 72.9414436, 20.2170076 ], [ 72.934452, 20.2159497 ], [ 72.922279, 20.2208263 ], [ 72.9212259, 20.2227127 ], [ 72.9080833, 20.2234237 ], [ 72.9017728, 20.2250497 ], [ 72.8994154, 20.2278408 ], [ 72.8930627, 20.225845 ], [ 72.8896133, 20.2202374 ], [ 72.8829991, 20.2234163 ], [ 72.8791168, 20.2269084 ], [ 72.8744292, 20.2263865 ], [ 72.8705024, 20.2283237 ], [ 72.8587366, 20.2247425 ], [ 72.8611848, 20.2076106 ], [ 72.8390316, 20.2091265 ], [ 72.8356777, 20.2050705 ], [ 72.8360705, 20.203406 ], [ 72.8334489, 20.2024749 ], [ 72.8308899, 20.1967671 ], [ 72.8369524, 20.1884569 ], [ 72.8325489, 20.1898443 ], [ 72.8297437, 20.1880796 ], [ 72.8276888, 20.1894411 ], [ 72.8252621, 20.1889931 ], [ 72.825252, 20.1879849 ], [ 72.821087, 20.187962 ], [ 72.8179917, 20.1843493 ], [ 72.8160361, 20.1844444 ], [ 72.8180035, 20.1826047 ], [ 72.8200903, 20.1754195 ], [ 72.819629, 20.1647686 ], [ 72.8164527, 20.160336 ], [ 72.8163221, 20.1566851 ], [ 72.8223694, 20.154984 ], [ 72.822508, 20.1481834 ], [ 72.8244699, 20.1420217 ], [ 72.8188845, 20.1446682 ], [ 72.8151553, 20.1446859 ], [ 72.8106914, 20.1515867 ], [ 72.8061392, 20.1530853 ], [ 72.8058469, 20.1544697 ], [ 72.8001613, 20.1501021 ], [ 72.7992705, 20.1515573 ], [ 72.7974195, 20.1510803 ], [ 72.7972321, 20.149675 ], [ 72.7886239, 20.1493238 ], [ 72.785271, 20.1451219 ], [ 72.7874288, 20.1439374 ], [ 72.7875843, 20.1387238 ], [ 72.7903979, 20.1367166 ], [ 72.7922122, 20.1328169 ], [ 72.7941136, 20.1233406 ], [ 72.7772769, 20.1316641 ], [ 72.7748054, 20.1321458 ], [ 72.7732276, 20.130669 ], [ 72.7673248, 20.1315098 ], [ 72.7626931, 20.1298212 ], [ 72.7605684, 20.1312232 ], [ 72.749312, 20.131375 ], [ 72.7400024, 20.1348132 ], [ 72.7412206, 20.140262 ], [ 72.7429213, 20.140411 ], [ 72.7425957, 20.1592818 ], [ 72.7455144, 20.1652722 ], [ 72.744417, 20.1671548 ], [ 72.7454006, 20.1749936 ], [ 72.744447, 20.1819487 ], [ 72.7460536, 20.1855802 ], [ 72.7473906, 20.1974459 ], [ 72.7503526, 20.2014359 ], [ 72.7504713, 20.2037181 ], [ 72.7486362, 20.2069294 ], [ 72.7465718, 20.2262747 ], [ 72.7424178, 20.2412004 ], [ 72.7451122, 20.2476364 ], [ 72.7497878, 20.2520652 ], [ 72.753666, 20.2603722 ], [ 72.7574443, 20.2920252 ], [ 72.7633528, 20.299306 ], [ 72.7676527, 20.2974059 ], [ 72.770021, 20.2980273 ], [ 72.7741646, 20.3018272 ], [ 72.7762909, 20.3148681 ], [ 72.7761037, 20.3252853 ], [ 72.7788113, 20.3349991 ], [ 72.7912752, 20.3491871 ], [ 72.7940201, 20.3505306 ], [ 72.7987728, 20.3490784 ], [ 72.8031482, 20.3494568 ], [ 72.8143257, 20.3530876 ], [ 72.8237902, 20.3672225 ], [ 72.826161, 20.366417 ], [ 72.8292547, 20.3672757 ], [ 72.835944, 20.3733154 ], [ 72.8457669, 20.3748884 ], [ 72.8561362, 20.3720304 ], [ 72.8581285, 20.3740403 ], [ 72.8639381, 20.3752147 ], [ 72.8656862, 20.372261 ], [ 72.8766728, 20.3697721 ], [ 72.8829662, 20.3723143 ], [ 72.8906676, 20.3726475 ], [ 72.8914918, 20.3756508 ], [ 72.8965887, 20.3798682 ], [ 72.8869001, 20.3854519 ], [ 72.8871016, 20.3881798 ], [ 72.8836247, 20.3912243 ], [ 72.8827583, 20.3978498 ], [ 72.8850768, 20.3978767 ], [ 72.8877021, 20.4000262 ], [ 72.8918742, 20.399163 ], [ 72.9025867, 20.4057956 ], [ 72.9032871, 20.4097834 ], [ 72.9017686, 20.4102127 ], [ 72.9040454, 20.414977 ], [ 72.9004145, 20.4168701 ], [ 72.8978953, 20.4206102 ], [ 72.8931956, 20.421731 ], [ 72.88919, 20.4190354 ], [ 72.8816734, 20.4194834 ], [ 72.8801976, 20.4170175 ], [ 72.8753253, 20.4168146 ], [ 72.8742952, 20.4148727 ], [ 72.8704866, 20.413807 ], [ 72.8684218, 20.4163995 ], [ 72.8604308, 20.4174111 ], [ 72.8572497, 20.4197821 ], [ 72.861087, 20.4276 ], [ 72.8650731, 20.4290814 ], [ 72.8698023, 20.4395186 ], [ 72.8748433, 20.4455749 ], [ 72.8789014, 20.4416589 ], [ 72.8877077, 20.4382482 ], [ 72.8902713, 20.439133 ], [ 72.8953224, 20.4443079 ], [ 72.8879683, 20.4506048 ], [ 72.8871303, 20.4549225 ], [ 72.8879985, 20.4607079 ], [ 72.8865467, 20.462334 ], [ 72.8772547, 20.4617613 ], [ 72.8581243, 20.4656366 ], [ 72.8655583, 20.4830498 ], [ 72.8725558, 20.4932007 ], [ 72.8754668, 20.4938672 ], [ 72.8798934, 20.4924509 ], [ 72.8859374, 20.4976772 ], [ 72.8888265, 20.5089951 ], [ 72.8862436, 20.5267812 ], [ 72.8877643, 20.5324747 ], [ 72.8897768, 20.5319823 ], [ 72.8899133, 20.5328795 ], [ 72.8859909, 20.5424256 ], [ 72.8906787, 20.5570434 ], [ 72.895101, 20.563276 ], [ 72.8969529, 20.5683958 ], [ 72.8982174, 20.5736029 ], [ 72.8978861, 20.5866347 ], [ 72.8842155, 20.6355025 ], [ 72.8841988, 20.640032 ], [ 72.8794405, 20.6431856 ], [ 72.8759786, 20.6492491 ], [ 72.864958, 20.6887403 ], [ 72.8624598, 20.6949189 ], [ 72.8617283, 20.6941389 ], [ 72.8542002, 20.7149579 ], [ 72.8493104, 20.7365673 ], [ 72.8488002, 20.744457 ], [ 72.8496875, 20.7500861 ], [ 72.8539966, 20.7517 ], [ 72.8529369, 20.756801 ], [ 72.8482884, 20.7619174 ], [ 72.8377098, 20.7652259 ], [ 72.8386983, 20.7682836 ], [ 72.8292136, 20.7765295 ], [ 72.8255097, 20.7813699 ], [ 72.8228908, 20.7869374 ], [ 72.822731, 20.7909885 ], [ 72.8202152, 20.7937957 ], [ 72.8284903, 20.7989505 ], [ 72.8392098, 20.8005499 ], [ 72.8392362, 20.8052484 ], [ 72.8322953, 20.8072806 ], [ 72.8274079, 20.8129004 ], [ 72.8246554, 20.8241923 ], [ 72.8179829, 20.834447 ], [ 72.7859484, 20.9081793 ], [ 72.7855001, 20.911484 ], [ 72.7801743, 20.9211509 ], [ 72.7809542, 20.9247169 ], [ 72.7844923, 20.925237 ], [ 72.7862366, 20.9237524 ], [ 72.7871035, 20.9195477 ], [ 72.792101, 20.9181851 ], [ 72.7954787, 20.9213782 ], [ 72.805274, 20.926333 ], [ 72.8199764, 20.9275037 ], [ 72.8163653, 20.9341906 ], [ 72.8143587, 20.9344608 ], [ 72.8127313, 20.937113 ], [ 72.8137678, 20.9425566 ], [ 72.8203662, 20.9522998 ], [ 72.8151896, 20.9508635 ], [ 72.8090805, 20.9468272 ], [ 72.8050863, 20.9466788 ], [ 72.7986067, 20.9442415 ], [ 72.787574, 20.9436109 ], [ 72.7740342, 20.9367874 ], [ 72.7697578, 20.9375482 ], [ 72.7650055, 20.9351033 ], [ 72.7546218, 20.9387358 ], [ 72.743692, 20.9591359 ], [ 72.7414552, 20.9659038 ], [ 72.7389942, 20.9813152 ], [ 72.7332137, 20.9922845 ], [ 72.7321233, 20.9961042 ], [ 72.7325353, 21.0015444 ], [ 72.7308672, 21.0025254 ], [ 72.7276679, 21.0145853 ], [ 72.7263982, 21.0147351 ], [ 72.722157, 21.0377333 ], [ 72.7227258, 21.0432267 ], [ 72.725988, 21.0472998 ], [ 72.7247465, 21.0583712 ], [ 72.7261784, 21.0610302 ], [ 72.7294677, 21.0609182 ], [ 72.7321416, 21.0574246 ], [ 72.7331105, 21.0536399 ], [ 72.7361112, 21.0509309 ], [ 72.7406229, 21.0514304 ], [ 72.7489336, 21.0572241 ], [ 72.7500126, 21.0636827 ], [ 72.7409915, 21.0705002 ], [ 72.7411884, 21.0744571 ], [ 72.7339066, 21.0774137 ], [ 72.7258501, 21.0774049 ], [ 72.7240385, 21.0787304 ], [ 72.7099094, 21.0798349 ], [ 72.7033106, 21.086835 ], [ 72.7041615, 21.08995 ], [ 72.7024715, 21.0961591 ], [ 72.6954588, 21.0951699 ], [ 72.695582, 21.0847858 ], [ 72.6847879, 21.0829737 ], [ 72.6843123, 21.0880549 ], [ 72.686333, 21.0939225 ], [ 72.6754438, 21.1032651 ], [ 72.6698656, 21.1058574 ], [ 72.6698235, 21.1150384 ], [ 72.6649585, 21.1083423 ], [ 72.6562323, 21.1023387 ], [ 72.6470544, 21.0876498 ], [ 72.6415389, 21.0851531 ], [ 72.6353631, 21.084561 ], [ 72.6311959, 21.0861869 ], [ 72.6232477, 21.0930802 ], [ 72.6198983, 21.1007484 ], [ 72.6191934, 21.1148493 ], [ 72.6252158, 21.1298479 ], [ 72.6286182, 21.1441193 ], [ 72.6345615, 21.1905222 ], [ 72.6393275, 21.2027742 ], [ 72.6380583, 21.2111079 ], [ 72.6520955, 21.214693 ], [ 72.6555926, 21.2180206 ], [ 72.6556755, 21.2223288 ], [ 72.6573544, 21.2246519 ], [ 72.645235, 21.2251647 ], [ 72.6304486, 21.234349 ], [ 72.6222569, 21.2425934 ], [ 72.6198284, 21.2536793 ], [ 72.6093185, 21.2689235 ], [ 72.6080606, 21.2735078 ], [ 72.6092571, 21.2798928 ], [ 72.6104564, 21.2807563 ], [ 72.600341, 21.28987 ], [ 72.5975029, 21.3055375 ], [ 72.5979489, 21.3173656 ], [ 72.6006821, 21.3236408 ], [ 72.6009807, 21.3276665 ], [ 72.6011676, 21.3886242 ], [ 72.6099229, 21.3946991 ], [ 72.6247204, 21.4005584 ], [ 72.6414294, 21.4120855 ], [ 72.6528889, 21.4213952 ], [ 72.6616447, 21.4335558 ], [ 72.6651529, 21.4362626 ], [ 72.6793339, 21.4399554 ], [ 72.6837626, 21.4443558 ], [ 72.6873021, 21.4524445 ], [ 72.6837738, 21.4549098 ], [ 72.6807733, 21.4464025 ], [ 72.6794326, 21.4455957 ], [ 72.6611042, 21.4439019 ], [ 72.6581558, 21.4367462 ], [ 72.6540572, 21.4329161 ], [ 72.6456771, 21.4194839 ], [ 72.6417162, 21.418955 ], [ 72.6423363, 21.4207061 ], [ 72.6387981, 21.4175743 ], [ 72.6393498, 21.4208737 ], [ 72.6284686, 21.408898 ], [ 72.6131213, 21.4001097 ], [ 72.6112813, 21.4005095 ], [ 72.6112694, 21.4015389 ], [ 72.6152531, 21.4056764 ], [ 72.6002747, 21.4001492 ], [ 72.5852432, 21.402319 ], [ 72.582606, 21.4049576 ], [ 72.5813368, 21.4084852 ], [ 72.5792342, 21.4091675 ], [ 72.5795771, 21.4138564 ], [ 72.5865962, 21.4196976 ], [ 72.5904726, 21.423966 ], [ 72.5924962, 21.4283853 ], [ 72.5978139, 21.4342156 ], [ 72.6018108, 21.4365248 ], [ 72.6022022, 21.4385049 ], [ 72.6069917, 21.4413064 ], [ 72.6177597, 21.4438549 ], [ 72.6249986, 21.4475917 ], [ 72.6390297, 21.4585432 ], [ 72.6558245, 21.4691709 ], [ 72.6618235, 21.4769131 ], [ 72.665875, 21.48594 ], [ 72.6757902, 21.5021 ], [ 72.677044, 21.5030292 ], [ 72.6869792, 21.5014174 ], [ 72.6902332, 21.5083773 ], [ 72.7028303, 21.5256688 ], [ 72.7055206, 21.5261262 ], [ 72.707871, 21.5284373 ], [ 72.7106411, 21.5238379 ], [ 72.7107587, 21.5212286 ], [ 72.7121609, 21.5231463 ], [ 72.7148899, 21.5220097 ], [ 72.7119712, 21.5272452 ], [ 72.7145876, 21.5279367 ], [ 72.7152319, 21.5259986 ], [ 72.7168195, 21.5291364 ], [ 72.71921, 21.5281289 ], [ 72.722159, 21.5296891 ], [ 72.7225478, 21.5261286 ], [ 72.7238685, 21.5287366 ], [ 72.7258171, 21.5273879 ], [ 72.7299789, 21.5271393 ], [ 72.7299091, 21.5282859 ], [ 72.7256093, 21.5297755 ], [ 72.7307697, 21.5327878 ], [ 72.730978, 21.5302874 ], [ 72.7322951, 21.5303577 ], [ 72.7387452, 21.5340269 ], [ 72.7402983, 21.5326172 ], [ 72.7371064, 21.5304691 ], [ 72.7392856, 21.530878 ], [ 72.740178, 21.5293475 ], [ 72.7418463, 21.5304264 ], [ 72.7427261, 21.5285888 ], [ 72.746276, 21.5289687 ], [ 72.7476768, 21.527179 ], [ 72.7493737, 21.5283983 ], [ 72.75, 21.527519 ], [ 72.7500735, 21.5417073 ], [ 72.7603433, 21.5478148 ], [ 72.7606361, 21.5500051 ], [ 72.7627656, 21.5488731 ], [ 72.762474, 21.5514649 ], [ 72.7672252, 21.5562638 ], [ 72.7702232, 21.5625155 ], [ 72.7685126, 21.5649936 ], [ 72.7613344, 21.5645825 ], [ 72.7599839, 21.5630552 ], [ 72.7600633, 21.5603323 ], [ 72.7547741, 21.5643431 ], [ 72.7544538, 21.5662756 ], [ 72.7562744, 21.5655724 ], [ 72.7583965, 21.5681253 ], [ 72.7588954, 21.5660032 ], [ 72.7621051, 21.5667822 ], [ 72.7594237, 21.5694943 ], [ 72.7626119, 21.5733032 ], [ 72.7633823, 21.5694744 ], [ 72.7660141, 21.5685549 ], [ 72.7676354, 21.5696352 ], [ 72.7662926, 21.5707046 ], [ 72.7668936, 21.5739834 ], [ 72.7687839, 21.5704126 ], [ 72.773384, 21.5713141 ], [ 72.7850912, 21.5873516 ], [ 72.7908409, 21.5885422 ], [ 72.8022403, 21.5872133 ], [ 72.7977225, 21.5955998 ], [ 72.8018453, 21.6006185 ], [ 72.8095584, 21.6033892 ], [ 72.8203286, 21.6111103 ], [ 72.8301457, 21.628449 ], [ 72.8317648, 21.6412289 ], [ 72.8284575, 21.6509148 ], [ 72.8416839, 21.6558167 ], [ 72.8535919, 21.6482462 ], [ 72.8669169, 21.6435525 ], [ 72.8679065, 21.6422172 ], [ 72.8733391, 21.6449245 ], [ 72.8728437, 21.6634812 ], [ 72.8740312, 21.6691687 ], [ 72.8772378, 21.6725586 ], [ 72.8949827, 21.6750547 ], [ 72.9072055, 21.6668036 ], [ 72.9068309, 21.664903 ], [ 72.919926, 21.6673058 ], [ 72.941033, 21.6690553 ], [ 72.9629783, 21.6740347 ], [ 72.9611412, 21.6818947 ], [ 72.9381938, 21.6767069 ], [ 72.9307224, 21.6775273 ], [ 72.930371, 21.67637 ], [ 72.9277676, 21.6762126 ], [ 72.9277204, 21.678263 ], [ 72.925265, 21.6786581 ], [ 72.9227751, 21.6759813 ], [ 72.8805201, 21.6863206 ], [ 72.8631286, 21.6863164 ], [ 72.8619066, 21.6875912 ], [ 72.8535872, 21.6853991 ], [ 72.8441213, 21.6801578 ], [ 72.84183, 21.6771832 ], [ 72.8365341, 21.6744138 ], [ 72.8177705, 21.6582964 ], [ 72.8012946, 21.6576852 ], [ 72.7898267, 21.6632501 ], [ 72.7732655, 21.6661757 ], [ 72.7622144, 21.6700161 ], [ 72.7549053, 21.6756556 ], [ 72.7526318, 21.6814852 ], [ 72.7498027, 21.6812879 ], [ 72.7459089, 21.6884605 ], [ 72.7380808, 21.6909701 ], [ 72.7291494, 21.6864943 ], [ 72.7227518, 21.6850464 ], [ 72.7129103, 21.6795834 ], [ 72.7079103, 21.6802647 ], [ 72.6981422, 21.6843826 ], [ 72.6922354, 21.6813063 ], [ 72.6853351, 21.6814661 ], [ 72.6749567, 21.6844639 ], [ 72.6739572, 21.6851175 ], [ 72.6756775, 21.6850731 ], [ 72.6749743, 21.686225 ], [ 72.6713368, 21.6890442 ], [ 72.6662576, 21.6877462 ], [ 72.6665952, 21.6856351 ], [ 72.668886, 21.6848174 ], [ 72.6601368, 21.6810734 ], [ 72.6570958, 21.6820942 ], [ 72.6558577, 21.6808272 ], [ 72.6487799, 21.6822262 ], [ 72.6447587, 21.6817239 ], [ 72.6389738, 21.6839073 ], [ 72.6380111, 21.6821446 ], [ 72.63927, 21.6817366 ], [ 72.6376193, 21.6807741 ], [ 72.621564, 21.6822538 ], [ 72.6104546, 21.6845748 ], [ 72.6080917, 21.6880551 ], [ 72.6011234, 21.6861476 ], [ 72.6051731, 21.6832737 ], [ 72.5957442, 21.6802356 ], [ 72.5829354, 21.672927 ], [ 72.570497, 21.6680084 ], [ 72.5575977, 21.6595189 ], [ 72.5485317, 21.6586883 ], [ 72.5435521, 21.6605073 ], [ 72.5370504, 21.6662487 ], [ 72.5337037, 21.6744487 ], [ 72.5318539, 21.6961768 ], [ 72.5324715, 21.7181015 ], [ 72.5378231, 21.7268643 ], [ 72.5356515, 21.7245112 ], [ 72.538971, 21.7310528 ], [ 72.5458909, 21.7350097 ], [ 72.558562, 21.7320423 ], [ 72.5680588, 21.7387222 ], [ 72.5747379, 21.7401417 ], [ 72.5768879, 21.7389317 ], [ 72.5785699, 21.7409335 ], [ 72.5844546, 21.742623 ], [ 72.5878958, 21.7467127 ], [ 72.5920462, 21.7469509 ], [ 72.5918457, 21.7486292 ], [ 72.5967632, 21.7497615 ], [ 72.5979565, 21.7514824 ], [ 72.5982356, 21.7500013 ], [ 72.5996212, 21.7500013 ], [ 72.6026642, 21.7538403 ], [ 72.6071742, 21.7530506 ], [ 72.604264, 21.7552494 ], [ 72.6063979, 21.7650373 ], [ 72.6039599, 21.7649704 ], [ 72.6029629, 21.7636468 ], [ 72.6011611, 21.766995 ], [ 72.6015202, 21.7720426 ], [ 72.6034163, 21.7763563 ], [ 72.6026948, 21.7804803 ], [ 72.6011857, 21.7803966 ], [ 72.6020452, 21.7836761 ], [ 72.6010162, 21.784072 ], [ 72.6021203, 21.7856614 ], [ 72.6033856, 21.7850414 ], [ 72.6034729, 21.7860337 ], [ 72.6013927, 21.7865101 ], [ 72.6019515, 21.7897706 ], [ 72.6100131, 21.7891475 ], [ 72.610045, 21.7901798 ], [ 72.5996258, 21.7922657 ], [ 72.5993062, 21.7982858 ], [ 72.5941222, 21.800075 ], [ 72.5954044, 21.8006257 ], [ 72.5950463, 21.8022151 ], [ 72.5930245, 21.8049151 ], [ 72.6143044, 21.8213771 ], [ 72.6177814, 21.8257439 ], [ 72.6170414, 21.8271257 ], [ 72.6204315, 21.8299254 ], [ 72.6103323, 21.8396831 ], [ 72.6161967, 21.860428 ], [ 72.6230817, 21.8771405 ], [ 72.6233526, 21.8837513 ], [ 72.6330239, 21.8804411 ], [ 72.6387822, 21.8901491 ], [ 72.6452218, 21.8881887 ], [ 72.6456293, 21.895689 ], [ 72.6481699, 21.8973098 ], [ 72.654658, 21.8952902 ], [ 72.6591568, 21.8914104 ], [ 72.6709157, 21.8957198 ], [ 72.6836269, 21.8850589 ], [ 72.6912652, 21.8825813 ], [ 72.6934348, 21.8868206 ], [ 72.6977454, 21.8889094 ], [ 72.694689, 21.9076092 ], [ 72.6938634, 21.932107 ], [ 72.6919031, 21.9418749 ], [ 72.6947732, 21.9417338 ], [ 72.697724, 21.9385444 ], [ 72.7194125, 21.9392241 ], [ 72.7324019, 21.950234 ], [ 72.7411282, 21.955055 ], [ 72.7467394, 21.961752 ], [ 72.7482885, 21.9674629 ], [ 72.7463693, 21.9705711 ], [ 72.7351477, 21.9767337 ], [ 72.7333891, 21.9814627 ], [ 72.7355575, 21.9867895 ], [ 72.7285678, 21.9955806 ], [ 72.7252234, 21.996466 ], [ 72.7226819, 21.9949266 ], [ 72.7151156, 21.982709 ], [ 72.7096457, 21.9792436 ], [ 72.714118, 21.9726243 ], [ 72.715225, 21.9663677 ], [ 72.7116584, 21.9560249 ], [ 72.7078062, 21.9533979 ], [ 72.691763, 21.9521136 ], [ 72.6837382, 21.954323 ], [ 72.6805648, 21.9592732 ], [ 72.6720875, 21.955695 ], [ 72.6399897, 21.9568258 ], [ 72.6244852, 21.9473755 ], [ 72.6078845, 21.9330154 ], [ 72.5880294, 21.9224067 ], [ 72.5804047, 21.9245406 ], [ 72.5687968, 21.9206364 ], [ 72.5640421, 21.917657 ], [ 72.5499229, 21.9140388 ], [ 72.5453613, 21.9109887 ], [ 72.5426651, 21.9123782 ], [ 72.5415311, 21.9153082 ], [ 72.5389944, 21.9170589 ], [ 72.5370716, 21.9275973 ], [ 72.5341836, 21.9255276 ], [ 72.5330847, 21.925956 ], [ 72.5291129, 21.9311467 ], [ 72.5302545, 21.9321452 ], [ 72.5285058, 21.9344471 ], [ 72.530794, 21.9359747 ], [ 72.5279668, 21.9370162 ], [ 72.5317328, 21.9436878 ], [ 72.5334942, 21.9443571 ], [ 72.5392554, 21.9422062 ], [ 72.5406919, 21.9439138 ], [ 72.5395635, 21.9449067 ], [ 72.5378118, 21.9440975 ], [ 72.5368621, 21.9458671 ], [ 72.5334347, 21.946687 ], [ 72.5362934, 21.9497953 ], [ 72.5450046, 21.9493234 ], [ 72.5474796, 21.9542996 ], [ 72.5478593, 21.9643887 ], [ 72.5412314, 21.9652229 ], [ 72.5413416, 21.9588967 ], [ 72.5326866, 21.9585535 ], [ 72.5305445, 21.9550753 ], [ 72.5270868, 21.9572543 ], [ 72.5258942, 21.9598726 ], [ 72.5343157, 21.9620765 ], [ 72.5383832, 21.960015 ], [ 72.5397618, 21.9617542 ], [ 72.5398613, 21.9652719 ], [ 72.5311038, 21.9659039 ], [ 72.5311264, 21.9682655 ], [ 72.5334067, 21.9680861 ], [ 72.5333168, 21.9724345 ], [ 72.5377419, 21.9720937 ], [ 72.5374628, 21.9770742 ], [ 72.5385616, 21.9775218 ], [ 72.5281137, 21.9778412 ], [ 72.528135, 21.9822619 ], [ 72.5386558, 21.9818929 ], [ 72.5337364, 21.9826128 ], [ 72.5337046, 21.9869341 ], [ 72.537002, 21.9867237 ], [ 72.5369121, 21.9831924 ], [ 72.5377835, 21.9832607 ], [ 72.5378057, 21.9865344 ], [ 72.5473334, 21.9878034 ], [ 72.5473925, 21.9904857 ], [ 72.5485435, 21.9910512 ], [ 72.5481038, 22.0142709 ], [ 72.5401026, 22.0328799 ], [ 72.5420659, 22.0382679 ], [ 72.5368842, 22.0607569 ], [ 72.537166, 22.0755361 ], [ 72.5421342, 22.0798058 ], [ 72.5465359, 22.0748048 ], [ 72.5472411, 22.0788375 ], [ 72.5471948, 22.0837367 ], [ 72.5400668, 22.0857652 ], [ 72.5385043, 22.0895438 ], [ 72.5408725, 22.0915048 ], [ 72.5464274, 22.1113159 ], [ 72.5431639, 22.1263426 ], [ 72.5448147, 22.1295403 ], [ 72.5445225, 22.1321998 ], [ 72.5482114, 22.1360554 ], [ 72.5471346, 22.1415616 ], [ 72.5481943, 22.1449893 ], [ 72.5498513, 22.1463401 ], [ 72.5508423, 22.1512218 ], [ 72.5639525, 22.178297 ], [ 72.5725297, 22.1893175 ], [ 72.5813402, 22.1872249 ], [ 72.5831334, 22.1880997 ], [ 72.5754626, 22.1907949 ], [ 72.5809584, 22.1991545 ], [ 72.5886182, 22.205085 ], [ 72.5866016, 22.2024566 ], [ 72.5893508, 22.2029765 ], [ 72.5910392, 22.1990349 ], [ 72.593187, 22.2003448 ], [ 72.5947294, 22.1985073 ], [ 72.5979973, 22.1996547 ], [ 72.5946272, 22.2004263 ], [ 72.5938168, 22.2027336 ], [ 72.5980592, 22.2056061 ], [ 72.591179, 22.2027059 ], [ 72.5907809, 22.2047468 ], [ 72.5938303, 22.2079849 ], [ 72.6050555, 22.2131432 ], [ 72.6117864, 22.2141327 ], [ 72.6156949, 22.216052 ], [ 72.6383808, 22.2170042 ], [ 72.6499611, 22.215463 ], [ 72.65208, 22.2144738 ], [ 72.6511535, 22.2130742 ], [ 72.6524726, 22.2129746 ], [ 72.6522828, 22.210166 ], [ 72.6537427, 22.2110824 ], [ 72.6543689, 22.2140038 ], [ 72.6567105, 22.2109645 ], [ 72.6578209, 22.2110455 ], [ 72.6577727, 22.2123234 ], [ 72.6644488, 22.2074136 ], [ 72.6623683, 22.2064658 ], [ 72.6637308, 22.2057656 ], [ 72.6630175, 22.2045647 ], [ 72.6613496, 22.2048044 ], [ 72.6590019, 22.2018338 ], [ 72.6595298, 22.199427 ], [ 72.6613293, 22.2015353 ], [ 72.6628318, 22.1993946 ], [ 72.6662797, 22.2002833 ], [ 72.6706377, 22.1968459 ], [ 72.6711285, 22.1999072 ], [ 72.6685981, 22.2021566 ], [ 72.6684292, 22.2045859 ], [ 72.6746004, 22.2001545 ], [ 72.6850772, 22.196236 ], [ 72.6956769, 22.1872866 ], [ 72.7046897, 22.1824262 ], [ 72.709055, 22.1856051 ], [ 72.7215846, 22.1835163 ], [ 72.7230626, 22.1825175 ], [ 72.7221212, 22.1812267 ], [ 72.7261502, 22.1814048 ], [ 72.7262609, 22.1802578 ], [ 72.7338704, 22.1774262 ], [ 72.7331901, 22.1754173 ], [ 72.7364728, 22.1760968 ], [ 72.7402088, 22.1738771 ], [ 72.7435883, 22.1743488 ], [ 72.7440378, 22.1727185 ], [ 72.7462495, 22.1738953 ], [ 72.7602095, 22.1714083 ], [ 72.7741801, 22.1611856 ], [ 72.7826846, 22.1575693 ], [ 72.7827561, 22.1928604 ], [ 72.8227101, 22.2092157 ], [ 72.8223309, 22.2117712 ], [ 72.8206387, 22.2110618 ], [ 72.8213215, 22.2136313 ], [ 72.8232221, 22.2146117 ], [ 72.8189299, 22.2158837 ], [ 72.8231908, 22.2208927 ], [ 72.8184514, 22.2242235 ], [ 72.8205901, 22.2245402 ], [ 72.8224705, 22.2281622 ], [ 72.8262692, 22.2242305 ], [ 72.8273102, 22.22913 ], [ 72.829571, 22.2268909 ], [ 72.831918, 22.2283229 ], [ 72.83364, 22.2270004 ], [ 72.8418062, 22.2315536 ], [ 72.8410483, 22.2370532 ], [ 72.8426094, 22.2397493 ], [ 72.846849, 22.2376413 ], [ 72.8476886, 22.2348599 ], [ 72.8498467, 22.2357318 ], [ 72.8479158, 22.2387206 ], [ 72.8484976, 22.2403598 ], [ 72.8537997, 22.2388522 ], [ 72.8487775, 22.2485011 ], [ 72.8492191, 22.2749479 ], [ 72.8406174, 22.2750187 ], [ 72.8335013, 22.2715087 ], [ 72.8158537, 22.2553202 ], [ 72.8027339, 22.2522807 ], [ 72.8002721, 22.2475699 ], [ 72.7948524, 22.2418915 ], [ 72.7876046, 22.2361714 ], [ 72.7751639, 22.2291926 ], [ 72.7619996, 22.2252331 ], [ 72.7474174, 22.2230625 ], [ 72.7401017, 22.220291 ], [ 72.7126943, 22.2091237 ], [ 72.7028655, 22.2014255 ], [ 72.6989563, 22.1999057 ], [ 72.6951553, 22.200797 ], [ 72.6619996, 22.2233038 ], [ 72.6354723, 22.2317427 ], [ 72.6241767, 22.2339105 ], [ 72.5747596, 22.2326931 ], [ 72.5629022, 22.2305217 ], [ 72.5437345, 22.2230721 ], [ 72.531324, 22.2157957 ], [ 72.5203478, 22.2051057 ], [ 72.499408, 22.1792269 ], [ 72.459934, 22.1570593 ], [ 72.4334502, 22.1402512 ], [ 72.4022792, 22.1124039 ], [ 72.3000325, 22.0333692 ], [ 72.2908845, 22.0236113 ], [ 72.2846146, 22.0133714 ], [ 72.2804291, 22.0000011 ], [ 72.272548, 21.9844545 ], [ 72.2688689, 21.970603 ], [ 72.2417198, 21.9757744 ], [ 72.2364228, 21.9709864 ], [ 72.2219853, 21.9648715 ], [ 72.2116686, 21.962067 ], [ 72.2063276, 21.9484124 ], [ 72.2085551, 21.9426058 ], [ 72.2058585, 21.929889 ], [ 72.2060343, 21.9228116 ], [ 72.2030359, 21.9128482 ], [ 72.2052303, 21.8969328 ], [ 72.2041954, 21.8910693 ], [ 72.2083337, 21.8865302 ], [ 72.2172251, 21.8670114 ], [ 72.2424595, 21.8298114 ], [ 72.2414568, 21.8237808 ], [ 72.23548, 21.8120389 ], [ 72.219541, 21.8196982 ], [ 72.2121194, 21.8210378 ], [ 72.2103127, 21.8189615 ], [ 72.2048466, 21.8238181 ], [ 72.2028237, 21.8190554 ], [ 72.2282788, 21.7929536 ], [ 72.2365777, 21.7799931 ], [ 72.2500001, 21.7425732 ], [ 72.2550891, 21.7325918 ], [ 72.2716228, 21.705387 ], [ 72.2828436, 21.6969582 ], [ 72.2832221, 21.6943257 ], [ 72.2802117, 21.6946583 ], [ 72.2793719, 21.6932264 ], [ 72.2834214, 21.6924563 ], [ 72.2821518, 21.690699 ], [ 72.2917209, 21.677866 ], [ 72.2922407, 21.672786 ], [ 72.295611, 21.6671566 ], [ 72.2958837, 21.663088 ], [ 72.2980004, 21.661328 ], [ 72.3003088, 21.6532414 ], [ 72.3027402, 21.6496479 ], [ 72.3053006, 21.6490709 ], [ 72.3042002, 21.6473004 ], [ 72.3052294, 21.6462983 ], [ 72.301494, 21.6452691 ], [ 72.3058169, 21.6333577 ], [ 72.3061267, 21.6260092 ], [ 72.3023414, 21.6176153 ], [ 72.2941119, 21.6082594 ], [ 72.2883583, 21.5971805 ], [ 72.2804029, 21.5908083 ], [ 72.278403, 21.5854087 ], [ 72.2699573, 21.5726421 ], [ 72.2682189, 21.5629293 ], [ 72.2646884, 21.5551758 ], [ 72.2658584, 21.5453515 ], [ 72.2649627, 21.5372033 ], [ 72.2593915, 21.5210301 ], [ 72.2597007, 21.5175157 ], [ 72.2560932, 21.507989 ], [ 72.256062, 21.5024932 ], [ 72.2530714, 21.4981015 ], [ 72.2484743, 21.4851109 ], [ 72.2455716, 21.4822482 ], [ 72.2428202, 21.4755895 ], [ 72.2435843, 21.4738592 ], [ 72.2366749, 21.4652554 ], [ 72.2350805, 21.4610151 ], [ 72.2353545, 21.4560083 ], [ 72.2266659, 21.4457432 ], [ 72.2252543, 21.443054 ], [ 72.2260927, 21.4412068 ], [ 72.2197658, 21.4349799 ], [ 72.2160806, 21.427652 ], [ 72.2106083, 21.4210361 ], [ 72.1939044, 21.4062147 ], [ 72.181045, 21.3967406 ], [ 72.1716872, 21.3874144 ], [ 72.1696223, 21.3845724 ], [ 72.1699019, 21.3815217 ], [ 72.1676506, 21.3762089 ], [ 72.1572064, 21.3654624 ], [ 72.1558599, 21.3605988 ], [ 72.1324617, 21.3390979 ], [ 72.1327779, 21.3376434 ], [ 72.1251463, 21.3283777 ], [ 72.1124266, 21.3056454 ], [ 72.1105269, 21.3033311 ], [ 72.1078419, 21.3024746 ], [ 72.1109955, 21.2966563 ], [ 72.1114752, 21.2929433 ], [ 72.1036705, 21.2807553 ], [ 72.0983941, 21.2793664 ], [ 72.0975443, 21.2635443 ], [ 72.0826665, 21.2451351 ], [ 72.0843166, 21.2423435 ], [ 72.0847365, 21.2364935 ], [ 72.087787, 21.2336448 ], [ 72.0904662, 21.2278427 ], [ 72.0956371, 21.2245336 ], [ 72.0975786, 21.2211275 ], [ 72.1000015, 21.220616 ], [ 72.1012235, 21.2172506 ], [ 72.10948, 21.2100152 ], [ 72.1092145, 21.2081638 ], [ 72.1108474, 21.2057836 ], [ 72.1102095, 21.2025267 ], [ 72.112358, 21.2000809 ], [ 72.1120534, 21.1986307 ], [ 72.087669, 21.1918847 ], [ 72.0858883, 21.1903113 ], [ 72.0869007, 21.187755 ], [ 72.0793746, 21.1859193 ], [ 72.0790066, 21.1840871 ], [ 72.0755442, 21.1831117 ], [ 72.0740516, 21.1806739 ], [ 72.0643961, 21.1782244 ], [ 72.0621673, 21.1757766 ], [ 72.0627856, 21.1737462 ], [ 72.0577207, 21.1737096 ], [ 72.050427, 21.1694278 ], [ 72.0465156, 21.1656814 ], [ 72.0458633, 21.1633118 ], [ 72.0386851, 21.1625942 ], [ 72.0364757, 21.159564 ], [ 72.0177922, 21.1539115 ], [ 72.0106973, 21.1486036 ], [ 72.0083491, 21.1449352 ], [ 72.0083615, 21.1397232 ], [ 72.0109245, 21.1362211 ], [ 72.0102295, 21.1346701 ], [ 72.0089431, 21.1349759 ], [ 72.008033, 21.1377828 ], [ 72.0052294, 21.1381795 ], [ 72.0051931, 21.14107 ], [ 72.0040461, 21.14185 ], [ 71.9965979, 21.1419071 ], [ 71.9976598, 21.1395851 ], [ 71.9866122, 21.1378913 ], [ 71.9762537, 21.1332389 ], [ 71.9720113, 21.1273506 ], [ 71.9720347, 21.1248497 ], [ 71.97447, 21.1233165 ], [ 71.9739035, 21.122232 ], [ 71.9623472, 21.124348 ], [ 71.9533352, 21.1234813 ], [ 71.9479322, 21.1202616 ], [ 71.944733, 21.121638 ], [ 71.9420024, 21.1208679 ], [ 71.9396776, 21.1191327 ], [ 71.9397753, 21.1148002 ], [ 71.9385658, 21.1166896 ], [ 71.9300875, 21.1160273 ], [ 71.9248742, 21.1122575 ], [ 71.9201459, 21.1130855 ], [ 71.8983342, 21.1099415 ], [ 71.894696, 21.108245 ], [ 71.8944653, 21.1068959 ], [ 71.8880939, 21.102151 ], [ 71.8878002, 21.0992435 ], [ 71.8789692, 21.0887533 ], [ 71.8738493, 21.0872857 ], [ 71.8729977, 21.0890876 ], [ 71.8706397, 21.0891372 ], [ 71.868229, 21.0864953 ], [ 71.8663524, 21.0880352 ], [ 71.8623297, 21.0868157 ], [ 71.8567196, 21.0813779 ], [ 71.8545736, 21.0819467 ], [ 71.8515618, 21.079187 ], [ 71.8524323, 21.0818381 ], [ 71.8516529, 21.0815083 ], [ 71.8497915, 21.0763462 ], [ 71.8477852, 21.0762285 ], [ 71.8470246, 21.0779762 ], [ 71.8428628, 21.0772077 ], [ 71.8414437, 21.0753559 ], [ 71.8313357, 21.072057 ], [ 71.8282668, 21.0693556 ], [ 71.8249038, 21.0690972 ], [ 71.8243451, 21.0707094 ], [ 71.8222039, 21.070939 ], [ 71.8130782, 21.0674677 ], [ 71.8005105, 21.0588462 ], [ 71.7976306, 21.0552186 ], [ 71.7995389, 21.048617 ], [ 71.801738, 21.0474889 ], [ 71.8028872, 21.0484603 ], [ 71.8019366, 21.0445581 ], [ 71.8039762, 21.0447079 ], [ 71.8031591, 21.043118 ], [ 71.8057057, 21.0392894 ], [ 71.8065377, 21.0397279 ], [ 71.8058553, 21.0380612 ], [ 71.803267, 21.0388504 ], [ 71.8007182, 21.0375397 ], [ 71.7993368, 21.0391107 ], [ 71.7969085, 21.0374115 ], [ 71.7937671, 21.0378979 ], [ 71.7917284, 21.0361717 ], [ 71.7925873, 21.0401192 ], [ 71.7903114, 21.0413194 ], [ 71.7863479, 21.0408206 ], [ 71.7848287, 21.0391715 ], [ 71.7805428, 21.0391918 ], [ 71.7799231, 21.0377101 ], [ 71.7779318, 21.0375103 ], [ 71.7829228, 21.0330783 ], [ 71.7862993, 21.0332111 ], [ 71.7843916, 21.0300308 ], [ 71.7760028, 21.0302113 ], [ 71.7692622, 21.0257907 ], [ 71.7652502, 21.0263887 ], [ 71.7633707, 21.0247392 ], [ 71.7648732, 21.0222699 ], [ 71.7609737, 21.0205603 ], [ 71.7599339, 21.0218422 ], [ 71.7530122, 21.0222303 ], [ 71.7515428, 21.0193028 ], [ 71.7432688, 21.0196533 ], [ 71.7395542, 21.0169632 ], [ 71.7356213, 21.021069 ], [ 71.7315606, 21.0187008 ], [ 71.7276749, 21.0211556 ], [ 71.7166792, 21.0207519 ], [ 71.7001002, 21.0104631 ], [ 71.6828474, 21.0038426 ], [ 71.681052, 21.0017121 ], [ 71.6831978, 20.9971081 ], [ 71.6819123, 20.9965483 ], [ 71.6785925, 20.995852 ], [ 71.6770064, 21.0017474 ], [ 71.6773697, 20.9955633 ], [ 71.6757488, 20.9949014 ], [ 71.6713063, 20.9978517 ], [ 71.6665167, 20.9984311 ], [ 71.6523729, 20.9962347 ], [ 71.6470826, 20.9942033 ], [ 71.6422203, 20.9899678 ], [ 71.6367712, 20.9807104 ], [ 71.6369584, 20.977653 ], [ 71.6388356, 20.9773126 ], [ 71.6500248, 20.9783814 ], [ 71.6505177, 20.9775337 ], [ 71.6477116, 20.9746509 ], [ 71.641377, 20.9752501 ], [ 71.6391265, 20.9730916 ], [ 71.6282021, 20.9687072 ], [ 71.6205765, 20.9672215 ], [ 71.6197398, 20.9691994 ], [ 71.6171483, 20.9669865 ], [ 71.6150807, 20.9688741 ], [ 71.6185184, 20.9712633 ], [ 71.618826, 20.9771432 ], [ 71.6178356, 20.9738284 ], [ 71.6159795, 20.9759824 ], [ 71.6120127, 20.9748713 ], [ 71.6074926, 20.9779599 ], [ 71.6107146, 20.9738235 ], [ 71.6102195, 20.9712041 ], [ 71.6129171, 20.968594 ], [ 71.6123547, 20.9673792 ], [ 71.6065229, 20.9641677 ], [ 71.60005, 20.9629158 ], [ 71.5976646, 20.9636437 ], [ 71.5998812, 20.966534 ], [ 71.5968506, 20.9664419 ], [ 71.5938674, 20.9610247 ], [ 71.5802022, 20.9574508 ], [ 71.5797724, 20.953735 ], [ 71.5736993, 20.9528236 ], [ 71.5728909, 20.9538772 ], [ 71.5717326, 20.9523232 ], [ 71.5685537, 20.9530359 ], [ 71.5655833, 20.9489519 ], [ 71.5554447, 20.9499565 ], [ 71.5563719, 20.9516368 ], [ 71.5552851, 20.9524041 ], [ 71.5526852, 20.9501676 ], [ 71.5500785, 20.9522304 ], [ 71.5489503, 20.949168 ], [ 71.5471132, 20.9503594 ], [ 71.5450558, 20.9497849 ], [ 71.5331133, 20.9433121 ], [ 71.5303581, 20.9439247 ], [ 71.5274981, 20.9509591 ], [ 71.5237407, 20.9479492 ], [ 71.5166544, 20.9481165 ], [ 71.5094624, 20.9418842 ], [ 71.5103034, 20.9358061 ], [ 71.5080126, 20.9329595 ], [ 71.5091568, 20.9327615 ], [ 71.5031145, 20.9266787 ], [ 71.5032243, 20.9215802 ], [ 71.506668, 20.918769 ], [ 71.4999999, 20.9204875 ], [ 71.4999999, 20.9187476 ], [ 71.5052123, 20.9179867 ], [ 71.4971334, 20.9177346 ], [ 71.4885651, 20.9135136 ], [ 71.4817782, 20.9063329 ], [ 71.4825331, 20.9001544 ], [ 71.4791669, 20.897212 ], [ 71.4771095, 20.8894274 ], [ 71.4701977, 20.8872683 ], [ 71.4647794, 20.8831933 ], [ 71.4629275, 20.8800374 ], [ 71.4592856, 20.8808929 ], [ 71.4551042, 20.8795536 ], [ 71.4496557, 20.8808613 ], [ 71.4487997, 20.8794165 ], [ 71.4500673, 20.877605 ], [ 71.4470634, 20.8761431 ], [ 71.4460451, 20.8770287 ], [ 71.4399825, 20.8695208 ], [ 71.420387, 20.8665331 ], [ 71.4222474, 20.8694771 ], [ 71.4119689, 20.8665081 ], [ 71.4103452, 20.867913 ], [ 71.4081828, 20.8670328 ], [ 71.4048869, 20.8680044 ], [ 71.3973139, 20.8652462 ], [ 71.3941575, 20.8677396 ], [ 71.3955276, 20.8721652 ], [ 71.3923134, 20.8749385 ], [ 71.3860476, 20.8759191 ], [ 71.379921, 20.874262 ], [ 71.3743444, 20.8673962 ], [ 71.3757375, 20.8650348 ], [ 71.3818232, 20.8639155 ], [ 71.3813329, 20.8594671 ], [ 71.3849651, 20.8582566 ], [ 71.3840665, 20.8567573 ], [ 71.3783299, 20.8559898 ], [ 71.3768693, 20.8570105 ], [ 71.365848, 20.85188 ], [ 71.3640847, 20.853578 ], [ 71.3543609, 20.8504972 ], [ 71.3522803, 20.8529853 ], [ 71.3508586, 20.8502439 ], [ 71.3470965, 20.8522936 ], [ 71.331695, 20.8472054 ], [ 71.3217264, 20.8466472 ], [ 71.3033018, 20.8370755 ], [ 71.3020681, 20.8354085 ], [ 71.2970914, 20.8352437 ], [ 71.2969154, 20.831685 ], [ 71.2945124, 20.8339826 ], [ 71.2960275, 20.83028 ], [ 71.2939533, 20.8282332 ], [ 71.2901429, 20.8302411 ], [ 71.2825791, 20.8269495 ], [ 71.2784918, 20.8272526 ], [ 71.2733365, 20.8232601 ], [ 71.2678448, 20.8224972 ], [ 71.2580073, 20.8163037 ], [ 71.2525851, 20.8153787 ], [ 71.2473516, 20.8123885 ], [ 71.2390028, 20.8112382 ], [ 71.236286, 20.8071303 ], [ 71.2319661, 20.8041117 ], [ 71.2184535, 20.8033813 ], [ 71.2100489, 20.80113 ], [ 71.2069837, 20.7991985 ], [ 71.2039926, 20.794741 ], [ 71.2073938, 20.7948635 ], [ 71.207782, 20.7925008 ], [ 71.2035554, 20.7917982 ], [ 71.202973, 20.7892739 ], [ 71.1837483, 20.7838805 ], [ 71.1607048, 20.7799038 ], [ 71.156152, 20.7777098 ], [ 71.15096, 20.7715561 ], [ 71.1463915, 20.7713434 ], [ 71.1458486, 20.7577963 ], [ 71.1353122, 20.7562943 ], [ 71.1279658, 20.7577371 ], [ 71.1233616, 20.7546539 ], [ 71.1202478, 20.7555371 ], [ 71.1174399, 20.7542391 ], [ 71.1116465, 20.7573227 ], [ 71.092003, 20.7568482 ], [ 71.08605, 20.7552618 ], [ 71.0790297, 20.7506683 ], [ 71.0764935, 20.7435412 ], [ 71.0741397, 20.7450469 ], [ 71.074769, 20.7434956 ], [ 71.0730117, 20.7433234 ], [ 71.0810873, 20.7425944 ], [ 71.0796892, 20.741814 ], [ 71.0814128, 20.7404314 ], [ 71.0810058, 20.7386305 ], [ 71.0786642, 20.7366157 ], [ 71.0740933, 20.7361933 ], [ 71.0718214, 20.7345855 ], [ 71.0668535, 20.7354441 ], [ 71.0646129, 20.7334252 ], [ 71.0605756, 20.7360603 ], [ 71.0596724, 20.7345232 ], [ 71.0555517, 20.7328237 ], [ 71.0540877, 20.733385 ], [ 71.0508818, 20.7306013 ], [ 71.0483738, 20.7314188 ], [ 71.0461559, 20.7304302 ], [ 71.0438269, 20.7310634 ], [ 71.0446282, 20.7327039 ], [ 71.041444, 20.7348461 ], [ 71.019017, 20.7380806 ], [ 71.0080695, 20.7369369 ], [ 71.0023075, 20.7418202 ], [ 70.999486, 20.7422287 ], [ 70.9930662, 20.7357753 ], [ 70.9844752, 20.7322539 ], [ 70.9810072, 20.7226863 ], [ 70.9740214, 20.7278661 ], [ 70.9643543, 20.7296148 ], [ 70.9633005, 20.7335715 ], [ 70.9604123, 20.7367207 ], [ 70.9385096, 20.732431 ], [ 70.9317154, 20.7368927 ], [ 70.926596, 20.7370597 ], [ 70.9242929, 20.7406643 ], [ 70.9194928, 20.7430953 ], [ 70.915863, 20.742026 ], [ 70.9101055, 20.7368381 ], [ 70.9053478, 20.7365636 ], [ 70.8938687, 20.7323879 ], [ 70.8840467, 20.7314404 ], [ 70.8780651, 20.7285367 ], [ 70.8721318, 20.7183527 ], [ 70.870788, 20.7088732 ], [ 70.8713928, 20.7071074 ], [ 70.8742192, 20.7064145 ], [ 70.8730054, 20.7044789 ], [ 70.8673946, 20.7035529 ], [ 70.8590094, 20.7061086 ], [ 70.8441396, 20.7064681 ], [ 70.8386205, 20.7035496 ], [ 70.8327521, 20.6974333 ], [ 70.8348688, 20.6970544 ], [ 70.8389883, 20.6900959 ], [ 70.830829, 20.6914495 ], [ 70.828131, 20.6901129 ], [ 70.8221738, 20.6915704 ], [ 70.8215803, 20.6934515 ], [ 70.8079428, 20.6989837 ], [ 70.8075488, 20.7002797 ], [ 70.8022786, 20.700639 ], [ 70.7880947, 20.7112004 ], [ 70.7726145, 20.715886 ], [ 70.7662198, 20.7202432 ], [ 70.7560949, 20.7219708 ], [ 70.7485155, 20.7177594 ], [ 70.7427516, 20.7185717 ], [ 70.7370828, 20.721999 ], [ 70.7335502, 20.7225285 ], [ 70.7296724, 20.7269665 ], [ 70.7246367, 20.7268205 ], [ 70.7215219, 20.7296974 ], [ 70.7171017, 20.7307553 ], [ 70.7154287, 20.7324448 ], [ 70.714045, 20.7316271 ], [ 70.7074324, 20.7362821 ], [ 70.7038464, 20.7365954 ], [ 70.6920743, 20.745502 ], [ 70.6852627, 20.7480877 ], [ 70.6744679, 20.7565456 ], [ 70.6681691, 20.7587693 ], [ 70.6668236, 20.7609704 ], [ 70.663013, 20.7609745 ], [ 70.6622108, 20.7595792 ], [ 70.6638191, 20.7589555 ], [ 70.6628873, 20.757759 ], [ 70.657274, 20.7556737 ], [ 70.6529963, 20.7575803 ], [ 70.6491511, 20.7612616 ], [ 70.6460253, 20.7610363 ], [ 70.645825, 20.7634399 ], [ 70.6428661, 20.7629289 ], [ 70.634867, 20.76708 ], [ 70.6335956, 20.7664795 ], [ 70.6346045, 20.7645564 ], [ 70.6279254, 20.7660787 ], [ 70.6211263, 20.7706355 ], [ 70.6121612, 20.7711139 ], [ 70.6109174, 20.7725184 ], [ 70.6118776, 20.7743113 ], [ 70.6094893, 20.7764193 ], [ 70.5989342, 20.7778361 ], [ 70.5908232, 20.7811945 ], [ 70.5856656, 20.7815864 ], [ 70.5747137, 20.7907198 ], [ 70.570391, 20.792376 ], [ 70.5623132, 20.7924501 ], [ 70.5578299, 20.7985768 ], [ 70.5518337, 20.8034158 ], [ 70.5482336, 20.8043248 ], [ 70.5419884, 20.8018264 ], [ 70.5412721, 20.803217 ], [ 70.5371365, 20.8038292 ], [ 70.5325327, 20.8082256 ], [ 70.5267723, 20.810914 ], [ 70.5234439, 20.8105509 ], [ 70.5229911, 20.8125422 ], [ 70.5197249, 20.8126622 ], [ 70.5196708, 20.8145183 ], [ 70.5179225, 20.8144721 ], [ 70.5163254, 20.8165703 ], [ 70.5113975, 20.8173764 ], [ 70.5084031, 20.8209807 ], [ 70.4999999, 20.8225569 ], [ 70.4901757, 20.827829 ], [ 70.4876266, 20.8298763 ], [ 70.4857221, 20.8352103 ], [ 70.4807201, 20.8354413 ], [ 70.4740582, 20.8395938 ], [ 70.4683383, 20.8390272 ], [ 70.4520725, 20.848104 ], [ 70.4474153, 20.8484141 ], [ 70.447082, 20.8504267 ], [ 70.4427042, 20.8534949 ], [ 70.4377195, 20.8528989 ], [ 70.4312534, 20.86058 ], [ 70.4247459, 20.8622384 ], [ 70.4139249, 20.8738657 ], [ 70.4136906, 20.8754745 ], [ 70.3957378, 20.8915108 ], [ 70.3905299, 20.8946116 ], [ 70.3864978, 20.8952423 ], [ 70.3848834, 20.8977759 ], [ 70.3781542, 20.9000936 ], [ 70.3750299, 20.9028205 ], [ 70.3736166, 20.9020751 ], [ 70.3736384, 20.9034451 ], [ 70.3706494, 20.9020557 ], [ 70.3712331, 20.9005608 ], [ 70.369764, 20.9008274 ], [ 70.373354, 20.8964785 ], [ 70.3700809, 20.8997392 ], [ 70.3632165, 20.9009358 ], [ 70.3539439, 20.9075079 ], [ 70.3462212, 20.9154219 ], [ 70.338832, 20.9174846 ], [ 70.3221009, 20.9266983 ], [ 70.3100396, 20.9358347 ], [ 70.3080865, 20.9388253 ], [ 70.3016444, 20.9414185 ], [ 70.2875098, 20.9507405 ], [ 70.2756691, 20.960853 ], [ 70.2704979, 20.9632546 ], [ 70.2568281, 20.9732341 ], [ 70.2342346, 20.9964798 ], [ 70.2213573, 21.0030578 ], [ 70.1950426, 21.0258091 ], [ 70.1813527, 21.0360568 ], [ 70.1664659, 21.050515 ], [ 70.1640736, 21.0512393 ], [ 70.1435906, 21.0693364 ], [ 70.1391061, 21.0761644 ], [ 70.1228164, 21.0885337 ], [ 70.1060882, 21.104533 ], [ 70.0984454, 21.1081719 ], [ 70.0924045, 21.1133327 ], [ 70.0507978, 21.1539728 ], [ 70.0272444, 21.1809303 ], [ 70.0008906, 21.2062793 ], [ 69.961908, 21.2496566 ], [ 69.9561421, 21.254384 ], [ 69.9336849, 21.280789 ], [ 69.9235363, 21.2904608 ], [ 69.8152148, 21.4169339 ], [ 69.7550545, 21.4802363 ], [ 69.7063616, 21.5353629 ], [ 69.6737418, 21.5632884 ], [ 69.6499279, 21.5898465 ], [ 69.6159637, 21.6245518 ], [ 69.6022123, 21.637163 ], [ 69.5914558, 21.6386831 ], [ 69.589577, 21.6382672 ], [ 69.5896644, 21.6365919 ], [ 69.5854332, 21.6372819 ], [ 69.5650738, 21.6524939 ], [ 69.5103177, 21.700219 ], [ 69.4751326, 21.7364339 ], [ 69.4547073, 21.7499999 ], [ 69.4527063, 21.7499977 ], [ 69.4425922, 21.76165 ], [ 69.4329697, 21.7666887 ], [ 69.4165044, 21.7830947 ], [ 69.3998559, 21.7968572 ], [ 69.3923816, 21.8046522 ], [ 69.3816961, 21.8193785 ], [ 69.3720239, 21.8290963 ], [ 69.3719998, 21.8309116 ], [ 69.370336, 21.8302477 ], [ 69.3648079, 21.8345645 ], [ 69.353964, 21.8378915 ], [ 69.3342409, 21.853241 ], [ 69.3292724, 21.8558633 ], [ 69.3174024, 21.8666113 ], [ 69.3180639, 21.8698628 ], [ 69.3197228, 21.8712677 ], [ 69.3182808, 21.8720845 ], [ 69.3169038, 21.8677852 ], [ 69.3159457, 21.8683404 ], [ 69.2912568, 21.8894627 ], [ 69.2836579, 21.8936357 ], [ 69.2481953, 21.9295723 ], [ 69.2440268, 21.9335491 ], [ 69.2386324, 21.9360003 ], [ 69.2241289, 21.9521348 ], [ 69.2164072, 21.9578019 ], [ 69.1971535, 21.9813917 ], [ 69.1923276, 21.9835703 ], [ 69.1864719, 21.9892486 ], [ 69.1248499, 22.0560041 ], [ 69.1096167, 22.0710062 ], [ 69.0918992, 22.0952003 ], [ 69.0546861, 22.1294668 ], [ 69.0181531, 22.1722637 ], [ 68.9811978, 22.2122974 ], [ 68.9658582, 22.2340814 ], [ 68.9665262, 22.2354637 ], [ 68.9707882, 22.2369165 ], [ 68.9728146, 22.2325517 ], [ 68.9721915, 22.2351746 ], [ 68.9737568, 22.2365395 ], [ 68.9701905, 22.2381939 ], [ 68.9649314, 22.2345864 ], [ 68.9617364, 22.2383314 ], [ 68.9582202, 22.2380982 ], [ 68.9584847, 22.2403696 ], [ 68.9547376, 22.2429446 ], [ 68.9531312, 22.2485378 ], [ 68.9542348, 22.2569518 ], [ 68.9517629, 22.2607143 ], [ 68.9527105, 22.2637526 ], [ 68.9518078, 22.2717228 ], [ 68.9399763, 22.2945035 ], [ 68.9395271, 22.2986938 ], [ 68.9366617, 22.3040954 ], [ 68.9357578, 22.311826 ], [ 68.9423189, 22.3321378 ], [ 68.949963, 22.3318184 ], [ 68.9535315, 22.3340517 ], [ 68.9556935, 22.3376539 ], [ 68.9563499, 22.3397441 ], [ 68.9544945, 22.3458859 ], [ 68.9581918, 22.3515507 ], [ 68.9566854, 22.3652465 ], [ 68.9573814, 22.3682668 ], [ 68.9651603, 22.3781873 ], [ 68.9681437, 22.3889636 ], [ 68.9771323, 22.4035515 ], [ 68.9817748, 22.4015974 ], [ 68.9920792, 22.4026985 ], [ 68.9963742, 22.4015999 ], [ 69.0, 22.4040985 ], [ 68.9995111, 22.4064751 ], [ 68.9966641, 22.4049737 ], [ 68.9969349, 22.4036189 ], [ 68.995352, 22.4038233 ], [ 68.9956151, 22.4048345 ], [ 68.9930357, 22.4037618 ], [ 68.9895351, 22.4045816 ], [ 68.980647, 22.402312 ], [ 68.9784146, 22.4041377 ], [ 68.9844774, 22.4134351 ], [ 68.9920726, 22.4190242 ], [ 69.0072471, 22.440399 ], [ 69.0292608, 22.4537425 ], [ 69.0551315, 22.4664389 ], [ 69.0615175, 22.471783 ], [ 69.0681161, 22.4813849 ], [ 69.0692785, 22.4784368 ], [ 69.0787815, 22.4796724 ], [ 69.083622, 22.4745895 ], [ 69.0764056, 22.4654803 ], [ 69.0740923, 22.4541102 ], [ 69.0712365, 22.4526283 ], [ 69.0659803, 22.4530283 ], [ 69.0533265, 22.4424982 ], [ 69.0497104, 22.4377646 ], [ 69.0464742, 22.4401426 ], [ 69.0457536, 22.4433572 ], [ 69.0502904, 22.4432554 ], [ 69.0516588, 22.4458117 ], [ 69.0469022, 22.4479769 ], [ 69.0394668, 22.4457109 ], [ 69.0380697, 22.4427211 ], [ 69.0435763, 22.436967 ], [ 69.0412137, 22.4320938 ], [ 69.0434347, 22.4298328 ], [ 69.0445806, 22.4303345 ], [ 69.0443738, 22.4266952 ], [ 69.0468235, 22.4231969 ], [ 69.0453155, 22.419137 ], [ 69.0422329, 22.4168643 ], [ 69.0406224, 22.4137073 ], [ 69.0399831, 22.4109211 ], [ 69.0416341, 22.4109626 ], [ 69.0391392, 22.4090513 ], [ 69.0397444, 22.4039854 ], [ 69.0374387, 22.4026025 ], [ 69.0393487, 22.3997318 ], [ 69.0339674, 22.3939675 ], [ 69.0354895, 22.3902702 ], [ 69.0383627, 22.3923037 ], [ 69.0378689, 22.3898335 ], [ 69.039553, 22.3911935 ], [ 69.0400255, 22.3885613 ], [ 69.0396776, 22.3938711 ], [ 69.0407412, 22.3936956 ], [ 69.0405915, 22.3921784 ], [ 69.0423532, 22.3935564 ], [ 69.0435349, 22.3906085 ], [ 69.0433536, 22.3933628 ], [ 69.0450488, 22.3923928 ], [ 69.0455521, 22.3953912 ], [ 69.046679, 22.3945023 ], [ 69.049008, 22.3978944 ], [ 69.0511892, 22.3961208 ], [ 69.0519751, 22.3973177 ], [ 69.0538302, 22.396876 ], [ 69.0551184, 22.3939958 ], [ 69.053032, 22.3909878 ], [ 69.0533197, 22.3886083 ], [ 69.0564843, 22.3908222 ], [ 69.0548864, 22.3918013 ], [ 69.0558957, 22.3931112 ], [ 69.0580767, 22.3914956 ], [ 69.0606013, 22.3920655 ], [ 69.0627187, 22.3909194 ], [ 69.0576173, 22.3874407 ], [ 69.0607194, 22.3884579 ], [ 69.0619725, 22.3875507 ], [ 69.0608285, 22.383333 ], [ 69.0649627, 22.3893444 ], [ 69.069241, 22.3877385 ], [ 69.0700868, 22.385296 ], [ 69.0707898, 22.3879331 ], [ 69.0773394, 22.3889962 ], [ 69.0781506, 22.3879083 ], [ 69.0818454, 22.3882028 ], [ 69.0840058, 22.3892508 ], [ 69.0859954, 22.3933783 ], [ 69.087933, 22.3922997 ], [ 69.0939972, 22.3944457 ], [ 69.0974546, 22.3934845 ], [ 69.1033728, 22.3989263 ], [ 69.1021486, 22.4023757 ], [ 69.0983073, 22.4039059 ], [ 69.0995885, 22.4082362 ], [ 69.1022252, 22.4095506 ], [ 69.1063627, 22.408788 ], [ 69.1104903, 22.4099443 ], [ 69.1113647, 22.406594 ], [ 69.1279769, 22.3951075 ], [ 69.128268, 22.3866232 ], [ 69.1223785, 22.3790014 ], [ 69.1211696, 22.3756376 ], [ 69.1273792, 22.3787396 ], [ 69.1276124, 22.3836206 ], [ 69.1298459, 22.3853228 ], [ 69.1293994, 22.388348 ], [ 69.1308754, 22.3885964 ], [ 69.1291226, 22.3900639 ], [ 69.1301521, 22.3923351 ], [ 69.132342, 22.39294 ], [ 69.1300988, 22.3940283 ], [ 69.130298, 22.3950894 ], [ 69.1330609, 22.3954279 ], [ 69.1331727, 22.3974552 ], [ 69.1360667, 22.3983175 ], [ 69.1385046, 22.4016044 ], [ 69.1408402, 22.4001818 ], [ 69.1415925, 22.3980551 ], [ 69.1429328, 22.3983574 ], [ 69.14253, 22.4003126 ], [ 69.1454291, 22.4012649 ], [ 69.1467109, 22.4003843 ], [ 69.1438604, 22.3993461 ], [ 69.144205, 22.3980819 ], [ 69.1473272, 22.3977788 ], [ 69.149168, 22.4002936 ], [ 69.1505225, 22.3992413 ], [ 69.1511112, 22.4047138 ], [ 69.1562549, 22.4103795 ], [ 69.1603734, 22.412117 ], [ 69.163054, 22.412017 ], [ 69.161519, 22.410279 ], [ 69.1609804, 22.4117692 ], [ 69.1562886, 22.4086727 ], [ 69.16031, 22.410934 ], [ 69.1570507, 22.4078553 ], [ 69.1568996, 22.4056022 ], [ 69.1633626, 22.404192 ], [ 69.1643879, 22.4064042 ], [ 69.1688509, 22.4074822 ], [ 69.1679585, 22.4107695 ], [ 69.1711922, 22.4094185 ], [ 69.1721356, 22.4130893 ], [ 69.1747049, 22.4139735 ], [ 69.1754825, 22.4156077 ], [ 69.1775264, 22.413837 ], [ 69.1824677, 22.4196149 ], [ 69.1760533, 22.4225927 ], [ 69.1730028, 22.4210268 ], [ 69.1758252, 22.4229584 ], [ 69.1825118, 22.4208295 ], [ 69.1947702, 22.4216598 ], [ 69.1915429, 22.4164191 ], [ 69.1894496, 22.4159503 ], [ 69.1876031, 22.4136256 ], [ 69.1897772, 22.4104641 ], [ 69.1918754, 22.4111541 ], [ 69.1909978, 22.4139585 ], [ 69.1940342, 22.4066785 ], [ 69.1966307, 22.4037243 ], [ 69.193995, 22.405938 ], [ 69.1917681, 22.4100434 ], [ 69.1898832, 22.4086218 ], [ 69.1912946, 22.4050677 ], [ 69.1901737, 22.406933 ], [ 69.1879146, 22.4046357 ], [ 69.1876805, 22.4025226 ], [ 69.1904183, 22.4003631 ], [ 69.1918423, 22.402995 ], [ 69.1968052, 22.4031779 ], [ 69.1926571, 22.4011027 ], [ 69.1956823, 22.4009298 ], [ 69.1952931, 22.3995754 ], [ 69.197843, 22.4005766 ], [ 69.1969404, 22.4018549 ], [ 69.200922, 22.4013564 ], [ 69.1979434, 22.3975649 ], [ 69.1970914, 22.3934609 ], [ 69.1998042, 22.3907188 ], [ 69.1968279, 22.3909821 ], [ 69.1975255, 22.3878346 ], [ 69.1931988, 22.3869018 ], [ 69.1896503, 22.3885333 ], [ 69.1885525, 22.3874411 ], [ 69.1901641, 22.3867181 ], [ 69.1850353, 22.3833381 ], [ 69.1843609, 22.3843994 ], [ 69.1815574, 22.3793839 ], [ 69.1781636, 22.3794257 ], [ 69.1740846, 22.377183 ], [ 69.1742293, 22.374537 ], [ 69.172666, 22.3745194 ], [ 69.1722238, 22.3732236 ], [ 69.1678689, 22.373252 ], [ 69.16797, 22.3706557 ], [ 69.1706503, 22.3718559 ], [ 69.1694841, 22.3686775 ], [ 69.1715865, 22.369711 ], [ 69.1724602, 22.368934 ], [ 69.1737279, 22.3707849 ], [ 69.1766938, 22.369759 ], [ 69.1789958, 22.3721333 ], [ 69.1809323, 22.3706561 ], [ 69.1804217, 22.3682857 ], [ 69.1780917, 22.3690541 ], [ 69.1753628, 22.3677456 ], [ 69.1770277, 22.3671716 ], [ 69.1726231, 22.3630054 ], [ 69.1736368, 22.360463 ], [ 69.1712094, 22.3598541 ], [ 69.1703921, 22.3547069 ], [ 69.1690667, 22.3541609 ], [ 69.1709302, 22.3526929 ], [ 69.1718048, 22.3551851 ], [ 69.1740473, 22.3546471 ], [ 69.1774022, 22.3561496 ], [ 69.1732938, 22.3514505 ], [ 69.1740063, 22.3486146 ], [ 69.1753943, 22.3478827 ], [ 69.1728556, 22.34759 ], [ 69.1725165, 22.3495768 ], [ 69.1700023, 22.3503722 ], [ 69.1654879, 22.3501387 ], [ 69.1633566, 22.3486131 ], [ 69.1647782, 22.3465809 ], [ 69.1640929, 22.3435286 ], [ 69.1658553, 22.3448331 ], [ 69.1694318, 22.3425519 ], [ 69.167892, 22.3387685 ], [ 69.1693135, 22.3369348 ], [ 69.1692638, 22.3334897 ], [ 69.1649704, 22.3233449 ], [ 69.1629077, 22.3227178 ], [ 69.161815, 22.3203024 ], [ 69.1567959, 22.3159868 ], [ 69.1606358, 22.3065573 ], [ 69.1600679, 22.3016363 ], [ 69.1591171, 22.3028105 ], [ 69.1572198, 22.3026032 ], [ 69.1575633, 22.2986206 ], [ 69.1604497, 22.2959107 ], [ 69.1584386, 22.2865689 ], [ 69.160733, 22.2842475 ], [ 69.157363, 22.2723954 ], [ 69.1545776, 22.2694565 ], [ 69.1540628, 22.266946 ], [ 69.1557268, 22.2671082 ], [ 69.1559248, 22.2627871 ], [ 69.1484774, 22.2575596 ], [ 69.149083, 22.2535543 ], [ 69.151425, 22.2500049 ], [ 69.1535506, 22.249998 ], [ 69.1539407, 22.2487334 ], [ 69.1483629, 22.2363812 ], [ 69.1395082, 22.2254339 ], [ 69.1337897, 22.2226446 ], [ 69.1394313, 22.21098 ], [ 69.1357736, 22.2060591 ], [ 69.134667, 22.2022213 ], [ 69.1364012, 22.1955472 ], [ 69.1481593, 22.1950157 ], [ 69.1569744, 22.1954688 ], [ 69.1612153, 22.2023126 ], [ 69.167161, 22.2039945 ], [ 69.1692239, 22.2082381 ], [ 69.1675628, 22.2124471 ], [ 69.1691111, 22.215237 ], [ 69.1765645, 22.2149807 ], [ 69.1785322, 22.2128395 ], [ 69.1804637, 22.2237206 ], [ 69.1791519, 22.2281418 ], [ 69.181691, 22.2325024 ], [ 69.1900734, 22.2348549 ], [ 69.1846445, 22.2402041 ], [ 69.1902974, 22.2436417 ], [ 69.1941567, 22.2341663 ], [ 69.1951934, 22.2253336 ], [ 69.2114985, 22.2194621 ], [ 69.2128151, 22.2103491 ], [ 69.2222629, 22.2119497 ], [ 69.2203109, 22.2146333 ], [ 69.2218352, 22.2164564 ], [ 69.2282235, 22.2179867 ], [ 69.2375876, 22.2227065 ], [ 69.2366003, 22.2296611 ], [ 69.2343078, 22.2313201 ], [ 69.2336277, 22.2351136 ], [ 69.2350883, 22.240856 ], [ 69.2336004, 22.2499189 ], [ 69.2360044, 22.2503374 ], [ 69.2392988, 22.2551677 ], [ 69.2407445, 22.2553338 ], [ 69.240519, 22.2583728 ], [ 69.2429737, 22.2585381 ], [ 69.2446162, 22.2562927 ], [ 69.2448612, 22.259047 ], [ 69.2498122, 22.2611558 ], [ 69.2499998, 22.264575 ], [ 69.2528153, 22.2664364 ], [ 69.279514, 22.2699354 ], [ 69.28051, 22.2676558 ], [ 69.2799481, 22.266486 ], [ 69.2804489, 22.2646531 ], [ 69.2797515, 22.2630091 ], [ 69.2795831, 22.2607693 ], [ 69.2799528, 22.2593518 ], [ 69.2816808, 22.2577588 ], [ 69.2826134, 22.2557365 ], [ 69.2838286, 22.2545809 ], [ 69.2818068, 22.257935 ], [ 69.2801469, 22.2593248 ], [ 69.2807086, 22.2682023 ], [ 69.2798585, 22.269886 ], [ 69.2921728, 22.2753382 ], [ 69.2938068, 22.277091 ], [ 69.2956336, 22.2810789 ], [ 69.2928017, 22.2867939 ], [ 69.2954233, 22.2840995 ], [ 69.2982256, 22.2878396 ], [ 69.312481, 22.2870464 ], [ 69.3143769, 22.289824 ], [ 69.3169147, 22.2895314 ], [ 69.3224302, 22.2925586 ], [ 69.325533, 22.3001272 ], [ 69.3242413, 22.3028406 ], [ 69.3261291, 22.3023716 ], [ 69.3278707, 22.3035415 ], [ 69.3314622, 22.3013074 ], [ 69.3309476, 22.3021517 ], [ 69.3360516, 22.3050743 ], [ 69.3400724, 22.3130312 ], [ 69.335945, 22.3225532 ], [ 69.3323926, 22.3220376 ], [ 69.3312754, 22.325478 ], [ 69.3327258, 22.3278308 ], [ 69.3370258, 22.3280305 ], [ 69.3417828, 22.3249566 ], [ 69.3517461, 22.3268456 ], [ 69.3540274, 22.3257984 ], [ 69.3534598, 22.3239832 ], [ 69.3567313, 22.3196263 ], [ 69.3634287, 22.3171434 ], [ 69.3760706, 22.3191846 ], [ 69.3789777, 22.3209861 ], [ 69.3811567, 22.3187916 ], [ 69.3920318, 22.3159505 ], [ 69.4231876, 22.3160118 ], [ 69.4310075, 22.3208858 ], [ 69.4335551, 22.3202301 ], [ 69.4359338, 22.3217373 ], [ 69.4412801, 22.3278851 ], [ 69.4407952, 22.3288832 ], [ 69.4426248, 22.3285799 ], [ 69.4433973, 22.3303134 ], [ 69.4518618, 22.330707 ], [ 69.4558474, 22.3321769 ], [ 69.4606792, 22.3285396 ], [ 69.4651831, 22.3285551 ], [ 69.4701203, 22.3304262 ], [ 69.4712573, 22.3323219 ], [ 69.4781895, 22.3342818 ], [ 69.482902, 22.3339129 ], [ 69.4899622, 22.3376828 ], [ 69.4889175, 22.3480733 ], [ 69.4911029, 22.3552601 ], [ 69.4994816, 22.3663253 ], [ 69.515869, 22.373056 ], [ 69.5232508, 22.3697917 ], [ 69.5279875, 22.3719845 ], [ 69.5330219, 22.372177 ], [ 69.5347753, 22.3708776 ], [ 69.5373181, 22.3727393 ], [ 69.5376074, 22.3759452 ], [ 69.540442, 22.3772065 ], [ 69.5434474, 22.3769733 ], [ 69.5478873, 22.3725414 ], [ 69.5554963, 22.3696731 ], [ 69.5594496, 22.3663197 ], [ 69.560255, 22.3671599 ], [ 69.5600964, 22.363683 ], [ 69.5623117, 22.3602026 ], [ 69.5613233, 22.3558405 ], [ 69.5645904, 22.3552231 ], [ 69.5670608, 22.356565 ], [ 69.5693412, 22.3592975 ], [ 69.5697523, 22.3633073 ], [ 69.5743675, 22.3674809 ], [ 69.5795815, 22.367356 ], [ 69.5829622, 22.3611437 ], [ 69.5867247, 22.3600565 ], [ 69.5888116, 22.361985 ], [ 69.5913996, 22.3596601 ], [ 69.5976594, 22.3461605 ], [ 69.6002804, 22.3473936 ], [ 69.6034551, 22.3457368 ], [ 69.6072459, 22.34683 ], [ 69.6094005, 22.3525466 ], [ 69.613119, 22.3495351 ], [ 69.6136144, 22.344934 ], [ 69.617352, 22.3454174 ], [ 69.6159782, 22.3476434 ], [ 69.6183759, 22.3513551 ], [ 69.6164438, 22.3531792 ], [ 69.6189339, 22.3578527 ], [ 69.6152247, 22.3646616 ], [ 69.6172441, 22.3682874 ], [ 69.6212201, 22.3676148 ], [ 69.6211326, 22.3718276 ], [ 69.623162, 22.3648695 ], [ 69.6328079, 22.3606339 ], [ 69.6354534, 22.3581819 ], [ 69.6492056, 22.3572186 ], [ 69.6553662, 22.3595655 ], [ 69.6573524, 22.3622516 ], [ 69.657732, 22.3662386 ], [ 69.6556891, 22.3704879 ], [ 69.6559379, 22.3755902 ], [ 69.6589391, 22.378818 ], [ 69.6590953, 22.3823444 ], [ 69.6638559, 22.3906559 ], [ 69.6609052, 22.3962421 ], [ 69.6668816, 22.3931115 ], [ 69.6698295, 22.3949168 ], [ 69.669738, 22.397197 ], [ 69.6734857, 22.3943287 ], [ 69.6778811, 22.3972713 ], [ 69.6942341, 22.3950253 ], [ 69.700552, 22.3962461 ], [ 69.7021606, 22.3986926 ], [ 69.6997382, 22.4000259 ], [ 69.701728, 22.4068339 ], [ 69.7006331, 22.4115123 ], [ 69.6955931, 22.4128963 ], [ 69.6991245, 22.4145247 ], [ 69.6985625, 22.4169813 ], [ 69.7006624, 22.4204751 ], [ 69.7001881, 22.4234148 ], [ 69.704208, 22.4295491 ], [ 69.7034128, 22.431789 ], [ 69.7054004, 22.4337206 ], [ 69.7046921, 22.4349988 ], [ 69.6989565, 22.4362116 ], [ 69.6946224, 22.4426885 ], [ 69.6958463, 22.451601 ], [ 69.7004904, 22.4608733 ], [ 69.7057939, 22.4667269 ], [ 69.7123114, 22.4710175 ], [ 69.7128821, 22.4746881 ], [ 69.7181495, 22.4759449 ], [ 69.730691, 22.4845521 ], [ 69.7366332, 22.4844758 ], [ 69.7330069, 22.4823787 ], [ 69.7362966, 22.4769401 ], [ 69.7344597, 22.4702091 ], [ 69.7402368, 22.4652699 ], [ 69.7407634, 22.4617431 ], [ 69.7436709, 22.4589415 ], [ 69.7435395, 22.4529228 ], [ 69.7404503, 22.4532501 ], [ 69.743538, 22.4511754 ], [ 69.7420219, 22.4506301 ], [ 69.7419134, 22.4486661 ], [ 69.734783, 22.449222 ], [ 69.7353795, 22.4480025 ], [ 69.7416346, 22.4463861 ], [ 69.740244, 22.4447616 ], [ 69.7347939, 22.4445081 ], [ 69.7328302, 22.4428297 ], [ 69.7397667, 22.4432177 ], [ 69.7396741, 22.44171 ], [ 69.7430006, 22.4419104 ], [ 69.7476558, 22.4331293 ], [ 69.7451434, 22.431596 ], [ 69.7396166, 22.4321734 ], [ 69.7460388, 22.4280463 ], [ 69.7547158, 22.4301648 ], [ 69.7561946, 22.4389436 ], [ 69.7590762, 22.4433029 ], [ 69.7625389, 22.4379366 ], [ 69.7645012, 22.4316799 ], [ 69.7739, 22.4239423 ], [ 69.7791361, 22.4167488 ], [ 69.780913, 22.416722 ], [ 69.7855433, 22.4132342 ], [ 69.7897194, 22.4137738 ], [ 69.7927955, 22.4101541 ], [ 69.7932051, 22.4073006 ], [ 69.7972655, 22.4059616 ], [ 69.7975819, 22.4045756 ], [ 69.795551, 22.3892587 ], [ 69.7912378, 22.3835718 ], [ 69.7918515, 22.380172 ], [ 69.7965303, 22.3777387 ], [ 69.7954916, 22.3792776 ], [ 69.8007911, 22.3819852 ], [ 69.8005772, 22.3828267 ], [ 69.8035998, 22.3827551 ], [ 69.8092892, 22.3861725 ], [ 69.808681, 22.3874749 ], [ 69.8107963, 22.3901746 ], [ 69.8098372, 22.3944609 ], [ 69.8137118, 22.3953192 ], [ 69.8138991, 22.398834 ], [ 69.8093578, 22.4014815 ], [ 69.814828, 22.4058009 ], [ 69.8138251, 22.409108 ], [ 69.8159793, 22.412712 ], [ 69.8198797, 22.4171033 ], [ 69.8225651, 22.4176133 ], [ 69.8220748, 22.4214309 ], [ 69.8263001, 22.4256796 ], [ 69.8327004, 22.4419746 ], [ 69.8328227, 22.4470732 ], [ 69.8530399, 22.4395678 ], [ 69.8568644, 22.4370885 ], [ 69.863634, 22.4356487 ], [ 69.8652858, 22.4331593 ], [ 69.8660613, 22.4339945 ], [ 69.8671442, 22.4331538 ], [ 69.8671596, 22.427363 ], [ 69.8709966, 22.422967 ], [ 69.8723665, 22.4236379 ], [ 69.8706417, 22.4273184 ], [ 69.8736535, 22.4296747 ], [ 69.8777013, 22.4443137 ], [ 69.8877998, 22.4546354 ], [ 69.894585, 22.4579032 ], [ 69.8968843, 22.4575607 ], [ 69.8956369, 22.456657 ], [ 69.9006479, 22.4561953 ], [ 69.9002618, 22.4542187 ], [ 69.9023632, 22.4516604 ], [ 69.9037052, 22.4539021 ], [ 69.9042647, 22.4503422 ], [ 69.907539, 22.4513244 ], [ 69.9071586, 22.4488438 ], [ 69.9136603, 22.4517836 ], [ 69.9132779, 22.4554237 ], [ 69.919097, 22.4564572 ], [ 69.915794, 22.4575941 ], [ 69.9142681, 22.4598727 ], [ 69.9132005, 22.4644043 ], [ 69.9149304, 22.4654556 ], [ 69.9186736, 22.4639184 ], [ 69.9205462, 22.4609236 ], [ 69.9256833, 22.4644816 ], [ 69.9374064, 22.463269 ], [ 69.9350421, 22.4712961 ], [ 69.9364568, 22.4788875 ], [ 69.9398489, 22.482788 ], [ 69.9421332, 22.4819107 ], [ 69.9417637, 22.4803331 ], [ 69.9434841, 22.4779437 ], [ 69.9505148, 22.472345 ], [ 69.95755, 22.4750208 ], [ 69.956739, 22.4783409 ], [ 69.9617238, 22.4782986 ], [ 69.9642469, 22.4776931 ], [ 69.9662333, 22.4730798 ], [ 69.9705455, 22.4681738 ], [ 69.9749844, 22.4693402 ], [ 69.9792555, 22.4681663 ], [ 69.9798231, 22.4737932 ], [ 69.9866759, 22.4772054 ], [ 69.9822157, 22.4802757 ], [ 69.9838213, 22.4848341 ], [ 69.9802466, 22.487877 ], [ 69.9815709, 22.4899821 ], [ 69.9794142, 22.4900691 ], [ 69.9787061, 22.4914577 ], [ 69.9793552, 22.4954704 ], [ 69.9818946, 22.4956016 ], [ 69.9829945, 22.4971144 ], [ 69.9814454, 22.4979584 ], [ 69.9815798, 22.4997483 ], [ 69.9847469, 22.5023538 ], [ 69.9846434, 22.5047855 ], [ 69.9892945, 22.505473 ], [ 69.9862023, 22.5065888 ], [ 69.9876616, 22.510466 ], [ 69.9890091, 22.5104786 ], [ 69.9883655, 22.509471 ], [ 69.9898462, 22.508504 ], [ 69.9911018, 22.510564 ], [ 69.9994402, 22.508863 ], [ 70.0102961, 22.4999235 ], [ 70.0154351, 22.5017661 ], [ 70.0172365, 22.505858 ], [ 70.0206968, 22.5071513 ], [ 70.027686, 22.5078946 ], [ 70.0288686, 22.5047033 ], [ 70.0297054, 22.5077074 ], [ 70.0313086, 22.508413 ], [ 70.0475709, 22.5049346 ], [ 70.0570492, 22.5066734 ], [ 70.0624082, 22.5113102 ], [ 70.0683155, 22.5133595 ], [ 70.0700233, 22.5166279 ], [ 70.0731235, 22.5178259 ], [ 70.073181, 22.5138752 ], [ 70.0767327, 22.5153625 ], [ 70.0811877, 22.5145463 ], [ 70.0866471, 22.5118354 ], [ 70.0865072, 22.5094725 ], [ 70.0912166, 22.5081615 ], [ 70.0902374, 22.5056769 ], [ 70.0861186, 22.5039362 ], [ 70.0846774, 22.5005334 ], [ 70.0812646, 22.499532 ], [ 70.082614, 22.4978488 ], [ 70.0857413, 22.4987143 ], [ 70.0858296, 22.4940584 ], [ 70.0918585, 22.4940733 ], [ 70.1082564, 22.4975682 ], [ 70.1123347, 22.4985077 ], [ 70.1135213, 22.5007651 ], [ 70.116291, 22.5010357 ], [ 70.1176688, 22.4989099 ], [ 70.1181111, 22.4870338 ], [ 70.1202114, 22.4863509 ], [ 70.1195582, 22.4885873 ], [ 70.1210781, 22.4887901 ], [ 70.1208505, 22.4930308 ], [ 70.1188675, 22.5058277 ], [ 70.1241459, 22.5126163 ], [ 70.1327621, 22.5171804 ], [ 70.1491658, 22.5119661 ], [ 70.1634799, 22.526633 ], [ 70.1719782, 22.5293095 ], [ 70.1728763, 22.5256582 ], [ 70.184725, 22.522165 ], [ 70.1834009, 22.5240952 ], [ 70.1850796, 22.5430599 ], [ 70.1788954, 22.5420672 ], [ 70.1760518, 22.5443782 ], [ 70.1778274, 22.5523787 ], [ 70.1769826, 22.5577366 ], [ 70.1791822, 22.567522 ], [ 70.194568, 22.5827462 ], [ 70.204085, 22.5820046 ], [ 70.1986136, 22.587771 ], [ 70.1992768, 22.5970504 ], [ 70.2045677, 22.5963816 ], [ 70.2055404, 22.5940833 ], [ 70.2080108, 22.5983353 ], [ 70.211044, 22.5986295 ], [ 70.2107639, 22.6060122 ], [ 70.20919, 22.6075942 ], [ 70.2109284, 22.6110431 ], [ 70.2193991, 22.614607 ], [ 70.2247833, 22.6242183 ], [ 70.2289192, 22.6256741 ], [ 70.2329486, 22.6328004 ], [ 70.2334636, 22.6314631 ], [ 70.2369531, 22.6322594 ], [ 70.2476466, 22.6402875 ], [ 70.2552387, 22.6479492 ], [ 70.2554459, 22.6494669 ], [ 70.2635089, 22.6534588 ], [ 70.263832, 22.6585012 ], [ 70.2665982, 22.6630712 ], [ 70.2639961, 22.6699028 ], [ 70.2729992, 22.6720937 ], [ 70.2734476, 22.6789391 ], [ 70.2686528, 22.6830634 ], [ 70.268023, 22.6872499 ], [ 70.2681335, 22.7052526 ], [ 70.2749197, 22.7152453 ], [ 70.2803863, 22.7186645 ], [ 70.2786882, 22.7252719 ], [ 70.2930717, 22.7281323 ], [ 70.2989561, 22.7346181 ], [ 70.3056262, 22.7384257 ], [ 70.3102236, 22.7432912 ], [ 70.3151194, 22.746051 ], [ 70.3159208, 22.7443002 ], [ 70.3232844, 22.7489096 ], [ 70.3611214, 22.7825649 ], [ 70.3961339, 22.8026664 ], [ 70.4133086, 22.8183905 ], [ 70.4334035, 22.8187885 ], [ 70.4392975, 22.8274838 ], [ 70.4623227, 22.8313072 ], [ 70.4726098, 22.851633 ], [ 70.4796616, 22.8618509 ], [ 70.4782724, 22.8629322 ], [ 70.4771661, 22.8672269 ], [ 70.4818699, 22.8712981 ], [ 70.4855025, 22.8815484 ], [ 70.4865209, 22.8821949 ], [ 70.4893513, 22.8799375 ], [ 70.4914399, 22.880804 ], [ 70.4943622, 22.8800599 ], [ 70.4910929, 22.8898867 ], [ 70.499986, 22.898106 ], [ 70.5130931, 22.9058133 ], [ 70.5210393, 22.9123295 ], [ 70.5223316, 22.9147643 ], [ 70.5301339, 22.9123439 ], [ 70.5304905, 22.908237 ], [ 70.5318633, 22.9077073 ], [ 70.5351491, 22.9120567 ], [ 70.5396537, 22.9254983 ], [ 70.5322506, 22.9278862 ], [ 70.5258137, 22.9317292 ], [ 70.5202759, 22.9321501 ], [ 70.5194498, 22.9350121 ], [ 70.5138573, 22.9365073 ], [ 70.5088456, 22.9371132 ], [ 70.4923115, 22.9341683 ], [ 70.4803027, 22.937098 ], [ 70.4687449, 22.944379 ], [ 70.4578082, 22.9489994 ], [ 70.4512497, 22.9550574 ], [ 70.4452885, 22.9578504 ], [ 70.4392507, 22.9640205 ], [ 70.4326601, 22.9670617 ], [ 70.4398428, 22.9683501 ], [ 70.44561, 22.966501 ], [ 70.4625872, 22.9659957 ], [ 70.4719917, 22.9714127 ], [ 70.4751977, 22.974711 ], [ 70.4792059, 22.974862 ], [ 70.4906579, 22.9668625 ], [ 70.4937054, 22.9669414 ], [ 70.5123951, 22.9601421 ], [ 70.5151189, 22.9622074 ], [ 70.5231376, 22.9646688 ], [ 70.5272487, 22.9634794 ], [ 70.5378526, 22.9647498 ], [ 70.5416588, 22.9595776 ], [ 70.5411401, 22.9627287 ], [ 70.5472203, 22.9968694 ], [ 70.5617046, 23.0290004 ], [ 70.5722141, 23.0371449 ], [ 70.5793808, 23.0351828 ], [ 70.5875287, 23.0305706 ], [ 70.6021576, 23.0342529 ], [ 70.6002586, 23.0423028 ], [ 70.5937283, 23.0549795 ], [ 70.597118, 23.0609399 ], [ 70.6096866, 23.0635872 ], [ 70.6221484, 23.0602874 ], [ 70.6265641, 23.0626307 ], [ 70.6293257, 23.062468 ], [ 70.6313852, 23.0693893 ], [ 70.6385545, 23.0811682 ], [ 70.6582634, 23.095667 ], [ 70.6630906, 23.0972777 ], [ 70.6675822, 23.1018456 ], [ 70.6936692, 23.120144 ], [ 70.7483693, 23.1462017 ], [ 70.7566396, 23.1416912 ], [ 70.7609628, 23.1446109 ], [ 70.7654392, 23.1453816 ], [ 70.7658721, 23.1535132 ], [ 70.7599632, 23.1604483 ], [ 70.7614313, 23.1624404 ], [ 70.7656291, 23.1643622 ], [ 70.7640019, 23.1657381 ], [ 70.768371, 23.16724 ], [ 70.773859, 23.1680382 ], [ 70.7745777, 23.166779 ], [ 70.7725003, 23.163071 ], [ 70.7760115, 23.1626624 ], [ 70.7814392, 23.1584217 ], [ 70.7841389, 23.1591005 ], [ 70.7883188, 23.1663717 ], [ 70.7918256, 23.1651004 ], [ 70.7935761, 23.1610514 ], [ 70.7850888, 23.1551414 ], [ 70.7852274, 23.1521121 ], [ 70.7871765, 23.150691 ], [ 70.795436, 23.1534493 ], [ 70.7962481, 23.159292 ], [ 70.802835, 23.1590603 ], [ 70.8076827, 23.1609496 ], [ 70.8093557, 23.1645893 ], [ 70.8122825, 23.1605 ], [ 70.8160747, 23.1645693 ], [ 70.8185723, 23.1586015 ], [ 70.8150339, 23.1550426 ], [ 70.8173047, 23.1541585 ], [ 70.8129961, 23.1480122 ], [ 70.8166724, 23.1481896 ], [ 70.8171926, 23.1420405 ], [ 70.8202051, 23.1413914 ], [ 70.8205037, 23.139423 ], [ 70.815754, 23.1383017 ], [ 70.8153054, 23.1368522 ], [ 70.8218732, 23.1326919 ], [ 70.8271744, 23.1339216 ], [ 70.8290742, 23.1316827 ], [ 70.8337611, 23.1301444 ], [ 70.8344793, 23.1284108 ], [ 70.8339429, 23.1264648 ], [ 70.8296618, 23.1259941 ], [ 70.8335928, 23.121715 ], [ 70.8326412, 23.1208931 ], [ 70.8286333, 23.1217047 ], [ 70.8295618, 23.1186529 ], [ 70.8280102, 23.1165034 ], [ 70.829353, 23.1151222 ], [ 70.8269811, 23.1141418 ], [ 70.8277726, 23.1119252 ], [ 70.8231509, 23.1103662 ], [ 70.8297516, 23.1053657 ], [ 70.8294995, 23.1002051 ], [ 70.8236531, 23.0984244 ], [ 70.8235418, 23.096027 ], [ 70.8219024, 23.0947848 ], [ 70.8252025, 23.0921447 ], [ 70.8258799, 23.0811782 ], [ 70.8285594, 23.0799148 ], [ 70.8304708, 23.0847373 ], [ 70.833671, 23.0883546 ], [ 70.8316725, 23.0963454 ], [ 70.8367593, 23.0917369 ], [ 70.8384429, 23.0919767 ], [ 70.8383101, 23.0956969 ], [ 70.8353699, 23.1037237 ], [ 70.8357629, 23.1118732 ], [ 70.8380127, 23.1132642 ], [ 70.8408302, 23.1088944 ], [ 70.8424311, 23.109116 ], [ 70.8422584, 23.1172428 ], [ 70.8477693, 23.1169638 ], [ 70.8485204, 23.1201018 ], [ 70.8570279, 23.1253628 ], [ 70.8582185, 23.1297107 ], [ 70.8563874, 23.1343338 ], [ 70.8480721, 23.1420034 ], [ 70.8404039, 23.1451226 ], [ 70.8329998, 23.1457702 ], [ 70.8276429, 23.1489201 ], [ 70.8250929, 23.1525899 ], [ 70.8275619, 23.1574216 ], [ 70.8308034, 23.159111 ], [ 70.8353933, 23.158891 ], [ 70.8363116, 23.1577805 ], [ 70.8348524, 23.1552293 ], [ 70.8364493, 23.1540784 ], [ 70.8419816, 23.1521517 ], [ 70.8466004, 23.152401 ], [ 70.8471618, 23.1532904 ], [ 70.8447788, 23.1546987 ], [ 70.8475417, 23.1581395 ], [ 70.843972, 23.1600983 ], [ 70.847868, 23.1625009 ], [ 70.8474078, 23.1687313 ], [ 70.8486383, 23.1693094 ], [ 70.8652993, 23.1714692 ], [ 70.9015717, 23.1707582 ], [ 70.9085846, 23.1732083 ], [ 70.9194226, 23.1793594 ], [ 70.959228, 23.1948151 ], [ 70.9518789, 23.197135 ], [ 70.9189016, 23.198376 ], [ 70.9088242, 23.1935657 ], [ 70.895836, 23.1838296 ], [ 70.8905664, 23.1826699 ], [ 70.8853655, 23.1837675 ], [ 70.8785775, 23.1900481 ], [ 70.8742162, 23.1917457 ], [ 70.8629196, 23.1923593 ], [ 70.8603064, 23.1951584 ], [ 70.8613269, 23.1977861 ], [ 70.8643403, 23.1995155 ], [ 70.8711489, 23.2002246 ], [ 70.8732882, 23.2039945 ], [ 70.8609403, 23.205836 ], [ 70.859851, 23.2065537 ], [ 70.8601975, 23.2084681 ], [ 70.8931267, 23.2247028 ], [ 70.8706793, 23.2298058 ], [ 70.8473106, 23.2414247 ], [ 70.8368432, 23.2489804 ], [ 70.8331003, 23.2498915 ], [ 70.8310046, 23.2484507 ], [ 70.826923, 23.239605 ], [ 70.8232117, 23.2347639 ], [ 70.8190064, 23.2319453 ], [ 70.8122458, 23.2300736 ], [ 70.8080539, 23.2309162 ], [ 70.8016568, 23.2346834 ], [ 70.7888497, 23.2460317 ], [ 70.7828084, 23.2495137 ], [ 70.7767691, 23.2495914 ], [ 70.7676789, 23.2461046 ], [ 70.7496313, 23.2350707 ], [ 70.746144, 23.2224456 ], [ 70.7445208, 23.2208757 ], [ 70.7370532, 23.2227368 ], [ 70.7331436, 23.2207757 ], [ 70.7329152, 23.222356 ], [ 70.7315217, 23.2208445 ], [ 70.7324634, 23.2193946 ], [ 70.7239135, 23.2176576 ], [ 70.7232041, 23.2162946 ], [ 70.7242332, 23.214208 ], [ 70.7309445, 23.2076571 ], [ 70.7262734, 23.2056376 ], [ 70.7244762, 23.2059186 ], [ 70.7222275, 23.2100783 ], [ 70.7191957, 23.2123646 ], [ 70.7158744, 23.2126872 ], [ 70.7131736, 23.2099549 ], [ 70.7118464, 23.2156466 ], [ 70.7075665, 23.2142268 ], [ 70.7004983, 23.2144156 ], [ 70.6985478, 23.2117166 ], [ 70.6939172, 23.2119084 ], [ 70.6922014, 23.2093989 ], [ 70.6894812, 23.2102669 ], [ 70.6869114, 23.2093153 ], [ 70.6831125, 23.2123147 ], [ 70.6876895, 23.2125386 ], [ 70.6849595, 23.2136684 ], [ 70.6877495, 23.2154552 ], [ 70.6843597, 23.2159442 ], [ 70.6804708, 23.2144872 ], [ 70.6819808, 23.2158457 ], [ 70.6815616, 23.2177873 ], [ 70.6771508, 23.2184344 ], [ 70.6781723, 23.2198562 ], [ 70.6754815, 23.2220875 ], [ 70.6672445, 23.2195661 ], [ 70.6678026, 23.2231463 ], [ 70.6653222, 23.2271064 ], [ 70.664945, 23.2237566 ], [ 70.657392, 23.2213655 ], [ 70.6508027, 23.2238951 ], [ 70.6520664, 23.2169059 ], [ 70.6446351, 23.208216 ], [ 70.6457039, 23.2023195 ], [ 70.6443752, 23.2011684 ], [ 70.6490233, 23.1920387 ], [ 70.6383074, 23.1866177 ], [ 70.6179081, 23.181828 ], [ 70.5789629, 23.1777088 ], [ 70.5352697, 23.1793382 ], [ 70.5311585, 23.1784194 ], [ 70.5237007, 23.179381 ], [ 70.511562, 23.1773592 ], [ 70.5012426, 23.1781191 ], [ 70.4996624, 23.1812918 ], [ 70.4916438, 23.1860882 ], [ 70.4887914, 23.1914314 ], [ 70.4757136, 23.19968 ], [ 70.4610051, 23.2038967 ], [ 70.4514711, 23.2044706 ], [ 70.4280312, 23.2175463 ], [ 70.4316825, 23.2227281 ], [ 70.4322327, 23.2298974 ], [ 70.4363086, 23.2333767 ], [ 70.4247609, 23.2372546 ], [ 70.4030148, 23.2353956 ], [ 70.3951484, 23.2309678 ], [ 70.3887046, 23.2308557 ], [ 70.385666, 23.2333888 ], [ 70.3780105, 23.2316374 ], [ 70.3765497, 23.2297864 ], [ 70.373809, 23.2300663 ], [ 70.3698911, 23.2275063 ], [ 70.3693977, 23.2249193 ], [ 70.3655092, 23.2249779 ], [ 70.36399, 23.2224495 ], [ 70.3663595, 23.2198581 ], [ 70.3490422, 23.2199693 ], [ 70.3456323, 23.2209799 ], [ 70.341622, 23.2198595 ], [ 70.3377621, 23.2226172 ], [ 70.3327842, 23.2227289 ], [ 70.3276732, 23.2262671 ], [ 70.3228142, 23.2217192 ], [ 70.323856, 23.2181167 ], [ 70.3189851, 23.2197494 ], [ 70.3117751, 23.2194172 ], [ 70.3082466, 23.2225084 ], [ 70.3019296, 23.2236886 ], [ 70.2956697, 23.2189585 ], [ 70.2966496, 23.2137399 ], [ 70.2933101, 23.2110971 ], [ 70.2915296, 23.1991002 ], [ 70.2837008, 23.1982517 ], [ 70.2726919, 23.1852016 ], [ 70.2687626, 23.1824721 ], [ 70.2675742, 23.1784621 ], [ 70.2496812, 23.1778937 ], [ 70.2464635, 23.1764709 ], [ 70.2474906, 23.1741193 ], [ 70.2495054, 23.1744394 ], [ 70.2497621, 23.1727787 ], [ 70.2451095, 23.1731067 ], [ 70.2449972, 23.1757418 ], [ 70.2461978, 23.1763534 ], [ 70.2449521, 23.1758025 ], [ 70.2376234, 23.1714422 ], [ 70.2361868, 23.1703009 ], [ 70.236185, 23.1681519 ], [ 70.2396754, 23.1669845 ], [ 70.2385358, 23.1648814 ], [ 70.2183067, 23.1662628 ], [ 70.2087664, 23.1603538 ], [ 70.2091964, 23.1531253 ], [ 70.2128055, 23.1398541 ], [ 70.2083897, 23.1359151 ], [ 70.2072995, 23.1256172 ], [ 70.2015572, 23.1143059 ], [ 70.1920676, 23.103461 ], [ 70.1876612, 23.09502 ], [ 70.1738821, 23.0774033 ], [ 70.1836344, 23.0796815 ], [ 70.1806306, 23.0768728 ], [ 70.1803226, 23.0754327 ], [ 70.1816938, 23.0751938 ], [ 70.1795299, 23.0709184 ], [ 70.1771434, 23.0692709 ], [ 70.1755433, 23.0702014 ], [ 70.1733026, 23.067561 ], [ 70.1713312, 23.0671236 ], [ 70.1716431, 23.0660626 ], [ 70.1677667, 23.0643878 ], [ 70.1649441, 23.0674099 ], [ 70.1662216, 23.0644026 ], [ 70.1681631, 23.0632417 ], [ 70.1647253, 23.0538426 ], [ 70.1567119, 23.0453157 ], [ 70.1532563, 23.0382145 ], [ 70.1508369, 23.0395739 ], [ 70.1492948, 23.0369961 ], [ 70.1598722, 23.0350237 ], [ 70.1625942, 23.0406054 ], [ 70.1696004, 23.0428429 ], [ 70.1715207, 23.050924 ], [ 70.1694927, 23.0557827 ], [ 70.1699519, 23.0574125 ], [ 70.1861409, 23.068342 ], [ 70.1886167, 23.0728142 ], [ 70.2108155, 23.0746331 ], [ 70.2164651, 23.0659117 ], [ 70.2136381, 23.0632314 ], [ 70.217835, 23.0642719 ], [ 70.2192183, 23.0608127 ], [ 70.2179879, 23.0525736 ], [ 70.2197751, 23.040906 ], [ 70.2222835, 23.035455 ], [ 70.2202859, 23.0252434 ], [ 70.2201763, 23.0152158 ], [ 70.2208867, 23.0144064 ], [ 70.2221409, 23.0153814 ], [ 70.2208238, 23.0134365 ], [ 70.2239639, 23.005565 ], [ 70.2255153, 22.9865779 ], [ 70.2302541, 22.9726596 ], [ 70.2286158, 22.9599917 ], [ 70.2307426, 22.9551593 ], [ 70.2264058, 22.951821 ], [ 70.2074164, 22.9437323 ], [ 70.180382, 22.9375497 ], [ 70.1757509, 22.9374203 ], [ 70.1723098, 22.9388618 ], [ 70.1643929, 22.9382816 ], [ 70.1335467, 22.9587529 ], [ 70.1303581, 22.9599992 ], [ 70.125507, 22.959751 ], [ 70.1211188, 22.9626315 ], [ 70.1199584, 22.9653901 ], [ 70.1211773, 22.968948 ], [ 70.1334069, 22.981111 ], [ 70.1336364, 22.9857705 ], [ 70.1297353, 22.9881681 ], [ 70.1289649, 22.9904482 ], [ 70.1337888, 23.0015692 ], [ 70.1422076, 23.0089277 ], [ 70.1479552, 23.0204175 ], [ 70.1581429, 23.0323034 ], [ 70.1482065, 23.0348156 ], [ 70.1504649, 23.0336143 ], [ 70.150123, 23.031244 ], [ 70.1472159, 23.0326847 ], [ 70.1418442, 23.0269469 ], [ 70.1390247, 23.026437 ], [ 70.1384339, 23.0212268 ], [ 70.1352145, 23.020884 ], [ 70.1329652, 23.011019 ], [ 70.1299459, 23.0074478 ], [ 70.1257076, 23.0050956 ], [ 70.1220887, 22.9965887 ], [ 70.1199965, 22.997618 ], [ 70.1182165, 22.9968279 ], [ 70.1190896, 22.9930669 ], [ 70.1180997, 22.9912699 ], [ 70.097184, 22.9758034 ], [ 70.0900685, 22.9741946 ], [ 70.080531, 22.9757106 ], [ 70.0838551, 22.9734082 ], [ 70.0850368, 22.9689876 ], [ 70.083716, 22.9680118 ], [ 70.0705795, 22.9660811 ], [ 70.0642334, 22.9635324 ], [ 70.0595193, 22.9636158 ], [ 70.0584065, 22.9579294 ], [ 70.0527328, 22.9546048 ], [ 70.0495693, 22.9545221 ], [ 70.046023, 22.9512285 ], [ 70.0402487, 22.9530805 ], [ 70.0365458, 22.9526901 ], [ 70.0318479, 22.9458359 ], [ 70.0297638, 22.9464195 ], [ 70.0291997, 22.942847 ], [ 70.0262521, 22.9397046 ], [ 70.0273015, 22.9364326 ], [ 70.0259771, 22.9348863 ], [ 70.0272147, 22.9320368 ], [ 70.0242089, 22.9290502 ], [ 70.02713, 22.9287203 ], [ 70.0272958, 22.9269571 ], [ 70.0236517, 22.9263588 ], [ 70.0189771, 22.9235901 ], [ 70.0167517, 22.9202425 ], [ 69.9959436, 22.9139995 ], [ 69.9847577, 22.9145782 ], [ 69.9837414, 22.9063725 ], [ 69.9821163, 22.9028539 ], [ 69.9657093, 22.8988413 ], [ 69.9624692, 22.8998997 ], [ 69.9612401, 22.8984511 ], [ 69.959033, 22.8992785 ], [ 69.9622409, 22.8935878 ], [ 69.9587012, 22.8986241 ], [ 69.9370438, 22.8983497 ], [ 69.9361219, 22.8967878 ], [ 69.9321454, 22.8970061 ], [ 69.9334558, 22.8956692 ], [ 69.9320373, 22.8948886 ], [ 69.9270476, 22.8960281 ], [ 69.9306628, 22.8942615 ], [ 69.923634, 22.8897353 ], [ 69.9206562, 22.8889731 ], [ 69.9193019, 22.8900707 ], [ 69.9199154, 22.8885219 ], [ 69.9186675, 22.8872851 ], [ 69.9197248, 22.886874 ], [ 69.9171666, 22.8873082 ], [ 69.9181603, 22.886012 ], [ 69.9167863, 22.8866987 ], [ 69.9161477, 22.8858185 ], [ 69.9150518, 22.8876609 ], [ 69.9152168, 22.8852679 ], [ 69.9119425, 22.8865058 ], [ 69.9136714, 22.882934 ], [ 69.9102641, 22.8785643 ], [ 69.9044164, 22.8763306 ], [ 69.9036413, 22.8743802 ], [ 69.899709, 22.8735773 ], [ 69.9015262, 22.8728094 ], [ 69.8987438, 22.8712612 ], [ 69.8978135, 22.8732209 ], [ 69.8963562, 22.870634 ], [ 69.8944316, 22.8708329 ], [ 69.8932479, 22.8725352 ], [ 69.8910748, 22.8728876 ], [ 69.8906523, 22.8755334 ], [ 69.8871708, 22.8755338 ], [ 69.8877954, 22.8711045 ], [ 69.8776463, 22.8741617 ], [ 69.8794441, 22.8713398 ], [ 69.8562664, 22.8687202 ], [ 69.8392538, 22.8628435 ], [ 69.8367646, 22.8612717 ], [ 69.8374811, 22.8601701 ], [ 69.8351277, 22.8607475 ], [ 69.8316931, 22.8602364 ], [ 69.8312012, 22.8595907 ], [ 69.8355226, 22.8597679 ], [ 69.8278839, 22.8579779 ], [ 69.812346, 22.8499675 ], [ 69.8069725, 22.850155 ], [ 69.8047892, 22.8518472 ], [ 69.8006632, 22.8510597 ], [ 69.7948577, 22.8484112 ], [ 69.7900765, 22.8439524 ], [ 69.7898291, 22.8422727 ], [ 69.7836639, 22.8392442 ], [ 69.7816357, 22.8346106 ], [ 69.768607, 22.8264032 ], [ 69.7479721, 22.8185263 ], [ 69.7455734, 22.8206272 ], [ 69.7434148, 22.8195182 ], [ 69.7416182, 22.820269 ], [ 69.7364331, 22.8169226 ], [ 69.7343436, 22.8168835 ], [ 69.7293884, 22.8206614 ], [ 69.7319762, 22.8164471 ], [ 69.724884, 22.8153455 ], [ 69.7221381, 22.8098886 ], [ 69.7200544, 22.81112 ], [ 69.7199019, 22.8088921 ], [ 69.7168927, 22.8096975 ], [ 69.7131645, 22.8060019 ], [ 69.7116999, 22.8079216 ], [ 69.7121206, 22.8108156 ], [ 69.7107896, 22.8086264 ], [ 69.7090322, 22.8097743 ], [ 69.7092598, 22.8076836 ], [ 69.7056033, 22.809189 ], [ 69.7079925, 22.8058602 ], [ 69.7060437, 22.8046467 ], [ 69.6915062, 22.8038182 ], [ 69.6904886, 22.8043921 ], [ 69.6905775, 22.8067941 ], [ 69.6895207, 22.8067493 ], [ 69.6871274, 22.8025198 ], [ 69.6829041, 22.8000516 ], [ 69.6713188, 22.8002768 ], [ 69.669385, 22.7989228 ], [ 69.6669112, 22.7992531 ], [ 69.6661218, 22.7974608 ], [ 69.6645445, 22.7990144 ], [ 69.6570539, 22.7962529 ], [ 69.651254, 22.7957619 ], [ 69.647037, 22.7966565 ], [ 69.6472034, 22.8016095 ], [ 69.6459619, 22.8040117 ], [ 69.6464687, 22.8059848 ], [ 69.6479054, 22.8059394 ], [ 69.6459385, 22.8100032 ], [ 69.64023, 22.8044414 ], [ 69.6364168, 22.8055931 ], [ 69.636909, 22.8082704 ], [ 69.6342794, 22.8117608 ], [ 69.6311866, 22.8088668 ], [ 69.6278067, 22.8102756 ], [ 69.6252303, 22.8085057 ], [ 69.6230193, 22.8111742 ], [ 69.6182755, 22.8122532 ], [ 69.6134153, 22.8086815 ], [ 69.6118912, 22.8057106 ], [ 69.6085357, 22.8060398 ], [ 69.605911, 22.8029512 ], [ 69.6004904, 22.8053255 ], [ 69.598848, 22.8119443 ], [ 69.5974262, 22.8101291 ], [ 69.5934761, 22.8117808 ], [ 69.5916344, 22.8143766 ], [ 69.5885376, 22.8116986 ], [ 69.5877477, 22.8154911 ], [ 69.5844414, 22.8125013 ], [ 69.5812217, 22.8139679 ], [ 69.5817469, 22.8167403 ], [ 69.5782309, 22.8153893 ], [ 69.5756195, 22.8177274 ], [ 69.575318, 22.8164179 ], [ 69.5779784, 22.8129286 ], [ 69.575963, 22.8103859 ], [ 69.5710053, 22.8096304 ], [ 69.5693714, 22.8158651 ], [ 69.5672689, 22.8120311 ], [ 69.5648575, 22.8135563 ], [ 69.5649897, 22.811782 ], [ 69.563504, 22.8123458 ], [ 69.5640647, 22.8112218 ], [ 69.5624141, 22.8101285 ], [ 69.5609824, 22.8096719 ], [ 69.5602804, 22.811139 ], [ 69.5573588, 22.8101536 ], [ 69.5568731, 22.8073224 ], [ 69.5482384, 22.8072282 ], [ 69.5461726, 22.8088978 ], [ 69.5466413, 22.8068076 ], [ 69.5434567, 22.8059843 ], [ 69.5410355, 22.8072563 ], [ 69.5400289, 22.8048492 ], [ 69.5370051, 22.8040574 ], [ 69.5343918, 22.8085846 ], [ 69.5328399, 22.8060102 ], [ 69.5313785, 22.8066279 ], [ 69.5304246, 22.8056476 ], [ 69.5333686, 22.8018341 ], [ 69.5305194, 22.8021891 ], [ 69.532157, 22.8004427 ], [ 69.530823, 22.799882 ], [ 69.5271583, 22.80351 ], [ 69.5270231, 22.8018529 ], [ 69.5242019, 22.8039687 ], [ 69.5234869, 22.8025731 ], [ 69.5185242, 22.8028679 ], [ 69.5115956, 22.8072428 ], [ 69.5120062, 22.8053468 ], [ 69.5086848, 22.8054122 ], [ 69.5053409, 22.8088954 ], [ 69.5034953, 22.8031598 ], [ 69.5046725, 22.7989572 ], [ 69.5021103, 22.7998177 ], [ 69.4984031, 22.7974465 ], [ 69.4942828, 22.7969079 ], [ 69.4929059, 22.7995379 ], [ 69.4874432, 22.7998071 ], [ 69.4866952, 22.8021283 ], [ 69.4828459, 22.8056889 ], [ 69.4832155, 22.799047 ], [ 69.4805058, 22.7963082 ], [ 69.4773447, 22.7955201 ], [ 69.4679189, 22.7983389 ], [ 69.4658654, 22.800706 ], [ 69.4683644, 22.8018378 ], [ 69.4678785, 22.8032964 ], [ 69.4635154, 22.8039581 ], [ 69.4633264, 22.8053173 ], [ 69.4605561, 22.8066688 ], [ 69.4604167, 22.8094367 ], [ 69.45864, 22.8110269 ], [ 69.4576499, 22.8086164 ], [ 69.4573368, 22.8142784 ], [ 69.4546282, 22.8131646 ], [ 69.4520198, 22.8083167 ], [ 69.4491191, 22.8118083 ], [ 69.4476086, 22.8106757 ], [ 69.4479872, 22.8082058 ], [ 69.4442678, 22.8108985 ], [ 69.4387205, 22.810657 ], [ 69.4346921, 22.8090874 ], [ 69.4348134, 22.8081978 ], [ 69.4290236, 22.8101956 ], [ 69.4270704, 22.8095687 ], [ 69.4241835, 22.8127979 ], [ 69.4219419, 22.8090466 ], [ 69.4193221, 22.8102483 ], [ 69.4186216, 22.8128492 ], [ 69.418212, 22.8110659 ], [ 69.4168336, 22.8108676 ], [ 69.4186347, 22.8081265 ], [ 69.4321132, 22.8031781 ], [ 69.4308413, 22.8012777 ], [ 69.4339289, 22.8013172 ], [ 69.4326525, 22.8001889 ], [ 69.4361585, 22.7994561 ], [ 69.4336697, 22.7989966 ], [ 69.4357584, 22.7978579 ], [ 69.4368303, 22.7990495 ], [ 69.4382215, 22.7956988 ], [ 69.439498, 22.7970302 ], [ 69.4408115, 22.7942077 ], [ 69.4511065, 22.7865907 ], [ 69.4578993, 22.7866865 ], [ 69.4603082, 22.7841704 ], [ 69.4597084, 22.7828071 ], [ 69.4650052, 22.7813503 ], [ 69.466367, 22.7791507 ], [ 69.4692347, 22.7788194 ], [ 69.4699781, 22.7764485 ], [ 69.4786451, 22.7766779 ], [ 69.4947011, 22.7798677 ], [ 69.4910863, 22.7775497 ], [ 69.4803445, 22.7767987 ], [ 69.4777866, 22.7745473 ], [ 69.4717582, 22.7737475 ], [ 69.4587802, 22.7780217 ], [ 69.4453084, 22.7797711 ], [ 69.4463704, 22.7808182 ], [ 69.4384024, 22.7867905 ], [ 69.4342298, 22.7880202 ], [ 69.4448707, 22.7808414 ], [ 69.443692, 22.7800879 ], [ 69.4104127, 22.8035187 ], [ 69.3974549, 22.8111065 ], [ 69.3814466, 22.8158172 ], [ 69.3844859, 22.8173251 ], [ 69.3810473, 22.8170273 ], [ 69.3812178, 22.8187746 ], [ 69.3798783, 22.8167384 ], [ 69.3580386, 22.8216863 ], [ 69.3517105, 22.8202774 ], [ 69.3477617, 22.8207458 ], [ 69.3354517, 22.8279674 ], [ 69.3139738, 22.833266 ], [ 69.3011127, 22.8331939 ], [ 69.2858178, 22.8275549 ], [ 69.2679095, 22.8251962 ], [ 69.254014, 22.829855 ], [ 69.2477326, 22.8297269 ], [ 69.2344965, 22.8335068 ], [ 69.2275615, 22.8373261 ], [ 69.221819, 22.8361157 ], [ 69.2175868, 22.8373465 ], [ 69.2086574, 22.8364665 ], [ 69.2012781, 22.8374681 ], [ 69.204159, 22.8409478 ], [ 69.203229, 22.8416571 ], [ 69.1988621, 22.837826 ], [ 69.1958323, 22.838026 ], [ 69.1943426, 22.8396882 ], [ 69.1937894, 22.8437881 ], [ 69.1962698, 22.8454576 ], [ 69.1936633, 22.8449756 ], [ 69.1918811, 22.8462542 ], [ 69.1924032, 22.848218 ], [ 69.1944107, 22.8487273 ], [ 69.1932421, 22.8499559 ], [ 69.1941832, 22.8518563 ], [ 69.1886301, 22.8530958 ], [ 69.1867101, 22.8520039 ], [ 69.1860341, 22.8545462 ], [ 69.1842019, 22.8535355 ], [ 69.1811831, 22.8577672 ], [ 69.1774309, 22.8556465 ], [ 69.1741915, 22.8564241 ], [ 69.1723755, 22.8602534 ], [ 69.167596, 22.8596949 ], [ 69.1668504, 22.8589542 ], [ 69.1680631, 22.8578662 ], [ 69.172832, 22.8559549 ], [ 69.1773417, 22.8517365 ], [ 69.1749349, 22.8514348 ], [ 69.1500775, 22.866205 ], [ 69.1475392, 22.8669052 ], [ 69.1474416, 22.8660248 ], [ 69.1312418, 22.8722933 ], [ 69.0998932, 22.8961129 ], [ 69.0437671, 22.9299436 ], [ 69.0317774, 22.9348132 ], [ 69.0198289, 22.9421066 ], [ 69.0057409, 22.946964 ], [ 68.9807985, 22.9608226 ], [ 68.972307, 22.9634513 ], [ 68.9549406, 22.9729697 ], [ 68.9496819, 22.9775144 ], [ 68.9405551, 22.9803674 ], [ 68.931171, 22.9871572 ], [ 68.9254776, 22.9935613 ], [ 68.9222205, 22.9949981 ], [ 68.9178115, 22.9940963 ], [ 68.9178268, 22.9961642 ], [ 68.8745788, 23.021138 ], [ 68.8684326, 23.0272331 ], [ 68.8347693, 23.044918 ], [ 68.8239757, 23.0524568 ], [ 68.812956, 23.0579276 ], [ 68.8141609, 23.0585105 ], [ 68.8200215, 23.0564808 ], [ 68.832417, 23.0474322 ], [ 68.8485331, 23.0387489 ], [ 68.8501672, 23.0393676 ], [ 68.8520555, 23.0369163 ], [ 68.8587051, 23.0332148 ], [ 68.8605881, 23.0334452 ], [ 68.8621737, 23.0314542 ], [ 68.8670568, 23.0317074 ], [ 68.8676031, 23.0303394 ], [ 68.8645251, 23.0302264 ], [ 68.8688959, 23.0294319 ], [ 68.8702813, 23.0272196 ], [ 68.871691, 23.0329943 ], [ 68.8686177, 23.032186 ], [ 68.8689786, 23.0343352 ], [ 68.8624566, 23.0318064 ], [ 68.8607881, 23.0343121 ], [ 68.8557682, 23.0352958 ], [ 68.8554071, 23.0362981 ], [ 68.8566463, 23.0355263 ], [ 68.8571875, 23.0371607 ], [ 68.8559239, 23.0384338 ], [ 68.8542263, 23.0373861 ], [ 68.8526259, 23.0394582 ], [ 68.8399066, 23.0444676 ], [ 68.8403747, 23.0453075 ], [ 68.8418776, 23.0444184 ], [ 68.8420722, 23.0466579 ], [ 68.8367204, 23.0463677 ], [ 68.8359385, 23.0506973 ], [ 68.8380272, 23.0489415 ], [ 68.840974, 23.0488654 ], [ 68.839057, 23.0473163 ], [ 68.8448921, 23.0470286 ], [ 68.8470189, 23.0484376 ], [ 68.8432082, 23.050112 ], [ 68.8435098, 23.0538233 ], [ 68.8390758, 23.0502556 ], [ 68.8371189, 23.0520972 ], [ 68.8417864, 23.0585772 ], [ 68.8404836, 23.0589517 ], [ 68.8395911, 23.0574118 ], [ 68.838698, 23.0584952 ], [ 68.838923, 23.0560166 ], [ 68.8376449, 23.0551675 ], [ 68.8341951, 23.0566114 ], [ 68.8344206, 23.0527784 ], [ 68.8357571, 23.0538487 ], [ 68.8366453, 23.0531897 ], [ 68.8347677, 23.0505525 ], [ 68.8310336, 23.0563578 ], [ 68.8319356, 23.0581324 ], [ 68.8294329, 23.0571791 ], [ 68.8245763, 23.0624015 ], [ 68.8270128, 23.057526 ], [ 68.8250197, 23.0560227 ], [ 68.8233683, 23.0569832 ], [ 68.8237885, 23.0554121 ], [ 68.8212116, 23.0572352 ], [ 68.8222796, 23.0589513 ], [ 68.8215711, 23.061335 ], [ 68.8189321, 23.0598667 ], [ 68.817931, 23.0619025 ], [ 68.8207487, 23.0682199 ], [ 68.817638, 23.0627016 ], [ 68.8160375, 23.0627913 ], [ 68.8151531, 23.077031 ], [ 68.8109375, 23.075991 ], [ 68.8097183, 23.0742974 ], [ 68.8097731, 23.0718413 ], [ 68.8125708, 23.0681492 ], [ 68.8113912, 23.0654895 ], [ 68.8117395, 23.0613991 ], [ 68.8087921, 23.0620029 ], [ 68.8090691, 23.0644863 ], [ 68.8076793, 23.06277 ], [ 68.8058152, 23.063311 ], [ 68.8052726, 23.0652386 ], [ 68.8044827, 23.0640825 ], [ 68.803243, 23.0648721 ], [ 68.8096418, 23.0605946 ], [ 68.8114666, 23.0608391 ], [ 68.8117993, 23.0587805 ], [ 68.783422, 23.0736003 ], [ 68.7614252, 23.0787176 ], [ 68.7585885, 23.0803455 ], [ 68.7498575, 23.0880102 ], [ 68.7515199, 23.088625 ], [ 68.7569803, 23.0836132 ], [ 68.7600672, 23.0861572 ], [ 68.7561597, 23.0844342 ], [ 68.7579907, 23.0890002 ], [ 68.7635602, 23.0875548 ], [ 68.7623562, 23.0858383 ], [ 68.760931, 23.0861443 ], [ 68.761225, 23.0846366 ], [ 68.7637387, 23.084083 ], [ 68.7643609, 23.0811804 ], [ 68.763117, 23.0805835 ], [ 68.7694858, 23.0797255 ], [ 68.7651385, 23.0790228 ], [ 68.768482, 23.0779324 ], [ 68.7704966, 23.0789315 ], [ 68.7700343, 23.077342 ], [ 68.7784811, 23.0775504 ], [ 68.7772018, 23.0787372 ], [ 68.7732495, 23.0780754 ], [ 68.773824, 23.0798096 ], [ 68.7797713, 23.0817546 ], [ 68.7815368, 23.0832772 ], [ 68.7740382, 23.0805502 ], [ 68.7723368, 23.0783096 ], [ 68.7727158, 23.0804229 ], [ 68.7667184, 23.0866089 ], [ 68.760942, 23.0904606 ], [ 68.7609687, 23.0936165 ], [ 68.7618921, 23.0924071 ], [ 68.7637749, 23.0935869 ], [ 68.7618117, 23.0951792 ], [ 68.7601094, 23.0997697 ], [ 68.761139, 23.1000729 ], [ 68.7617223, 23.0970529 ], [ 68.7651346, 23.0960349 ], [ 68.7633372, 23.097659 ], [ 68.7630078, 23.1006838 ], [ 68.7611869, 23.1011294 ], [ 68.7644863, 23.1070824 ], [ 68.7668032, 23.1029077 ], [ 68.7681233, 23.1060826 ], [ 68.7662579, 23.1072777 ], [ 68.7667775, 23.1107004 ], [ 68.7682796, 23.1123493 ], [ 68.7686079, 23.1106655 ], [ 68.7707549, 23.1114434 ], [ 68.7688403, 23.113045 ], [ 68.7694199, 23.1146526 ], [ 68.7710798, 23.1142564 ], [ 68.7714199, 23.1163651 ], [ 68.7731866, 23.1167365 ], [ 68.7849074, 23.1152085 ], [ 68.7836449, 23.1200115 ], [ 68.7765325, 23.1203324 ], [ 68.7749926, 23.1228932 ], [ 68.7727632, 23.1214994 ], [ 68.7724985, 23.1231698 ], [ 68.7718065, 23.1215078 ], [ 68.7712833, 23.122722 ], [ 68.7699757, 23.1218091 ], [ 68.7700567, 23.124482 ], [ 68.7681138, 23.1245575 ], [ 68.7663726, 23.1225923 ], [ 68.7650311, 23.1237602 ], [ 68.7629764, 23.1211407 ], [ 68.7544322, 23.1230307 ], [ 68.7532608, 23.1174945 ], [ 68.7516119, 23.1164053 ], [ 68.7498744, 23.1170608 ], [ 68.7491971, 23.1135517 ], [ 68.747648, 23.1131731 ], [ 68.7469082, 23.1101622 ], [ 68.7458635, 23.1100185 ], [ 68.7441189, 23.1131758 ], [ 68.7399268, 23.113951 ], [ 68.742322, 23.117963 ], [ 68.73979, 23.1195089 ], [ 68.7404314, 23.1161675 ], [ 68.7394645, 23.1155632 ], [ 68.7332295, 23.1195316 ], [ 68.7342941, 23.1260865 ], [ 68.732455, 23.1276048 ], [ 68.7318891, 23.1341788 ], [ 68.7279596, 23.1346375 ], [ 68.7241349, 23.1317505 ], [ 68.7258652, 23.1345847 ], [ 68.7244119, 23.1364909 ], [ 68.7196477, 23.1373065 ], [ 68.7176135, 23.1395562 ], [ 68.7153772, 23.1391873 ], [ 68.7130548, 23.1413648 ], [ 68.7131927, 23.1430759 ], [ 68.715542, 23.1445915 ], [ 68.7124632, 23.1475008 ], [ 68.7122461, 23.1514289 ], [ 68.7100832, 23.1514436 ], [ 68.7060143, 23.1485066 ], [ 68.7021914, 23.1486892 ], [ 68.6987958, 23.1530658 ], [ 68.6950814, 23.1554197 ], [ 68.6930739, 23.1540029 ], [ 68.6897246, 23.1542843 ], [ 68.687966, 23.1524475 ], [ 68.682776, 23.1526933 ], [ 68.6764959, 23.1621181 ], [ 68.6779463, 23.1626864 ], [ 68.6794783, 23.1598145 ], [ 68.6823193, 23.1579127 ], [ 68.6804778, 23.1677557 ], [ 68.678808, 23.1684064 ], [ 68.6826005, 23.1758456 ], [ 68.6802167, 23.1739909 ], [ 68.6796655, 23.1753906 ], [ 68.6808721, 23.176519 ], [ 68.6795881, 23.1771741 ], [ 68.6807609, 23.1790157 ], [ 68.6767073, 23.1782496 ], [ 68.675634, 23.1810627 ], [ 68.6701012, 23.1820036 ], [ 68.6676808, 23.1873995 ], [ 68.6634033, 23.189956 ], [ 68.6621154, 23.1947194 ], [ 68.659552, 23.1976999 ], [ 68.6602706, 23.1996772 ], [ 68.6624542, 23.2008506 ], [ 68.6697112, 23.1981532 ], [ 68.6737177, 23.2018903 ], [ 68.6703396, 23.2074897 ], [ 68.6710737, 23.2111962 ], [ 68.669171, 23.2181993 ], [ 68.662034, 23.2179483 ], [ 68.6599278, 23.2146621 ], [ 68.6547004, 23.2115931 ], [ 68.6497328, 23.2121538 ], [ 68.6449462, 23.2145248 ], [ 68.6429285, 23.2130488 ], [ 68.6405351, 23.2131619 ], [ 68.6415269, 23.2148412 ], [ 68.6407748, 23.2160558 ], [ 68.6380437, 23.2111937 ], [ 68.632353, 23.2107787 ], [ 68.6281424, 23.2118669 ], [ 68.6260372, 23.2096366 ], [ 68.6230429, 23.2087969 ], [ 68.6231992, 23.205185 ], [ 68.6209866, 23.2057268 ], [ 68.6206299, 23.2096908 ], [ 68.6220121, 23.2126887 ], [ 68.6259346, 23.2132802 ], [ 68.6306095, 23.2174472 ], [ 68.6429292, 23.2180151 ], [ 68.6433155, 23.2200286 ], [ 68.6451181, 23.2206288 ], [ 68.6436822, 23.2224259 ], [ 68.6455438, 23.2252429 ], [ 68.6535178, 23.231147 ], [ 68.656278, 23.231309 ], [ 68.6581194, 23.2296201 ], [ 68.6595416, 23.2320804 ], [ 68.6680324, 23.231577 ], [ 68.6741495, 23.2332592 ], [ 68.6756235, 23.2294933 ], [ 68.6771817, 23.2290639 ], [ 68.6812284, 23.2329588 ], [ 68.6838467, 23.2323618 ], [ 68.6871651, 23.2348978 ], [ 68.6929301, 23.2350625 ], [ 68.6998121, 23.2406306 ], [ 68.7019957, 23.2400561 ], [ 68.7013954, 23.2413161 ], [ 68.7036628, 23.2420463 ], [ 68.7052288, 23.2462037 ], [ 68.7044645, 23.2500005 ], [ 68.7058884, 23.2541977 ], [ 68.7098734, 23.2583582 ], [ 68.7109408, 23.2617708 ], [ 68.7147393, 23.2641208 ], [ 68.7231077, 23.2610457 ], [ 68.7238631, 23.2584131 ], [ 68.7225026, 23.2556238 ], [ 68.7245203, 23.2551349 ], [ 68.7257107, 23.2591252 ], [ 68.7242964, 23.2627786 ], [ 68.7257734, 23.2644753 ], [ 68.7241723, 23.2667923 ], [ 68.7168362, 23.2650857 ], [ 68.714625, 23.2686493 ], [ 68.7117221, 23.2683168 ], [ 68.7108085, 23.2701479 ], [ 68.7073688, 23.2694931 ], [ 68.7055467, 23.270722 ], [ 68.7060961, 23.2740627 ], [ 68.7100656, 23.2759839 ], [ 68.7126244, 23.2805289 ], [ 68.7122203, 23.2826465 ], [ 68.7081619, 23.2797186 ], [ 68.7066425, 23.2804689 ], [ 68.7088828, 23.2835377 ], [ 68.7122175, 23.2852685 ], [ 68.7118661, 23.286719 ], [ 68.7083335, 23.2883327 ], [ 68.699309, 23.2841928 ], [ 68.7018185, 23.2881871 ], [ 68.7026275, 23.292548 ], [ 68.7096846, 23.2916143 ], [ 68.7139863, 23.2956319 ], [ 68.7134399, 23.3012738 ], [ 68.7116431, 23.3043178 ], [ 68.7129745, 23.3071839 ], [ 68.7076358, 23.3136114 ], [ 68.7087612, 23.315209 ], [ 68.7136945, 23.3164658 ], [ 68.7135146, 23.3179559 ], [ 68.6983967, 23.3134626 ], [ 68.692807, 23.308833 ], [ 68.6813992, 23.3118489 ], [ 68.6788246, 23.3156197 ], [ 68.6792516, 23.3199763 ], [ 68.6804411, 23.3234929 ], [ 68.6849852, 23.3288547 ], [ 68.6791683, 23.3311187 ], [ 68.672695, 23.3305069 ], [ 68.668261, 23.331488 ], [ 68.6651531, 23.3363512 ], [ 68.6696426, 23.340043 ], [ 68.6702794, 23.3431716 ], [ 68.6605065, 23.3474542 ], [ 68.6588777, 23.3455628 ], [ 68.6611607, 23.3438332 ], [ 68.6603084, 23.3381267 ], [ 68.6611977, 23.3364606 ], [ 68.6598623, 23.3341674 ], [ 68.6557407, 23.3338297 ], [ 68.6557838, 23.3300734 ], [ 68.6524247, 23.3283403 ], [ 68.6542481, 23.3274235 ], [ 68.6517789, 23.3260876 ], [ 68.6546818, 23.3214278 ], [ 68.653092, 23.3168863 ], [ 68.6567241, 23.316574 ], [ 68.6555256, 23.3132649 ], [ 68.6580868, 23.3119551 ], [ 68.6556028, 23.3091293 ], [ 68.6552886, 23.3034679 ], [ 68.6523362, 23.3031434 ], [ 68.6467066, 23.3111987 ], [ 68.6442298, 23.3212715 ], [ 68.6409642, 23.3215924 ], [ 68.6400258, 23.3231862 ], [ 68.6437905, 23.3259173 ], [ 68.6425106, 23.3322787 ], [ 68.6526218, 23.3355549 ], [ 68.6436988, 23.3334524 ], [ 68.6440021, 23.3350235 ], [ 68.6481583, 23.3369101 ], [ 68.6421297, 23.3354888 ], [ 68.6405509, 23.3394484 ], [ 68.6359647, 23.3388935 ], [ 68.6361506, 23.3409883 ], [ 68.6390012, 23.3411055 ], [ 68.6396371, 23.3430332 ], [ 68.6369577, 23.3435843 ], [ 68.6368602, 23.3470742 ], [ 68.633868, 23.3494266 ], [ 68.6291152, 23.3488986 ], [ 68.6329977, 23.3509391 ], [ 68.6325186, 23.3525373 ], [ 68.627355, 23.351603 ], [ 68.6304112, 23.3544652 ], [ 68.6258441, 23.354795 ], [ 68.62914, 23.3579055 ], [ 68.6251107, 23.3591652 ], [ 68.6262354, 23.3612555 ], [ 68.6258149, 23.3649035 ], [ 68.623497, 23.3663618 ], [ 68.6203867, 23.3656349 ], [ 68.6119409, 23.3691334 ], [ 68.6119798, 23.3717022 ], [ 68.6164497, 23.3714723 ], [ 68.6203767, 23.3740052 ], [ 68.617506, 23.373084 ], [ 68.6137303, 23.3754496 ], [ 68.6104878, 23.3749753 ], [ 68.610537, 23.3721085 ], [ 68.6095883, 23.3720046 ], [ 68.6068832, 23.376668 ], [ 68.6099106, 23.3767631 ], [ 68.6091425, 23.3790881 ], [ 68.6108884, 23.3800274 ], [ 68.6085649, 23.3828579 ], [ 68.5995015, 23.3860893 ], [ 68.5948587, 23.3915784 ], [ 68.5903192, 23.3931622 ], [ 68.5836796, 23.4001133 ], [ 68.5831994, 23.4029078 ], [ 68.5752995, 23.4026211 ], [ 68.5765702, 23.4055877 ], [ 68.5742663, 23.406918 ], [ 68.5703429, 23.4037862 ], [ 68.5658726, 23.4172144 ], [ 68.5628007, 23.418276 ], [ 68.5588453, 23.4162911 ], [ 68.5477219, 23.4170618 ], [ 68.5434882, 23.4202109 ], [ 68.5433063, 23.4219309 ], [ 68.5483784, 23.4232868 ], [ 68.5463619, 23.4255398 ], [ 68.5441611, 23.4239675 ], [ 68.5423503, 23.4250321 ], [ 68.5351917, 23.433904 ], [ 68.5351849, 23.4366941 ], [ 68.5333843, 23.4367112 ], [ 68.5306286, 23.4452017 ], [ 68.5319963, 23.4486066 ], [ 68.5362124, 23.4515978 ], [ 68.5415998, 23.4520205 ], [ 68.5392988, 23.4537303 ], [ 68.5420849, 23.4589057 ], [ 68.5432213, 23.4571772 ], [ 68.5460237, 23.4600002 ], [ 68.5438247, 23.4628569 ], [ 68.5462654, 23.4650613 ], [ 68.5437888, 23.4655025 ], [ 68.5407541, 23.4584716 ], [ 68.5341686, 23.4563506 ], [ 68.5336297, 23.4573118 ], [ 68.5355801, 23.4604778 ], [ 68.5322739, 23.4576045 ], [ 68.5292206, 23.45707 ], [ 68.5303831, 23.453179 ], [ 68.5321991, 23.4524893 ], [ 68.5307332, 23.4494592 ], [ 68.5287804, 23.4499139 ], [ 68.5213926, 23.4611779 ], [ 68.5208233, 23.4631279 ], [ 68.5221876, 23.464587 ], [ 68.5192168, 23.4647792 ], [ 68.51922, 23.4669598 ], [ 68.5211666, 23.4685593 ], [ 68.518184, 23.4711894 ], [ 68.5127745, 23.4845942 ], [ 68.5129778, 23.4873528 ], [ 68.5151658, 23.4873453 ], [ 68.5160383, 23.4858651 ], [ 68.5177069, 23.4864171 ], [ 68.5173954, 23.4903626 ], [ 68.5154107, 23.4931152 ], [ 68.5117919, 23.494756 ], [ 68.5136706, 23.4959583 ], [ 68.5121504, 23.4992348 ], [ 68.5129419, 23.5010398 ], [ 68.5045273, 23.4994712 ], [ 68.5024211, 23.5019304 ], [ 68.50501, 23.5028398 ], [ 68.502524, 23.50719 ], [ 68.5045599, 23.5133405 ], [ 68.5033434, 23.5105766 ], [ 68.5023624, 23.5125894 ], [ 68.5007331, 23.5116085 ], [ 68.5006534, 23.5130395 ], [ 68.494334, 23.5181179 ], [ 68.4949124, 23.5242664 ], [ 68.4902933, 23.5331367 ], [ 68.4896235, 23.5397963 ], [ 68.4835933, 23.548708 ], [ 68.4892433, 23.553056 ], [ 68.4924322, 23.5538662 ], [ 68.4948122, 23.5591962 ], [ 68.4928036, 23.5747732 ], [ 68.4904029, 23.5795334 ], [ 68.4920741, 23.5860151 ], [ 68.4951516, 23.5874213 ], [ 68.4976334, 23.5907105 ], [ 68.4945114, 23.5890742 ], [ 68.4936627, 23.5930522 ], [ 68.4950743, 23.5991819 ], [ 68.4975545, 23.6006111 ], [ 68.4939439, 23.6005417 ], [ 68.4929051, 23.6058336 ], [ 68.4953723, 23.6036511 ], [ 68.4964619, 23.6058625 ], [ 68.5011317, 23.6044927 ], [ 68.5062704, 23.6103927 ], [ 68.509121, 23.6113023 ], [ 68.5088827, 23.6094015 ], [ 68.5105512, 23.6118316 ], [ 68.5059315, 23.6113992 ], [ 68.5023517, 23.60955 ], [ 68.5022116, 23.612841 ], [ 68.5073005, 23.6145786 ], [ 68.5053602, 23.6147306 ], [ 68.5059111, 23.6177512 ], [ 68.5092931, 23.6162324 ], [ 68.5095743, 23.6140701 ], [ 68.5123807, 23.6152189 ], [ 68.5146808, 23.6183987 ], [ 68.5123537, 23.6181984 ], [ 68.5119511, 23.6191823 ], [ 68.5157122, 23.6214016 ], [ 68.5153524, 23.6239206 ], [ 68.5112336, 23.6216919 ], [ 68.507931, 23.6219785 ], [ 68.5106402, 23.639479 ], [ 68.5138314, 23.644059 ], [ 68.5119103, 23.6384099 ], [ 68.5146203, 23.6383081 ], [ 68.5169405, 23.6354293 ], [ 68.5290193, 23.6357983 ], [ 68.5293613, 23.6373381 ], [ 68.5260178, 23.6392862 ], [ 68.5296612, 23.6427286 ], [ 68.5283415, 23.6448496 ], [ 68.5290213, 23.6466695 ], [ 68.5325889, 23.646789 ], [ 68.5333714, 23.6492363 ], [ 68.527158, 23.6481085 ], [ 68.5245593, 23.6434072 ], [ 68.5218111, 23.6421187 ], [ 68.5221813, 23.6449496 ], [ 68.5206328, 23.6448492 ], [ 68.5200388, 23.6460994 ], [ 68.520732, 23.6495896 ], [ 68.5320698, 23.6532355 ], [ 68.5327471, 23.6519763 ], [ 68.5349909, 23.6530656 ], [ 68.5335074, 23.6509475 ], [ 68.5349096, 23.6502169 ], [ 68.5383189, 23.6526386 ], [ 68.5392288, 23.655366 ], [ 68.5393087, 23.6528694 ], [ 68.5429107, 23.653237 ], [ 68.5407075, 23.6575066 ], [ 68.5486174, 23.6582781 ], [ 68.5479885, 23.6609054 ], [ 68.5526184, 23.6641671 ], [ 68.5516079, 23.6655661 ], [ 68.5555858, 23.6697574 ], [ 68.5601845, 23.6776057 ], [ 68.5595367, 23.6791855 ], [ 68.5614767, 23.6817144 ], [ 68.560736, 23.6827164 ], [ 68.5625983, 23.6835568 ], [ 68.5614656, 23.6842742 ], [ 68.5623573, 23.6852045 ], [ 68.5610281, 23.6867164 ], [ 68.562317, 23.687683 ], [ 68.561537, 23.688694 ], [ 68.5628656, 23.6885455 ], [ 68.5646864, 23.6839866 ], [ 68.5679556, 23.6849448 ], [ 68.5681947, 23.6877259 ], [ 68.5648259, 23.6900045 ], [ 68.5610263, 23.6904725 ], [ 68.5571345, 23.6892248 ], [ 68.5576859, 23.6944439 ], [ 68.5525454, 23.6993444 ], [ 68.5506685, 23.697935 ], [ 68.5522771, 23.6969832 ], [ 68.5516658, 23.6943735 ], [ 68.5482894, 23.6918121 ], [ 68.5499657, 23.7010137 ], [ 68.5571893, 23.7166327 ], [ 68.560037, 23.7189138 ], [ 68.5671164, 23.7214627 ], [ 68.5733046, 23.7214423 ], [ 68.5691872, 23.7177028 ], [ 68.572737, 23.7181826 ], [ 68.573723, 23.717113 ], [ 68.5716146, 23.7169317 ], [ 68.5732431, 23.715474 ], [ 68.5695658, 23.7151432 ], [ 68.5720328, 23.7133834 ], [ 68.5712155, 23.7096044 ], [ 68.5774237, 23.7068119 ], [ 68.5797225, 23.7089344 ], [ 68.579625, 23.7072415 ], [ 68.5812427, 23.7078243 ], [ 68.5809936, 23.7050433 ], [ 68.5848615, 23.7067734 ], [ 68.5845927, 23.7040239 ], [ 68.5872357, 23.7026251 ], [ 68.5930102, 23.7065314 ], [ 68.5953245, 23.7060126 ], [ 68.5956623, 23.707972 ], [ 68.6004621, 23.7087944 ], [ 68.5964603, 23.7140216 ], [ 68.5923515, 23.7136913 ], [ 68.5930517, 23.7172309 ], [ 68.5955914, 23.7187031 ], [ 68.5952136, 23.719791 ], [ 68.5998813, 23.7214396 ], [ 68.5968211, 23.724053 ], [ 68.6025828, 23.7236206 ], [ 68.6055009, 23.7195714 ], [ 68.6072611, 23.7214902 ], [ 68.6101296, 23.721021 ], [ 68.6127679, 23.7179513 ], [ 68.6149399, 23.72029 ], [ 68.6167101, 23.7195226 ], [ 68.6189116, 23.7214007 ], [ 68.6202111, 23.7203624 ], [ 68.620927, 23.7226107 ], [ 68.622148, 23.7211525 ], [ 68.6231777, 23.7257709 ], [ 68.6251783, 23.7252291 ], [ 68.6321563, 23.7278202 ], [ 68.6311562, 23.7328089 ], [ 68.6286896, 23.7345109 ], [ 68.6216282, 23.7244391 ], [ 68.6156801, 23.72587 ], [ 68.6136791, 23.7286102 ], [ 68.6136494, 23.7318426 ], [ 68.6152822, 23.7359509 ], [ 68.6165082, 23.7345108 ], [ 68.618308, 23.7345922 ], [ 68.6175575, 23.7370797 ], [ 68.6184795, 23.7380187 ], [ 68.6284789, 23.7389894 ], [ 68.6300386, 23.7414994 ], [ 68.6349533, 23.7387588 ], [ 68.6383367, 23.7422392 ], [ 68.6379292, 23.7390384 ], [ 68.6408958, 23.7361804 ], [ 68.6406166, 23.7386409 ], [ 68.6420978, 23.7394308 ], [ 68.6467956, 23.7380216 ], [ 68.6460947, 23.7399404 ], [ 68.6488457, 23.7389016 ], [ 68.6457663, 23.7408117 ], [ 68.6484344, 23.7421296 ], [ 68.6481552, 23.7435787 ], [ 68.6461248, 23.7434797 ], [ 68.6439567, 23.7413582 ], [ 68.641956, 23.7427083 ], [ 68.6419269, 23.7452997 ], [ 68.644527, 23.7505291 ], [ 68.6389706, 23.7535635 ], [ 68.6352878, 23.7610173 ], [ 68.6359749, 23.7642948 ], [ 68.6409103, 23.7711925 ], [ 68.6434916, 23.7787044 ], [ 68.6517904, 23.7943819 ], [ 68.6567466, 23.7982092 ], [ 68.6607986, 23.7961678 ], [ 68.6725324, 23.8040423 ], [ 68.6790889, 23.7955664 ], [ 68.6814878, 23.794956 ], [ 68.6938541, 23.8181735 ], [ 68.7112431, 23.8301685 ], [ 68.7083087, 23.834273 ], [ 68.7000684, 23.8380839 ], [ 68.69271, 23.8444166 ], [ 68.6882348, 23.8464455 ], [ 68.6718601, 23.8434449 ], [ 68.6676484, 23.841514 ], [ 68.6583603, 23.8334535 ], [ 68.6554793, 23.8327904 ], [ 68.6354412, 23.8307031 ], [ 68.6220044, 23.8312408 ], [ 68.6026491, 23.8295238 ], [ 68.5808331, 23.820987 ], [ 68.574005, 23.8137437 ], [ 68.5717064, 23.8070615 ], [ 68.5575897, 23.7879056 ], [ 68.5553681, 23.7864916 ], [ 68.5550703, 23.7838099 ], [ 68.5517565, 23.7790139 ], [ 68.5306951, 23.7535995 ], [ 68.5270027, 23.7458212 ], [ 68.5232013, 23.7465593 ], [ 68.5231534, 23.7450197 ], [ 68.5210798, 23.7438898 ], [ 68.5193504, 23.7476492 ], [ 68.5115322, 23.7483299 ], [ 68.5087593, 23.7504878 ], [ 68.5057221, 23.7409218 ], [ 68.498606, 23.7381689 ], [ 68.4884243, 23.7316217 ], [ 68.4756279, 23.7350211 ], [ 68.472658, 23.73747 ], [ 68.4736981, 23.7379794 ], [ 68.4731791, 23.7390903 ], [ 68.4639566, 23.7422426 ], [ 68.4551576, 23.7409789 ], [ 68.4450713, 23.7350699 ], [ 68.4418108, 23.7362993 ], [ 68.4388632, 23.7356731 ], [ 68.4348435, 23.7389793 ], [ 68.4277155, 23.7371476 ], [ 68.4209768, 23.7332088 ], [ 68.4188495, 23.7270935 ], [ 68.419753, 23.7235719 ], [ 68.4190253, 23.7179018 ], [ 68.412725, 23.702974 ], [ 68.409066, 23.6791741 ], [ 68.4034975, 23.6577176 ], [ 68.4015451, 23.6261293 ], [ 68.3977061, 23.6132137 ], [ 68.3981852, 23.6076111 ], [ 68.3947057, 23.6010338 ], [ 68.3889292, 23.5956214 ], [ 68.3508724, 23.5849344 ], [ 68.3341512, 23.5786332 ], [ 68.3081142, 23.575595 ], [ 68.2909787, 23.5713657 ], [ 68.2818673, 23.5661281 ], [ 68.2780812, 23.5597286 ], [ 68.2726698, 23.5642911 ], [ 68.2693498, 23.5649283 ], [ 68.2656337, 23.5635172 ], [ 68.2663214, 23.5670165 ], [ 68.2596117, 23.5668583 ], [ 68.2541725, 23.5699061 ], [ 68.2441531, 23.5705755 ], [ 68.2463149, 23.5725558 ], [ 68.2295585, 23.5779856 ], [ 68.231737, 23.5765078 ], [ 68.2299147, 23.5762969 ], [ 68.2297077, 23.574595 ], [ 68.223619, 23.5739038 ], [ 68.2222875, 23.5750469 ], [ 68.224605, 23.5760476 ], [ 68.2227685, 23.5763558 ], [ 68.224557, 23.5772756 ], [ 68.2215494, 23.577106 ], [ 68.222109, 23.5786858 ], [ 68.2201151, 23.5781362 ], [ 68.2199252, 23.5797165 ], [ 68.2152589, 23.5821075 ], [ 68.2090878, 23.5833255 ], [ 68.19924, 23.5794254 ], [ 68.1936908, 23.5801549 ], [ 68.1874515, 23.5822569 ], [ 68.1840003, 23.5870031 ], [ 68.1853709, 23.5955532 ], [ 68.1895805, 23.5887255 ], [ 68.19221, 23.5866972 ], [ 68.2015994, 23.5853068 ], [ 68.2038288, 23.586344 ], [ 68.2072812, 23.5846673 ], [ 68.2076691, 23.5861569 ], [ 68.1951207, 23.5887366 ], [ 68.1888612, 23.6003238 ], [ 68.186531, 23.6037648 ], [ 68.1850222, 23.6039325 ], [ 68.1838629, 23.6078742 ], [ 68.1810317, 23.6093832 ], [ 68.1805017, 23.6070447 ], [ 68.1800432, 23.6119253 ], [ 68.1778639, 23.614093 ], [ 68.1776553, 23.6191946 ], [ 68.1775119, 23.6278626 ], [ 68.182392, 23.6384792 ], [ 68.185951, 23.6412227 ], [ 68.1863205, 23.6452811 ], [ 68.1900022, 23.6480922 ], [ 68.1964333, 23.6503421 ], [ 68.2084698, 23.6506701 ], [ 68.2056281, 23.6518589 ], [ 68.1957923, 23.6522385 ], [ 68.1872516, 23.6554385 ], [ 68.182571, 23.6550386 ], [ 68.1880716, 23.6585894 ], [ 68.2017703, 23.6586689 ], [ 68.2047468, 23.6620066 ], [ 68.2066594, 23.6688888 ], [ 68.2057019, 23.6803379 ], [ 68.2016321, 23.6901987 ], [ 68.1984825, 23.6946064 ], [ 68.1968203, 23.7029772 ], [ 68.1917825, 23.707345 ], [ 68.1897626, 23.7172238 ], [ 68.1816545, 23.7216332 ], [ 68.1846431, 23.7373336 ], [ 68.2026391, 23.7666719 ], [ 68.2034526, 23.7896683 ], [ 68.1985404, 23.8132364 ], [ 68.1980824, 23.8360754 ], [ 68.1995317, 23.8470945 ], [ 68.2039219, 23.8588434 ], [ 68.2061334, 23.8706926 ], [ 68.20865, 23.8754631 ], [ 68.2168927, 23.8824918 ], [ 68.2231003, 23.8849934 ], [ 68.2308384, 23.8857331 ], [ 68.2521652, 23.8968981 ], [ 68.2579978, 23.9030196 ], [ 68.2714349, 23.9246577 ], [ 68.2757437, 23.9287687 ], [ 68.2829908, 23.9317256 ], [ 68.2891838, 23.9319774 ], [ 68.3189362, 23.9220998 ], [ 68.3240981, 23.9212889 ], [ 68.328655, 23.9223468 ], [ 68.3347089, 23.9271291 ], [ 68.3383161, 23.9363981 ], [ 68.3356973, 23.956297 ], [ 68.3390348, 23.9669518 ], [ 68.3423451, 23.9707536 ], [ 68.3503668, 23.9760053 ], [ 68.3689329, 23.9847739 ], [ 68.3786024, 23.9844624 ], [ 68.3832992, 23.9777132 ], [ 68.3858089, 23.9695149 ], [ 68.3896602, 23.9665938 ], [ 68.3973788, 23.9704751 ], [ 68.753026, 23.9713104 ], [ 68.7625175, 24.1143105 ], [ 68.7656357, 24.2078214 ], [ 68.769345, 24.2643874 ], [ 68.7682863, 24.2824074 ], [ 68.7657061, 24.2877053 ], [ 68.7647043, 24.2958437 ], [ 68.8082298, 24.3136004 ], [ 68.8204123, 24.3123412 ], [ 68.8263117, 24.3173629 ], [ 68.8307076, 24.3118614 ], [ 68.8433851, 24.2779358 ], [ 68.8438769, 24.2600776 ], [ 68.8476676, 24.2392496 ], [ 68.8574037, 24.2143097 ], [ 68.8648215, 24.2127801 ], [ 68.8749216, 24.2123289 ], [ 68.8802918, 24.2165676 ], [ 68.8899027, 24.2378877 ], [ 68.8927995, 24.2514662 ], [ 68.8974988, 24.2636856 ], [ 68.9067503, 24.279786 ], [ 68.9452838, 24.3024928 ], [ 68.9629404, 24.2792759 ], [ 68.9673425, 24.2717255 ], [ 68.9732427, 24.2601743 ], [ 68.9847413, 24.2276097 ], [ 68.9936285, 24.2243076 ], [ 69.0053284, 24.2231197 ], [ 69.0161459, 24.2256692 ], [ 69.0308328, 24.235389 ], [ 69.0339018, 24.2395485 ], [ 69.0828688, 24.2651065 ], [ 69.0878952, 24.2693151 ], [ 69.0936659, 24.2713251 ], [ 69.0947535, 24.2744943 ], [ 69.1937535, 24.2361144 ], [ 69.3127396, 24.2816019 ], [ 69.3668532, 24.2701433 ], [ 69.3762783, 24.2694935 ], [ 69.4049774, 24.2712011 ], [ 69.4459924, 24.2803285 ], [ 69.4697373, 24.2711199 ], [ 69.482878, 24.268389 ], [ 69.4940061, 24.2677801 ], [ 69.510704, 24.2697115 ], [ 69.5283598, 24.273362 ], [ 69.544159, 24.2784993 ], [ 69.5636788, 24.2814876 ], [ 69.594446, 24.2923985 ], [ 69.731214, 24.1710566 ], [ 70.0250573, 24.1712849 ], [ 70.0386639, 24.1764619 ], [ 70.0510468, 24.1896003 ], [ 70.0668101, 24.1991592 ], [ 70.1098684, 24.2949747 ], [ 70.1393667, 24.3029015 ], [ 70.1659107, 24.3034833 ], [ 70.1990565, 24.3144806 ], [ 70.2141989, 24.321212 ], [ 70.2312162, 24.3235934 ], [ 70.2506506, 24.3244196 ], [ 70.2546935, 24.3261608 ], [ 70.2594924, 24.3310488 ], [ 70.2658604, 24.3336807 ], [ 70.305218, 24.3468307 ], [ 70.3255854, 24.3518764 ], [ 70.3455909, 24.351579 ], [ 70.3541988, 24.3541082 ], [ 70.3630883, 24.3506468 ], [ 70.3684592, 24.350769 ], [ 70.3764171, 24.3555269 ], [ 70.3909146, 24.3598776 ], [ 70.3983668, 24.3671173 ], [ 70.411675, 24.3756147 ], [ 70.4387012, 24.3833157 ], [ 70.4760953, 24.3897863 ], [ 70.4933631, 24.3969737 ], [ 70.5153308, 24.4040633 ], [ 70.5347601, 24.4078949 ], [ 70.5474457, 24.413382 ], [ 70.5485953, 24.4118613 ], [ 70.5496783, 24.4144033 ], [ 70.5577655, 24.4198014 ], [ 70.5731217, 24.4223623 ], [ 70.6024685, 24.4081227 ], [ 70.5989787, 24.4059644 ], [ 70.5804533, 24.3632745 ], [ 70.5635638, 24.3562582 ], [ 70.562042, 24.3544565 ], [ 70.5627143, 24.3499471 ], [ 70.5817736, 24.3044686 ], [ 70.5794419, 24.2952906 ], [ 70.5845313, 24.2903625 ], [ 70.5848207, 24.2779846 ], [ 70.5744007, 24.2641455 ], [ 70.5712298, 24.2517349 ], [ 70.5819594, 24.2479372 ], [ 70.5827781, 24.2439151 ], [ 70.5856227, 24.2473602 ], [ 70.6435039, 24.2248918 ], [ 70.6669432, 24.2195828 ], [ 70.698422, 24.2202658 ], [ 70.6964564, 24.2174273 ], [ 70.7005377, 24.2186622 ], [ 70.7138996, 24.2156529 ], [ 70.740202, 24.2190387 ], [ 70.7580935, 24.2185548 ], [ 70.7749462, 24.2203273 ], [ 70.8054597, 24.2208541 ], [ 70.826545, 24.2268254 ], [ 70.836192, 24.2314867 ], [ 70.8522332, 24.2450732 ], [ 70.8766086, 24.2457473 ], [ 70.8844913, 24.2504824 ], [ 70.9072578, 24.2587792 ], [ 70.9092033, 24.262831 ], [ 70.8828512, 24.2728193 ], [ 70.8757487, 24.2802316 ], [ 70.8745051, 24.2944903 ], [ 70.8771511, 24.2979995 ], [ 70.8826341, 24.2998088 ], [ 70.8786659, 24.3013965 ], [ 70.9171914, 24.320606 ], [ 70.9186565, 24.3229174 ], [ 70.9247692, 24.3258832 ], [ 70.923658, 24.3277337 ], [ 70.9476798, 24.3480517 ], [ 70.9553674, 24.3486103 ], [ 70.9865425, 24.3647089 ], [ 71.0035473, 24.3509559 ], [ 71.0202049, 24.3473659 ], [ 71.0399249, 24.3532736 ], [ 71.0421337, 24.3512524 ], [ 71.0420532, 24.3538751 ], [ 71.0468315, 24.3562339 ], [ 71.0494827, 24.3559735 ], [ 71.0572704, 24.3614843 ], [ 71.0666806, 24.3768904 ], [ 71.0818892, 24.3929116 ], [ 71.0843188, 24.3944516 ], [ 71.1080472, 24.3967084 ], [ 71.1182357, 24.4015303 ], [ 71.1218439, 24.4056608 ], [ 71.1255265, 24.4200789 ], [ 71.1030673, 24.4356964 ], [ 71.0675608, 24.4369153 ], [ 71.043895, 24.434169 ], [ 71.0375359, 24.4319355 ], [ 71.0102096, 24.4442546 ], [ 71.0042515, 24.4456946 ], [ 70.9985652, 24.4444268 ], [ 70.9963661, 24.4658978 ], [ 70.9986382, 24.4724722 ], [ 70.9960364, 24.4750159 ], [ 70.9978345, 24.4771932 ], [ 70.9999998, 24.4863392 ], [ 71.0052098, 24.5230207 ], [ 71.0030321, 24.5300204 ], [ 70.9951811, 24.5378892 ], [ 70.9873547, 24.5434205 ], [ 70.9924618, 24.5638471 ], [ 70.9894308, 24.5848261 ], [ 70.9862612, 24.5954636 ], [ 70.9988224, 24.6218426 ], [ 71.0071302, 24.6286099 ], [ 71.0094598, 24.6354233 ], [ 71.0491973, 24.6483899 ], [ 71.0637935, 24.6557181 ], [ 71.0663259, 24.659109 ], [ 71.0747317, 24.6619197 ], [ 71.0854326, 24.6719258 ], [ 71.0964895, 24.6887247 ], [ 71.1133974, 24.6752571 ], [ 71.2878234, 24.616229 ], [ 71.2911456, 24.6176212 ], [ 71.2986966, 24.6240712 ], [ 71.298004, 24.6261202 ], [ 71.3045457, 24.6286602 ], [ 71.3043741, 24.6352776 ], [ 71.3135045, 24.6476499 ], [ 71.3481685, 24.6609354 ], [ 71.358639, 24.6307517 ], [ 71.3671281, 24.6292989 ], [ 71.3693356, 24.6264191 ], [ 71.3732663, 24.6277011 ], [ 71.3778045, 24.6259676 ], [ 71.3812861, 24.62887 ], [ 71.3816863, 24.6326301 ], [ 71.382995, 24.6336592 ], [ 71.3879628, 24.6311987 ], [ 71.3911628, 24.6312887 ], [ 71.3962303, 24.6350301 ], [ 71.3983846, 24.6407806 ], [ 71.4225772, 24.64783 ], [ 71.4290069, 24.656919 ], [ 71.4477239, 24.6683855 ], [ 71.4504856, 24.6689167 ], [ 71.4619937, 24.666518 ], [ 71.4723151, 24.6756569 ], [ 71.4791703, 24.679647 ], [ 71.4913625, 24.6792633 ], [ 71.4999998, 24.6804348 ], [ 71.5026351, 24.6821405 ], [ 71.5137547, 24.6789157 ], [ 71.5213444, 24.6831732 ], [ 71.528902, 24.6847039 ], [ 71.5418321, 24.6757558 ], [ 71.5570268, 24.6777449 ], [ 71.572996, 24.6834162 ], [ 71.5777001, 24.6814044 ], [ 71.5845311, 24.6700538 ], [ 71.5893143, 24.6674054 ], [ 71.6075995, 24.6765536 ], [ 71.6110975, 24.6729924 ], [ 71.616823, 24.6708667 ], [ 71.6192634, 24.6674046 ], [ 71.6241538, 24.6697249 ], [ 71.6268608, 24.6671157 ], [ 71.6247416, 24.6638566 ], [ 71.6273695, 24.6642673 ], [ 71.6275868, 24.661067 ], [ 71.6288809, 24.6599249 ], [ 71.6387548, 24.659536 ], [ 71.6399442, 24.6512843 ], [ 71.643919, 24.643926 ], [ 71.647238, 24.6445756 ], [ 71.655366, 24.6391889 ], [ 71.6627065, 24.6444189 ], [ 71.6644792, 24.6434388 ], [ 71.6774499, 24.6463057 ], [ 71.6835358, 24.6488854 ], [ 71.6904286, 24.6542044 ], [ 71.6971016, 24.6544451 ], [ 71.7063575, 24.6612971 ], [ 71.7355588, 24.6600458 ], [ 71.7477446, 24.6650739 ], [ 71.7624291, 24.668626 ], [ 71.7726931, 24.6758691 ], [ 71.7802719, 24.6749125 ], [ 71.7915288, 24.6773386 ], [ 71.8029635, 24.6716477 ], [ 71.8103856, 24.6560643 ], [ 71.8101355, 24.6524801 ], [ 71.8025313, 24.6311254 ], [ 71.8058996, 24.6267509 ], [ 71.8085783, 24.6240366 ], [ 71.8160433, 24.6203157 ], [ 71.8212727, 24.6201687 ], [ 71.8308412, 24.6233856 ], [ 71.8378341, 24.621302 ], [ 71.8521673, 24.6093626 ], [ 71.8556248, 24.6220726 ], [ 71.8653916, 24.6307132 ], [ 71.8574924, 24.6522038 ], [ 71.8577673, 24.6661656 ], [ 71.8613529, 24.6723004 ], [ 71.8663321, 24.6757449 ], [ 71.8717513, 24.6817667 ], [ 71.8765534, 24.6816402 ], [ 71.8799768, 24.6789137 ], [ 71.8850305, 24.6775458 ], [ 71.886453, 24.6735327 ], [ 71.8882312, 24.6721421 ], [ 71.8995249, 24.6767404 ], [ 71.9074984, 24.6775604 ], [ 71.9186119, 24.6721136 ], [ 71.9201725, 24.6709169 ], [ 71.9203181, 24.6641639 ], [ 71.9170073, 24.6602874 ], [ 71.9116425, 24.658569 ], [ 71.9154428, 24.649513 ], [ 71.925503, 24.6360402 ], [ 71.9360119, 24.6353952 ], [ 71.9386448, 24.6365045 ], [ 71.9398731, 24.6338046 ], [ 71.9428717, 24.6357578 ], [ 71.9461836, 24.6410873 ], [ 71.9552785, 24.6452445 ], [ 71.9642529, 24.6458306 ], [ 71.9774392, 24.6569175 ], [ 71.9813915, 24.657971 ], [ 71.9882478, 24.6575303 ], [ 71.982753, 24.6730015 ], [ 71.9838462, 24.6859468 ], [ 71.9938349, 24.6950618 ], [ 71.9951571, 24.6931694 ], [ 72.0010989, 24.6948825 ], [ 72.0014263, 24.6884052 ], [ 72.0059254, 24.6904311 ], [ 72.0125014, 24.6905806 ], [ 72.0178288, 24.6947778 ], [ 72.0284645, 24.6973308 ], [ 72.0349434, 24.7024492 ], [ 72.0425762, 24.7043719 ], [ 72.0485316, 24.7105591 ], [ 72.0597628, 24.7120584 ] ], [ [ 74.1721449, 22.4187498 ], [ 74.1606774, 22.4136324 ], [ 74.1581086, 22.4142832 ], [ 74.1573698, 22.411642 ], [ 74.1650361, 22.4058742 ], [ 74.1651452, 22.3972544 ], [ 74.1791552, 22.3879938 ], [ 74.1796636, 22.3968437 ], [ 74.1767266, 22.3986508 ], [ 74.1754458, 22.4015635 ], [ 74.176365, 22.4055412 ], [ 74.1747539, 22.4081426 ], [ 74.1752334, 22.4180625 ], [ 74.1721449, 22.4187498 ] ], [ [ 72.9790977, 20.3322357 ], [ 72.9611183, 20.3324226 ], [ 72.9593474, 20.3255903 ], [ 72.9570481, 20.3237172 ], [ 72.9557426, 20.3180769 ], [ 72.9527718, 20.3140136 ], [ 72.9552977, 20.3105076 ], [ 72.9644859, 20.3046358 ], [ 72.9684118, 20.2979266 ], [ 72.9708381, 20.2968594 ], [ 72.9735727, 20.3055608 ], [ 72.9728568, 20.3086505 ], [ 72.9823862, 20.318314 ], [ 72.9825602, 20.3203598 ], [ 72.9794581, 20.3274255 ], [ 72.9790977, 20.3322357 ] ] ] ] } }
]
}
