{
"type": "FeatureCollection",
"name": "27",
"crs": { "type": "name", "properties": { "name": "urn:ogc:def:crs:OGC:1.3:CRS84" } },
"features": [
{ "type": "Feature", "properties": { "code": "27", "name": "MAHARASHTRA", "type": "state" }, "geometry": { "type": "MultiPolygon", "coordinates": [ [ [ [ 73.2854824, 16.9895057 ], [ 73.2855428, 16.9893246 ], [ 73.2854262, 16.9893532 ], [ 73.2854824, 16.9895057 ] ] ], [ [ [ 73.1197641, 17.7661638 ], [ 73.1194752, 17.7655204 ], [ 73.1201689, 17.7665502 ], [ 73.1197641, 17.7661638 ] ] ], [ [ [ 73.1012721, 17.8047131 ], [ 73.1013622, 17.8040565 ], [ 73.1011168, 17.8046387 ], [ 73.1012721, 17.8047131 ] ] ], [ [ [ 74.4436858, 22.0224077 ], [ 74.4396273, 22.0220933 ], [ 74.4387364, 22.0208424 ], [ 74.4438678, 22.016632 ], [ 74.4436278, 22.0111727 ], [ 74.4480142, 22.0091884 ], [ 74.4491552, 22.0059595 ], [ 74.4514166, 22.0059042 ], [ 74.4521904, 22.0042285 ], [ 74.4474093, 22.0006318 ], [ 74.445361, 22.0004974 ], [ 74.4423407, 22.0031807 ], [ 74.4379758, 22.0000656 ], [ 74.4323306, 21.9994035 ], [ 74.43309, 21.997642 ], [ 74.4381497, 21.9973376 ], [ 74.4397803, 21.9947225 ], [ 74.4388151, 21.9908937 ], [ 74.4414631, 21.9900393 ], [ 74.4388327, 21.9871731 ], [ 74.4393896, 21.976724 ], [ 74.4446904, 21.9754799 ], [ 74.4445088, 21.9703864 ], [ 74.4472526, 21.9685521 ], [ 74.4499515, 21.9638502 ], [ 74.4533777, 21.9619384 ], [ 74.4610937, 21.9614469 ], [ 74.4638462, 21.9660693 ], [ 74.4676023, 21.9655841 ], [ 74.469719, 21.9670957 ], [ 74.4713722, 21.9636356 ], [ 74.4687178, 21.9610769 ], [ 74.4690991, 21.9596362 ], [ 74.4738441, 21.9610422 ], [ 74.4815878, 21.9591727 ], [ 74.4824291, 21.9579528 ], [ 74.4811349, 21.955398 ], [ 74.4820348, 21.9547517 ], [ 74.4887304, 21.9561694 ], [ 74.4904738, 21.9512328 ], [ 74.484492, 21.9474125 ], [ 74.4846709, 21.9458135 ], [ 74.4890784, 21.9434129 ], [ 74.4931566, 21.946607 ], [ 74.4952185, 21.9468087 ], [ 74.4971164, 21.9417408 ], [ 74.5000001, 21.9393038 ], [ 74.5083891, 21.9373395 ], [ 74.5125605, 21.9318922 ], [ 74.5111875, 21.9239034 ], [ 74.5092255, 21.9206372 ], [ 74.5126557, 21.9156001 ], [ 74.5168123, 21.9158151 ], [ 74.5242104, 21.910582 ], [ 74.5243488, 21.9064953 ], [ 74.5223629, 21.9024392 ], [ 74.5227959, 21.899089 ], [ 74.5136385, 21.889966 ], [ 74.5138869, 21.8626604 ], [ 74.5100051, 21.829274 ], [ 74.5066061, 21.816375 ], [ 74.500212, 21.8065174 ], [ 74.4997363, 21.7923941 ], [ 74.4982107, 21.7900887 ], [ 74.5016406, 21.7815244 ], [ 74.5097166, 21.7728239 ], [ 74.5139522, 21.7656878 ], [ 74.5116315, 21.7598474 ], [ 74.513089, 21.7565836 ], [ 74.5101524, 21.7534289 ], [ 74.5089686, 21.7500009 ], [ 74.5120447, 21.7452133 ], [ 74.5100173, 21.7359818 ], [ 74.5110666, 21.7353052 ], [ 74.5077201, 21.7316813 ], [ 74.508785, 21.7296637 ], [ 74.5080182, 21.727536 ], [ 74.5055882, 21.7263061 ], [ 74.5138583, 21.7186082 ], [ 74.5332335, 21.7168861 ], [ 74.5473673, 21.7196027 ], [ 74.5560007, 21.7043208 ], [ 74.5573903, 21.7040258 ], [ 74.5553762, 21.6969917 ], [ 74.5565668, 21.6928198 ], [ 74.5549007, 21.6908591 ], [ 74.5575598, 21.6874014 ], [ 74.5541591, 21.6857293 ], [ 74.554203, 21.6813997 ], [ 74.5623843, 21.6811535 ], [ 74.5623834, 21.6834339 ], [ 74.5798685, 21.6833268 ], [ 74.5838573, 21.6732983 ], [ 74.5820816, 21.6649891 ], [ 74.6175113, 21.6604698 ], [ 74.6224049, 21.6567941 ], [ 74.66413, 21.6525267 ], [ 74.6648819, 21.6472972 ], [ 74.6683648, 21.6482763 ], [ 74.6710351, 21.6455209 ], [ 74.6748271, 21.6464998 ], [ 74.677469, 21.6454287 ], [ 74.6754545, 21.6447249 ], [ 74.6839633, 21.6395021 ], [ 74.6855303, 21.633202 ], [ 74.6874614, 21.6315891 ], [ 74.6931805, 21.6328062 ], [ 74.6998875, 21.630112 ], [ 74.700746, 21.6275784 ], [ 74.7341228, 21.6207229 ], [ 74.7753554, 21.6154861 ], [ 74.7828739, 21.6106903 ], [ 74.7898821, 21.6127565 ], [ 74.7980828, 21.6099196 ], [ 74.7996256, 21.6143457 ], [ 74.8021747, 21.6153987 ], [ 74.8032243, 21.6140896 ], [ 74.8068687, 21.6146283 ], [ 74.808106, 21.6122309 ], [ 74.8123208, 21.6138444 ], [ 74.8128533, 21.6107783 ], [ 74.8195873, 21.6086979 ], [ 74.8264893, 21.6114055 ], [ 74.8288583, 21.6097933 ], [ 74.8305984, 21.611709 ], [ 74.8299219, 21.6132397 ], [ 74.8313253, 21.6182932 ], [ 74.8342808, 21.6176662 ], [ 74.8393363, 21.6188142 ], [ 74.838104, 21.6221059 ], [ 74.8451152, 21.6240128 ], [ 74.8499, 21.6238874 ], [ 74.8566803, 21.6265972 ], [ 74.8627638, 21.634455 ], [ 74.8653773, 21.6285576 ], [ 74.867903, 21.6284765 ], [ 74.8679751, 21.6310098 ], [ 74.8718117, 21.6318208 ], [ 74.8719887, 21.6298223 ], [ 74.8754712, 21.6307436 ], [ 74.8780309, 21.6285173 ], [ 74.8786724, 21.6297604 ], [ 74.8840187, 21.6310594 ], [ 74.8858862, 21.6294117 ], [ 74.8859428, 21.6312766 ], [ 74.8873346, 21.6315926 ], [ 74.8890723, 21.6311942 ], [ 74.8901123, 21.6292902 ], [ 74.8913911, 21.6306479 ], [ 74.8934379, 21.6289433 ], [ 74.9016833, 21.629238 ], [ 74.9103349, 21.6145743 ], [ 74.9353392, 21.6059779 ], [ 74.9655839, 21.598682 ], [ 74.9708906, 21.5962709 ], [ 74.9792285, 21.5952376 ], [ 74.9990623, 21.5856458 ], [ 75.0153406, 21.5752295 ], [ 75.0150212, 21.5696774 ], [ 75.0496897, 21.5660987 ], [ 75.0533154, 21.5648245 ], [ 75.0859609, 21.5187971 ], [ 75.0866489, 21.5158499 ], [ 75.0892083, 21.5167619 ], [ 75.0886148, 21.5097763 ], [ 75.0897835, 21.5034595 ], [ 75.0885293, 21.5009293 ], [ 75.09745, 21.4881897 ], [ 75.101949, 21.4742816 ], [ 75.1046756, 21.4691926 ], [ 75.1077536, 21.4666731 ], [ 75.1071648, 21.4626949 ], [ 75.1258301, 21.4492612 ], [ 75.1436863, 21.4416555 ], [ 75.1671357, 21.4337031 ], [ 75.1701207, 21.4315711 ], [ 75.1799931, 21.4305521 ], [ 75.2069249, 21.4127169 ], [ 75.2189154, 21.4083395 ], [ 75.2211868, 21.4084918 ], [ 75.2287042, 21.4142582 ], [ 75.2346507, 21.4145797 ], [ 75.2414046, 21.4115497 ], [ 75.2434321, 21.4081072 ], [ 75.2490721, 21.403479 ], [ 75.2548405, 21.4018892 ], [ 75.2642155, 21.4074049 ], [ 75.2721006, 21.4065203 ], [ 75.2801727, 21.4072341 ], [ 75.2835525, 21.4083918 ], [ 75.2873698, 21.4118846 ], [ 75.2953257, 21.4135732 ], [ 75.3011004, 21.409936 ], [ 75.2985779, 21.4012239 ], [ 75.3001259, 21.391696 ], [ 75.2962403, 21.3902311 ], [ 75.2987402, 21.3855673 ], [ 75.3078547, 21.3927877 ], [ 75.3154076, 21.3879269 ], [ 75.3319353, 21.3913551 ], [ 75.3516034, 21.3908261 ], [ 75.3543759, 21.3931564 ], [ 75.3556285, 21.4001473 ], [ 75.3571619, 21.4008653 ], [ 75.3659722, 21.3964901 ], [ 75.3704423, 21.3920919 ], [ 75.3754086, 21.3904935 ], [ 75.3759103, 21.3866055 ], [ 75.3824384, 21.3795424 ], [ 75.3901816, 21.380874 ], [ 75.3979248, 21.3798752 ], [ 75.4077861, 21.3873789 ], [ 75.4138088, 21.3885516 ], [ 75.4203998, 21.3878231 ], [ 75.4261291, 21.3910051 ], [ 75.431176, 21.3867088 ], [ 75.4401527, 21.3844612 ], [ 75.4465681, 21.3897647 ], [ 75.4493313, 21.3904091 ], [ 75.4575458, 21.3874519 ], [ 75.4679435, 21.3904451 ], [ 75.4757473, 21.3865751 ], [ 75.4941553, 21.3856056 ], [ 75.4975466, 21.3875132 ], [ 75.5120107, 21.3820934 ], [ 75.5148997, 21.3848911 ], [ 75.5200544, 21.3870164 ], [ 75.522237, 21.3855866 ], [ 75.5255123, 21.3800473 ], [ 75.5308577, 21.3786976 ], [ 75.5321687, 21.3755893 ], [ 75.535024, 21.3735723 ], [ 75.5413767, 21.3734119 ], [ 75.5412034, 21.3693398 ], [ 75.5437243, 21.368528 ], [ 75.5464474, 21.3688088 ], [ 75.5461713, 21.3724174 ], [ 75.5524213, 21.3753035 ], [ 75.5559261, 21.3790329 ], [ 75.5582745, 21.378519 ], [ 75.5563959, 21.3746121 ], [ 75.557168, 21.3732216 ], [ 75.5621471, 21.3762897 ], [ 75.5657735, 21.3741416 ], [ 75.5789539, 21.3764849 ], [ 75.5799668, 21.3774474 ], [ 75.5792523, 21.3785401 ], [ 75.5722518, 21.3790444 ], [ 75.5712404, 21.3814636 ], [ 75.5815549, 21.3846388 ], [ 75.5873373, 21.389231 ], [ 75.5916945, 21.3862375 ], [ 75.5965305, 21.3877086 ], [ 75.5992067, 21.3856517 ], [ 75.6036369, 21.3912341 ], [ 75.6069396, 21.3918441 ], [ 75.6072946, 21.388946 ], [ 75.6105112, 21.3907041 ], [ 75.6163182, 21.3880922 ], [ 75.6166659, 21.3817655 ], [ 75.6198047, 21.3789702 ], [ 75.6200217, 21.3759626 ], [ 75.6235171, 21.3770828 ], [ 75.6230255, 21.3750235 ], [ 75.6364084, 21.3774218 ], [ 75.6382094, 21.376935 ], [ 75.6387088, 21.3751266 ], [ 75.6412736, 21.3748759 ], [ 75.6466067, 21.3787387 ], [ 75.6481686, 21.3769863 ], [ 75.6577331, 21.3787724 ], [ 75.6592236, 21.3764064 ], [ 75.6658482, 21.3774481 ], [ 75.6700903, 21.3745793 ], [ 75.6719417, 21.3748588 ], [ 75.6737457, 21.3770848 ], [ 75.684802, 21.3802468 ], [ 75.6876147, 21.384084 ], [ 75.6922292, 21.3848726 ], [ 75.6927977, 21.3836938 ], [ 75.6951224, 21.3855623 ], [ 75.6979238, 21.3853446 ], [ 75.7032387, 21.3880741 ], [ 75.7094913, 21.3861926 ], [ 75.7157557, 21.3879775 ], [ 75.7161738, 21.3856018 ], [ 75.7184727, 21.3844064 ], [ 75.7284709, 21.3886836 ], [ 75.7325346, 21.3871141 ], [ 75.7365613, 21.3882676 ], [ 75.751187, 21.3845673 ], [ 75.755136, 21.3793806 ], [ 75.7738217, 21.3820483 ], [ 75.776994, 21.3844695 ], [ 75.7864624, 21.3841327 ], [ 75.7878325, 21.3828147 ], [ 75.7900011, 21.384488 ], [ 75.7988681, 21.3845316 ], [ 75.8009276, 21.3833494 ], [ 75.8027349, 21.3845694 ], [ 75.8130409, 21.3790596 ], [ 75.8146173, 21.3798776 ], [ 75.8182144, 21.3786235 ], [ 75.8307259, 21.3782073 ], [ 75.8307121, 21.3769609 ], [ 75.8333637, 21.3766365 ], [ 75.834173, 21.3795719 ], [ 75.8413943, 21.384541 ], [ 75.8433186, 21.3819537 ], [ 75.8479424, 21.3813448 ], [ 75.8493792, 21.3828942 ], [ 75.853159, 21.3833778 ], [ 75.8557051, 21.3823167 ], [ 75.8560378, 21.3801989 ], [ 75.8624601, 21.3799242 ], [ 75.8625612, 21.3821596 ], [ 75.8641474, 21.3811031 ], [ 75.8697787, 21.3864049 ], [ 75.8703524, 21.3912279 ], [ 75.8750488, 21.3928761 ], [ 75.8830628, 21.3929525 ], [ 75.8856136, 21.3947091 ], [ 75.8900303, 21.3947088 ], [ 75.8941865, 21.3912944 ], [ 75.903237, 21.3917041 ], [ 75.9057915, 21.3871245 ], [ 75.9106581, 21.3825745 ], [ 75.9290067, 21.3865904 ], [ 75.9388294, 21.3869391 ], [ 75.9417074, 21.3858407 ], [ 75.9522205, 21.3895843 ], [ 75.9630597, 21.3897099 ], [ 75.9866156, 21.3687728 ], [ 76.0304991, 21.3653313 ], [ 76.0489762, 21.3497204 ], [ 76.0965993, 21.3717695 ], [ 76.116678, 21.3349532 ], [ 76.1189406, 21.3259749 ], [ 76.1214661, 21.3233693 ], [ 76.1258953, 21.2985185 ], [ 76.1297404, 21.2867046 ], [ 76.1429279, 21.2862342 ], [ 76.1466307, 21.267872 ], [ 76.1484811, 21.269055 ], [ 76.1511593, 21.2679934 ], [ 76.1519296, 21.2644617 ], [ 76.1539964, 21.2651343 ], [ 76.1542937, 21.2577012 ], [ 76.1555944, 21.2570235 ], [ 76.1557972, 21.2589652 ], [ 76.1571845, 21.2596108 ], [ 76.1593611, 21.255975 ], [ 76.1584504, 21.2549006 ], [ 76.1594137, 21.2535907 ], [ 76.1573272, 21.2513872 ], [ 76.1538685, 21.2519344 ], [ 76.1550015, 21.249671 ], [ 76.1534071, 21.2498519 ], [ 76.1522556, 21.2484566 ], [ 76.1535846, 21.2462166 ], [ 76.1506077, 21.2463977 ], [ 76.1514261, 21.2435254 ], [ 76.1453954, 21.2436527 ], [ 76.1415607, 21.2409887 ], [ 76.140703, 21.2380083 ], [ 76.1420362, 21.2281635 ], [ 76.1468573, 21.2277475 ], [ 76.1656591, 21.2216159 ], [ 76.1586352, 21.2135881 ], [ 76.1632632, 21.2131309 ], [ 76.1633434, 21.2065061 ], [ 76.169705, 21.2066491 ], [ 76.1697047, 21.2054279 ], [ 76.1719247, 21.2053027 ], [ 76.1716145, 21.1989579 ], [ 76.1662887, 21.1997224 ], [ 76.1652075, 21.1904695 ], [ 76.1730606, 21.1885708 ], [ 76.176396, 21.1839952 ], [ 76.171464, 21.1795394 ], [ 76.1716862, 21.1665604 ], [ 76.1678985, 21.1665996 ], [ 76.1662884, 21.1695055 ], [ 76.133864, 21.1694116 ], [ 76.1333348, 21.1759553 ], [ 76.1292607, 21.1758218 ], [ 76.1294445, 21.1748942 ], [ 76.1269312, 21.175129 ], [ 76.1270563, 21.1736163 ], [ 76.1237871, 21.1718234 ], [ 76.1228292, 21.173124 ], [ 76.1188811, 21.1715884 ], [ 76.1137972, 21.1661555 ], [ 76.1115825, 21.1667695 ], [ 76.1114098, 21.1611471 ], [ 76.1136488, 21.1553036 ], [ 76.1165615, 21.1538 ], [ 76.1200564, 21.1554665 ], [ 76.128375, 21.1526485 ], [ 76.1329963, 21.1482273 ], [ 76.1347048, 21.1426636 ], [ 76.1424684, 21.1351528 ], [ 76.1410094, 21.1297068 ], [ 76.1371494, 21.1318883 ], [ 76.1353779, 21.1306647 ], [ 76.1354068, 21.1292149 ], [ 76.1316291, 21.1328011 ], [ 76.1323214, 21.1274403 ], [ 76.1379281, 21.1198531 ], [ 76.1493817, 21.1124457 ], [ 76.1538182, 21.1080509 ], [ 76.1586166, 21.1094003 ], [ 76.163481, 21.1048833 ], [ 76.1708871, 21.1039331 ], [ 76.1704365, 21.0938806 ], [ 76.1738517, 21.0896752 ], [ 76.1684275, 21.0856711 ], [ 76.1674008, 21.0794844 ], [ 76.1806427, 21.0803115 ], [ 76.1858941, 21.0848799 ], [ 76.1924775, 21.0866974 ], [ 76.2046317, 21.085387 ], [ 76.2118072, 21.0873841 ], [ 76.2246583, 21.084979 ], [ 76.2305791, 21.0883264 ], [ 76.2449733, 21.0904393 ], [ 76.2552706, 21.0895408 ], [ 76.260385, 21.090583 ], [ 76.2726327, 21.0887393 ], [ 76.2801316, 21.0706885 ], [ 76.299847, 21.0738415 ], [ 76.3385848, 21.0715197 ], [ 76.351416, 21.0769863 ], [ 76.3663077, 21.0760617 ], [ 76.3709559, 21.0727336 ], [ 76.3747665, 21.0725531 ], [ 76.3842356, 21.076292 ], [ 76.3824313, 21.0796204 ], [ 76.3903328, 21.0857664 ], [ 76.4042152, 21.0874444 ], [ 76.4079401, 21.0894126 ], [ 76.4131944, 21.0884224 ], [ 76.4126195, 21.0977348 ], [ 76.4106957, 21.1024363 ], [ 76.4301715, 21.1024129 ], [ 76.4330864, 21.1007118 ], [ 76.4378272, 21.1004683 ], [ 76.4410493, 21.1062026 ], [ 76.45556, 21.1080703 ], [ 76.4553664, 21.1150885 ], [ 76.4517648, 21.1212498 ], [ 76.4564162, 21.125014 ], [ 76.4581439, 21.1332773 ], [ 76.4694459, 21.1336643 ], [ 76.4743914, 21.1369763 ], [ 76.468231, 21.1383525 ], [ 76.4665537, 21.1426572 ], [ 76.4763083, 21.145429 ], [ 76.4787261, 21.1473919 ], [ 76.480657, 21.1821637 ], [ 76.4859368, 21.1857596 ], [ 76.4905932, 21.1921511 ], [ 76.4933731, 21.1939444 ], [ 76.4979034, 21.1912802 ], [ 76.4989453, 21.1916543 ], [ 76.4987758, 21.1937526 ], [ 76.5025961, 21.1932117 ], [ 76.5009558, 21.18977 ], [ 76.5025376, 21.1874564 ], [ 76.5072023, 21.1887229 ], [ 76.5083311, 21.1930265 ], [ 76.5109227, 21.1898487 ], [ 76.5302567, 21.1819324 ], [ 76.5357816, 21.1862302 ], [ 76.5517696, 21.1920723 ], [ 76.5606943, 21.198624 ], [ 76.5672624, 21.1993944 ], [ 76.5771259, 21.1958569 ], [ 76.5995521, 21.1907497 ], [ 76.6060286, 21.1903442 ], [ 76.6138773, 21.1932168 ], [ 76.6234887, 21.1850389 ], [ 76.6372181, 21.2027139 ], [ 76.6342714, 21.2136786 ], [ 76.6348112, 21.2191024 ], [ 76.6418303, 21.2371338 ], [ 76.6496821, 21.2446818 ], [ 76.6616426, 21.2407073 ], [ 76.6628991, 21.2759649 ], [ 76.6626924, 21.2806788 ], [ 76.6548172, 21.2897626 ], [ 76.6527463, 21.2944595 ], [ 76.6473842, 21.3016451 ], [ 76.6456252, 21.3010806 ], [ 76.6217473, 21.3322914 ], [ 76.6563402, 21.3585121 ], [ 76.6642377, 21.3632702 ], [ 76.6828231, 21.3784063 ], [ 76.7142019, 21.3963568 ], [ 76.7261952, 21.4047356 ], [ 76.7395088, 21.4105572 ], [ 76.7409477, 21.4128822 ], [ 76.7395764, 21.4141289 ], [ 76.7405387, 21.4175734 ], [ 76.7379267, 21.4222037 ], [ 76.7407941, 21.4258862 ], [ 76.7410192, 21.4281803 ], [ 76.7403021, 21.4295325 ], [ 76.7383865, 21.429687 ], [ 76.7444281, 21.4398653 ], [ 76.7549562, 21.4455708 ], [ 76.7585229, 21.4502984 ], [ 76.7618107, 21.4523042 ], [ 76.78128, 21.4593434 ], [ 76.7840199, 21.4623735 ], [ 76.7860317, 21.4658237 ], [ 76.7878477, 21.4774916 ], [ 76.7917965, 21.48002 ], [ 76.7937698, 21.4796458 ], [ 76.7956092, 21.4895828 ], [ 76.7877537, 21.4975089 ], [ 76.7877599, 21.5011413 ], [ 76.7842121, 21.5012824 ], [ 76.780729, 21.5055917 ], [ 76.7728974, 21.5057152 ], [ 76.7634437, 21.5207674 ], [ 76.7688101, 21.5265728 ], [ 76.7813681, 21.5293047 ], [ 76.7893265, 21.5363785 ], [ 76.7891039, 21.5406679 ], [ 76.7844178, 21.5458496 ], [ 76.7817438, 21.5515752 ], [ 76.7814125, 21.5647209 ], [ 76.7840035, 21.5740936 ], [ 76.7910518, 21.5815839 ], [ 76.7936159, 21.5918055 ], [ 76.7952621, 21.5939108 ], [ 76.8006475, 21.5949473 ], [ 76.8273773, 21.5882913 ], [ 76.8329054, 21.5889541 ], [ 76.839405, 21.5933138 ], [ 76.8422077, 21.6036113 ], [ 76.8447111, 21.6074991 ], [ 76.8499011, 21.6121143 ], [ 76.8544866, 21.613315 ], [ 76.868651, 21.6087619 ], [ 76.8856939, 21.6000842 ], [ 76.8972203, 21.5961043 ], [ 76.901617, 21.5968439 ], [ 76.9086326, 21.6027468 ], [ 76.9099528, 21.608316 ], [ 76.9131067, 21.6119372 ], [ 76.9283614, 21.6242986 ], [ 76.9423058, 21.6320914 ], [ 76.9532329, 21.6421343 ], [ 76.9723723, 21.6513457 ], [ 76.9764078, 21.6573781 ], [ 76.9900971, 21.6649048 ], [ 76.9964883, 21.6723746 ], [ 77.0065643, 21.6791399 ], [ 77.0150129, 21.6822826 ], [ 77.0262376, 21.6901925 ], [ 77.0365609, 21.6943604 ], [ 77.0436277, 21.699772 ], [ 77.062465, 21.7071762 ], [ 77.0699244, 21.7173503 ], [ 77.0732187, 21.719454 ], [ 77.079218, 21.7199386 ], [ 77.0865384, 21.7144229 ], [ 77.1079609, 21.7182932 ], [ 77.1173032, 21.7214888 ], [ 77.1295735, 21.7222429 ], [ 77.1391876, 21.7198084 ], [ 77.1477152, 21.712523 ], [ 77.1651228, 21.7107378 ], [ 77.1696372, 21.7142857 ], [ 77.1696017, 21.7222463 ], [ 77.1721019, 21.7248502 ], [ 77.1760337, 21.7257547 ], [ 77.1810585, 21.7231442 ], [ 77.1866628, 21.7228559 ], [ 77.1914526, 21.7207516 ], [ 77.1913013, 21.7126121 ], [ 77.1881318, 21.7017108 ], [ 77.1988853, 21.6977826 ], [ 77.2031281, 21.6927725 ], [ 77.2104244, 21.6896451 ], [ 77.2128766, 21.6950062 ], [ 77.218832, 21.6939456 ], [ 77.2207758, 21.6965124 ], [ 77.2246731, 21.6972998 ], [ 77.2277492, 21.6995283 ], [ 77.2269109, 21.7167926 ], [ 77.2308158, 21.7163933 ], [ 77.2323, 21.7149846 ], [ 77.2355404, 21.7163461 ], [ 77.2420456, 21.7150652 ], [ 77.2443839, 21.7164323 ], [ 77.2514661, 21.7127974 ], [ 77.2618824, 21.7122929 ], [ 77.2675615, 21.7250448 ], [ 77.2718764, 21.728143 ], [ 77.2792593, 21.7240629 ], [ 77.287217, 21.7219218 ], [ 77.2911365, 21.7328486 ], [ 77.284218, 21.7369036 ], [ 77.2872946, 21.7447186 ], [ 77.2802594, 21.749083 ], [ 77.2797307, 21.7542159 ], [ 77.2804672, 21.7585796 ], [ 77.2898879, 21.7603449 ], [ 77.2993568, 21.7559602 ], [ 77.3157947, 21.7565714 ], [ 77.3244255, 21.7527429 ], [ 77.3456841, 21.7577785 ], [ 77.3590302, 21.7541486 ], [ 77.373045, 21.7537243 ], [ 77.375697, 21.7549166 ], [ 77.381244, 21.7530906 ], [ 77.4041741, 21.7524234 ], [ 77.4170708, 21.7534768 ], [ 77.4294599, 21.7577118 ], [ 77.456293, 21.7602136 ], [ 77.4604825, 21.763419 ], [ 77.4790941, 21.7699869 ], [ 77.4833664, 21.7659481 ], [ 77.4821718, 21.7638455 ], [ 77.4779539, 21.7628302 ], [ 77.479742, 21.7594357 ], [ 77.4794672, 21.7541467 ], [ 77.4905065, 21.7469842 ], [ 77.4949523, 21.7483063 ], [ 77.5025862, 21.7459281 ], [ 77.5022468, 21.7433455 ], [ 77.504539, 21.7394414 ], [ 77.5086017, 21.7382071 ], [ 77.5119274, 21.7322653 ], [ 77.5197064, 21.7252365 ], [ 77.5255515, 21.7243148 ], [ 77.5230983, 21.7197203 ], [ 77.5240213, 21.7126178 ], [ 77.5270234, 21.7109127 ], [ 77.5332232, 21.7113497 ], [ 77.5421033, 21.7061388 ], [ 77.5476736, 21.6940199 ], [ 77.5509708, 21.6807814 ], [ 77.5538629, 21.6789609 ], [ 77.5610976, 21.6673012 ], [ 77.5610272, 21.6600608 ], [ 77.5641661, 21.6418847 ], [ 77.5725008, 21.6287037 ], [ 77.575517, 21.6206392 ], [ 77.5726784, 21.6159759 ], [ 77.5754473, 21.5814394 ], [ 77.5769642, 21.5772852 ], [ 77.5746442, 21.5722767 ], [ 77.5741248, 21.5646862 ], [ 77.5771148, 21.5551706 ], [ 77.5821373, 21.5537776 ], [ 77.5952923, 21.5594315 ], [ 77.6087379, 21.5481866 ], [ 77.6114816, 21.5388206 ], [ 77.6078398, 21.5371033 ], [ 77.5967684, 21.527113 ], [ 77.5889957, 21.5277898 ], [ 77.5752276, 21.5264585 ], [ 77.5471436, 21.5367177 ], [ 77.5372246, 21.536519 ], [ 77.521298, 21.5409705 ], [ 77.5178179, 21.5422667 ], [ 77.5138886, 21.5464621 ], [ 77.5051888, 21.5516725 ], [ 77.4957825, 21.5513868 ], [ 77.4926463, 21.5499952 ], [ 77.4739653, 21.5495247 ], [ 77.4661944, 21.5532905 ], [ 77.4548862, 21.5538426 ], [ 77.454116, 21.5495801 ], [ 77.4563216, 21.5462324 ], [ 77.450091, 21.5416767 ], [ 77.4458016, 21.5434121 ], [ 77.4439492, 21.5426319 ], [ 77.4400486, 21.5447817 ], [ 77.4255574, 21.5377404 ], [ 77.4225223, 21.5325623 ], [ 77.4223058, 21.5174799 ], [ 77.4294383, 21.5047076 ], [ 77.4353908, 21.4995788 ], [ 77.4433216, 21.4872524 ], [ 77.4421934, 21.4806167 ], [ 77.4387406, 21.4786494 ], [ 77.4414724, 21.4750488 ], [ 77.4421873, 21.4699108 ], [ 77.4560633, 21.4663417 ], [ 77.4598185, 21.4666182 ], [ 77.4659055, 21.4598238 ], [ 77.4735981, 21.4544465 ], [ 77.4717134, 21.4502944 ], [ 77.4743467, 21.44659 ], [ 77.4716533, 21.4361254 ], [ 77.4765637, 21.4317893 ], [ 77.4795543, 21.4202531 ], [ 77.4875094, 21.4062179 ], [ 77.4869439, 21.3858975 ], [ 77.4898655, 21.3779603 ], [ 77.4880575, 21.3743587 ], [ 77.4924249, 21.3742517 ], [ 77.502213, 21.3771908 ], [ 77.5145238, 21.3759396 ], [ 77.5167052, 21.3840195 ], [ 77.5185363, 21.3839215 ], [ 77.5232889, 21.3889354 ], [ 77.5253922, 21.395654 ], [ 77.5247309, 21.4029318 ], [ 77.5278586, 21.4056255 ], [ 77.5292416, 21.4152997 ], [ 77.5317192, 21.4191461 ], [ 77.5359101, 21.4177007 ], [ 77.5426939, 21.4111452 ], [ 77.5482948, 21.411309 ], [ 77.5476555, 21.4053211 ], [ 77.5534445, 21.4034017 ], [ 77.5614613, 21.3964566 ], [ 77.5632423, 21.3931528 ], [ 77.5625198, 21.3904078 ], [ 77.5596725, 21.3905521 ], [ 77.5567758, 21.3836376 ], [ 77.5628097, 21.3753415 ], [ 77.5634965, 21.3693096 ], [ 77.5711359, 21.3686696 ], [ 77.5716299, 21.3703042 ], [ 77.5734263, 21.3709254 ], [ 77.5852765, 21.3667853 ], [ 77.5871111, 21.3628396 ], [ 77.5918237, 21.3650406 ], [ 77.5948195, 21.3630335 ], [ 77.6051259, 21.3624435 ], [ 77.6078482, 21.3649373 ], [ 77.6082605, 21.3704939 ], [ 77.6061667, 21.3735705 ], [ 77.603432, 21.3898387 ], [ 77.6049656, 21.3907346 ], [ 77.6138965, 21.3920483 ], [ 77.6172566, 21.3871248 ], [ 77.6215671, 21.3867799 ], [ 77.6326533, 21.3888092 ], [ 77.6388536, 21.3886252 ], [ 77.6432597, 21.3869155 ], [ 77.6493597, 21.3920655 ], [ 77.6531271, 21.3914565 ], [ 77.6559247, 21.3861385 ], [ 77.6596522, 21.3863173 ], [ 77.6664836, 21.3840482 ], [ 77.6643806, 21.3745079 ], [ 77.6699085, 21.3689235 ], [ 77.6786606, 21.376905 ], [ 77.6919915, 21.397565 ], [ 77.695509, 21.3962123 ], [ 77.6970761, 21.3927146 ], [ 77.6951746, 21.3787568 ], [ 77.6974071, 21.3743009 ], [ 77.7005996, 21.3736711 ], [ 77.7046985, 21.3769982 ], [ 77.7073929, 21.3750475 ], [ 77.7062866, 21.371952 ], [ 77.7067645, 21.3681985 ], [ 77.7099885, 21.3574472 ], [ 77.7232904, 21.3616704 ], [ 77.7371076, 21.3622023 ], [ 77.7383845, 21.36477 ], [ 77.7405694, 21.3654217 ], [ 77.7460486, 21.3784916 ], [ 77.7500412, 21.3828275 ], [ 77.761223, 21.3851735 ], [ 77.7638826, 21.3814001 ], [ 77.7967675, 21.3890106 ], [ 77.7982804, 21.4049085 ], [ 77.8021451, 21.4094909 ], [ 77.8082954, 21.4080355 ], [ 77.8122926, 21.4093105 ], [ 77.8155269, 21.4074344 ], [ 77.8226193, 21.4073315 ], [ 77.8297267, 21.4026788 ], [ 77.8343291, 21.4019666 ], [ 77.8426239, 21.3972044 ], [ 77.84728, 21.3925002 ], [ 77.8563735, 21.3901859 ], [ 77.8567962, 21.3885168 ], [ 77.8675766, 21.3878645 ], [ 77.8838461, 21.3841714 ], [ 77.8847238, 21.383234 ], [ 77.883274, 21.3760383 ], [ 77.8884278, 21.3781041 ], [ 77.9070045, 21.3778449 ], [ 77.9120875, 21.3811327 ], [ 77.9275864, 21.3859933 ], [ 77.9411888, 21.3857716 ], [ 77.9405098, 21.3903674 ], [ 77.9425938, 21.3966086 ], [ 77.9651187, 21.4022051 ], [ 77.9847308, 21.4031921 ], [ 77.9895354, 21.405337 ], [ 78.001274, 21.4146912 ], [ 78.0090956, 21.4151096 ], [ 78.0142435, 21.4185585 ], [ 78.021318, 21.4191229 ], [ 78.0300889, 21.422139 ], [ 78.0402947, 21.4284454 ], [ 78.0462698, 21.4339822 ], [ 78.0660555, 21.4379667 ], [ 78.0831815, 21.4460236 ], [ 78.0987277, 21.4586471 ], [ 78.1133501, 21.4634586 ], [ 78.1181272, 21.466973 ], [ 78.1258675, 21.4698391 ], [ 78.1365511, 21.4781569 ], [ 78.1762142, 21.499755 ], [ 78.1744742, 21.5079798 ], [ 78.1773028, 21.5078042 ], [ 78.1826289, 21.5117504 ], [ 78.1712507, 21.5255846 ], [ 78.1755023, 21.5281013 ], [ 78.1728613, 21.5387548 ], [ 78.1742063, 21.5472564 ], [ 78.1767367, 21.5521026 ], [ 78.1818867, 21.5573431 ], [ 78.1911491, 21.5565578 ], [ 78.20547, 21.5529749 ], [ 78.223279, 21.5531573 ], [ 78.231915, 21.5567532 ], [ 78.2395768, 21.5630691 ], [ 78.2480492, 21.5623232 ], [ 78.2701272, 21.5692707 ], [ 78.2738559, 21.5692548 ], [ 78.2732654, 21.571209 ], [ 78.2652579, 21.5753449 ], [ 78.2602963, 21.5796586 ], [ 78.2613722, 21.5867355 ], [ 78.2643972, 21.5912736 ], [ 78.2664754, 21.5917326 ], [ 78.2718211, 21.5906617 ], [ 78.2752248, 21.5918164 ], [ 78.2811463, 21.5852395 ], [ 78.286774, 21.5851221 ], [ 78.2912097, 21.5832333 ], [ 78.3029716, 21.5837419 ], [ 78.3039517, 21.5704525 ], [ 78.3068845, 21.5696397 ], [ 78.3081659, 21.5715068 ], [ 78.313863, 21.5727466 ], [ 78.3203119, 21.5720463 ], [ 78.3266055, 21.575004 ], [ 78.3427498, 21.5890555 ], [ 78.3454203, 21.5817573 ], [ 78.3481257, 21.580933 ], [ 78.3489355, 21.5786321 ], [ 78.3554197, 21.5733217 ], [ 78.3630617, 21.5752038 ], [ 78.3734709, 21.5801958 ], [ 78.3778013, 21.5837297 ], [ 78.3816154, 21.5920375 ], [ 78.3805422, 21.5961532 ], [ 78.3781256, 21.5980844 ], [ 78.3779202, 21.6032442 ], [ 78.3730195, 21.6099766 ], [ 78.3726373, 21.6134451 ], [ 78.3868987, 21.6147939 ], [ 78.3921334, 21.6140077 ], [ 78.3928523, 21.6093383 ], [ 78.3950927, 21.6076085 ], [ 78.406919, 21.6087853 ], [ 78.4126598, 21.6055328 ], [ 78.4165699, 21.6011064 ], [ 78.4271875, 21.5992068 ], [ 78.4215933, 21.5910396 ], [ 78.4190599, 21.5798502 ], [ 78.4187144, 21.5707872 ], [ 78.4253618, 21.5699273 ], [ 78.4253892, 21.5652716 ], [ 78.4278877, 21.5594274 ], [ 78.4264069, 21.549272 ], [ 78.424238, 21.5444363 ], [ 78.4293917, 21.5406685 ], [ 78.4346404, 21.5340872 ], [ 78.4339877, 21.5312199 ], [ 78.4297922, 21.527672 ], [ 78.4307516, 21.5248854 ], [ 78.4384607, 21.5178471 ], [ 78.4370459, 21.5159465 ], [ 78.4320506, 21.51444 ], [ 78.4344378, 21.5104878 ], [ 78.43391, 21.5061981 ], [ 78.4365007, 21.4995042 ], [ 78.4395506, 21.5023024 ], [ 78.4444967, 21.5017153 ], [ 78.4483122, 21.499804 ], [ 78.4496546, 21.4955182 ], [ 78.4529969, 21.4968288 ], [ 78.4570933, 21.4960678 ], [ 78.4606828, 21.5034783 ], [ 78.463651, 21.5038344 ], [ 78.4696633, 21.5008739 ], [ 78.475225, 21.500968 ], [ 78.4757038, 21.5057085 ], [ 78.486852, 21.5055327 ], [ 78.4869011, 21.507191 ], [ 78.4950337, 21.5172494 ], [ 78.5006718, 21.5171808 ], [ 78.5047207, 21.5267932 ], [ 78.509258, 21.5260243 ], [ 78.5116449, 21.5286901 ], [ 78.5307606, 21.5232605 ], [ 78.5406684, 21.5237173 ], [ 78.5497347, 21.5182756 ], [ 78.5507092, 21.5190076 ], [ 78.555975, 21.5176168 ], [ 78.5565309, 21.515551 ], [ 78.5600162, 21.5132764 ], [ 78.5701452, 21.5142554 ], [ 78.5670198, 21.5097025 ], [ 78.5678514, 21.5057921 ], [ 78.5731512, 21.5015625 ], [ 78.5717198, 21.4988987 ], [ 78.5763626, 21.4978704 ], [ 78.5784344, 21.4947699 ], [ 78.5824905, 21.4923008 ], [ 78.5818975, 21.4899518 ], [ 78.5841566, 21.4900069 ], [ 78.5853352, 21.4867217 ], [ 78.5947514, 21.488477 ], [ 78.6009792, 21.485401 ], [ 78.6030127, 21.4880854 ], [ 78.6087732, 21.4890602 ], [ 78.6191841, 21.4815712 ], [ 78.6199701, 21.4782561 ], [ 78.628684, 21.4756802 ], [ 78.6434278, 21.4855173 ], [ 78.6593061, 21.4813803 ], [ 78.6671221, 21.4770857 ], [ 78.6709363, 21.4800935 ], [ 78.6889102, 21.4819708 ], [ 78.6901364, 21.4801954 ], [ 78.6884944, 21.4779448 ], [ 78.6933483, 21.4790902 ], [ 78.7016681, 21.4763157 ], [ 78.699841, 21.4738056 ], [ 78.7073751, 21.4739103 ], [ 78.7075581, 21.4706347 ], [ 78.7116262, 21.469875 ], [ 78.7284659, 21.462293 ], [ 78.7309957, 21.4638067 ], [ 78.7334265, 21.469693 ], [ 78.7410538, 21.4709911 ], [ 78.7455883, 21.4701869 ], [ 78.7449501, 21.4810065 ], [ 78.7508485, 21.4929839 ], [ 78.7566282, 21.490238 ], [ 78.7668733, 21.4890351 ], [ 78.7665981, 21.4828031 ], [ 78.7688069, 21.4774985 ], [ 78.771596, 21.476719 ], [ 78.7718987, 21.471675 ], [ 78.7761629, 21.4652922 ], [ 78.7787702, 21.4693581 ], [ 78.7787949, 21.4758608 ], [ 78.7801486, 21.4788736 ], [ 78.7865551, 21.4793357 ], [ 78.7869791, 21.4808914 ], [ 78.7886919, 21.4808923 ], [ 78.7899818, 21.4863931 ], [ 78.7959941, 21.4855381 ], [ 78.7998573, 21.4883939 ], [ 78.8002569, 21.4901552 ], [ 78.8024527, 21.4894021 ], [ 78.8151563, 21.4906399 ], [ 78.8155725, 21.4876957 ], [ 78.8197897, 21.4872592 ], [ 78.8242423, 21.4895185 ], [ 78.8297523, 21.4901703 ], [ 78.8410484, 21.4870028 ], [ 78.8442521, 21.4873558 ], [ 78.8484396, 21.4900344 ], [ 78.8519089, 21.4897187 ], [ 78.8561931, 21.4928397 ], [ 78.8558648, 21.4946189 ], [ 78.8633101, 21.4927003 ], [ 78.8680339, 21.4940779 ], [ 78.8676335, 21.4913097 ], [ 78.8715177, 21.4896887 ], [ 78.8814137, 21.4864101 ], [ 78.8908366, 21.4852625 ], [ 78.8951808, 21.4982765 ], [ 78.8992586, 21.5004616 ], [ 78.917406, 21.4922432 ], [ 78.9194402, 21.489304 ], [ 78.9230626, 21.4874465 ], [ 78.9366924, 21.4857667 ], [ 78.9392384, 21.4935418 ], [ 78.9402533, 21.5078659 ], [ 78.9412972, 21.511302 ], [ 78.9446663, 21.5126601 ], [ 78.9443927, 21.5158752 ], [ 78.9354304, 21.5228347 ], [ 78.9318002, 21.5236652 ], [ 78.9274272, 21.5222487 ], [ 78.9273622, 21.5288958 ], [ 78.925931, 21.5326869 ], [ 78.9298712, 21.5403606 ], [ 78.9255454, 21.5408214 ], [ 78.918598, 21.5471286 ], [ 78.9125502, 21.548861 ], [ 78.9133764, 21.5507831 ], [ 78.9067975, 21.5532591 ], [ 78.9127404, 21.5552989 ], [ 78.9181677, 21.5611411 ], [ 78.9279185, 21.5595758 ], [ 78.9318633, 21.5617601 ], [ 78.9319416, 21.5645192 ], [ 78.9227612, 21.5686858 ], [ 78.9184007, 21.5686296 ], [ 78.9137507, 21.5709854 ], [ 78.9152904, 21.5772359 ], [ 78.9150504, 21.5829891 ], [ 78.9165188, 21.5849305 ], [ 78.9162975, 21.5875948 ], [ 78.9143521, 21.5889862 ], [ 78.9157094, 21.588662 ], [ 78.9167619, 21.5909183 ], [ 78.9274941, 21.59025 ], [ 78.9299682, 21.5928381 ], [ 78.9439318, 21.5921466 ], [ 78.9474243, 21.5967166 ], [ 78.9520032, 21.5971684 ], [ 78.9651205, 21.6048889 ], [ 78.9699327, 21.6105175 ], [ 78.9742592, 21.6127978 ], [ 78.9755219, 21.6176379 ], [ 78.987145, 21.615965 ], [ 78.995956, 21.6169569 ], [ 78.9980123, 21.6185735 ], [ 79.0028122, 21.609265 ], [ 79.0029115, 21.6064227 ], [ 79.0082289, 21.603701 ], [ 79.012369, 21.5994462 ], [ 79.0192094, 21.6025874 ], [ 79.024844, 21.6016948 ], [ 79.0418812, 21.6047338 ], [ 79.0476929, 21.6024413 ], [ 79.0529419, 21.6041606 ], [ 79.0553702, 21.6014845 ], [ 79.0582504, 21.6015124 ], [ 79.0764653, 21.6053959 ], [ 79.0885099, 21.6039532 ], [ 79.0896529, 21.5975702 ], [ 79.0939582, 21.5981122 ], [ 79.0933605, 21.6016051 ], [ 79.1029564, 21.6014872 ], [ 79.1072064, 21.6050267 ], [ 79.1069352, 21.6072145 ], [ 79.1040673, 21.6073489 ], [ 79.1020708, 21.6092296 ], [ 79.1005273, 21.6176034 ], [ 79.1121056, 21.6239133 ], [ 79.1186247, 21.6238205 ], [ 79.1228864, 21.6249257 ], [ 79.1238988, 21.6265932 ], [ 79.1303444, 21.625807 ], [ 79.1345247, 21.6332086 ], [ 79.1433004, 21.6369641 ], [ 79.1452764, 21.6466939 ], [ 79.1482369, 21.6508749 ], [ 79.1483129, 21.6611749 ], [ 79.2089895, 21.6500622 ], [ 79.2240204, 21.6488038 ], [ 79.2241115, 21.6554295 ], [ 79.230305, 21.6557175 ], [ 79.2313058, 21.6569866 ], [ 79.2311805, 21.670351 ], [ 79.22906, 21.6739788 ], [ 79.2218186, 21.6770375 ], [ 79.2208593, 21.6928692 ], [ 79.2267876, 21.7036829 ], [ 79.233938, 21.7085774 ], [ 79.2373684, 21.713406 ], [ 79.2352193, 21.7175178 ], [ 79.230868, 21.7187485 ], [ 79.2311858, 21.722284 ], [ 79.2419333, 21.7201818 ], [ 79.2449577, 21.7214751 ], [ 79.2480956, 21.7196987 ], [ 79.268069, 21.7154138 ], [ 79.2779088, 21.7093704 ], [ 79.280506, 21.7017244 ], [ 79.2857995, 21.6954675 ], [ 79.2885983, 21.6952758 ], [ 79.2905883, 21.6925442 ], [ 79.2966924, 21.6933077 ], [ 79.3114099, 21.6882676 ], [ 79.3182563, 21.6885127 ], [ 79.322236, 21.6852336 ], [ 79.3245507, 21.6879662 ], [ 79.3428949, 21.683961 ], [ 79.3542704, 21.6848344 ], [ 79.3523681, 21.6780574 ], [ 79.357003, 21.6792549 ], [ 79.3746532, 21.6784111 ], [ 79.3838009, 21.6756376 ], [ 79.3875112, 21.676229 ], [ 79.3924871, 21.6741197 ], [ 79.3960867, 21.6765126 ], [ 79.4004397, 21.6767738 ], [ 79.4027065, 21.6822149 ], [ 79.4101233, 21.6847468 ], [ 79.4156618, 21.6911632 ], [ 79.4221978, 21.6918223 ], [ 79.4279869, 21.6897526 ], [ 79.4352488, 21.6828279 ], [ 79.4494952, 21.6820618 ], [ 79.4572924, 21.6849355 ], [ 79.4607346, 21.6875533 ], [ 79.4807172, 21.6778429 ], [ 79.4962061, 21.674225 ], [ 79.4962121, 21.6654116 ], [ 79.5013519, 21.6597891 ], [ 79.5013441, 21.6517105 ], [ 79.5067638, 21.645668 ], [ 79.5042656, 21.6411009 ], [ 79.5065663, 21.6389574 ], [ 79.5077679, 21.6343478 ], [ 79.5161017, 21.6313775 ], [ 79.517231, 21.6257472 ], [ 79.5166167, 21.6208472 ], [ 79.5071315, 21.621324 ], [ 79.5047479, 21.618464 ], [ 79.503713, 21.6145932 ], [ 79.5043919, 21.6112428 ], [ 79.5102432, 21.6067224 ], [ 79.5109981, 21.6048804 ], [ 79.510083, 21.5956633 ], [ 79.5120284, 21.5839734 ], [ 79.5182353, 21.5803603 ], [ 79.5286401, 21.5793505 ], [ 79.5320564, 21.5750176 ], [ 79.5425088, 21.5682248 ], [ 79.5439675, 21.5644793 ], [ 79.543927, 21.5595211 ], [ 79.5375179, 21.5487524 ], [ 79.5380026, 21.5455146 ], [ 79.5406107, 21.5426801 ], [ 79.5457742, 21.5445522 ], [ 79.5505531, 21.5440395 ], [ 79.5658139, 21.5476358 ], [ 79.5759814, 21.5420032 ], [ 79.5813779, 21.5412959 ], [ 79.5916428, 21.5478824 ], [ 79.5999689, 21.5494823 ], [ 79.6185043, 21.5572602 ], [ 79.62226, 21.5575674 ], [ 79.6304663, 21.5545464 ], [ 79.6395941, 21.5529696 ], [ 79.6520534, 21.5559847 ], [ 79.6552738, 21.5581111 ], [ 79.6583742, 21.5637461 ], [ 79.660936, 21.5768954 ], [ 79.6754311, 21.5822971 ], [ 79.6830299, 21.5805968 ], [ 79.6895477, 21.5809554 ], [ 79.6950056, 21.5853876 ], [ 79.6969347, 21.5910452 ], [ 79.6990697, 21.5929001 ], [ 79.7120143, 21.5918689 ], [ 79.7181569, 21.5930578 ], [ 79.7249427, 21.5958084 ], [ 79.7328089, 21.6030241 ], [ 79.7376286, 21.6038563 ], [ 79.7418577, 21.603 ], [ 79.7543019, 21.5954943 ], [ 79.7609756, 21.5947538 ], [ 79.7738129, 21.5903051 ], [ 79.7920707, 21.5865897 ], [ 79.8082898, 21.5738444 ], [ 79.8215079, 21.5615439 ], [ 79.8285552, 21.5488749 ], [ 79.8312491, 21.5469248 ], [ 79.8507026, 21.5408232 ], [ 79.8631324, 21.5307951 ], [ 79.8731856, 21.5295401 ], [ 79.8822445, 21.5262166 ], [ 79.8912446, 21.5181866 ], [ 79.8937543, 21.5196766 ], [ 79.8970028, 21.5243771 ], [ 79.9097049, 21.5227673 ], [ 79.9184649, 21.5245445 ], [ 79.9184468, 21.5285636 ], [ 79.9221865, 21.5418029 ], [ 79.9297735, 21.5525752 ], [ 79.9359005, 21.5562444 ], [ 79.9482087, 21.554171 ], [ 79.9638898, 21.5583495 ], [ 79.9714828, 21.5577177 ], [ 79.9795246, 21.5505191 ], [ 79.9887001, 21.5369252 ], [ 79.9968058, 21.5336187 ], [ 80.0041004, 21.5354583 ], [ 80.0328654, 21.556214 ], [ 80.0445113, 21.5562384 ], [ 80.0561126, 21.5534329 ], [ 80.0666863, 21.5542024 ], [ 80.0722133, 21.5567893 ], [ 80.0901253, 21.5745526 ], [ 80.0963334, 21.5850353 ], [ 80.1012362, 21.5899905 ], [ 80.1107218, 21.5908437 ], [ 80.1160624, 21.5932531 ], [ 80.1182069, 21.5985203 ], [ 80.1179724, 21.6075937 ], [ 80.1197089, 21.609879 ], [ 80.1236484, 21.611539 ], [ 80.1278621, 21.6115856 ], [ 80.1344163, 21.6082278 ], [ 80.1441117, 21.6057799 ], [ 80.154617, 21.606471 ], [ 80.1602023, 21.6106592 ], [ 80.1625461, 21.615302 ], [ 80.169087, 21.6221414 ], [ 80.1876274, 21.6285429 ], [ 80.1927783, 21.6354505 ], [ 80.208828, 21.6352329 ], [ 80.2145186, 21.6301651 ], [ 80.2174569, 21.6334327 ], [ 80.2189822, 21.6288716 ], [ 80.2168946, 21.625648 ], [ 80.2214786, 21.6209699 ], [ 80.2352918, 21.6224019 ], [ 80.2458428, 21.6204893 ], [ 80.25, 21.6241766 ], [ 80.2534472, 21.6247545 ], [ 80.2701387, 21.6160607 ], [ 80.2812954, 21.5960482 ], [ 80.2940697, 21.5933248 ], [ 80.2952447, 21.5910666 ], [ 80.2952289, 21.5813635 ], [ 80.2980617, 21.5758101 ], [ 80.3032486, 21.5747975 ], [ 80.3182332, 21.5771181 ], [ 80.3277544, 21.5714018 ], [ 80.3320332, 21.5608064 ], [ 80.3361873, 21.5563168 ], [ 80.3393078, 21.5550773 ], [ 80.3306773, 21.5511806 ], [ 80.3300913, 21.5494391 ], [ 80.331312, 21.5475422 ], [ 80.3443359, 21.5386677 ], [ 80.3601477, 21.5344647 ], [ 80.3660567, 21.529062 ], [ 80.3696659, 21.5284342 ], [ 80.3771949, 21.5222466 ], [ 80.3787805, 21.513805 ], [ 80.3847727, 21.4997421 ], [ 80.3839734, 21.4900991 ], [ 80.3899647, 21.4886032 ], [ 80.392106, 21.4867047 ], [ 80.3904229, 21.4794075 ], [ 80.3972168, 21.4715855 ], [ 80.4037247, 21.4675251 ], [ 80.4090627, 21.4673678 ], [ 80.4110811, 21.4598806 ], [ 80.4138956, 21.457297 ], [ 80.4179884, 21.4484983 ], [ 80.4186972, 21.4426976 ], [ 80.4221551, 21.4405395 ], [ 80.4046016, 21.4250239 ], [ 80.4089067, 21.4210367 ], [ 80.4085651, 21.4184199 ], [ 80.3981164, 21.4122978 ], [ 80.3960352, 21.4081072 ], [ 80.3963794, 21.4029766 ], [ 80.3995971, 21.3982178 ], [ 80.4067593, 21.3817049 ], [ 80.412236, 21.3767175 ], [ 80.4153186, 21.3766151 ], [ 80.4169405, 21.3752013 ], [ 80.4306069, 21.3762582 ], [ 80.4324635, 21.373825 ], [ 80.4370496, 21.372675 ], [ 80.4461226, 21.3710924 ], [ 80.4486317, 21.3720539 ], [ 80.4517442, 21.3780633 ], [ 80.4498851, 21.3874406 ], [ 80.4510443, 21.3878398 ], [ 80.4541982, 21.3952604 ], [ 80.456319, 21.3961088 ], [ 80.4558044, 21.3982611 ], [ 80.4582572, 21.4003649 ], [ 80.4570126, 21.4004586 ], [ 80.4575559, 21.4026801 ], [ 80.462352, 21.4026274 ], [ 80.4709291, 21.3958605 ], [ 80.4736411, 21.3969035 ], [ 80.4764653, 21.3948975 ], [ 80.4797919, 21.3967329 ], [ 80.4797476, 21.3997279 ], [ 80.4810891, 21.4009427 ], [ 80.4834121, 21.3988131 ], [ 80.4841912, 21.3953371 ], [ 80.4875152, 21.3979629 ], [ 80.495744, 21.3967229 ], [ 80.5009688, 21.3985061 ], [ 80.5016753, 21.3955985 ], [ 80.5084152, 21.390821 ], [ 80.5112151, 21.3928369 ], [ 80.5150059, 21.3917602 ], [ 80.517125, 21.3951981 ], [ 80.5191084, 21.3930047 ], [ 80.5239315, 21.3912239 ], [ 80.5251928, 21.3940155 ], [ 80.5276224, 21.3948705 ], [ 80.5318015, 21.3820658 ], [ 80.5392022, 21.3827065 ], [ 80.540136, 21.3770126 ], [ 80.5431624, 21.3707053 ], [ 80.5484848, 21.3711413 ], [ 80.550829, 21.3687355 ], [ 80.5533264, 21.3685649 ], [ 80.5543013, 21.3664972 ], [ 80.5584083, 21.3673387 ], [ 80.5607432, 21.3636456 ], [ 80.5638762, 21.3649699 ], [ 80.5668093, 21.3601797 ], [ 80.5701897, 21.3575165 ], [ 80.5695539, 21.3559312 ], [ 80.5663147, 21.3553159 ], [ 80.5654138, 21.3539924 ], [ 80.56503, 21.3493952 ], [ 80.5675612, 21.3482355 ], [ 80.5666993, 21.3456521 ], [ 80.5694333, 21.3434628 ], [ 80.572774, 21.3428046 ], [ 80.576571, 21.34687 ], [ 80.5813719, 21.3469887 ], [ 80.5845734, 21.3442258 ], [ 80.5894709, 21.3437166 ], [ 80.5914237, 21.3409217 ], [ 80.5893441, 21.3335985 ], [ 80.5977929, 21.3315479 ], [ 80.5991961, 21.3271226 ], [ 80.6078622, 21.3238587 ], [ 80.6089126, 21.3271373 ], [ 80.6111586, 21.3276117 ], [ 80.6213379, 21.3203687 ], [ 80.630254, 21.3222383 ], [ 80.6449109, 21.3280401 ], [ 80.6519138, 21.3271302 ], [ 80.6600452, 21.3340841 ], [ 80.662427, 21.3346256 ], [ 80.6649471, 21.3318658 ], [ 80.6655582, 21.3282485 ], [ 80.6711965, 21.3256458 ], [ 80.6750556, 21.3214675 ], [ 80.6753386, 21.3177464 ], [ 80.6815637, 21.3135672 ], [ 80.6814706, 21.3095842 ], [ 80.6788997, 21.303326 ], [ 80.6795678, 21.298837 ], [ 80.675856, 21.2947512 ], [ 80.6699665, 21.2911583 ], [ 80.6615052, 21.2913139 ], [ 80.6588058, 21.2866902 ], [ 80.6590793, 21.2819484 ], [ 80.6550703, 21.2808473 ], [ 80.6506717, 21.2770915 ], [ 80.6491717, 21.2735189 ], [ 80.6487892, 21.2621615 ], [ 80.6438353, 21.2514729 ], [ 80.6392634, 21.2473212 ], [ 80.6350002, 21.247475 ], [ 80.6231165, 21.2400918 ], [ 80.6179195, 21.232821 ], [ 80.617019, 21.2292941 ], [ 80.6137825, 21.2265662 ], [ 80.6059224, 21.2242037 ], [ 80.5981919, 21.2254762 ], [ 80.5875823, 21.2220963 ], [ 80.577903, 21.2174921 ], [ 80.5697681, 21.2058115 ], [ 80.5594688, 21.2021047 ], [ 80.5528817, 21.2007653 ], [ 80.5414397, 21.2010898 ], [ 80.5296292, 21.2053331 ], [ 80.5177578, 21.1928123 ], [ 80.5149865, 21.1830289 ], [ 80.5092736, 21.1860147 ], [ 80.5073102, 21.1846269 ], [ 80.502586, 21.1853191 ], [ 80.5004455, 21.1827253 ], [ 80.493606, 21.1795978 ], [ 80.4920632, 21.1770202 ], [ 80.4867475, 21.1767574 ], [ 80.4786111, 21.1706841 ], [ 80.4757032, 21.170993 ], [ 80.4733651, 21.1736813 ], [ 80.4695901, 21.1733042 ], [ 80.4642613, 21.1750276 ], [ 80.4608128, 21.1647601 ], [ 80.4610396, 21.1572726 ], [ 80.4587535, 21.1500527 ], [ 80.4447698, 21.1210664 ], [ 80.4547361, 21.1182756 ], [ 80.4581941, 21.1138708 ], [ 80.4552532, 21.1133529 ], [ 80.4536015, 21.1115564 ], [ 80.4478026, 21.1124215 ], [ 80.4464706, 21.1047991 ], [ 80.4391472, 21.0965603 ], [ 80.4416386, 21.0936013 ], [ 80.440867, 21.0898353 ], [ 80.4462922, 21.0841248 ], [ 80.4473432, 21.0782762 ], [ 80.4465229, 21.0734127 ], [ 80.4496626, 21.0691843 ], [ 80.4471819, 21.0632605 ], [ 80.4495572, 21.0602924 ], [ 80.4495027, 21.0572576 ], [ 80.4515565, 21.0564212 ], [ 80.4539314, 21.0530647 ], [ 80.4511984, 21.0428417 ], [ 80.4526443, 21.0388308 ], [ 80.4506373, 21.0368401 ], [ 80.4494989, 21.030324 ], [ 80.4447213, 21.0279867 ], [ 80.4401182, 21.0280834 ], [ 80.4388472, 21.0255278 ], [ 80.4392304, 21.021838 ], [ 80.4358053, 21.0202316 ], [ 80.4288761, 21.0116941 ], [ 80.4250957, 21.0113791 ], [ 80.4241859, 21.008864 ], [ 80.425806, 21.0059663 ], [ 80.4351756, 21.0014792 ], [ 80.4437725, 20.9940407 ], [ 80.4428794, 20.9864451 ], [ 80.4447537, 20.9841095 ], [ 80.4455307, 20.9797738 ], [ 80.4438427, 20.9769853 ], [ 80.4453532, 20.9706287 ], [ 80.4474712, 20.9655517 ], [ 80.4491054, 20.9646162 ], [ 80.4523364, 20.955393 ], [ 80.4546956, 20.9527951 ], [ 80.453824, 20.9500272 ], [ 80.4547164, 20.9465945 ], [ 80.4617457, 20.9398395 ], [ 80.4617515, 20.9333228 ], [ 80.4636334, 20.9292483 ], [ 80.4764672, 20.9284824 ], [ 80.4929457, 20.9293299 ], [ 80.5032686, 20.9313481 ], [ 80.51907, 20.9298231 ], [ 80.5344828, 20.9345874 ], [ 80.5364162, 20.9328542 ], [ 80.539017, 20.9325846 ], [ 80.5461301, 20.934846 ], [ 80.5462757, 20.9319919 ], [ 80.5446175, 20.9315621 ], [ 80.5443059, 20.9300942 ], [ 80.5420274, 20.9302151 ], [ 80.5429385, 20.9253472 ], [ 80.5417761, 20.9239151 ], [ 80.5480981, 20.911842 ], [ 80.5561158, 20.889197 ], [ 80.5547642, 20.8812978 ], [ 80.5557745, 20.8788549 ], [ 80.5539326, 20.8715787 ], [ 80.5565321, 20.8608856 ], [ 80.5566361, 20.8539262 ], [ 80.5550397, 20.8465824 ], [ 80.5565424, 20.8378442 ], [ 80.5612342, 20.830584 ], [ 80.5618132, 20.8243655 ], [ 80.5585908, 20.8115791 ], [ 80.5491748, 20.7960622 ], [ 80.5521885, 20.7808711 ], [ 80.5511348, 20.7751125 ], [ 80.55242, 20.7685872 ], [ 80.5516635, 20.7640345 ], [ 80.5583622, 20.7518842 ], [ 80.5627599, 20.7473246 ], [ 80.5628442, 20.7340007 ], [ 80.5600429, 20.7283996 ], [ 80.5600825, 20.7258028 ], [ 80.5633927, 20.7189258 ], [ 80.5651527, 20.7107882 ], [ 80.56729, 20.7073701 ], [ 80.5748508, 20.7040531 ], [ 80.5818027, 20.6974116 ], [ 80.5876515, 20.6846997 ], [ 80.5836848, 20.6766193 ], [ 80.5801252, 20.6729196 ], [ 80.5594674, 20.6709078 ], [ 80.553235, 20.6686654 ], [ 80.5480366, 20.6621824 ], [ 80.544909, 20.660284 ], [ 80.5307829, 20.6601054 ], [ 80.5212936, 20.6572773 ], [ 80.4984544, 20.639423 ], [ 80.4956501, 20.6368484 ], [ 80.4942023, 20.6266707 ], [ 80.4941495, 20.6125042 ], [ 80.4967497, 20.6023961 ], [ 80.502842, 20.5938209 ], [ 80.5044138, 20.5833534 ], [ 80.5108213, 20.5831499 ], [ 80.521542, 20.5804469 ], [ 80.5388381, 20.5849952 ], [ 80.5449719, 20.5901824 ], [ 80.5578309, 20.5943432 ], [ 80.5643933, 20.6036175 ], [ 80.5807674, 20.6083645 ], [ 80.587531, 20.6076028 ], [ 80.6014077, 20.608793 ], [ 80.6050245, 20.6074251 ], [ 80.6123064, 20.6005067 ], [ 80.628293, 20.6000917 ], [ 80.6318663, 20.5983889 ], [ 80.6240578, 20.5920482 ], [ 80.6232281, 20.5892301 ], [ 80.6173483, 20.5857524 ], [ 80.617708, 20.5843162 ], [ 80.6217318, 20.5825279 ], [ 80.6255542, 20.5781335 ], [ 80.6247915, 20.5764399 ], [ 80.621075, 20.5744256 ], [ 80.6209552, 20.5700629 ], [ 80.6258658, 20.5684551 ], [ 80.626585, 20.5638124 ], [ 80.6240627, 20.5590342 ], [ 80.6243072, 20.5557734 ], [ 80.6184333, 20.55529 ], [ 80.6177382, 20.5521196 ], [ 80.615269, 20.5498974 ], [ 80.6179685, 20.5465781 ], [ 80.6178729, 20.5429335 ], [ 80.6213156, 20.5327989 ], [ 80.6179551, 20.5254508 ], [ 80.6208843, 20.5258935 ], [ 80.6201653, 20.522172 ], [ 80.6180752, 20.5206003 ], [ 80.6189501, 20.518978 ], [ 80.6173227, 20.5151716 ], [ 80.618852, 20.5143362 ], [ 80.6172223, 20.5106598 ], [ 80.619295, 20.505854 ], [ 80.6147116, 20.4925599 ], [ 80.6163462, 20.4883598 ], [ 80.6125954, 20.46193 ], [ 80.6021742, 20.4499606 ], [ 80.6026635, 20.4462076 ], [ 80.6080496, 20.4438777 ], [ 80.6128894, 20.4387114 ], [ 80.613642, 20.434981 ], [ 80.6081331, 20.4241458 ], [ 80.6045305, 20.4224292 ], [ 80.6000948, 20.4180116 ], [ 80.5989175, 20.410582 ], [ 80.5914815, 20.3930708 ], [ 80.5947329, 20.3857997 ], [ 80.5972883, 20.3859585 ], [ 80.5965845, 20.3838356 ], [ 80.603803, 20.3812397 ], [ 80.6107485, 20.375062 ], [ 80.6094846, 20.3698545 ], [ 80.6159028, 20.3599098 ], [ 80.6146818, 20.3570825 ], [ 80.6151084, 20.3517938 ], [ 80.618815, 20.3491338 ], [ 80.6185374, 20.3447348 ], [ 80.6215782, 20.3395636 ], [ 80.6257967, 20.3369215 ], [ 80.6263521, 20.3326264 ], [ 80.6223685, 20.3254092 ], [ 80.6148516, 20.3223874 ], [ 80.6105238, 20.3184037 ], [ 80.6010538, 20.3173187 ], [ 80.5880839, 20.3179172 ], [ 80.5591988, 20.3085101 ], [ 80.5495759, 20.3089579 ], [ 80.5460443, 20.3060342 ], [ 80.5461778, 20.2976608 ], [ 80.5434991, 20.2935271 ], [ 80.5321951, 20.2808574 ], [ 80.5225597, 20.2735399 ], [ 80.5195615, 20.2694237 ], [ 80.518817, 20.2661669 ], [ 80.5104587, 20.2685825 ], [ 80.4899113, 20.2782616 ], [ 80.479132, 20.2782966 ], [ 80.4669389, 20.2761225 ], [ 80.4472091, 20.2624635 ], [ 80.4368953, 20.2611664 ], [ 80.4220531, 20.2534861 ], [ 80.4167807, 20.248817 ], [ 80.3981354, 20.2442725 ], [ 80.3968818, 20.2454424 ], [ 80.3952595, 20.245009 ], [ 80.3951914, 20.2370104 ], [ 80.3991909, 20.2311565 ], [ 80.4048349, 20.2187308 ], [ 80.4118813, 20.212849 ], [ 80.4220513, 20.206799 ], [ 80.4210051, 20.196172 ], [ 80.4121065, 20.1944669 ], [ 80.4006865, 20.1897176 ], [ 80.3979635, 20.1829749 ], [ 80.3965894, 20.1738969 ], [ 80.3920305, 20.1704333 ], [ 80.3885383, 20.165199 ], [ 80.3952571, 20.1546116 ], [ 80.4018177, 20.1472443 ], [ 80.4052368, 20.1452385 ], [ 80.4259285, 20.1399312 ], [ 80.4295856, 20.1360956 ], [ 80.4333785, 20.1353303 ], [ 80.4380266, 20.1368272 ], [ 80.4468012, 20.135999 ], [ 80.4554484, 20.1379283 ], [ 80.4546534, 20.1452545 ], [ 80.456645, 20.1493049 ], [ 80.4601467, 20.1509382 ], [ 80.4661582, 20.1504203 ], [ 80.4768872, 20.1457398 ], [ 80.485083, 20.143874 ], [ 80.4969541, 20.1455283 ], [ 80.5033855, 20.1439047 ], [ 80.5055945, 20.1444392 ], [ 80.5099345, 20.1412986 ], [ 80.5124108, 20.1358443 ], [ 80.5309777, 20.1314153 ], [ 80.5403406, 20.1228478 ], [ 80.5520725, 20.1179615 ], [ 80.551933, 20.1093259 ], [ 80.5477178, 20.1054219 ], [ 80.544003, 20.0956374 ], [ 80.5505678, 20.0843173 ], [ 80.5549057, 20.0796851 ], [ 80.5568117, 20.0718767 ], [ 80.5543671, 20.0654262 ], [ 80.5510946, 20.0616355 ], [ 80.5493148, 20.0552483 ], [ 80.5509844, 20.041636 ], [ 80.5468422, 20.0289789 ], [ 80.5458712, 20.0211558 ], [ 80.5469671, 20.0179495 ], [ 80.5425649, 20.0107707 ], [ 80.5498518, 20.0008103 ], [ 80.5496005, 19.9859715 ], [ 80.5437802, 19.9775416 ], [ 80.5376393, 19.9737937 ], [ 80.5378048, 19.9695639 ], [ 80.5358023, 19.9655289 ], [ 80.5393905, 19.9625553 ], [ 80.5372086, 19.9593096 ], [ 80.5389018, 19.9518919 ], [ 80.534947, 19.9511001 ], [ 80.5316397, 19.9485653 ], [ 80.5298944, 19.9394673 ], [ 80.5256103, 19.9373085 ], [ 80.5236194, 19.9337854 ], [ 80.5096544, 19.9310474 ], [ 80.5047441, 19.9285459 ], [ 80.5000194, 19.9286126 ], [ 80.4959264, 19.9310577 ], [ 80.4887472, 19.9306074 ], [ 80.480733, 19.934371 ], [ 80.4784247, 19.9384447 ], [ 80.479978, 19.9409183 ], [ 80.4791239, 19.9440014 ], [ 80.4731643, 19.9509451 ], [ 80.4660318, 19.9481848 ], [ 80.4640238, 19.9505363 ], [ 80.4619146, 19.9501245 ], [ 80.4588451, 19.9536513 ], [ 80.4521556, 19.957604 ], [ 80.4304487, 19.9408248 ], [ 80.4241983, 19.9394382 ], [ 80.419516, 19.9403432 ], [ 80.4112528, 19.9384939 ], [ 80.4125737, 19.9246368 ], [ 80.4079537, 19.9127142 ], [ 80.4138831, 19.9074511 ], [ 80.4237138, 19.9025919 ], [ 80.4332355, 19.9028328 ], [ 80.4504639, 19.8964233 ], [ 80.4571679, 19.8989656 ], [ 80.4603533, 19.9011357 ], [ 80.4620348, 19.9043817 ], [ 80.4686237, 19.9075644 ], [ 80.4741427, 19.9038102 ], [ 80.4914266, 19.9020133 ], [ 80.4995845, 19.8908421 ], [ 80.5024142, 19.878431 ], [ 80.5058245, 19.8706498 ], [ 80.4995164, 19.8696831 ], [ 80.4862872, 19.8635936 ], [ 80.4825344, 19.8588081 ], [ 80.4841692, 19.8542277 ], [ 80.4834186, 19.851442 ], [ 80.4810171, 19.849271 ], [ 80.4810201, 19.8454757 ], [ 80.4786898, 19.8393218 ], [ 80.4719028, 19.8355594 ], [ 80.4690793, 19.8270217 ], [ 80.4600749, 19.8229944 ], [ 80.4407211, 19.8103338 ], [ 80.4296752, 19.8071442 ], [ 80.421585, 19.8133998 ], [ 80.4130602, 19.8163904 ], [ 80.4060836, 19.815919 ], [ 80.4016243, 19.817038 ], [ 80.4076883, 19.8060044 ], [ 80.4016982, 19.7962007 ], [ 80.4048777, 19.7937183 ], [ 80.4241623, 19.7991611 ], [ 80.4394886, 19.7960585 ], [ 80.4492968, 19.7897712 ], [ 80.4642583, 19.7957751 ], [ 80.4680305, 19.7888249 ], [ 80.4742271, 19.7862096 ], [ 80.4808301, 19.781293 ], [ 80.482663, 19.7727365 ], [ 80.489029, 19.7704104 ], [ 80.4913051, 19.7752919 ], [ 80.4899931, 19.7901463 ], [ 80.4859546, 19.7964816 ], [ 80.4849679, 19.8024772 ], [ 80.4836468, 19.8031696 ], [ 80.4805036, 19.8020944 ], [ 80.4756525, 19.8036182 ], [ 80.4688777, 19.8104467 ], [ 80.4805813, 19.8275058 ], [ 80.500369, 19.8277121 ], [ 80.5040352, 19.8308504 ], [ 80.5119185, 19.8303458 ], [ 80.5202064, 19.8317181 ], [ 80.5462037, 19.8183215 ], [ 80.546619, 19.8110469 ], [ 80.5452154, 19.806079 ], [ 80.5475574, 19.7948972 ], [ 80.5424401, 19.783448 ], [ 80.5426119, 19.7799232 ], [ 80.543741, 19.775805 ], [ 80.552607, 19.7655605 ], [ 80.5621525, 19.7609664 ], [ 80.5714584, 19.7592265 ], [ 80.5738176, 19.7548134 ], [ 80.5820633, 19.7508178 ], [ 80.5841965, 19.7473748 ], [ 80.5814104, 19.7459953 ], [ 80.5848865, 19.744081 ], [ 80.5864669, 19.741136 ], [ 80.5901032, 19.7422214 ], [ 80.5943768, 19.7391695 ], [ 80.5959917, 19.740435 ], [ 80.5972373, 19.7395713 ], [ 80.5989686, 19.7403122 ], [ 80.6057189, 19.7367343 ], [ 80.6110578, 19.7381713 ], [ 80.6139746, 19.7350304 ], [ 80.6211041, 19.7330312 ], [ 80.6267605, 19.7257847 ], [ 80.6401314, 19.7253056 ], [ 80.6501996, 19.7114329 ], [ 80.6564076, 19.7070921 ], [ 80.6634421, 19.7059321 ], [ 80.6722163, 19.7007159 ], [ 80.6742501, 19.6844131 ], [ 80.667345, 19.6577117 ], [ 80.667871, 19.6495862 ], [ 80.6660992, 19.6442603 ], [ 80.6663712, 19.6379859 ], [ 80.6626174, 19.6224818 ], [ 80.6651082, 19.6160649 ], [ 80.6653321, 19.6118792 ], [ 80.6702714, 19.6093192 ], [ 80.688468, 19.6131711 ], [ 80.7056734, 19.6139815 ], [ 80.7132765, 19.6165783 ], [ 80.7194475, 19.6153756 ], [ 80.726783, 19.6108614 ], [ 80.7303383, 19.6101795 ], [ 80.7330782, 19.6063032 ], [ 80.7408459, 19.6062309 ], [ 80.7458784, 19.6015384 ], [ 80.7575215, 19.5966735 ], [ 80.7599952, 19.591647 ], [ 80.7653221, 19.5903853 ], [ 80.768362, 19.5879485 ], [ 80.7694283, 19.5866697 ], [ 80.7670331, 19.5749137 ], [ 80.7751089, 19.5625119 ], [ 80.7811338, 19.5637469 ], [ 80.7862726, 19.5607677 ], [ 80.7894424, 19.5604177 ], [ 80.7969955, 19.5624843 ], [ 80.8029219, 19.5655724 ], [ 80.806328, 19.5689563 ], [ 80.8107861, 19.5688969 ], [ 80.8161538, 19.5711969 ], [ 80.8239595, 19.5667214 ], [ 80.8347775, 19.5667436 ], [ 80.8394597, 19.5594121 ], [ 80.8406501, 19.5542524 ], [ 80.8394006, 19.5492105 ], [ 80.8416622, 19.5457194 ], [ 80.8436967, 19.5384537 ], [ 80.8496749, 19.5344977 ], [ 80.849898, 19.5289057 ], [ 80.8534297, 19.5267831 ], [ 80.8562074, 19.5230028 ], [ 80.864483, 19.5200446 ], [ 80.8685106, 19.5217724 ], [ 80.873139, 19.5187007 ], [ 80.8836868, 19.5261709 ], [ 80.8912036, 19.5205143 ], [ 80.8949649, 19.5196248 ], [ 80.8947126, 19.5096214 ], [ 80.8932103, 19.5072692 ], [ 80.8942777, 19.5036862 ], [ 80.8929402, 19.5022997 ], [ 80.8950151, 19.5007885 ], [ 80.8976843, 19.4804487 ], [ 80.894879, 19.4696443 ], [ 80.8887675, 19.4605219 ], [ 80.8753694, 19.4459848 ], [ 80.8645588, 19.4444623 ], [ 80.8564828, 19.4460444 ], [ 80.8534538, 19.4447466 ], [ 80.850489, 19.4466902 ], [ 80.8475941, 19.445392 ], [ 80.8454442, 19.4468905 ], [ 80.8424112, 19.4468885 ], [ 80.8301267, 19.4431873 ], [ 80.8279536, 19.4401411 ], [ 80.8230612, 19.4398451 ], [ 80.8125271, 19.4327561 ], [ 80.8071841, 19.4335515 ], [ 80.7958498, 19.4322648 ], [ 80.7957465, 19.4299347 ], [ 80.7993234, 19.4227203 ], [ 80.802832, 19.4215826 ], [ 80.8042898, 19.4194606 ], [ 80.8044731, 19.411953 ], [ 80.8122273, 19.4063642 ], [ 80.8166481, 19.3971513 ], [ 80.8173306, 19.3839068 ], [ 80.820671, 19.3811642 ], [ 80.8283933, 19.3800784 ], [ 80.8418513, 19.3719149 ], [ 80.8490536, 19.3697379 ], [ 80.8528527, 19.3638999 ], [ 80.8460777, 19.3552533 ], [ 80.830357, 19.3481838 ], [ 80.8100738, 19.3362119 ], [ 80.8060941, 19.3275114 ], [ 80.7988311, 19.3266167 ], [ 80.7956724, 19.3234044 ], [ 80.7902212, 19.3235965 ], [ 80.7742124, 19.3135782 ], [ 80.7686124, 19.3036197 ], [ 80.7630401, 19.2971941 ], [ 80.7597362, 19.2958431 ], [ 80.7591375, 19.2910275 ], [ 80.7509574, 19.2877586 ], [ 80.7431276, 19.2890203 ], [ 80.7422947, 19.2870803 ], [ 80.7383164, 19.285456 ], [ 80.7265632, 19.2871761 ], [ 80.721695, 19.2846643 ], [ 80.7172025, 19.2849439 ], [ 80.7137204, 19.2822651 ], [ 80.7107596, 19.2817564 ], [ 80.7054134, 19.2819714 ], [ 80.7041741, 19.2830947 ], [ 80.7018544, 19.2820977 ], [ 80.6993085, 19.2847412 ], [ 80.6956996, 19.2843316 ], [ 80.6896992, 19.2869752 ], [ 80.6886489, 19.2951722 ], [ 80.6931536, 19.3155464 ], [ 80.6861324, 19.3267339 ], [ 80.6798969, 19.3303321 ], [ 80.67313, 19.3300127 ], [ 80.6638925, 19.3254657 ], [ 80.6540502, 19.322811 ], [ 80.6483579, 19.3157173 ], [ 80.6469866, 19.3164937 ], [ 80.6364936, 19.3133303 ], [ 80.6353706, 19.3106564 ], [ 80.631512, 19.3071695 ], [ 80.6232909, 19.3057242 ], [ 80.6149793, 19.3098253 ], [ 80.6125435, 19.309518 ], [ 80.6078944, 19.3182308 ], [ 80.6068235, 19.3219662 ], [ 80.6076557, 19.3261264 ], [ 80.6045102, 19.3290575 ], [ 80.5900311, 19.351771 ], [ 80.5908389, 19.3576972 ], [ 80.5882234, 19.3702583 ], [ 80.5917965, 19.3759141 ], [ 80.580958, 19.3978865 ], [ 80.5759251, 19.402357 ], [ 80.5624785, 19.3991007 ], [ 80.5520964, 19.3885364 ], [ 80.5441734, 19.3838761 ], [ 80.5426042, 19.3808898 ], [ 80.5384268, 19.3777893 ], [ 80.5203309, 19.3477696 ], [ 80.5068105, 19.3424178 ], [ 80.4957445, 19.3432316 ], [ 80.4841692, 19.3397067 ], [ 80.4770492, 19.3299227 ], [ 80.4713394, 19.313832 ], [ 80.4630302, 19.3009178 ], [ 80.4573626, 19.2883408 ], [ 80.454735, 19.2749944 ], [ 80.4484097, 19.2666317 ], [ 80.4376998, 19.2578683 ], [ 80.4298699, 19.2540766 ], [ 80.3955019, 19.2464684 ], [ 80.3890286, 19.2379681 ], [ 80.3863128, 19.2330041 ], [ 80.3839341, 19.2150222 ], [ 80.3858262, 19.2102839 ], [ 80.3917974, 19.202627 ], [ 80.394345, 19.1963707 ], [ 80.3938449, 19.1877976 ], [ 80.3876592, 19.1805077 ], [ 80.3478866, 19.1601165 ], [ 80.3477833, 19.1523608 ], [ 80.3406835, 19.1462075 ], [ 80.3330789, 19.1455238 ], [ 80.3274307, 19.1351108 ], [ 80.3300025, 19.1327174 ], [ 80.3312346, 19.1279477 ], [ 80.3306806, 19.12049 ], [ 80.3362141, 19.1118456 ], [ 80.339619, 19.100111 ], [ 80.3301266, 19.0950996 ], [ 80.3279219, 19.0950494 ], [ 80.3311439, 19.0813496 ], [ 80.328925, 19.0759109 ], [ 80.3296677, 19.0701067 ], [ 80.3199586, 19.0658806 ], [ 80.3072642, 19.0558531 ], [ 80.3002827, 19.0523949 ], [ 80.2973392, 19.0490059 ], [ 80.2963806, 19.0468825 ], [ 80.2982357, 19.0412776 ], [ 80.3028755, 19.0349056 ], [ 80.3051621, 19.0273497 ], [ 80.3031268, 19.0221633 ], [ 80.2921761, 19.0098317 ], [ 80.2870487, 19.006821 ], [ 80.2734085, 18.9931794 ], [ 80.2729553, 18.9809559 ], [ 80.2743096, 18.9711861 ], [ 80.2722904, 18.9577512 ], [ 80.2691248, 18.9486746 ], [ 80.2702506, 18.9398759 ], [ 80.2761998, 18.9297654 ], [ 80.29979, 18.9111162 ], [ 80.3028063, 18.9054348 ], [ 80.3161059, 18.8887622 ], [ 80.3261925, 18.8808963 ], [ 80.3431763, 18.8550979 ], [ 80.3492601, 18.8477991 ], [ 80.3522359, 18.8399352 ], [ 80.3543107, 18.8264562 ], [ 80.3514136, 18.8162922 ], [ 80.3500382, 18.8146839 ], [ 80.3418038, 18.812397 ], [ 80.3229954, 18.7989677 ], [ 80.3140116, 18.7999271 ], [ 80.3059871, 18.7979413 ], [ 80.2999365, 18.7944472 ], [ 80.29149, 18.7834714 ], [ 80.2884483, 18.7773763 ], [ 80.2883742, 18.7737807 ], [ 80.2759205, 18.7661088 ], [ 80.2727102, 18.7657637 ], [ 80.2621656, 18.7700988 ], [ 80.2567073, 18.7699825 ], [ 80.2476967, 18.7641968 ], [ 80.2451175, 18.7608601 ], [ 80.2447505, 18.7566074 ], [ 80.2597374, 18.7423211 ], [ 80.2694056, 18.7264443 ], [ 80.272418, 18.7235052 ], [ 80.2661392, 18.7205519 ], [ 80.2650121, 18.7175048 ], [ 80.2522325, 18.7068067 ], [ 80.2386414, 18.7057327 ], [ 80.2346208, 18.7026333 ], [ 80.2303981, 18.701806 ], [ 80.226278, 18.7055953 ], [ 80.2193343, 18.7079174 ], [ 80.2127717, 18.7057177 ], [ 80.2004283, 18.6925598 ], [ 80.1992235, 18.6900013 ], [ 80.1993714, 18.6832072 ], [ 80.196569, 18.6807955 ], [ 80.1904692, 18.6804615 ], [ 80.1787045, 18.6832677 ], [ 80.17416, 18.6881803 ], [ 80.1686228, 18.6997094 ], [ 80.1651175, 18.7009237 ], [ 80.157708, 18.7009798 ], [ 80.1558409, 18.7006109 ], [ 80.1529196, 18.6958719 ], [ 80.1484639, 18.6930864 ], [ 80.1400168, 18.6930002 ], [ 80.1285558, 18.6874333 ], [ 80.1243771, 18.681359 ], [ 80.1181219, 18.6805168 ], [ 80.1122491, 18.682878 ], [ 80.1041543, 18.6915683 ], [ 80.099043, 18.6944817 ], [ 80.0885066, 18.7072776 ], [ 80.0820736, 18.7072471 ], [ 80.0745856, 18.7105166 ], [ 80.069256, 18.7195723 ], [ 80.0646206, 18.7232626 ], [ 80.0569399, 18.7233192 ], [ 80.052797, 18.7250588 ], [ 80.0494794, 18.7286748 ], [ 80.0482178, 18.732941 ], [ 80.041414, 18.7429911 ], [ 80.0386831, 18.7529728 ], [ 80.0345528, 18.7549876 ], [ 80.024984, 18.7549396 ], [ 80.0230817, 18.7571985 ], [ 80.0232319, 18.7617024 ], [ 80.0195327, 18.7657506 ], [ 80.0185443, 18.770383 ], [ 80.000993, 18.7760662 ], [ 79.9995824, 18.7750601 ], [ 79.9980947, 18.7759217 ], [ 79.9958271, 18.7708214 ], [ 79.9930508, 18.769934 ], [ 79.9846492, 18.7715401 ], [ 79.9732259, 18.7717563 ], [ 79.9641541, 18.773825 ], [ 79.9591514, 18.7773039 ], [ 79.9494873, 18.7891494 ], [ 79.9241167, 18.8069011 ], [ 79.9205237, 18.8110829 ], [ 79.9140306, 18.8238067 ], [ 79.9150272, 18.828691 ], [ 79.9191052, 18.833815 ], [ 79.9282533, 18.8409128 ], [ 79.9413782, 18.8460376 ], [ 79.9476423, 18.8501822 ], [ 79.9546005, 18.857237 ], [ 79.9585129, 18.8594239 ], [ 79.961605, 18.8666266 ], [ 79.9612627, 18.8754601 ], [ 79.9586737, 18.8886104 ], [ 79.9536137, 18.9045045 ], [ 79.9574158, 18.9227921 ], [ 79.9570465, 18.9428753 ], [ 79.9449851, 18.9800309 ], [ 79.9442214, 18.9865141 ], [ 79.941623, 18.9920892 ], [ 79.9409586, 19.0002254 ], [ 79.9423965, 19.0006571 ], [ 79.9425589, 19.0069804 ], [ 79.9402693, 19.0238249 ], [ 79.9403787, 19.0320131 ], [ 79.9370665, 19.0426944 ], [ 79.9328071, 19.0473981 ], [ 79.9289171, 19.0491943 ], [ 79.9206281, 19.0497141 ], [ 79.907559, 19.0448146 ], [ 79.8992193, 19.0402437 ], [ 79.8770366, 19.0387986 ], [ 79.8711028, 19.0410169 ], [ 79.8685944, 19.0442387 ], [ 79.8659975, 19.0542028 ], [ 79.8633804, 19.0686948 ], [ 79.8633983, 19.0778234 ], [ 79.858965, 19.0927627 ], [ 79.8584296, 19.1024162 ], [ 79.8594116, 19.1086241 ], [ 79.8614614, 19.1122609 ], [ 79.8737516, 19.1240518 ], [ 79.9253236, 19.1515927 ], [ 79.941741, 19.1642789 ], [ 79.9456685, 19.1689366 ], [ 79.9464994, 19.1742491 ], [ 79.9452831, 19.1791409 ], [ 79.9254534, 19.2106389 ], [ 79.9242223, 19.2154626 ], [ 79.9247423, 19.2272993 ], [ 79.930744, 19.2502657 ], [ 79.9363552, 19.2641269 ], [ 79.9505663, 19.2890442 ], [ 79.9548183, 19.2937642 ], [ 79.9622693, 19.2973544 ], [ 79.9658724, 19.3030387 ], [ 79.965569, 19.3130657 ], [ 79.9590851, 19.330861 ], [ 79.9590805, 19.3359402 ], [ 79.9679656, 19.3566311 ], [ 79.967575, 19.3603187 ], [ 79.9702333, 19.3710297 ], [ 79.9695288, 19.3746893 ], [ 79.9714164, 19.3768114 ], [ 79.9718269, 19.3815573 ], [ 79.9740379, 19.3855039 ], [ 79.9793784, 19.3880812 ], [ 79.979615, 19.3903255 ], [ 79.9771782, 19.3941751 ], [ 79.9779371, 19.4003574 ], [ 79.9747005, 19.4043585 ], [ 79.9746921, 19.4109948 ], [ 79.972394, 19.4162124 ], [ 79.9679212, 19.4232124 ], [ 79.9524779, 19.440947 ], [ 79.9476087, 19.4496789 ], [ 79.9482154, 19.4606004 ], [ 79.9464435, 19.4678233 ], [ 79.9448195, 19.4698144 ], [ 79.9324109, 19.4765444 ], [ 79.9145034, 19.4960383 ], [ 79.901694, 19.5009357 ], [ 79.8808537, 19.5035687 ], [ 79.8709535, 19.5090562 ], [ 79.8645839, 19.5105137 ], [ 79.8553185, 19.5210264 ], [ 79.8481731, 19.5265345 ], [ 79.8456383, 19.5327967 ], [ 79.8328684, 19.5385534 ], [ 79.8284189, 19.5434056 ], [ 79.8249041, 19.5505311 ], [ 79.824111, 19.5567937 ], [ 79.8212516, 19.5602108 ], [ 79.8211519, 19.5642186 ], [ 79.8144638, 19.5756985 ], [ 79.7985834, 19.5819666 ], [ 79.7786066, 19.5996665 ], [ 79.7534483, 19.6075339 ], [ 79.74308, 19.6086263 ], [ 79.7352451, 19.6049607 ], [ 79.7179757, 19.5894534 ], [ 79.7089997, 19.5844783 ], [ 79.6964135, 19.5831951 ], [ 79.6889529, 19.5838668 ], [ 79.6753217, 19.5797123 ], [ 79.6582873, 19.5797142 ], [ 79.6354646, 19.5759364 ], [ 79.6279195, 19.5731708 ], [ 79.6141378, 19.5596773 ], [ 79.6116602, 19.5475159 ], [ 79.6060427, 19.5328271 ], [ 79.6057647, 19.5260099 ], [ 79.6029658, 19.5145508 ], [ 79.6004613, 19.5095072 ], [ 79.596154, 19.5072773 ], [ 79.5840441, 19.5091312 ], [ 79.5690001, 19.5182664 ], [ 79.5529324, 19.5241686 ], [ 79.5483873, 19.5316237 ], [ 79.5453798, 19.5506952 ], [ 79.5424815, 19.5542302 ], [ 79.5399272, 19.5546613 ], [ 79.5292174, 19.5510475 ], [ 79.5186108, 19.5431092 ], [ 79.5208091, 19.5348859 ], [ 79.5185886, 19.5201828 ], [ 79.5148266, 19.5194435 ], [ 79.5022555, 19.5116352 ], [ 79.5007635, 19.5073896 ], [ 79.4981162, 19.5056304 ], [ 79.482632, 19.5062802 ], [ 79.4714249, 19.5001917 ], [ 79.4689616, 19.5095738 ], [ 79.4588057, 19.5164982 ], [ 79.4567614, 19.5191257 ], [ 79.4532713, 19.5201018 ], [ 79.4460455, 19.5269234 ], [ 79.4422072, 19.527979 ], [ 79.4333341, 19.5372566 ], [ 79.4225599, 19.5380427 ], [ 79.4229989, 19.5301591 ], [ 79.420473, 19.5297582 ], [ 79.4053187, 19.5356675 ], [ 79.4017131, 19.5384478 ], [ 79.4004816, 19.5423371 ], [ 79.3962115, 19.5480569 ], [ 79.3917463, 19.5528729 ], [ 79.3873218, 19.5547143 ], [ 79.3856773, 19.5583305 ], [ 79.3768031, 19.5588848 ], [ 79.3727529, 19.5609898 ], [ 79.3694704, 19.5726994 ], [ 79.3670784, 19.5729442 ], [ 79.36573, 19.5763314 ], [ 79.3573888, 19.5775784 ], [ 79.3515553, 19.5759451 ], [ 79.3398583, 19.576158 ], [ 79.3348137, 19.5747947 ], [ 79.3261831, 19.5774292 ], [ 79.3184441, 19.5767234 ], [ 79.3185371, 19.5677009 ], [ 79.3139306, 19.5664208 ], [ 79.3098517, 19.5715125 ], [ 79.3102646, 19.5779604 ], [ 79.3068405, 19.596556 ], [ 79.2843625, 19.5955234 ], [ 79.2729492, 19.5988396 ], [ 79.2510977, 19.6158705 ], [ 79.2435571, 19.6166889 ], [ 79.2386432, 19.6061707 ], [ 79.2444128, 19.5948661 ], [ 79.2531243, 19.5932872 ], [ 79.2510256, 19.5774996 ], [ 79.2462184, 19.5675189 ], [ 79.2371238, 19.5571383 ], [ 79.2370823, 19.5503627 ], [ 79.2388455, 19.5479355 ], [ 79.2385384, 19.5424493 ], [ 79.2400231, 19.5352402 ], [ 79.2337282, 19.5200092 ], [ 79.2319807, 19.5193174 ], [ 79.2211627, 19.5209915 ], [ 79.2140293, 19.5111942 ], [ 79.2074648, 19.5061309 ], [ 79.2073834, 19.4976348 ], [ 79.205797, 19.4970971 ], [ 79.2051983, 19.4942569 ], [ 79.2038511, 19.4940835 ], [ 79.2068527, 19.485818 ], [ 79.2107497, 19.4817379 ], [ 79.215767, 19.4809417 ], [ 79.2231871, 19.4723454 ], [ 79.2235893, 19.4690749 ], [ 79.2156846, 19.4646356 ], [ 79.2082053, 19.4649701 ], [ 79.1903119, 19.4589847 ], [ 79.1800741, 19.4618837 ], [ 79.1741191, 19.4682847 ], [ 79.1678324, 19.4723585 ], [ 79.1652451, 19.4762338 ], [ 79.1639035, 19.4837507 ], [ 79.1613544, 19.4882627 ], [ 79.1575488, 19.4892863 ], [ 79.1429853, 19.500535 ], [ 79.1386062, 19.5004848 ], [ 79.1356625, 19.506154 ], [ 79.1331087, 19.5078261 ], [ 79.1209302, 19.5120009 ], [ 79.1143432, 19.5197591 ], [ 79.1053884, 19.5223782 ], [ 79.1011038, 19.5296091 ], [ 79.0980345, 19.5320268 ], [ 79.076621, 19.5325586 ], [ 79.0676937, 19.5356555 ], [ 79.0653361, 19.5396257 ], [ 79.0460115, 19.5483257 ], [ 79.0398635, 19.5476494 ], [ 79.0240249, 19.5417758 ], [ 79.0068678, 19.5420235 ], [ 78.9980314, 19.5400843 ], [ 78.9977477, 19.5490651 ], [ 78.9812519, 19.5608394 ], [ 78.9798531, 19.5576562 ], [ 78.9768017, 19.5569351 ], [ 78.9742231, 19.5493832 ], [ 78.9692641, 19.5502644 ], [ 78.9520955, 19.5488646 ], [ 78.9456469, 19.5496488 ], [ 78.9404436, 19.5518683 ], [ 78.9405763, 19.5549162 ], [ 78.9376727, 19.5618737 ], [ 78.9464892, 19.5616077 ], [ 78.9525432, 19.5649779 ], [ 78.9648689, 19.5735836 ], [ 78.9728349, 19.5823877 ], [ 78.9717843, 19.590013 ], [ 78.959144, 19.595466 ], [ 78.9556202, 19.6001712 ], [ 78.9553693, 19.6191176 ], [ 78.9611904, 19.6316887 ], [ 78.9618498, 19.6374436 ], [ 78.9573898, 19.6471699 ], [ 78.9555584, 19.655791 ], [ 78.9528035, 19.6583394 ], [ 78.9475063, 19.6594523 ], [ 78.944234, 19.6617396 ], [ 78.9197241, 19.662004 ], [ 78.9198646, 19.6669743 ], [ 78.915825, 19.6668951 ], [ 78.9116523, 19.6691075 ], [ 78.9076831, 19.6679861 ], [ 78.9035357, 19.6700091 ], [ 78.896006, 19.6644561 ], [ 78.8928977, 19.6646812 ], [ 78.8864462, 19.6624532 ], [ 78.8904783, 19.6594096 ], [ 78.8867268, 19.6550714 ], [ 78.8831161, 19.6550128 ], [ 78.8800196, 19.6572509 ], [ 78.8743837, 19.6572356 ], [ 78.8680942, 19.6590251 ], [ 78.8615903, 19.6574053 ], [ 78.8519203, 19.6583608 ], [ 78.8523939, 19.6648637 ], [ 78.8558379, 19.6773061 ], [ 78.8556919, 19.6866609 ], [ 78.8571535, 19.6896192 ], [ 78.8599231, 19.6894913 ], [ 78.8562203, 19.7035804 ], [ 78.8543331, 19.7058452 ], [ 78.8494256, 19.7219692 ], [ 78.8523681, 19.7279037 ], [ 78.8511496, 19.7361262 ], [ 78.8479521, 19.735497 ], [ 78.8453241, 19.7468812 ], [ 78.8403957, 19.7563363 ], [ 78.8409635, 19.7618901 ], [ 78.8335133, 19.7601231 ], [ 78.8258783, 19.7551441 ], [ 78.816919, 19.7618327 ], [ 78.8069135, 19.756888 ], [ 78.8021609, 19.7565338 ], [ 78.7969336, 19.7600092 ], [ 78.79563, 19.7672664 ], [ 78.7862999, 19.7765268 ], [ 78.782366, 19.7784097 ], [ 78.7773426, 19.7798595 ], [ 78.7711227, 19.7793833 ], [ 78.7589794, 19.7727162 ], [ 78.756371, 19.7725054 ], [ 78.7517105, 19.7746586 ], [ 78.7461103, 19.7811697 ], [ 78.740057, 19.7831332 ], [ 78.7359739, 19.7828516 ], [ 78.7300244, 19.7802262 ], [ 78.7241463, 19.7677543 ], [ 78.722313, 19.7665073 ], [ 78.7191607, 19.7666482 ], [ 78.7060945, 19.7723031 ], [ 78.7013652, 19.7867363 ], [ 78.6925625, 19.7910267 ], [ 78.6751518, 19.7948573 ], [ 78.6663537, 19.7997548 ], [ 78.65505, 19.8001912 ], [ 78.6427428, 19.807807 ], [ 78.6255175, 19.8081593 ], [ 78.6189867, 19.8099799 ], [ 78.6151916, 19.8119234 ], [ 78.6111483, 19.8163194 ], [ 78.6073115, 19.8176081 ], [ 78.6008226, 19.8185304 ], [ 78.5925786, 19.8175194 ], [ 78.586119, 19.818789 ], [ 78.5722874, 19.8158457 ], [ 78.5658759, 19.8185276 ], [ 78.5632279, 19.8210762 ], [ 78.5520065, 19.8240846 ], [ 78.5422864, 19.8238299 ], [ 78.5379376, 19.820054 ], [ 78.5307776, 19.8184547 ], [ 78.5150183, 19.8189334 ], [ 78.5121529, 19.814259 ], [ 78.5089523, 19.8120501 ], [ 78.5084611, 19.8000057 ], [ 78.5072229, 19.7975484 ], [ 78.4952113, 19.7926312 ], [ 78.4902381, 19.7926845 ], [ 78.485035, 19.7960521 ], [ 78.4831473, 19.8038099 ], [ 78.4757058, 19.814634 ], [ 78.472459, 19.8173383 ], [ 78.469227, 19.8177186 ], [ 78.4519598, 19.8128807 ], [ 78.4373707, 19.8136356 ], [ 78.4229519, 19.8176267 ], [ 78.3864583, 19.8453594 ], [ 78.3817904, 19.8570416 ], [ 78.3818244, 19.8617608 ], [ 78.3828877, 19.8626009 ], [ 78.3815945, 19.8679585 ], [ 78.3830364, 19.8739055 ], [ 78.3806713, 19.8804362 ], [ 78.3767565, 19.8811784 ], [ 78.3696363, 19.8797729 ], [ 78.3604336, 19.8833957 ], [ 78.3526642, 19.8824569 ], [ 78.3368794, 19.8830035 ], [ 78.3320882, 19.8849004 ], [ 78.3273964, 19.8885714 ], [ 78.3243635, 19.8948345 ], [ 78.3251182, 19.8981495 ], [ 78.3340922, 19.9052966 ], [ 78.3317789, 19.9133738 ], [ 78.3292153, 19.9156628 ], [ 78.3243179, 19.9167463 ], [ 78.3070279, 19.9142976 ], [ 78.2987494, 19.8749707 ], [ 78.2918842, 19.8617245 ], [ 78.2853133, 19.856617 ], [ 78.2860751, 19.8479371 ], [ 78.3014643, 19.8404183 ], [ 78.3157563, 19.8425577 ], [ 78.3364145, 19.8379232 ], [ 78.3367733, 19.8335688 ], [ 78.3340246, 19.8145917 ], [ 78.3447994, 19.8133727 ], [ 78.3523754, 19.807401 ], [ 78.3574417, 19.8054341 ], [ 78.3646746, 19.7812315 ], [ 78.3634343, 19.7753097 ], [ 78.3589309, 19.7679334 ], [ 78.3555452, 19.7520065 ], [ 78.3492887, 19.7379757 ], [ 78.3446354, 19.7381054 ], [ 78.3412346, 19.7357562 ], [ 78.3408183, 19.733333 ], [ 78.3428548, 19.7297834 ], [ 78.3398169, 19.726955 ], [ 78.3392857, 19.724156 ], [ 78.3434955, 19.7154696 ], [ 78.3431341, 19.71325 ], [ 78.3337118, 19.7094504 ], [ 78.3220476, 19.7075776 ], [ 78.3186538, 19.7055259 ], [ 78.3157321, 19.7025944 ], [ 78.3134517, 19.693107 ], [ 78.3118213, 19.6910505 ], [ 78.303409, 19.6912043 ], [ 78.3001861, 19.6879851 ], [ 78.2878488, 19.6880352 ], [ 78.2761859, 19.6924153 ], [ 78.2710827, 19.6787053 ], [ 78.2697176, 19.6760103 ], [ 78.2657917, 19.6730901 ], [ 78.262649, 19.6650642 ], [ 78.2690534, 19.6639525 ], [ 78.2716188, 19.6619117 ], [ 78.2710477, 19.6585388 ], [ 78.2790097, 19.6576413 ], [ 78.2808828, 19.6509264 ], [ 78.2840859, 19.6503725 ], [ 78.286703, 19.647312 ], [ 78.2904625, 19.646001 ], [ 78.2920824, 19.6422262 ], [ 78.2921986, 19.6274136 ], [ 78.2938994, 19.6194418 ], [ 78.2975456, 19.6142069 ], [ 78.3055669, 19.6070665 ], [ 78.3045089, 19.6054309 ], [ 78.3054559, 19.6025562 ], [ 78.3038186, 19.5847821 ], [ 78.300902, 19.5790694 ], [ 78.304246, 19.5726892 ], [ 78.3036889, 19.5693206 ], [ 78.2972856, 19.5678967 ], [ 78.2981485, 19.564037 ], [ 78.2935629, 19.5589842 ], [ 78.2752515, 19.5624617 ], [ 78.2754528, 19.5561216 ], [ 78.2743108, 19.5539746 ], [ 78.283935, 19.5414116 ], [ 78.2849056, 19.5423109 ], [ 78.2932297, 19.5422336 ], [ 78.2927322, 19.5390867 ], [ 78.2941094, 19.5347942 ], [ 78.2924386, 19.5293105 ], [ 78.2903962, 19.5276239 ], [ 78.2915145, 19.5239067 ], [ 78.2959975, 19.5173708 ], [ 78.2970126, 19.5130835 ], [ 78.2949549, 19.5131709 ], [ 78.2986635, 19.4968128 ], [ 78.3092235, 19.4810839 ], [ 78.304341, 19.456137 ], [ 78.2986534, 19.4519483 ], [ 78.2869701, 19.4485286 ], [ 78.2745478, 19.4552404 ], [ 78.2704394, 19.4561551 ], [ 78.2686811, 19.4484667 ], [ 78.2637404, 19.4489303 ], [ 78.2626469, 19.443059 ], [ 78.2583068, 19.441795 ], [ 78.2533823, 19.4367687 ], [ 78.246481, 19.4351979 ], [ 78.2467207, 19.4321711 ], [ 78.2445089, 19.4288025 ], [ 78.2374286, 19.4287329 ], [ 78.2356101, 19.4267545 ], [ 78.2296026, 19.4297749 ], [ 78.2250114, 19.4300877 ], [ 78.2199613, 19.4330186 ], [ 78.2115869, 19.4284785 ], [ 78.20253, 19.4197049 ], [ 78.1991852, 19.414843 ], [ 78.1988125, 19.4101572 ], [ 78.1950652, 19.4067537 ], [ 78.1924442, 19.4066941 ], [ 78.1838184, 19.4122 ], [ 78.17619, 19.4122625 ], [ 78.187673, 19.394593 ], [ 78.1767886, 19.3674 ], [ 78.1792264, 19.3628435 ], [ 78.1720615, 19.3597187 ], [ 78.1721482, 19.3492989 ], [ 78.1762256, 19.3349262 ], [ 78.1832384, 19.3299808 ], [ 78.1895099, 19.3289689 ], [ 78.1922773, 19.3258289 ], [ 78.1902065, 19.3207768 ], [ 78.1937389, 19.3148861 ], [ 78.1831114, 19.2851834 ], [ 78.1766665, 19.2785486 ], [ 78.1781653, 19.2725051 ], [ 78.1767056, 19.2629436 ], [ 78.1796405, 19.2588572 ], [ 78.1779831, 19.2539129 ], [ 78.1817714, 19.2476184 ], [ 78.1770206, 19.2421576 ], [ 78.175321, 19.2375786 ], [ 78.1649459, 19.2345538 ], [ 78.1583991, 19.2357788 ], [ 78.1553971, 19.2343824 ], [ 78.1509921, 19.2294982 ], [ 78.1445469, 19.2294007 ], [ 78.1370892, 19.2343947 ], [ 78.1342819, 19.238893 ], [ 78.117038, 19.2486373 ], [ 78.1152195, 19.2488294 ], [ 78.1131722, 19.2444221 ], [ 78.0953093, 19.2437404 ], [ 78.0891496, 19.2393682 ], [ 78.0823508, 19.2432161 ], [ 78.0832291, 19.2486762 ], [ 78.0790969, 19.2548343 ], [ 78.0722963, 19.2492488 ], [ 78.0644225, 19.2477737 ], [ 78.0588617, 19.2423282 ], [ 78.0556753, 19.2371217 ], [ 78.0416136, 19.2434281 ], [ 78.0359407, 19.2506334 ], [ 78.0418443, 19.2616555 ], [ 78.0425063, 19.2706038 ], [ 78.0148197, 19.2790374 ], [ 78.0142414, 19.2859619 ], [ 78.0159612, 19.2875711 ], [ 78.0134969, 19.2947177 ], [ 77.9986799, 19.2997976 ], [ 77.9946653, 19.3053862 ], [ 77.9848483, 19.3098775 ], [ 77.9829034, 19.3149977 ], [ 77.9776335, 19.3227069 ], [ 77.9741103, 19.3226205 ], [ 77.965876, 19.327459 ], [ 77.9618598, 19.3356114 ], [ 77.9451219, 19.342453 ], [ 77.942294, 19.3422749 ], [ 77.9382442, 19.3341131 ], [ 77.9319773, 19.3346707 ], [ 77.9280143, 19.3322078 ], [ 77.9233051, 19.3257761 ], [ 77.9176021, 19.3232832 ], [ 77.9115459, 19.316257 ], [ 77.903322, 19.3173637 ], [ 77.8943199, 19.32047 ], [ 77.890031, 19.3132975 ], [ 77.8781808, 19.309284 ], [ 77.872827, 19.3053086 ], [ 77.8634588, 19.3041963 ], [ 77.8642715, 19.2972209 ], [ 77.8663957, 19.2917246 ], [ 77.8649465, 19.2881306 ], [ 77.8660622, 19.2865052 ], [ 77.8655755, 19.2838215 ], [ 77.8843629, 19.2789298 ], [ 77.8941896, 19.2798119 ], [ 77.9034585, 19.2779596 ], [ 77.9074813, 19.2679881 ], [ 77.902847, 19.2564628 ], [ 77.8909226, 19.259281 ], [ 77.8900071, 19.260891 ], [ 77.8821532, 19.2604706 ], [ 77.8748017, 19.2587601 ], [ 77.8746046, 19.253637 ], [ 77.8713581, 19.2542747 ], [ 77.8694675, 19.2481692 ], [ 77.8700159, 19.244184 ], [ 77.8688416, 19.2410222 ], [ 77.8669023, 19.2399374 ], [ 77.8681389, 19.2367374 ], [ 77.866122, 19.2326125 ], [ 77.8660065, 19.2264019 ], [ 77.858186, 19.2141769 ], [ 77.854814, 19.2027692 ], [ 77.8512283, 19.1997491 ], [ 77.8514919, 19.1960991 ], [ 77.847721, 19.189595 ], [ 77.8540142, 19.1874911 ], [ 77.8604942, 19.1803543 ], [ 77.8559281, 19.17711 ], [ 77.8553846, 19.1747866 ], [ 77.8567131, 19.1707521 ], [ 77.8545251, 19.1701968 ], [ 77.8526462, 19.1668184 ], [ 77.8525311, 19.1546779 ], [ 77.8432247, 19.1415795 ], [ 77.8379468, 19.137653 ], [ 77.8356554, 19.1380808 ], [ 77.8340629, 19.1343082 ], [ 77.83688, 19.1340089 ], [ 77.8379091, 19.1272202 ], [ 77.8415592, 19.1181064 ], [ 77.8476647, 19.1160049 ], [ 77.8483671, 19.1101334 ], [ 77.8471288, 19.1086187 ], [ 77.8462069, 19.1013136 ], [ 77.8510794, 19.0920293 ], [ 77.850395, 19.0885569 ], [ 77.8490848, 19.0884911 ], [ 77.8485798, 19.0865021 ], [ 77.842298, 19.0880145 ], [ 77.83127, 19.0860806 ], [ 77.8295321, 19.0870661 ], [ 77.8264078, 19.0966382 ], [ 77.823585, 19.0977322 ], [ 77.8181405, 19.1049809 ], [ 77.8099343, 19.104734 ], [ 77.8045286, 19.1005566 ], [ 77.8031212, 19.0961716 ], [ 77.8045785, 19.0918045 ], [ 77.8025698, 19.0790612 ], [ 77.8016692, 19.076182 ], [ 77.7978641, 19.0751633 ], [ 77.7967978, 19.0725891 ], [ 77.7967737, 19.0709086 ], [ 77.8000982, 19.0668449 ], [ 77.7986007, 19.0614514 ], [ 77.8003494, 19.0511216 ], [ 77.7933093, 19.0525733 ], [ 77.7890959, 19.0556729 ], [ 77.7752312, 19.0560217 ], [ 77.764812, 19.0626553 ], [ 77.7649492, 19.0471428 ], [ 77.7619022, 19.0361784 ], [ 77.7619963, 19.0318526 ], [ 77.765555, 19.0243055 ], [ 77.7699222, 19.0224051 ], [ 77.770339, 19.0099579 ], [ 77.7722369, 19.003627 ], [ 77.7753511, 19.0006266 ], [ 77.7714972, 18.9791591 ], [ 77.7876263, 18.9726465 ], [ 77.7896741, 18.9745784 ], [ 77.7911405, 18.9828175 ], [ 77.8052173, 18.981856 ], [ 77.8208082, 18.9788528 ], [ 77.8217578, 18.9785078 ], [ 77.8194963, 18.9668938 ], [ 77.8162119, 18.9575165 ], [ 77.8198433, 18.9544406 ], [ 77.8162398, 18.9472702 ], [ 77.8324535, 18.9416286 ], [ 77.8356172, 18.9472467 ], [ 77.8419425, 18.9498726 ], [ 77.8586536, 18.9486633 ], [ 77.8514616, 18.9264068 ], [ 77.847914, 18.926896 ], [ 77.8432542, 18.9086934 ], [ 77.8579394, 18.9023516 ], [ 77.8681784, 18.9043245 ], [ 77.8731718, 18.9039339 ], [ 77.8739377, 18.9076744 ], [ 77.8853844, 18.9042002 ], [ 77.8848056, 18.9003039 ], [ 77.8915841, 18.881414 ], [ 77.9039063, 18.8812459 ], [ 77.9025941, 18.871772 ], [ 77.903232, 18.8666255 ], [ 77.9124251, 18.8650694 ], [ 77.9124266, 18.8631722 ], [ 77.9142638, 18.8634608 ], [ 77.9141492, 18.8613679 ], [ 77.9251428, 18.8606913 ], [ 77.9300608, 18.8587263 ], [ 77.9293504, 18.8535862 ], [ 77.9374523, 18.8515914 ], [ 77.9347756, 18.8451448 ], [ 77.9489009, 18.8432892 ], [ 77.9485361, 18.8298365 ], [ 77.9430941, 18.8248072 ], [ 77.934498, 18.8222654 ], [ 77.9122582, 18.8268912 ], [ 77.9066722, 18.8266974 ], [ 77.8934736, 18.8206967 ], [ 77.8879405, 18.82011 ], [ 77.8819899, 18.8174039 ], [ 77.8714148, 18.8181648 ], [ 77.8598824, 18.8090472 ], [ 77.8536773, 18.8090702 ], [ 77.8399548, 18.8048215 ], [ 77.838508, 18.7968302 ], [ 77.8321933, 18.7882452 ], [ 77.8267918, 18.7698409 ], [ 77.8167121, 18.7506425 ], [ 77.812341, 18.7385118 ], [ 77.8042503, 18.7272423 ], [ 77.804184, 18.7131774 ], [ 77.8010604, 18.7076217 ], [ 77.7962182, 18.7039601 ], [ 77.7950056, 18.6970368 ], [ 77.7897645, 18.69515 ], [ 77.7901219, 18.688173 ], [ 77.7872883, 18.68264 ], [ 77.7770061, 18.6853561 ], [ 77.7719051, 18.689055 ], [ 77.7732401, 18.7013562 ], [ 77.7703276, 18.7018435 ], [ 77.768152, 18.7058594 ], [ 77.7599833, 18.7068441 ], [ 77.7535038, 18.700992 ], [ 77.750593, 18.6952485 ], [ 77.7524399, 18.6893445 ], [ 77.7492486, 18.6826666 ], [ 77.7436891, 18.6816248 ], [ 77.7431337, 18.6782727 ], [ 77.7382243, 18.6764984 ], [ 77.7299742, 18.6669369 ], [ 77.7315717, 18.6643384 ], [ 77.7346554, 18.663433 ], [ 77.7357088, 18.660987 ], [ 77.7336242, 18.6578075 ], [ 77.730204, 18.656082 ], [ 77.7305043, 18.6451454 ], [ 77.7347113, 18.6410122 ], [ 77.7456566, 18.6212884 ], [ 77.7455733, 18.6059415 ], [ 77.7475954, 18.6032002 ], [ 77.750343, 18.5892121 ], [ 77.7460671, 18.5845974 ], [ 77.7434678, 18.5776183 ], [ 77.7403807, 18.5752177 ], [ 77.7396063, 18.568362 ], [ 77.7370442, 18.5638442 ], [ 77.7384996, 18.5567887 ], [ 77.7232514, 18.553329 ], [ 77.7109715, 18.5563033 ], [ 77.7015614, 18.5551711 ], [ 77.6883277, 18.5449523 ], [ 77.6806853, 18.5452532 ], [ 77.6645983, 18.5358002 ], [ 77.6616637, 18.531857 ], [ 77.6558604, 18.530899 ], [ 77.6513515, 18.5322634 ], [ 77.648326, 18.5373361 ], [ 77.6458969, 18.5388368 ], [ 77.6492233, 18.5411926 ], [ 77.6520745, 18.551794 ], [ 77.6477108, 18.5529904 ], [ 77.6479131, 18.5549314 ], [ 77.6396194, 18.554941 ], [ 77.6340001, 18.5439178 ], [ 77.627629, 18.5481249 ], [ 77.6292523, 18.5536753 ], [ 77.6264743, 18.5518943 ], [ 77.6151852, 18.5508457 ], [ 77.6160351, 18.5489661 ], [ 77.6131894, 18.5491004 ], [ 77.6124963, 18.5444793 ], [ 77.6105644, 18.5445403 ], [ 77.6100684, 18.5498821 ], [ 77.6037998, 18.5502621 ], [ 77.5963694, 18.5489414 ], [ 77.5953035, 18.5355417 ], [ 77.5920578, 18.5323219 ], [ 77.5906911, 18.5266657 ], [ 77.5925093, 18.5266191 ], [ 77.596567, 18.5302 ], [ 77.6004366, 18.5272958 ], [ 77.5988257, 18.5242065 ], [ 77.6002815, 18.5222965 ], [ 77.5970677, 18.5158834 ], [ 77.5877528, 18.5128566 ], [ 77.5859069, 18.5039961 ], [ 77.5942871, 18.4979062 ], [ 77.5943972, 18.4961963 ], [ 77.6047069, 18.4963668 ], [ 77.6036754, 18.4929392 ], [ 77.6062256, 18.4891969 ], [ 77.6036102, 18.4836783 ], [ 77.6031261, 18.4768475 ], [ 77.594283, 18.4769101 ], [ 77.5922504, 18.4847153 ], [ 77.5763693, 18.4867846 ], [ 77.572861, 18.4698149 ], [ 77.5610678, 18.4702552 ], [ 77.560245, 18.4686218 ], [ 77.5485634, 18.4685813 ], [ 77.5507619, 18.4604095 ], [ 77.5640378, 18.4610217 ], [ 77.5641138, 18.4600355 ], [ 77.5836043, 18.4562058 ], [ 77.5830005, 18.4499409 ], [ 77.5860967, 18.4494025 ], [ 77.5852973, 18.4467923 ], [ 77.574304, 18.4417987 ], [ 77.5690689, 18.4428662 ], [ 77.5682945, 18.4394689 ], [ 77.5641809, 18.4373026 ], [ 77.5602008, 18.4372836 ], [ 77.5479806, 18.4432282 ], [ 77.5413659, 18.4445893 ], [ 77.5359243, 18.4447714 ], [ 77.5321158, 18.4429559 ], [ 77.5284883, 18.4433734 ], [ 77.527516, 18.4421112 ], [ 77.5281666, 18.428913 ], [ 77.5373127, 18.4262792 ], [ 77.5369007, 18.4242459 ], [ 77.5564683, 18.4194283 ], [ 77.5567561, 18.4171433 ], [ 77.5526804, 18.4016907 ], [ 77.551602, 18.3888977 ], [ 77.545917, 18.3886866 ], [ 77.5431861, 18.386089 ], [ 77.5406413, 18.386864 ], [ 77.5386, 18.3858822 ], [ 77.5356113, 18.3807485 ], [ 77.5254719, 18.3727051 ], [ 77.5240457, 18.3642004 ], [ 77.5202063, 18.3571752 ], [ 77.5223412, 18.3464671 ], [ 77.5244671, 18.3432385 ], [ 77.5302305, 18.3391674 ], [ 77.5580236, 18.3314164 ], [ 77.563866, 18.3222972 ], [ 77.5704795, 18.3181125 ], [ 77.5713961, 18.3088291 ], [ 77.5648208, 18.3060586 ], [ 77.5532599, 18.2980907 ], [ 77.5512623, 18.2916932 ], [ 77.5400325, 18.294662 ], [ 77.5327177, 18.2986991 ], [ 77.5237275, 18.3082102 ], [ 77.5125365, 18.3095583 ], [ 77.5099852, 18.3075652 ], [ 77.5088202, 18.3042823 ], [ 77.511086, 18.2953012 ], [ 77.5102316, 18.2924791 ], [ 77.5120464, 18.2907399 ], [ 77.5115575, 18.2820493 ], [ 77.5096156, 18.281813 ], [ 77.5052206, 18.2770237 ], [ 77.4986633, 18.2767469 ], [ 77.4962801, 18.2747141 ], [ 77.4926671, 18.2672035 ], [ 77.4813795, 18.2723562 ], [ 77.4797325, 18.2681778 ], [ 77.4757489, 18.2646629 ], [ 77.4650375, 18.262536 ], [ 77.4523339, 18.2669779 ], [ 77.4513199, 18.267814 ], [ 77.4517795, 18.2697225 ], [ 77.447578, 18.2699952 ], [ 77.4455805, 18.2766211 ], [ 77.4458578, 18.2838085 ], [ 77.4404801, 18.2826573 ], [ 77.4365116, 18.2932287 ], [ 77.4376648, 18.3103138 ], [ 77.4283078, 18.3123647 ], [ 77.4255626, 18.3078801 ], [ 77.4170321, 18.306432 ], [ 77.4089952, 18.3014687 ], [ 77.4014212, 18.3044853 ], [ 77.3948539, 18.3035892 ], [ 77.3881072, 18.30656 ], [ 77.3851181, 18.3093115 ], [ 77.3759612, 18.3091128 ], [ 77.3657897, 18.3071248 ], [ 77.3579562, 18.3166743 ], [ 77.3567244, 18.3202021 ], [ 77.3716047, 18.3252085 ], [ 77.3756182, 18.3320525 ], [ 77.38094, 18.331022 ], [ 77.3809805, 18.338911 ], [ 77.3824278, 18.3422528 ], [ 77.3841593, 18.3424673 ], [ 77.3854861, 18.3408115 ], [ 77.3891809, 18.3437477 ], [ 77.3941951, 18.3419968 ], [ 77.3945647, 18.3476616 ], [ 77.4001486, 18.3474464 ], [ 77.398929, 18.3597857 ], [ 77.3948698, 18.3684547 ], [ 77.3964571, 18.3704654 ], [ 77.4017473, 18.3719156 ], [ 77.402594, 18.3739274 ], [ 77.409836, 18.3774114 ], [ 77.4132871, 18.3850699 ], [ 77.4140943, 18.3931075 ], [ 77.4035736, 18.3996463 ], [ 77.4008313, 18.3998771 ], [ 77.4001643, 18.4019981 ], [ 77.3955669, 18.4019896 ], [ 77.3929002, 18.4013296 ], [ 77.3921996, 18.3997243 ], [ 77.3884304, 18.3995349 ], [ 77.3728282, 18.4013132 ], [ 77.372331, 18.4067272 ], [ 77.3704994, 18.4077887 ], [ 77.3683885, 18.4125254 ], [ 77.3706456, 18.4187914 ], [ 77.3672642, 18.4186942 ], [ 77.3654035, 18.4277179 ], [ 77.3621493, 18.4298884 ], [ 77.3644586, 18.4345191 ], [ 77.3620281, 18.4355784 ], [ 77.3618385, 18.4372792 ], [ 77.3674989, 18.4469562 ], [ 77.3656359, 18.4515641 ], [ 77.3534851, 18.4476666 ], [ 77.3511721, 18.4424285 ], [ 77.3479578, 18.4394708 ], [ 77.3475044, 18.4339592 ], [ 77.3452183, 18.4336111 ], [ 77.3356755, 18.4424497 ], [ 77.3360318, 18.450155 ], [ 77.3274516, 18.451716 ], [ 77.3264151, 18.4588467 ], [ 77.3198851, 18.4580272 ], [ 77.316878, 18.4479858 ], [ 77.3169323, 18.4424633 ], [ 77.3006571, 18.4381809 ], [ 77.3003203, 18.4363854 ], [ 77.2871739, 18.4305744 ], [ 77.279038, 18.4297979 ], [ 77.2732463, 18.4230229 ], [ 77.265655, 18.4223432 ], [ 77.2593687, 18.4132612 ], [ 77.241768, 18.4126071 ], [ 77.234763, 18.3967641 ], [ 77.235124, 18.3927484 ], [ 77.2336851, 18.3882006 ], [ 77.2394597, 18.3786069 ], [ 77.2484246, 18.3760563 ], [ 77.246391, 18.3707656 ], [ 77.2339885, 18.3698033 ], [ 77.2258853, 18.3651614 ], [ 77.2244844, 18.3559745 ], [ 77.2200911, 18.3492735 ], [ 77.2295849, 18.3482086 ], [ 77.2227657, 18.3397466 ], [ 77.2190672, 18.3257305 ], [ 77.214776, 18.3232394 ], [ 77.211794, 18.3162807 ], [ 77.2016679, 18.3221652 ], [ 77.1987125, 18.3154522 ], [ 77.2031085, 18.3054218 ], [ 77.202926, 18.2977345 ], [ 77.2055503, 18.2940977 ], [ 77.2098528, 18.2949673 ], [ 77.209355, 18.2877237 ], [ 77.2130133, 18.2803203 ], [ 77.2037673, 18.2800561 ], [ 77.1974734, 18.2766098 ], [ 77.1954056, 18.2798109 ], [ 77.1882135, 18.2847422 ], [ 77.1748119, 18.2848618 ], [ 77.1707437, 18.2767552 ], [ 77.1690308, 18.2658334 ], [ 77.1704057, 18.2643064 ], [ 77.1697493, 18.2608712 ], [ 77.1591338, 18.2557899 ], [ 77.1518754, 18.2382564 ], [ 77.1486325, 18.2390456 ], [ 77.1492318, 18.221398 ], [ 77.1507095, 18.2221609 ], [ 77.1515219, 18.2170449 ], [ 77.1426986, 18.2170407 ], [ 77.1401377, 18.2077185 ], [ 77.134643, 18.2072081 ], [ 77.1337352, 18.2058649 ], [ 77.1272751, 18.2076704 ], [ 77.1112905, 18.2042434 ], [ 77.0975987, 18.1967236 ], [ 77.0991221, 18.1919904 ], [ 77.116338, 18.1710165 ], [ 77.1167228, 18.1661818 ], [ 77.1115431, 18.1558335 ], [ 77.1069002, 18.155157 ], [ 77.1032375, 18.1578292 ], [ 77.0994771, 18.1581933 ], [ 77.091322, 18.1558376 ], [ 77.0848452, 18.1507888 ], [ 77.063958, 18.1506521 ], [ 77.0586465, 18.156608 ], [ 77.053202, 18.1594518 ], [ 77.051168, 18.1724545 ], [ 77.0519773, 18.1732294 ], [ 77.0331777, 18.1819928 ], [ 77.0317304, 18.1774331 ], [ 77.0230837, 18.1756529 ], [ 77.0254935, 18.1618666 ], [ 77.023304, 18.1585095 ], [ 77.0011141, 18.1608995 ], [ 77.0017891, 18.1623479 ], [ 76.9969238, 18.1648225 ], [ 76.9964079, 18.1661971 ], [ 76.9932022, 18.1758096 ], [ 76.9940142, 18.1805419 ], [ 76.9905596, 18.185764 ], [ 76.9906091, 18.1899878 ], [ 76.9783988, 18.1919838 ], [ 76.977419, 18.1888689 ], [ 76.9657995, 18.1900674 ], [ 76.9519345, 18.1880993 ], [ 76.9516157, 18.1814014 ], [ 76.9500954, 18.1788847 ], [ 76.9484501, 18.1687601 ], [ 76.9476793, 18.1664065 ], [ 76.9460846, 18.1666293 ], [ 76.9423631, 18.1564173 ], [ 76.9314765, 18.1596534 ], [ 76.9239631, 18.1466334 ], [ 76.924475, 18.1427399 ], [ 76.9313846, 18.1356277 ], [ 76.9317953, 18.1335262 ], [ 76.9202492, 18.1250736 ], [ 76.9204996, 18.1181828 ], [ 76.9217121, 18.1155465 ], [ 76.9248557, 18.1163076 ], [ 76.9329213, 18.1128339 ], [ 76.9377404, 18.1149056 ], [ 76.954274, 18.1105443 ], [ 76.9566175, 18.1088358 ], [ 76.958717, 18.1041192 ], [ 76.9653342, 18.1000242 ], [ 76.9663497, 18.0982012 ], [ 76.9649344, 18.0917312 ], [ 76.9629414, 18.0895718 ], [ 76.9452138, 18.0832008 ], [ 76.9483128, 18.0716361 ], [ 76.9514432, 18.0656614 ], [ 76.9516204, 18.0610531 ], [ 76.9510557, 18.0577596 ], [ 76.944901, 18.0483611 ], [ 76.9483622, 18.0444049 ], [ 76.9526868, 18.0439386 ], [ 76.9523052, 18.0402193 ], [ 76.936618, 18.0368579 ], [ 76.9242831, 18.0369621 ], [ 76.9143153, 18.0353612 ], [ 76.9146874, 18.0307375 ], [ 76.9122953, 18.0173392 ], [ 76.9109434, 18.014958 ], [ 76.9076316, 18.0142196 ], [ 76.9056438, 18.0097096 ], [ 76.9060331, 18.0023182 ], [ 76.9080742, 17.9995159 ], [ 76.9067074, 17.9965944 ], [ 76.9131397, 17.9968903 ], [ 76.9135913, 17.9886118 ], [ 76.9123666, 17.9787998 ], [ 76.9144401, 17.9615648 ], [ 76.9153856, 17.9571102 ], [ 76.9183046, 17.9560163 ], [ 76.9172857, 17.9480589 ], [ 76.9206683, 17.9415708 ], [ 76.9191001, 17.9162003 ], [ 76.914736, 17.9148071 ], [ 76.9012647, 17.9172423 ], [ 76.9017481, 17.9158328 ], [ 76.8989896, 17.9090673 ], [ 76.8968853, 17.9103707 ], [ 76.8965543, 17.9057493 ], [ 76.8938391, 17.9060724 ], [ 76.8950434, 17.9027482 ], [ 76.8941872, 17.8998267 ], [ 76.8884937, 17.8979409 ], [ 76.8839856, 17.8989816 ], [ 76.884268, 17.8942929 ], [ 76.8812905, 17.8953367 ], [ 76.879167, 17.8945189 ], [ 76.8726646, 17.8980767 ], [ 76.8526449, 17.9007226 ], [ 76.8463548, 17.8997255 ], [ 76.8453425, 17.9007577 ], [ 76.8443564, 17.8996574 ], [ 76.838956, 17.8990624 ], [ 76.8346578, 17.8958132 ], [ 76.8319203, 17.8952564 ], [ 76.8312016, 17.8856157 ], [ 76.8102157, 17.8870414 ], [ 76.8077634, 17.8780482 ], [ 76.8081913, 17.8710434 ], [ 76.8066694, 17.8705752 ], [ 76.7987803, 17.8715391 ], [ 76.7883938, 17.8757859 ], [ 76.7750496, 17.8777129 ], [ 76.7735749, 17.8904592 ], [ 76.7718328, 17.8919221 ], [ 76.7681608, 17.9011521 ], [ 76.7571319, 17.8991669 ], [ 76.7399719, 17.8997012 ], [ 76.7412465, 17.8953987 ], [ 76.7388426, 17.8831046 ], [ 76.7384821, 17.8566816 ], [ 76.751494, 17.8581307 ], [ 76.758732, 17.8560233 ], [ 76.7655966, 17.8512793 ], [ 76.7676299, 17.8520037 ], [ 76.7740742, 17.8463822 ], [ 76.7742205, 17.8419731 ], [ 76.7793064, 17.8362812 ], [ 76.7869989, 17.8331994 ], [ 76.7889381, 17.8271941 ], [ 76.7903937, 17.8263341 ], [ 76.7839488, 17.8178743 ], [ 76.7828632, 17.8179171 ], [ 76.7815094, 17.809391 ], [ 76.7825908, 17.806638 ], [ 76.7787276, 17.8004803 ], [ 76.775444, 17.7982943 ], [ 76.7665099, 17.7984687 ], [ 76.7659022, 17.7922381 ], [ 76.7644635, 17.7889634 ], [ 76.7620995, 17.7887817 ], [ 76.7620385, 17.787017 ], [ 76.7509107, 17.787053 ], [ 76.7507363, 17.78455 ], [ 76.7425251, 17.784224 ], [ 76.7443373, 17.78034 ], [ 76.7406458, 17.7794643 ], [ 76.7298699, 17.7827435 ], [ 76.7301638, 17.7838455 ], [ 76.7209401, 17.7880576 ], [ 76.7140914, 17.78094 ], [ 76.7119119, 17.7732673 ], [ 76.721072, 17.7694979 ], [ 76.7184011, 17.7559434 ], [ 76.7187871, 17.7514795 ], [ 76.7248073, 17.7511023 ], [ 76.7240358, 17.7479581 ], [ 76.7282708, 17.7375607 ], [ 76.7091094, 17.7317001 ], [ 76.6996459, 17.7272491 ], [ 76.7043275, 17.7230133 ], [ 76.703655, 17.7159954 ], [ 76.7013074, 17.7090708 ], [ 76.6925397, 17.7067236 ], [ 76.6921408, 17.7007792 ], [ 76.6941775, 17.6956803 ], [ 76.6908277, 17.685747 ], [ 76.6908399, 17.6810048 ], [ 76.6873755, 17.6800503 ], [ 76.6843563, 17.6858884 ], [ 76.6797233, 17.6863527 ], [ 76.6749215, 17.6899931 ], [ 76.6707622, 17.6905271 ], [ 76.6641888, 17.6875602 ], [ 76.6597292, 17.7082846 ], [ 76.655599, 17.7178542 ], [ 76.6527923, 17.722133 ], [ 76.6332595, 17.7282202 ], [ 76.6280974, 17.7506493 ], [ 76.631885, 17.7546414 ], [ 76.6224307, 17.7604981 ], [ 76.6182908, 17.7677201 ], [ 76.6153311, 17.7703965 ], [ 76.6136293, 17.7708537 ], [ 76.6110393, 17.769364 ], [ 76.6069644, 17.7593595 ], [ 76.6052959, 17.758645 ], [ 76.5997887, 17.732708 ], [ 76.6010768, 17.7258606 ], [ 76.5943801, 17.7224497 ], [ 76.5884678, 17.7101851 ], [ 76.5883371, 17.7075782 ], [ 76.5822, 17.7052703 ], [ 76.5702954, 17.7054057 ], [ 76.5678014, 17.7424764 ], [ 76.5669727, 17.7461945 ], [ 76.5639572, 17.7508334 ], [ 76.5651725, 17.7534321 ], [ 76.5709451, 17.7577265 ], [ 76.5727077, 17.7605395 ], [ 76.5612624, 17.7646192 ], [ 76.5466299, 17.760697 ], [ 76.5430562, 17.7616285 ], [ 76.5306876, 17.7582603 ], [ 76.5232757, 17.7597973 ], [ 76.5273588, 17.7378437 ], [ 76.5239022, 17.7151521 ], [ 76.5117265, 17.7179735 ], [ 76.5006884, 17.7184186 ], [ 76.4949537, 17.7159749 ], [ 76.4872276, 17.7147636 ], [ 76.4844877, 17.6785118 ], [ 76.4850163, 17.6709759 ], [ 76.4897487, 17.6604992 ], [ 76.4866716, 17.6584118 ], [ 76.4589151, 17.6581229 ], [ 76.4528603, 17.6557902 ], [ 76.4544828, 17.6497863 ], [ 76.4419579, 17.6490871 ], [ 76.4450047, 17.6409513 ], [ 76.4353901, 17.6462614 ], [ 76.4291914, 17.6449534 ], [ 76.4283809, 17.640155 ], [ 76.4272408, 17.6395854 ], [ 76.4284918, 17.6337939 ], [ 76.4267895, 17.6258147 ], [ 76.4192881, 17.6062308 ], [ 76.4196849, 17.6037101 ], [ 76.3930537, 17.6031459 ], [ 76.3918633, 17.6006467 ], [ 76.3817006, 17.6022493 ], [ 76.377638, 17.5978733 ], [ 76.3500305, 17.5940996 ], [ 76.3367431, 17.5973012 ], [ 76.3315623, 17.5959775 ], [ 76.3312865, 17.5974186 ], [ 76.333127, 17.5649868 ], [ 76.3350297, 17.5651806 ], [ 76.3385321, 17.5568038 ], [ 76.3406781, 17.5479731 ], [ 76.3406925, 17.5424746 ], [ 76.3487525, 17.5394268 ], [ 76.3627404, 17.5373726 ], [ 76.3672191, 17.5194529 ], [ 76.366073, 17.5156751 ], [ 76.3645997, 17.5149692 ], [ 76.3465719, 17.5125794 ], [ 76.343329, 17.5006561 ], [ 76.3457646, 17.4925298 ], [ 76.3623059, 17.495917 ], [ 76.3746884, 17.4956497 ], [ 76.3755161, 17.4902199 ], [ 76.3682441, 17.4832012 ], [ 76.3503613, 17.474175 ], [ 76.3332134, 17.4717622 ], [ 76.3306873, 17.4701936 ], [ 76.3310345, 17.4559912 ], [ 76.3334309, 17.4554828 ], [ 76.3332625, 17.433901 ], [ 76.3534836, 17.437301 ], [ 76.3715104, 17.4364236 ], [ 76.3700042, 17.4169372 ], [ 76.3710702, 17.4134321 ], [ 76.3693661, 17.4012508 ], [ 76.3684727, 17.4013851 ], [ 76.3658582, 17.3914718 ], [ 76.3634265, 17.3776681 ], [ 76.3829785, 17.3739671 ], [ 76.4091205, 17.3713878 ], [ 76.4121887, 17.3510677 ], [ 76.4031596, 17.3499717 ], [ 76.3966078, 17.3471039 ], [ 76.3850993, 17.3237612 ], [ 76.3831599, 17.3145257 ], [ 76.3540117, 17.3143165 ], [ 76.3542858, 17.324401 ], [ 76.3470251, 17.344198 ], [ 76.3452992, 17.3544481 ], [ 76.3380309, 17.3541125 ], [ 76.3292035, 17.3508069 ], [ 76.3143441, 17.3483898 ], [ 76.3120282, 17.3460143 ], [ 76.3188572, 17.3381415 ], [ 76.3176634, 17.3323757 ], [ 76.2763604, 17.3345742 ], [ 76.2720091, 17.3605919 ], [ 76.2700408, 17.3605104 ], [ 76.2670211, 17.3634751 ], [ 76.2650427, 17.3617063 ], [ 76.2507275, 17.3604328 ], [ 76.2490536, 17.3665887 ], [ 76.250428, 17.3696808 ], [ 76.2445817, 17.3715393 ], [ 76.2439834, 17.3787853 ], [ 76.2420871, 17.3788371 ], [ 76.2285304, 17.3758436 ], [ 76.2292843, 17.3652061 ], [ 76.2123576, 17.3619872 ], [ 76.196392, 17.3636667 ], [ 76.180424, 17.3583873 ], [ 76.1703147, 17.3526242 ], [ 76.1731844, 17.3342052 ], [ 76.177259, 17.3229851 ], [ 76.1792563, 17.3185744 ], [ 76.1832482, 17.3194347 ], [ 76.1832697, 17.3151292 ], [ 76.1818697, 17.3141963 ], [ 76.1810696, 17.3090537 ], [ 76.176315, 17.3007875 ], [ 76.1650794, 17.303335 ], [ 76.1626178, 17.3452201 ], [ 76.1395725, 17.354405 ], [ 76.133002, 17.358319 ], [ 76.1189533, 17.3705043 ], [ 76.1092599, 17.3664531 ], [ 76.0997398, 17.3646507 ], [ 76.0893787, 17.353133 ], [ 76.0931489, 17.3492141 ], [ 76.088119, 17.3421657 ], [ 76.0874966, 17.3365082 ], [ 76.07913, 17.3316024 ], [ 76.0734034, 17.3365102 ], [ 76.0721361, 17.3353147 ], [ 76.0646331, 17.3512146 ], [ 76.0605352, 17.3553077 ], [ 76.0527744, 17.3557936 ], [ 76.0377506, 17.3518813 ], [ 76.0285318, 17.3511369 ], [ 76.0143324, 17.3535333 ], [ 76.0101908, 17.3523847 ], [ 75.9982723, 17.3379682 ], [ 75.9839034, 17.3362167 ], [ 75.9687071, 17.3364679 ], [ 75.9485738, 17.3297291 ], [ 75.933945, 17.3227401 ], [ 75.9308194, 17.3225728 ], [ 75.9250972, 17.3257462 ], [ 75.9100775, 17.3445187 ], [ 75.9067794, 17.3467907 ], [ 75.8945023, 17.3508305 ], [ 75.8905819, 17.3565223 ], [ 75.8901785, 17.3611736 ], [ 75.8952368, 17.3781789 ], [ 75.8940641, 17.4011958 ], [ 75.8918977, 17.4075521 ], [ 75.8841884, 17.4179596 ], [ 75.8784773, 17.4181274 ], [ 75.8765061, 17.4161434 ], [ 75.8745225, 17.4123622 ], [ 75.8752029, 17.398086 ], [ 75.8608781, 17.385595 ], [ 75.8583351, 17.3865284 ], [ 75.8564136, 17.3894318 ], [ 75.854057, 17.4044931 ], [ 75.8510841, 17.4105253 ], [ 75.8302628, 17.4218117 ], [ 75.8214407, 17.4212226 ], [ 75.8189777, 17.4180971 ], [ 75.818321, 17.4066173 ], [ 75.8135752, 17.3957202 ], [ 75.8151022, 17.378471 ], [ 75.8136601, 17.37276 ], [ 75.8104902, 17.3696533 ], [ 75.8060841, 17.3680221 ], [ 75.7929405, 17.3696974 ], [ 75.7802804, 17.3756372 ], [ 75.7720346, 17.3857447 ], [ 75.7690517, 17.3937613 ], [ 75.7679037, 17.4023543 ], [ 75.7658676, 17.4053042 ], [ 75.7629261, 17.4065978 ], [ 75.7530927, 17.4071327 ], [ 75.7335948, 17.420093 ], [ 75.7280717, 17.4194186 ], [ 75.7199803, 17.411518 ], [ 75.7124407, 17.4079339 ], [ 75.7044992, 17.4074761 ], [ 75.6907294, 17.4094736 ], [ 75.683496, 17.4169238 ], [ 75.6780945, 17.4340558 ], [ 75.6784981, 17.4510887 ], [ 75.6758759, 17.4559431 ], [ 75.6689537, 17.4585947 ], [ 75.6588376, 17.4580579 ], [ 75.6487895, 17.4703271 ], [ 75.6329797, 17.4772144 ], [ 75.6282336, 17.4671718 ], [ 75.6274384, 17.4625008 ], [ 75.6216124, 17.4592462 ], [ 75.6205858, 17.4524863 ], [ 75.6154066, 17.4386134 ], [ 75.6133532, 17.4247419 ], [ 75.6095768, 17.4237366 ], [ 75.6066011, 17.4203724 ], [ 75.6120804, 17.4074004 ], [ 75.6135163, 17.3919151 ], [ 75.6061228, 17.3944785 ], [ 75.6010751, 17.3903071 ], [ 75.5936046, 17.3873016 ], [ 75.5741668, 17.3832555 ], [ 75.5771776, 17.3759071 ], [ 75.5808454, 17.351223 ], [ 75.5862883, 17.35059 ], [ 75.5951365, 17.3462133 ], [ 75.6100252, 17.3450403 ], [ 75.6105689, 17.3368742 ], [ 75.6123092, 17.3364513 ], [ 75.6120806, 17.3254209 ], [ 75.6037343, 17.3055034 ], [ 75.6224076, 17.2951032 ], [ 75.6254727, 17.2853197 ], [ 75.6301911, 17.2806315 ], [ 75.6278489, 17.2743396 ], [ 75.6541686, 17.2738152 ], [ 75.6577161, 17.2632077 ], [ 75.6585568, 17.2386699 ], [ 75.6619116, 17.2145889 ], [ 75.6553902, 17.2055331 ], [ 75.6425914, 17.1976481 ], [ 75.6398473, 17.1943197 ], [ 75.6399302, 17.1888651 ], [ 75.6284345, 17.1886579 ], [ 75.6288639, 17.1834021 ], [ 75.6272329, 17.1831613 ], [ 75.6253766, 17.1740003 ], [ 75.6282599, 17.1626941 ], [ 75.63244, 17.1575052 ], [ 75.6345783, 17.1569968 ], [ 75.6452025, 17.1442148 ], [ 75.6475699, 17.1345077 ], [ 75.6495316, 17.1343765 ], [ 75.6503469, 17.1156923 ], [ 75.6722887, 17.1159958 ], [ 75.6723439, 17.1014028 ], [ 75.675786, 17.0952914 ], [ 75.6733656, 17.0911987 ], [ 75.6787384, 17.0771509 ], [ 75.6788758, 17.0730033 ], [ 75.6772215, 17.0721845 ], [ 75.6767154, 17.0654159 ], [ 75.6607992, 17.0641908 ], [ 75.6544429, 17.0590026 ], [ 75.6503072, 17.057255 ], [ 75.6409985, 17.0375814 ], [ 75.6465023, 17.0332888 ], [ 75.649994, 17.0322381 ], [ 75.669694, 17.0381603 ], [ 75.6682495, 17.0150193 ], [ 75.6690889, 17.0095659 ], [ 75.6672333, 17.0057598 ], [ 75.6657236, 16.9937482 ], [ 75.6660752, 16.9797716 ], [ 75.6688218, 16.979832 ], [ 75.6718374, 16.9759255 ], [ 75.672552, 16.9701288 ], [ 75.6770822, 16.9690027 ], [ 75.675134, 16.9655458 ], [ 75.6717057, 16.9641411 ], [ 75.670321, 16.962052 ], [ 75.6553985, 16.9615259 ], [ 75.6489334, 16.958992 ], [ 75.6466772, 16.9546864 ], [ 75.6447571, 16.9540788 ], [ 75.6406071, 16.955299 ], [ 75.638206, 16.9577548 ], [ 75.6369343, 16.9685445 ], [ 75.633932, 16.9702592 ], [ 75.607863, 16.9709971 ], [ 75.6082446, 16.9816466 ], [ 75.6061302, 16.9943629 ], [ 75.6068535, 17.0045711 ], [ 75.5730972, 17.0096065 ], [ 75.567219, 17.0090463 ], [ 75.566115, 16.9818285 ], [ 75.5676521, 16.9657459 ], [ 75.563886, 16.9678073 ], [ 75.5391731, 16.9654803 ], [ 75.5293142, 16.9693998 ], [ 75.5096613, 16.9502502 ], [ 75.5079011, 16.9497544 ], [ 75.5073559, 16.9508295 ], [ 75.4890777, 16.9444227 ], [ 75.4891679, 16.9591146 ], [ 75.4875232, 16.9663889 ], [ 75.4837694, 16.972085 ], [ 75.4832365, 16.9759946 ], [ 75.4785649, 16.9785733 ], [ 75.4688874, 16.9795365 ], [ 75.4661825, 16.9813117 ], [ 75.4655522, 16.988365 ], [ 75.4416035, 16.9822311 ], [ 75.4353553, 16.9734502 ], [ 75.427878, 16.9664946 ], [ 75.4115088, 16.9742456 ], [ 75.3921351, 16.9800907 ], [ 75.3685432, 16.9719514 ], [ 75.3611306, 16.9655675 ], [ 75.35839, 16.9649021 ], [ 75.3585319, 16.962856 ], [ 75.3500509, 16.9578165 ], [ 75.3412679, 16.956145 ], [ 75.3255473, 16.9558245 ], [ 75.3171038, 16.9569548 ], [ 75.2800699, 16.9565195 ], [ 75.2809993, 16.9528535 ], [ 75.2795642, 16.9446371 ], [ 75.2793827, 16.9233283 ], [ 75.2829014, 16.9097163 ], [ 75.2899356, 16.9040258 ], [ 75.2820299, 16.8802905 ], [ 75.2729885, 16.869201 ], [ 75.2647197, 16.8627998 ], [ 75.2587968, 16.8644128 ], [ 75.2509598, 16.8644961 ], [ 75.2376609, 16.8679409 ], [ 75.2276397, 16.8431755 ], [ 75.2142022, 16.8416992 ], [ 75.1818475, 16.8434023 ], [ 75.1833645, 16.8541714 ], [ 75.1889874, 16.8752803 ], [ 75.176576, 16.867707 ], [ 75.1555535, 16.8685557 ], [ 75.1364832, 16.8744879 ], [ 75.1324591, 16.8894226 ], [ 75.1344497, 16.8944966 ], [ 75.1203228, 16.9025305 ], [ 75.1173904, 16.9134437 ], [ 75.1046417, 16.9126757 ], [ 75.0963086, 16.9137433 ], [ 75.0917976, 16.9260463 ], [ 75.0921367, 16.9401079 ], [ 75.0893337, 16.9515822 ], [ 75.0850806, 16.9515746 ], [ 75.0781199, 16.9488257 ], [ 75.0743523, 16.9500154 ], [ 75.0725885, 16.9466464 ], [ 75.0620358, 16.9415215 ], [ 75.0509109, 16.9413833 ], [ 75.0482665, 16.9425399 ], [ 75.0445393, 16.9417296 ], [ 75.0413852, 16.9400631 ], [ 75.0406614, 16.9364435 ], [ 75.0378708, 16.9357058 ], [ 75.0357666, 16.9328401 ], [ 75.0335997, 16.9337179 ], [ 75.0290613, 16.931488 ], [ 75.0264346, 16.931925 ], [ 75.027096, 16.9294546 ], [ 75.0252348, 16.9280023 ], [ 75.0247735, 16.9396394 ], [ 75.0265857, 16.9441363 ], [ 75.0044957, 16.9462698 ], [ 75.0000457, 16.948908 ], [ 75.0001621, 16.9499025 ], [ 74.9929089, 16.9520704 ], [ 74.9682574, 16.9501587 ], [ 74.966075, 16.9477055 ], [ 74.9643551, 16.9476332 ], [ 74.9675129, 16.9416076 ], [ 74.9606363, 16.9399514 ], [ 74.9601556, 16.9372557 ], [ 74.960502, 16.9334787 ], [ 74.9656759, 16.9298583 ], [ 74.9645444, 16.9267763 ], [ 74.9582589, 16.928244 ], [ 74.9504176, 16.9329471 ], [ 74.947603, 16.9393488 ], [ 74.9411669, 16.9407784 ], [ 74.9367109, 16.9441981 ], [ 74.9317072, 16.9447552 ], [ 74.930556, 16.941665 ], [ 74.9265411, 16.9393246 ], [ 74.9231647, 16.9393066 ], [ 74.9217757, 16.9298617 ], [ 74.9342155, 16.9242284 ], [ 74.932656, 16.9189057 ], [ 74.9382664, 16.9172922 ], [ 74.9443548, 16.9108368 ], [ 74.9548577, 16.9101698 ], [ 74.9553499, 16.9053431 ], [ 74.958838, 16.9058502 ], [ 74.9636393, 16.9110998 ], [ 74.9635786, 16.9097113 ], [ 74.9603608, 16.8809472 ], [ 74.9445815, 16.8811566 ], [ 74.9442696, 16.8826906 ], [ 74.9359132, 16.8788784 ], [ 74.9352214, 16.8710651 ], [ 74.9255483, 16.8720298 ], [ 74.9254203, 16.8677224 ], [ 74.9240181, 16.8671345 ], [ 74.9266916, 16.863829 ], [ 74.9109746, 16.8640409 ], [ 74.9015157, 16.8625502 ], [ 74.903248, 16.8591809 ], [ 74.9042363, 16.8593896 ], [ 74.9053945, 16.8538134 ], [ 74.907607, 16.8501736 ], [ 74.9102931, 16.8351416 ], [ 74.9087253, 16.8237023 ], [ 74.9102233, 16.8165926 ], [ 74.9108167, 16.7895423 ], [ 74.9201436, 16.7724992 ], [ 74.8898658, 16.7712574 ], [ 74.869359, 16.7740659 ], [ 74.8656819, 16.7633603 ], [ 74.859812, 16.7659001 ], [ 74.8498204, 16.7727556 ], [ 74.8445128, 16.7618155 ], [ 74.7987214, 16.753583 ], [ 74.7957493, 16.7477469 ], [ 74.7833655, 16.7513209 ], [ 74.7747693, 16.7516443 ], [ 74.7719696, 16.7506823 ], [ 74.7693718, 16.7448141 ], [ 74.7650516, 16.7418612 ], [ 74.7603477, 16.7412729 ], [ 74.7529944, 16.7330888 ], [ 74.7527644, 16.7308573 ], [ 74.7369804, 16.7235379 ], [ 74.7320917, 16.718324 ], [ 74.7305475, 16.719852 ], [ 74.730043, 16.718752 ], [ 74.7273245, 16.7190884 ], [ 74.7271772, 16.7168421 ], [ 74.710311, 16.7151913 ], [ 74.6910195, 16.7155416 ], [ 74.688944, 16.7131475 ], [ 74.687725, 16.7086037 ], [ 74.6897843, 16.6972625 ], [ 74.6893987, 16.6864641 ], [ 74.680825, 16.6858917 ], [ 74.6810857, 16.6809091 ], [ 74.6888432, 16.6815387 ], [ 74.6895503, 16.6770257 ], [ 74.6790233, 16.6730954 ], [ 74.6795048, 16.6661705 ], [ 74.6651639, 16.6656715 ], [ 74.6591606, 16.647339 ], [ 74.6535464, 16.6388754 ], [ 74.6590502, 16.6316677 ], [ 74.6698052, 16.6293999 ], [ 74.6766037, 16.623588 ], [ 74.6875725, 16.6178854 ], [ 74.6898602, 16.6131428 ], [ 74.6869818, 16.606788 ], [ 74.6826821, 16.606098 ], [ 74.6738309, 16.6092019 ], [ 74.6650623, 16.6042719 ], [ 74.6599871, 16.6028991 ], [ 74.6540525, 16.6041719 ], [ 74.6444327, 16.610293 ], [ 74.6400137, 16.6104538 ], [ 74.6361455, 16.6074205 ], [ 74.6333533, 16.6003588 ], [ 74.6332312, 16.5908344 ], [ 74.6358572, 16.5839147 ], [ 74.6331945, 16.5832149 ], [ 74.6286333, 16.5777319 ], [ 74.6228421, 16.5797539 ], [ 74.6187985, 16.584072 ], [ 74.6170835, 16.5758654 ], [ 74.6095154, 16.5695913 ], [ 74.6042798, 16.568983 ], [ 74.6019564, 16.5653589 ], [ 74.5989605, 16.5643103 ], [ 74.5878777, 16.5661023 ], [ 74.5840278, 16.5623512 ], [ 74.5846419, 16.5591253 ], [ 74.5745951, 16.5589422 ], [ 74.5738141, 16.553913 ], [ 74.5685367, 16.5538687 ], [ 74.5656635, 16.5584337 ], [ 74.560647, 16.562623 ], [ 74.5563882, 16.5627684 ], [ 74.5548461, 16.5645119 ], [ 74.5559989, 16.5735219 ], [ 74.5646603, 16.5796477 ], [ 74.5668942, 16.5853886 ], [ 74.5587733, 16.5946532 ], [ 74.5521263, 16.5952791 ], [ 74.5486077, 16.5941459 ], [ 74.5434927, 16.5953186 ], [ 74.5427041, 16.6266273 ], [ 74.5447297, 16.6289804 ], [ 74.544489, 16.6354687 ], [ 74.5242646, 16.633437 ], [ 74.5038491, 16.6335642 ], [ 74.50024, 16.633132 ], [ 74.4950137, 16.629753 ], [ 74.4890338, 16.6301448 ], [ 74.4767176, 16.6444698 ], [ 74.4751936, 16.6474889 ], [ 74.4749559, 16.6546867 ], [ 74.4717122, 16.6640548 ], [ 74.4687425, 16.663803 ], [ 74.4640831, 16.6582701 ], [ 74.4563979, 16.6550464 ], [ 74.4583451, 16.6486817 ], [ 74.4547824, 16.6472955 ], [ 74.4585012, 16.6355653 ], [ 74.4625916, 16.6280567 ], [ 74.4658091, 16.624721 ], [ 74.4657366, 16.6156613 ], [ 74.4641028, 16.6150947 ], [ 74.4667115, 16.6068224 ], [ 74.4634466, 16.6044897 ], [ 74.4354381, 16.60106 ], [ 74.4263386, 16.5957398 ], [ 74.4221453, 16.5845115 ], [ 74.420811, 16.5861222 ], [ 74.4086856, 16.5832259 ], [ 74.3966259, 16.5832675 ], [ 74.3955401, 16.5721718 ], [ 74.3934527, 16.5689882 ], [ 74.3921432, 16.5691217 ], [ 74.3912109, 16.5665525 ], [ 74.3929069, 16.5648835 ], [ 74.3869021, 16.5599382 ], [ 74.3885817, 16.550757 ], [ 74.3871499, 16.5361972 ], [ 74.3798326, 16.5285923 ], [ 74.3764277, 16.5291273 ], [ 74.3708059, 16.5347963 ], [ 74.3608231, 16.5389264 ], [ 74.3579255, 16.538342 ], [ 74.3577387, 16.5460786 ], [ 74.3561084, 16.5497554 ], [ 74.3566901, 16.5527644 ], [ 74.3590813, 16.5557516 ], [ 74.3562466, 16.5597473 ], [ 74.3539892, 16.5589206 ], [ 74.3551209, 16.5550632 ], [ 74.3502753, 16.5560313 ], [ 74.3457152, 16.5550004 ], [ 74.3444625, 16.5517341 ], [ 74.3396905, 16.5477574 ], [ 74.3348802, 16.5478803 ], [ 74.325173, 16.5562975 ], [ 74.3232577, 16.5565121 ], [ 74.317565, 16.5537072 ], [ 74.3157134, 16.5544547 ], [ 74.3151228, 16.5045975 ], [ 74.3061426, 16.5036929 ], [ 74.3042298, 16.5140464 ], [ 74.3010528, 16.5226429 ], [ 74.3026418, 16.5272475 ], [ 74.3013714, 16.5292695 ], [ 74.2915958, 16.5338824 ], [ 74.2890875, 16.5324399 ], [ 74.2888497, 16.5294332 ], [ 74.2868468, 16.5267676 ], [ 74.2831383, 16.5245893 ], [ 74.2807489, 16.5314466 ], [ 74.281089, 16.5410977 ], [ 74.2771258, 16.5452489 ], [ 74.2707803, 16.5478359 ], [ 74.2644425, 16.5404441 ], [ 74.2695492, 16.5224775 ], [ 74.2761027, 16.5213082 ], [ 74.2782162, 16.5049145 ], [ 74.2657297, 16.5010999 ], [ 74.2525095, 16.5006175 ], [ 74.2473728, 16.4969132 ], [ 74.2566316, 16.4895374 ], [ 74.2607701, 16.4800966 ], [ 74.2743815, 16.4856265 ], [ 74.2745806, 16.4940256 ], [ 74.2796606, 16.5048253 ], [ 74.290895, 16.5049021 ], [ 74.2922161, 16.4994725 ], [ 74.2921824, 16.4857054 ], [ 74.2884539, 16.4772253 ], [ 74.2892752, 16.4629705 ], [ 74.2919517, 16.4617472 ], [ 74.2970473, 16.4645369 ], [ 74.3063991, 16.4552847 ], [ 74.3124563, 16.4532353 ], [ 74.3204438, 16.4539154 ], [ 74.324655, 16.4559294 ], [ 74.3275652, 16.4548457 ], [ 74.3312663, 16.4559491 ], [ 74.3325916, 16.4547588 ], [ 74.3297115, 16.447199 ], [ 74.3362339, 16.445671 ], [ 74.3326941, 16.4368506 ], [ 74.3367361, 16.4288067 ], [ 74.3312905, 16.424175 ], [ 74.3288533, 16.4190476 ], [ 74.3350543, 16.4014074 ], [ 74.3428815, 16.4035254 ], [ 74.344804, 16.4055321 ], [ 74.3636943, 16.4050913 ], [ 74.3629063, 16.3955238 ], [ 74.357971, 16.3895411 ], [ 74.3570097, 16.3834414 ], [ 74.3535763, 16.3818777 ], [ 74.3534099, 16.3664187 ], [ 74.3471607, 16.3686275 ], [ 74.3451201, 16.3731367 ], [ 74.3456413, 16.3768961 ], [ 74.3412099, 16.382775 ], [ 74.3406449, 16.3886682 ], [ 74.3358694, 16.3937416 ], [ 74.327493, 16.3914992 ], [ 74.3281447, 16.3853388 ], [ 74.3248407, 16.3782882 ], [ 74.3171926, 16.3810037 ], [ 74.3178355, 16.3787123 ], [ 74.3208387, 16.3758937 ], [ 74.3189819, 16.371637 ], [ 74.3247675, 16.3599361 ], [ 74.3242496, 16.3574329 ], [ 74.3178856, 16.3549584 ], [ 74.3176397, 16.3530528 ], [ 74.3270346, 16.3425095 ], [ 74.3264791, 16.3414222 ], [ 74.3187924, 16.3426605 ], [ 74.3153203, 16.34008 ], [ 74.3165639, 16.3361878 ], [ 74.3225048, 16.3343686 ], [ 74.3166066, 16.3265615 ], [ 74.3206409, 16.3237523 ], [ 74.32732, 16.3246825 ], [ 74.328745, 16.3237475 ], [ 74.3312935, 16.3206666 ], [ 74.3246143, 16.3166584 ], [ 74.3251565, 16.313682 ], [ 74.3291901, 16.31221 ], [ 74.3322355, 16.3140722 ], [ 74.3332181, 16.3134512 ], [ 74.332959, 16.3110609 ], [ 74.3347445, 16.309028 ], [ 74.331917, 16.3052524 ], [ 74.3331287, 16.3047434 ], [ 74.3359075, 16.3070922 ], [ 74.340421, 16.3024414 ], [ 74.3411654, 16.2998842 ], [ 74.3402815, 16.2981625 ], [ 74.3425482, 16.2980273 ], [ 74.342013, 16.2911772 ], [ 74.3399965, 16.2921258 ], [ 74.3383126, 16.290013 ], [ 74.3368878, 16.2907697 ], [ 74.334722, 16.2896056 ], [ 74.3318417, 16.2924337 ], [ 74.3279606, 16.2932461 ], [ 74.3246883, 16.2889033 ], [ 74.3257754, 16.2855867 ], [ 74.3231298, 16.2859927 ], [ 74.3208257, 16.2844755 ], [ 74.3224481, 16.2779074 ], [ 74.3245721, 16.2772325 ], [ 74.3249338, 16.2717563 ], [ 74.3284616, 16.2688744 ], [ 74.3341497, 16.2687989 ], [ 74.335056, 16.2703998 ], [ 74.3333272, 16.2759716 ], [ 74.3384343, 16.2714044 ], [ 74.342604, 16.2734159 ], [ 74.3420461, 16.2765078 ], [ 74.3437844, 16.2780768 ], [ 74.3504603, 16.2753667 ], [ 74.3537103, 16.2828219 ], [ 74.3430962, 16.2903505 ], [ 74.3455969, 16.2937625 ], [ 74.3510077, 16.2917888 ], [ 74.3510894, 16.2927557 ], [ 74.3547783, 16.2926409 ], [ 74.3617309, 16.2877094 ], [ 74.3641732, 16.2824567 ], [ 74.3673622, 16.2689578 ], [ 74.3705176, 16.2654155 ], [ 74.371161, 16.2628602 ], [ 74.3732028, 16.2616432 ], [ 74.3806359, 16.261968 ], [ 74.3802103, 16.2711519 ], [ 74.3826079, 16.277358 ], [ 74.3860641, 16.2772977 ], [ 74.4078643, 16.2832892 ], [ 74.4105144, 16.2830968 ], [ 74.4118077, 16.2816552 ], [ 74.4143948, 16.2826511 ], [ 74.4159498, 16.2801002 ], [ 74.415532, 16.2724146 ], [ 74.4176107, 16.2580007 ], [ 74.4289512, 16.257526 ], [ 74.4357715, 16.2588346 ], [ 74.4366026, 16.254081 ], [ 74.4355517, 16.2511467 ], [ 74.4548349, 16.253393 ], [ 74.456094, 16.2438646 ], [ 74.4686205, 16.2401854 ], [ 74.4767138, 16.2494294 ], [ 74.4780755, 16.2505131 ], [ 74.4804795, 16.2501257 ], [ 74.4815581, 16.2466799 ], [ 74.486044, 16.2431172 ], [ 74.490347, 16.2348893 ], [ 74.4952134, 16.2349047 ], [ 74.5031019, 16.2254057 ], [ 74.5031073, 16.2224682 ], [ 74.4962859, 16.2166694 ], [ 74.495926, 16.2143006 ], [ 74.5012551, 16.20553 ], [ 74.5043672, 16.2050344 ], [ 74.5079952, 16.2022583 ], [ 74.5058414, 16.201358 ], [ 74.5072276, 16.1965321 ], [ 74.5062396, 16.1902437 ], [ 74.5033121, 16.1880661 ], [ 74.4937865, 16.1864486 ], [ 74.4895522, 16.177416 ], [ 74.4898365, 16.1634156 ], [ 74.4883674, 16.1572623 ], [ 74.4798324, 16.1471251 ], [ 74.480072, 16.1449923 ], [ 74.4851054, 16.1423035 ], [ 74.4858676, 16.1340571 ], [ 74.4879478, 16.12975 ], [ 74.4874885, 16.1277327 ], [ 74.4908362, 16.1167174 ], [ 74.4912311, 16.1043051 ], [ 74.4887923, 16.1007065 ], [ 74.4850978, 16.0983699 ], [ 74.4843049, 16.0914682 ], [ 74.4815554, 16.0888895 ], [ 74.4727276, 16.090604 ], [ 74.472689, 16.0929875 ], [ 74.461054, 16.0997837 ], [ 74.4586813, 16.103795 ], [ 74.4428974, 16.1053389 ], [ 74.4276193, 16.1119651 ], [ 74.4099719, 16.1021204 ], [ 74.4069564, 16.0935082 ], [ 74.398291, 16.0924608 ], [ 74.3900352, 16.0894625 ], [ 74.3918157, 16.0825334 ], [ 74.3908589, 16.0804849 ], [ 74.3895362, 16.0797869 ], [ 74.3839958, 16.0827535 ], [ 74.3817268, 16.0793036 ], [ 74.3722185, 16.0782103 ], [ 74.3715149, 16.0682443 ], [ 74.3613282, 16.0538359 ], [ 74.3635531, 16.0530325 ], [ 74.3725223, 16.0559993 ], [ 74.3773352, 16.0551205 ], [ 74.374728, 16.0473216 ], [ 74.3690488, 16.0392199 ], [ 74.3734011, 16.0364435 ], [ 74.3779988, 16.0376997 ], [ 74.3809913, 16.0354833 ], [ 74.4020856, 16.0461127 ], [ 74.4055184, 16.051836 ], [ 74.4116166, 16.053464 ], [ 74.414986, 16.0557137 ], [ 74.4209087, 16.0555974 ], [ 74.4296944, 16.0591515 ], [ 74.4342176, 16.0584747 ], [ 74.4428487, 16.0528062 ], [ 74.4501199, 16.0540102 ], [ 74.4571384, 16.0482265 ], [ 74.4622135, 16.0498376 ], [ 74.4630156, 16.0416194 ], [ 74.4564949, 16.0410588 ], [ 74.463223, 16.0391917 ], [ 74.4572339, 16.0269748 ], [ 74.455354, 16.0195236 ], [ 74.4501079, 16.0110503 ], [ 74.4502554, 16.0085456 ], [ 74.4479489, 16.0065932 ], [ 74.4469145, 16.0031784 ], [ 74.4447735, 16.0030493 ], [ 74.4463395, 15.9971046 ], [ 74.4446443, 15.9924403 ], [ 74.4426135, 15.9916333 ], [ 74.443771, 15.9867731 ], [ 74.4414851, 15.9827036 ], [ 74.4378727, 15.979897 ], [ 74.438895, 15.9794478 ], [ 74.4389312, 15.9756843 ], [ 74.4360701, 15.9674654 ], [ 74.4309859, 15.9596163 ], [ 74.4308304, 15.9565824 ], [ 74.4273478, 15.9511214 ], [ 74.4227617, 15.9473944 ], [ 74.4125646, 15.9338728 ], [ 74.4078103, 15.9307761 ], [ 74.3974649, 15.9165012 ], [ 74.3868653, 15.9049813 ], [ 74.3877838, 15.9013106 ], [ 74.393418, 15.9000359 ], [ 74.3967387, 15.8803601 ], [ 74.3927926, 15.8783896 ], [ 74.3976499, 15.8699706 ], [ 74.4069396, 15.863415 ], [ 74.4061707, 15.8553765 ], [ 74.4016346, 15.8546095 ], [ 74.4023524, 15.8522737 ], [ 74.4010616, 15.8527995 ], [ 74.3975366, 15.8511463 ], [ 74.3914148, 15.8547642 ], [ 74.3881403, 15.8542526 ], [ 74.3869278, 15.8596454 ], [ 74.3828332, 15.8600449 ], [ 74.3800345, 15.8762884 ], [ 74.3767532, 15.8823822 ], [ 74.3693584, 15.8898463 ], [ 74.3661028, 15.8913136 ], [ 74.3686149, 15.8943596 ], [ 74.3646951, 15.8938618 ], [ 74.3651316, 15.8824994 ], [ 74.3629887, 15.8774202 ], [ 74.3632565, 15.8749206 ], [ 74.35772, 15.8730017 ], [ 74.3509029, 15.8655616 ], [ 74.3455193, 15.8622882 ], [ 74.3472058, 15.860173 ], [ 74.3466088, 15.8587872 ], [ 74.338209, 15.8549187 ], [ 74.3447866, 15.8505042 ], [ 74.3682221, 15.8505679 ], [ 74.3830854, 15.8491049 ], [ 74.3840528, 15.8401217 ], [ 74.3807432, 15.8367313 ], [ 74.381037, 15.8353841 ], [ 74.3799288, 15.8382661 ], [ 74.3765982, 15.8333529 ], [ 74.3773978, 15.8322245 ], [ 74.3748231, 15.8331312 ], [ 74.3725901, 15.8319189 ], [ 74.3723334, 15.8302212 ], [ 74.3707371, 15.8305666 ], [ 74.3664115, 15.8257579 ], [ 74.3653579, 15.8192694 ], [ 74.3608011, 15.8176749 ], [ 74.3629663, 15.8146305 ], [ 74.3699307, 15.8114582 ], [ 74.3701983, 15.808281 ], [ 74.3686859, 15.8069513 ], [ 74.3712089, 15.8036675 ], [ 74.3716712, 15.8003548 ], [ 74.3703873, 15.7985877 ], [ 74.3719739, 15.7982421 ], [ 74.368644, 15.7876209 ], [ 74.360928, 15.7803485 ], [ 74.3585336, 15.7750203 ], [ 74.3531543, 15.7709365 ], [ 74.3502514, 15.770325 ], [ 74.3501407, 15.7688869 ], [ 74.3456844, 15.7645551 ], [ 74.3406863, 15.7646662 ], [ 74.3398973, 15.7663908 ], [ 74.3368059, 15.7679363 ], [ 74.3230697, 15.7726766 ], [ 74.3189938, 15.7662211 ], [ 74.3184161, 15.7582913 ], [ 74.3097429, 15.7548949 ], [ 74.3103402, 15.751573 ], [ 74.3078988, 15.7484807 ], [ 74.3013475, 15.7476425 ], [ 74.2960804, 15.7444172 ], [ 74.2872852, 15.7419774 ], [ 74.2851978, 15.7417259 ], [ 74.2842576, 15.7436581 ], [ 74.2736024, 15.7490765 ], [ 74.2683188, 15.7547367 ], [ 74.2638424, 15.7529598 ], [ 74.2555414, 15.7460373 ], [ 74.2538583, 15.7467695 ], [ 74.2540254, 15.7451502 ], [ 74.2423095, 15.7431996 ], [ 74.2375165, 15.7446345 ], [ 74.2365176, 15.7482216 ], [ 74.2336988, 15.7482963 ], [ 74.2324337, 15.7522142 ], [ 74.2276305, 15.7565808 ], [ 74.2265022, 15.7626285 ], [ 74.2280224, 15.7707002 ], [ 74.2345752, 15.778583 ], [ 74.2335013, 15.7869945 ], [ 74.227444, 15.7883307 ], [ 74.2159044, 15.7838944 ], [ 74.2131096, 15.7800564 ], [ 74.2089672, 15.7812691 ], [ 74.20532, 15.767177 ], [ 74.2014334, 15.7586207 ], [ 74.1895255, 15.7521221 ], [ 74.1615566, 15.7512945 ], [ 74.1579457, 15.7491205 ], [ 74.1533021, 15.7436338 ], [ 74.1530031, 15.7414837 ], [ 74.1511054, 15.7398667 ], [ 74.1519617, 15.737823 ], [ 74.1509749, 15.7358077 ], [ 74.1440141, 15.7330894 ], [ 74.1418405, 15.7343283 ], [ 74.1339553, 15.7298165 ], [ 74.1334624, 15.7263082 ], [ 74.1307596, 15.7233559 ], [ 74.125818, 15.7241126 ], [ 74.1221656, 15.7207311 ], [ 74.126104, 15.7184603 ], [ 74.1261835, 15.7079576 ], [ 74.1283414, 15.7086749 ], [ 74.131434, 15.705868 ], [ 74.1321299, 15.7024036 ], [ 74.130335, 15.7017457 ], [ 74.1316761, 15.6935379 ], [ 74.1307185, 15.6896255 ], [ 74.1257709, 15.6809672 ], [ 74.1088481, 15.6726937 ], [ 74.1026115, 15.672225 ], [ 74.0913648, 15.6746297 ], [ 74.0880965, 15.6724729 ], [ 74.0882752, 15.6699365 ], [ 74.0942275, 15.6630785 ], [ 74.103697, 15.6576079 ], [ 74.1109414, 15.6576934 ], [ 74.1182645, 15.6520316 ], [ 74.1161335, 15.6491765 ], [ 74.1141108, 15.6487895 ], [ 74.1138855, 15.6461274 ], [ 74.1070633, 15.646449 ], [ 74.0975319, 15.6410193 ], [ 74.0942937, 15.6423674 ], [ 74.0784946, 15.6317572 ], [ 74.0701061, 15.6291641 ], [ 74.0657667, 15.6296837 ], [ 74.063169, 15.6263804 ], [ 74.0618187, 15.6266021 ], [ 74.0616144, 15.6285298 ], [ 74.0508583, 15.6249589 ], [ 74.0311561, 15.6226113 ], [ 74.0277066, 15.6167419 ], [ 74.0253999, 15.6094436 ], [ 74.0207972, 15.6060852 ], [ 74.0088353, 15.6101587 ], [ 73.9933585, 15.6106381 ], [ 73.9905156, 15.6122312 ], [ 73.9790505, 15.6271255 ], [ 73.9707836, 15.6274124 ], [ 73.9678578, 15.6305772 ], [ 73.9673855, 15.6353111 ], [ 73.9617652, 15.6416846 ], [ 73.9611325, 15.6452987 ], [ 73.9626361, 15.6524768 ], [ 73.9678223, 15.6602507 ], [ 73.965568, 15.6695746 ], [ 73.9626911, 15.6732587 ], [ 73.9637605, 15.6923218 ], [ 73.9590915, 15.6980891 ], [ 73.9592255, 15.7000571 ], [ 73.9582658, 15.6990267 ], [ 73.9571179, 15.7005004 ], [ 73.9529405, 15.6995269 ], [ 73.9515227, 15.69645 ], [ 73.9465082, 15.6978108 ], [ 73.9446564, 15.6962696 ], [ 73.9436952, 15.6969365 ], [ 73.9483438, 15.7028635 ], [ 73.9492772, 15.7086486 ], [ 73.9471655, 15.7098265 ], [ 73.9498038, 15.7107019 ], [ 73.9491786, 15.7115649 ], [ 73.9523305, 15.7144019 ], [ 73.9514646, 15.7167386 ], [ 73.9459524, 15.7211971 ], [ 73.9417411, 15.7291903 ], [ 73.9408703, 15.7381101 ], [ 73.938679, 15.7429824 ], [ 73.9336788, 15.7445847 ], [ 73.9148019, 15.7454425 ], [ 73.9069837, 15.7499684 ], [ 73.9069926, 15.747968 ], [ 73.8991814, 15.7459957 ], [ 73.8928754, 15.749386 ], [ 73.8854016, 15.7510371 ], [ 73.8810957, 15.7497916 ], [ 73.8756951, 15.7512831 ], [ 73.872989, 15.7545656 ], [ 73.8730585, 15.760877 ], [ 73.8770123, 15.7644186 ], [ 73.8750587, 15.7671587 ], [ 73.8773524, 15.7680783 ], [ 73.8798516, 15.7743145 ], [ 73.877872, 15.7756319 ], [ 73.8778907, 15.7741508 ], [ 73.8764446, 15.7747063 ], [ 73.873509, 15.7770916 ], [ 73.8698457, 15.7835429 ], [ 73.8660663, 15.7853418 ], [ 73.8648089, 15.7908243 ], [ 73.8675035, 15.7970295 ], [ 73.8633959, 15.7987898 ], [ 73.8557081, 15.8010166 ], [ 73.8538205, 15.7986073 ], [ 73.8504742, 15.7896411 ], [ 73.8470654, 15.7857989 ], [ 73.8526213, 15.7811695 ], [ 73.8498459, 15.7795369 ], [ 73.8439091, 15.7811278 ], [ 73.8408044, 15.7761235 ], [ 73.8384866, 15.7675632 ], [ 73.8297483, 15.7643288 ], [ 73.8307782, 15.7538096 ], [ 73.8272086, 15.7475145 ], [ 73.8266355, 15.7433827 ], [ 73.8209549, 15.7398552 ], [ 73.8167275, 15.7398688 ], [ 73.8125763, 15.7424526 ], [ 73.8094283, 15.7420308 ], [ 73.8066381, 15.7376819 ], [ 73.7972284, 15.7342193 ], [ 73.7931579, 15.7372291 ], [ 73.7889312, 15.7348444 ], [ 73.7875424, 15.7282596 ], [ 73.784974, 15.7261252 ], [ 73.7703475, 15.7303136 ], [ 73.7651654, 15.7338737 ], [ 73.7428362, 15.7365749 ], [ 73.7351478, 15.7328383 ], [ 73.7317353, 15.7286371 ], [ 73.7208797, 15.7256653 ], [ 73.7169942, 15.7267544 ], [ 73.7142765, 15.7299196 ], [ 73.7119653, 15.7289446 ], [ 73.7077743, 15.7294872 ], [ 73.706809, 15.7324239 ], [ 73.7035328, 15.7318108 ], [ 73.7049484, 15.7312158 ], [ 73.7029806, 15.7288081 ], [ 73.6979883, 15.725398 ], [ 73.6964506, 15.7270131 ], [ 73.6954923, 15.7240204 ], [ 73.6936237, 15.7241545 ], [ 73.6925315, 15.7282214 ], [ 73.6875542, 15.7298849 ], [ 73.6787312, 15.7289826 ], [ 73.6769938, 15.7259403 ], [ 73.6759373, 15.7281382 ], [ 73.6723927, 15.7301815 ], [ 73.6709105, 15.734923 ], [ 73.6677773, 15.7355678 ], [ 73.6637323, 15.7404934 ], [ 73.6607982, 15.7399792 ], [ 73.6584266, 15.7417961 ], [ 73.6553346, 15.7409875 ], [ 73.6551383, 15.7428419 ], [ 73.6531059, 15.7443669 ], [ 73.649862, 15.7449 ], [ 73.6537126, 15.7452324 ], [ 73.6541933, 15.748153 ], [ 73.6576144, 15.7470653 ], [ 73.6642033, 15.7533109 ], [ 73.6620952, 15.7666566 ], [ 73.6548065, 15.7880837 ], [ 73.6541637, 15.7915253 ], [ 73.656258, 15.7957604 ], [ 73.6484138, 15.8044873 ], [ 73.6454068, 15.8056236 ], [ 73.6428738, 15.8112643 ], [ 73.6405483, 15.8115956 ], [ 73.6360502, 15.8154432 ], [ 73.6360253, 15.8170738 ], [ 73.6390707, 15.8181638 ], [ 73.6393897, 15.8205093 ], [ 73.6335357, 15.8314489 ], [ 73.6335094, 15.8360819 ], [ 73.6287032, 15.843647 ], [ 73.6282179, 15.8480408 ], [ 73.6230877, 15.8554521 ], [ 73.617965, 15.8562209 ], [ 73.6158821, 15.8529957 ], [ 73.6135553, 15.8547688 ], [ 73.6116383, 15.8586143 ], [ 73.6116999, 15.8617321 ], [ 73.6094351, 15.8640956 ], [ 73.5984089, 15.8870016 ], [ 73.5989777, 15.8895279 ], [ 73.5950632, 15.8936066 ], [ 73.5960953, 15.8949067 ], [ 73.5955377, 15.8974496 ], [ 73.5917889, 15.901338 ], [ 73.5887236, 15.9080311 ], [ 73.5862944, 15.910792 ], [ 73.5811949, 15.9102622 ], [ 73.5692489, 15.9129505 ], [ 73.5670948, 15.9194158 ], [ 73.5610771, 15.9217272 ], [ 73.5547812, 15.9261269 ], [ 73.5484341, 15.9277858 ], [ 73.5408596, 15.934694 ], [ 73.540076, 15.9367312 ], [ 73.5357212, 15.9378565 ], [ 73.5356649, 15.9391646 ], [ 73.5335207, 15.9333036 ], [ 73.5308011, 15.932322 ], [ 73.5192961, 15.938555 ], [ 73.5186926, 15.941341 ], [ 73.5168336, 15.9398529 ], [ 73.5141928, 15.9405947 ], [ 73.5125623, 15.9382025 ], [ 73.5101088, 15.9404598 ], [ 73.5086994, 15.9459678 ], [ 73.5077609, 15.9453856 ], [ 73.5057201, 15.9471644 ], [ 73.5024367, 15.9560795 ], [ 73.5048621, 15.9619905 ], [ 73.504757, 15.9653127 ], [ 73.5035584, 15.9647502 ], [ 73.5018165, 15.9668029 ], [ 73.4912357, 15.9833758 ], [ 73.4892803, 15.9884912 ], [ 73.4891714, 15.9985238 ], [ 73.4912058, 16.0069971 ], [ 73.490937, 16.0111308 ], [ 73.4843609, 16.0337125 ], [ 73.4771531, 16.0414134 ], [ 73.4665384, 16.0460326 ], [ 73.4691108, 16.0501636 ], [ 73.4672163, 16.0537278 ], [ 73.4604641, 16.0553899 ], [ 73.459495, 16.054679 ], [ 73.4600661, 16.052651 ], [ 73.45645, 16.05292 ], [ 73.4572112, 16.0566028 ], [ 73.4551517, 16.0584155 ], [ 73.4568423, 16.0582797 ], [ 73.4549855, 16.0620068 ], [ 73.4562995, 16.0639778 ], [ 73.4600528, 16.0633537 ], [ 73.4649036, 16.0669768 ], [ 73.4643226, 16.0693298 ], [ 73.4620452, 16.069349 ], [ 73.4645298, 16.070743 ], [ 73.46475, 16.0761621 ], [ 73.4634347, 16.0794289 ], [ 73.4573594, 16.0798873 ], [ 73.4571273, 16.0813594 ], [ 73.4590818, 16.0836532 ], [ 73.4581669, 16.086035 ], [ 73.4609324, 16.0854308 ], [ 73.4649206, 16.086937 ], [ 73.4624061, 16.089308 ], [ 73.4602965, 16.0885952 ], [ 73.4585966, 16.0909573 ], [ 73.4603252, 16.0966515 ], [ 73.4575287, 16.1061909 ], [ 73.4578204, 16.1175891 ], [ 73.4455779, 16.1707273 ], [ 73.4396435, 16.1913335 ], [ 73.4353853, 16.1997593 ], [ 73.4298745, 16.198895 ], [ 73.4270567, 16.2036546 ], [ 73.4264837, 16.2057091 ], [ 73.4278103, 16.208958 ], [ 73.426716, 16.2157878 ], [ 73.4239686, 16.2182272 ], [ 73.4249457, 16.2231898 ], [ 73.423264, 16.2309171 ], [ 73.4194229, 16.2432923 ], [ 73.4172948, 16.2452902 ], [ 73.4152948, 16.2546179 ], [ 73.4188467, 16.2580759 ], [ 73.4155374, 16.2571563 ], [ 73.4146568, 16.2581875 ], [ 73.4120518, 16.2675334 ], [ 73.4130685, 16.2687619 ], [ 73.4068204, 16.2855483 ], [ 73.4039723, 16.2982608 ], [ 73.4030409, 16.2997773 ], [ 73.3998641, 16.2998055 ], [ 73.398563, 16.307887 ], [ 73.3942008, 16.3131817 ], [ 73.3944989, 16.3175643 ], [ 73.3961241, 16.3193509 ], [ 73.3932518, 16.3319343 ], [ 73.3861251, 16.3364568 ], [ 73.3876282, 16.3432505 ], [ 73.3903706, 16.3466711 ], [ 73.3866804, 16.3584236 ], [ 73.3827594, 16.357995 ], [ 73.3802508, 16.3612214 ], [ 73.3782953, 16.3614636 ], [ 73.3737153, 16.3599507 ], [ 73.3689201, 16.3629256 ], [ 73.3722342, 16.3710002 ], [ 73.3701094, 16.3755109 ], [ 73.367391, 16.3751646 ], [ 73.3668843, 16.3778939 ], [ 73.3675826, 16.3793771 ], [ 73.3694095, 16.3792865 ], [ 73.3685068, 16.3799236 ], [ 73.3712827, 16.3895634 ], [ 73.3656338, 16.3973995 ], [ 73.3679595, 16.4007549 ], [ 73.3654701, 16.4045034 ], [ 73.366824, 16.4084866 ], [ 73.3661146, 16.4147999 ], [ 73.3625201, 16.418081 ], [ 73.360265, 16.4239706 ], [ 73.3576864, 16.4250182 ], [ 73.359532, 16.4285006 ], [ 73.3572146, 16.4391378 ], [ 73.3586697, 16.4416604 ], [ 73.3508163, 16.4438882 ], [ 73.3468971, 16.4503651 ], [ 73.3454084, 16.4617894 ], [ 73.3427382, 16.4684105 ], [ 73.3433515, 16.4741575 ], [ 73.3398223, 16.4789092 ], [ 73.3367176, 16.4801944 ], [ 73.3360125, 16.4832183 ], [ 73.3331745, 16.4858274 ], [ 73.3299885, 16.4939426 ], [ 73.3278383, 16.5065453 ], [ 73.3240099, 16.5149009 ], [ 73.3216358, 16.5163662 ], [ 73.3169464, 16.5141843 ], [ 73.319062, 16.518886 ], [ 73.3167382, 16.5231314 ], [ 73.3160105, 16.5268443 ], [ 73.3168978, 16.5298263 ], [ 73.3125943, 16.5353215 ], [ 73.3139791, 16.5388581 ], [ 73.3108706, 16.5414395 ], [ 73.3146313, 16.5416743 ], [ 73.3149758, 16.5449296 ], [ 73.316116, 16.5447075 ], [ 73.3156927, 16.5458817 ], [ 73.3194273, 16.5504733 ], [ 73.3193946, 16.5534101 ], [ 73.3206787, 16.5539983 ], [ 73.321719, 16.5522282 ], [ 73.3249207, 16.5526613 ], [ 73.3260374, 16.5569588 ], [ 73.3331479, 16.5573597 ], [ 73.3335366, 16.5583944 ], [ 73.3278173, 16.5629238 ], [ 73.3273606, 16.5658982 ], [ 73.3321262, 16.5657405 ], [ 73.344674, 16.5696513 ], [ 73.3452514, 16.572584 ], [ 73.3448456, 16.5769685 ], [ 73.3402379, 16.5805742 ], [ 73.3360975, 16.579764 ], [ 73.3333313, 16.5767651 ], [ 73.3300556, 16.5774696 ], [ 73.3268866, 16.5808405 ], [ 73.3233508, 16.5822771 ], [ 73.3219065, 16.5840033 ], [ 73.3221755, 16.5897351 ], [ 73.3186477, 16.5930235 ], [ 73.3184063, 16.5958154 ], [ 73.3199372, 16.5985255 ], [ 73.3173979, 16.6002969 ], [ 73.3174207, 16.601667 ], [ 73.3206945, 16.6068709 ], [ 73.3254561, 16.605081 ], [ 73.3271211, 16.6074752 ], [ 73.3307359, 16.6086301 ], [ 73.3352588, 16.606668 ], [ 73.3352669, 16.6053534 ], [ 73.3394031, 16.604684 ], [ 73.3478012, 16.6125843 ], [ 73.3534536, 16.6077574 ], [ 73.3519301, 16.6102951 ], [ 73.354132, 16.6144013 ], [ 73.3523161, 16.6159275 ], [ 73.355157, 16.6189243 ], [ 73.3521477, 16.6248895 ], [ 73.3487307, 16.6215409 ], [ 73.345696, 16.6207258 ], [ 73.3405136, 16.6209745 ], [ 73.3374495, 16.6236013 ], [ 73.3350208, 16.6220131 ], [ 73.3335395, 16.6186342 ], [ 73.3304506, 16.6198589 ], [ 73.3297066, 16.6213707 ], [ 73.334013, 16.6262938 ], [ 73.3367878, 16.6276048 ], [ 73.3401484, 16.6263533 ], [ 73.3422237, 16.6292968 ], [ 73.3405765, 16.6301302 ], [ 73.3406812, 16.6335513 ], [ 73.3385285, 16.6379963 ], [ 73.3330867, 16.6414161 ], [ 73.3289879, 16.6415892 ], [ 73.3292474, 16.6381561 ], [ 73.3243424, 16.636086 ], [ 73.3230183, 16.6386167 ], [ 73.3220551, 16.6441987 ], [ 73.3237847, 16.6467784 ], [ 73.3261997, 16.647458 ], [ 73.3282294, 16.6456904 ], [ 73.3322883, 16.6478473 ], [ 73.3330548, 16.6505738 ], [ 73.3292454, 16.6819406 ], [ 73.3297159, 16.6873949 ], [ 73.319108, 16.6977429 ], [ 73.3180513, 16.7009993 ], [ 73.3192109, 16.706386 ], [ 73.3169585, 16.7086091 ], [ 73.3164055, 16.712833 ], [ 73.3123058, 16.7150491 ], [ 73.3125532, 16.7207231 ], [ 73.312003, 16.7223774 ], [ 73.3099537, 16.7225922 ], [ 73.3098112, 16.7263946 ], [ 73.3053896, 16.7302771 ], [ 73.3064418, 16.7409897 ], [ 73.3055532, 16.7437634 ], [ 73.3070994, 16.7479486 ], [ 73.3052582, 16.7507965 ], [ 73.3058448, 16.7581026 ], [ 73.304442, 16.7658718 ], [ 73.3079819, 16.7716897 ], [ 73.3103136, 16.784503 ], [ 73.3191381, 16.7953384 ], [ 73.3161919, 16.8061046 ], [ 73.3119068, 16.8067182 ], [ 73.3091336, 16.808923 ], [ 73.3031072, 16.8094777 ], [ 73.2963546, 16.8163812 ], [ 73.2955664, 16.8208961 ], [ 73.2976551, 16.8240039 ], [ 73.2939122, 16.8366779 ], [ 73.2950468, 16.8391322 ], [ 73.2919377, 16.8442405 ], [ 73.2891386, 16.8442921 ], [ 73.2933031, 16.8475606 ], [ 73.2941874, 16.8501713 ], [ 73.293734, 16.8520928 ], [ 73.2915865, 16.85221 ], [ 73.2938899, 16.8534311 ], [ 73.2935367, 16.8560342 ], [ 73.2897905, 16.8570214 ], [ 73.2893858, 16.8583688 ], [ 73.294952, 16.8598262 ], [ 73.2955752, 16.857917 ], [ 73.2958018, 16.8603572 ], [ 73.2933312, 16.8712726 ], [ 73.291407, 16.8710928 ], [ 73.2876026, 16.8749159 ], [ 73.2874301, 16.8808959 ], [ 73.2885459, 16.8827662 ], [ 73.2931808, 16.8846844 ], [ 73.2963607, 16.8882171 ], [ 73.3013872, 16.8902102 ], [ 73.3024876, 16.8918472 ], [ 73.2983112, 16.897141 ], [ 73.29387, 16.8984445 ], [ 73.2875494, 16.8972905 ], [ 73.287947, 16.8940863 ], [ 73.279977, 16.892289 ], [ 73.2785761, 16.8930367 ], [ 73.2816523, 16.8980876 ], [ 73.2807281, 16.9047524 ], [ 73.2852737, 16.9081808 ], [ 73.2848964, 16.9114584 ], [ 73.287289, 16.9133929 ], [ 73.2860945, 16.9148133 ], [ 73.2875786, 16.9164086 ], [ 73.2872802, 16.920326 ], [ 73.2836314, 16.924685 ], [ 73.2832954, 16.9307985 ], [ 73.2875382, 16.9312557 ], [ 73.2878423, 16.9367747 ], [ 73.2831835, 16.950368 ], [ 73.2846216, 16.9530906 ], [ 73.2884965, 16.9517467 ], [ 73.290028, 16.9541881 ], [ 73.2925007, 16.9550117 ], [ 73.2930841, 16.9619959 ], [ 73.2947027, 16.9668443 ], [ 73.2965031, 16.9672777 ], [ 73.2954166, 16.978935 ], [ 73.2997179, 16.981884 ], [ 73.2792801, 16.9934001 ], [ 73.2770579, 16.9921089 ], [ 73.2784578, 16.9906262 ], [ 73.2761847, 16.9848062 ], [ 73.2743047, 16.9836939 ], [ 73.271236, 16.9850922 ], [ 73.2672593, 16.9909517 ], [ 73.2678139, 16.997472 ], [ 73.2702368, 16.999974 ], [ 73.2738785, 16.9981332 ], [ 73.2769563, 17.0014976 ], [ 73.2803544, 16.9989546 ], [ 73.2791511, 16.9976026 ], [ 73.2818086, 16.9984951 ], [ 73.284441, 17.003833 ], [ 73.2840533, 17.0110962 ], [ 73.2760408, 17.02345 ], [ 73.2733116, 17.0235572 ], [ 73.2730049, 17.0223989 ], [ 73.2720916, 17.0241612 ], [ 73.2677404, 17.0249854 ], [ 73.2656886, 17.0209268 ], [ 73.2615102, 17.0216443 ], [ 73.2586399, 17.0198593 ], [ 73.255368, 17.0277127 ], [ 73.2586759, 17.0317555 ], [ 73.2565759, 17.0434026 ], [ 73.2582125, 17.048775 ], [ 73.2651923, 17.0477064 ], [ 73.2688672, 17.0448647 ], [ 73.2700745, 17.0421888 ], [ 73.2684723, 17.0411946 ], [ 73.2677005, 17.0383938 ], [ 73.2692775, 17.0395066 ], [ 73.2718486, 17.0383547 ], [ 73.2744295, 17.0396534 ], [ 73.2759212, 17.0393688 ], [ 73.27666, 17.0363377 ], [ 73.2790458, 17.0377351 ], [ 73.2867082, 17.0542512 ], [ 73.2887525, 17.0626712 ], [ 73.2890519, 17.0744097 ], [ 73.2877365, 17.0780295 ], [ 73.283478, 17.0788281 ], [ 73.2863095, 17.0844742 ], [ 73.2820389, 17.108555 ], [ 73.2776905, 17.113073 ], [ 73.2691591, 17.112729 ], [ 73.2676473, 17.1147436 ], [ 73.2689051, 17.1144215 ], [ 73.2705441, 17.1180111 ], [ 73.2724929, 17.1188492 ], [ 73.2723133, 17.1212171 ], [ 73.2703322, 17.1290406 ], [ 73.2681979, 17.132297 ], [ 73.2674505, 17.1420633 ], [ 73.2644274, 17.1541748 ], [ 73.2651531, 17.155129 ], [ 73.2604113, 17.163174 ], [ 73.259376, 17.1715145 ], [ 73.2534115, 17.1883631 ], [ 73.2487317, 17.1922028 ], [ 73.2449303, 17.1905497 ], [ 73.2394698, 17.194328 ], [ 73.2364033, 17.1938895 ], [ 73.2316262, 17.1991438 ], [ 73.2332826, 17.2015226 ], [ 73.2393043, 17.2006307 ], [ 73.2425285, 17.1981619 ], [ 73.2465452, 17.2041385 ], [ 73.2468979, 17.2108485 ], [ 73.2446794, 17.2222314 ], [ 73.2415539, 17.227587 ], [ 73.2354279, 17.227617 ], [ 73.2325424, 17.2349072 ], [ 73.234674, 17.237866 ], [ 73.2312563, 17.246727 ], [ 73.2241007, 17.248419 ], [ 73.2285017, 17.2510597 ], [ 73.2271392, 17.2560848 ], [ 73.2227244, 17.2558008 ], [ 73.2230604, 17.2571153 ], [ 73.2212762, 17.2592431 ], [ 73.2226164, 17.2654023 ], [ 73.2215027, 17.2677354 ], [ 73.2102212, 17.2780399 ], [ 73.2113148, 17.273511 ], [ 73.2100434, 17.2708413 ], [ 73.2056114, 17.2695713 ], [ 73.2016059, 17.282005 ], [ 73.2035261, 17.2855448 ], [ 73.2029883, 17.2892171 ], [ 73.1989254, 17.2902041 ], [ 73.1980489, 17.2936525 ], [ 73.1952008, 17.2972918 ], [ 73.1911785, 17.2980065 ], [ 73.1906385, 17.2993089 ], [ 73.1935658, 17.3011092 ], [ 73.1924629, 17.304226 ], [ 73.1958595, 17.3049716 ], [ 73.1969018, 17.306797 ], [ 73.2014972, 17.3011316 ], [ 73.2054153, 17.2991569 ], [ 73.207649, 17.2996633 ], [ 73.2116733, 17.3037324 ], [ 73.2115091, 17.3070145 ], [ 73.2226512, 17.3063251 ], [ 73.2261418, 17.3018509 ], [ 73.2265826, 17.2990792 ], [ 73.2251039, 17.2956298 ], [ 73.2269473, 17.2865942 ], [ 73.2292475, 17.2824777 ], [ 73.2331552, 17.2857724 ], [ 73.2409301, 17.2851797 ], [ 73.2425094, 17.28502 ], [ 73.2452721, 17.2817856 ], [ 73.2462332, 17.2831322 ], [ 73.249437, 17.2799261 ], [ 73.2575971, 17.279765 ], [ 73.2587707, 17.2860301 ], [ 73.2554099, 17.2907764 ], [ 73.2500356, 17.2892417 ], [ 73.2355564, 17.288108 ], [ 73.2366295, 17.2987429 ], [ 73.2349628, 17.3036943 ], [ 73.2392827, 17.3098662 ], [ 73.2379436, 17.3142532 ], [ 73.2387628, 17.3170415 ], [ 73.2305936, 17.3190262 ], [ 73.2242121, 17.3225506 ], [ 73.2189024, 17.3285502 ], [ 73.2198996, 17.3331049 ], [ 73.2292569, 17.333982 ], [ 73.2293509, 17.3350665 ], [ 73.2261074, 17.3343445 ], [ 73.2256286, 17.3360919 ], [ 73.2188498, 17.3413145 ], [ 73.2148061, 17.3463143 ], [ 73.2146154, 17.3495459 ], [ 73.2191042, 17.3530726 ], [ 73.2151882, 17.3550723 ], [ 73.2113172, 17.3607283 ], [ 73.2112785, 17.3645894 ], [ 73.2135947, 17.3701632 ], [ 73.2089562, 17.3718831 ], [ 73.2106708, 17.3762968 ], [ 73.2077943, 17.3841284 ], [ 73.2020462, 17.3897421 ], [ 73.200472, 17.3890801 ], [ 73.2013848, 17.3873641 ], [ 73.1973489, 17.3876848 ], [ 73.1964158, 17.3856623 ], [ 73.1928138, 17.3876186 ], [ 73.191092, 17.3841892 ], [ 73.1833313, 17.3840767 ], [ 73.175212, 17.3896252 ], [ 73.1729811, 17.3954824 ], [ 73.1676964, 17.4030527 ], [ 73.1688458, 17.4097119 ], [ 73.1744455, 17.4093714 ], [ 73.1767489, 17.4078143 ], [ 73.1784902, 17.4113722 ], [ 73.1833073, 17.4125644 ], [ 73.1861025, 17.4150114 ], [ 73.1845901, 17.417508 ], [ 73.1860019, 17.4302116 ], [ 73.1893379, 17.433381 ], [ 73.1921651, 17.4334175 ], [ 73.1944187, 17.4368777 ], [ 73.1982522, 17.4395749 ], [ 73.1969811, 17.4419604 ], [ 73.1862866, 17.4413531 ], [ 73.1845276, 17.4431382 ], [ 73.1858081, 17.4491975 ], [ 73.1844974, 17.4557052 ], [ 73.1923136, 17.4638599 ], [ 73.192428, 17.4681003 ], [ 73.1739256, 17.5169073 ], [ 73.1694722, 17.5188468 ], [ 73.1661472, 17.52449 ], [ 73.1610383, 17.5287354 ], [ 73.1574178, 17.5274168 ], [ 73.1538349, 17.5281968 ], [ 73.1510027, 17.5376743 ], [ 73.1425713, 17.5448952 ], [ 73.1371868, 17.555642 ], [ 73.1370077, 17.5644132 ], [ 73.1399985, 17.5702023 ], [ 73.1442905, 17.5709045 ], [ 73.1501844, 17.5741285 ], [ 73.1527331, 17.5987093 ], [ 73.1482085, 17.5986935 ], [ 73.1375204, 17.6114721 ], [ 73.1343755, 17.6221735 ], [ 73.1334377, 17.627329 ], [ 73.1344255, 17.6283631 ], [ 73.1316763, 17.6306022 ], [ 73.1320127, 17.633777 ], [ 73.12755, 17.6380288 ], [ 73.1302787, 17.6429088 ], [ 73.1351246, 17.6454928 ], [ 73.1346449, 17.6478906 ], [ 73.1314029, 17.6564314 ], [ 73.1301158, 17.6579062 ], [ 73.1274485, 17.6580507 ], [ 73.1248488, 17.6643772 ], [ 73.1220099, 17.6655635 ], [ 73.1212133, 17.67009 ], [ 73.1190863, 17.6719697 ], [ 73.1176972, 17.6790155 ], [ 73.11525, 17.6807947 ], [ 73.1142779, 17.685733 ], [ 73.1143468, 17.6951718 ], [ 73.1177843, 17.6984259 ], [ 73.125128, 17.700011 ], [ 73.1251169, 17.7015292 ], [ 73.1272458, 17.7024258 ], [ 73.1293175, 17.7061271 ], [ 73.132643, 17.7058161 ], [ 73.135151, 17.7086456 ], [ 73.1344123, 17.7083144 ], [ 73.1349677, 17.7153829 ], [ 73.1316101, 17.7292919 ], [ 73.128867, 17.7313569 ], [ 73.1280732, 17.7400329 ], [ 73.1251601, 17.7418234 ], [ 73.124136, 17.7500911 ], [ 73.1254131, 17.7527157 ], [ 73.1228794, 17.7532682 ], [ 73.1193361, 17.7596589 ], [ 73.1186664, 17.7633142 ], [ 73.1212201, 17.7666988 ], [ 73.1178446, 17.767047 ], [ 73.1101996, 17.785823 ], [ 73.1097045, 17.7886045 ], [ 73.1108103, 17.7901869 ], [ 73.1084247, 17.7906058 ], [ 73.1068742, 17.7929202 ], [ 73.1031495, 17.8029821 ], [ 73.0940404, 17.8117103 ], [ 73.089358, 17.8123405 ], [ 73.0903868, 17.8136406 ], [ 73.0897496, 17.8157107 ], [ 73.0926761, 17.8173834 ], [ 73.0943405, 17.8251882 ], [ 73.0957685, 17.8258741 ], [ 73.0910993, 17.8335778 ], [ 73.0887074, 17.8351885 ], [ 73.0871007, 17.8478448 ], [ 73.0846155, 17.853255 ], [ 73.0851668, 17.8568541 ], [ 73.0844726, 17.8590585 ], [ 73.0814853, 17.8611273 ], [ 73.0826589, 17.8652077 ], [ 73.0813561, 17.8679647 ], [ 73.0755657, 17.8754615 ], [ 73.0763731, 17.8784874 ], [ 73.0749391, 17.8824246 ], [ 73.0732585, 17.8832333 ], [ 73.0701903, 17.8821186 ], [ 73.0679122, 17.886749 ], [ 73.0668239, 17.8868194 ], [ 73.0679557, 17.8913195 ], [ 73.0644099, 17.8902353 ], [ 73.0613556, 17.8923423 ], [ 73.0547265, 17.8996533 ], [ 73.0512081, 17.9063413 ], [ 73.0532565, 17.9067351 ], [ 73.0546378, 17.90964 ], [ 73.0526241, 17.9105454 ], [ 73.0531839, 17.9151765 ], [ 73.0508832, 17.9307466 ], [ 73.0464333, 17.9345083 ], [ 73.0444982, 17.9349721 ], [ 73.042284, 17.9336308 ], [ 73.0385674, 17.9352351 ], [ 73.0358155, 17.9400605 ], [ 73.0317806, 17.9410541 ], [ 73.0307964, 17.9428736 ], [ 73.0287964, 17.9508194 ], [ 73.0313296, 17.9554146 ], [ 73.0303723, 17.9673628 ], [ 73.0325035, 17.9705256 ], [ 73.038237, 17.974696 ], [ 73.0402645, 17.9784378 ], [ 73.0306589, 17.9897976 ], [ 73.0272777, 17.9881648 ], [ 73.0193887, 17.9898382 ], [ 73.0181562, 17.9928482 ], [ 73.0211118, 17.9933161 ], [ 73.0152812, 18.0076689 ], [ 73.0124878, 18.0103774 ], [ 73.008531, 18.0106566 ], [ 73.0051293, 18.0196655 ], [ 73.0052061, 18.021189 ], [ 73.0075804, 18.0216705 ], [ 73.0101418, 18.0242913 ], [ 73.021295, 18.0274533 ], [ 73.0189254, 18.0316088 ], [ 73.0144408, 18.0336016 ], [ 73.0084549, 18.049858 ], [ 73.0060631, 18.0520597 ], [ 73.0008611, 18.0550229 ], [ 72.9981047, 18.050756 ], [ 72.9954234, 18.0501258 ], [ 72.9903756, 18.0557662 ], [ 72.9914279, 18.0615472 ], [ 72.9947935, 18.0676262 ], [ 72.9991601, 18.0695497 ], [ 72.9959151, 18.0838684 ], [ 72.9968332, 18.0842139 ], [ 72.987911, 18.1026233 ], [ 72.9838184, 18.1034177 ], [ 72.9797896, 18.1080685 ], [ 72.9791882, 18.1143635 ], [ 72.9773965, 18.1151241 ], [ 72.9767589, 18.1203852 ], [ 72.9748229, 18.1241347 ], [ 72.9729694, 18.1250631 ], [ 72.9710284, 18.1328896 ], [ 72.981343, 18.1370335 ], [ 72.9866946, 18.1573156 ], [ 72.9886589, 18.1579 ], [ 72.9806244, 18.1871987 ], [ 72.9799885, 18.1924732 ], [ 72.9809326, 18.196286 ], [ 72.9785211, 18.1971216 ], [ 72.9755044, 18.2016189 ], [ 72.9682037, 18.2066414 ], [ 72.9649919, 18.2122363 ], [ 72.9619599, 18.2134093 ], [ 72.9563954, 18.2196364 ], [ 72.9516186, 18.2197199 ], [ 72.9495965, 18.2223888 ], [ 72.9450826, 18.224074 ], [ 72.9422549, 18.2219269 ], [ 72.9424099, 18.2204615 ], [ 72.9383868, 18.2189387 ], [ 72.9387274, 18.2173249 ], [ 72.9337995, 18.2185244 ], [ 72.9317784, 18.2204203 ], [ 72.9317186, 18.2234001 ], [ 72.9338691, 18.2239886 ], [ 72.9350091, 18.2286143 ], [ 72.9378316, 18.2302975 ], [ 72.9382559, 18.2327192 ], [ 72.9424894, 18.2340942 ], [ 72.9405436, 18.2429592 ], [ 72.9431254, 18.2473349 ], [ 72.9418133, 18.2550779 ], [ 72.9393972, 18.260342 ], [ 72.9401906, 18.2640705 ], [ 72.9352833, 18.2725718 ], [ 72.9377984, 18.2751841 ], [ 72.9374375, 18.2789529 ], [ 72.9358759, 18.2804744 ], [ 72.9380481, 18.2837221 ], [ 72.9402841, 18.2834108 ], [ 72.9417517, 18.2850478 ], [ 72.948309, 18.2849988 ], [ 72.9509145, 18.2838674 ], [ 72.9508952, 18.2799776 ], [ 72.9544744, 18.2779581 ], [ 72.9643053, 18.2801674 ], [ 72.9714597, 18.2730944 ], [ 72.9730208, 18.2661642 ], [ 72.9811524, 18.27053 ], [ 72.9818209, 18.2725373 ], [ 72.9806453, 18.2766488 ], [ 72.9854079, 18.2784882 ], [ 72.9864814, 18.2822788 ], [ 72.9793889, 18.2978845 ], [ 72.9757194, 18.2979657 ], [ 72.9730605, 18.3009801 ], [ 72.970069, 18.2998485 ], [ 72.9680828, 18.3059074 ], [ 72.9684101, 18.3094128 ], [ 72.9641976, 18.314484 ], [ 72.9604493, 18.311842 ], [ 72.9559108, 18.3158593 ], [ 72.9600008, 18.3209663 ], [ 72.9565559, 18.3254269 ], [ 72.9536986, 18.3320657 ], [ 72.9538671, 18.3349637 ], [ 72.94908, 18.3387807 ], [ 72.9458633, 18.3390668 ], [ 72.9460009, 18.3413684 ], [ 72.9422117, 18.3441099 ], [ 72.9351497, 18.3441597 ], [ 72.9355885, 18.349609 ], [ 72.9366018, 18.3495529 ], [ 72.9335305, 18.3516342 ], [ 72.9316194, 18.3501429 ], [ 72.9275993, 18.3497306 ], [ 72.9241059, 18.3510764 ], [ 72.9238924, 18.3500404 ], [ 72.9212433, 18.3499946 ], [ 72.9220927, 18.3474811 ], [ 72.9188288, 18.3486112 ], [ 72.9152236, 18.3551377 ], [ 72.9156925, 18.3590085 ], [ 72.9129787, 18.361628 ], [ 72.9119196, 18.3654477 ], [ 72.9130528, 18.3680835 ], [ 72.9147611, 18.3708749 ], [ 72.919471, 18.3726993 ], [ 72.9250776, 18.3773688 ], [ 72.9259459, 18.3834385 ], [ 72.9229267, 18.393082 ], [ 72.9189825, 18.3945052 ], [ 72.9132552, 18.3940122 ], [ 72.9133997, 18.3977029 ], [ 72.9088613, 18.400708 ], [ 72.9093515, 18.4037596 ], [ 72.9070355, 18.4029893 ], [ 72.9061735, 18.411327 ], [ 72.9079802, 18.4139166 ], [ 72.9095767, 18.422189 ], [ 72.9047313, 18.4291806 ], [ 72.9075105, 18.4322073 ], [ 72.9070989, 18.4372598 ], [ 72.9017604, 18.4514417 ], [ 72.8972848, 18.45822 ], [ 72.894824, 18.4575174 ], [ 72.8956431, 18.4637349 ], [ 72.8937325, 18.4717912 ], [ 72.9003137, 18.4759277 ], [ 72.9018891, 18.4757726 ], [ 72.9018899, 18.4926603 ], [ 72.9035258, 18.4933583 ], [ 72.905653, 18.5026859 ], [ 72.9110922, 18.5025591 ], [ 72.9116226, 18.5186825 ], [ 72.9088551, 18.5306139 ], [ 72.9053162, 18.538556 ], [ 72.9069888, 18.5410313 ], [ 72.9217394, 18.5471773 ], [ 72.921158, 18.5505529 ], [ 72.9096542, 18.5734087 ], [ 72.9015518, 18.5836245 ], [ 72.8915106, 18.6062157 ], [ 72.8835343, 18.6171221 ], [ 72.8809528, 18.6184515 ], [ 72.8812479, 18.6158834 ], [ 72.8801615, 18.6154548 ], [ 72.8779564, 18.617953 ], [ 72.8781284, 18.6246621 ], [ 72.8764666, 18.6244158 ], [ 72.8755746, 18.6223978 ], [ 72.8740503, 18.6280297 ], [ 72.8752712, 18.6297981 ], [ 72.8784608, 18.6295382 ], [ 72.8781392, 18.6308143 ], [ 72.8701415, 18.6331566 ], [ 72.86742, 18.6319194 ], [ 72.8644022, 18.6325698 ], [ 72.8612499, 18.6296994 ], [ 72.8601473, 18.6345179 ], [ 72.8627182, 18.6383606 ], [ 72.8640565, 18.6454277 ], [ 72.8621123, 18.6458738 ], [ 72.8607059, 18.6494304 ], [ 72.8607087, 18.6608514 ], [ 72.8619016, 18.6643517 ], [ 72.8591895, 18.6841902 ], [ 72.8571701, 18.6913032 ], [ 72.8540917, 18.6933601 ], [ 72.8540233, 18.6960239 ], [ 72.8510523, 18.6988324 ], [ 72.8577998, 18.7062023 ], [ 72.8622465, 18.7207791 ], [ 72.8625385, 18.7334563 ], [ 72.8604313, 18.7422298 ], [ 72.8643024, 18.7584717 ], [ 72.8586466, 18.7707006 ], [ 72.8616755, 18.779556 ], [ 72.8607991, 18.7917625 ], [ 72.8652373, 18.8014002 ], [ 72.8658072, 18.8076211 ], [ 72.869215, 18.8107913 ], [ 72.8703677, 18.811342 ], [ 72.8716544, 18.8100749 ], [ 72.8723843, 18.8057049 ], [ 72.8743669, 18.8045678 ], [ 72.8780195, 18.8040182 ], [ 72.8829823, 18.8057924 ], [ 72.8864232, 18.8049868 ], [ 72.8880448, 18.8041571 ], [ 72.8895548, 18.8005282 ], [ 72.8963259, 18.8019216 ], [ 72.8990359, 18.8059015 ], [ 72.9085634, 18.8001357 ], [ 72.9144893, 18.8003246 ], [ 72.915546, 18.8063294 ], [ 72.9239855, 18.8126597 ], [ 72.9248841, 18.8179647 ], [ 72.9273886, 18.8208943 ], [ 72.930228, 18.8228473 ], [ 72.9370056, 18.8241098 ], [ 72.9364261, 18.8216879 ], [ 72.9416397, 18.8254512 ], [ 72.9451516, 18.8263825 ], [ 72.9466139, 18.8248132 ], [ 72.9460604, 18.8198707 ], [ 72.9470955, 18.8174049 ], [ 72.9446571, 18.8173935 ], [ 72.9461077, 18.812729 ], [ 72.9471916, 18.8128375 ], [ 72.9479527, 18.8162291 ], [ 72.9495032, 18.8154207 ], [ 72.9533851, 18.8073144 ], [ 72.9569794, 18.8030067 ], [ 72.9571325, 18.7992302 ], [ 72.9586946, 18.8003688 ], [ 72.9650203, 18.7950649 ], [ 72.9877256, 18.7833554 ], [ 72.9927884, 18.7795408 ], [ 72.9959432, 18.7730178 ], [ 72.9966721, 18.7795407 ], [ 72.9940019, 18.7871127 ], [ 72.9782722, 18.8075959 ], [ 72.9784592, 18.808772 ], [ 72.9876851, 18.8047638 ], [ 72.99783, 18.8026033 ], [ 72.9989146, 18.8028171 ], [ 72.9992919, 18.8092005 ], [ 72.9874031, 18.8125591 ], [ 72.9849293, 18.814985 ], [ 72.9827134, 18.8234135 ], [ 72.9774645, 18.8303833 ], [ 72.9750876, 18.8395015 ], [ 72.981353, 18.8567466 ], [ 72.989435, 18.8669315 ], [ 72.9953866, 18.8715107 ], [ 72.9936804, 18.8722671 ], [ 72.9838375, 18.8654464 ], [ 72.9766826, 18.8648278 ], [ 72.9734094, 18.8628008 ], [ 72.9694241, 18.8546699 ], [ 72.9692028, 18.8480804 ], [ 72.9651902, 18.8425962 ], [ 72.9609941, 18.8410386 ], [ 72.9551233, 18.8417861 ], [ 72.9503439, 18.8449023 ], [ 72.9424838, 18.8423672 ], [ 72.9383384, 18.8442317 ], [ 72.9348397, 18.8440493 ], [ 72.9257018, 18.8485664 ], [ 72.9183479, 18.8554076 ], [ 72.9159938, 18.8615082 ], [ 72.9192665, 18.8630732 ], [ 72.9198779, 18.8652245 ], [ 72.9154892, 18.8690263 ], [ 72.9138439, 18.8758109 ], [ 72.9039617, 18.8808001 ], [ 72.9018173, 18.8837567 ], [ 72.9017484, 18.8913579 ], [ 72.9039718, 18.8970974 ], [ 72.904073, 18.9044352 ], [ 72.9154221, 18.9075883 ], [ 72.9210106, 18.9136385 ], [ 72.9277651, 18.9144322 ], [ 72.9326256, 18.9108127 ], [ 72.9370608, 18.909332 ], [ 72.937081, 18.914297 ], [ 72.9393548, 18.9215799 ], [ 72.9418572, 18.9230934 ], [ 72.9386564, 18.9286715 ], [ 72.9444751, 18.9355506 ], [ 72.9407865, 18.9415515 ], [ 72.9408106, 18.9444897 ], [ 72.9456, 18.9499696 ], [ 72.9494758, 18.9521139 ], [ 72.9514021, 18.9518032 ], [ 72.9591713, 18.9571623 ], [ 72.954925, 18.9572402 ], [ 72.9506464, 18.9595069 ], [ 72.9482077, 18.9674647 ], [ 72.947109, 18.9868502 ], [ 72.9221731, 18.9841549 ], [ 72.9023278, 18.9789061 ], [ 72.8909092, 18.9789971 ], [ 72.8853004, 18.9814782 ], [ 72.8803985, 18.9884193 ], [ 72.8797155, 18.9929551 ], [ 72.8827087, 18.9991265 ], [ 72.8857246, 19.0120732 ], [ 72.8852344, 19.015238 ], [ 72.8812814, 19.0178254 ], [ 72.8782429, 19.0219364 ], [ 72.8711987, 19.0128966 ], [ 72.8624762, 19.0100622 ], [ 72.8609735, 19.0044367 ], [ 72.8620481, 19.0031881 ], [ 72.8601368, 18.999223 ], [ 72.8543206, 18.9972034 ], [ 72.8605368, 18.9814709 ], [ 72.8568165, 18.9784588 ], [ 72.8502009, 18.9802442 ], [ 72.8497651, 18.9793488 ], [ 72.8552252, 18.9779873 ], [ 72.8548524, 18.9770343 ], [ 72.8488461, 18.9777469 ], [ 72.8493342, 18.9767755 ], [ 72.8552049, 18.9759607 ], [ 72.8548859, 18.9749411 ], [ 72.8502822, 18.9756464 ], [ 72.8505444, 18.9741639 ], [ 72.8537167, 18.9736776 ], [ 72.8533899, 18.9725855 ], [ 72.8490568, 18.9735226 ], [ 72.8479264, 18.9695282 ], [ 72.8485782, 18.9680538 ], [ 72.8504949, 18.9680074 ], [ 72.850068, 18.9665106 ], [ 72.8488385, 18.9649837 ], [ 72.8460378, 18.9648127 ], [ 72.8491723, 18.9632766 ], [ 72.8461212, 18.9630325 ], [ 72.8487905, 18.9610526 ], [ 72.8452446, 18.946294 ], [ 72.8433723, 18.9302947 ], [ 72.835592, 18.9284371 ], [ 72.8349349, 18.9260084 ], [ 72.8379802, 18.9256375 ], [ 72.8331077, 18.9211311 ], [ 72.8315619, 18.9170467 ], [ 72.827942, 18.9147144 ], [ 72.8280007, 18.9117488 ], [ 72.8256303, 18.9125362 ], [ 72.8210746, 18.910813 ], [ 72.8169923, 18.9069062 ], [ 72.8169944, 18.9012483 ], [ 72.8119512, 18.8951277 ], [ 72.8087409, 18.8934052 ], [ 72.8035602, 18.8988146 ], [ 72.8035371, 18.9061816 ], [ 72.8051037, 18.9101538 ], [ 72.8105927, 18.9109651 ], [ 72.8152161, 18.9080947 ], [ 72.8255949, 18.9194462 ], [ 72.8258676, 18.9257745 ], [ 72.8199452, 18.9278718 ], [ 72.8235715, 18.933239 ], [ 72.8236058, 18.9412494 ], [ 72.8209563, 18.9469153 ], [ 72.8121794, 18.955271 ], [ 72.8076955, 18.9551276 ], [ 72.8066783, 18.9532746 ], [ 72.7980843, 18.9475316 ], [ 72.795136, 18.9443085 ], [ 72.7933152, 18.9394083 ], [ 72.7924965, 18.9499065 ], [ 72.799176, 18.9572468 ], [ 72.8040582, 18.9736668 ], [ 72.8061333, 18.9752118 ], [ 72.8063905, 18.9770398 ], [ 72.8115435, 18.9789068 ], [ 72.8137605, 18.9829557 ], [ 72.8129364, 18.9877642 ], [ 72.8104978, 18.9875459 ], [ 72.8130356, 18.9923206 ], [ 72.8111071, 19.0015155 ], [ 72.8163934, 19.0097984 ], [ 72.8174611, 19.0255638 ], [ 72.8203201, 19.019328 ], [ 72.8230273, 19.0173989 ], [ 72.8264658, 19.0184112 ], [ 72.8326025, 19.023681 ], [ 72.8363065, 19.0278373 ], [ 72.8385028, 19.0330523 ], [ 72.8386314, 19.0465232 ], [ 72.837808, 19.0519378 ], [ 72.8317805, 19.0532463 ], [ 72.8296759, 19.0514929 ], [ 72.8270794, 19.0458988 ], [ 72.8198978, 19.0409554 ], [ 72.8170134, 19.0414741 ], [ 72.8244487, 19.0558435 ], [ 72.8219377, 19.0603816 ], [ 72.8234173, 19.0653194 ], [ 72.8218888, 19.0738579 ], [ 72.8229924, 19.0800451 ], [ 72.8239051, 19.0806972 ], [ 72.8251572, 19.0779646 ], [ 72.8279817, 19.0773902 ], [ 72.8292375, 19.0806951 ], [ 72.8332233, 19.0848311 ], [ 72.8281645, 19.0835039 ], [ 72.8258909, 19.084732 ], [ 72.8275344, 19.0943495 ], [ 72.8210925, 19.1183205 ], [ 72.8219905, 19.1191984 ], [ 72.8267841, 19.117652 ], [ 72.8286701, 19.1157058 ], [ 72.8286967, 19.1166199 ], [ 72.8257626, 19.1200684 ], [ 72.8205554, 19.1205706 ], [ 72.8211224, 19.1223914 ], [ 72.8193124, 19.1228919 ], [ 72.8173097, 19.1269928 ], [ 72.8040804, 19.1414509 ], [ 72.8060776, 19.1466528 ], [ 72.8116306, 19.145231 ], [ 72.8068457, 19.1514507 ], [ 72.8005079, 19.1395535 ], [ 72.7985105, 19.1397107 ], [ 72.7974572, 19.1416288 ], [ 72.7955259, 19.1413939 ], [ 72.7973319, 19.1369771 ], [ 72.7969948, 19.1344871 ], [ 72.7940962, 19.1326717 ], [ 72.786073, 19.1335208 ], [ 72.7890762, 19.1365597 ], [ 72.7881521, 19.1434924 ], [ 72.789692, 19.1473317 ], [ 72.7879123, 19.153264 ], [ 72.7841155, 19.1569108 ], [ 72.7832839, 19.1564501 ], [ 72.7819614, 19.1592896 ], [ 72.7844704, 19.1635437 ], [ 72.7818125, 19.1656858 ], [ 72.7816423, 19.1678846 ], [ 72.7825482, 19.1690388 ], [ 72.7857877, 19.1674742 ], [ 72.7899469, 19.1719981 ], [ 72.7948625, 19.1746971 ], [ 72.7954842, 19.1946677 ], [ 72.7926023, 19.1970087 ], [ 72.7897083, 19.1947501 ], [ 72.784652, 19.1958198 ], [ 72.7822173, 19.1940818 ], [ 72.7814101, 19.1954306 ], [ 72.782534, 19.2013334 ], [ 72.7850882, 19.2018348 ], [ 72.7861974, 19.2044855 ], [ 72.7829961, 19.2088864 ], [ 72.7799995, 19.2085747 ], [ 72.7814297, 19.2180883 ], [ 72.7768283, 19.2216637 ], [ 72.7755759, 19.2271909 ], [ 72.780496, 19.2328253 ], [ 72.778728, 19.239635 ], [ 72.7812717, 19.2465309 ], [ 72.7838395, 19.2650693 ], [ 72.7852721, 19.2652878 ], [ 72.7854771, 19.2667736 ], [ 72.7841263, 19.2665353 ], [ 72.7832238, 19.2693817 ], [ 72.7810311, 19.2701181 ], [ 72.778655, 19.2789248 ], [ 72.7828315, 19.2793864 ], [ 72.7838882, 19.2816088 ], [ 72.785102, 19.2990129 ], [ 72.7838669, 19.3017144 ], [ 72.786928, 19.3076842 ], [ 72.7928495, 19.3104359 ], [ 72.7950266, 19.3150304 ], [ 72.8003429, 19.313354 ], [ 72.8157195, 19.3144773 ], [ 72.8302309, 19.3273094 ], [ 72.8299515, 19.3346214 ], [ 72.8271, 19.3357196 ], [ 72.8204606, 19.3290596 ], [ 72.8118374, 19.3278245 ], [ 72.8063754, 19.3237202 ], [ 72.8001907, 19.3238471 ], [ 72.7975426, 19.325982 ], [ 72.7927815, 19.3337524 ], [ 72.7656781, 19.3616446 ], [ 72.7684436, 19.3633332 ], [ 72.7668881, 19.3650833 ], [ 72.7617698, 19.3689927 ], [ 72.7594586, 19.3693321 ], [ 72.7566064, 19.3640713 ], [ 72.7512255, 19.3702634 ], [ 72.7479579, 19.3701197 ], [ 72.7444386, 19.3788195 ], [ 72.7525574, 19.3787545 ], [ 72.7540966, 19.3845568 ], [ 72.7599269, 19.3927097 ], [ 72.7576559, 19.3976283 ], [ 72.7560787, 19.4183953 ], [ 72.7536298, 19.4300519 ], [ 72.7481678, 19.4478256 ], [ 72.7431377, 19.4583782 ], [ 72.7434472, 19.4638319 ], [ 72.7487053, 19.4706472 ], [ 72.7495477, 19.4892693 ], [ 72.7472942, 19.4921582 ], [ 72.7477152, 19.4965392 ], [ 72.7441317, 19.4993848 ], [ 72.719732, 19.5007665 ], [ 72.720352, 19.5117076 ], [ 72.7160581, 19.5199552 ], [ 72.7223837, 19.5233978 ], [ 72.7210152, 19.5245603 ], [ 72.7222555, 19.5284786 ], [ 72.7218253, 19.5333286 ], [ 72.7201329, 19.5372773 ], [ 72.7148111, 19.5365396 ], [ 72.7110904, 19.5407835 ], [ 72.7115597, 19.5439536 ], [ 72.7159807, 19.5520192 ], [ 72.713426, 19.5539206 ], [ 72.7169719, 19.5571466 ], [ 72.7155277, 19.5605537 ], [ 72.7172369, 19.5618304 ], [ 72.7175864, 19.5645731 ], [ 72.7172311, 19.5658798 ], [ 72.712703, 19.5672059 ], [ 72.7101192, 19.5716802 ], [ 72.711199, 19.5726173 ], [ 72.7103815, 19.5744617 ], [ 72.714011, 19.5784374 ], [ 72.7147234, 19.5816126 ], [ 72.7118028, 19.5851454 ], [ 72.7114567, 19.5929135 ], [ 72.7089093, 19.5987642 ], [ 72.713994, 19.5968834 ], [ 72.7182283, 19.5977622 ], [ 72.7197346, 19.6030072 ], [ 72.7211052, 19.601851 ], [ 72.7222228, 19.6024578 ], [ 72.7253433, 19.6095714 ], [ 72.7248666, 19.6110964 ], [ 72.7230201, 19.6110803 ], [ 72.7247678, 19.6126336 ], [ 72.7228834, 19.6175807 ], [ 72.7183042, 19.6205492 ], [ 72.7103026, 19.6227094 ], [ 72.7112011, 19.6259317 ], [ 72.7179207, 19.6263511 ], [ 72.7190025, 19.6299869 ], [ 72.7107092, 19.6392638 ], [ 72.7095784, 19.6395397 ], [ 72.7082782, 19.6376637 ], [ 72.7073274, 19.6383285 ], [ 72.7057126, 19.6495678 ], [ 72.7005753, 19.6570777 ], [ 72.699134, 19.6614788 ], [ 72.7028146, 19.6705937 ], [ 72.701152, 19.6845634 ], [ 72.7037375, 19.6908006 ], [ 72.7041709, 19.6881391 ], [ 72.706052, 19.6894399 ], [ 72.7084053, 19.6949897 ], [ 72.7081437, 19.7038107 ], [ 72.7026346, 19.7136901 ], [ 72.6970744, 19.7192447 ], [ 72.6923882, 19.7194603 ], [ 72.6900392, 19.7169592 ], [ 72.6851893, 19.7176196 ], [ 72.6843484, 19.7145683 ], [ 72.6804638, 19.7137746 ], [ 72.6755236, 19.7157133 ], [ 72.6725716, 19.7225531 ], [ 72.6753226, 19.7268832 ], [ 72.6740773, 19.7416103 ], [ 72.6779201, 19.7500715 ], [ 72.6718548, 19.7614798 ], [ 72.6731302, 19.7638752 ], [ 72.6758691, 19.7650259 ], [ 72.6820936, 19.759714 ], [ 72.6829361, 19.7605432 ], [ 72.6845768, 19.7684703 ], [ 72.6835012, 19.7704721 ], [ 72.6828478, 19.7934885 ], [ 72.6775863, 19.8051936 ], [ 72.6713167, 19.8136431 ], [ 72.6673862, 19.8146142 ], [ 72.6656959, 19.8138701 ], [ 72.6686583, 19.8045618 ], [ 72.6676832, 19.8013243 ], [ 72.6569262, 19.8083464 ], [ 72.6578327, 19.8110976 ], [ 72.6539806, 19.8109377 ], [ 72.6511608, 19.8169091 ], [ 72.6517798, 19.8198376 ], [ 72.653526, 19.8208455 ], [ 72.6512846, 19.8232482 ], [ 72.6525268, 19.8268352 ], [ 72.649618, 19.8295674 ], [ 72.6514043, 19.8316295 ], [ 72.647818, 19.8332349 ], [ 72.6481626, 19.8351641 ], [ 72.6463015, 19.8387287 ], [ 72.6432218, 19.8401013 ], [ 72.6438314, 19.8414899 ], [ 72.6419906, 19.8439824 ], [ 72.6451572, 19.8445143 ], [ 72.6471356, 19.8475296 ], [ 72.645525, 19.8511604 ], [ 72.6455122, 19.8570689 ], [ 72.6464563, 19.8586688 ], [ 72.645935, 19.8644457 ], [ 72.6480558, 19.8700547 ], [ 72.6504851, 19.8700032 ], [ 72.6509083, 19.8649192 ], [ 72.6554862, 19.8619079 ], [ 72.6608728, 19.8625654 ], [ 72.6715587, 19.8665676 ], [ 72.673735, 19.8644297 ], [ 72.6802717, 19.8648962 ], [ 72.6790591, 19.8698062 ], [ 72.6820337, 19.8895194 ], [ 72.679369, 19.8964762 ], [ 72.6806207, 19.9006382 ], [ 72.678637, 19.9003202 ], [ 72.6747038, 19.9033939 ], [ 72.6767513, 19.9164318 ], [ 72.67806, 19.9170272 ], [ 72.6768889, 19.9191163 ], [ 72.6788026, 19.9207421 ], [ 72.675914, 19.9237831 ], [ 72.6739745, 19.9233905 ], [ 72.6739113, 19.9221622 ], [ 72.6691296, 19.9274323 ], [ 72.6643655, 19.9297086 ], [ 72.664216, 19.9334888 ], [ 72.6750561, 19.9376862 ], [ 72.6763003, 19.9396353 ], [ 72.6815639, 19.9422403 ], [ 72.6894468, 19.9573561 ], [ 72.7008307, 19.961714 ], [ 72.7055882, 19.9665816 ], [ 72.713217, 19.9678088 ], [ 72.7151861, 19.970503 ], [ 72.7212438, 19.9689831 ], [ 72.7219758, 19.9706238 ], [ 72.7166422, 19.9731772 ], [ 72.7214177, 19.9889387 ], [ 72.7210594, 19.9963974 ], [ 72.7176759, 20.0141263 ], [ 72.7127618, 20.0224903 ], [ 72.7152065, 20.0289716 ], [ 72.7150955, 20.0371225 ], [ 72.7078838, 20.0700255 ], [ 72.7104652, 20.0781864 ], [ 72.7158898, 20.0797049 ], [ 72.7260131, 20.0799046 ], [ 72.7257225, 20.0840373 ], [ 72.7274565, 20.0852088 ], [ 72.7290601, 20.0931451 ], [ 72.735939, 20.106629 ], [ 72.7387658, 20.1176752 ], [ 72.7430702, 20.1162025 ], [ 72.7439476, 20.1180403 ], [ 72.7450485, 20.1171414 ], [ 72.744082, 20.1150422 ], [ 72.7455339, 20.1147244 ], [ 72.7462919, 20.1158687 ], [ 72.7440745, 20.1241344 ], [ 72.7371433, 20.1272081 ], [ 72.7376711, 20.1343358 ], [ 72.741739, 20.1345941 ], [ 72.749312, 20.131375 ], [ 72.7605684, 20.1312232 ], [ 72.7626931, 20.1298212 ], [ 72.7682993, 20.1315935 ], [ 72.7732276, 20.130669 ], [ 72.7748054, 20.1321458 ], [ 72.7819925, 20.1299861 ], [ 72.7853079, 20.1269858 ], [ 72.7941136, 20.1233406 ], [ 72.7922122, 20.1328169 ], [ 72.7903979, 20.1367166 ], [ 72.7875843, 20.1387238 ], [ 72.7874288, 20.1439374 ], [ 72.785271, 20.1451219 ], [ 72.7886239, 20.1493238 ], [ 72.7972321, 20.149675 ], [ 72.7974195, 20.1510803 ], [ 72.7992705, 20.1515573 ], [ 72.8001613, 20.1501021 ], [ 72.8058469, 20.1544697 ], [ 72.8061392, 20.1530853 ], [ 72.8106914, 20.1515867 ], [ 72.8151553, 20.1446859 ], [ 72.8188845, 20.1446682 ], [ 72.8244699, 20.1420217 ], [ 72.822508, 20.1481834 ], [ 72.8223694, 20.154984 ], [ 72.8163221, 20.1566851 ], [ 72.8164527, 20.160336 ], [ 72.819629, 20.1647686 ], [ 72.8200903, 20.1754195 ], [ 72.8180035, 20.1826047 ], [ 72.8160361, 20.1844444 ], [ 72.8179917, 20.1843493 ], [ 72.821087, 20.187962 ], [ 72.825252, 20.1879849 ], [ 72.8252621, 20.1889931 ], [ 72.8276888, 20.1894411 ], [ 72.8297437, 20.1880796 ], [ 72.8325489, 20.1898443 ], [ 72.8369524, 20.1884569 ], [ 72.8308899, 20.1967671 ], [ 72.8334489, 20.2024749 ], [ 72.8360705, 20.203406 ], [ 72.8356777, 20.2050705 ], [ 72.8390316, 20.2091265 ], [ 72.8611848, 20.2076106 ], [ 72.8587366, 20.2247425 ], [ 72.8705024, 20.2283237 ], [ 72.8744292, 20.2263865 ], [ 72.8791168, 20.2269084 ], [ 72.8829991, 20.2234163 ], [ 72.8896133, 20.2202374 ], [ 72.8930627, 20.225845 ], [ 72.8994154, 20.2278408 ], [ 72.9017728, 20.2250497 ], [ 72.9080833, 20.2234237 ], [ 72.9212259, 20.2227127 ], [ 72.922279, 20.2208263 ], [ 72.934452, 20.2159497 ], [ 72.9414436, 20.2170076 ], [ 72.9495099, 20.2158493 ], [ 72.9619842, 20.2100464 ], [ 72.9598459, 20.2012205 ], [ 72.9617805, 20.1920338 ], [ 72.9608508, 20.186055 ], [ 72.9619371, 20.18346 ], [ 72.9630307, 20.1822107 ], [ 72.9688921, 20.1834141 ], [ 72.9729651, 20.1812764 ], [ 72.9751446, 20.1816639 ], [ 72.9767567, 20.1809026 ], [ 72.9768789, 20.17865 ], [ 72.9737181, 20.1738321 ], [ 72.9744031, 20.1602461 ], [ 72.9615822, 20.1370985 ], [ 72.9612698, 20.1306721 ], [ 72.963584, 20.1260372 ], [ 72.9685213, 20.1236563 ], [ 72.9705812, 20.115555 ], [ 72.9773555, 20.11278 ], [ 72.9796041, 20.1156877 ], [ 72.9918183, 20.117697 ], [ 72.995348, 20.1323123 ], [ 72.9942345, 20.1374375 ], [ 72.9975454, 20.1425761 ], [ 73.0032856, 20.1403435 ], [ 73.0050001, 20.1358818 ], [ 73.0089088, 20.1339284 ], [ 73.0109364, 20.1346018 ], [ 73.0126198, 20.1289351 ], [ 72.9996099, 20.1230219 ], [ 73.000738, 20.1123035 ], [ 73.0051899, 20.110467 ], [ 73.010433, 20.1057778 ], [ 73.0133776, 20.1003551 ], [ 73.013699, 20.0964791 ], [ 73.0218264, 20.0899999 ], [ 73.0233637, 20.0847184 ], [ 73.0304772, 20.079662 ], [ 73.0402039, 20.0664332 ], [ 73.0431696, 20.0651917 ], [ 73.0473763, 20.0656998 ], [ 73.0506232, 20.0637436 ], [ 73.052059, 20.0852863 ], [ 73.0551903, 20.099871 ], [ 73.0636929, 20.0995867 ], [ 73.0681741, 20.0967864 ], [ 73.0805913, 20.0949546 ], [ 73.0809554, 20.0926259 ], [ 73.0837543, 20.0912819 ], [ 73.1022626, 20.091237 ], [ 73.1060356, 20.0875425 ], [ 73.105661, 20.0785456 ], [ 73.1069732, 20.0753896 ], [ 73.1060699, 20.0741667 ], [ 73.1084617, 20.0752998 ], [ 73.1119831, 20.0711748 ], [ 73.1119208, 20.074273 ], [ 73.1143403, 20.0762389 ], [ 73.1189312, 20.0750947 ], [ 73.1190458, 20.0786616 ], [ 73.124103, 20.0779675 ], [ 73.1255003, 20.0834958 ], [ 73.1307067, 20.0817502 ], [ 73.1333594, 20.0861762 ], [ 73.1363851, 20.0863671 ], [ 73.1373871, 20.085298 ], [ 73.1362221, 20.0815535 ], [ 73.1370707, 20.0791268 ], [ 73.1395079, 20.0787858 ], [ 73.1405753, 20.0803733 ], [ 73.1424669, 20.0803047 ], [ 73.1430863, 20.076432 ], [ 73.1466895, 20.0738558 ], [ 73.1486854, 20.074847 ], [ 73.1491902, 20.0789997 ], [ 73.1546437, 20.0757605 ], [ 73.1518549, 20.0725608 ], [ 73.154467, 20.0704169 ], [ 73.1557919, 20.0658752 ], [ 73.1571639, 20.0658731 ], [ 73.156439, 20.0635216 ], [ 73.1616332, 20.0620067 ], [ 73.1635578, 20.0601446 ], [ 73.1651273, 20.0552417 ], [ 73.1677555, 20.0557689 ], [ 73.1720477, 20.0517598 ], [ 73.1766321, 20.051954 ], [ 73.1782219, 20.0470181 ], [ 73.179371, 20.0488141 ], [ 73.183323, 20.05028 ], [ 73.184929, 20.0493388 ], [ 73.1877851, 20.0507358 ], [ 73.1909221, 20.0495925 ], [ 73.1920964, 20.0547061 ], [ 73.1877091, 20.0569819 ], [ 73.1861486, 20.0591707 ], [ 73.1892466, 20.0732547 ], [ 73.188529, 20.0781032 ], [ 73.1968466, 20.0759618 ], [ 73.1981608, 20.0778497 ], [ 73.2047475, 20.079959 ], [ 73.2097028, 20.0853294 ], [ 73.2138988, 20.1189915 ], [ 73.2084264, 20.1200615 ], [ 73.2125804, 20.1217552 ], [ 73.2170079, 20.1286093 ], [ 73.2179267, 20.1366457 ], [ 73.2256841, 20.1401486 ], [ 73.2267295, 20.1329262 ], [ 73.2241767, 20.1249635 ], [ 73.2270421, 20.1229644 ], [ 73.2292936, 20.1226265 ], [ 73.2349493, 20.1259183 ], [ 73.2432265, 20.1281191 ], [ 73.2467342, 20.1265249 ], [ 73.2492522, 20.1223311 ], [ 73.2533567, 20.1256615 ], [ 73.254704, 20.126934 ], [ 73.2538972, 20.137958 ], [ 73.2579434, 20.1378743 ], [ 73.2651456, 20.1402577 ], [ 73.2792255, 20.1501442 ], [ 73.281573, 20.1668626 ], [ 73.280421, 20.1796295 ], [ 73.28118, 20.1900128 ], [ 73.2830502, 20.1980523 ], [ 73.2890088, 20.19817 ], [ 73.293276, 20.2044495 ], [ 73.2980275, 20.2085906 ], [ 73.3009907, 20.2098016 ], [ 73.3037278, 20.2091868 ], [ 73.3140507, 20.2021415 ], [ 73.3244356, 20.2061894 ], [ 73.3364748, 20.2001729 ], [ 73.3438356, 20.1993829 ], [ 73.3447245, 20.2061249 ], [ 73.3463891, 20.2093098 ], [ 73.3564996, 20.2130029 ], [ 73.3592541, 20.2115107 ], [ 73.3612612, 20.2076456 ], [ 73.3534719, 20.202819 ], [ 73.3536027, 20.2003579 ], [ 73.3647537, 20.1955848 ], [ 73.3665337, 20.1963578 ], [ 73.366239, 20.2039103 ], [ 73.3745595, 20.2046957 ], [ 73.3781409, 20.210952 ], [ 73.3824971, 20.2117299 ], [ 73.3863792, 20.209385 ], [ 73.3857516, 20.1961524 ], [ 73.3886723, 20.1927733 ], [ 73.3912109, 20.193686 ], [ 73.3944784, 20.1986437 ], [ 73.4058787, 20.1954863 ], [ 73.4165148, 20.198286 ], [ 73.4212113, 20.206586 ], [ 73.4199969, 20.2079569 ], [ 73.4201095, 20.2109965 ], [ 73.4155702, 20.2126977 ], [ 73.4171421, 20.2145741 ], [ 73.4178366, 20.2223472 ], [ 73.4163967, 20.2242204 ], [ 73.4135976, 20.224343 ], [ 73.4119127, 20.2320745 ], [ 73.4144704, 20.2359434 ], [ 73.4104353, 20.2385076 ], [ 73.4174111, 20.2427343 ], [ 73.4125202, 20.2444927 ], [ 73.4153337, 20.250712 ], [ 73.4113001, 20.253224 ], [ 73.4128658, 20.2563039 ], [ 73.4161208, 20.2586788 ], [ 73.4138047, 20.2596504 ], [ 73.4155187, 20.2619534 ], [ 73.4121502, 20.2655131 ], [ 73.4149407, 20.2663119 ], [ 73.4158076, 20.2683757 ], [ 73.4131132, 20.2692074 ], [ 73.4128456, 20.2709462 ], [ 73.4150291, 20.2748841 ], [ 73.4179005, 20.2733161 ], [ 73.4191935, 20.275547 ], [ 73.4231946, 20.2747691 ], [ 73.4273217, 20.2781281 ], [ 73.4277005, 20.2801196 ], [ 73.4239419, 20.2915067 ], [ 73.4202195, 20.2973565 ], [ 73.4204332, 20.3073513 ], [ 73.4178503, 20.3156441 ], [ 73.4153517, 20.3174197 ], [ 73.4168127, 20.3201698 ], [ 73.4161724, 20.3247948 ], [ 73.4138074, 20.3257212 ], [ 73.4149571, 20.3279249 ], [ 73.417514, 20.3283579 ], [ 73.4184674, 20.3305164 ], [ 73.4171225, 20.3322511 ], [ 73.4171807, 20.3351371 ], [ 73.4142267, 20.3361178 ], [ 73.41216, 20.3435794 ], [ 73.4132908, 20.3461264 ], [ 73.4091973, 20.3492165 ], [ 73.4098633, 20.3509326 ], [ 73.413661, 20.3522054 ], [ 73.4127372, 20.3540212 ], [ 73.4134037, 20.3567263 ], [ 73.411782, 20.3638988 ], [ 73.4064441, 20.3733978 ], [ 73.406049, 20.3847024 ], [ 73.4034293, 20.3863693 ], [ 73.400857, 20.3855975 ], [ 73.3882014, 20.3738609 ], [ 73.3841925, 20.3720367 ], [ 73.3820134, 20.374051 ], [ 73.3800978, 20.3789514 ], [ 73.379768, 20.3935032 ], [ 73.3878252, 20.398412 ], [ 73.3959203, 20.3963336 ], [ 73.3980148, 20.403826 ], [ 73.4000894, 20.4060523 ], [ 73.4023409, 20.4058532 ], [ 73.4059187, 20.4029666 ], [ 73.4048662, 20.4099762 ], [ 73.4123205, 20.410747 ], [ 73.4140178, 20.4162249 ], [ 73.4171787, 20.4130944 ], [ 73.4195741, 20.4130666 ], [ 73.418536, 20.4179265 ], [ 73.4206017, 20.4210784 ], [ 73.4231173, 20.4221571 ], [ 73.4226348, 20.4266464 ], [ 73.4209198, 20.4271889 ], [ 73.4211026, 20.4296819 ], [ 73.4231406, 20.4352093 ], [ 73.4285572, 20.4420816 ], [ 73.4315021, 20.4497132 ], [ 73.4312488, 20.4539459 ], [ 73.4329555, 20.453642 ], [ 73.4354577, 20.4558405 ], [ 73.4448299, 20.474783 ], [ 73.4562525, 20.4783323 ], [ 73.4579845, 20.490521 ], [ 73.4627273, 20.4948362 ], [ 73.4676652, 20.4964686 ], [ 73.4687447, 20.5058466 ], [ 73.4669061, 20.5092258 ], [ 73.4698659, 20.5203072 ], [ 73.4902697, 20.5338932 ], [ 73.4936242, 20.5380685 ], [ 73.4911668, 20.5409244 ], [ 73.4831024, 20.5410381 ], [ 73.4752983, 20.5433282 ], [ 73.4792032, 20.5602438 ], [ 73.4731531, 20.5846353 ], [ 73.4635688, 20.5895226 ], [ 73.4590796, 20.5894165 ], [ 73.4494705, 20.5940367 ], [ 73.4356139, 20.593297 ], [ 73.4295761, 20.5952049 ], [ 73.4290878, 20.5978832 ], [ 73.4315061, 20.6001451 ], [ 73.426456, 20.6019803 ], [ 73.4282371, 20.6065095 ], [ 73.4254992, 20.6092157 ], [ 73.4256248, 20.6118847 ], [ 73.4235054, 20.6142112 ], [ 73.4251757, 20.6171869 ], [ 73.4211202, 20.6258683 ], [ 73.4185974, 20.6277342 ], [ 73.4151525, 20.6263079 ], [ 73.4108688, 20.6271806 ], [ 73.4072077, 20.6239703 ], [ 73.4070358, 20.6274433 ], [ 73.4099628, 20.6299763 ], [ 73.4074024, 20.6328899 ], [ 73.4070999, 20.6353332 ], [ 73.3981245, 20.6407316 ], [ 73.3941137, 20.6407818 ], [ 73.3925597, 20.645104 ], [ 73.3922436, 20.6492861 ], [ 73.3956987, 20.6526864 ], [ 73.4019123, 20.6531235 ], [ 73.406183, 20.6549022 ], [ 73.412451, 20.6614675 ], [ 73.4196628, 20.6606844 ], [ 73.4301244, 20.6641182 ], [ 73.4346854, 20.6704754 ], [ 73.43414, 20.6744996 ], [ 73.4320392, 20.6772642 ], [ 73.4442972, 20.681103 ], [ 73.4484495, 20.6931234 ], [ 73.447486, 20.6955536 ], [ 73.4434118, 20.6966527 ], [ 73.4407831, 20.6998376 ], [ 73.4442847, 20.7057705 ], [ 73.4449394, 20.7098981 ], [ 73.4484738, 20.7132521 ], [ 73.4491813, 20.7171809 ], [ 73.453232, 20.7160048 ], [ 73.4595911, 20.7168552 ], [ 73.4669363, 20.7220597 ], [ 73.4746481, 20.7203879 ], [ 73.4756251, 20.7098645 ], [ 73.480159, 20.7070888 ], [ 73.4839458, 20.7001496 ], [ 73.4839972, 20.6915552 ], [ 73.490266, 20.6863845 ], [ 73.4884122, 20.6782836 ], [ 73.4862648, 20.6751643 ], [ 73.4837415, 20.6763086 ], [ 73.4821555, 20.67976 ], [ 73.4785637, 20.6766641 ], [ 73.479626, 20.672206 ], [ 73.4843896, 20.6701616 ], [ 73.4845879, 20.665582 ], [ 73.489217, 20.6637002 ], [ 73.4878232, 20.6628138 ], [ 73.4892349, 20.6557336 ], [ 73.4956244, 20.6536065 ], [ 73.4975669, 20.6585866 ], [ 73.5025067, 20.6622708 ], [ 73.5045155, 20.6706769 ], [ 73.5113332, 20.6657588 ], [ 73.5179012, 20.6674339 ], [ 73.5204895, 20.6788479 ], [ 73.5215765, 20.6752763 ], [ 73.5258618, 20.6752968 ], [ 73.532788, 20.6727444 ], [ 73.5332219, 20.66924 ], [ 73.5382723, 20.6651599 ], [ 73.5507994, 20.6485595 ], [ 73.5578536, 20.6458661 ], [ 73.5618532, 20.6503974 ], [ 73.5666424, 20.6484164 ], [ 73.5683637, 20.6514068 ], [ 73.5771553, 20.6463872 ], [ 73.5835705, 20.6447811 ], [ 73.5854087, 20.6421214 ], [ 73.5891415, 20.6417247 ], [ 73.593863, 20.6389482 ], [ 73.5959889, 20.6361078 ], [ 73.599515, 20.6369031 ], [ 73.6127428, 20.6244216 ], [ 73.6151942, 20.6248192 ], [ 73.6147482, 20.6217842 ], [ 73.6168591, 20.6179229 ], [ 73.6222797, 20.6142378 ], [ 73.6212916, 20.6124809 ], [ 73.6227786, 20.6113428 ], [ 73.6273112, 20.5964211 ], [ 73.6264142, 20.59447 ], [ 73.6268313, 20.5854782 ], [ 73.6296848, 20.5812599 ], [ 73.6450209, 20.5739784 ], [ 73.6513886, 20.5685624 ], [ 73.6526826, 20.5648725 ], [ 73.6579766, 20.5646772 ], [ 73.6608628, 20.5624727 ], [ 73.6691158, 20.5634779 ], [ 73.6848868, 20.5736617 ], [ 73.695377, 20.5783727 ], [ 73.6973229, 20.575784 ], [ 73.6996821, 20.5752547 ], [ 73.7154653, 20.5764438 ], [ 73.7249687, 20.5738642 ], [ 73.7323256, 20.5744197 ], [ 73.7340071, 20.5719076 ], [ 73.7419845, 20.5688358 ], [ 73.7445614, 20.5649184 ], [ 73.746214, 20.5687516 ], [ 73.755467, 20.5708378 ], [ 73.76074, 20.5737363 ], [ 73.7635985, 20.5867404 ], [ 73.7676321, 20.5865488 ], [ 73.772165, 20.5926575 ], [ 73.7753928, 20.6002241 ], [ 73.7766348, 20.60069 ], [ 73.7779882, 20.5994397 ], [ 73.7798913, 20.601315 ], [ 73.7912664, 20.6052724 ], [ 73.7972731, 20.6026016 ], [ 73.7971022, 20.5988576 ], [ 73.7984022, 20.5986775 ], [ 73.8052814, 20.6068232 ], [ 73.8163688, 20.6132719 ], [ 73.8260108, 20.6124618 ], [ 73.8305428, 20.615656 ], [ 73.8323744, 20.6188178 ], [ 73.8383944, 20.6204631 ], [ 73.8366749, 20.6289985 ], [ 73.8330698, 20.6379669 ], [ 73.8327414, 20.6457167 ], [ 73.8329662, 20.6485981 ], [ 73.8383096, 20.6549492 ], [ 73.8390909, 20.6587745 ], [ 73.8365801, 20.6642748 ], [ 73.8309882, 20.6703208 ], [ 73.8315581, 20.6743855 ], [ 73.8306221, 20.6751033 ], [ 73.8172059, 20.6720375 ], [ 73.8169249, 20.6791549 ], [ 73.8132412, 20.6865919 ], [ 73.814623, 20.6875498 ], [ 73.8123031, 20.6922459 ], [ 73.8254315, 20.7007179 ], [ 73.8312294, 20.700313 ], [ 73.8354383, 20.7021024 ], [ 73.8391588, 20.6980205 ], [ 73.8433296, 20.6982291 ], [ 73.8505149, 20.6958546 ], [ 73.8551708, 20.6922513 ], [ 73.8562448, 20.7003941 ], [ 73.8608333, 20.7002816 ], [ 73.8596908, 20.7031719 ], [ 73.8626185, 20.7032353 ], [ 73.8637078, 20.7073948 ], [ 73.8667699, 20.7105834 ], [ 73.8685839, 20.7200269 ], [ 73.8707344, 20.7210204 ], [ 73.8744211, 20.7295335 ], [ 73.8810699, 20.7311592 ], [ 73.8825294, 20.7334263 ], [ 73.8875363, 20.7314388 ], [ 73.8929801, 20.7307518 ], [ 73.89551, 20.7316638 ], [ 73.8973818, 20.7290396 ], [ 73.9047546, 20.72529 ], [ 73.9055518, 20.7268073 ], [ 73.9120462, 20.7245749 ], [ 73.9173266, 20.7248492 ], [ 73.9178657, 20.7295594 ], [ 73.9217064, 20.7305836 ], [ 73.9246838, 20.7336898 ], [ 73.927262, 20.7343439 ], [ 73.9295638, 20.727614 ], [ 73.9317452, 20.732825 ], [ 73.9426612, 20.7420837 ], [ 73.9416021, 20.7464242 ], [ 73.9380314, 20.7492211 ], [ 73.9410576, 20.7524905 ], [ 73.9413098, 20.7583254 ], [ 73.9388235, 20.760336 ], [ 73.9321738, 20.7613636 ], [ 73.9336715, 20.7724277 ], [ 73.9347331, 20.7733079 ], [ 73.9329781, 20.7918745 ], [ 73.9361226, 20.8009012 ], [ 73.931928, 20.8089008 ], [ 73.938155, 20.8142231 ], [ 73.9421027, 20.8235023 ], [ 73.9440434, 20.8237725 ], [ 73.940563, 20.8284706 ], [ 73.9392506, 20.8372505 ], [ 73.9403325, 20.839454 ], [ 73.9363603, 20.8413567 ], [ 73.9293516, 20.8423573 ], [ 73.9276095, 20.8473617 ], [ 73.9251212, 20.8483064 ], [ 73.9237242, 20.8513778 ], [ 73.9245386, 20.8586213 ], [ 73.922642, 20.862402 ], [ 73.9247959, 20.8664794 ], [ 73.9233667, 20.8745004 ], [ 73.9255732, 20.8773675 ], [ 73.925726, 20.8885042 ], [ 73.9221616, 20.8923123 ], [ 73.9175382, 20.9077812 ], [ 73.9097827, 20.9146114 ], [ 73.9000942, 20.9207822 ], [ 73.8881992, 20.9335913 ], [ 73.8923119, 20.9557107 ], [ 73.8990146, 20.9603027 ], [ 73.9080484, 20.9600798 ], [ 73.9084635, 20.966917 ], [ 73.9060213, 20.9684845 ], [ 73.9028239, 20.9733983 ], [ 73.9013831, 20.9768491 ], [ 73.9012976, 20.9823046 ], [ 73.896412, 20.9820162 ], [ 73.8944114, 20.9797043 ], [ 73.892387, 20.9794697 ], [ 73.890858, 20.9808201 ], [ 73.8867516, 20.9802605 ], [ 73.8714846, 20.9857165 ], [ 73.8690226, 20.9852648 ], [ 73.8663151, 20.9899027 ], [ 73.8619968, 20.9903902 ], [ 73.8546244, 20.9943592 ], [ 73.8494443, 20.9997733 ], [ 73.8440866, 21.0018986 ], [ 73.8388144, 21.0075381 ], [ 73.8345483, 21.0085804 ], [ 73.8277801, 21.0131987 ], [ 73.8187783, 21.0217946 ], [ 73.8149972, 21.0234958 ], [ 73.8001272, 21.0387633 ], [ 73.7955256, 21.0445192 ], [ 73.8109034, 21.0594916 ], [ 73.807741, 21.0848931 ], [ 73.7941018, 21.0714431 ], [ 73.7803263, 21.0645266 ], [ 73.7659907, 21.0688399 ], [ 73.7602119, 21.0694006 ], [ 73.7576454, 21.0719957 ], [ 73.7451622, 21.0776096 ], [ 73.7299321, 21.082434 ], [ 73.7330184, 21.0982515 ], [ 73.7437586, 21.1151792 ], [ 73.7319787, 21.1044256 ], [ 73.729675, 21.0998704 ], [ 73.7153717, 21.105876 ], [ 73.7054882, 21.108428 ], [ 73.7030455, 21.112331 ], [ 73.7031452, 21.1186489 ], [ 73.6889488, 21.1007942 ], [ 73.6772, 21.1085568 ], [ 73.6518999, 21.1075965 ], [ 73.646382, 21.1212492 ], [ 73.6310287, 21.1232783 ], [ 73.6184619, 21.1184553 ], [ 73.61191, 21.1380814 ], [ 73.6176332, 21.142697 ], [ 73.605127, 21.1440148 ], [ 73.6008538, 21.1501041 ], [ 73.5987901, 21.1566316 ], [ 73.5785196, 21.1504813 ], [ 73.5768809, 21.1566722 ], [ 73.5832825, 21.1610137 ], [ 73.5776429, 21.1679171 ], [ 73.5774206, 21.1707531 ], [ 73.5810078, 21.1694489 ], [ 73.5936348, 21.1743225 ], [ 73.5995997, 21.1816953 ], [ 73.6064516, 21.1787563 ], [ 73.6057931, 21.1700811 ], [ 73.6077923, 21.158981 ], [ 73.6147201, 21.1557842 ], [ 73.6292683, 21.1549218 ], [ 73.6299372, 21.1488298 ], [ 73.627429, 21.1433519 ], [ 73.6346398, 21.1408814 ], [ 73.6433571, 21.1395664 ], [ 73.657525, 21.1458459 ], [ 73.6649386, 21.1473029 ], [ 73.6642374, 21.1532732 ], [ 73.6681805, 21.1545592 ], [ 73.6727105, 21.154427 ], [ 73.6760415, 21.1535183 ], [ 73.6753576, 21.1526063 ], [ 73.6816394, 21.151245 ], [ 73.7017774, 21.153689 ], [ 73.7013403, 21.1463146 ], [ 73.7065865, 21.1446186 ], [ 73.7107412, 21.145434 ], [ 73.7134207, 21.1425077 ], [ 73.7189739, 21.1397575 ], [ 73.7191484, 21.1415547 ], [ 73.7210164, 21.1420368 ], [ 73.7318079, 21.1409691 ], [ 73.7332097, 21.1423545 ], [ 73.7331996, 21.1483201 ], [ 73.7374228, 21.1502186 ], [ 73.7371218, 21.153249 ], [ 73.7340829, 21.1579792 ], [ 73.7285156, 21.1619387 ], [ 73.7297506, 21.1653791 ], [ 73.7400869, 21.1711166 ], [ 73.74019, 21.1676121 ], [ 73.7575665, 21.1674274 ], [ 73.7651318, 21.1651564 ], [ 73.7723055, 21.1646369 ], [ 73.7735979, 21.1686569 ], [ 73.779293, 21.169604 ], [ 73.7813526, 21.1710999 ], [ 73.7847007, 21.1839857 ], [ 73.7935616, 21.1817548 ], [ 73.8026987, 21.1749172 ], [ 73.8157615, 21.1739603 ], [ 73.8198686, 21.1867327 ], [ 73.8229797, 21.1851395 ], [ 73.8232827, 21.1865531 ], [ 73.8258971, 21.1871545 ], [ 73.826047, 21.2001289 ], [ 73.8154346, 21.1973482 ], [ 73.8129561, 21.205729 ], [ 73.8107352, 21.2076158 ], [ 73.811809, 21.2312301 ], [ 73.8284619, 21.2399827 ], [ 73.82749, 21.2521728 ], [ 73.8223758, 21.2610993 ], [ 73.8231451, 21.2654077 ], [ 73.8217709, 21.2686588 ], [ 73.8228735, 21.2708583 ], [ 73.8250654, 21.2713558 ], [ 73.826536, 21.2677163 ], [ 73.8362861, 21.2716927 ], [ 73.8497083, 21.2747164 ], [ 73.8596962, 21.2715112 ], [ 73.8633818, 21.2726584 ], [ 73.8796131, 21.265957 ], [ 73.8974348, 21.2722461 ], [ 73.9021043, 21.2775696 ], [ 73.9087294, 21.2786702 ], [ 73.9189651, 21.2855546 ], [ 73.9222381, 21.2896361 ], [ 73.93242, 21.2907211 ], [ 73.9421717, 21.2992705 ], [ 73.9423527, 21.3256252 ], [ 73.9458461, 21.3435743 ], [ 73.9491759, 21.351164 ], [ 73.9447708, 21.3813518 ], [ 73.9440751, 21.3999691 ], [ 73.9389323, 21.4050198 ], [ 73.9469178, 21.4049262 ], [ 73.9519695, 21.3952847 ], [ 73.9594742, 21.3954279 ], [ 73.9595233, 21.3969498 ], [ 73.9704456, 21.3978154 ], [ 73.9780326, 21.4073438 ], [ 73.976917, 21.411928 ], [ 73.9801358, 21.4083765 ], [ 73.9822236, 21.4078965 ], [ 73.9871873, 21.4113057 ], [ 74.0025383, 21.4174612 ], [ 74.0029298, 21.4194717 ], [ 74.0008722, 21.420842 ], [ 74.0026183, 21.4214135 ], [ 74.0082948, 21.4228676 ], [ 74.0089519, 21.41954 ], [ 74.0150577, 21.42128 ], [ 74.0234044, 21.4177865 ], [ 74.0369011, 21.419649 ], [ 74.0446244, 21.4191939 ], [ 74.0462336, 21.4222827 ], [ 74.0482748, 21.4233953 ], [ 74.0491024, 21.4283109 ], [ 74.0479485, 21.4295905 ], [ 74.0476786, 21.4352718 ], [ 74.0496537, 21.440208 ], [ 74.0476838, 21.4439326 ], [ 74.0456288, 21.4445538 ], [ 74.0457039, 21.4461759 ], [ 74.0499415, 21.4529005 ], [ 74.0531974, 21.4546894 ], [ 74.0530033, 21.4562671 ], [ 74.0571497, 21.4593868 ], [ 74.0596674, 21.4593996 ], [ 74.0597841, 21.4611443 ], [ 74.0614255, 21.4619666 ], [ 74.0624485, 21.4643515 ], [ 74.0611736, 21.4662481 ], [ 74.0626988, 21.4692 ], [ 74.0615753, 21.4706833 ], [ 74.0627994, 21.4713507 ], [ 74.0629316, 21.4745494 ], [ 74.0695476, 21.4722897 ], [ 74.0709572, 21.4695053 ], [ 74.0727634, 21.468772 ], [ 74.0741787, 21.4656265 ], [ 74.0729684, 21.4637854 ], [ 74.074951, 21.463786 ], [ 74.07393, 21.4612657 ], [ 74.075439, 21.4598012 ], [ 74.0722997, 21.4570255 ], [ 74.0863939, 21.4552082 ], [ 74.0945903, 21.4557329 ], [ 74.1005998, 21.4477933 ], [ 74.1164976, 21.4524096 ], [ 74.117161, 21.4620816 ], [ 74.1205309, 21.4634284 ], [ 74.1199601, 21.4653802 ], [ 74.1251787, 21.4666529 ], [ 74.133734, 21.4658624 ], [ 74.1358442, 21.4561199 ], [ 74.1482982, 21.4579963 ], [ 74.1476616, 21.4614148 ], [ 74.1552398, 21.4629535 ], [ 74.1588078, 21.4664877 ], [ 74.1580533, 21.4675521 ], [ 74.1612211, 21.4688954 ], [ 74.1729681, 21.4685165 ], [ 74.173498, 21.4663653 ], [ 74.1761326, 21.4681933 ], [ 74.1823199, 21.4692472 ], [ 74.1834878, 21.4612657 ], [ 74.1864142, 21.4611157 ], [ 74.1877323, 21.4581893 ], [ 74.1953082, 21.4605257 ], [ 74.1961188, 21.4582969 ], [ 74.1978242, 21.4587485 ], [ 74.1971583, 21.4609793 ], [ 74.209281, 21.462188 ], [ 74.2089134, 21.4670371 ], [ 74.2141574, 21.481682 ], [ 74.2343519, 21.4822869 ], [ 74.235708, 21.4677656 ], [ 74.2474182, 21.4688626 ], [ 74.2535611, 21.4677418 ], [ 74.2559206, 21.4767805 ], [ 74.2773156, 21.4793697 ], [ 74.2773416, 21.4825127 ], [ 74.3041354, 21.4881124 ], [ 74.3038882, 21.4994468 ], [ 74.3207881, 21.4984969 ], [ 74.3225978, 21.5174788 ], [ 74.3214769, 21.5295739 ], [ 74.3252498, 21.5322901 ], [ 74.3255378, 21.5360683 ], [ 74.3308394, 21.5355258 ], [ 74.3312212, 21.5395037 ], [ 74.327931, 21.5394396 ], [ 74.3283412, 21.5427767 ], [ 74.3323317, 21.5434818 ], [ 74.3311603, 21.5524246 ], [ 74.3251811, 21.5513919 ], [ 74.3242925, 21.5494303 ], [ 74.3226129, 21.5491064 ], [ 74.3215579, 21.5523077 ], [ 74.3147503, 21.5511693 ], [ 74.3032389, 21.5522327 ], [ 74.3038179, 21.5654732 ], [ 74.2955264, 21.5690738 ], [ 74.2956037, 21.5670839 ], [ 74.2845991, 21.5664279 ], [ 74.2845269, 21.5651041 ], [ 74.2767209, 21.562254 ], [ 74.278528, 21.5536042 ], [ 74.2691176, 21.552557 ], [ 74.2664084, 21.5425891 ], [ 74.2633195, 21.5426122 ], [ 74.2633308, 21.5398989 ], [ 74.2362174, 21.5397031 ], [ 74.2363139, 21.5483957 ], [ 74.2345813, 21.5484 ], [ 74.2349446, 21.550879 ], [ 74.231044, 21.5509542 ], [ 74.2319742, 21.5536076 ], [ 74.2290077, 21.5544626 ], [ 74.2275727, 21.548791 ], [ 74.22042, 21.5469043 ], [ 74.217345, 21.5443984 ], [ 74.2158458, 21.5410918 ], [ 74.2084505, 21.5367723 ], [ 74.2029113, 21.5364053 ], [ 74.2000844, 21.5328414 ], [ 74.1958449, 21.5320626 ], [ 74.1955405, 21.537481 ], [ 74.1932076, 21.5376125 ], [ 74.1933834, 21.5393757 ], [ 74.1882186, 21.5407154 ], [ 74.1876076, 21.5428021 ], [ 74.1827166, 21.5423168 ], [ 74.1825191, 21.5454521 ], [ 74.1811548, 21.5459846 ], [ 74.175097, 21.5564321 ], [ 74.1764832, 21.5576247 ], [ 74.1754258, 21.5592223 ], [ 74.1758646, 21.5689984 ], [ 74.155859, 21.5683043 ], [ 74.1546787, 21.5612947 ], [ 74.1536126, 21.5606391 ], [ 74.1539564, 21.5568196 ], [ 74.1389357, 21.5550309 ], [ 74.1369635, 21.5468634 ], [ 74.1361199, 21.5492855 ], [ 74.1297969, 21.5511813 ], [ 74.1201123, 21.5513917 ], [ 74.1201278, 21.5562501 ], [ 74.1175473, 21.5561424 ], [ 74.1155554, 21.5532977 ], [ 74.1166509, 21.5508386 ], [ 74.1133962, 21.5489436 ], [ 74.1099539, 21.5562411 ], [ 74.1044633, 21.5564318 ], [ 74.0973101, 21.5552493 ], [ 74.0974412, 21.5515353 ], [ 74.096447, 21.5512371 ], [ 74.0942698, 21.5521821 ], [ 74.0869774, 21.5515707 ], [ 74.0850399, 21.5553545 ], [ 74.0792247, 21.5544156 ], [ 74.0815782, 21.548755 ], [ 74.0731892, 21.5479202 ], [ 74.0669739, 21.5502849 ], [ 74.0599032, 21.5503031 ], [ 74.0540282, 21.5579051 ], [ 74.0535533, 21.5474812 ], [ 74.0511827, 21.5466814 ], [ 74.0493527, 21.5482314 ], [ 74.0488114, 21.5446884 ], [ 74.0469439, 21.5446757 ], [ 74.0474842, 21.5473832 ], [ 74.0445374, 21.5481635 ], [ 74.0436059, 21.5424794 ], [ 74.0364375, 21.5455747 ], [ 74.0383066, 21.5457863 ], [ 74.0374561, 21.5506323 ], [ 74.0350092, 21.5503359 ], [ 74.034976, 21.5455269 ], [ 74.0309137, 21.5451532 ], [ 74.0290262, 21.546964 ], [ 74.0204352, 21.5499618 ], [ 74.0103029, 21.5492031 ], [ 74.0058385, 21.5527558 ], [ 74.003446, 21.5453033 ], [ 74.0003178, 21.5456512 ], [ 74.0023251, 21.5415488 ], [ 73.9974186, 21.5390113 ], [ 73.9958111, 21.5387054 ], [ 73.9963288, 21.5401953 ], [ 73.9936076, 21.5415384 ], [ 73.9931892, 21.5433044 ], [ 73.9828145, 21.5407285 ], [ 73.981079, 21.5436107 ], [ 73.9741862, 21.5432763 ], [ 73.974928, 21.5342443 ], [ 73.9812701, 21.5278144 ], [ 73.9822701, 21.522598 ], [ 73.9774336, 21.5216844 ], [ 73.9762572, 21.5231618 ], [ 73.9704949, 21.5233866 ], [ 73.9663001, 21.5220658 ], [ 73.9628095, 21.5276944 ], [ 73.9603468, 21.5416403 ], [ 73.9550755, 21.5408302 ], [ 73.9553187, 21.5355556 ], [ 73.9541834, 21.5336957 ], [ 73.9556443, 21.5309404 ], [ 73.9559452, 21.5252955 ], [ 73.9542071, 21.5240997 ], [ 73.9552089, 21.5203511 ], [ 73.9521243, 21.5190882 ], [ 73.9517542, 21.512694 ], [ 73.9465673, 21.5143446 ], [ 73.9459266, 21.5167924 ], [ 73.9416574, 21.5161791 ], [ 73.9402984, 21.5142298 ], [ 73.9355105, 21.5124389 ], [ 73.9320552, 21.512264 ], [ 73.9295433, 21.5184696 ], [ 73.9292557, 21.5236989 ], [ 73.9271319, 21.5250803 ], [ 73.9215875, 21.5250786 ], [ 73.9217503, 21.5211589 ], [ 73.9168224, 21.5195888 ], [ 73.9151382, 21.5196163 ], [ 73.911978, 21.5227284 ], [ 73.9042276, 21.5245092 ], [ 73.9053164, 21.515762 ], [ 73.8798257, 21.5051979 ], [ 73.8784697, 21.5048999 ], [ 73.877056, 21.5121569 ], [ 73.8720083, 21.5107254 ], [ 73.8685724, 21.5108518 ], [ 73.8685965, 21.5127439 ], [ 73.8643015, 21.5125721 ], [ 73.8663189, 21.5070268 ], [ 73.8726356, 21.5064038 ], [ 73.8718346, 21.5047962 ], [ 73.8691228, 21.5010842 ], [ 73.8643554, 21.5009394 ], [ 73.8638296, 21.4981667 ], [ 73.8591875, 21.4995211 ], [ 73.8535566, 21.4974659 ], [ 73.8514477, 21.4991861 ], [ 73.8460558, 21.5094045 ], [ 73.838425, 21.5155626 ], [ 73.834896, 21.5205834 ], [ 73.8347926, 21.5285085 ], [ 73.832961, 21.5370564 ], [ 73.8293241, 21.5451026 ], [ 73.827229, 21.5458517 ], [ 73.8280683, 21.5478298 ], [ 73.8267394, 21.5523271 ], [ 73.827796, 21.5544408 ], [ 73.8252953, 21.5551265 ], [ 73.8222759, 21.5617908 ], [ 73.823337, 21.5643877 ], [ 73.8171901, 21.5809676 ], [ 73.8164447, 21.5857359 ], [ 73.8174819, 21.5880167 ], [ 73.8154247, 21.588883 ], [ 73.8155083, 21.5972101 ], [ 73.8141306, 21.6010932 ], [ 73.8120921, 21.6028987 ], [ 73.8059252, 21.6041742 ], [ 73.8007372, 21.6037194 ], [ 73.7966675, 21.6057417 ], [ 73.7899565, 21.6122908 ], [ 73.787723, 21.6164984 ], [ 73.7813664, 21.6185947 ], [ 73.7826826, 21.6220771 ], [ 73.7805149, 21.6285921 ], [ 73.7850207, 21.62901 ], [ 73.7861101, 21.6324786 ], [ 73.7880459, 21.6341008 ], [ 73.8015823, 21.6371417 ], [ 73.8053195, 21.6394237 ], [ 73.8123227, 21.6400767 ], [ 73.8142627, 21.6441732 ], [ 73.8175915, 21.6419706 ], [ 73.8217303, 21.6434215 ], [ 73.8248035, 21.6397783 ], [ 73.8303813, 21.6423673 ], [ 73.832102, 21.6383533 ], [ 73.8360334, 21.6391761 ], [ 73.8346582, 21.634353 ], [ 73.8385899, 21.6330804 ], [ 73.8459396, 21.639738 ], [ 73.8497698, 21.6391335 ], [ 73.8516668, 21.6464808 ], [ 73.8599241, 21.6424074 ], [ 73.8741949, 21.6475615 ], [ 73.8837785, 21.6533367 ], [ 73.8880149, 21.6532461 ], [ 73.8886339, 21.6607738 ], [ 73.8945875, 21.6759774 ], [ 73.8916074, 21.6810579 ], [ 73.8918165, 21.6921484 ], [ 73.8903, 21.6979739 ], [ 73.8838934, 21.705231 ], [ 73.8863241, 21.7066714 ], [ 73.8807392, 21.7153692 ], [ 73.8676085, 21.7183448 ], [ 73.8583628, 21.726504 ], [ 73.8559311, 21.7324374 ], [ 73.8532677, 21.7353767 ], [ 73.8503724, 21.7372187 ], [ 73.8468103, 21.7372769 ], [ 73.8375139, 21.7455298 ], [ 73.8336639, 21.7549246 ], [ 73.8279982, 21.7564721 ], [ 73.8248647, 21.7595553 ], [ 73.8237374, 21.7626031 ], [ 73.824945, 21.7652315 ], [ 73.8336061, 21.7716506 ], [ 73.834698, 21.7740531 ], [ 73.8341366, 21.7762025 ], [ 73.8295676, 21.777547 ], [ 73.8294538, 21.7859415 ], [ 73.8308942, 21.787125 ], [ 73.8371022, 21.7873251 ], [ 73.8381607, 21.7887478 ], [ 73.8344949, 21.7920976 ], [ 73.8273389, 21.7924795 ], [ 73.82696, 21.7979253 ], [ 73.8324572, 21.7996517 ], [ 73.8329451, 21.8009479 ], [ 73.8280653, 21.8040714 ], [ 73.82743, 21.8099099 ], [ 73.8223859, 21.8113037 ], [ 73.8078359, 21.8098084 ], [ 73.8043011, 21.8196962 ], [ 73.8016064, 21.8217496 ], [ 73.7981532, 21.8223125 ], [ 73.7959515, 21.8247274 ], [ 73.8092209, 21.8378103 ], [ 73.8194442, 21.8413723 ], [ 73.8423213, 21.8439972 ], [ 73.8552357, 21.8434076 ], [ 73.8666216, 21.8409023 ], [ 73.8716082, 21.8415075 ], [ 73.8774415, 21.8450116 ], [ 73.8867823, 21.8546609 ], [ 73.9005834, 21.8579466 ], [ 73.9078245, 21.8570556 ], [ 73.9209638, 21.8610261 ], [ 73.9653907, 21.8843213 ], [ 74.0038962, 21.9002487 ], [ 74.0235824, 21.9109182 ], [ 74.0288585, 21.9121369 ], [ 74.0312217, 21.9140624 ], [ 74.0312289, 21.9160856 ], [ 74.047895, 21.9249999 ], [ 74.0602561, 21.9276198 ], [ 74.0665943, 21.9303773 ], [ 74.0840483, 21.9337269 ], [ 74.1058979, 21.9432331 ], [ 74.1282236, 21.9497783 ], [ 74.1360725, 21.9501838 ], [ 74.1372412, 21.9471795 ], [ 74.1403001, 21.9454579 ], [ 74.146263, 21.9464406 ], [ 74.1468478, 21.9528919 ], [ 74.1574329, 21.9508221 ], [ 74.1694734, 21.9434677 ], [ 74.1776444, 21.9325469 ], [ 74.1818442, 21.9294161 ], [ 74.1930803, 21.9259711 ], [ 74.205431, 21.9261053 ], [ 74.2415279, 21.9302516 ], [ 74.2624834, 21.9340217 ], [ 74.2811757, 21.9331121 ], [ 74.2864736, 21.9361136 ], [ 74.2903798, 21.9414583 ], [ 74.2947113, 21.9594774 ], [ 74.3008949, 21.9671288 ], [ 74.3123652, 21.9735275 ], [ 74.3387061, 21.9737612 ], [ 74.3507019, 21.9781209 ], [ 74.353732, 21.9803161 ], [ 74.3608481, 21.9903141 ], [ 74.3758187, 22.0006207 ], [ 74.3809267, 22.0090157 ], [ 74.384062, 22.017204 ], [ 74.388327, 22.020751 ], [ 74.3919253, 22.0221775 ], [ 74.4151476, 22.024937 ], [ 74.4316399, 22.0302694 ], [ 74.4436858, 22.0224077 ] ], [ [ 77.2750281, 18.4777221 ], [ 77.2721503, 18.4729624 ], [ 77.2712679, 18.4657687 ], [ 77.26775, 18.4596763 ], [ 77.2674736, 18.4546127 ], [ 77.2800354, 18.453597 ], [ 77.2848534, 18.4561202 ], [ 77.2887957, 18.4552521 ], [ 77.2947439, 18.4595158 ], [ 77.2961281, 18.4634667 ], [ 77.2995287, 18.4648796 ], [ 77.3002908, 18.4730276 ], [ 77.2962899, 18.4771016 ], [ 77.2891485, 18.4765038 ], [ 77.2868211, 18.4743584 ], [ 77.2805089, 18.4747768 ], [ 77.2750281, 18.4777221 ] ], [ [ 74.2911674, 15.8321379 ], [ 74.2781893, 15.8292847 ], [ 74.2616613, 15.829591 ], [ 74.263682, 15.8243334 ], [ 74.2689936, 15.8165678 ], [ 74.2661882, 15.809782 ], [ 74.2679439, 15.8002733 ], [ 74.2664748, 15.7977955 ], [ 74.2708098, 15.7951629 ], [ 74.2723914, 15.7964151 ], [ 74.2748576, 15.7960921 ], [ 74.2855959, 15.788097 ], [ 74.2898235, 15.7877287 ], [ 74.2891477, 15.7914245 ], [ 74.2932985, 15.7952734 ], [ 74.2967265, 15.7941401 ], [ 74.2978747, 15.7909658 ], [ 74.3017661, 15.7875174 ], [ 74.3094356, 15.7911849 ], [ 74.3134143, 15.7964323 ], [ 74.3129061, 15.7982009 ], [ 74.3035883, 15.8064413 ], [ 74.2911674, 15.8321379 ] ] ] ] } }
]
}
