{
"type": "FeatureCollection",
"name": "28",
"crs": { "type": "name", "properties": { "name": "urn:ogc:def:crs:OGC:1.3:CRS84" } },
"features": [
{ "type": "Feature", "properties": { "code": "28", "name": "ANDHRA PRADESH", "type": "state" }, "geometry": { "type": "Polygon", "coordinates": [ [ [ 84.6741935, 19.1664589 ], [ 84.6807254, 19.1652816 ], [ 84.6843492, 19.1599896 ], [ 84.6924863, 19.1608574 ], [ 84.6962227, 19.1594525 ], [ 84.6969222, 19.1607574 ], [ 84.7033984, 19.1611681 ], [ 84.7047264, 19.1593016 ], [ 84.7099772, 19.1596652 ], [ 84.7120113, 19.158277 ], [ 84.7148543, 19.1523199 ], [ 84.7137298, 19.152193 ], [ 84.7128447, 19.1495311 ], [ 84.7118293, 19.1497623 ], [ 84.7105159, 19.1464584 ], [ 84.701175, 19.1470598 ], [ 84.7000478, 19.1443949 ], [ 84.7012612, 19.1446224 ], [ 84.7003574, 19.1429672 ], [ 84.7061243, 19.1410252 ], [ 84.6978354, 19.1264436 ], [ 84.7025234, 19.1258563 ], [ 84.7014435, 19.1221851 ], [ 84.7027955, 19.1178621 ], [ 84.7081983, 19.1157212 ], [ 84.7463435, 19.0890828 ], [ 84.7510947, 19.0844397 ], [ 84.7614638, 19.079123 ], [ 84.7356436, 19.0416307 ], [ 84.7198189, 19.0157217 ], [ 84.7115995, 19.0071102 ], [ 84.7076951, 18.9982414 ], [ 84.6869477, 18.9708654 ], [ 84.6763861, 18.9676783 ], [ 84.6774862, 18.9669477 ], [ 84.6843704, 18.9689189 ], [ 84.684477, 18.9674713 ], [ 84.6709991, 18.9524781 ], [ 84.6367341, 18.9222456 ], [ 84.6048959, 18.8911203 ], [ 84.5871042, 18.8674392 ], [ 84.5820704, 18.8588882 ], [ 84.5766929, 18.8459114 ], [ 84.5749115, 18.8376461 ], [ 84.5625939, 18.8248952 ], [ 84.5578383, 18.817752 ], [ 84.5540951, 18.8038444 ], [ 84.5540943, 18.7960511 ], [ 84.5514977, 18.7904887 ], [ 84.5341919, 18.7741702 ], [ 84.5051599, 18.752069 ], [ 84.4696629, 18.7144278 ], [ 84.453517, 18.6933679 ], [ 84.4452657, 18.6792238 ], [ 84.4416975, 18.6708625 ], [ 84.4403172, 18.66144 ], [ 84.4372168, 18.6579047 ], [ 84.4401843, 18.6602541 ], [ 84.4398514, 18.6594965 ], [ 84.3862623, 18.6114796 ], [ 84.3666934, 18.5908803 ], [ 84.3570988, 18.5734438 ], [ 84.3554178, 18.5663028 ], [ 84.3575083, 18.563591 ], [ 84.3545701, 18.5548088 ], [ 84.3229511, 18.5287407 ], [ 84.2829386, 18.4995261 ], [ 84.2312331, 18.4547811 ], [ 84.2163159, 18.4397972 ], [ 84.2149808, 18.4413026 ], [ 84.2139135, 18.4394547 ], [ 84.2152911, 18.4389473 ], [ 84.2104983, 18.4339056 ], [ 84.1834229, 18.4094584 ], [ 84.1506524, 18.3772679 ], [ 84.1420925, 18.3652341 ], [ 84.1307267, 18.3452863 ], [ 84.1268951, 18.3438531 ], [ 84.1263794, 18.33391 ], [ 84.1291378, 18.3170645 ], [ 84.1268594, 18.3133655 ], [ 84.1004156, 18.2962938 ], [ 84.082524, 18.2879252 ], [ 84.0787924, 18.2877391 ], [ 84.0821703, 18.2866973 ], [ 84.0705665, 18.2764327 ], [ 84.0086185, 18.2484313 ], [ 83.9971584, 18.2411875 ], [ 83.9358786, 18.2090408 ], [ 83.9110705, 18.2039286 ], [ 83.8887532, 18.1957579 ], [ 83.8784628, 18.1902707 ], [ 83.8718409, 18.1819457 ], [ 83.860389, 18.1742838 ], [ 83.8099308, 18.1560323 ], [ 83.8035247, 18.159964 ], [ 83.8027943, 18.1612273 ], [ 83.8042781, 18.1633599 ], [ 83.8027213, 18.1627878 ], [ 83.8016827, 18.1644795 ], [ 83.8015388, 18.1624761 ], [ 83.7949747, 18.1683986 ], [ 83.7972303, 18.1635278 ], [ 83.8002983, 18.160972 ], [ 83.7983167, 18.160659 ], [ 83.805803, 18.1554542 ], [ 83.8052638, 18.1540388 ], [ 83.7505949, 18.1292526 ], [ 83.707854, 18.1062815 ], [ 83.6613332, 18.0763912 ], [ 83.6562903, 18.0713896 ], [ 83.6477522, 18.0661953 ], [ 83.6328856, 18.054417 ], [ 83.6047527, 18.0372755 ], [ 83.590506, 18.0258423 ], [ 83.5693742, 18.0117994 ], [ 83.5588469, 17.9965858 ], [ 83.5590603, 17.9911947 ], [ 83.5609973, 17.9884864 ], [ 83.5583, 17.9824316 ], [ 83.5507903, 17.9758217 ], [ 83.5436007, 17.9630276 ], [ 83.5323596, 17.9541918 ], [ 83.5317549, 17.951131 ], [ 83.5248921, 17.9475208 ], [ 83.5200832, 17.9514896 ], [ 83.5250268, 17.9472778 ], [ 83.5145695, 17.9410966 ], [ 83.5130182, 17.937267 ], [ 83.4995413, 17.9312226 ], [ 83.4878604, 17.9241901 ], [ 83.47043, 17.9120465 ], [ 83.4586529, 17.901089 ], [ 83.4553185, 17.8963431 ], [ 83.4563928, 17.890257 ], [ 83.4556356, 17.8876274 ], [ 83.447531, 17.880253 ], [ 83.4437173, 17.872783 ], [ 83.4214984, 17.8578303 ], [ 83.4167802, 17.8526054 ], [ 83.4115847, 17.8438426 ], [ 83.4099525, 17.8435982 ], [ 83.4108826, 17.8420168 ], [ 83.4070964, 17.841033 ], [ 83.4077022, 17.839551 ], [ 83.4112744, 17.8394752 ], [ 83.412312, 17.8359168 ], [ 83.4162485, 17.833684 ], [ 83.4161772, 17.8225546 ], [ 83.4114534, 17.8137129 ], [ 83.4108696, 17.8093582 ], [ 83.3982587, 17.8000945 ], [ 83.3962338, 17.7968804 ], [ 83.3908466, 17.7925546 ], [ 83.3853118, 17.7842746 ], [ 83.385127, 17.7823015 ], [ 83.3872204, 17.7796103 ], [ 83.3857998, 17.7773509 ], [ 83.3735501, 17.7683656 ], [ 83.3596649, 17.7610425 ], [ 83.354585, 17.7559836 ], [ 83.3507141, 17.7503389 ], [ 83.3505361, 17.746209 ], [ 83.3470518, 17.7431223 ], [ 83.3439528, 17.7376435 ], [ 83.3442245, 17.7310029 ], [ 83.3450197, 17.7289036 ], [ 83.3469591, 17.7279644 ], [ 83.3463996, 17.7261454 ], [ 83.3434553, 17.7228571 ], [ 83.3377548, 17.7194742 ], [ 83.3182064, 17.7099991 ], [ 83.3060205, 17.7009953 ], [ 83.305975, 17.6974874 ], [ 83.3043778, 17.6989416 ], [ 83.296911, 17.6933202 ], [ 83.297532, 17.6852735 ], [ 83.2954288, 17.6813269 ], [ 83.2960707, 17.6790444 ], [ 83.2948743, 17.6745208 ], [ 83.2851509, 17.6663333 ], [ 83.2822173, 17.6603403 ], [ 83.2604671, 17.6496089 ], [ 83.26106, 17.6471733 ], [ 83.2594145, 17.6431616 ], [ 83.2482792, 17.6376492 ], [ 83.2385287, 17.6299526 ], [ 83.21647, 17.5954971 ], [ 83.1487491, 17.5571977 ], [ 83.1127037, 17.5457508 ], [ 83.0950394, 17.5390305 ], [ 83.0651551, 17.5250408 ], [ 83.0325498, 17.5143957 ], [ 83.0176281, 17.5059611 ], [ 82.997325, 17.4825748 ], [ 82.974782, 17.4661078 ], [ 82.9526144, 17.4573344 ], [ 82.8886622, 17.42673 ], [ 82.8212387, 17.3979621 ], [ 82.816638, 17.3940148 ], [ 82.7749438, 17.3768202 ], [ 82.7263521, 17.3548829 ], [ 82.6763783, 17.3287253 ], [ 82.5619365, 17.2615703 ], [ 82.5002744, 17.2201936 ], [ 82.4728479, 17.1994819 ], [ 82.4430926, 17.1748087 ], [ 82.4219107, 17.1560273 ], [ 82.3193086, 17.0578489 ], [ 82.302629, 17.0382963 ], [ 82.2882632, 17.016021 ], [ 82.2798062, 16.9942367 ], [ 82.2788227, 16.9876337 ], [ 82.2797126, 16.9847049 ], [ 82.2759595, 16.9812407 ], [ 82.276497, 16.9793641 ], [ 82.274308, 16.9700668 ], [ 82.2698095, 16.9599656 ], [ 82.2705268, 16.9571695 ], [ 82.268644, 16.9565408 ], [ 82.2693966, 16.9500882 ], [ 82.2713789, 16.9479508 ], [ 82.2722511, 16.9477536 ], [ 82.2756859, 16.9514286 ], [ 82.2771168, 16.9517015 ], [ 82.2721588, 16.9468906 ], [ 82.2715273, 16.9472034 ], [ 82.2696644, 16.9417245 ], [ 82.2649306, 16.9389064 ], [ 82.2705544, 16.9414186 ], [ 82.2734572, 16.9475943 ], [ 82.2768341, 16.9505779 ], [ 82.277883, 16.9506957 ], [ 82.2736259, 16.9470276 ], [ 82.2711453, 16.9412961 ], [ 82.2643056, 16.9381842 ], [ 82.2467079, 16.9178472 ], [ 82.2430389, 16.9178366 ], [ 82.2414443, 16.9080366 ], [ 82.2470571, 16.8999459 ], [ 82.2495038, 16.8914733 ], [ 82.2501732, 16.8816952 ], [ 82.2482668, 16.8764651 ], [ 82.2508803, 16.8766969 ], [ 82.2498742, 16.8781703 ], [ 82.2504958, 16.8799425 ], [ 82.2554702, 16.8852648 ], [ 82.2598218, 16.884451 ], [ 82.2637395, 16.8797697 ], [ 82.2630665, 16.8759449 ], [ 82.2659941, 16.8698246 ], [ 82.2740689, 16.8689298 ], [ 82.275221, 16.8675182 ], [ 82.2763563, 16.869987 ], [ 82.2818786, 16.8719622 ], [ 82.2836569, 16.8712508 ], [ 82.283958, 16.8697424 ], [ 82.2822556, 16.8648274 ], [ 82.2942522, 16.8650159 ], [ 82.3015806, 16.862643 ], [ 82.3072594, 16.8581223 ], [ 82.3060115, 16.8556999 ], [ 82.307956, 16.8577772 ], [ 82.3112163, 16.854819 ], [ 82.3142288, 16.8458798 ], [ 82.3171944, 16.8456284 ], [ 82.3184219, 16.8493849 ], [ 82.3203999, 16.84897 ], [ 82.3184729, 16.8498186 ], [ 82.319355, 16.8517738 ], [ 82.3267264, 16.8551384 ], [ 82.3304375, 16.8547447 ], [ 82.3377519, 16.8564996 ], [ 82.3494176, 16.8504967 ], [ 82.3514405, 16.851872 ], [ 82.3548675, 16.8512407 ], [ 82.359583, 16.8552695 ], [ 82.3615711, 16.8544471 ], [ 82.3632288, 16.8891999 ], [ 82.3619735, 16.8975273 ], [ 82.3633397, 16.9173182 ], [ 82.3577148, 16.9500268 ], [ 82.3521482, 16.9606436 ], [ 82.3423302, 16.9669424 ], [ 82.3401923, 16.9669518 ], [ 82.3331691, 16.9807779 ], [ 82.3258133, 16.9851824 ], [ 82.3262608, 16.988335 ], [ 82.3311683, 16.9894821 ], [ 82.3384316, 16.9867333 ], [ 82.3495099, 16.9769101 ], [ 82.3556457, 16.9677943 ], [ 82.3598502, 16.95723 ], [ 82.366365, 16.9113585 ], [ 82.3652738, 16.8759905 ], [ 82.3584726, 16.8241838 ], [ 82.3580681, 16.8106609 ], [ 82.3450683, 16.7536158 ], [ 82.3443351, 16.7510127 ], [ 82.3429828, 16.7509566 ], [ 82.3417961, 16.7284362 ], [ 82.3392689, 16.7161208 ], [ 82.333345, 16.7167305 ], [ 82.338899, 16.7147085 ], [ 82.3405132, 16.710163 ], [ 82.3449284, 16.704553 ], [ 82.3436041, 16.7039539 ], [ 82.3411809, 16.7052684 ], [ 82.3346895, 16.6990791 ], [ 82.3338044, 16.6967441 ], [ 82.3353801, 16.6900779 ], [ 82.3276884, 16.6849207 ], [ 82.3378171, 16.6897583 ], [ 82.3427478, 16.6946722 ], [ 82.3433684, 16.697317 ], [ 82.3493477, 16.7009192 ], [ 82.3539954, 16.7056318 ], [ 82.352163, 16.7113868 ], [ 82.3506025, 16.7111245 ], [ 82.3511643, 16.7134758 ], [ 82.3457875, 16.7146171 ], [ 82.3464493, 16.7156379 ], [ 82.3496304, 16.7160534 ], [ 82.353742, 16.7136207 ], [ 82.3562939, 16.7090126 ], [ 82.3549635, 16.7042801 ], [ 82.3600155, 16.7070489 ], [ 82.3598777, 16.7108445 ], [ 82.3632306, 16.7095895 ], [ 82.3653381, 16.706654 ], [ 82.356682, 16.7038852 ], [ 82.3455476, 16.6965066 ], [ 82.3226987, 16.6730423 ], [ 82.3172881, 16.6622664 ], [ 82.3169731, 16.6586284 ], [ 82.3227628, 16.6418997 ], [ 82.3236529, 16.6290752 ], [ 82.3290528, 16.6144752 ], [ 82.3255286, 16.597071 ], [ 82.3209154, 16.5860982 ], [ 82.3188743, 16.5768263 ], [ 82.3173082, 16.5753292 ], [ 82.3135897, 16.574859 ], [ 82.3146246, 16.5797933 ], [ 82.3156862, 16.5789566 ], [ 82.3178172, 16.5817107 ], [ 82.3148196, 16.5811122 ], [ 82.3165042, 16.5832506 ], [ 82.3125766, 16.5871012 ], [ 82.3092459, 16.5926291 ], [ 82.3107242, 16.5927341 ], [ 82.3140734, 16.5866678 ], [ 82.3179614, 16.5871818 ], [ 82.3226228, 16.5957709 ], [ 82.3224854, 16.6001952 ], [ 82.3242201, 16.6001215 ], [ 82.324971, 16.6021954 ], [ 82.3235047, 16.604415 ], [ 82.3256162, 16.614143 ], [ 82.324211, 16.6214545 ], [ 82.320097, 16.6265188 ], [ 82.3214701, 16.6314502 ], [ 82.3198136, 16.6390171 ], [ 82.3210444, 16.6412406 ], [ 82.3171594, 16.6426895 ], [ 82.3151233, 16.6493143 ], [ 82.3124059, 16.6532766 ], [ 82.3128228, 16.6680119 ], [ 82.3102612, 16.6618968 ], [ 82.3087523, 16.6533983 ], [ 82.3099694, 16.6393002 ], [ 82.3143444, 16.632461 ], [ 82.3121417, 16.6270753 ], [ 82.3107679, 16.6286745 ], [ 82.30971, 16.6268654 ], [ 82.3089603, 16.629522 ], [ 82.308465, 16.6246103 ], [ 82.3068534, 16.6227833 ], [ 82.3085598, 16.6303531 ], [ 82.3071737, 16.6352221 ], [ 82.3075029, 16.6399272 ], [ 82.3041829, 16.6287894 ], [ 82.3037267, 16.6307063 ], [ 82.3032059, 16.6286439 ], [ 82.3029677, 16.6297856 ], [ 82.3044902, 16.6367419 ], [ 82.3014137, 16.6280938 ], [ 82.3003714, 16.6285142 ], [ 82.3014805, 16.6338775 ], [ 82.2972105, 16.6260174 ], [ 82.2960141, 16.6260319 ], [ 82.298286, 16.6323398 ], [ 82.3002279, 16.6343811 ], [ 82.2999315, 16.6363419 ], [ 82.2978236, 16.6341075 ], [ 82.2956203, 16.6260218 ], [ 82.2842591, 16.6260272 ], [ 82.2868168, 16.6214967 ], [ 82.2852302, 16.6208543 ], [ 82.2878005, 16.6172055 ], [ 82.286998, 16.6150822 ], [ 82.2904206, 16.6097484 ], [ 82.2880506, 16.6085699 ], [ 82.2857561, 16.6022486 ], [ 82.284468, 16.6019247 ], [ 82.2848961, 16.59999 ], [ 82.2946374, 16.60254 ], [ 82.2953178, 16.5984503 ], [ 82.2994568, 16.5920114 ], [ 82.2988244, 16.5864358 ], [ 82.2872785, 16.5709576 ], [ 82.2875171, 16.5729817 ], [ 82.2858278, 16.5733804 ], [ 82.2765579, 16.5709301 ], [ 82.2630846, 16.5630193 ], [ 82.2647796, 16.5611736 ], [ 82.2669069, 16.560984 ], [ 82.268686, 16.5611909 ], [ 82.2697378, 16.5629097 ], [ 82.2723649, 16.5599074 ], [ 82.2768808, 16.5593948 ], [ 82.2807713, 16.5602621 ], [ 82.282694, 16.5623444 ], [ 82.2934624, 16.5630452 ], [ 82.2951525, 16.5648128 ], [ 82.2936771, 16.567575 ], [ 82.2971753, 16.567568 ], [ 82.2973802, 16.5658612 ], [ 82.2947379, 16.5666615 ], [ 82.2959057, 16.5646119 ], [ 82.2936984, 16.5580547 ], [ 82.2921008, 16.558222 ], [ 82.2916276, 16.5598135 ], [ 82.2809865, 16.5586457 ], [ 82.2905778, 16.5552228 ], [ 82.2930403, 16.5568482 ], [ 82.2970469, 16.5570812 ], [ 82.2980255, 16.5589724 ], [ 82.2996409, 16.5581944 ], [ 82.2987665, 16.561051 ], [ 82.3003889, 16.5672016 ], [ 82.2982592, 16.5671337 ], [ 82.2998173, 16.5693049 ], [ 82.2991545, 16.5722366 ], [ 82.3014731, 16.5673009 ], [ 82.3008702, 16.56239 ], [ 82.3053733, 16.5650969 ], [ 82.3097023, 16.5646531 ], [ 82.3086354, 16.5669596 ], [ 82.3106684, 16.5677382 ], [ 82.3134365, 16.5648201 ], [ 82.3136713, 16.5587352 ], [ 82.3124976, 16.5601111 ], [ 82.3128521, 16.5634865 ], [ 82.3118586, 16.561505 ], [ 82.2994843, 16.5559389 ], [ 82.2871928, 16.5537363 ], [ 82.2785857, 16.5544915 ], [ 82.2664986, 16.5536202 ], [ 82.2482603, 16.5494939 ], [ 82.2445735, 16.5500321 ], [ 82.2349116, 16.5460115 ], [ 82.2296983, 16.5434309 ], [ 82.2311851, 16.5408092 ], [ 82.201742, 16.5251604 ], [ 82.1407263, 16.4936744 ], [ 82.0862648, 16.4682645 ], [ 81.9982961, 16.4202472 ], [ 81.9933372, 16.4193214 ], [ 81.9704482, 16.4075597 ], [ 81.96359, 16.4027046 ], [ 81.9605102, 16.3955393 ], [ 81.9577319, 16.3923745 ], [ 81.9531335, 16.3952598 ], [ 81.9486706, 16.3962039 ], [ 81.9394064, 16.3953761 ], [ 81.8914174, 16.3864115 ], [ 81.878151, 16.3826313 ], [ 81.8735142, 16.3794593 ], [ 81.8708133, 16.3797889 ], [ 81.8588132, 16.3754159 ], [ 81.8227503, 16.3587338 ], [ 81.786673, 16.3403314 ], [ 81.7870759, 16.3381854 ], [ 81.7516971, 16.3225001 ], [ 81.74937, 16.3203745 ], [ 81.7472112, 16.3211562 ], [ 81.7355411, 16.3161003 ], [ 81.7207875, 16.3068601 ], [ 81.7165565, 16.3072779 ], [ 81.7191242, 16.3112792 ], [ 81.7192115, 16.3155776 ], [ 81.7070634, 16.3178176 ], [ 81.6995238, 16.3241698 ], [ 81.6906399, 16.3274718 ], [ 81.6755137, 16.3286915 ], [ 81.6422998, 16.3342599 ], [ 81.6273229, 16.3379764 ], [ 81.5801658, 16.3443685 ], [ 81.540764, 16.347397 ], [ 81.5375439, 16.3514652 ], [ 81.5309954, 16.3524198 ], [ 81.5103146, 16.35351 ], [ 81.491395, 16.3527354 ], [ 81.4873584, 16.3539528 ], [ 81.4872423, 16.3550661 ], [ 81.4836583, 16.3531333 ], [ 81.4561599, 16.3510204 ], [ 81.4280496, 16.3471472 ], [ 81.3985551, 16.3404494 ], [ 81.3937911, 16.3424732 ], [ 81.3907194, 16.3395961 ], [ 81.3575181, 16.3286793 ], [ 81.3410109, 16.3217622 ], [ 81.3053501, 16.3035338 ], [ 81.2700041, 16.2790746 ], [ 81.2650557, 16.2781382 ], [ 81.2637311, 16.2734392 ], [ 81.2487469, 16.2585629 ], [ 81.2469055, 16.2594695 ], [ 81.2461916, 16.2588659 ], [ 81.2480418, 16.2578418 ], [ 81.2315412, 16.237429 ], [ 81.2137637, 16.2072183 ], [ 81.2099203, 16.1954131 ], [ 81.2102198, 16.1927707 ], [ 81.2063567, 16.1857824 ], [ 81.2084442, 16.1858161 ], [ 81.2092784, 16.1808879 ], [ 81.2061316, 16.1712692 ], [ 81.2044475, 16.1583124 ], [ 81.2026594, 16.1568664 ], [ 81.2033884, 16.1539694 ], [ 81.2023947, 16.1469215 ], [ 81.2001495, 16.1445409 ], [ 81.2014856, 16.1439349 ], [ 81.1976417, 16.1234365 ], [ 81.1913653, 16.1028237 ], [ 81.1767235, 16.0718939 ], [ 81.1496189, 16.0243529 ], [ 81.1455411, 16.0129451 ], [ 81.1440565, 16.0007715 ], [ 81.142724, 15.9994122 ], [ 81.1451846, 15.9867904 ], [ 81.1483715, 15.9790691 ], [ 81.1480452, 15.9737014 ], [ 81.1453092, 15.9705347 ], [ 81.1414417, 15.9687464 ], [ 81.134851, 15.9721585 ], [ 81.1334408, 15.9697656 ], [ 81.1346306, 15.9690112 ], [ 81.1348599, 15.9647002 ], [ 81.1325466, 15.9620794 ], [ 81.1002364, 15.9373474 ], [ 81.07129, 15.9108512 ], [ 81.0581213, 15.8967795 ], [ 81.0553744, 15.8972074 ], [ 81.0571363, 15.8954886 ], [ 81.0566417, 15.8941602 ], [ 81.0449872, 15.8810335 ], [ 81.0408244, 15.87459 ], [ 81.0149059, 15.8505705 ], [ 81.0121872, 15.8454165 ], [ 81.0047714, 15.8378042 ], [ 81.0035283, 15.8339854 ], [ 81.005784, 15.8281456 ], [ 81.0060047, 15.8212431 ], [ 81.0078147, 15.8166209 ], [ 81.0129404, 15.813334 ], [ 81.0169796, 15.8072861 ], [ 81.0205625, 15.7930077 ], [ 81.0199662, 15.7918604 ], [ 81.0186312, 15.7921983 ], [ 81.0160394, 15.7978401 ], [ 81.0113356, 15.8015242 ], [ 81.0102724, 15.798614 ], [ 81.0082373, 15.7974068 ], [ 81.0090476, 15.7946052 ], [ 81.007794, 15.7903024 ], [ 81.0095055, 15.7873992 ], [ 81.0089825, 15.7838591 ], [ 81.0105054, 15.7784641 ], [ 81.0129231, 15.7759797 ], [ 81.0144522, 15.7712678 ], [ 81.0117343, 15.7660006 ], [ 81.0049614, 15.7657366 ], [ 80.9984513, 15.7696914 ], [ 80.9993208, 15.7588662 ], [ 81.0047845, 15.7567727 ], [ 81.0059848, 15.7586468 ], [ 81.0042521, 15.7604736 ], [ 81.0079229, 15.7604468 ], [ 81.0080946, 15.7618168 ], [ 81.0095144, 15.761845 ], [ 81.0101499, 15.7564975 ], [ 81.0084594, 15.7529285 ], [ 80.971498, 15.7326886 ], [ 80.9670593, 15.73164 ], [ 80.9642681, 15.73417 ], [ 80.9623707, 15.7335681 ], [ 80.9620848, 15.7270694 ], [ 80.9372193, 15.7144041 ], [ 80.9346607, 15.7144773 ], [ 80.9348355, 15.7175434 ], [ 80.9320006, 15.7236822 ], [ 80.9280363, 15.7215962 ], [ 80.9282808, 15.7202027 ], [ 80.9257421, 15.7187152 ], [ 80.850024, 15.7058648 ], [ 80.8318374, 15.7054962 ], [ 80.8289817, 15.709422 ], [ 80.8256968, 15.7078848 ], [ 80.8215156, 15.7093385 ], [ 80.815709, 15.7134223 ], [ 80.8096382, 15.7219297 ], [ 80.809229, 15.7349652 ], [ 80.7980842, 15.7424167 ], [ 80.7901603, 15.7526674 ], [ 80.7884296, 15.7572289 ], [ 80.787716, 15.7642629 ], [ 80.7904611, 15.7698583 ], [ 80.7996493, 15.7767745 ], [ 80.7982063, 15.7738412 ], [ 80.7903566, 15.7686689 ], [ 80.789294, 15.7638671 ], [ 80.7908693, 15.7679401 ], [ 80.7913153, 15.7663474 ], [ 80.7924235, 15.7672008 ], [ 80.7908214, 15.7607534 ], [ 80.7912172, 15.7536339 ], [ 80.7985531, 15.7437096 ], [ 80.8102428, 15.7352621 ], [ 80.81143, 15.7270605 ], [ 80.8135798, 15.7251803 ], [ 80.8167139, 15.7169938 ], [ 80.8222738, 15.7104183 ], [ 80.8155807, 15.720849 ], [ 80.8132817, 15.7286679 ], [ 80.8145215, 15.7389374 ], [ 80.8164541, 15.7413407 ], [ 80.8153197, 15.7328439 ], [ 80.8170664, 15.7271471 ], [ 80.8157685, 15.7331689 ], [ 80.8176339, 15.7403619 ], [ 80.8175316, 15.749358 ], [ 80.8136317, 15.7491061 ], [ 80.8116027, 15.76256 ], [ 80.8072621, 15.7704542 ], [ 80.8037204, 15.7817664 ], [ 80.8041774, 15.784294 ], [ 80.7942537, 15.8013412 ], [ 80.7944947, 15.803245 ], [ 80.789467, 15.8150927 ], [ 80.779629, 15.835296 ], [ 80.7801707, 15.8416499 ], [ 80.7804001, 15.8386917 ], [ 80.7854611, 15.8329137 ], [ 80.7858177, 15.8307468 ], [ 80.7877172, 15.832585 ], [ 80.788959, 15.8319366 ], [ 80.791197, 15.8224174 ], [ 80.7903661, 15.8197682 ], [ 80.7906809, 15.8177324 ], [ 80.7924434, 15.815464 ], [ 80.7908691, 15.818691 ], [ 80.7914373, 15.8206622 ], [ 80.8006324, 15.8059364 ], [ 80.8024558, 15.8160967 ], [ 80.8089851, 15.8120574 ], [ 80.8156072, 15.8106953 ], [ 80.8126553, 15.8139516 ], [ 80.8135496, 15.8152619 ], [ 80.8121686, 15.822306 ], [ 80.8125936, 15.831125 ], [ 80.8070203, 15.8404457 ], [ 80.7940558, 15.8536166 ], [ 80.781687, 15.8631044 ], [ 80.7784787, 15.8644564 ], [ 80.7749403, 15.8637329 ], [ 80.7738832, 15.8662671 ], [ 80.7674325, 15.8647376 ], [ 80.7484726, 15.8740416 ], [ 80.7273513, 15.8788597 ], [ 80.7073385, 15.8810874 ], [ 80.6865992, 15.881559 ], [ 80.6826891, 15.8829555 ], [ 80.680607, 15.8853997 ], [ 80.679038, 15.8814525 ], [ 80.6766629, 15.8802741 ], [ 80.6402379, 15.877244 ], [ 80.6353858, 15.8751305 ], [ 80.6115699, 15.871603 ], [ 80.574533, 15.8624424 ], [ 80.5439521, 15.8514651 ], [ 80.5364575, 15.8523032 ], [ 80.5319664, 15.8477675 ], [ 80.5279853, 15.8458143 ], [ 80.4967973, 15.8358342 ], [ 80.4640296, 15.8211998 ], [ 80.4330563, 15.8054483 ], [ 80.4285626, 15.8046824 ], [ 80.4276945, 15.8026469 ], [ 80.3830933, 15.7773172 ], [ 80.3456074, 15.7512055 ], [ 80.3438865, 15.7482146 ], [ 80.326228, 15.733271 ], [ 80.3063496, 15.7135568 ], [ 80.2841613, 15.6877689 ], [ 80.25661, 15.6433385 ], [ 80.2491333, 15.6279523 ], [ 80.247762, 15.6272089 ], [ 80.2431377, 15.6301115 ], [ 80.2441207, 15.6278875 ], [ 80.2440243, 15.6266346 ], [ 80.2427084, 15.6264385 ], [ 80.2434331, 15.6254308 ], [ 80.2457063, 15.62523 ], [ 80.2468051, 15.6273344 ], [ 80.2478711, 15.6257934 ], [ 80.2453329, 15.6215616 ], [ 80.2442496, 15.6220352 ], [ 80.244022, 15.6247847 ], [ 80.2439414, 15.622184 ], [ 80.2427929, 15.6224133 ], [ 80.2427851, 15.6248737 ], [ 80.2427283, 15.6218433 ], [ 80.2397183, 15.6216407 ], [ 80.2397291, 15.6205462 ], [ 80.2421128, 15.6214265 ], [ 80.2450172, 15.6203219 ], [ 80.2422482, 15.614249 ], [ 80.2399388, 15.6136356 ], [ 80.2414466, 15.6133932 ], [ 80.2413092, 15.6113216 ], [ 80.2372118, 15.6006699 ], [ 80.236078, 15.6005419 ], [ 80.2348148, 15.6030052 ], [ 80.2336922, 15.6014661 ], [ 80.2323885, 15.6027172 ], [ 80.2333339, 15.6041205 ], [ 80.2315342, 15.6028971 ], [ 80.2266935, 15.6039537 ], [ 80.225077, 15.6018711 ], [ 80.223401, 15.6023393 ], [ 80.2206264, 15.6009246 ], [ 80.2220835, 15.6000943 ], [ 80.2233977, 15.6013669 ], [ 80.2256056, 15.6009582 ], [ 80.2278103, 15.602838 ], [ 80.2307324, 15.60229 ], [ 80.2347267, 15.5990522 ], [ 80.2332466, 15.5961965 ], [ 80.2305954, 15.5966499 ], [ 80.2286623, 15.5940966 ], [ 80.2241253, 15.5949727 ], [ 80.2252705, 15.5935449 ], [ 80.2240927, 15.5915217 ], [ 80.2223832, 15.5826775 ], [ 80.2255232, 15.5930568 ], [ 80.2265365, 15.5925787 ], [ 80.2265924, 15.5892319 ], [ 80.2271376, 15.5931946 ], [ 80.2278856, 15.5922096 ], [ 80.2341568, 15.592498 ], [ 80.2350646, 15.5905905 ], [ 80.2337591, 15.5863013 ], [ 80.2310396, 15.5891065 ], [ 80.2320549, 15.5871132 ], [ 80.2292271, 15.5870915 ], [ 80.2308245, 15.5860036 ], [ 80.2308735, 15.5842488 ], [ 80.2320001, 15.5862086 ], [ 80.233286, 15.5842021 ], [ 80.2297396, 15.5705569 ], [ 80.2263749, 15.5709642 ], [ 80.226764, 15.5696486 ], [ 80.2252992, 15.5694024 ], [ 80.2246756, 15.5682709 ], [ 80.2280338, 15.5691436 ], [ 80.2259825, 15.5679334 ], [ 80.2272333, 15.567632 ], [ 80.2290326, 15.5689007 ], [ 80.2268278, 15.5537828 ], [ 80.2279057, 15.5468056 ], [ 80.2267686, 15.5493233 ], [ 80.2260342, 15.5405844 ], [ 80.2236261, 15.5411737 ], [ 80.2223489, 15.540462 ], [ 80.2217767, 15.5392853 ], [ 80.2197254, 15.5383419 ], [ 80.2220428, 15.5391319 ], [ 80.2231974, 15.5408249 ], [ 80.2257317, 15.5400141 ], [ 80.2233417, 15.5360378 ], [ 80.2247938, 15.5334775 ], [ 80.2186869, 15.5238451 ], [ 80.2174994, 15.5257114 ], [ 80.2139954, 15.5261861 ], [ 80.2149493, 15.5245818 ], [ 80.2137619, 15.5198856 ], [ 80.2155809, 15.5200916 ], [ 80.2162453, 15.5186814 ], [ 80.2145246, 15.5182539 ], [ 80.2153352, 15.5157404 ], [ 80.2130362, 15.5152579 ], [ 80.2110258, 15.5120168 ], [ 80.2021349, 15.5154011 ], [ 80.2095946, 15.5114676 ], [ 80.2047857, 15.5082363 ], [ 80.2025278, 15.5115663 ], [ 80.203606, 15.5079361 ], [ 80.1992297, 15.5055555 ], [ 80.195855, 15.5071155 ], [ 80.1969215, 15.5051406 ], [ 80.1942257, 15.5050146 ], [ 80.1963818, 15.5042263 ], [ 80.2030537, 15.5060991 ], [ 80.2031983, 15.5030012 ], [ 80.2017125, 15.5015383 ], [ 80.1987952, 15.502995 ], [ 80.2014292, 15.5007645 ], [ 80.1988474, 15.4931446 ], [ 80.2038311, 15.4946034 ], [ 80.2105164, 15.4935091 ], [ 80.2081568, 15.4836826 ], [ 80.2061504, 15.4843627 ], [ 80.2079981, 15.4805888 ], [ 80.2052647, 15.4745834 ], [ 80.1998511, 15.4647253 ], [ 80.1832167, 15.4421093 ], [ 80.1418093, 15.3954559 ], [ 80.121412, 15.3671493 ], [ 80.1102491, 15.3454747 ], [ 80.105864, 15.3240384 ], [ 80.1025069, 15.3156654 ], [ 80.098382, 15.3114832 ], [ 80.0864155, 15.2824026 ], [ 80.084741, 15.2833354 ], [ 80.0862116, 15.281882 ], [ 80.0823557, 15.2632325 ], [ 80.0823872, 15.2526814 ], [ 80.0881644, 15.2388222 ], [ 80.0867481, 15.238937 ], [ 80.0839986, 15.2484063 ], [ 80.0829777, 15.2487616 ], [ 80.0828267, 15.2474633 ], [ 80.081733, 15.249234 ], [ 80.0807114, 15.2410371 ], [ 80.0821301, 15.2309231 ], [ 80.0840364, 15.2303344 ], [ 80.0874907, 15.2244981 ], [ 80.0834289, 15.2224143 ], [ 80.0884327, 15.2239437 ], [ 80.0873141, 15.2377759 ], [ 80.0888928, 15.2357302 ], [ 80.0898374, 15.2249368 ], [ 80.0890304, 15.211933 ], [ 80.0836108, 15.191119 ], [ 80.0825269, 15.1905606 ], [ 80.0821145, 15.1917809 ], [ 80.0708504, 15.1826048 ], [ 80.0760313, 15.1792279 ], [ 80.0777476, 15.180163 ], [ 80.0781361, 15.1792322 ], [ 80.0796503, 15.1810939 ], [ 80.0703391, 15.1649119 ], [ 80.0615018, 15.1414449 ], [ 80.0544298, 15.118497 ], [ 80.0469847, 15.0801811 ], [ 80.0489174, 15.0673644 ], [ 80.0528075, 15.0117485 ], [ 80.0674873, 14.9323917 ], [ 80.0729106, 14.9192027 ], [ 80.084375, 14.8832477 ], [ 80.0865312, 14.8659324 ], [ 80.0887526, 14.8236377 ], [ 80.0913587, 14.8153947 ], [ 80.0921182, 14.8051867 ], [ 80.0977247, 14.7795479 ], [ 80.1115186, 14.7410744 ], [ 80.1143293, 14.7365126 ], [ 80.1178661, 14.7360125 ], [ 80.1211892, 14.7306375 ], [ 80.1312334, 14.7210872 ], [ 80.1377267, 14.704187 ], [ 80.1399948, 14.7036301 ], [ 80.1412102, 14.7045727 ], [ 80.1420669, 14.7035071 ], [ 80.1512666, 14.6681171 ], [ 80.1662658, 14.6229427 ], [ 80.1711789, 14.6116598 ], [ 80.178167, 14.6031881 ], [ 80.1931008, 14.5931839 ], [ 80.1955132, 14.585827 ], [ 80.1946572, 14.577625 ], [ 80.1854155, 14.5469961 ], [ 80.1822263, 14.5208481 ], [ 80.1795165, 14.5088124 ], [ 80.1788134, 14.495844 ], [ 80.1777641, 14.4961362 ], [ 80.1787361, 14.4920006 ], [ 80.1754866, 14.4498205 ], [ 80.1728986, 14.4492107 ], [ 80.1754243, 14.448143 ], [ 80.174966, 14.4446428 ], [ 80.1731358, 14.4431525 ], [ 80.1749721, 14.4438019 ], [ 80.1716274, 14.3733379 ], [ 80.1651282, 14.3406536 ], [ 80.1526678, 14.314208 ], [ 80.1429155, 14.2866091 ], [ 80.139025, 14.2691652 ], [ 80.1386918, 14.2534862 ], [ 80.1345057, 14.2436777 ], [ 80.1317002, 14.231851 ], [ 80.1301072, 14.2311609 ], [ 80.1310457, 14.2273696 ], [ 80.1292533, 14.2192742 ], [ 80.1272003, 14.1943838 ], [ 80.1264132, 14.1643242 ], [ 80.129325, 14.1255787 ], [ 80.1305696, 14.1238857 ], [ 80.1337781, 14.0969083 ], [ 80.1361426, 14.0853852 ], [ 80.1419504, 14.0748671 ], [ 80.1430294, 14.0567737 ], [ 80.1497782, 14.0317694 ], [ 80.1557285, 14.0205012 ], [ 80.167924, 13.9893627 ], [ 80.1813923, 13.9616704 ], [ 80.198163, 13.9171726 ], [ 80.2183711, 13.8805168 ], [ 80.2188592, 13.878836 ], [ 80.2175299, 13.8766331 ], [ 80.2191191, 13.8782307 ], [ 80.2208817, 13.8749516 ], [ 80.2265856, 13.8549949 ], [ 80.237495, 13.8289659 ], [ 80.2428356, 13.812254 ], [ 80.2503331, 13.7969414 ], [ 80.253089, 13.7859167 ], [ 80.253664, 13.7809051 ], [ 80.237533, 13.7238575 ], [ 80.2338666, 13.6967554 ], [ 80.2336496, 13.6584477 ], [ 80.237228, 13.6365538 ], [ 80.2425715, 13.6164399 ], [ 80.2685393, 13.5645375 ], [ 80.2640496, 13.5626374 ], [ 80.2511093, 13.5027695 ], [ 80.241814, 13.470647 ], [ 80.2409748, 13.4733093 ], [ 80.2351981, 13.4740032 ], [ 80.2288197, 13.482891 ], [ 80.2260954, 13.4837959 ], [ 80.2258881, 13.4850705 ], [ 80.2138305, 13.4860961 ], [ 80.2145986, 13.4902718 ], [ 80.2106039, 13.4904765 ], [ 80.2099121, 13.4862938 ], [ 80.2033203, 13.4883817 ], [ 80.186529, 13.4906502 ], [ 80.1771217, 13.4911718 ], [ 80.1708128, 13.4889042 ], [ 80.1630449, 13.4882274 ], [ 80.1538411, 13.4908858 ], [ 80.145145, 13.4914152 ], [ 80.1455334, 13.4994869 ], [ 80.1446133, 13.5013275 ], [ 80.1392128, 13.5042738 ], [ 80.131708, 13.501435 ], [ 80.1267382, 13.5046342 ], [ 80.1237917, 13.5034724 ], [ 80.118836, 13.5036932 ], [ 80.1127715, 13.5059474 ], [ 80.1115147, 13.4932814 ], [ 80.108213, 13.4889199 ], [ 80.106398, 13.4898733 ], [ 80.1051599, 13.4933532 ], [ 80.1009346, 13.4898456 ], [ 80.1030639, 13.4869489 ], [ 80.0781901, 13.4888114 ], [ 80.0767985, 13.5038371 ], [ 80.0771419, 13.5268049 ], [ 80.0828445, 13.5327994 ], [ 80.0886406, 13.5353997 ], [ 80.0812594, 13.5497512 ], [ 80.0760268, 13.5465906 ], [ 80.068401, 13.544613 ], [ 80.0627514, 13.5453567 ], [ 80.0598101, 13.5424089 ], [ 80.0569346, 13.5366365 ], [ 80.0430445, 13.5374532 ], [ 80.0398011, 13.5390063 ], [ 80.0284381, 13.5388246 ], [ 80.0238981, 13.5460352 ], [ 80.0217737, 13.5449539 ], [ 80.0168945, 13.5471793 ], [ 80.0055322, 13.5452565 ], [ 80.0005084, 13.5421712 ], [ 79.9985997, 13.5427238 ], [ 79.9986, 13.5342804 ], [ 80.0005191, 13.5256754 ], [ 80.0079924, 13.5258065 ], [ 80.0176531, 13.5295586 ], [ 80.0195204, 13.5192508 ], [ 80.0271859, 13.5137005 ], [ 80.0355203, 13.5183054 ], [ 80.0484232, 13.5122508 ], [ 80.0466183, 13.4936838 ], [ 80.0299998, 13.4981881 ], [ 80.0159046, 13.4979515 ], [ 80.0144368, 13.4961159 ], [ 80.0158396, 13.4890256 ], [ 80.0135185, 13.4851921 ], [ 80.0122022, 13.4854716 ], [ 80.0076231, 13.4813522 ], [ 80.0074905, 13.4786405 ], [ 79.9840773, 13.4795786 ], [ 79.9823969, 13.4704564 ], [ 79.9724203, 13.4690917 ], [ 79.9720365, 13.4426313 ], [ 79.9711051, 13.4402599 ], [ 79.9728727, 13.4397152 ], [ 79.9733387, 13.4296725 ], [ 79.9707283, 13.428397 ], [ 79.9707268, 13.4272988 ], [ 79.9657855, 13.4265733 ], [ 79.9654616, 13.4251017 ], [ 79.9619675, 13.4233786 ], [ 79.9574594, 13.4235048 ], [ 79.9566518, 13.4221924 ], [ 79.9550684, 13.4223797 ], [ 79.9557232, 13.425208 ], [ 79.9525521, 13.4258448 ], [ 79.9515294, 13.4240203 ], [ 79.9494791, 13.4237517 ], [ 79.9481788, 13.4250278 ], [ 79.9396096, 13.4250294 ], [ 79.9420314, 13.4197343 ], [ 79.9418382, 13.41672 ], [ 79.9345755, 13.4164539 ], [ 79.9377408, 13.4148947 ], [ 79.9383891, 13.4127969 ], [ 79.9422117, 13.4127967 ], [ 79.9413773, 13.4101494 ], [ 79.9436551, 13.4079592 ], [ 79.9457047, 13.4077306 ], [ 79.941282, 13.400609 ], [ 79.9432334, 13.3996033 ], [ 79.9443564, 13.3968677 ], [ 79.9562348, 13.3971374 ], [ 79.9614539, 13.3955986 ], [ 79.9627546, 13.3913577 ], [ 79.9625705, 13.3884384 ], [ 79.961453, 13.3881223 ], [ 79.9579959, 13.3791504 ], [ 79.9538999, 13.3771194 ], [ 79.949989, 13.3798134 ], [ 79.9482163, 13.3832369 ], [ 79.9476558, 13.3817281 ], [ 79.9450477, 13.3817765 ], [ 79.9480766, 13.3787628 ], [ 79.9479365, 13.3775292 ], [ 79.9491922, 13.3776678 ], [ 79.949471, 13.37548 ], [ 79.9480667, 13.3743011 ], [ 79.9464426, 13.3681759 ], [ 79.9454179, 13.3682224 ], [ 79.9456475, 13.3637388 ], [ 79.9421993, 13.3635578 ], [ 79.9429025, 13.3612746 ], [ 79.9409987, 13.3612254 ], [ 79.9380071, 13.3555229 ], [ 79.9359128, 13.3564383 ], [ 79.9350775, 13.3541222 ], [ 79.9337687, 13.3544794 ], [ 79.9331147, 13.3519177 ], [ 79.9313002, 13.3515131 ], [ 79.9292052, 13.3556192 ], [ 79.9252899, 13.3583581 ], [ 79.9159724, 13.3598692 ], [ 79.915786, 13.3582695 ], [ 79.9168105, 13.358083 ], [ 79.9133604, 13.3522433 ], [ 79.9149012, 13.3515636 ], [ 79.914851, 13.348138 ], [ 79.9103822, 13.3472707 ], [ 79.9051578, 13.3435298 ], [ 79.9037699, 13.3404199 ], [ 79.8921703, 13.3352323 ], [ 79.8868118, 13.3350976 ], [ 79.883505, 13.3328593 ], [ 79.8828997, 13.3233193 ], [ 79.8808475, 13.3247811 ], [ 79.8776349, 13.3242781 ], [ 79.8680653, 13.3310664 ], [ 79.8628089, 13.3169208 ], [ 79.8535456, 13.3207073 ], [ 79.8532643, 13.3159622 ], [ 79.8480501, 13.3165995 ], [ 79.8457228, 13.3151371 ], [ 79.836687, 13.3152305 ], [ 79.8360862, 13.3142231 ], [ 79.8291897, 13.3175097 ], [ 79.8173623, 13.3185536 ], [ 79.8089991, 13.3172354 ], [ 79.80788, 13.3141268 ], [ 79.8035998, 13.3109752 ], [ 79.8047648, 13.3074446 ], [ 79.801645, 13.3005048 ], [ 79.7917328, 13.2935241 ], [ 79.7855883, 13.2966645 ], [ 79.7802274, 13.306145 ], [ 79.7751972, 13.3059807 ], [ 79.7704229, 13.3092193 ], [ 79.7681412, 13.3139208 ], [ 79.7602705, 13.3182049 ], [ 79.7618597, 13.3126406 ], [ 79.761206, 13.3070729 ], [ 79.7602802, 13.3016094 ], [ 79.7567467, 13.2952884 ], [ 79.7524165, 13.2916568 ], [ 79.7486362, 13.2911924 ], [ 79.7442283, 13.2885912 ], [ 79.7392415, 13.2913457 ], [ 79.7340447, 13.2890158 ], [ 79.7306508, 13.2828662 ], [ 79.73281, 13.2821423 ], [ 79.7350361, 13.2759362 ], [ 79.7402491, 13.2737647 ], [ 79.7417151, 13.270953 ], [ 79.7480824, 13.2709863 ], [ 79.7516421, 13.2653672 ], [ 79.7611934, 13.2575211 ], [ 79.7704612, 13.2552429 ], [ 79.7724671, 13.2532307 ], [ 79.7815966, 13.2515894 ], [ 79.7828495, 13.2489106 ], [ 79.7872062, 13.2451837 ], [ 79.794732, 13.2421039 ], [ 79.794493, 13.2263217 ], [ 79.7932475, 13.2264117 ], [ 79.7930896, 13.2293042 ], [ 79.7847816, 13.2279046 ], [ 79.7811529, 13.2233927 ], [ 79.7779558, 13.2235858 ], [ 79.7754775, 13.2153096 ], [ 79.7733093, 13.2154939 ], [ 79.7735891, 13.2190329 ], [ 79.7697655, 13.217707 ], [ 79.7700233, 13.2189455 ], [ 79.7677535, 13.2192699 ], [ 79.7675557, 13.2180585 ], [ 79.7642522, 13.2191146 ], [ 79.7609558, 13.2152625 ], [ 79.7598433, 13.2074432 ], [ 79.754991, 13.2064782 ], [ 79.7500821, 13.2079943 ], [ 79.7509956, 13.2164236 ], [ 79.7498422, 13.2167982 ], [ 79.7479716, 13.2216744 ], [ 79.7424697, 13.2252564 ], [ 79.742771, 13.2282933 ], [ 79.7390764, 13.2294971 ], [ 79.7373171, 13.2365348 ], [ 79.7326393, 13.2368756 ], [ 79.7327472, 13.2332595 ], [ 79.7302754, 13.2325333 ], [ 79.7314015, 13.2224453 ], [ 79.7258793, 13.221661 ], [ 79.7261103, 13.2224518 ], [ 79.7216451, 13.2234567 ], [ 79.7194888, 13.2180024 ], [ 79.7164067, 13.2164217 ], [ 79.7138287, 13.2180811 ], [ 79.7119602, 13.2177745 ], [ 79.7118639, 13.2192659 ], [ 79.7079388, 13.2215133 ], [ 79.7027078, 13.2223961 ], [ 79.7022424, 13.2241499 ], [ 79.7060975, 13.2341957 ], [ 79.7140652, 13.2357343 ], [ 79.7112394, 13.242501 ], [ 79.7125458, 13.2446654 ], [ 79.7089668, 13.2480833 ], [ 79.7082384, 13.2500449 ], [ 79.7091246, 13.2510435 ], [ 79.7032745, 13.251104 ], [ 79.700982, 13.2530255 ], [ 79.6996559, 13.2509181 ], [ 79.6982501, 13.2509924 ], [ 79.6963425, 13.2432509 ], [ 79.693067, 13.2432924 ], [ 79.6959353, 13.2385553 ], [ 79.6926834, 13.2406487 ], [ 79.6891354, 13.2398314 ], [ 79.6842738, 13.2444288 ], [ 79.6804231, 13.2524788 ], [ 79.6782933, 13.2616536 ], [ 79.680259, 13.2622408 ], [ 79.6805686, 13.2645592 ], [ 79.6874207, 13.2665553 ], [ 79.6895148, 13.2637438 ], [ 79.6891312, 13.2609373 ], [ 79.6911244, 13.260982 ], [ 79.6917156, 13.2635489 ], [ 79.6938288, 13.2637427 ], [ 79.6954405, 13.2691114 ], [ 79.693466, 13.2705129 ], [ 79.6908169, 13.2676844 ], [ 79.6903561, 13.2701386 ], [ 79.6888059, 13.2708666 ], [ 79.6936652, 13.2734776 ], [ 79.6939345, 13.2797957 ], [ 79.6904508, 13.2803434 ], [ 79.6894317, 13.2830327 ], [ 79.6851687, 13.2853792 ], [ 79.6831851, 13.2881907 ], [ 79.6812563, 13.2879922 ], [ 79.6826053, 13.2958241 ], [ 79.6781434, 13.2974113 ], [ 79.6749383, 13.2829362 ], [ 79.6713387, 13.2801212 ], [ 79.6687087, 13.2811836 ], [ 79.6653861, 13.2787165 ], [ 79.6647313, 13.2816181 ], [ 79.6666422, 13.2859791 ], [ 79.6638741, 13.2897667 ], [ 79.6589087, 13.286685 ], [ 79.6578332, 13.283847 ], [ 79.6547187, 13.2856099 ], [ 79.6517938, 13.2918334 ], [ 79.6496804, 13.2922719 ], [ 79.6424817, 13.2901482 ], [ 79.6412675, 13.2755867 ], [ 79.6395142, 13.277399 ], [ 79.6384671, 13.2874864 ], [ 79.6380471, 13.2842505 ], [ 79.6332621, 13.2823841 ], [ 79.6346048, 13.2805447 ], [ 79.6343648, 13.2774263 ], [ 79.6315548, 13.2771867 ], [ 79.6340602, 13.2715691 ], [ 79.6320438, 13.2712979 ], [ 79.631361, 13.2696981 ], [ 79.6278451, 13.2701274 ], [ 79.6195486, 13.2795592 ], [ 79.6141174, 13.2826954 ], [ 79.6060889, 13.2795492 ], [ 79.6080861, 13.28749 ], [ 79.6057881, 13.2881993 ], [ 79.5960568, 13.2848538 ], [ 79.5948861, 13.2760498 ], [ 79.5926576, 13.2750642 ], [ 79.5944622, 13.2719506 ], [ 79.5938448, 13.2664052 ], [ 79.5913125, 13.2614289 ], [ 79.5825654, 13.2573418 ], [ 79.5792664, 13.2577931 ], [ 79.5734896, 13.2593647 ], [ 79.5654316, 13.2677734 ], [ 79.5584076, 13.2727202 ], [ 79.5400206, 13.2723618 ], [ 79.5346024, 13.2753969 ], [ 79.5336643, 13.2790844 ], [ 79.5351523, 13.2850913 ], [ 79.5387872, 13.2882065 ], [ 79.5412313, 13.2924375 ], [ 79.537096, 13.2944336 ], [ 79.5378337, 13.2959027 ], [ 79.535078, 13.2980168 ], [ 79.5348645, 13.3013701 ], [ 79.5421662, 13.3102398 ], [ 79.5441067, 13.3167846 ], [ 79.539356, 13.3218808 ], [ 79.5418461, 13.3273005 ], [ 79.5373051, 13.3386471 ], [ 79.5351775, 13.338574 ], [ 79.525935, 13.3443868 ], [ 79.5217915, 13.3418135 ], [ 79.5110837, 13.3419713 ], [ 79.5100814, 13.3341749 ], [ 79.4973839, 13.332038 ], [ 79.4997084, 13.3477874 ], [ 79.4804862, 13.3399996 ], [ 79.4745697, 13.3410865 ], [ 79.4728059, 13.3392432 ], [ 79.4654397, 13.338726 ], [ 79.4640654, 13.3417229 ], [ 79.4562551, 13.3385707 ], [ 79.4531079, 13.3398823 ], [ 79.4476634, 13.346315 ], [ 79.4376302, 13.3497432 ], [ 79.435429, 13.3517097 ], [ 79.4357282, 13.3481392 ], [ 79.4325937, 13.345392 ], [ 79.4316688, 13.3367148 ], [ 79.4209889, 13.3362873 ], [ 79.4147205, 13.3300333 ], [ 79.4129067, 13.3299251 ], [ 79.4125425, 13.3329532 ], [ 79.4092473, 13.3333422 ], [ 79.4082967, 13.3351095 ], [ 79.4053614, 13.3350375 ], [ 79.4024765, 13.3302289 ], [ 79.3983597, 13.3302022 ], [ 79.3987606, 13.3216739 ], [ 79.4018988, 13.3214838 ], [ 79.4020231, 13.3173529 ], [ 79.397828, 13.3173623 ], [ 79.3957559, 13.3157173 ], [ 79.393467, 13.3175976 ], [ 79.387809, 13.3180497 ], [ 79.383494, 13.3132591 ], [ 79.381888, 13.3074878 ], [ 79.3886579, 13.3097835 ], [ 79.3898389, 13.2974272 ], [ 79.3941167, 13.2999308 ], [ 79.4021738, 13.2997133 ], [ 79.4053023, 13.2975663 ], [ 79.413798, 13.3001505 ], [ 79.4157684, 13.2995808 ], [ 79.419584, 13.2952325 ], [ 79.4184116, 13.2935243 ], [ 79.418831, 13.2897504 ], [ 79.4200353, 13.2895468 ], [ 79.4305398, 13.3002473 ], [ 79.4454222, 13.3012517 ], [ 79.4463103, 13.2916159 ], [ 79.435757, 13.2912795 ], [ 79.4347229, 13.2890652 ], [ 79.4337323, 13.274987 ], [ 79.4175873, 13.2717372 ], [ 79.4136828, 13.2662361 ], [ 79.4114217, 13.2646501 ], [ 79.4084181, 13.2652696 ], [ 79.4084687, 13.2639137 ], [ 79.4130779, 13.2629505 ], [ 79.4161688, 13.2604101 ], [ 79.4168596, 13.2516828 ], [ 79.4218426, 13.2522561 ], [ 79.4226358, 13.2513163 ], [ 79.4220804, 13.2493665 ], [ 79.4170434, 13.2458528 ], [ 79.4196638, 13.2457168 ], [ 79.4184962, 13.2429601 ], [ 79.4214349, 13.2421326 ], [ 79.4245907, 13.2433433 ], [ 79.4276861, 13.241553 ], [ 79.4324291, 13.2432604 ], [ 79.4376793, 13.2428888 ], [ 79.4381307, 13.2400278 ], [ 79.4313762, 13.2382847 ], [ 79.431491, 13.2360656 ], [ 79.4397859, 13.2358605 ], [ 79.4350749, 13.2322323 ], [ 79.4298708, 13.2312119 ], [ 79.4308664, 13.229848 ], [ 79.4399969, 13.2306042 ], [ 79.4388168, 13.2343557 ], [ 79.4415241, 13.2365484 ], [ 79.4414934, 13.2379933 ], [ 79.4531517, 13.2383518 ], [ 79.453736, 13.2169269 ], [ 79.4485273, 13.2156922 ], [ 79.4463642, 13.2170124 ], [ 79.4397077, 13.2176378 ], [ 79.4394746, 13.2196807 ], [ 79.4373786, 13.2195545 ], [ 79.4362192, 13.2127393 ], [ 79.4411909, 13.2082684 ], [ 79.4438523, 13.2077751 ], [ 79.4395619, 13.205887 ], [ 79.4360964, 13.2001705 ], [ 79.4356622, 13.1972149 ], [ 79.4323825, 13.1969715 ], [ 79.4331473, 13.1925195 ], [ 79.4372937, 13.1910589 ], [ 79.4384277, 13.1881751 ], [ 79.4262003, 13.1904871 ], [ 79.4253837, 13.1895381 ], [ 79.4214633, 13.1906009 ], [ 79.4211402, 13.1892227 ], [ 79.418442, 13.1904341 ], [ 79.4101717, 13.190512 ], [ 79.4102741, 13.1938249 ], [ 79.4091851, 13.1940374 ], [ 79.4008361, 13.1916563 ], [ 79.4004668, 13.1892656 ], [ 79.3985481, 13.1887549 ], [ 79.3990646, 13.1878058 ], [ 79.3961956, 13.1886782 ], [ 79.3958038, 13.1918239 ], [ 79.3920217, 13.1923791 ], [ 79.387395, 13.1890989 ], [ 79.3740325, 13.1892571 ], [ 79.3728148, 13.1877204 ], [ 79.3781377, 13.1847061 ], [ 79.3856052, 13.1830473 ], [ 79.3852131, 13.1816824 ], [ 79.3875424, 13.1802226 ], [ 79.3877267, 13.177529 ], [ 79.3853376, 13.177416 ], [ 79.3822843, 13.1796171 ], [ 79.3755457, 13.1777007 ], [ 79.3726952, 13.1788396 ], [ 79.3695222, 13.1729143 ], [ 79.3792355, 13.1715135 ], [ 79.3805962, 13.1689555 ], [ 79.3800381, 13.1629263 ], [ 79.370113, 13.1628086 ], [ 79.3634207, 13.1659539 ], [ 79.3561154, 13.1645793 ], [ 79.3573609, 13.1621072 ], [ 79.3574629, 13.1559426 ], [ 79.3599629, 13.1519655 ], [ 79.3595436, 13.1475454 ], [ 79.3611409, 13.138642 ], [ 79.3633858, 13.1389721 ], [ 79.3636165, 13.1370423 ], [ 79.3649538, 13.1368887 ], [ 79.3646036, 13.1340368 ], [ 79.3655212, 13.1339329 ], [ 79.3648811, 13.1306646 ], [ 79.3617541, 13.1287488 ], [ 79.3605048, 13.1235375 ], [ 79.3580979, 13.121716 ], [ 79.3536573, 13.1214263 ], [ 79.3535974, 13.1205269 ], [ 79.3485482, 13.1202552 ], [ 79.3476534, 13.1218007 ], [ 79.3453847, 13.1214255 ], [ 79.3451438, 13.1291266 ], [ 79.3435572, 13.1310156 ], [ 79.3446441, 13.1366741 ], [ 79.341306, 13.1368204 ], [ 79.3396237, 13.1304545 ], [ 79.3290175, 13.1305249 ], [ 79.3267727, 13.1260772 ], [ 79.3186712, 13.1234721 ], [ 79.3192388, 13.1218045 ], [ 79.3238275, 13.1197763 ], [ 79.3242382, 13.118538 ], [ 79.3213012, 13.1170188 ], [ 79.3119222, 13.116569 ], [ 79.3188985, 13.1136015 ], [ 79.3161473, 13.1116257 ], [ 79.3132098, 13.112687 ], [ 79.3099084, 13.1120127 ], [ 79.3093056, 13.1078138 ], [ 79.3071899, 13.1055219 ], [ 79.3052864, 13.1067149 ], [ 79.3039621, 13.1058056 ], [ 79.3016929, 13.1077845 ], [ 79.2981473, 13.1069563 ], [ 79.2943054, 13.109599 ], [ 79.2958445, 13.11237 ], [ 79.3015434, 13.1136644 ], [ 79.2987715, 13.1157109 ], [ 79.2992639, 13.1186578 ], [ 79.3124637, 13.1261416 ], [ 79.3050163, 13.1264332 ], [ 79.2887399, 13.1219943 ], [ 79.2856054, 13.1237183 ], [ 79.2840176, 13.1227699 ], [ 79.2824604, 13.1425197 ], [ 79.280384, 13.1450499 ], [ 79.2798661, 13.1486111 ], [ 79.2803394, 13.1528687 ], [ 79.2773587, 13.1562165 ], [ 79.2745364, 13.155673 ], [ 79.2697548, 13.1537502 ], [ 79.2673954, 13.149668 ], [ 79.2620875, 13.1490418 ], [ 79.2616712, 13.1518709 ], [ 79.2602736, 13.1521414 ], [ 79.2603668, 13.1595626 ], [ 79.2592788, 13.1588705 ], [ 79.2574561, 13.1607363 ], [ 79.2532733, 13.1602551 ], [ 79.2522093, 13.1577236 ], [ 79.2547041, 13.1491875 ], [ 79.2539079, 13.1457703 ], [ 79.2452731, 13.1382758 ], [ 79.2401846, 13.1443659 ], [ 79.2424367, 13.1479534 ], [ 79.2449597, 13.14882 ], [ 79.2433928, 13.1511484 ], [ 79.2434659, 13.1497698 ], [ 79.2420823, 13.1496303 ], [ 79.2422769, 13.151551 ], [ 79.2442052, 13.1527389 ], [ 79.2431241, 13.1585831 ], [ 79.2411137, 13.1596144 ], [ 79.2426869, 13.171003 ], [ 79.2395095, 13.171967 ], [ 79.2349292, 13.1708435 ], [ 79.2296908, 13.1619873 ], [ 79.225608, 13.1588568 ], [ 79.2273223, 13.1556157 ], [ 79.2181123, 13.1553568 ], [ 79.2181128, 13.1568528 ], [ 79.2146862, 13.1569578 ], [ 79.21003, 13.1484581 ], [ 79.2159929, 13.1478099 ], [ 79.2192157, 13.1456168 ], [ 79.2219737, 13.1462395 ], [ 79.2231487, 13.143559 ], [ 79.2282893, 13.1399822 ], [ 79.232873, 13.1393702 ], [ 79.2293651, 13.1315844 ], [ 79.2303776, 13.126373 ], [ 79.2384117, 13.1185509 ], [ 79.2342692, 13.1146613 ], [ 79.2344267, 13.1052289 ], [ 79.2246129, 13.100799 ], [ 79.2127477, 13.0924485 ], [ 79.2096435, 13.0927184 ], [ 79.2008635, 13.0888341 ], [ 79.1982934, 13.0813413 ], [ 79.1930976, 13.0822873 ], [ 79.1906878, 13.0887327 ], [ 79.1885529, 13.0878971 ], [ 79.1889765, 13.0851716 ], [ 79.1876574, 13.0834636 ], [ 79.1806588, 13.0842424 ], [ 79.1813679, 13.0799035 ], [ 79.1832402, 13.0819323 ], [ 79.1853283, 13.0796722 ], [ 79.1856454, 13.0752248 ], [ 79.1840082, 13.0727304 ], [ 79.1907994, 13.0733526 ], [ 79.1921211, 13.0674316 ], [ 79.1880913, 13.0656608 ], [ 79.1873157, 13.0606578 ], [ 79.1800739, 13.0643111 ], [ 79.178298, 13.0591862 ], [ 79.1798789, 13.0575408 ], [ 79.1847424, 13.0568032 ], [ 79.1913445, 13.0585644 ], [ 79.1920999, 13.0561462 ], [ 79.1796617, 13.0544992 ], [ 79.1804397, 13.0488495 ], [ 79.1827074, 13.0473215 ], [ 79.1918905, 13.0483545 ], [ 79.1929965, 13.0466955 ], [ 79.1884962, 13.0419464 ], [ 79.1848334, 13.0298528 ], [ 79.1822017, 13.0318736 ], [ 79.1810662, 13.0297356 ], [ 79.1764208, 13.0288511 ], [ 79.1758258, 13.0270976 ], [ 79.1718571, 13.027279 ], [ 79.1710914, 13.0239799 ], [ 79.168312, 13.024265 ], [ 79.1631211, 13.0202704 ], [ 79.1595674, 13.020334 ], [ 79.1483115, 13.0246558 ], [ 79.1373414, 13.0348118 ], [ 79.1275412, 13.0355711 ], [ 79.1144818, 13.0392721 ], [ 79.1074658, 13.0382773 ], [ 79.1059635, 13.0348604 ], [ 79.0998333, 13.029287 ], [ 79.098308, 13.0260644 ], [ 79.0911403, 13.0260679 ], [ 79.0868162, 13.0280061 ], [ 79.0809073, 13.0257271 ], [ 79.0739407, 13.0328485 ], [ 79.0628663, 13.0406377 ], [ 79.0645233, 13.0500569 ], [ 79.0633976, 13.0531073 ], [ 79.055578, 13.0566124 ], [ 79.0386851, 13.0611356 ], [ 79.036277, 13.0654554 ], [ 79.0369481, 13.0705944 ], [ 79.0345971, 13.0699789 ], [ 79.0315581, 13.0720341 ], [ 79.0297421, 13.0709849 ], [ 79.0286902, 13.0726206 ], [ 79.0243844, 13.0718731 ], [ 79.0229913, 13.0737933 ], [ 79.0186616, 13.0751292 ], [ 79.0165595, 13.0745453 ], [ 79.0166647, 13.0764119 ], [ 79.015332, 13.0769447 ], [ 79.0122619, 13.0762111 ], [ 79.0122244, 13.0773635 ], [ 79.0094951, 13.0772267 ], [ 79.0081702, 13.0807062 ], [ 79.0036875, 13.0832124 ], [ 79.0039173, 13.0846 ], [ 78.9950012, 13.0866087 ], [ 78.9825156, 13.0864105 ], [ 78.9723022, 13.0838065 ], [ 78.9701891, 13.0796538 ], [ 78.9714376, 13.0770049 ], [ 78.9702795, 13.0747139 ], [ 78.9687869, 13.0778555 ], [ 78.9643837, 13.0775903 ], [ 78.9621343, 13.0787299 ], [ 78.9606711, 13.076113 ], [ 78.9554482, 13.0758394 ], [ 78.9495758, 13.0801708 ], [ 78.9491941, 13.0839945 ], [ 78.9414793, 13.0785187 ], [ 78.9274964, 13.0818299 ], [ 78.9239415, 13.0808091 ], [ 78.92174, 13.0660937 ], [ 78.9194899, 13.0648602 ], [ 78.9165721, 13.0673147 ], [ 78.9125978, 13.0659322 ], [ 78.9036754, 13.0477056 ], [ 78.9061184, 13.0451248 ], [ 78.9163521, 13.0438535 ], [ 78.9190903, 13.0438983 ], [ 78.9217506, 13.047012 ], [ 78.9289142, 13.0457678 ], [ 78.9337393, 13.0392587 ], [ 78.9402522, 13.0365771 ], [ 78.937107, 13.0304267 ], [ 78.9357481, 13.0347884 ], [ 78.9315487, 13.0346853 ], [ 78.9291245, 13.0364936 ], [ 78.9156269, 13.0335625 ], [ 78.891643, 13.0330584 ], [ 78.8912896, 13.0688129 ], [ 78.8889523, 13.0733597 ], [ 78.8922356, 13.0894447 ], [ 78.8956893, 13.0951211 ], [ 78.8912123, 13.0971507 ], [ 78.881419, 13.0981813 ], [ 78.8750976, 13.0968164 ], [ 78.8698001, 13.0895171 ], [ 78.8708781, 13.0819404 ], [ 78.8611141, 13.0836637 ], [ 78.8420364, 13.0786131 ], [ 78.8207984, 13.0877612 ], [ 78.8131399, 13.0891423 ], [ 78.7976252, 13.0748468 ], [ 78.794304, 13.0665839 ], [ 78.751776, 13.0549418 ], [ 78.7487575, 13.0585305 ], [ 78.740289, 13.0639956 ], [ 78.7145163, 13.0686783 ], [ 78.7087151, 13.040125 ], [ 78.7052714, 13.0152386 ], [ 78.6794206, 13.0226892 ], [ 78.6562147, 13.0311694 ], [ 78.6555204, 13.0152481 ], [ 78.6520844, 13.013591 ], [ 78.6451291, 13.0062285 ], [ 78.6375526, 13.001318 ], [ 78.6346165, 13.0008014 ], [ 78.6300082, 12.9944999 ], [ 78.6208991, 12.9912385 ], [ 78.6400211, 12.9709795 ], [ 78.6471693, 12.9662371 ], [ 78.6380585, 12.9647593 ], [ 78.6461154, 12.9458948 ], [ 78.6570139, 12.9321064 ], [ 78.6522633, 12.9291007 ], [ 78.6335324, 12.9313211 ], [ 78.6334455, 12.9261134 ], [ 78.6268592, 12.907317 ], [ 78.6228559, 12.9042475 ], [ 78.616685, 12.888579 ], [ 78.6130932, 12.8679366 ], [ 78.6015593, 12.8508038 ], [ 78.6077577, 12.8219026 ], [ 78.6003878, 12.8184228 ], [ 78.6011634, 12.8036791 ], [ 78.5930668, 12.7982329 ], [ 78.592521, 12.7826756 ], [ 78.5760488, 12.7719091 ], [ 78.5765609, 12.7673802 ], [ 78.5683799, 12.7669162 ], [ 78.5655837, 12.7593613 ], [ 78.5633588, 12.7614538 ], [ 78.5615305, 12.7614536 ], [ 78.5556281, 12.7557851 ], [ 78.5582629, 12.7537108 ], [ 78.5583423, 12.7499411 ], [ 78.5631586, 12.7522197 ], [ 78.5631957, 12.7513203 ], [ 78.5596966, 12.7491926 ], [ 78.5590479, 12.7471902 ], [ 78.5601217, 12.7437827 ], [ 78.555992, 12.7425522 ], [ 78.5556292, 12.739212 ], [ 78.5638574, 12.7376232 ], [ 78.5605545, 12.7271593 ], [ 78.5544197, 12.7192753 ], [ 78.5560415, 12.7151899 ], [ 78.5615859, 12.7100118 ], [ 78.5585111, 12.7079545 ], [ 78.554879, 12.7075196 ], [ 78.5566203, 12.7036061 ], [ 78.5558756, 12.7001573 ], [ 78.5458693, 12.6949385 ], [ 78.5417597, 12.6910638 ], [ 78.5360518, 12.6904923 ], [ 78.5313031, 12.6970171 ], [ 78.5296085, 12.7099518 ], [ 78.5310948, 12.7116382 ], [ 78.5327476, 12.7115846 ], [ 78.5350511, 12.7073188 ], [ 78.5377384, 12.7104519 ], [ 78.5399629, 12.7082245 ], [ 78.5442802, 12.7109378 ], [ 78.5369732, 12.7133172 ], [ 78.5375197, 12.7169873 ], [ 78.5332347, 12.7139847 ], [ 78.5295189, 12.7154929 ], [ 78.5250716, 12.7154188 ], [ 78.5270257, 12.7214851 ], [ 78.5227129, 12.7192144 ], [ 78.5209238, 12.7361309 ], [ 78.5191696, 12.7362839 ], [ 78.5185478, 12.7263312 ], [ 78.5166932, 12.7243733 ], [ 78.5116369, 12.7267937 ], [ 78.5138295, 12.7344691 ], [ 78.5117393, 12.7343191 ], [ 78.507143, 12.7371056 ], [ 78.5052708, 12.7429622 ], [ 78.5004682, 12.7435836 ], [ 78.4931651, 12.7471493 ], [ 78.489088, 12.7419804 ], [ 78.4926858, 12.7356423 ], [ 78.4969611, 12.7313378 ], [ 78.5016072, 12.7311641 ], [ 78.5042714, 12.7249372 ], [ 78.5064402, 12.7243416 ], [ 78.5059715, 12.7225245 ], [ 78.5092717, 12.7242345 ], [ 78.5165761, 12.7187011 ], [ 78.5178093, 12.7201163 ], [ 78.5202408, 12.7186846 ], [ 78.5198278, 12.7155749 ], [ 78.5175309, 12.7146926 ], [ 78.519691, 12.712393 ], [ 78.5190705, 12.710386 ], [ 78.5145542, 12.7104111 ], [ 78.5146198, 12.7079117 ], [ 78.5117794, 12.7076981 ], [ 78.5031708, 12.7163719 ], [ 78.5039606, 12.7112334 ], [ 78.5019338, 12.7044483 ], [ 78.4966903, 12.7042784 ], [ 78.4965757, 12.7032524 ], [ 78.4993157, 12.7016086 ], [ 78.499409, 12.6992494 ], [ 78.5039853, 12.6986415 ], [ 78.5029114, 12.6919066 ], [ 78.5074414, 12.691407 ], [ 78.5071427, 12.6902815 ], [ 78.5033589, 12.6899091 ], [ 78.5040387, 12.6837084 ], [ 78.5025241, 12.6841551 ], [ 78.5038601, 12.681914 ], [ 78.5001233, 12.6799054 ], [ 78.4997846, 12.6761403 ], [ 78.4931239, 12.6739256 ], [ 78.4848382, 12.6732703 ], [ 78.4844338, 12.6716831 ], [ 78.4678997, 12.6758921 ], [ 78.4705146, 12.6505627 ], [ 78.4747756, 12.6476325 ], [ 78.4705632, 12.6445922 ], [ 78.4717232, 12.6320404 ], [ 78.4649691, 12.6240292 ], [ 78.4584586, 12.6296447 ], [ 78.4458072, 12.6305338 ], [ 78.4416603, 12.6293326 ], [ 78.4348259, 12.629551 ], [ 78.4270676, 12.6352428 ], [ 78.4127347, 12.6270325 ], [ 78.3911089, 12.6273008 ], [ 78.3794192, 12.625014 ], [ 78.3714252, 12.6271064 ], [ 78.3628553, 12.6343376 ], [ 78.3556478, 12.6364567 ], [ 78.3521217, 12.6415772 ], [ 78.3435923, 12.64874 ], [ 78.3322107, 12.649355 ], [ 78.3310724, 12.6530271 ], [ 78.325811, 12.6552362 ], [ 78.3183668, 12.6619238 ], [ 78.3060252, 12.666273 ], [ 78.3011554, 12.665919 ], [ 78.3003582, 12.6688883 ], [ 78.2964726, 12.671043 ], [ 78.295592, 12.6752641 ], [ 78.2864543, 12.6890099 ], [ 78.2764968, 12.7015484 ], [ 78.2721543, 12.7046743 ], [ 78.2445385, 12.7062926 ], [ 78.2392876, 12.7009952 ], [ 78.2377068, 12.68576 ], [ 78.232119, 12.6872039 ], [ 78.210589, 12.6860767 ], [ 78.2123482, 12.6884806 ], [ 78.2036215, 12.6930571 ], [ 78.2010111, 12.6917381 ], [ 78.1993226, 12.6953814 ], [ 78.2041932, 12.6958953 ], [ 78.2071543, 12.6995239 ], [ 78.2086871, 12.6989178 ], [ 78.2099398, 12.7005038 ], [ 78.2093649, 12.7025198 ], [ 78.2071275, 12.7022131 ], [ 78.2077176, 12.7048253 ], [ 78.205439, 12.7057163 ], [ 78.2073963, 12.7083553 ], [ 78.2121701, 12.7076262 ], [ 78.2134602, 12.710984 ], [ 78.2180724, 12.708804 ], [ 78.227121, 12.7148256 ], [ 78.2311714, 12.7125552 ], [ 78.2410079, 12.7299431 ], [ 78.2408755, 12.7327138 ], [ 78.2382945, 12.7369633 ], [ 78.2360895, 12.7380987 ], [ 78.2349821, 12.7435363 ], [ 78.2357933, 12.7458455 ], [ 78.2321357, 12.7530371 ], [ 78.2309512, 12.7606597 ], [ 78.2389819, 12.768375 ], [ 78.2456403, 12.7882633 ], [ 78.2465583, 12.8016637 ], [ 78.2505615, 12.812208 ], [ 78.2523341, 12.8289243 ], [ 78.2513557, 12.8572011 ], [ 78.252198, 12.860551 ], [ 78.2536628, 12.8622017 ], [ 78.2581372, 12.8603962 ], [ 78.2652731, 12.8620082 ], [ 78.2683967, 12.8676926 ], [ 78.2717144, 12.8669621 ], [ 78.2820966, 12.8593147 ], [ 78.299748, 12.8594038 ], [ 78.3086867, 12.8577891 ], [ 78.3124464, 12.8585182 ], [ 78.3155932, 12.8675549 ], [ 78.3136269, 12.8764532 ], [ 78.3257257, 12.8749711 ], [ 78.3310201, 12.8755783 ], [ 78.3322415, 12.8807044 ], [ 78.3370799, 12.8823646 ], [ 78.3379926, 12.8862114 ], [ 78.3345183, 12.8892118 ], [ 78.3317857, 12.8888449 ], [ 78.3308777, 12.8853597 ], [ 78.329182, 12.8845908 ], [ 78.321694, 12.8855603 ], [ 78.32033, 12.8872594 ], [ 78.3205973, 12.8891444 ], [ 78.3240719, 12.8929107 ], [ 78.3225005, 12.897489 ], [ 78.3235329, 12.9017834 ], [ 78.3263071, 12.9044962 ], [ 78.3310628, 12.901867 ], [ 78.3396587, 12.9031794 ], [ 78.3440698, 12.9084988 ], [ 78.341967, 12.9118953 ], [ 78.3465988, 12.9140434 ], [ 78.3490477, 12.9289918 ], [ 78.3538456, 12.9302493 ], [ 78.3497075, 12.9357132 ], [ 78.3540958, 12.9396872 ], [ 78.355875, 12.9407407 ], [ 78.3563725, 12.938874 ], [ 78.3602622, 12.9369311 ], [ 78.3726662, 12.9212575 ], [ 78.376721, 12.9179357 ], [ 78.3782501, 12.9138452 ], [ 78.3856324, 12.9114367 ], [ 78.3857562, 12.9093711 ], [ 78.3886957, 12.9068581 ], [ 78.3963995, 12.9073137 ], [ 78.398667, 12.9173089 ], [ 78.4089044, 12.9092678 ], [ 78.4122111, 12.9032335 ], [ 78.4285928, 12.9020901 ], [ 78.4303916, 12.9047873 ], [ 78.4337003, 12.9045429 ], [ 78.4358962, 12.9094469 ], [ 78.4349479, 12.9118381 ], [ 78.4388384, 12.9136592 ], [ 78.4455797, 12.911796 ], [ 78.4464858, 12.9081889 ], [ 78.4439624, 12.9030048 ], [ 78.4492319, 12.8982444 ], [ 78.4472426, 12.8922104 ], [ 78.4488175, 12.8900993 ], [ 78.4558895, 12.8874674 ], [ 78.4641139, 12.8777023 ], [ 78.4620458, 12.8710583 ], [ 78.4647711, 12.8667637 ], [ 78.4650647, 12.8723956 ], [ 78.4680868, 12.8793241 ], [ 78.4694557, 12.8896375 ], [ 78.4683484, 12.900835 ], [ 78.4666967, 12.9054097 ], [ 78.4592514, 12.9087335 ], [ 78.4522961, 12.9176691 ], [ 78.4445283, 12.919634 ], [ 78.4380161, 12.9290139 ], [ 78.4281822, 12.9320931 ], [ 78.4228185, 12.9233472 ], [ 78.4188175, 12.9217248 ], [ 78.417889, 12.9278947 ], [ 78.4157374, 12.9296802 ], [ 78.4152041, 12.933364 ], [ 78.4130939, 12.9334071 ], [ 78.4135518, 12.9393215 ], [ 78.4111631, 12.945268 ], [ 78.4137626, 12.9483525 ], [ 78.4203811, 12.947742 ], [ 78.4214993, 12.9546305 ], [ 78.4192654, 12.9586806 ], [ 78.4291566, 12.957464 ], [ 78.4296966, 12.9591273 ], [ 78.4345787, 12.9607856 ], [ 78.4379727, 12.9639854 ], [ 78.432715, 12.9677964 ], [ 78.4325499, 12.969496 ], [ 78.4347449, 12.9714393 ], [ 78.4324753, 12.977962 ], [ 78.4353301, 12.9810398 ], [ 78.4526882, 12.9767658 ], [ 78.4597229, 12.9772481 ], [ 78.4674613, 12.9750225 ], [ 78.4685814, 12.9827153 ], [ 78.4748146, 12.9914418 ], [ 78.4718742, 12.9926178 ], [ 78.4701387, 12.9967134 ], [ 78.467701, 12.9985355 ], [ 78.4682559, 13.0046181 ], [ 78.4636132, 13.00532 ], [ 78.4645398, 13.0117883 ], [ 78.4634488, 13.0163414 ], [ 78.4648159, 13.0204199 ], [ 78.461414, 13.0256948 ], [ 78.4621959, 13.0432141 ], [ 78.4648018, 13.0446553 ], [ 78.4692557, 13.0428821 ], [ 78.4731219, 13.042922 ], [ 78.4779574, 13.0500892 ], [ 78.4784946, 13.0545368 ], [ 78.4873615, 13.0523567 ], [ 78.4980611, 13.0611999 ], [ 78.5142516, 13.0618554 ], [ 78.5156772, 13.0655103 ], [ 78.5151208, 13.0699659 ], [ 78.5107657, 13.0780333 ], [ 78.5086173, 13.0790239 ], [ 78.5094704, 13.0914951 ], [ 78.5160718, 13.0965516 ], [ 78.5233901, 13.0946936 ], [ 78.5228483, 13.0977228 ], [ 78.5244821, 13.1012011 ], [ 78.5324493, 13.1056626 ], [ 78.538506, 13.1057302 ], [ 78.5374516, 13.1086098 ], [ 78.5268336, 13.1122193 ], [ 78.5252665, 13.1144465 ], [ 78.5226191, 13.1149617 ], [ 78.5230334, 13.1184124 ], [ 78.5185282, 13.1198233 ], [ 78.5189278, 13.1251079 ], [ 78.517045, 13.1315904 ], [ 78.5215081, 13.1318096 ], [ 78.5215643, 13.1301251 ], [ 78.5233383, 13.1304519 ], [ 78.5260813, 13.1340666 ], [ 78.5266683, 13.1389403 ], [ 78.5312554, 13.1413737 ], [ 78.5446454, 13.1420034 ], [ 78.5483581, 13.1485388 ], [ 78.5408709, 13.1534812 ], [ 78.5413969, 13.1557364 ], [ 78.5501135, 13.1641889 ], [ 78.5682049, 13.1617622 ], [ 78.5687307, 13.1656204 ], [ 78.573374, 13.1688953 ], [ 78.5764519, 13.1671402 ], [ 78.5771999, 13.1680963 ], [ 78.5797652, 13.1673616 ], [ 78.5788217, 13.1714232 ], [ 78.5773244, 13.1718169 ], [ 78.5764781, 13.1745472 ], [ 78.5754233, 13.1802797 ], [ 78.5760596, 13.1866918 ], [ 78.5672959, 13.1932648 ], [ 78.5664644, 13.1918246 ], [ 78.5558176, 13.188643 ], [ 78.5497587, 13.189694 ], [ 78.5500603, 13.2001814 ], [ 78.5605286, 13.1987716 ], [ 78.5638434, 13.200884 ], [ 78.5677929, 13.2015176 ], [ 78.5711134, 13.2120175 ], [ 78.5762622, 13.2115109 ], [ 78.5787022, 13.2129922 ], [ 78.5794642, 13.2156277 ], [ 78.5785486, 13.2180184 ], [ 78.5664015, 13.2208549 ], [ 78.5687269, 13.2374015 ], [ 78.5719428, 13.2425915 ], [ 78.5705006, 13.2425912 ], [ 78.5701389, 13.2471012 ], [ 78.5790595, 13.2536595 ], [ 78.5852957, 13.2622026 ], [ 78.5851844, 13.2656916 ], [ 78.587638, 13.271251 ], [ 78.5873642, 13.2806425 ], [ 78.578648, 13.2803517 ], [ 78.5763352, 13.2849882 ], [ 78.5775512, 13.2952839 ], [ 78.571495, 13.303368 ], [ 78.569537, 13.3092248 ], [ 78.5655491, 13.3120033 ], [ 78.5632055, 13.3093859 ], [ 78.5649182, 13.3069142 ], [ 78.5649904, 13.2954618 ], [ 78.5616376, 13.2885145 ], [ 78.5541132, 13.2831703 ], [ 78.5453306, 13.2878904 ], [ 78.5393227, 13.2878703 ], [ 78.5363892, 13.2724125 ], [ 78.5320859, 13.2682846 ], [ 78.5321787, 13.2669378 ], [ 78.526669, 13.2684181 ], [ 78.5265108, 13.2716178 ], [ 78.5219607, 13.2730034 ], [ 78.5216455, 13.2761624 ], [ 78.5197948, 13.2771107 ], [ 78.5199307, 13.2827692 ], [ 78.5133542, 13.285234 ], [ 78.5139427, 13.290577 ], [ 78.5048469, 13.2913674 ], [ 78.4987845, 13.2995608 ], [ 78.4967354, 13.2986129 ], [ 78.4793099, 13.3012903 ], [ 78.4812398, 13.3101803 ], [ 78.4836314, 13.3130402 ], [ 78.4834016, 13.3211711 ], [ 78.4768975, 13.3226377 ], [ 78.4701539, 13.3198336 ], [ 78.4694791, 13.317086 ], [ 78.4666633, 13.315121 ], [ 78.4577193, 13.3138359 ], [ 78.4526326, 13.3100772 ], [ 78.4442057, 13.308111 ], [ 78.4400139, 13.3218085 ], [ 78.4412377, 13.324895 ], [ 78.4403847, 13.3284294 ], [ 78.4279475, 13.3312929 ], [ 78.421758, 13.328266 ], [ 78.418877, 13.3205744 ], [ 78.4011042, 13.3154695 ], [ 78.3992678, 13.3206896 ], [ 78.3921609, 13.3252954 ], [ 78.3871336, 13.3317922 ], [ 78.3771479, 13.331971 ], [ 78.3782509, 13.3371864 ], [ 78.3830278, 13.343586 ], [ 78.3876847, 13.3427995 ], [ 78.3884231, 13.339098 ], [ 78.3848692, 13.334886 ], [ 78.3930151, 13.3337648 ], [ 78.4072905, 13.3375239 ], [ 78.4086834, 13.342883 ], [ 78.4083991, 13.3456859 ], [ 78.4044761, 13.3478782 ], [ 78.4028237, 13.3471462 ], [ 78.4001284, 13.3490537 ], [ 78.3932052, 13.3507399 ], [ 78.3948577, 13.3543283 ], [ 78.3776366, 13.3631462 ], [ 78.3760622, 13.3611459 ], [ 78.370833, 13.3615145 ], [ 78.36967, 13.3582605 ], [ 78.3658112, 13.3586535 ], [ 78.3650771, 13.361799 ], [ 78.3690553, 13.3731882 ], [ 78.3723648, 13.3784625 ], [ 78.3787791, 13.3836452 ], [ 78.3816755, 13.3969832 ], [ 78.3810615, 13.4088196 ], [ 78.3792193, 13.4148259 ], [ 78.3807521, 13.4188663 ], [ 78.3774417, 13.4240275 ], [ 78.3775062, 13.4318777 ], [ 78.3756038, 13.4373778 ], [ 78.3764026, 13.4394523 ], [ 78.3789744, 13.4400714 ], [ 78.3783602, 13.4437186 ], [ 78.3757283, 13.4438858 ], [ 78.3728468, 13.4521382 ], [ 78.374563, 13.4619429 ], [ 78.3723569, 13.4633509 ], [ 78.3708236, 13.4695243 ], [ 78.3787892, 13.4820387 ], [ 78.3780546, 13.500166 ], [ 78.3748456, 13.5027 ], [ 78.3768461, 13.5052422 ], [ 78.3753163, 13.508954 ], [ 78.3855241, 13.5155625 ], [ 78.3841099, 13.524901 ], [ 78.3936353, 13.540625 ], [ 78.3931305, 13.5525603 ], [ 78.4066722, 13.5768552 ], [ 78.4015505, 13.5785031 ], [ 78.4020014, 13.587971 ], [ 78.3961689, 13.588175 ], [ 78.3934604, 13.5906603 ], [ 78.3841967, 13.5918334 ], [ 78.3653106, 13.5895082 ], [ 78.3649302, 13.5880847 ], [ 78.3612435, 13.5889892 ], [ 78.348627, 13.5868672 ], [ 78.346566, 13.5904996 ], [ 78.326171, 13.5948375 ], [ 78.3149586, 13.5914184 ], [ 78.3077348, 13.5922229 ], [ 78.2704751, 13.5881486 ], [ 78.261034, 13.5849554 ], [ 78.2586049, 13.5830058 ], [ 78.2580362, 13.5856939 ], [ 78.2492907, 13.5908786 ], [ 78.2436935, 13.5968413 ], [ 78.2421136, 13.5956519 ], [ 78.2363401, 13.5985818 ], [ 78.2343892, 13.597122 ], [ 78.2350855, 13.5910641 ], [ 78.232579, 13.5859832 ], [ 78.2262197, 13.5874412 ], [ 78.2192254, 13.5924627 ], [ 78.2162112, 13.5906234 ], [ 78.2140796, 13.5832302 ], [ 78.2078425, 13.5769925 ], [ 78.2029217, 13.5687833 ], [ 78.192972, 13.5648465 ], [ 78.1910869, 13.5675477 ], [ 78.1896054, 13.5752121 ], [ 78.1902557, 13.5901363 ], [ 78.199008, 13.5992379 ], [ 78.2033343, 13.6065092 ], [ 78.2037657, 13.618276 ], [ 78.2023224, 13.619427 ], [ 78.2041967, 13.6284215 ], [ 78.1956411, 13.628424 ], [ 78.1891715, 13.6305175 ], [ 78.1750548, 13.630612 ], [ 78.1682238, 13.6328517 ], [ 78.169037, 13.6539617 ], [ 78.1675782, 13.655825 ], [ 78.1560904, 13.6585925 ], [ 78.1465041, 13.6567125 ], [ 78.1339107, 13.6595033 ], [ 78.1305459, 13.6591377 ], [ 78.1255675, 13.6558472 ], [ 78.1142925, 13.6573621 ], [ 78.1100128, 13.6552644 ], [ 78.1084684, 13.6531091 ], [ 78.1022507, 13.6510592 ], [ 78.0989461, 13.6427989 ], [ 78.0871087, 13.6430662 ], [ 78.0868954, 13.6511683 ], [ 78.089743, 13.6590991 ], [ 78.078549, 13.6672727 ], [ 78.0770128, 13.673353 ], [ 78.0657166, 13.6761406 ], [ 78.0673096, 13.6797008 ], [ 78.0712399, 13.6823753 ], [ 78.0735854, 13.6877265 ], [ 78.070889, 13.6884571 ], [ 78.0696093, 13.6908043 ], [ 78.0690761, 13.6978085 ], [ 78.0726775, 13.6984828 ], [ 78.0801369, 13.6966371 ], [ 78.0858844, 13.6921932 ], [ 78.0921033, 13.6925598 ], [ 78.0924184, 13.6911744 ], [ 78.1132201, 13.6927353 ], [ 78.1147102, 13.7034186 ], [ 78.1205046, 13.7150792 ], [ 78.1158543, 13.7225318 ], [ 78.1110121, 13.7258027 ], [ 78.1043286, 13.7365442 ], [ 78.0983249, 13.7377943 ], [ 78.0915234, 13.7422769 ], [ 78.0998813, 13.7584591 ], [ 78.1066451, 13.7617861 ], [ 78.1138022, 13.7634316 ], [ 78.1191928, 13.7725067 ], [ 78.1221564, 13.7813195 ], [ 78.126623, 13.7871134 ], [ 78.1226876, 13.7987777 ], [ 78.1191036, 13.8036223 ], [ 78.113753, 13.807468 ], [ 78.1147882, 13.8119899 ], [ 78.125435, 13.8320827 ], [ 78.122201, 13.8389496 ], [ 78.1236345, 13.8453538 ], [ 78.1165438, 13.8518749 ], [ 78.1168116, 13.8588256 ], [ 78.1147762, 13.8628883 ], [ 78.1018527, 13.8616986 ], [ 78.0940028, 13.8648069 ], [ 78.089937, 13.8646978 ], [ 78.081906, 13.8612409 ], [ 78.0826148, 13.8642898 ], [ 78.0805373, 13.8675387 ], [ 78.0809015, 13.8731518 ], [ 78.0789986, 13.8811551 ], [ 78.063528, 13.887266 ], [ 78.0618274, 13.8884209 ], [ 78.0622456, 13.8908042 ], [ 78.0606493, 13.8919607 ], [ 78.0488653, 13.8960923 ], [ 78.0508335, 13.8759866 ], [ 78.0501087, 13.8718648 ], [ 78.0463953, 13.8661686 ], [ 78.0461928, 13.8621332 ], [ 78.0413027, 13.8602762 ], [ 78.0318496, 13.8642522 ], [ 78.0212296, 13.8638275 ], [ 78.0167192, 13.8649553 ], [ 78.011524, 13.8719386 ], [ 78.0004838, 13.8729283 ], [ 77.9983227, 13.8690805 ], [ 77.9920641, 13.8688168 ], [ 77.9907663, 13.8634033 ], [ 77.9895124, 13.8625994 ], [ 77.9888467, 13.8537736 ], [ 77.9872233, 13.8540726 ], [ 77.9829788, 13.8472729 ], [ 77.978456, 13.83806 ], [ 77.9761028, 13.8294923 ], [ 77.9605401, 13.8294528 ], [ 77.9529824, 13.8273537 ], [ 77.9524194, 13.8290828 ], [ 77.9561409, 13.8312246 ], [ 77.9562505, 13.8359303 ], [ 77.9536798, 13.8385613 ], [ 77.9547957, 13.8422397 ], [ 77.9535257, 13.8483004 ], [ 77.954157, 13.855165 ], [ 77.9490647, 13.8707038 ], [ 77.9481241, 13.8808453 ], [ 77.9490788, 13.886449 ], [ 77.9528021, 13.8899469 ], [ 77.9596035, 13.8920734 ], [ 77.9845878, 13.8974014 ], [ 77.9866172, 13.903003 ], [ 77.9830975, 13.9048664 ], [ 77.9837594, 13.9157576 ], [ 77.98274, 13.9226137 ], [ 77.9802486, 13.9278571 ], [ 77.9875258, 13.9554982 ], [ 77.9793969, 13.9586154 ], [ 77.967431, 13.9601566 ], [ 77.9642178, 13.9555617 ], [ 77.9619501, 13.9549659 ], [ 77.9600015, 13.940514 ], [ 77.9573396, 13.9367232 ], [ 77.9545085, 13.9385409 ], [ 77.946203, 13.9353444 ], [ 77.944285, 13.9300928 ], [ 77.9371335, 13.9186609 ], [ 77.926767, 13.9053268 ], [ 77.9154189, 13.907855 ], [ 77.9053992, 13.9164384 ], [ 77.8996807, 13.916588 ], [ 77.8958178, 13.9203619 ], [ 77.8953509, 13.9256314 ], [ 77.8989094, 13.930643 ], [ 77.8956945, 13.941042 ], [ 77.8686078, 13.9360124 ], [ 77.854847, 13.9381762 ], [ 77.838825, 13.9358882 ], [ 77.8307999, 13.940387 ], [ 77.8265883, 13.9447246 ], [ 77.8148434, 13.9319278 ], [ 77.8134924, 13.9146232 ], [ 77.8170288, 13.9083107 ], [ 77.8161779, 13.9029935 ], [ 77.8199871, 13.8997836 ], [ 77.8268249, 13.8992067 ], [ 77.8305354, 13.8976528 ], [ 77.8319561, 13.8956692 ], [ 77.8355394, 13.8809686 ], [ 77.8281296, 13.8765428 ], [ 77.8273298, 13.8744412 ], [ 77.8370724, 13.869741 ], [ 77.8302319, 13.865584 ], [ 77.8222484, 13.8647417 ], [ 77.820195, 13.8632092 ], [ 77.8148539, 13.8577757 ], [ 77.8120303, 13.8489759 ], [ 77.8080844, 13.8505926 ], [ 77.7930066, 13.8489428 ], [ 77.7822687, 13.8440805 ], [ 77.7822015, 13.8389421 ], [ 77.7842614, 13.834392 ], [ 77.7889893, 13.8297716 ], [ 77.7887565, 13.8231632 ], [ 77.7815346, 13.8182932 ], [ 77.7635083, 13.8172188 ], [ 77.7479286, 13.8103861 ], [ 77.74514, 13.8101298 ], [ 77.7407247, 13.8124231 ], [ 77.7315754, 13.8075733 ], [ 77.7292932, 13.8022099 ], [ 77.7258151, 13.8006566 ], [ 77.7193087, 13.8002749 ], [ 77.7222786, 13.7939395 ], [ 77.7219358, 13.7899971 ], [ 77.7195121, 13.7880909 ], [ 77.7186829, 13.7840961 ], [ 77.7201469, 13.7794453 ], [ 77.7197382, 13.775003 ], [ 77.7222234, 13.7688514 ], [ 77.7199934, 13.7650967 ], [ 77.7201008, 13.7559722 ], [ 77.7183562, 13.7517247 ], [ 77.7171502, 13.741341 ], [ 77.7151446, 13.7437595 ], [ 77.7084561, 13.7410424 ], [ 77.7032945, 13.7697886 ], [ 77.6951849, 13.7706992 ], [ 77.6796198, 13.7621794 ], [ 77.6717182, 13.7604808 ], [ 77.6776068, 13.7666906 ], [ 77.6798738, 13.772335 ], [ 77.6814592, 13.7795963 ], [ 77.6800783, 13.7867777 ], [ 77.6698449, 13.7839143 ], [ 77.6613463, 13.7853797 ], [ 77.6514879, 13.7841288 ], [ 77.6459943, 13.7787649 ], [ 77.6210723, 13.7684385 ], [ 77.6176927, 13.7626763 ], [ 77.6188439, 13.7549621 ], [ 77.6252059, 13.7529828 ], [ 77.6296445, 13.7542031 ], [ 77.6359138, 13.7494822 ], [ 77.641878, 13.7478324 ], [ 77.6417123, 13.742217 ], [ 77.636972, 13.7394132 ], [ 77.633588, 13.7395805 ], [ 77.630583, 13.7359153 ], [ 77.6277168, 13.7346002 ], [ 77.6244298, 13.7352283 ], [ 77.6186321, 13.7456678 ], [ 77.6135549, 13.7519114 ], [ 77.5999723, 13.7507595 ], [ 77.5963758, 13.7483503 ], [ 77.5863662, 13.733499 ], [ 77.5805487, 13.7350835 ], [ 77.5771224, 13.7383096 ], [ 77.5716811, 13.7382044 ], [ 77.564847, 13.7261768 ], [ 77.5609281, 13.7223389 ], [ 77.558903, 13.7235314 ], [ 77.5537536, 13.736541 ], [ 77.5492863, 13.7406386 ], [ 77.5492973, 13.7488683 ], [ 77.5474419, 13.7529007 ], [ 77.5408571, 13.7559489 ], [ 77.5255642, 13.7533035 ], [ 77.5220243, 13.7445475 ], [ 77.5271045, 13.7415207 ], [ 77.536637, 13.7306013 ], [ 77.5343677, 13.7070005 ], [ 77.5283369, 13.6930108 ], [ 77.5247001, 13.691179 ], [ 77.5212562, 13.6921266 ], [ 77.5196319, 13.6962656 ], [ 77.5123699, 13.6972475 ], [ 77.5145108, 13.7050172 ], [ 77.5141686, 13.7132109 ], [ 77.4850399, 13.7147825 ], [ 77.4865208, 13.7040997 ], [ 77.4882694, 13.7041503 ], [ 77.4878861, 13.6997671 ], [ 77.4912169, 13.6951894 ], [ 77.4919487, 13.6897875 ], [ 77.4878287, 13.6891685 ], [ 77.4878801, 13.6866618 ], [ 77.4742435, 13.6861147 ], [ 77.4553341, 13.6822616 ], [ 77.4560894, 13.6907165 ], [ 77.4546631, 13.6910383 ], [ 77.4545923, 13.6956403 ], [ 77.4530016, 13.6960135 ], [ 77.4525012, 13.704051 ], [ 77.4507363, 13.7048325 ], [ 77.4500742, 13.7109001 ], [ 77.4585876, 13.710891 ], [ 77.4616638, 13.7096496 ], [ 77.4649616, 13.7108349 ], [ 77.4649733, 13.7175219 ], [ 77.463358, 13.7229214 ], [ 77.464644, 13.7341301 ], [ 77.4666712, 13.7399654 ], [ 77.4676491, 13.7531685 ], [ 77.4705514, 13.7580207 ], [ 77.4651488, 13.7586816 ], [ 77.4637876, 13.7714952 ], [ 77.4604356, 13.7804637 ], [ 77.4613846, 13.7883938 ], [ 77.4564874, 13.7887189 ], [ 77.4608717, 13.8030049 ], [ 77.4646313, 13.8031844 ], [ 77.4645908, 13.8060768 ], [ 77.4642271, 13.8079225 ], [ 77.45987, 13.8082884 ], [ 77.457465, 13.8072226 ], [ 77.4557819, 13.807675 ], [ 77.4547883, 13.8098536 ], [ 77.4525083, 13.8092035 ], [ 77.4453316, 13.8110223 ], [ 77.4405857, 13.8065675 ], [ 77.4370272, 13.7967027 ], [ 77.4301557, 13.7968579 ], [ 77.4225677, 13.7990919 ], [ 77.4254911, 13.803222 ], [ 77.428275, 13.8034745 ], [ 77.4286503, 13.8068052 ], [ 77.4196655, 13.8095952 ], [ 77.4184542, 13.80626 ], [ 77.4161135, 13.8066809 ], [ 77.4164283, 13.8087552 ], [ 77.423636, 13.8237355 ], [ 77.4273691, 13.8283399 ], [ 77.4274042, 13.8322025 ], [ 77.431318, 13.8366489 ], [ 77.43252, 13.8432165 ], [ 77.429167, 13.8448035 ], [ 77.4268306, 13.8411162 ], [ 77.4196988, 13.8416055 ], [ 77.4155426, 13.8397267 ], [ 77.3993808, 13.8410522 ], [ 77.3881326, 13.8390372 ], [ 77.381898, 13.8393628 ], [ 77.3794005, 13.840836 ], [ 77.3811859, 13.8472851 ], [ 77.3768936, 13.8506881 ], [ 77.373642, 13.8526268 ], [ 77.3624304, 13.854246 ], [ 77.3573195, 13.8512973 ], [ 77.3532823, 13.8455167 ], [ 77.3455496, 13.8410958 ], [ 77.3368421, 13.8327473 ], [ 77.3253817, 13.8332437 ], [ 77.3246862, 13.8398855 ], [ 77.3230691, 13.8399985 ], [ 77.3251428, 13.845381 ], [ 77.3216504, 13.8470162 ], [ 77.3214494, 13.8559192 ], [ 77.3190715, 13.8572157 ], [ 77.3164612, 13.8632664 ], [ 77.311495, 13.8665828 ], [ 77.3099857, 13.8628352 ], [ 77.3035796, 13.8620335 ], [ 77.2963841, 13.8570056 ], [ 77.2949177, 13.8574029 ], [ 77.290157, 13.8482451 ], [ 77.2882842, 13.8474762 ], [ 77.2802718, 13.8510477 ], [ 77.2683447, 13.8478204 ], [ 77.2566946, 13.8465223 ], [ 77.2561507, 13.8516695 ], [ 77.2582436, 13.856208 ], [ 77.2591142, 13.8631365 ], [ 77.2463601, 13.8679136 ], [ 77.2481094, 13.8699781 ], [ 77.2486802, 13.8735212 ], [ 77.2468241, 13.8803146 ], [ 77.2447198, 13.8814454 ], [ 77.2447208, 13.8832712 ], [ 77.2477811, 13.8883223 ], [ 77.2482688, 13.901211 ], [ 77.2451376, 13.9030112 ], [ 77.236467, 13.9010176 ], [ 77.2356219, 13.9041363 ], [ 77.2306483, 13.9033339 ], [ 77.2298891, 13.8916113 ], [ 77.2266608, 13.8821628 ], [ 77.2248338, 13.8829182 ], [ 77.2240144, 13.8812193 ], [ 77.2198505, 13.8677173 ], [ 77.2154054, 13.8679132 ], [ 77.2170303, 13.8837391 ], [ 77.2155509, 13.886171 ], [ 77.2131269, 13.88619 ], [ 77.2101982, 13.8849436 ], [ 77.209909, 13.8780699 ], [ 77.2004308, 13.8630372 ], [ 77.1813891, 13.8698435 ], [ 77.1856786, 13.876165 ], [ 77.1858398, 13.892326 ], [ 77.1908365, 13.9118661 ], [ 77.1880843, 13.9139095 ], [ 77.1847096, 13.9251859 ], [ 77.1699218, 13.9206108 ], [ 77.1619342, 13.9066249 ], [ 77.1620454, 13.8990559 ], [ 77.1640666, 13.8947124 ], [ 77.1687567, 13.8895732 ], [ 77.1687553, 13.8805161 ], [ 77.171358, 13.8711107 ], [ 77.1685799, 13.8644906 ], [ 77.1476373, 13.8684757 ], [ 77.136039, 13.856517 ], [ 77.128199, 13.8564584 ], [ 77.1321674, 13.846204 ], [ 77.1451965, 13.8461945 ], [ 77.1560146, 13.8443542 ], [ 77.1558987, 13.8421081 ], [ 77.1545065, 13.8414485 ], [ 77.1536778, 13.8341363 ], [ 77.1654851, 13.8331135 ], [ 77.168685, 13.8296195 ], [ 77.1677216, 13.8212093 ], [ 77.1626524, 13.8168444 ], [ 77.1595215, 13.8168583 ], [ 77.1627858, 13.8123747 ], [ 77.1625772, 13.8086599 ], [ 77.1575178, 13.8060303 ], [ 77.1621003, 13.8047553 ], [ 77.1628532, 13.7984552 ], [ 77.1651555, 13.7944689 ], [ 77.1755841, 13.7836082 ], [ 77.1785075, 13.7826847 ], [ 77.1730522, 13.7620098 ], [ 77.1578502, 13.763987 ], [ 77.1511139, 13.7662066 ], [ 77.1408726, 13.7650368 ], [ 77.1398275, 13.7611005 ], [ 77.1368406, 13.7582986 ], [ 77.1223276, 13.761295 ], [ 77.1178244, 13.7645122 ], [ 77.1059597, 13.7677612 ], [ 77.1018493, 13.7682082 ], [ 77.0957232, 13.7665081 ], [ 77.090443, 13.7671401 ], [ 77.0902218, 13.7623586 ], [ 77.0854689, 13.7623352 ], [ 77.0838332, 13.756636 ], [ 77.0839648, 13.7457708 ], [ 77.0856344, 13.7424359 ], [ 77.0754828, 13.7429183 ], [ 77.069781, 13.7452165 ], [ 77.0647004, 13.7438323 ], [ 77.0599139, 13.7493265 ], [ 77.0599175, 13.7528071 ], [ 77.0574948, 13.7529645 ], [ 77.058973, 13.7571634 ], [ 77.0580381, 13.7602996 ], [ 77.0518368, 13.7641798 ], [ 77.0485606, 13.770185 ], [ 77.0440554, 13.7708627 ], [ 77.0433707, 13.7777937 ], [ 77.0244725, 13.7792236 ], [ 77.0238765, 13.7679024 ], [ 77.0173535, 13.7560996 ], [ 77.0186839, 13.7486742 ], [ 77.0165771, 13.7458622 ], [ 77.016502, 13.7385092 ], [ 76.9985033, 13.7455735 ], [ 76.9968842, 13.747728 ], [ 76.9983893, 13.7550504 ], [ 76.9945035, 13.7599919 ], [ 76.9929044, 13.7707531 ], [ 76.9852011, 13.7907951 ], [ 76.9891888, 13.7946257 ], [ 76.9916897, 13.8026689 ], [ 76.9913953, 13.8059365 ], [ 76.9896893, 13.8129473 ], [ 76.9764095, 13.8173277 ], [ 76.9780212, 13.8268666 ], [ 76.982892, 13.8288983 ], [ 76.988898, 13.8352588 ], [ 76.9903745, 13.8376127 ], [ 76.9922308, 13.8490075 ], [ 76.996795, 13.8489486 ], [ 77.0065401, 13.8520575 ], [ 77.0140194, 13.8601654 ], [ 77.0131862, 13.8715162 ], [ 77.0184729, 13.8725355 ], [ 77.0162514, 13.8844067 ], [ 77.0203157, 13.8884306 ], [ 77.0206285, 13.8923536 ], [ 77.0232452, 13.8959295 ], [ 77.0230746, 13.9022125 ], [ 77.0322207, 13.9051797 ], [ 77.0472928, 13.9065997 ], [ 77.0442179, 13.9147559 ], [ 77.0416571, 13.9334332 ], [ 77.0370426, 13.936952 ], [ 77.0243727, 13.9399521 ], [ 77.0141647, 13.9548784 ], [ 77.0062722, 13.9564571 ], [ 76.9937659, 13.9625641 ], [ 76.9961793, 13.9767624 ], [ 77.0003301, 13.9894175 ], [ 76.9963714, 13.9905052 ], [ 76.9819743, 14.0016321 ], [ 76.9653857, 14.011495 ], [ 76.9558607, 14.0127591 ], [ 76.9499416, 14.0150928 ], [ 76.9437787, 14.0233015 ], [ 76.9434657, 14.0297415 ], [ 76.940156, 14.0295028 ], [ 76.9350235, 14.0328031 ], [ 76.9311346, 14.0302009 ], [ 76.9343968, 14.0446436 ], [ 76.9323847, 14.0539248 ], [ 76.9503125, 14.0535627 ], [ 76.9586005, 14.0570445 ], [ 76.9717395, 14.058016 ], [ 76.9764555, 14.0652768 ], [ 76.9775701, 14.0712888 ], [ 76.9752564, 14.0740012 ], [ 76.9749676, 14.0809067 ], [ 76.9734455, 14.0835194 ], [ 76.9594104, 14.0916319 ], [ 76.9484003, 14.0920511 ], [ 76.9535283, 14.0996553 ], [ 76.9510302, 14.1071083 ], [ 76.9468415, 14.1129799 ], [ 76.94569, 14.1182135 ], [ 76.9442598, 14.1207446 ], [ 76.9367775, 14.1242263 ], [ 76.9358665, 14.1288452 ], [ 76.9311204, 14.1310246 ], [ 76.9249679, 14.1370897 ], [ 76.9175701, 14.1288398 ], [ 76.912842, 14.1288134 ], [ 76.9047989, 14.1336409 ], [ 76.8895169, 14.1356214 ], [ 76.885914, 14.1382382 ], [ 76.8905175, 14.1428249 ], [ 76.8945344, 14.1678113 ], [ 76.8983739, 14.1675535 ], [ 76.8996617, 14.1692299 ], [ 76.9005416, 14.1675713 ], [ 76.9096612, 14.1679635 ], [ 76.9197483, 14.1644597 ], [ 76.9219214, 14.1694213 ], [ 76.9421776, 14.1733119 ], [ 76.9420814, 14.1806742 ], [ 76.9445417, 14.1861065 ], [ 76.942478, 14.1910907 ], [ 76.9427062, 14.195402 ], [ 76.9475662, 14.1981754 ], [ 76.9511405, 14.192661 ], [ 76.9573552, 14.1881128 ], [ 76.9597624, 14.1839498 ], [ 76.9590255, 14.1826169 ], [ 76.9606047, 14.1817713 ], [ 76.9706468, 14.1824094 ], [ 76.983772, 14.1788158 ], [ 76.9964362, 14.1802741 ], [ 77.0054604, 14.1839685 ], [ 77.0233292, 14.1766877 ], [ 77.026035, 14.1747863 ], [ 77.0204066, 14.1571635 ], [ 77.0218309, 14.151949 ], [ 77.020716, 14.1492144 ], [ 77.0201044, 14.1309033 ], [ 77.0258561, 14.1299378 ], [ 77.0262196, 14.1250166 ], [ 77.0218119, 14.1232477 ], [ 77.024058, 14.1126059 ], [ 77.016357, 14.1042374 ], [ 77.0146737, 14.1000021 ], [ 77.0191158, 14.0963888 ], [ 77.0184221, 14.0946306 ], [ 77.0298011, 14.088173 ], [ 77.0288844, 14.0778101 ], [ 77.0254411, 14.0657272 ], [ 77.0276836, 14.0617464 ], [ 77.0315203, 14.0564608 ], [ 77.0347596, 14.0556981 ], [ 77.0457074, 14.0566891 ], [ 77.0674157, 14.0520183 ], [ 77.0761231, 14.0532722 ], [ 77.0753152, 14.0434834 ], [ 77.0789216, 14.042639 ], [ 77.0951187, 14.042443 ], [ 77.1023722, 14.0452413 ], [ 77.1274019, 14.0470143 ], [ 77.1318366, 14.0439187 ], [ 77.1363957, 14.0229042 ], [ 77.1403622, 14.0179554 ], [ 77.141732, 14.0131966 ], [ 77.1410743, 14.0038554 ], [ 77.1492227, 14.0011629 ], [ 77.1573794, 14.0009469 ], [ 77.1587218, 14.0020371 ], [ 77.1596473, 14.0010687 ], [ 77.1728325, 14.0010836 ], [ 77.1709468, 14.0120003 ], [ 77.1740019, 14.0129849 ], [ 77.1840409, 14.0122552 ], [ 77.2046686, 14.0082502 ], [ 77.2099738, 14.0110368 ], [ 77.2157223, 14.0108767 ], [ 77.2198195, 14.0135732 ], [ 77.2453541, 14.0119444 ], [ 77.2481665, 14.0175694 ], [ 77.2567874, 14.0223827 ], [ 77.2605902, 14.0288563 ], [ 77.263121, 14.0287263 ], [ 77.2703578, 14.0344826 ], [ 77.2767317, 14.0346481 ], [ 77.2768624, 14.0319682 ], [ 77.2787601, 14.032412 ], [ 77.2793091, 14.026022 ], [ 77.2749975, 14.0112837 ], [ 77.2818797, 14.0129136 ], [ 77.2920878, 14.0200129 ], [ 77.2954714, 14.0204118 ], [ 77.2959384, 14.0219261 ], [ 77.2982713, 14.0216059 ], [ 77.2985006, 14.0236113 ], [ 77.3011811, 14.0252139 ], [ 77.301417, 14.0274099 ], [ 77.3065754, 14.0320031 ], [ 77.3108058, 14.032527 ], [ 77.3222305, 14.0299946 ], [ 77.3215209, 14.0263761 ], [ 77.3226836, 14.0230093 ], [ 77.3368557, 14.0044689 ], [ 77.335584, 13.9980719 ], [ 77.3362204, 13.9953677 ], [ 77.3481735, 13.9944683 ], [ 77.361091, 13.9908121 ], [ 77.3593386, 13.9838343 ], [ 77.3559515, 13.9790797 ], [ 77.352125, 13.9687516 ], [ 77.3538531, 13.9627947 ], [ 77.3494879, 13.9581402 ], [ 77.3712865, 13.9527514 ], [ 77.3674531, 13.9496828 ], [ 77.3641867, 13.942863 ], [ 77.3552068, 13.9307597 ], [ 77.3478388, 13.9159637 ], [ 77.3501565, 13.9134097 ], [ 77.3528349, 13.9135 ], [ 77.3544452, 13.9041107 ], [ 77.357633, 13.9033744 ], [ 77.3684913, 13.9029503 ], [ 77.3871685, 13.906247 ], [ 77.3978762, 13.9061832 ], [ 77.3999415, 13.8964642 ], [ 77.3987427, 13.8881259 ], [ 77.4054646, 13.8894495 ], [ 77.4105682, 13.896314 ], [ 77.4205061, 13.8993314 ], [ 77.4228292, 13.9028246 ], [ 77.4284095, 13.9059284 ], [ 77.4283512, 13.9090823 ], [ 77.4322736, 13.9105374 ], [ 77.4350414, 13.9150066 ], [ 77.4349016, 13.9196687 ], [ 77.4158785, 13.9241969 ], [ 77.4148848, 13.9366288 ], [ 77.4120858, 13.9455588 ], [ 77.4307175, 13.9450844 ], [ 77.4353639, 13.9475148 ], [ 77.437584, 13.9555078 ], [ 77.4353086, 13.9576621 ], [ 77.4347503, 13.9643824 ], [ 77.4378814, 13.9755216 ], [ 77.4340183, 13.9801638 ], [ 77.4276595, 13.9796771 ], [ 77.4258385, 13.986107 ], [ 77.409519, 13.9839371 ], [ 77.3956908, 13.9837306 ], [ 77.3816432, 13.9762337 ], [ 77.379674, 13.989842 ], [ 77.3876486, 14.00571 ], [ 77.3901578, 14.0166962 ], [ 77.3849136, 14.0160275 ], [ 77.3323026, 14.0306882 ], [ 77.3350873, 14.0454017 ], [ 77.3405049, 14.0601912 ], [ 77.3459307, 14.0596723 ], [ 77.3547726, 14.0623803 ], [ 77.3605449, 14.0625598 ], [ 77.3636606, 14.0730058 ], [ 77.3736097, 14.0770057 ], [ 77.375619, 14.0793512 ], [ 77.3779525, 14.0840422 ], [ 77.3812677, 14.0978394 ], [ 77.3861803, 14.0975591 ], [ 77.3888104, 14.0994797 ], [ 77.3976094, 14.1095526 ], [ 77.4009204, 14.1187126 ], [ 77.4010285, 14.1201849 ], [ 77.397244, 14.1231779 ], [ 77.3973647, 14.1254375 ], [ 77.3906131, 14.1266401 ], [ 77.3821017, 14.1234995 ], [ 77.3756604, 14.1186774 ], [ 77.3719652, 14.1187 ], [ 77.3616808, 14.1153327 ], [ 77.3535501, 14.109692 ], [ 77.3497817, 14.1031251 ], [ 77.3474666, 14.1036356 ], [ 77.3514838, 14.1203662 ], [ 77.3517148, 14.1311044 ], [ 77.3578548, 14.1303226 ], [ 77.3789436, 14.1358415 ], [ 77.3833479, 14.1441251 ], [ 77.3850664, 14.1532629 ], [ 77.3880443, 14.1536333 ], [ 77.3892488, 14.1596484 ], [ 77.3948761, 14.1607688 ], [ 77.3947378, 14.1687 ], [ 77.3916209, 14.1728217 ], [ 77.3937192, 14.1742452 ], [ 77.4078505, 14.1735162 ], [ 77.4203567, 14.176949 ], [ 77.4227669, 14.1764362 ], [ 77.422604, 14.1729789 ], [ 77.4301951, 14.1704647 ], [ 77.4457538, 14.1717036 ], [ 77.4567843, 14.1696302 ], [ 77.4670002, 14.1716425 ], [ 77.4669099, 14.166034 ], [ 77.4680861, 14.1648856 ], [ 77.4807986, 14.1647361 ], [ 77.4881306, 14.1616731 ], [ 77.4900577, 14.1623592 ], [ 77.4995753, 14.1598016 ], [ 77.503506, 14.1571179 ], [ 77.5106486, 14.1730471 ], [ 77.5143383, 14.1766461 ], [ 77.5134345, 14.1778478 ], [ 77.5151967, 14.1829372 ], [ 77.517031, 14.1828116 ], [ 77.5170294, 14.1860428 ], [ 77.5046483, 14.1939768 ], [ 77.5013303, 14.2047668 ], [ 77.503282, 14.2105388 ], [ 77.4972247, 14.2183821 ], [ 77.4944852, 14.2242403 ], [ 77.4959207, 14.2319945 ], [ 77.4941974, 14.2322981 ], [ 77.4927884, 14.2310064 ], [ 77.493418, 14.23283 ], [ 77.4923733, 14.2348433 ], [ 77.4965209, 14.236911 ], [ 77.5034108, 14.259771 ], [ 77.5022052, 14.2614018 ], [ 77.5038627, 14.2637481 ], [ 77.4982815, 14.2788483 ], [ 77.4927529, 14.2781505 ], [ 77.4907619, 14.2813013 ], [ 77.4871245, 14.2817232 ], [ 77.4831155, 14.2907136 ], [ 77.4789269, 14.2921615 ], [ 77.4660591, 14.2830921 ], [ 77.4596495, 14.2805049 ], [ 77.4502798, 14.2807068 ], [ 77.450628, 14.2827899 ], [ 77.4481244, 14.2826205 ], [ 77.445182, 14.2952283 ], [ 77.4466867, 14.3065979 ], [ 77.4462218, 14.3174665 ], [ 77.4380552, 14.3163797 ], [ 77.4312601, 14.3129603 ], [ 77.4283009, 14.3241548 ], [ 77.42927, 14.3264638 ], [ 77.4283992, 14.3286422 ], [ 77.4230829, 14.3281778 ], [ 77.4121318, 14.3365129 ], [ 77.4064447, 14.3377473 ], [ 77.394171, 14.336587 ], [ 77.3890862, 14.3331257 ], [ 77.3855543, 14.3279016 ], [ 77.3790377, 14.3227183 ], [ 77.3770311, 14.3076018 ], [ 77.377819, 14.3013925 ], [ 77.3824024, 14.2990109 ], [ 77.3851365, 14.2926795 ], [ 77.3866377, 14.2816708 ], [ 77.3887739, 14.2808438 ], [ 77.3892835, 14.277373 ], [ 77.3870824, 14.2730754 ], [ 77.3873649, 14.2708655 ], [ 77.3957841, 14.2661155 ], [ 77.405385, 14.2666885 ], [ 77.4069365, 14.2596882 ], [ 77.4088315, 14.2598507 ], [ 77.4096698, 14.2319174 ], [ 77.4114767, 14.2323826 ], [ 77.4121246, 14.2276871 ], [ 77.417693, 14.2258425 ], [ 77.4172382, 14.2218521 ], [ 77.4184178, 14.2120905 ], [ 77.4193905, 14.2116248 ], [ 77.4182783, 14.2090672 ], [ 77.4140915, 14.2047732 ], [ 77.4102682, 14.2057106 ], [ 77.400767, 14.2032126 ], [ 77.3925953, 14.1988431 ], [ 77.3870921, 14.2000303 ], [ 77.3866709, 14.2035207 ], [ 77.3832245, 14.2074435 ], [ 77.3842024, 14.2209514 ], [ 77.3791713, 14.2264829 ], [ 77.3663706, 14.2328501 ], [ 77.359486, 14.2340065 ], [ 77.3601244, 14.2453135 ], [ 77.3638269, 14.2546912 ], [ 77.3618611, 14.2687547 ], [ 77.3637746, 14.2758338 ], [ 77.339062, 14.2768955 ], [ 77.3301551, 14.2798629 ], [ 77.3142607, 14.2805053 ], [ 77.3053366, 14.2834326 ], [ 77.3019293, 14.2821602 ], [ 77.3016926, 14.2832537 ], [ 77.2893346, 14.2813017 ], [ 77.2835369, 14.2827365 ], [ 77.2828911, 14.2860668 ], [ 77.2879521, 14.2987571 ], [ 77.2888335, 14.3054744 ], [ 77.2884974, 14.3271439 ], [ 77.2874427, 14.3271663 ], [ 77.2865667, 14.340099 ], [ 77.2848378, 14.3400983 ], [ 77.2838841, 14.3375265 ], [ 77.2771215, 14.3375373 ], [ 77.2693095, 14.3321109 ], [ 77.263571, 14.3327996 ], [ 77.2585848, 14.3309171 ], [ 77.2576766, 14.3301527 ], [ 77.2582768, 14.3274822 ], [ 77.2533552, 14.325261 ], [ 77.2538697, 14.3222326 ], [ 77.2473358, 14.3178076 ], [ 77.2382007, 14.31736 ], [ 77.2339521, 14.3180293 ], [ 77.2286689, 14.3211964 ], [ 77.213466, 14.3187846 ], [ 77.1974215, 14.3211758 ], [ 77.1840437, 14.3324726 ], [ 77.1810444, 14.3303764 ], [ 77.1810216, 14.3319084 ], [ 77.1779454, 14.3342208 ], [ 77.1786771, 14.3354835 ], [ 77.1693189, 14.3354401 ], [ 77.1667522, 14.3421243 ], [ 77.1578898, 14.3420306 ], [ 77.1526564, 14.3391435 ], [ 77.1457826, 14.3405224 ], [ 77.1389041, 14.3399714 ], [ 77.1356968, 14.3365111 ], [ 77.1369987, 14.3317603 ], [ 77.1363264, 14.3230248 ], [ 77.1322569, 14.3106561 ], [ 77.1258846, 14.3004202 ], [ 77.1156432, 14.2924797 ], [ 77.1155192, 14.274236 ], [ 77.1101908, 14.2682749 ], [ 77.1116877, 14.2653646 ], [ 77.1111922, 14.2615776 ], [ 77.1204824, 14.2629293 ], [ 77.1185597, 14.2568239 ], [ 77.1153304, 14.254528 ], [ 77.1183194, 14.2448146 ], [ 77.1156464, 14.2375793 ], [ 77.1166663, 14.2263809 ], [ 77.1148597, 14.2231405 ], [ 77.1008047, 14.2171378 ], [ 77.0811724, 14.2141521 ], [ 77.0758938, 14.2233565 ], [ 77.0677573, 14.2284025 ], [ 77.0618038, 14.2294583 ], [ 77.0600703, 14.2322823 ], [ 77.0602822, 14.236196 ], [ 77.0569403, 14.240669 ], [ 77.057727, 14.2438009 ], [ 77.0524631, 14.245503 ], [ 77.0360518, 14.2467445 ], [ 77.0361422, 14.2448694 ], [ 77.0305395, 14.2441889 ], [ 77.0303591, 14.242266 ], [ 77.0084843, 14.2379966 ], [ 77.0056639, 14.2357853 ], [ 76.9989354, 14.2408663 ], [ 76.9919366, 14.2414069 ], [ 76.9855966, 14.2473345 ], [ 76.9762045, 14.2461274 ], [ 76.9698327, 14.2433686 ], [ 76.9598303, 14.244963 ], [ 76.9519391, 14.2419015 ], [ 76.9464628, 14.2421833 ], [ 76.9400559, 14.2446074 ], [ 76.935797, 14.2593652 ], [ 76.9248974, 14.2737836 ], [ 76.9281839, 14.2793009 ], [ 76.9371137, 14.2803382 ], [ 76.9387733, 14.2830132 ], [ 76.9473841, 14.2861652 ], [ 76.9567245, 14.2943465 ], [ 76.9456497, 14.3131811 ], [ 76.9271688, 14.3145297 ], [ 76.9078684, 14.3229547 ], [ 76.9033746, 14.3227042 ], [ 76.8922842, 14.3412628 ], [ 76.8882193, 14.3458227 ], [ 76.8846415, 14.347542 ], [ 76.8820066, 14.3597102 ], [ 76.8837454, 14.364656 ], [ 76.8848179, 14.3957087 ], [ 76.8986347, 14.39795 ], [ 76.9046023, 14.4039192 ], [ 76.9158728, 14.4206414 ], [ 76.9314228, 14.4105197 ], [ 76.9427346, 14.3993691 ], [ 76.9467646, 14.4061457 ], [ 76.9477935, 14.4131566 ], [ 76.9447908, 14.4508963 ], [ 76.9459645, 14.45255 ], [ 76.9503701, 14.4523679 ], [ 76.9568021, 14.4519817 ], [ 76.9598, 14.4502134 ], [ 76.9683301, 14.4617885 ], [ 76.9684009, 14.4651056 ], [ 76.9716671, 14.4681365 ], [ 76.9754372, 14.4778646 ], [ 76.9748362, 14.4849364 ], [ 76.9500004, 14.4867576 ], [ 76.948747, 14.4891431 ], [ 76.9433912, 14.4894814 ], [ 76.9209062, 14.4905205 ], [ 76.9006881, 14.4892081 ], [ 76.8892547, 14.4831669 ], [ 76.8865088, 14.4835285 ], [ 76.8838651, 14.4792717 ], [ 76.8842746, 14.4770757 ], [ 76.8679616, 14.4740384 ], [ 76.8650951, 14.4782274 ], [ 76.8624644, 14.492756 ], [ 76.8613463, 14.495865 ], [ 76.8591986, 14.4974601 ], [ 76.8556025, 14.5095914 ], [ 76.8492333, 14.5125823 ], [ 76.8418984, 14.5193734 ], [ 76.8354918, 14.5212975 ], [ 76.8328228, 14.5291104 ], [ 76.8310086, 14.5303618 ], [ 76.8234618, 14.5268217 ], [ 76.8194112, 14.5299388 ], [ 76.8149715, 14.5301862 ], [ 76.8125448, 14.531731 ], [ 76.8062822, 14.5310649 ], [ 76.8051946, 14.5374635 ], [ 76.8028176, 14.5421987 ], [ 76.7978649, 14.5491653 ], [ 76.7913629, 14.5546536 ], [ 76.7833671, 14.5804361 ], [ 76.7818427, 14.596496 ], [ 76.7803251, 14.5970422 ], [ 76.780234, 14.5930564 ], [ 76.7690375, 14.6008783 ], [ 76.7650684, 14.6023384 ], [ 76.7669219, 14.618271 ], [ 76.7725274, 14.6391107 ], [ 76.7752709, 14.68096 ], [ 76.7862194, 14.6957803 ], [ 76.7865085, 14.7084298 ], [ 76.8029437, 14.7418842 ], [ 76.7941487, 14.7512661 ], [ 76.7895295, 14.760058 ], [ 76.7889846, 14.7722796 ], [ 76.7826869, 14.785938 ], [ 76.7839635, 14.7869689 ], [ 76.7884631, 14.7858151 ], [ 76.7886361, 14.7869718 ], [ 76.7938263, 14.7853969 ], [ 76.8029595, 14.7856015 ], [ 76.8176623, 14.7876021 ], [ 76.8203362, 14.7888802 ], [ 76.8190753, 14.7931172 ], [ 76.8323928, 14.7929101 ], [ 76.8325733, 14.7903887 ], [ 76.8367484, 14.7907748 ], [ 76.8373681, 14.8105641 ], [ 76.8514577, 14.8086035 ], [ 76.8539773, 14.8094442 ], [ 76.8545635, 14.8180924 ], [ 76.8460102, 14.8220607 ], [ 76.8453633, 14.8254804 ], [ 76.8467128, 14.8282645 ], [ 76.845497, 14.8340513 ], [ 76.841789, 14.8365524 ], [ 76.854064, 14.8432275 ], [ 76.8554134, 14.8487781 ], [ 76.8548902, 14.8589162 ], [ 76.8571935, 14.8691069 ], [ 76.8538809, 14.8691766 ], [ 76.8544927, 14.8723635 ], [ 76.8531605, 14.8720481 ], [ 76.8528361, 14.8752699 ], [ 76.8533565, 14.8832132 ], [ 76.8514488, 14.8833504 ], [ 76.8524746, 14.886975 ], [ 76.8455248, 14.8871841 ], [ 76.8454795, 14.889294 ], [ 76.847333, 14.895983 ], [ 76.8638437, 14.8955819 ], [ 76.8696215, 14.9377101 ], [ 76.8660907, 14.9575306 ], [ 76.8674588, 14.9698223 ], [ 76.8419375, 14.9664053 ], [ 76.8352747, 14.9600306 ], [ 76.8341147, 14.9564554 ], [ 76.8285035, 14.9564573 ], [ 76.8182792, 14.9694381 ], [ 76.7962696, 14.9691685 ], [ 76.777607, 14.9754469 ], [ 76.7665387, 14.9756168 ], [ 76.7605691, 14.9898576 ], [ 76.7678552, 14.9900977 ], [ 76.7695655, 14.9917619 ], [ 76.7723761, 14.9908353 ], [ 76.7750249, 14.9930627 ], [ 76.7787373, 15.0045642 ], [ 76.7836327, 15.0047833 ], [ 76.7871183, 15.0079298 ], [ 76.7901302, 15.0207147 ], [ 76.7857196, 15.0276765 ], [ 76.7857481, 15.0371524 ], [ 76.7835893, 15.0399848 ], [ 76.7834004, 15.0426153 ], [ 76.7803471, 15.0426856 ], [ 76.7766307, 15.0546769 ], [ 76.773606, 15.059122 ], [ 76.7752411, 15.0722544 ], [ 76.77989, 15.0760388 ], [ 76.7766938, 15.0784006 ], [ 76.7778698, 15.0798698 ], [ 76.7821453, 15.077329 ], [ 76.7852965, 15.0823057 ], [ 76.7860243, 15.0878146 ], [ 76.7898571, 15.0868176 ], [ 76.7923498, 15.0875685 ], [ 76.7939155, 15.0918486 ], [ 76.800235, 15.0958321 ], [ 76.8116149, 15.0863821 ], [ 76.8237652, 15.0800136 ], [ 76.8360159, 15.0792345 ], [ 76.8545932, 15.0651245 ], [ 76.8613982, 15.0619864 ], [ 76.8608719, 15.0598059 ], [ 76.8641087, 15.0580259 ], [ 76.8658851, 15.0596846 ], [ 76.8651878, 15.0552243 ], [ 76.8691731, 15.0534161 ], [ 76.8731264, 15.0431364 ], [ 76.8778416, 15.0354586 ], [ 76.8771703, 15.0302405 ], [ 76.8949768, 15.0370713 ], [ 76.9072196, 15.0325195 ], [ 76.9183659, 15.035523 ], [ 76.9222245, 15.0312835 ], [ 76.935862, 15.0294096 ], [ 76.9437486, 15.0308762 ], [ 76.9496026, 15.0303729 ], [ 76.9659185, 15.0180393 ], [ 76.9852222, 15.0151888 ], [ 76.986033, 15.0264863 ], [ 77.0030337, 15.0309131 ], [ 77.0040782, 15.0338329 ], [ 77.0359488, 15.0312769 ], [ 77.0403234, 15.0331043 ], [ 77.0495625, 15.0330761 ], [ 77.0504305, 15.0244725 ], [ 77.0441175, 15.0098427 ], [ 77.0481025, 15.008014 ], [ 77.0690202, 15.0047624 ], [ 77.0824513, 15.0060806 ], [ 77.0847476, 15.0307087 ], [ 77.0908529, 15.0293315 ], [ 77.0936556, 15.0361374 ], [ 77.1129292, 15.0340564 ], [ 77.1152719, 15.0463975 ], [ 77.1195035, 15.0456928 ], [ 77.1208145, 15.0539985 ], [ 77.1282129, 15.0723134 ], [ 77.1301199, 15.1007685 ], [ 77.1369572, 15.1023364 ], [ 77.1369386, 15.1042479 ], [ 77.142083, 15.1045684 ], [ 77.1501676, 15.1116081 ], [ 77.1563276, 15.1229316 ], [ 77.1572789, 15.140469 ], [ 77.1532689, 15.1409846 ], [ 77.1531431, 15.1393714 ], [ 77.1497471, 15.1397648 ], [ 77.149003, 15.1414188 ], [ 77.1377869, 15.1435344 ], [ 77.1371403, 15.1477956 ], [ 77.1347211, 15.1482928 ], [ 77.1354051, 15.1497478 ], [ 77.1393923, 15.1546325 ], [ 77.1407558, 15.1585863 ], [ 77.1628316, 15.1573595 ], [ 77.1648665, 15.1682043 ], [ 77.1672544, 15.1681585 ], [ 77.1674214, 15.171245 ], [ 77.1691336, 15.1713486 ], [ 77.1661868, 15.1883398 ], [ 77.1619451, 15.2011105 ], [ 77.1593112, 15.200998 ], [ 77.1548178, 15.2148214 ], [ 77.1516579, 15.2146998 ], [ 77.1519736, 15.2175716 ], [ 77.1471862, 15.2208051 ], [ 77.1476565, 15.2239094 ], [ 77.1453995, 15.2251025 ], [ 77.1441614, 15.2239684 ], [ 77.1357844, 15.226165 ], [ 77.135561, 15.2253787 ], [ 77.1251204, 15.2269393 ], [ 77.1263869, 15.2404387 ], [ 77.1325129, 15.2396942 ], [ 77.1328294, 15.2416916 ], [ 77.1362178, 15.2409594 ], [ 77.1402767, 15.2474843 ], [ 77.1405415, 15.251718 ], [ 77.1430427, 15.2518444 ], [ 77.1437775, 15.2572136 ], [ 77.1558725, 15.2569369 ], [ 77.1616313, 15.2591211 ], [ 77.1676717, 15.2584956 ], [ 77.166931, 15.2685842 ], [ 77.1592602, 15.2678416 ], [ 77.1591542, 15.2692301 ], [ 77.1529546, 15.2729602 ], [ 77.1528533, 15.2740625 ], [ 77.1471355, 15.2729214 ], [ 77.1471004, 15.2749452 ], [ 77.1519442, 15.2756841 ], [ 77.1515776, 15.292435 ], [ 77.1332651, 15.2927982 ], [ 77.1197186, 15.2957359 ], [ 77.1196108, 15.2945424 ], [ 77.1183752, 15.2948506 ], [ 77.1184898, 15.3134427 ], [ 77.1168986, 15.313415 ], [ 77.1169862, 15.3257469 ], [ 77.1125876, 15.3274315 ], [ 77.113101, 15.3336782 ], [ 77.1014476, 15.3336771 ], [ 77.0743891, 15.3258881 ], [ 77.0637273, 15.3280183 ], [ 77.0660115, 15.3377351 ], [ 77.0648964, 15.3435521 ], [ 77.0590338, 15.3489572 ], [ 77.0447433, 15.3556906 ], [ 77.0418289, 15.3619222 ], [ 77.041346, 15.370989 ], [ 77.0474224, 15.3834014 ], [ 77.0472484, 15.3900219 ], [ 77.0454557, 15.3929229 ], [ 77.0396255, 15.3970239 ], [ 77.0329428, 15.3997081 ], [ 77.0292286, 15.4043603 ], [ 77.02897, 15.4076843 ], [ 77.033902, 15.4192689 ], [ 77.0348406, 15.4302862 ], [ 77.033528, 15.4328892 ], [ 77.0275044, 15.4397406 ], [ 77.0107707, 15.4487421 ], [ 77.0086273, 15.4512617 ], [ 76.9973015, 15.4780065 ], [ 76.9912142, 15.4828988 ], [ 76.9770987, 15.4897648 ], [ 76.9738366, 15.4995265 ], [ 76.9745308, 15.5105065 ], [ 76.9923259, 15.5057935 ], [ 77.0094588, 15.5046125 ], [ 77.0147918, 15.5018272 ], [ 77.0227932, 15.5022379 ], [ 77.0288368, 15.5004573 ], [ 77.0300398, 15.5026479 ], [ 77.0313562, 15.5070947 ], [ 77.0313152, 15.5440753 ], [ 77.026239, 15.5817359 ], [ 77.0329132, 15.6049827 ], [ 77.0318032, 15.605529 ], [ 77.0327861, 15.607608 ], [ 77.0312968, 15.6115927 ], [ 77.0327192, 15.6206261 ], [ 77.0311104, 15.6209869 ], [ 77.0314619, 15.6268341 ], [ 77.0300677, 15.6268334 ], [ 77.0304324, 15.6344927 ], [ 77.0340406, 15.6345648 ], [ 77.034325, 15.6367988 ], [ 77.0459867, 15.6386381 ], [ 77.0717251, 15.6466532 ], [ 77.0831894, 15.6591454 ], [ 77.0869839, 15.6576317 ], [ 77.0909508, 15.6533947 ], [ 77.1013605, 15.6485026 ], [ 77.1033991, 15.6428364 ], [ 77.1046675, 15.6430264 ], [ 77.1074658, 15.6400308 ], [ 77.106249, 15.6374416 ], [ 77.1083241, 15.6378349 ], [ 77.1156363, 15.6325125 ], [ 77.1214232, 15.6310849 ], [ 77.1288837, 15.6658647 ], [ 77.120139, 15.6676087 ], [ 77.1213723, 15.6710891 ], [ 77.1133944, 15.6756876 ], [ 77.1141965, 15.6779832 ], [ 77.1092854, 15.679882 ], [ 77.1092288, 15.6814621 ], [ 77.0950254, 15.6883602 ], [ 77.0937936, 15.6903844 ], [ 77.0786939, 15.695144 ], [ 77.0806429, 15.6985289 ], [ 77.0825692, 15.6986964 ], [ 77.0874075, 15.7154885 ], [ 77.0788658, 15.7162549 ], [ 77.0796887, 15.7275108 ], [ 77.049098, 15.7302582 ], [ 77.0493834, 15.740041 ], [ 77.0459465, 15.7403675 ], [ 77.0479913, 15.7562169 ], [ 77.0543089, 15.756174 ], [ 77.0564575, 15.7628261 ], [ 77.0510583, 15.7645187 ], [ 77.0523115, 15.7698735 ], [ 77.05695, 15.7687048 ], [ 77.0609431, 15.7862561 ], [ 77.0664126, 15.7850468 ], [ 77.0671724, 15.7877356 ], [ 77.0680147, 15.7957969 ], [ 77.0671166, 15.8026919 ], [ 77.0637329, 15.8031879 ], [ 77.065678, 15.8215202 ], [ 77.0652045, 15.8281939 ], [ 77.0588842, 15.8299949 ], [ 77.0544874, 15.8300792 ], [ 77.0545765, 15.828909 ], [ 77.0534376, 15.8288408 ], [ 77.0509772, 15.8304034 ], [ 77.048089, 15.8279714 ], [ 77.0476634, 15.8300361 ], [ 77.0425576, 15.8288368 ], [ 77.0406937, 15.8327445 ], [ 77.038318, 15.8323098 ], [ 77.038384, 15.8309181 ], [ 77.0358548, 15.8295525 ], [ 77.0251868, 15.8375115 ], [ 77.030063, 15.8475471 ], [ 77.0336893, 15.8588857 ], [ 77.0558937, 15.8815425 ], [ 77.0625559, 15.8967771 ], [ 77.0710301, 15.9088282 ], [ 77.0747553, 15.9120192 ], [ 77.1025549, 15.9287247 ], [ 77.1143365, 15.9328015 ], [ 77.1358461, 15.9375779 ], [ 77.1431412, 15.9446986 ], [ 77.1550696, 15.9500338 ], [ 77.1740918, 15.9507717 ], [ 77.1852882, 15.9567425 ], [ 77.2049548, 15.9550419 ], [ 77.2185891, 15.9579466 ], [ 77.2354713, 15.957139 ], [ 77.2488664, 15.9645554 ], [ 77.2605078, 15.9600305 ], [ 77.2846759, 15.953807 ], [ 77.2898225, 15.9542881 ], [ 77.301072, 15.9579976 ], [ 77.311428, 15.9533967 ], [ 77.3240623, 15.9501561 ], [ 77.3379003, 15.9498474 ], [ 77.3481421, 15.9513176 ], [ 77.3612459, 15.949421 ], [ 77.3672149, 15.947257 ], [ 77.3794752, 15.939802 ], [ 77.390095, 15.9414962 ], [ 77.3976935, 15.9444824 ], [ 77.4143422, 15.9420267 ], [ 77.4175648, 15.9430518 ], [ 77.4225675, 15.9474881 ], [ 77.4295966, 15.9490635 ], [ 77.4443343, 15.9441073 ], [ 77.4545577, 15.9386494 ], [ 77.4659979, 15.9345015 ], [ 77.4761697, 15.9350846 ], [ 77.498744, 15.9331783 ], [ 77.5149251, 15.926176 ], [ 77.5324587, 15.9240886 ], [ 77.5383298, 15.9212941 ], [ 77.5489782, 15.9191224 ], [ 77.5808076, 15.9184784 ], [ 77.5896637, 15.9128966 ], [ 77.5950407, 15.9118487 ], [ 77.6113918, 15.9179348 ], [ 77.6192491, 15.9137991 ], [ 77.6250537, 15.9090426 ], [ 77.6364737, 15.8960574 ], [ 77.6592006, 15.8854989 ], [ 77.6661532, 15.8859631 ], [ 77.6825022, 15.8833183 ], [ 77.6927471, 15.8833143 ], [ 77.712733, 15.8945159 ], [ 77.7240959, 15.8958142 ], [ 77.7313327, 15.8936972 ], [ 77.7388105, 15.8880323 ], [ 77.7440487, 15.8861013 ], [ 77.7607872, 15.8846181 ], [ 77.76687, 15.8861441 ], [ 77.7772306, 15.880773 ], [ 77.7823553, 15.8761709 ], [ 77.7929179, 15.8764782 ], [ 77.8035166, 15.8741349 ], [ 77.819833, 15.8778251 ], [ 77.8387286, 15.8850929 ], [ 77.8459658, 15.8821216 ], [ 77.8512633, 15.8819528 ], [ 77.8585121, 15.883708 ], [ 77.8623231, 15.8863609 ], [ 77.8700492, 15.897245 ], [ 77.8782166, 15.9052168 ], [ 77.8879788, 15.906084 ], [ 77.8995033, 15.9016168 ], [ 77.9133895, 15.8934101 ], [ 77.9369571, 15.8834971 ], [ 77.9490503, 15.884756 ], [ 77.9753342, 15.883339 ], [ 77.9969638, 15.8663175 ], [ 78.0088631, 15.8617538 ], [ 78.0087969, 15.8647836 ], [ 78.0150259, 15.8759929 ], [ 78.0255108, 15.9023639 ], [ 78.031, 15.9029618 ], [ 78.0318896, 15.9073461 ], [ 78.0449421, 15.9041418 ], [ 78.0468186, 15.8749013 ], [ 78.0562052, 15.8746326 ], [ 78.0558319, 15.8663274 ], [ 78.0715198, 15.8617453 ], [ 78.0714922, 15.8571359 ], [ 78.0724053, 15.856988 ], [ 78.0713556, 15.8503676 ], [ 78.0751141, 15.8471812 ], [ 78.0848779, 15.8450585 ], [ 78.0835546, 15.8409228 ], [ 78.0987893, 15.8360148 ], [ 78.1015774, 15.8373918 ], [ 78.1115905, 15.83817 ], [ 78.1233174, 15.8367055 ], [ 78.1301133, 15.8380935 ], [ 78.1339993, 15.8362599 ], [ 78.1342758, 15.8440157 ], [ 78.13007, 15.8506991 ], [ 78.1355361, 15.8547044 ], [ 78.156751, 15.8547008 ], [ 78.1587668, 15.8537597 ], [ 78.1667939, 15.8546264 ], [ 78.1753438, 15.8580753 ], [ 78.1766745, 15.876763 ], [ 78.186605, 15.8848054 ], [ 78.1899344, 15.8922688 ], [ 78.1794361, 15.9019329 ], [ 78.1813876, 15.9065182 ], [ 78.1844293, 15.9098172 ], [ 78.1913581, 15.9132807 ], [ 78.200881, 15.9155737 ], [ 78.2045131, 15.9179832 ], [ 78.2321352, 15.9239939 ], [ 78.2434699, 15.9294027 ], [ 78.2516171, 15.9352247 ], [ 78.2536239, 15.9425373 ], [ 78.2520792, 15.9538287 ], [ 78.2533307, 15.9663258 ], [ 78.2512566, 15.9719261 ], [ 78.251262, 15.9768066 ], [ 78.2525354, 15.9816056 ], [ 78.2598214, 15.9955643 ], [ 78.2598424, 15.9990836 ], [ 78.2555058, 16.0128513 ], [ 78.2574859, 16.0213531 ], [ 78.2608635, 16.025817 ], [ 78.2669845, 16.0271527 ], [ 78.2771887, 16.0243156 ], [ 78.2840538, 16.0214429 ], [ 78.2919143, 16.0152561 ], [ 78.2994194, 16.0115438 ], [ 78.3068604, 16.0106486 ], [ 78.3122616, 16.0115096 ], [ 78.3219272, 16.0171094 ], [ 78.3220759, 16.0286811 ], [ 78.3265568, 16.0367376 ], [ 78.3382344, 16.0437006 ], [ 78.3477304, 16.0474746 ], [ 78.3619678, 16.0457961 ], [ 78.3654184, 16.0467808 ], [ 78.3738131, 16.0534193 ], [ 78.3843911, 16.0646023 ], [ 78.3976271, 16.0661273 ], [ 78.401452, 16.0720135 ], [ 78.407892, 16.0748092 ], [ 78.4286701, 16.0731771 ], [ 78.4345148, 16.0712034 ], [ 78.4411145, 16.0744293 ], [ 78.4590166, 16.0717621 ], [ 78.4658542, 16.069191 ], [ 78.4747726, 16.0684985 ], [ 78.4986503, 16.0599734 ], [ 78.5229245, 16.0536928 ], [ 78.5420515, 16.0441686 ], [ 78.5517609, 16.0428018 ], [ 78.557633, 16.044968 ], [ 78.5702733, 16.0524019 ], [ 78.5824116, 16.0615447 ], [ 78.5869354, 16.0634356 ], [ 78.5923865, 16.0691024 ], [ 78.5962493, 16.0779661 ], [ 78.6016327, 16.0839261 ], [ 78.6099621, 16.0871261 ], [ 78.6272387, 16.0876368 ], [ 78.6380334, 16.0844619 ], [ 78.6502214, 16.0788064 ], [ 78.6504207, 16.0719919 ], [ 78.6553428, 16.0683802 ], [ 78.6681435, 16.0544972 ], [ 78.67262, 16.0458697 ], [ 78.6811923, 16.0347897 ], [ 78.6993666, 16.0271474 ], [ 78.7053546, 16.0264339 ], [ 78.7235714, 16.0201195 ], [ 78.7354959, 16.0081518 ], [ 78.7409066, 16.0086628 ], [ 78.752956, 16.0162798 ], [ 78.7661284, 16.0164424 ], [ 78.7769536, 16.0197919 ], [ 78.7831458, 16.02029 ], [ 78.7930539, 16.025368 ], [ 78.8020151, 16.0384076 ], [ 78.8194046, 16.0483025 ], [ 78.8276525, 16.0608196 ], [ 78.837757, 16.0718584 ], [ 78.8417087, 16.0826044 ], [ 78.8424124, 16.0952064 ], [ 78.8388108, 16.1157353 ], [ 78.8330424, 16.1373233 ], [ 78.8338478, 16.144476 ], [ 78.8391597, 16.146648 ], [ 78.8524782, 16.1488598 ], [ 78.8646278, 16.1470181 ], [ 78.8721496, 16.1439687 ], [ 78.8765101, 16.1355307 ], [ 78.8793943, 16.1176056 ], [ 78.8861817, 16.1011757 ], [ 78.8887782, 16.0919912 ], [ 78.8890488, 16.0851861 ], [ 78.8924088, 16.0844744 ], [ 78.8955997, 16.0855796 ], [ 78.9061072, 16.0948316 ], [ 78.9179301, 16.1000267 ], [ 78.9220271, 16.1043133 ], [ 78.9216175, 16.1228228 ], [ 78.9243844, 16.1308355 ], [ 78.9242796, 16.1357784 ], [ 78.9225003, 16.1400303 ], [ 78.9150295, 16.1485093 ], [ 78.910543, 16.164071 ], [ 78.9047019, 16.1745837 ], [ 78.9037554, 16.1793482 ], [ 78.9054015, 16.1835896 ], [ 78.9110635, 16.1884265 ], [ 78.9201765, 16.1919592 ], [ 78.9300138, 16.1980524 ], [ 78.9376186, 16.2011977 ], [ 78.9489561, 16.203538 ], [ 78.9602691, 16.2090707 ], [ 78.9677382, 16.2111239 ], [ 78.9811641, 16.2098547 ], [ 78.9857169, 16.2107149 ], [ 79.0095088, 16.2402149 ], [ 79.0291797, 16.2417408 ], [ 79.0480186, 16.2386731 ], [ 79.0585826, 16.2351901 ], [ 79.0721105, 16.2270726 ], [ 79.084106, 16.2301201 ], [ 79.0944282, 16.2242865 ], [ 79.1015777, 16.2228231 ], [ 79.1086396, 16.2284825 ], [ 79.1197247, 16.2319382 ], [ 79.1237713, 16.2310192 ], [ 79.1460038, 16.2139663 ], [ 79.1569474, 16.2092869 ], [ 79.1719052, 16.2103988 ], [ 79.2062799, 16.2209056 ], [ 79.216546, 16.2274042 ], [ 79.2206272, 16.2340775 ], [ 79.2226096, 16.2417331 ], [ 79.2245874, 16.2711935 ], [ 79.230382, 16.2824903 ], [ 79.2310394, 16.3143261 ], [ 79.2338097, 16.3219908 ], [ 79.2342959, 16.3338391 ], [ 79.2335936, 16.3359968 ], [ 79.2143302, 16.3493544 ], [ 79.2102016, 16.3582303 ], [ 79.2124259, 16.3734722 ], [ 79.2084384, 16.3792914 ], [ 79.2077234, 16.3847506 ], [ 79.2115645, 16.4473876 ], [ 79.217953, 16.453817 ], [ 79.2317595, 16.4576086 ], [ 79.2333569, 16.4592011 ], [ 79.217063, 16.4775561 ], [ 79.2145963, 16.4834841 ], [ 79.21483, 16.4879088 ], [ 79.2208841, 16.51434 ], [ 79.2285573, 16.5247704 ], [ 79.241254, 16.5291652 ], [ 79.2447724, 16.5318092 ], [ 79.2502736, 16.5471511 ], [ 79.2522181, 16.5592516 ], [ 79.256838, 16.5658186 ], [ 79.2616378, 16.566923 ], [ 79.2813634, 16.5606059 ], [ 79.2910222, 16.5615747 ], [ 79.2955153, 16.5630113 ], [ 79.3082361, 16.5741455 ], [ 79.3264325, 16.5764585 ], [ 79.3401136, 16.5826392 ], [ 79.3536916, 16.5792667 ], [ 79.3767691, 16.5827549 ], [ 79.3968161, 16.5797846 ], [ 79.41864, 16.5802452 ], [ 79.426386, 16.5848433 ], [ 79.4330514, 16.5907472 ], [ 79.4391372, 16.6129115 ], [ 79.4471734, 16.6197128 ], [ 79.4595785, 16.6236588 ], [ 79.476927, 16.6224135 ], [ 79.4833311, 16.6230956 ], [ 79.494013, 16.6330418 ], [ 79.5038451, 16.6359193 ], [ 79.5103714, 16.6357418 ], [ 79.5294236, 16.6306423 ], [ 79.5420909, 16.6322465 ], [ 79.5599662, 16.6425791 ], [ 79.5756295, 16.6497845 ], [ 79.5847101, 16.6593438 ], [ 79.5921823, 16.6698817 ], [ 79.5989234, 16.6732254 ], [ 79.6063221, 16.6713075 ], [ 79.6214898, 16.6631759 ], [ 79.6330906, 16.6604241 ], [ 79.6482784, 16.6700281 ], [ 79.6621851, 16.6866494 ], [ 79.6815417, 16.6943724 ], [ 79.6855155, 16.6945641 ], [ 79.6988598, 16.6913858 ], [ 79.7069172, 16.6912713 ], [ 79.7138888, 16.689244 ], [ 79.7228941, 16.6902765 ], [ 79.7293211, 16.6955054 ], [ 79.7446129, 16.7190817 ], [ 79.7739909, 16.7307752 ], [ 79.7858298, 16.7301415 ], [ 79.792511, 16.7254967 ], [ 79.7988713, 16.7106795 ], [ 79.8111956, 16.6956825 ], [ 79.8172622, 16.691867 ], [ 79.8210877, 16.6915129 ], [ 79.8281561, 16.6937831 ], [ 79.8510627, 16.7058389 ], [ 79.8588472, 16.704655 ], [ 79.8775287, 16.6972982 ], [ 79.8855136, 16.6873493 ], [ 79.8906457, 16.6588813 ], [ 79.8937222, 16.6501119 ], [ 79.9064634, 16.6362998 ], [ 79.9101061, 16.6339176 ], [ 79.9175416, 16.6322828 ], [ 79.9341451, 16.6315724 ], [ 79.9497541, 16.6359008 ], [ 79.96307, 16.6435327 ], [ 79.9793804, 16.6653402 ], [ 79.9974112, 16.7020928 ], [ 80.0075822, 16.708837 ], [ 80.0221452, 16.7103265 ], [ 80.0300382, 16.7144052 ], [ 80.0366429, 16.727657 ], [ 80.0549553, 16.7446463 ], [ 80.0538616, 16.7654336 ], [ 80.0664523, 16.7864118 ], [ 80.0706019, 16.8016923 ], [ 80.0698175, 16.8083341 ], [ 80.0708022, 16.8132383 ], [ 80.073254, 16.8171912 ], [ 80.071064, 16.8180913 ], [ 80.070794, 16.8213016 ], [ 80.0594974, 16.8251859 ], [ 80.0481767, 16.8332299 ], [ 80.0464032, 16.8386846 ], [ 80.0468438, 16.8533423 ], [ 80.0290059, 16.8520238 ], [ 80.0165592, 16.8546143 ], [ 80.0039504, 16.8617938 ], [ 80.0036304, 16.8638959 ], [ 79.9987615, 16.8652141 ], [ 80.0015591, 16.8676853 ], [ 80.005083, 16.8764532 ], [ 80.0045783, 16.8810466 ], [ 80.0124169, 16.8926825 ], [ 80.0173837, 16.9149748 ], [ 80.0245569, 16.9150587 ], [ 80.0270596, 16.9175381 ], [ 80.0314489, 16.9168785 ], [ 80.0375098, 16.9185604 ], [ 80.0395521, 16.9170725 ], [ 80.0404047, 16.9180829 ], [ 80.0445459, 16.9292616 ], [ 80.0505854, 16.936415 ], [ 80.0518973, 16.9421022 ], [ 80.0484946, 16.9467075 ], [ 80.0482205, 16.9494294 ], [ 80.0524489, 16.9598709 ], [ 80.0574298, 16.9640372 ], [ 80.0554448, 16.9714216 ], [ 80.0833803, 16.970176 ], [ 80.0875425, 16.9683889 ], [ 80.0915685, 16.9683554 ], [ 80.0941091, 16.9755785 ], [ 80.0951606, 16.9906515 ], [ 80.1025473, 16.9909593 ], [ 80.1096273, 16.9872148 ], [ 80.1203967, 16.9878944 ], [ 80.1204795, 16.9912227 ], [ 80.1278556, 16.9922667 ], [ 80.1362305, 16.9919737 ], [ 80.1402369, 16.9905923 ], [ 80.1465416, 17.0003783 ], [ 80.1533569, 17.0069427 ], [ 80.157285, 17.0074148 ], [ 80.162022, 17.0049399 ], [ 80.1677638, 17.005591 ], [ 80.1701654, 17.0168272 ], [ 80.177728, 17.0166036 ], [ 80.1803842, 17.0190223 ], [ 80.1872871, 17.019955 ], [ 80.1926346, 17.0267456 ], [ 80.1920036, 17.0335366 ], [ 80.1964528, 17.0440337 ], [ 80.2040905, 17.0382881 ], [ 80.1996378, 17.026362 ], [ 80.202057, 17.0170256 ], [ 80.2114296, 17.0102735 ], [ 80.2228682, 17.0078377 ], [ 80.2261618, 17.0153216 ], [ 80.228828, 17.0144069 ], [ 80.2358218, 17.0073341 ], [ 80.2400734, 17.005119 ], [ 80.2404017, 17.0021484 ], [ 80.256072, 17.0011042 ], [ 80.2568596, 16.99893 ], [ 80.2648952, 16.9972743 ], [ 80.2668955, 17.0013379 ], [ 80.2704736, 17.0039872 ], [ 80.2776676, 17.0052611 ], [ 80.2826609, 17.007672 ], [ 80.2935908, 16.9963324 ], [ 80.2943641, 16.9938324 ], [ 80.2902749, 16.981076 ], [ 80.2935174, 16.9766611 ], [ 80.3012813, 16.9758636 ], [ 80.3065886, 16.9737928 ], [ 80.3050154, 16.9536994 ], [ 80.3081423, 16.9513417 ], [ 80.3164745, 16.9484354 ], [ 80.3130932, 16.9405253 ], [ 80.3138715, 16.9248287 ], [ 80.3115867, 16.9166595 ], [ 80.3156137, 16.9155009 ], [ 80.3238052, 16.9064273 ], [ 80.324973, 16.9003346 ], [ 80.3216989, 16.8796299 ], [ 80.3440076, 16.8743701 ], [ 80.3409043, 16.8597122 ], [ 80.3493828, 16.8591209 ], [ 80.3740656, 16.8523945 ], [ 80.3733928, 16.8394967 ], [ 80.3780734, 16.8416204 ], [ 80.379614, 16.8410785 ], [ 80.3784519, 16.8369807 ], [ 80.3743511, 16.8317279 ], [ 80.3736959, 16.8282318 ], [ 80.3804313, 16.8174499 ], [ 80.383165, 16.8158053 ], [ 80.3860149, 16.81625 ], [ 80.3873327, 16.8189596 ], [ 80.3860658, 16.824902 ], [ 80.3908364, 16.8247373 ], [ 80.3923653, 16.8279307 ], [ 80.3966806, 16.8275032 ], [ 80.3997071, 16.8335457 ], [ 80.4042158, 16.8320464 ], [ 80.4077959, 16.8482288 ], [ 80.3834732, 16.8500256 ], [ 80.3783674, 16.8519899 ], [ 80.3827803, 16.8549004 ], [ 80.378834, 16.8615599 ], [ 80.3803141, 16.8636543 ], [ 80.3829395, 16.8635427 ], [ 80.382708, 16.8652874 ], [ 80.3840371, 16.8652565 ], [ 80.3852593, 16.86329 ], [ 80.412061, 16.8529426 ], [ 80.4121226, 16.8519025 ], [ 80.4277094, 16.8497965 ], [ 80.4279434, 16.8468824 ], [ 80.4297064, 16.8467267 ], [ 80.4285875, 16.8381162 ], [ 80.4344006, 16.8374261 ], [ 80.4382004, 16.8342482 ], [ 80.4408769, 16.8342715 ], [ 80.4414137, 16.8307773 ], [ 80.450068, 16.8272285 ], [ 80.4532713, 16.82301 ], [ 80.4601599, 16.8200403 ], [ 80.4642402, 16.8199778 ], [ 80.4661413, 16.8163501 ], [ 80.4638331, 16.8053649 ], [ 80.4644549, 16.7954487 ], [ 80.4862958, 16.7911107 ], [ 80.4940469, 16.7836901 ], [ 80.5043932, 16.7786886 ], [ 80.5261929, 16.7745853 ], [ 80.5515839, 16.7750103 ], [ 80.5702408, 16.768009 ], [ 80.5732132, 16.770667 ], [ 80.5768724, 16.7771461 ], [ 80.5834508, 16.7813266 ], [ 80.584954, 16.783551 ], [ 80.5871645, 16.7822477 ], [ 80.5884087, 16.7849582 ], [ 80.5931794, 16.786955 ], [ 80.5934194, 16.7884834 ], [ 80.5968573, 16.790533 ], [ 80.5971074, 16.7922057 ], [ 80.6098638, 16.7941848 ], [ 80.6105437, 16.7929499 ], [ 80.6129666, 16.793541 ], [ 80.594399, 16.802807 ], [ 80.5834308, 16.8143418 ], [ 80.5775651, 16.8229637 ], [ 80.5655317, 16.8268433 ], [ 80.5628477, 16.8328408 ], [ 80.5701411, 16.8485219 ], [ 80.5711853, 16.86112 ], [ 80.5683061, 16.8693881 ], [ 80.5775591, 16.8789543 ], [ 80.5850799, 16.8818321 ], [ 80.5928631, 16.8826563 ], [ 80.5959124, 16.884622 ], [ 80.5948202, 16.8988903 ], [ 80.5876771, 16.9022941 ], [ 80.58712, 16.9041778 ], [ 80.5881683, 16.9058822 ], [ 80.5923402, 16.907445 ], [ 80.5945639, 16.9112788 ], [ 80.6019416, 16.9185897 ], [ 80.5995805, 16.9211555 ], [ 80.5982228, 16.9210613 ], [ 80.5969135, 16.9238566 ], [ 80.5917124, 16.9229906 ], [ 80.5904036, 16.9270927 ], [ 80.5839119, 16.9291486 ], [ 80.5813209, 16.9325238 ], [ 80.5809785, 16.9361545 ], [ 80.5754729, 16.9381417 ], [ 80.5734867, 16.9413216 ], [ 80.5675485, 16.9429018 ], [ 80.54577, 16.9569264 ], [ 80.5346961, 16.9614145 ], [ 80.5261035, 16.9478814 ], [ 80.5054593, 16.9565381 ], [ 80.5017005, 16.9573792 ], [ 80.499229, 16.9563346 ], [ 80.4955926, 16.9499948 ], [ 80.4962551, 16.9464134 ], [ 80.493986, 16.9377944 ], [ 80.4934461, 16.9274286 ], [ 80.4820295, 16.9321265 ], [ 80.4730176, 16.9384838 ], [ 80.4674348, 16.9454472 ], [ 80.4496677, 16.9547639 ], [ 80.4193986, 16.9625689 ], [ 80.4076513, 16.9639659 ], [ 80.3720935, 16.9754152 ], [ 80.3634046, 16.9760656 ], [ 80.3666151, 16.9814351 ], [ 80.3680718, 16.9814768 ], [ 80.3715648, 16.986349 ], [ 80.3757644, 16.9886983 ], [ 80.3811019, 16.9979939 ], [ 80.3869208, 17.0045856 ], [ 80.3878534, 17.0092663 ], [ 80.4070349, 17.015796 ], [ 80.407149, 17.0257604 ], [ 80.4000396, 17.0307133 ], [ 80.4007382, 17.0321895 ], [ 80.3957586, 17.0357278 ], [ 80.3959324, 17.0463304 ], [ 80.3982485, 17.04909 ], [ 80.3984784, 17.0523404 ], [ 80.3938165, 17.0547683 ], [ 80.3916599, 17.0612967 ], [ 80.3857332, 17.0679269 ], [ 80.387264, 17.071292 ], [ 80.3910233, 17.0746674 ], [ 80.3946097, 17.0762202 ], [ 80.4006342, 17.0819615 ], [ 80.4038173, 17.0819629 ], [ 80.4049729, 17.08403 ], [ 80.4044344, 17.0867606 ], [ 80.4078519, 17.0878518 ], [ 80.4090304, 17.091497 ], [ 80.4189649, 17.0923013 ], [ 80.4177894, 17.087881 ], [ 80.4185539, 17.0784284 ], [ 80.4170466, 17.0736119 ], [ 80.4317216, 17.0555245 ], [ 80.4386285, 17.0375833 ], [ 80.4532998, 17.0347606 ], [ 80.4648593, 17.0300238 ], [ 80.4713759, 17.0503694 ], [ 80.4859958, 17.0520847 ], [ 80.4909319, 17.050968 ], [ 80.4938745, 17.05781 ], [ 80.497673, 17.062653 ], [ 80.5053972, 17.0684637 ], [ 80.5100807, 17.0869042 ], [ 80.5040339, 17.092642 ], [ 80.505661, 17.0984345 ], [ 80.5128838, 17.1092456 ], [ 80.5140799, 17.1220529 ], [ 80.5273771, 17.1189502 ], [ 80.5312114, 17.11979 ], [ 80.5354489, 17.1225478 ], [ 80.5423435, 17.124604 ], [ 80.5488207, 17.1307887 ], [ 80.5542909, 17.1335998 ], [ 80.5573239, 17.132125 ], [ 80.563184, 17.1331045 ], [ 80.5800285, 17.1530664 ], [ 80.6005393, 17.1422831 ], [ 80.6064003, 17.1351808 ], [ 80.6169893, 17.1315804 ], [ 80.6182523, 17.1284213 ], [ 80.627903, 17.1298988 ], [ 80.6368841, 17.1283739 ], [ 80.64527, 17.1235482 ], [ 80.6420427, 17.1159048 ], [ 80.649239, 17.1113639 ], [ 80.6612782, 17.1072946 ], [ 80.6705548, 17.1011875 ], [ 80.6680527, 17.0949268 ], [ 80.6588908, 17.0915607 ], [ 80.6570932, 17.0895588 ], [ 80.6499153, 17.0713681 ], [ 80.6538108, 17.0686115 ], [ 80.6664047, 17.0674806 ], [ 80.671066, 17.0700363 ], [ 80.6717362, 17.0675803 ], [ 80.6734654, 17.0666383 ], [ 80.6769012, 17.0708997 ], [ 80.6949626, 17.0741352 ], [ 80.6972926, 17.0767875 ], [ 80.6963382, 17.0800576 ], [ 80.698982, 17.0816016 ], [ 80.6994497, 17.0837942 ], [ 80.7053564, 17.080777 ], [ 80.7105809, 17.0818843 ], [ 80.7368009, 17.0776876 ], [ 80.7388813, 17.0795889 ], [ 80.7446467, 17.0769371 ], [ 80.7464672, 17.0777716 ], [ 80.750894, 17.0726206 ], [ 80.7649804, 17.0666121 ], [ 80.7904608, 17.0634633 ], [ 80.798736, 17.0612361 ], [ 80.8040659, 17.0575026 ], [ 80.8104134, 17.0553229 ], [ 80.8288226, 17.0527675 ], [ 80.8407897, 17.0467075 ], [ 80.8453095, 17.0399672 ], [ 80.8558411, 17.0465154 ], [ 80.8591097, 17.05261 ], [ 80.8655092, 17.0585588 ], [ 80.8714913, 17.069835 ], [ 80.8768821, 17.0709919 ], [ 80.8761081, 17.0748777 ], [ 80.8687094, 17.0779971 ], [ 80.867581, 17.0804499 ], [ 80.8752076, 17.0954522 ], [ 80.8738918, 17.0985396 ], [ 80.8764302, 17.1055891 ], [ 80.8734849, 17.1141012 ], [ 80.8683331, 17.1202736 ], [ 80.8677406, 17.1231306 ], [ 80.8692992, 17.1266865 ], [ 80.8732292, 17.1284612 ], [ 80.8782504, 17.1351399 ], [ 80.8777001, 17.1498139 ], [ 80.8795203, 17.1608153 ], [ 80.892404, 17.1593719 ], [ 80.9070253, 17.1538504 ], [ 80.9165918, 17.1536918 ], [ 80.9239946, 17.1578463 ], [ 80.9230914, 17.1612903 ], [ 80.9236093, 17.165933 ], [ 80.9251984, 17.1677476 ], [ 80.9264348, 17.1834802 ], [ 80.9226704, 17.1885884 ], [ 80.9187104, 17.1899979 ], [ 80.9189954, 17.1934746 ], [ 80.9206215, 17.1949093 ], [ 80.921012, 17.2005812 ], [ 80.9188191, 17.2034681 ], [ 80.9165725, 17.2133977 ], [ 80.9188773, 17.2197373 ], [ 80.9412815, 17.2192941 ], [ 80.960287, 17.2040652 ], [ 80.9762877, 17.2002724 ], [ 80.9824689, 17.1961934 ], [ 80.9943589, 17.1913233 ], [ 80.9984494, 17.1904636 ], [ 81.0086191, 17.1918594 ], [ 81.0121157, 17.194139 ], [ 81.0154282, 17.1944023 ], [ 81.0312711, 17.1903299 ], [ 81.0328609, 17.1919673 ], [ 81.0368657, 17.1924819 ], [ 81.0436431, 17.2021367 ], [ 81.0494953, 17.2070686 ], [ 81.055595, 17.2195599 ], [ 81.0546093, 17.2248742 ], [ 81.0796062, 17.2152771 ], [ 81.0832877, 17.2176229 ], [ 81.0903699, 17.2195975 ], [ 81.1094325, 17.2234686 ], [ 81.1276017, 17.2243111 ], [ 81.1594724, 17.2307984 ], [ 81.1739773, 17.230337 ], [ 81.1730091, 17.2320266 ], [ 81.1750164, 17.2369716 ], [ 81.1833799, 17.2470194 ], [ 81.1860909, 17.2484938 ], [ 81.1875947, 17.254652 ], [ 81.183937, 17.2583489 ], [ 81.1781762, 17.269043 ], [ 81.1795685, 17.2783713 ], [ 81.178895, 17.2826789 ], [ 81.1767667, 17.284404 ], [ 81.1766589, 17.2876681 ], [ 81.1813673, 17.3044509 ], [ 81.1837557, 17.3103937 ], [ 81.1866724, 17.3139518 ], [ 81.1904105, 17.3248141 ], [ 81.2103137, 17.3260509 ], [ 81.2220471, 17.3214899 ], [ 81.2335668, 17.3203608 ], [ 81.2391328, 17.3208435 ], [ 81.2391333, 17.3234931 ], [ 81.2446301, 17.3230896 ], [ 81.2456713, 17.3257899 ], [ 81.2682545, 17.320026 ], [ 81.2740288, 17.3171927 ], [ 81.2785114, 17.3234116 ], [ 81.2885194, 17.3280727 ], [ 81.2974067, 17.3383397 ], [ 81.3011071, 17.3406635 ], [ 81.3052998, 17.3459062 ], [ 81.3119899, 17.3606934 ], [ 81.3163139, 17.364484 ], [ 81.3164697, 17.3690023 ], [ 81.3226374, 17.3745444 ], [ 81.3185934, 17.3984233 ], [ 81.3123823, 17.4087238 ], [ 81.300512, 17.4127067 ], [ 81.2685423, 17.418259 ], [ 81.2597413, 17.4222194 ], [ 81.2455072, 17.4330256 ], [ 81.2426917, 17.4320634 ], [ 81.2363276, 17.4355758 ], [ 81.2214252, 17.4394381 ], [ 81.2184869, 17.4422059 ], [ 81.211759, 17.4417402 ], [ 81.2089547, 17.4464651 ], [ 81.2052636, 17.4495879 ], [ 81.2022972, 17.440664 ], [ 81.2026971, 17.4339532 ], [ 81.1932972, 17.4356252 ], [ 81.1829842, 17.4402474 ], [ 81.1723271, 17.4490433 ], [ 81.1755473, 17.4636364 ], [ 81.1482537, 17.4636533 ], [ 81.1559592, 17.475995 ], [ 81.1596051, 17.4843025 ], [ 81.1421454, 17.4885875 ], [ 81.144871, 17.495076 ], [ 81.1405065, 17.5046647 ], [ 81.1384757, 17.5162356 ], [ 81.1272797, 17.5264229 ], [ 81.1244968, 17.5270595 ], [ 81.1174646, 17.5220708 ], [ 81.1011058, 17.5056023 ], [ 81.0975632, 17.5042559 ], [ 81.091348, 17.5056522 ], [ 81.0800677, 17.5150461 ], [ 81.0472052, 17.5195139 ], [ 81.0198958, 17.5200343 ], [ 81.0148264, 17.5221262 ], [ 81.0136769, 17.5366187 ], [ 81.0084259, 17.5470023 ], [ 81.0028082, 17.5506098 ], [ 80.9983998, 17.5646846 ], [ 80.9888044, 17.5724194 ], [ 80.9828297, 17.582736 ], [ 80.9767271, 17.5871892 ], [ 80.9693064, 17.5983766 ], [ 80.9755178, 17.6191449 ], [ 80.984106, 17.6262096 ], [ 80.9873071, 17.626148 ], [ 80.9959232, 17.6290757 ], [ 81.0070449, 17.6217147 ], [ 81.0095487, 17.6436455 ], [ 81.0052618, 17.6487595 ], [ 80.9920949, 17.6534647 ], [ 80.9800595, 17.6526106 ], [ 80.9692539, 17.6493436 ], [ 80.9623659, 17.6457194 ], [ 80.9523595, 17.6370341 ], [ 80.9380966, 17.6325793 ], [ 80.897043, 17.6406387 ], [ 80.8836385, 17.6454642 ], [ 80.8800788, 17.647957 ], [ 80.8766739, 17.6550198 ], [ 80.8764025, 17.6683787 ], [ 80.8907946, 17.6897625 ], [ 80.8947496, 17.70291 ], [ 80.8909933, 17.7136848 ], [ 80.8907643, 17.721881 ], [ 80.8855463, 17.735678 ], [ 80.9023706, 17.7462022 ], [ 80.906033, 17.7470405 ], [ 80.9130031, 17.7459241 ], [ 80.9145847, 17.7465268 ], [ 80.9127766, 17.7495023 ], [ 80.9144373, 17.7504554 ], [ 80.9149991, 17.7483568 ], [ 80.9175696, 17.7481077 ], [ 80.9172395, 17.7504093 ], [ 80.9194597, 17.7562001 ], [ 80.9233824, 17.7572863 ], [ 80.9278527, 17.7617744 ], [ 80.9463125, 17.7601869 ], [ 80.9556219, 17.7729057 ], [ 80.9553239, 17.7746196 ], [ 80.9634268, 17.7773912 ], [ 80.9658671, 17.7797816 ], [ 80.9721663, 17.7779552 ], [ 80.9734218, 17.7801222 ], [ 80.9768758, 17.7763173 ], [ 80.9842276, 17.7556562 ], [ 80.991318, 17.7499171 ], [ 81.0159159, 17.7450292 ], [ 81.0276325, 17.7481285 ], [ 81.0405644, 17.7476084 ], [ 81.0441605, 17.7404165 ], [ 81.0504995, 17.7340176 ], [ 81.0581986, 17.7331125 ], [ 81.0698327, 17.7407125 ], [ 81.0825797, 17.7531005 ], [ 81.0956497, 17.7622043 ], [ 81.1042623, 17.7720064 ], [ 81.1038751, 17.773198 ], [ 81.0959976, 17.7744933 ], [ 81.089781, 17.7910398 ], [ 81.0855875, 17.7980235 ], [ 81.0904575, 17.8024098 ], [ 81.0939651, 17.8092728 ], [ 81.1024394, 17.8160277 ], [ 81.1279175, 17.8269978 ], [ 81.142135, 17.8414625 ], [ 81.1572784, 17.8504281 ], [ 81.1661345, 17.8576004 ], [ 81.1683182, 17.8556167 ], [ 81.1993082, 17.8469334 ], [ 81.2156092, 17.8345076 ], [ 81.2292859, 17.8305704 ], [ 81.234543, 17.8271521 ], [ 81.2392967, 17.8260154 ], [ 81.2408656, 17.8232452 ], [ 81.2452362, 17.8207489 ], [ 81.2483752, 17.8166584 ], [ 81.2662642, 17.8095223 ], [ 81.3049707, 17.8086589 ], [ 81.3149065, 17.8121092 ], [ 81.326124, 17.8139508 ], [ 81.3456015, 17.810299 ], [ 81.3484462, 17.8123287 ], [ 81.3541097, 17.8122871 ], [ 81.3587801, 17.8094804 ], [ 81.3692459, 17.8076766 ], [ 81.3773115, 17.8044595 ], [ 81.3834397, 17.7989136 ], [ 81.3854391, 17.798439 ], [ 81.3865564, 17.7948697 ], [ 81.3918533, 17.7941797 ], [ 81.3931262, 17.8076657 ], [ 81.3918126, 17.8154201 ], [ 81.3965508, 17.8202327 ], [ 81.4016527, 17.8209499 ], [ 81.4101592, 17.8185912 ], [ 81.4139693, 17.8135893 ], [ 81.4155967, 17.8134232 ], [ 81.4258173, 17.8219066 ], [ 81.4304797, 17.8300581 ], [ 81.4341221, 17.8319301 ], [ 81.4367213, 17.8316215 ], [ 81.4408818, 17.8253304 ], [ 81.4441931, 17.8249658 ], [ 81.4513963, 17.828009 ], [ 81.4601105, 17.8295703 ], [ 81.4690505, 17.836224 ], [ 81.4718155, 17.8361451 ], [ 81.4739201, 17.8379657 ], [ 81.4778427, 17.834987 ], [ 81.4806113, 17.8292092 ], [ 81.4815162, 17.823576 ], [ 81.4855082, 17.8202172 ], [ 81.4862661, 17.8143359 ], [ 81.4900455, 17.8126949 ], [ 81.4953434, 17.8125506 ], [ 81.5047805, 17.816291 ], [ 81.5184062, 17.8162553 ], [ 81.5224533, 17.8175144 ], [ 81.5301786, 17.8229077 ], [ 81.5378135, 17.8215943 ], [ 81.5468443, 17.8247191 ], [ 81.5636869, 17.8257062 ], [ 81.5703939, 17.8353126 ], [ 81.5743161, 17.8371676 ], [ 81.5941853, 17.8340441 ], [ 81.606888, 17.8258299 ], [ 81.6165474, 17.8220758 ], [ 81.6187474, 17.8238088 ], [ 81.6223479, 17.8334458 ], [ 81.6301471, 17.8320243 ], [ 81.6417076, 17.8413233 ], [ 81.6520151, 17.8560985 ], [ 81.6542828, 17.8632763 ], [ 81.6543088, 17.8690833 ], [ 81.6621892, 17.8815972 ], [ 81.6697311, 17.8865515 ], [ 81.6745185, 17.8881845 ], [ 81.6836769, 17.8849756 ], [ 81.686104, 17.8853015 ], [ 81.6947463, 17.8987153 ], [ 81.6985326, 17.9013543 ], [ 81.70123, 17.8994828 ], [ 81.7022228, 17.8962662 ], [ 81.7011328, 17.8879459 ], [ 81.704114, 17.8827112 ], [ 81.7043585, 17.8776805 ], [ 81.7091736, 17.871996 ], [ 81.7258345, 17.8790093 ], [ 81.7646708, 17.9033383 ], [ 81.7688114, 17.906883 ], [ 81.7713751, 17.9124583 ], [ 81.778415, 17.912837 ], [ 81.7901286, 17.9208065 ], [ 81.7934869, 17.9254791 ], [ 81.7946956, 17.9329395 ], [ 81.7970707, 17.937277 ], [ 81.8032909, 17.9451281 ], [ 81.8098941, 17.9509843 ], [ 81.8131808, 17.9521365 ], [ 81.8191136, 17.9516912 ], [ 81.8309888, 17.9579266 ], [ 81.8432273, 17.9569611 ], [ 81.8664882, 17.9632936 ], [ 81.8817524, 17.9688328 ], [ 81.8933722, 17.9762359 ], [ 81.9014462, 17.9761127 ], [ 81.905178, 17.9773153 ], [ 81.9090287, 17.9842157 ], [ 81.9199071, 17.9912093 ], [ 81.9295469, 17.9896766 ], [ 81.9365721, 17.9902844 ], [ 81.9460175, 17.995747 ], [ 81.9629665, 17.9992515 ], [ 81.9689443, 18.0059818 ], [ 81.9760578, 18.0104694 ], [ 81.9825139, 18.0181277 ], [ 81.9891178, 18.0183381 ], [ 81.9912733, 18.0195109 ], [ 81.9930098, 18.0217614 ], [ 81.9942738, 18.027313 ], [ 82.0017707, 18.0300173 ], [ 82.0093472, 18.0300727 ], [ 82.0116581, 18.0352391 ], [ 82.0067309, 18.0450977 ], [ 82.0062325, 18.0529673 ], [ 82.0073899, 18.0563233 ], [ 82.0197272, 18.0633032 ], [ 82.0230506, 18.0628879 ], [ 82.0282856, 18.0646179 ], [ 82.0323239, 18.0693184 ], [ 82.0353358, 18.0689363 ], [ 82.0375775, 18.0669812 ], [ 82.0404449, 18.0573139 ], [ 82.0504174, 18.058141 ], [ 82.0615641, 18.0554504 ], [ 82.0669469, 18.0573862 ], [ 82.0678159, 18.0628355 ], [ 82.0708158, 18.0690863 ], [ 82.0766357, 18.0752174 ], [ 82.0874765, 18.0687944 ], [ 82.0960898, 18.0674262 ], [ 82.0964002, 18.0634028 ], [ 82.1020305, 18.0602394 ], [ 82.1078693, 18.0632606 ], [ 82.113653, 18.0612302 ], [ 82.1206257, 18.0642309 ], [ 82.1249807, 18.0596733 ], [ 82.1334899, 18.0598902 ], [ 82.1346841, 18.059002 ], [ 82.1364813, 18.0512421 ], [ 82.137176, 18.043936 ], [ 82.1402706, 18.0469724 ], [ 82.1448268, 18.0488477 ], [ 82.1467765, 18.052311 ], [ 82.1532097, 18.0478671 ], [ 82.1582708, 18.0503401 ], [ 82.1688389, 18.051953 ], [ 82.1744595, 18.0419103 ], [ 82.1843191, 18.0287871 ], [ 82.178624, 18.0203858 ], [ 82.1835412, 18.0190996 ], [ 82.187805, 18.0147312 ], [ 82.1973652, 18.0177404 ], [ 82.2053129, 18.0183688 ], [ 82.2061826, 18.0177624 ], [ 82.2045959, 18.015007 ], [ 82.2082012, 18.0104389 ], [ 82.2134707, 18.0082779 ], [ 82.2222466, 18.0016753 ], [ 82.2372365, 18.0025517 ], [ 82.2440545, 17.9983827 ], [ 82.2479556, 17.9977837 ], [ 82.2655751, 17.9986273 ], [ 82.268779, 18.0009379 ], [ 82.2735487, 18.0213434 ], [ 82.2690112, 18.0340156 ], [ 82.2616094, 18.0418538 ], [ 82.2689448, 18.04519 ], [ 82.2696074, 18.0519407 ], [ 82.2726117, 18.057221 ], [ 82.2769836, 18.0582043 ], [ 82.2793897, 18.0617263 ], [ 82.2834913, 18.0644959 ], [ 82.2876683, 18.0627195 ], [ 82.291384, 18.0689074 ], [ 82.2972046, 18.0670657 ], [ 82.3020053, 18.069157 ], [ 82.304402, 18.0681151 ], [ 82.3043611, 18.0663984 ], [ 82.300124, 18.0632144 ], [ 82.2987429, 18.055276 ], [ 82.3012795, 18.0546219 ], [ 82.306167, 18.0557093 ], [ 82.3103341, 18.0539281 ], [ 82.3072635, 18.050054 ], [ 82.3077417, 18.0451123 ], [ 82.3165823, 18.0474379 ], [ 82.3198498, 18.0447634 ], [ 82.3222308, 18.0486193 ], [ 82.3189733, 18.0570727 ], [ 82.3222539, 18.0599059 ], [ 82.3300152, 18.058086 ], [ 82.3321373, 18.0551119 ], [ 82.3319898, 18.0524606 ], [ 82.3341446, 18.0513298 ], [ 82.3400575, 18.0543252 ], [ 82.343883, 18.0579945 ], [ 82.3470775, 18.0699457 ], [ 82.3517814, 18.0765864 ], [ 82.3473242, 18.0799836 ], [ 82.349583, 18.0856293 ], [ 82.3470007, 18.0982487 ], [ 82.3385028, 18.0991121 ], [ 82.33579, 18.1058587 ], [ 82.3356654, 18.1137483 ], [ 82.3337699, 18.1192512 ], [ 82.3361649, 18.1241505 ], [ 82.3342007, 18.1268615 ], [ 82.3421336, 18.137239 ], [ 82.3386846, 18.1441714 ], [ 82.3387954, 18.1469223 ], [ 82.3401795, 18.1505724 ], [ 82.341367, 18.1501123 ], [ 82.3549332, 18.1424673 ], [ 82.3596256, 18.136285 ], [ 82.3632481, 18.1348089 ], [ 82.3675289, 18.1371552 ], [ 82.3687476, 18.1431692 ], [ 82.3723168, 18.1481635 ], [ 82.3646106, 18.1581358 ], [ 82.3591209, 18.1626974 ], [ 82.3533673, 18.1716932 ], [ 82.3461732, 18.1729229 ], [ 82.3373713, 18.1721756 ], [ 82.3154526, 18.1840292 ], [ 82.3124822, 18.1913512 ], [ 82.3135421, 18.1971544 ], [ 82.3108425, 18.2040948 ], [ 82.3248886, 18.2104142 ], [ 82.3284253, 18.2160782 ], [ 82.3370551, 18.2243046 ], [ 82.3314444, 18.2251299 ], [ 82.3244124, 18.2312104 ], [ 82.3267354, 18.2363768 ], [ 82.3299347, 18.2367612 ], [ 82.3365283, 18.2407682 ], [ 82.3358564, 18.2500037 ], [ 82.3335428, 18.2510679 ], [ 82.333363, 18.2529082 ], [ 82.3361215, 18.2611707 ], [ 82.3400462, 18.2623362 ], [ 82.340439, 18.2722282 ], [ 82.344665, 18.2805482 ], [ 82.3589364, 18.2814638 ], [ 82.3658967, 18.2776144 ], [ 82.3748104, 18.2810521 ], [ 82.3764959, 18.2806785 ], [ 82.3783127, 18.2843433 ], [ 82.3808943, 18.285445 ], [ 82.3858134, 18.2902393 ], [ 82.3870732, 18.2934245 ], [ 82.3923359, 18.2979495 ], [ 82.3915744, 18.3098015 ], [ 82.3950601, 18.3156405 ], [ 82.3928295, 18.3259627 ], [ 82.3889613, 18.3285074 ], [ 82.3842674, 18.3295988 ], [ 82.3794619, 18.3285311 ], [ 82.3780687, 18.3270593 ], [ 82.3750918, 18.3286937 ], [ 82.3675259, 18.3237149 ], [ 82.3673411, 18.3218728 ], [ 82.3639983, 18.318463 ], [ 82.3558702, 18.3159229 ], [ 82.3543192, 18.3172171 ], [ 82.3490202, 18.3165182 ], [ 82.3404796, 18.3224069 ], [ 82.3382183, 18.3267104 ], [ 82.3381341, 18.3280303 ], [ 82.3405006, 18.328208 ], [ 82.3440925, 18.3307942 ], [ 82.3469442, 18.3288312 ], [ 82.348991, 18.3304389 ], [ 82.3557996, 18.3384374 ], [ 82.3631073, 18.3442227 ], [ 82.364485, 18.3527656 ], [ 82.3681841, 18.3538596 ], [ 82.3698432, 18.3560389 ], [ 82.369877, 18.3585147 ], [ 82.3768194, 18.3598382 ], [ 82.385549, 18.3675053 ], [ 82.3844475, 18.3694244 ], [ 82.3855217, 18.3771379 ], [ 82.3840188, 18.3844999 ], [ 82.3860727, 18.386274 ], [ 82.3814807, 18.3896417 ], [ 82.3796247, 18.4038013 ], [ 82.3752243, 18.4063408 ], [ 82.3709278, 18.4142468 ], [ 82.3642124, 18.4215376 ], [ 82.3757395, 18.4300343 ], [ 82.3819988, 18.4325823 ], [ 82.3866473, 18.4450136 ], [ 82.392703, 18.4486469 ], [ 82.3960258, 18.4491737 ], [ 82.3968003, 18.4542146 ], [ 82.4035191, 18.4642177 ], [ 82.4149702, 18.474429 ], [ 82.4225379, 18.4780454 ], [ 82.431925, 18.4869115 ], [ 82.4341577, 18.491765 ], [ 82.4374326, 18.4938139 ], [ 82.4377377, 18.4957633 ], [ 82.4341441, 18.4969561 ], [ 82.4340391, 18.4985653 ], [ 82.4371464, 18.5009409 ], [ 82.4386066, 18.5068166 ], [ 82.4431029, 18.5087657 ], [ 82.4447481, 18.5140889 ], [ 82.4509796, 18.5173662 ], [ 82.4578622, 18.5242212 ], [ 82.4609846, 18.5254982 ], [ 82.4641211, 18.5328743 ], [ 82.4683753, 18.5346393 ], [ 82.4734732, 18.5425783 ], [ 82.4827531, 18.5487221 ], [ 82.4889824, 18.5493417 ], [ 82.4918998, 18.5476336 ], [ 82.4935039, 18.5436361 ], [ 82.4923367, 18.5417931 ], [ 82.4840043, 18.5433181 ], [ 82.4813379, 18.5406101 ], [ 82.4839458, 18.5354529 ], [ 82.4875919, 18.5326051 ], [ 82.4862737, 18.5280524 ], [ 82.4940532, 18.524553 ], [ 82.5043315, 18.5138726 ], [ 82.5054843, 18.5135472 ], [ 82.5122768, 18.518047 ], [ 82.520281, 18.5175943 ], [ 82.5259717, 18.5163241 ], [ 82.5321612, 18.5109882 ], [ 82.5310663, 18.5087383 ], [ 82.5269778, 18.5058799 ], [ 82.52966, 18.5013044 ], [ 82.526495, 18.496288 ], [ 82.5278891, 18.4938552 ], [ 82.5319914, 18.4924306 ], [ 82.5332662, 18.4882819 ], [ 82.5282953, 18.4830499 ], [ 82.5278527, 18.4806545 ], [ 82.5318947, 18.4804908 ], [ 82.5341902, 18.4777344 ], [ 82.5308436, 18.4730314 ], [ 82.524767, 18.4716978 ], [ 82.5236779, 18.4695563 ], [ 82.5194533, 18.4672184 ], [ 82.51942, 18.4655967 ], [ 82.5238897, 18.4634872 ], [ 82.5283367, 18.4642058 ], [ 82.5273922, 18.4596639 ], [ 82.5332537, 18.4586589 ], [ 82.5372635, 18.4464284 ], [ 82.5395579, 18.4436042 ], [ 82.5444663, 18.4493833 ], [ 82.5413372, 18.4541569 ], [ 82.5423719, 18.4576272 ], [ 82.5487597, 18.4530528 ], [ 82.5525788, 18.4550365 ], [ 82.5548226, 18.454485 ], [ 82.5565889, 18.4498172 ], [ 82.5613959, 18.4484901 ], [ 82.5609542, 18.4451778 ], [ 82.5565177, 18.4429688 ], [ 82.5581541, 18.439662 ], [ 82.5505802, 18.4332952 ], [ 82.5520051, 18.4285671 ], [ 82.5457382, 18.4275204 ], [ 82.5456216, 18.4224026 ], [ 82.5414142, 18.4219082 ], [ 82.5432986, 18.4140229 ], [ 82.5471914, 18.4142895 ], [ 82.5470865, 18.4126051 ], [ 82.5354086, 18.4070526 ], [ 82.5355286, 18.4061706 ], [ 82.5408827, 18.3994273 ], [ 82.552175, 18.3979079 ], [ 82.555331, 18.3936263 ], [ 82.557113, 18.3965483 ], [ 82.562425, 18.3999563 ], [ 82.5710045, 18.3946676 ], [ 82.5758265, 18.3962269 ], [ 82.5838746, 18.386727 ], [ 82.5886327, 18.3916297 ], [ 82.5927256, 18.3890024 ], [ 82.5947956, 18.3892289 ], [ 82.5964415, 18.3829671 ], [ 82.5995163, 18.3797879 ], [ 82.6015188, 18.3793691 ], [ 82.6042719, 18.3823501 ], [ 82.605291, 18.3820298 ], [ 82.6061218, 18.3756709 ], [ 82.6032169, 18.3726505 ], [ 82.605729, 18.3700541 ], [ 82.6059854, 18.3660583 ], [ 82.6212275, 18.3597083 ], [ 82.6212266, 18.3580819 ], [ 82.6145221, 18.3509106 ], [ 82.6020447, 18.3522763 ], [ 82.60288, 18.3443543 ], [ 82.6085362, 18.3400419 ], [ 82.6111976, 18.3337126 ], [ 82.6089417, 18.3271268 ], [ 82.6012526, 18.3253437 ], [ 82.5948847, 18.3288758 ], [ 82.5884739, 18.3178788 ], [ 82.5838932, 18.3197557 ], [ 82.5813067, 18.3151689 ], [ 82.5851669, 18.3084641 ], [ 82.5918015, 18.3088246 ], [ 82.5932292, 18.310805 ], [ 82.5960624, 18.3102844 ], [ 82.5964666, 18.3063867 ], [ 82.5986552, 18.3041863 ], [ 82.5946654, 18.2982155 ], [ 82.5956553, 18.2963008 ], [ 82.595203, 18.291841 ], [ 82.5910221, 18.2897751 ], [ 82.5941889, 18.2869703 ], [ 82.5940641, 18.2847035 ], [ 82.5921516, 18.2803461 ], [ 82.5880462, 18.280299 ], [ 82.5877853, 18.2760634 ], [ 82.5926356, 18.2742928 ], [ 82.5967834, 18.2743711 ], [ 82.5969134, 18.2647925 ], [ 82.6012935, 18.2638975 ], [ 82.6042184, 18.2646862 ], [ 82.6072097, 18.2614037 ], [ 82.6138495, 18.2584248 ], [ 82.617201, 18.2557536 ], [ 82.6199957, 18.2496581 ], [ 82.6235346, 18.2463212 ], [ 82.6275515, 18.244584 ], [ 82.6315899, 18.2395755 ], [ 82.637681, 18.2367045 ], [ 82.6486333, 18.2449954 ], [ 82.6524867, 18.2499994 ], [ 82.65095, 18.2509976 ], [ 82.6496574, 18.2578213 ], [ 82.6471172, 18.2622253 ], [ 82.6422801, 18.2637668 ], [ 82.6427885, 18.2715509 ], [ 82.6485369, 18.2728658 ], [ 82.6522424, 18.2811418 ], [ 82.6438231, 18.288009 ], [ 82.6407177, 18.2962262 ], [ 82.6426499, 18.302033 ], [ 82.6511901, 18.3018599 ], [ 82.654937, 18.296989 ], [ 82.6574207, 18.2960685 ], [ 82.6622518, 18.2982989 ], [ 82.6667659, 18.2980292 ], [ 82.6690965, 18.2989034 ], [ 82.6736051, 18.3049672 ], [ 82.6763212, 18.3065606 ], [ 82.6801827, 18.3033463 ], [ 82.6844181, 18.303589 ], [ 82.691949, 18.3076425 ], [ 82.6945151, 18.3122819 ], [ 82.7016648, 18.3106372 ], [ 82.7093756, 18.3131795 ], [ 82.7085598, 18.3158431 ], [ 82.714738, 18.3223892 ], [ 82.723126, 18.3232879 ], [ 82.7249073, 18.3245323 ], [ 82.7267046, 18.3226095 ], [ 82.7342726, 18.3202416 ], [ 82.7360466, 18.323112 ], [ 82.7409797, 18.3226064 ], [ 82.7383081, 18.3269539 ], [ 82.7428701, 18.3299887 ], [ 82.7478454, 18.3289674 ], [ 82.7506369, 18.330916 ], [ 82.7551754, 18.330192 ], [ 82.7562995, 18.3333078 ], [ 82.7591922, 18.3340266 ], [ 82.7580981, 18.3376279 ], [ 82.7596886, 18.3396146 ], [ 82.7633003, 18.3389125 ], [ 82.764824, 18.3361564 ], [ 82.7684478, 18.3380563 ], [ 82.7711156, 18.3375797 ], [ 82.7714671, 18.3391078 ], [ 82.7740858, 18.3403167 ], [ 82.774123, 18.3444272 ], [ 82.7763908, 18.3492352 ], [ 82.7839375, 18.35534 ], [ 82.7905564, 18.3631878 ], [ 82.7887575, 18.3718013 ], [ 82.7847771, 18.3804081 ], [ 82.782649, 18.3818918 ], [ 82.7938629, 18.3860235 ], [ 82.7940868, 18.388917 ], [ 82.7914645, 18.3961425 ], [ 82.7938858, 18.399205 ], [ 82.7938323, 18.4013512 ], [ 82.7995384, 18.4067498 ], [ 82.7954929, 18.4090873 ], [ 82.7868829, 18.4107134 ], [ 82.7878365, 18.4169023 ], [ 82.7865571, 18.4181204 ], [ 82.7874339, 18.4191737 ], [ 82.782893, 18.4226089 ], [ 82.7821633, 18.4307878 ], [ 82.7953755, 18.4397115 ], [ 82.7976258, 18.4435569 ], [ 82.8021835, 18.4466984 ], [ 82.8031426, 18.449246 ], [ 82.8156371, 18.4509022 ], [ 82.8232193, 18.4472562 ], [ 82.8238044, 18.4435013 ], [ 82.8312226, 18.4422914 ], [ 82.8359522, 18.4392869 ], [ 82.8363785, 18.437092 ], [ 82.8455818, 18.4337729 ], [ 82.8473402, 18.4309099 ], [ 82.8486264, 18.423724 ], [ 82.8524161, 18.4192015 ], [ 82.8538427, 18.4229324 ], [ 82.8564108, 18.4254369 ], [ 82.8591364, 18.4232014 ], [ 82.8712951, 18.4184563 ], [ 82.8763978, 18.4216266 ], [ 82.8815602, 18.4206812 ], [ 82.8911649, 18.4239646 ], [ 82.8949997, 18.4241026 ], [ 82.8977789, 18.4034993 ], [ 82.893176, 18.3932281 ], [ 82.8907188, 18.390497 ], [ 82.8934109, 18.38701 ], [ 82.8941937, 18.3815681 ], [ 82.9019227, 18.3740693 ], [ 82.9108853, 18.3729451 ], [ 82.9130832, 18.3684782 ], [ 82.917861, 18.3752827 ], [ 82.9221962, 18.3754241 ], [ 82.926028, 18.3681399 ], [ 82.9397271, 18.3608187 ], [ 82.9473855, 18.3603611 ], [ 82.9537335, 18.3615744 ], [ 82.9601082, 18.3664098 ], [ 82.9669917, 18.3589264 ], [ 82.9704715, 18.3600061 ], [ 82.9831754, 18.366442 ], [ 82.982187, 18.3681191 ], [ 82.9876949, 18.3785544 ], [ 82.990273, 18.3806008 ], [ 82.9917017, 18.3785306 ], [ 82.9925816, 18.3789279 ], [ 82.9968255, 18.3855233 ], [ 82.9981738, 18.3859337 ], [ 83.0012359, 18.3831462 ], [ 83.0052766, 18.3827603 ], [ 83.0103296, 18.386045 ], [ 83.0117932, 18.3886449 ], [ 83.0159808, 18.3870467 ], [ 83.0219207, 18.3917038 ], [ 83.0257918, 18.3869289 ], [ 83.0295055, 18.3860944 ], [ 83.032219, 18.3834952 ], [ 83.0392299, 18.3834518 ], [ 83.0430754, 18.3793725 ], [ 83.0544888, 18.3799858 ], [ 83.0770513, 18.4033543 ], [ 83.076844, 18.4054027 ], [ 83.0642538, 18.4094062 ], [ 83.0574357, 18.419372 ], [ 83.0655043, 18.4229926 ], [ 83.0673116, 18.4300914 ], [ 83.063398, 18.4320672 ], [ 83.0599828, 18.4369598 ], [ 83.0585645, 18.4366816 ], [ 83.0507967, 18.4341324 ], [ 83.045976, 18.4266684 ], [ 83.0425304, 18.4242258 ], [ 83.0431257, 18.4259619 ], [ 83.037759, 18.4345439 ], [ 83.0409372, 18.4407925 ], [ 83.0366767, 18.4427038 ], [ 83.0357183, 18.4457042 ], [ 83.0330966, 18.4477954 ], [ 83.0272472, 18.4473532 ], [ 83.0246143, 18.4484565 ], [ 83.0209477, 18.456242 ], [ 83.0307306, 18.4662731 ], [ 83.0376547, 18.4686152 ], [ 83.0551102, 18.4856085 ], [ 83.0561067, 18.4897757 ], [ 83.0552064, 18.4956572 ], [ 83.057971, 18.4968422 ], [ 83.060476, 18.5020453 ], [ 83.0640059, 18.5022822 ], [ 83.0750664, 18.5145686 ], [ 83.0770101, 18.5261461 ], [ 83.08192, 18.5308302 ], [ 83.0836415, 18.5310551 ], [ 83.0892721, 18.5389061 ], [ 83.0935262, 18.5398391 ], [ 83.0950392, 18.5466424 ], [ 83.0895145, 18.5529862 ], [ 83.0838062, 18.5516583 ], [ 83.0809415, 18.5540249 ], [ 83.0788469, 18.550394 ], [ 83.0712387, 18.549755 ], [ 83.0621557, 18.5422394 ], [ 83.0584041, 18.5421448 ], [ 83.0544699, 18.544045 ], [ 83.0453542, 18.5441837 ], [ 83.0454364, 18.5459217 ], [ 83.0431733, 18.5471476 ], [ 83.038433, 18.5558745 ], [ 83.0331465, 18.5697901 ], [ 83.0299963, 18.573338 ], [ 83.0309975, 18.5775008 ], [ 83.0376609, 18.5810242 ], [ 83.0400751, 18.5864814 ], [ 83.0426194, 18.5873301 ], [ 83.0479575, 18.5865315 ], [ 83.0504783, 18.5881977 ], [ 83.0530968, 18.5881286 ], [ 83.0527925, 18.6006838 ], [ 83.0467204, 18.5987535 ], [ 83.0444363, 18.5994739 ], [ 83.0275857, 18.5925738 ], [ 83.0237902, 18.5896472 ], [ 83.0188001, 18.5934677 ], [ 83.0135621, 18.5943639 ], [ 83.0126925, 18.5993643 ], [ 83.0150077, 18.6020856 ], [ 83.0152135, 18.6054382 ], [ 83.0004701, 18.6079849 ], [ 82.9995744, 18.6195316 ], [ 83.0057537, 18.6216881 ], [ 83.0089035, 18.6268532 ], [ 83.0157577, 18.6331666 ], [ 83.0196328, 18.6351216 ], [ 83.0131284, 18.6460542 ], [ 83.0170157, 18.650222 ], [ 83.0226426, 18.651223 ], [ 83.0249975, 18.6544135 ], [ 83.0442273, 18.6584419 ], [ 83.0580236, 18.6653147 ], [ 83.0627849, 18.6836317 ], [ 83.0750137, 18.7012563 ], [ 83.0713687, 18.7016353 ], [ 83.0727908, 18.70554 ], [ 83.0815952, 18.7146652 ], [ 83.0917358, 18.7225015 ], [ 83.0942012, 18.7260013 ], [ 83.0954578, 18.7314163 ], [ 83.1016938, 18.7327465 ], [ 83.1076074, 18.7470561 ], [ 83.11242, 18.7528099 ], [ 83.1192905, 18.7570364 ], [ 83.1222073, 18.7575001 ], [ 83.1236342, 18.7605235 ], [ 83.1211404, 18.7658362 ], [ 83.115147, 18.7680946 ], [ 83.1390297, 18.7853646 ], [ 83.1518143, 18.7760719 ], [ 83.1522788, 18.7726928 ], [ 83.1564798, 18.7682319 ], [ 83.1641532, 18.7668967 ], [ 83.1650517, 18.7689367 ], [ 83.1779074, 18.7708603 ], [ 83.1931871, 18.7531222 ], [ 83.2065479, 18.7514384 ], [ 83.2080062, 18.749118 ], [ 83.2073652, 18.7457564 ], [ 83.2126913, 18.7375776 ], [ 83.211375, 18.7322277 ], [ 83.2124521, 18.7304855 ], [ 83.214637, 18.7333681 ], [ 83.2174125, 18.7444543 ], [ 83.2199417, 18.7475404 ], [ 83.2253664, 18.7509128 ], [ 83.2277178, 18.7552386 ], [ 83.2281304, 18.7610189 ], [ 83.2238071, 18.7679351 ], [ 83.2223486, 18.7727667 ], [ 83.2246075, 18.7750882 ], [ 83.2345983, 18.7740612 ], [ 83.2380843, 18.7727188 ], [ 83.2432458, 18.7682763 ], [ 83.2511487, 18.7685967 ], [ 83.253387, 18.7675626 ], [ 83.2625525, 18.7697551 ], [ 83.2640922, 18.7678938 ], [ 83.2713546, 18.7646354 ], [ 83.2813737, 18.7746024 ], [ 83.275274, 18.782905 ], [ 83.2800522, 18.7926647 ], [ 83.2843379, 18.7978782 ], [ 83.2978662, 18.8016996 ], [ 83.309306, 18.809502 ], [ 83.3194035, 18.804766 ], [ 83.3306163, 18.8063467 ], [ 83.32814, 18.8121265 ], [ 83.3282457, 18.8180818 ], [ 83.3379642, 18.8243638 ], [ 83.3477672, 18.8271127 ], [ 83.3493408, 18.8301274 ], [ 83.358675, 18.8349319 ], [ 83.363938, 18.8422756 ], [ 83.3681509, 18.84406 ], [ 83.3704447, 18.8429109 ], [ 83.3717371, 18.8390245 ], [ 83.3751854, 18.8363522 ], [ 83.3783257, 18.8306629 ], [ 83.4041297, 18.8429893 ], [ 83.4058826, 18.8425152 ], [ 83.4043656, 18.8475607 ], [ 83.4048736, 18.8619052 ], [ 83.4122938, 18.8702988 ], [ 83.4147514, 18.8749632 ], [ 83.4102356, 18.8743173 ], [ 83.4070314, 18.8771496 ], [ 83.4020194, 18.8769751 ], [ 83.3974163, 18.8785292 ], [ 83.391834, 18.8822859 ], [ 83.3912728, 18.8871973 ], [ 83.3819154, 18.8917564 ], [ 83.3817252, 18.8937367 ], [ 83.378331, 18.896955 ], [ 83.3846487, 18.9038553 ], [ 83.3931775, 18.9073807 ], [ 83.3906091, 18.9096085 ], [ 83.3850344, 18.9133154 ], [ 83.3818113, 18.9138896 ], [ 83.3768426, 18.9098123 ], [ 83.3697171, 18.9078759 ], [ 83.362393, 18.9147565 ], [ 83.3598253, 18.9147124 ], [ 83.3617033, 18.915989 ], [ 83.3591391, 18.9168752 ], [ 83.3574918, 18.9239182 ], [ 83.3534333, 18.9306035 ], [ 83.352484, 18.9434631 ], [ 83.3609752, 18.9408309 ], [ 83.370147, 18.9417163 ], [ 83.3691871, 18.9298566 ], [ 83.3706043, 18.9260362 ], [ 83.3773508, 18.9256112 ], [ 83.3820154, 18.9272898 ], [ 83.3873778, 18.9329785 ], [ 83.3830254, 18.9369406 ], [ 83.3712754, 18.9426502 ], [ 83.368379, 18.953304 ], [ 83.3658436, 18.9569354 ], [ 83.3684013, 18.9605922 ], [ 83.3671254, 18.9630064 ], [ 83.3615363, 18.96315 ], [ 83.354736, 18.9672963 ], [ 83.3509174, 18.9667939 ], [ 83.3482836, 18.9603831 ], [ 83.3508639, 18.9473989 ], [ 83.3501701, 18.9432668 ], [ 83.3438472, 18.9411249 ], [ 83.3484377, 18.9262864 ], [ 83.3352219, 18.924927 ], [ 83.3334223, 18.9262095 ], [ 83.3339183, 18.9287818 ], [ 83.326498, 18.931982 ], [ 83.324861, 18.9374848 ], [ 83.3271097, 18.9446189 ], [ 83.3378352, 18.9462948 ], [ 83.3390171, 18.9527782 ], [ 83.3337409, 18.9549356 ], [ 83.3325166, 18.9576741 ], [ 83.3348224, 18.9685238 ], [ 83.3314839, 18.9690808 ], [ 83.3283037, 18.9670344 ], [ 83.3221415, 18.9700381 ], [ 83.318742, 18.9734089 ], [ 83.3176031, 18.9802874 ], [ 83.315232, 18.9831981 ], [ 83.315904, 18.9871729 ], [ 83.3103342, 18.9956782 ], [ 83.3106462, 18.9986729 ], [ 83.3166544, 19.0012622 ], [ 83.3223746, 18.9995104 ], [ 83.3272145, 19.002403 ], [ 83.3312593, 18.9989877 ], [ 83.335811, 18.9986394 ], [ 83.3387848, 18.9970051 ], [ 83.3364868, 19.0027792 ], [ 83.3369494, 19.0059697 ], [ 83.3400282, 19.0088479 ], [ 83.3429215, 19.0181366 ], [ 83.3480179, 19.01692 ], [ 83.3504666, 19.0185236 ], [ 83.3536764, 19.017855 ], [ 83.3580517, 19.0193797 ], [ 83.3639248, 19.016681 ], [ 83.3674781, 19.016482 ], [ 83.3660548, 19.0128694 ], [ 83.3669547, 19.0117155 ], [ 83.3652856, 19.0101789 ], [ 83.3670305, 19.0093528 ], [ 83.3659249, 19.0083871 ], [ 83.3666189, 19.0060977 ], [ 83.3726129, 19.0022592 ], [ 83.3759694, 19.0029387 ], [ 83.376818, 19.0018529 ], [ 83.384635, 19.0013775 ], [ 83.3946937, 19.0059619 ], [ 83.3959794, 19.0095442 ], [ 83.3984661, 19.0084734 ], [ 83.4004733, 19.0093956 ], [ 83.4020094, 19.0062779 ], [ 83.4042179, 19.0066737 ], [ 83.4043021, 19.0046044 ], [ 83.4095536, 19.0043283 ], [ 83.411275, 19.0002553 ], [ 83.4140969, 19.0036775 ], [ 83.4158408, 19.0005028 ], [ 83.4170643, 19.0020583 ], [ 83.4196068, 19.0002638 ], [ 83.4199907, 18.9979287 ], [ 83.4188369, 18.9975962 ], [ 83.4153213, 18.9891797 ], [ 83.4196421, 18.9889336 ], [ 83.4263592, 18.9850074 ], [ 83.4291977, 18.980423 ], [ 83.4350979, 18.9758568 ], [ 83.4388838, 18.976385 ], [ 83.4403283, 18.9716156 ], [ 83.4458051, 18.9657982 ], [ 83.4435381, 18.9609525 ], [ 83.4458599, 18.9577609 ], [ 83.4618291, 18.9547814 ], [ 83.461297, 18.9560438 ], [ 83.4631651, 18.955599 ], [ 83.4626653, 18.957439 ], [ 83.4647361, 18.9627126 ], [ 83.465988, 18.9645835 ], [ 83.4678292, 18.9645544 ], [ 83.4698121, 18.9693235 ], [ 83.4685556, 18.9803672 ], [ 83.4653628, 18.9791815 ], [ 83.4641849, 18.9801049 ], [ 83.4678354, 18.9910831 ], [ 83.4659968, 18.9935505 ], [ 83.4552733, 18.9912638 ], [ 83.4553122, 18.996831 ], [ 83.450659, 19.004533 ], [ 83.4499722, 19.0095092 ], [ 83.4515666, 19.0097771 ], [ 83.4522488, 19.0125903 ], [ 83.4615217, 19.0123405 ], [ 83.4715914, 19.0072255 ], [ 83.4796802, 19.0084672 ], [ 83.4813688, 19.0097445 ], [ 83.4806796, 19.0108742 ], [ 83.4825082, 19.0150942 ], [ 83.4795847, 19.0177118 ], [ 83.4793984, 19.0221169 ], [ 83.4833475, 19.0335467 ], [ 83.4707234, 19.0429096 ], [ 83.4709269, 19.048637 ], [ 83.4678275, 19.0551447 ], [ 83.469517, 19.0576462 ], [ 83.4691977, 19.0610958 ], [ 83.4678225, 19.0631553 ], [ 83.4622943, 19.0637665 ], [ 83.4637347, 19.0696535 ], [ 83.4652033, 19.0710111 ], [ 83.4649515, 19.074523 ], [ 83.4630968, 19.0759657 ], [ 83.4662705, 19.0799014 ], [ 83.4703587, 19.0801447 ], [ 83.4729866, 19.0770479 ], [ 83.478372, 19.0792739 ], [ 83.4764986, 19.0854353 ], [ 83.47351, 19.0870337 ], [ 83.4729967, 19.0857265 ], [ 83.470995, 19.0868642 ], [ 83.4697145, 19.0857164 ], [ 83.4672599, 19.0876909 ], [ 83.4687287, 19.0919339 ], [ 83.4679767, 19.093118 ], [ 83.4736563, 19.0952724 ], [ 83.4833958, 19.0922559 ], [ 83.4863131, 19.0875399 ], [ 83.4818315, 19.0851337 ], [ 83.4824241, 19.0810278 ], [ 83.4808399, 19.0785048 ], [ 83.4867229, 19.0736526 ], [ 83.4888366, 19.0733531 ], [ 83.5006072, 19.0606496 ], [ 83.5017846, 19.0658945 ], [ 83.505548, 19.0660465 ], [ 83.5117148, 19.0703154 ], [ 83.5112003, 19.0667508 ], [ 83.5130417, 19.060684 ], [ 83.5167957, 19.0570796 ], [ 83.5147862, 19.0497738 ], [ 83.5131317, 19.0483785 ], [ 83.5193017, 19.039065 ], [ 83.514821, 19.0284563 ], [ 83.5084705, 19.0355371 ], [ 83.4964664, 19.0354694 ], [ 83.4974733, 19.0345392 ], [ 83.4954581, 19.0318526 ], [ 83.5009358, 19.0206616 ], [ 83.5037791, 19.0187266 ], [ 83.5162427, 19.0166066 ], [ 83.522493, 19.0120737 ], [ 83.5247375, 19.0145175 ], [ 83.5259085, 19.0128398 ], [ 83.5345666, 19.0130915 ], [ 83.5367052, 19.0094951 ], [ 83.538814, 19.0223754 ], [ 83.5414876, 19.0296083 ], [ 83.539842, 19.033469 ], [ 83.5417349, 19.0414846 ], [ 83.5468827, 19.0437165 ], [ 83.5516778, 19.0545502 ], [ 83.5575674, 19.0562024 ], [ 83.5554116, 19.0580609 ], [ 83.5556117, 19.0633636 ], [ 83.5485348, 19.0778698 ], [ 83.5490455, 19.0805177 ], [ 83.5544426, 19.086534 ], [ 83.5601738, 19.0870685 ], [ 83.5646888, 19.0792576 ], [ 83.5669997, 19.0717391 ], [ 83.5638104, 19.0706366 ], [ 83.5603493, 19.064499 ], [ 83.5634192, 19.0578505 ], [ 83.5670975, 19.0598989 ], [ 83.5749651, 19.0613966 ], [ 83.5797717, 19.0605437 ], [ 83.5844551, 19.0575659 ], [ 83.5840539, 19.0650757 ], [ 83.5870218, 19.0693596 ], [ 83.5847134, 19.0837096 ], [ 83.5855886, 19.0865554 ], [ 83.5929503, 19.0926738 ], [ 83.6011923, 19.0949144 ], [ 83.6030746, 19.0925896 ], [ 83.6106142, 19.0960633 ], [ 83.6089562, 19.1020964 ], [ 83.6034138, 19.1121308 ], [ 83.5978086, 19.1188065 ], [ 83.5991264, 19.1301615 ], [ 83.6016522, 19.1355258 ], [ 83.6047047, 19.1359927 ], [ 83.6079694, 19.1396894 ], [ 83.6159611, 19.1370519 ], [ 83.6187602, 19.1413239 ], [ 83.6208038, 19.1416786 ], [ 83.6222929, 19.1478203 ], [ 83.6274734, 19.1506495 ], [ 83.6277871, 19.1566545 ], [ 83.6260341, 19.1626664 ], [ 83.6339225, 19.1594562 ], [ 83.6372583, 19.1535144 ], [ 83.6344095, 19.1518323 ], [ 83.6349356, 19.1496576 ], [ 83.6317029, 19.140841 ], [ 83.6370078, 19.1314776 ], [ 83.6421168, 19.1319235 ], [ 83.6467527, 19.1298115 ], [ 83.6527139, 19.1315632 ], [ 83.6549629, 19.1296208 ], [ 83.6543845, 19.1227444 ], [ 83.6496361, 19.1232593 ], [ 83.6470364, 19.118398 ], [ 83.6504545, 19.1173871 ], [ 83.6510529, 19.1093464 ], [ 83.6555708, 19.1088026 ], [ 83.6575843, 19.1025475 ], [ 83.6614302, 19.0989115 ], [ 83.6628225, 19.0989501 ], [ 83.6625432, 19.0951481 ], [ 83.6638921, 19.0921937 ], [ 83.6603818, 19.0844247 ], [ 83.6610179, 19.0811376 ], [ 83.664355, 19.0757121 ], [ 83.6679584, 19.075371 ], [ 83.6746297, 19.0720823 ], [ 83.6765897, 19.0652047 ], [ 83.6852525, 19.0585321 ], [ 83.6912008, 19.0472982 ], [ 83.6930214, 19.0386076 ], [ 83.6985338, 19.0318812 ], [ 83.6978381, 19.030546 ], [ 83.7001389, 19.0254512 ], [ 83.7046204, 19.0234126 ], [ 83.7096864, 19.0246431 ], [ 83.71616, 19.0236768 ], [ 83.7244684, 19.0205429 ], [ 83.7300169, 19.0219554 ], [ 83.7238924, 19.0102488 ], [ 83.7212143, 19.0093084 ], [ 83.7180713, 19.0104337 ], [ 83.7103051, 19.0071752 ], [ 83.7088269, 19.0055852 ], [ 83.7094769, 19.0026365 ], [ 83.7132009, 18.9980291 ], [ 83.7141996, 18.9929867 ], [ 83.7181698, 18.9934205 ], [ 83.7330127, 18.9877118 ], [ 83.7324581, 18.9799094 ], [ 83.7343996, 18.9691762 ], [ 83.7387874, 18.9603572 ], [ 83.740541, 18.9500692 ], [ 83.7468119, 18.943579 ], [ 83.7476639, 18.9370786 ], [ 83.7538587, 18.925131 ], [ 83.7631688, 18.9272815 ], [ 83.7663614, 18.9226651 ], [ 83.769388, 18.914304 ], [ 83.7718367, 18.9146465 ], [ 83.7782434, 18.9113634 ], [ 83.7878908, 18.9158688 ], [ 83.7875709, 18.9191829 ], [ 83.7850477, 18.9237896 ], [ 83.784456, 18.9335953 ], [ 83.7788469, 18.9366635 ], [ 83.7762182, 18.9452491 ], [ 83.7725829, 18.9443239 ], [ 83.7696473, 18.954756 ], [ 83.7638995, 18.9529277 ], [ 83.7616289, 18.9504649 ], [ 83.7589552, 18.9506131 ], [ 83.7573569, 18.9593142 ], [ 83.7558698, 18.9597742 ], [ 83.7550575, 18.9623191 ], [ 83.7553051, 18.9713177 ], [ 83.7480702, 18.9740438 ], [ 83.7448535, 18.9879788 ], [ 83.7475321, 18.9959076 ], [ 83.7515502, 18.9986786 ], [ 83.7527313, 18.9977671 ], [ 83.7538371, 18.9992088 ], [ 83.7550287, 18.9986127 ], [ 83.758676, 19.0022293 ], [ 83.7606517, 19.0025971 ], [ 83.7628051, 18.9984927 ], [ 83.7648606, 19.0054011 ], [ 83.7716971, 19.0080841 ], [ 83.7788016, 19.0074628 ], [ 83.781983, 19.0083946 ], [ 83.7812825, 19.0139355 ], [ 83.7780614, 19.0154693 ], [ 83.7779058, 19.0175348 ], [ 83.780525, 19.0186241 ], [ 83.781982, 19.0177489 ], [ 83.794688, 19.017977 ], [ 83.7934806, 19.0082407 ], [ 83.7951243, 19.0036837 ], [ 83.7968619, 19.0009156 ], [ 83.8089263, 18.9922829 ], [ 83.8105222, 18.9852246 ], [ 83.817733, 18.9715334 ], [ 83.8217617, 18.9602291 ], [ 83.8190061, 18.9451974 ], [ 83.8197306, 18.9392569 ], [ 83.8289391, 18.9306046 ], [ 83.8261308, 18.918587 ], [ 83.8265774, 18.9162837 ], [ 83.8307085, 18.9147521 ], [ 83.8403172, 18.9185087 ], [ 83.8433967, 18.917162 ], [ 83.8457877, 18.9135828 ], [ 83.8488992, 18.8998968 ], [ 83.8436755, 18.876275 ], [ 83.8460051, 18.8690974 ], [ 83.8513748, 18.8595613 ], [ 83.8687004, 18.8507636 ], [ 83.8877254, 18.830961 ], [ 83.8911563, 18.8250919 ], [ 83.8931623, 18.8144732 ], [ 83.896127, 18.815642 ], [ 83.8996301, 18.8244026 ], [ 83.9047562, 18.8273992 ], [ 83.9119923, 18.825962 ], [ 83.9158049, 18.8279616 ], [ 83.9176731, 18.8242959 ], [ 83.9226299, 18.8235878 ], [ 83.9232781, 18.8218291 ], [ 83.9263435, 18.8224349 ], [ 83.9281101, 18.8188621 ], [ 83.9316483, 18.8158782 ], [ 83.9346272, 18.8162792 ], [ 83.93465, 18.8181528 ], [ 83.9375367, 18.8181597 ], [ 83.9381046, 18.8158533 ], [ 83.9423208, 18.8154577 ], [ 83.9417435, 18.80833 ], [ 83.9501615, 18.8051773 ], [ 83.9553895, 18.806486 ], [ 83.9587691, 18.8096467 ], [ 83.9609598, 18.8140834 ], [ 83.9628061, 18.8128902 ], [ 83.965093, 18.8146156 ], [ 83.9778518, 18.814173 ], [ 83.9798058, 18.812521 ], [ 83.9848738, 18.8119395 ], [ 83.9868605, 18.8100486 ], [ 83.9884522, 18.810896 ], [ 83.9872136, 18.8114988 ], [ 83.9938502, 18.8136057 ], [ 83.9956742, 18.8112652 ], [ 83.9999009, 18.8105433 ], [ 84.0010708, 18.8113882 ], [ 84.0052181, 18.8087375 ], [ 84.0098965, 18.811688 ], [ 84.0157313, 18.8087526 ], [ 84.0174373, 18.812802 ], [ 84.0168764, 18.8161153 ], [ 84.0154659, 18.8170632 ], [ 84.0191742, 18.8164499 ], [ 84.0191152, 18.8179161 ], [ 84.0225212, 18.8158986 ], [ 84.0252219, 18.8170476 ], [ 84.0248276, 18.8154795 ], [ 84.0329638, 18.8115961 ], [ 84.0377829, 18.8130451 ], [ 84.0384833, 18.8164328 ], [ 84.0456072, 18.8128804 ], [ 84.044257, 18.8060561 ], [ 84.0459855, 18.8050633 ], [ 84.0454517, 18.8036013 ], [ 84.0466859, 18.8016076 ], [ 84.0510954, 18.7990771 ], [ 84.0585132, 18.8000148 ], [ 84.0598768, 18.7991751 ], [ 84.0587303, 18.7985929 ], [ 84.0574202, 18.7934428 ], [ 84.0583993, 18.791735 ], [ 84.0613655, 18.7923371 ], [ 84.0616256, 18.7907295 ], [ 84.0587181, 18.7908508 ], [ 84.0587287, 18.7896908 ], [ 84.057265, 18.7893699 ], [ 84.0600181, 18.7851081 ], [ 84.0599119, 18.7824235 ], [ 84.0620106, 18.7813823 ], [ 84.0679899, 18.7823113 ], [ 84.0692231, 18.778146 ], [ 84.0718663, 18.7776819 ], [ 84.0737495, 18.7757523 ], [ 84.076417, 18.7644452 ], [ 84.0803396, 18.7653461 ], [ 84.0797144, 18.7645057 ], [ 84.0811745, 18.7641945 ], [ 84.0813957, 18.7653898 ], [ 84.0852297, 18.7664878 ], [ 84.0847511, 18.7642729 ], [ 84.0895899, 18.7639873 ], [ 84.0894625, 18.7567804 ], [ 84.0968807, 18.7605434 ], [ 84.1032737, 18.7602679 ], [ 84.1134922, 18.7668726 ], [ 84.1177091, 18.7655382 ], [ 84.1223839, 18.7679442 ], [ 84.1246793, 18.7639392 ], [ 84.1267788, 18.7653259 ], [ 84.1297917, 18.7651238 ], [ 84.1325601, 18.7606023 ], [ 84.1380898, 18.7614906 ], [ 84.141995, 18.7642997 ], [ 84.1389096, 18.7688031 ], [ 84.1403875, 18.7772722 ], [ 84.146219, 18.7771628 ], [ 84.1517615, 18.7835406 ], [ 84.1541614, 18.7831619 ], [ 84.1565076, 18.7845792 ], [ 84.158427, 18.7828928 ], [ 84.1592191, 18.7856813 ], [ 84.1583416, 18.7868552 ], [ 84.1634956, 18.7893039 ], [ 84.1655881, 18.7877555 ], [ 84.1697185, 18.7882153 ], [ 84.1722864, 18.7828956 ], [ 84.1747923, 18.7821255 ], [ 84.1757743, 18.7800816 ], [ 84.1827059, 18.7819606 ], [ 84.1899385, 18.777704 ], [ 84.1946801, 18.7833193 ], [ 84.1934194, 18.7875937 ], [ 84.1953427, 18.7916768 ], [ 84.1975203, 18.7918449 ], [ 84.1981016, 18.7908107 ], [ 84.200112, 18.7922089 ], [ 84.2004532, 18.7904893 ], [ 84.207581, 18.789147 ], [ 84.2132604, 18.7905456 ], [ 84.2180837, 18.7901075 ], [ 84.2189144, 18.7911853 ], [ 84.2137724, 18.793998 ], [ 84.2143983, 18.7954249 ], [ 84.2191945, 18.7949187 ], [ 84.2218532, 18.7978342 ], [ 84.2239038, 18.7970926 ], [ 84.2263082, 18.7987671 ], [ 84.2322507, 18.7971534 ], [ 84.2338304, 18.7947705 ], [ 84.2367409, 18.7985519 ], [ 84.2408028, 18.7971446 ], [ 84.2412807, 18.7913773 ], [ 84.2435823, 18.7915152 ], [ 84.2424755, 18.7899141 ], [ 84.2431365, 18.7886237 ], [ 84.2490271, 18.7857896 ], [ 84.25322, 18.7879777 ], [ 84.2559218, 18.7879859 ], [ 84.2584618, 18.7842263 ], [ 84.2609667, 18.7832201 ], [ 84.2681169, 18.7845619 ], [ 84.2864894, 18.7923021 ], [ 84.2887711, 18.7984213 ], [ 84.2886615, 18.8046593 ], [ 84.3049869, 18.798259 ], [ 84.3059234, 18.7942272 ], [ 84.3089778, 18.7941402 ], [ 84.312593, 18.7903727 ], [ 84.3212584, 18.7864924 ], [ 84.3249316, 18.7904371 ], [ 84.3245395, 18.7948426 ], [ 84.3265917, 18.7987865 ], [ 84.3364485, 18.7984399 ], [ 84.3361321, 18.8010721 ], [ 84.3380998, 18.8004501 ], [ 84.3390053, 18.8022645 ], [ 84.3445454, 18.8017971 ], [ 84.3418345, 18.8089781 ], [ 84.3369152, 18.8115583 ], [ 84.3342409, 18.8151862 ], [ 84.3310527, 18.8150097 ], [ 84.3310552, 18.8178497 ], [ 84.334367, 18.8177074 ], [ 84.3340992, 18.8199567 ], [ 84.3393191, 18.8196881 ], [ 84.3426552, 18.8222189 ], [ 84.3494079, 18.8200577 ], [ 84.3512535, 18.8227026 ], [ 84.3520142, 18.8271065 ], [ 84.3506575, 18.8277509 ], [ 84.3511845, 18.8295193 ], [ 84.3522304, 18.8290466 ], [ 84.3521115, 18.8314875 ], [ 84.3596031, 18.8312147 ], [ 84.3638496, 18.8371219 ], [ 84.3612612, 18.8388957 ], [ 84.3612339, 18.8421643 ], [ 84.3449882, 18.8490491 ], [ 84.3416338, 18.8542567 ], [ 84.3330603, 18.8605137 ], [ 84.3309405, 18.8676893 ], [ 84.3256043, 18.8760918 ], [ 84.3305332, 18.8832151 ], [ 84.3370228, 18.8899831 ], [ 84.3560512, 18.8693528 ], [ 84.357788, 18.8693008 ], [ 84.3620603, 18.860882 ], [ 84.3644958, 18.8613274 ], [ 84.3665026, 18.8640199 ], [ 84.3699006, 18.8608395 ], [ 84.3742269, 18.8613884 ], [ 84.3773322, 18.8645114 ], [ 84.3789943, 18.8717004 ], [ 84.3842022, 18.8741397 ], [ 84.3809693, 18.877163 ], [ 84.3758074, 18.8789745 ], [ 84.3725914, 18.8780667 ], [ 84.3663687, 18.8850313 ], [ 84.3625502, 18.8871532 ], [ 84.3602665, 18.8945527 ], [ 84.3649534, 18.8896933 ], [ 84.3706792, 18.8866228 ], [ 84.3742667, 18.8865246 ], [ 84.382557, 18.8814175 ], [ 84.3833504, 18.8828646 ], [ 84.3814831, 18.8864277 ], [ 84.3881104, 18.8842408 ], [ 84.3913272, 18.8798973 ], [ 84.3921325, 18.8762964 ], [ 84.3953706, 18.8797689 ], [ 84.3951792, 18.8820239 ], [ 84.3976076, 18.8820352 ], [ 84.3983269, 18.8836797 ], [ 84.3975181, 18.8902832 ], [ 84.3959568, 18.8930742 ], [ 84.3903263, 18.8958173 ], [ 84.3851493, 18.8959206 ], [ 84.3850485, 18.8978336 ], [ 84.3806199, 18.9001371 ], [ 84.3781418, 18.9032943 ], [ 84.3789339, 18.9042175 ], [ 84.3855595, 18.9003557 ], [ 84.3889395, 18.9029588 ], [ 84.393534, 18.9043328 ], [ 84.3941197, 18.9008146 ], [ 84.4000873, 18.8953085 ], [ 84.4097107, 18.8951223 ], [ 84.4128765, 18.8971668 ], [ 84.4180181, 18.8972021 ], [ 84.4213447, 18.9011585 ], [ 84.4221903, 18.9054147 ], [ 84.4204744, 18.9108858 ], [ 84.4167595, 18.9146043 ], [ 84.4185728, 18.9173208 ], [ 84.4205269, 18.9176685 ], [ 84.4214997, 18.9139435 ], [ 84.4244299, 18.9103493 ], [ 84.4283926, 18.9090225 ], [ 84.4301924, 18.9113954 ], [ 84.4311082, 18.9166639 ], [ 84.4360804, 18.9203856 ], [ 84.4376529, 18.9196396 ], [ 84.4380246, 18.9204621 ], [ 84.438181, 18.9251465 ], [ 84.4394657, 18.9270832 ], [ 84.4385716, 18.9315726 ], [ 84.4375799, 18.9325117 ], [ 84.4276838, 18.9320902 ], [ 84.4310283, 18.9358527 ], [ 84.4281968, 18.9422657 ], [ 84.4242198, 18.9472539 ], [ 84.4260146, 18.9527469 ], [ 84.429923, 18.9553478 ], [ 84.4324284, 18.9590895 ], [ 84.4314723, 18.9628204 ], [ 84.4294118, 18.9648589 ], [ 84.4310729, 18.9691894 ], [ 84.4373433, 18.970369 ], [ 84.4416788, 18.9686499 ], [ 84.4460474, 18.9719296 ], [ 84.4450543, 18.9732435 ], [ 84.4477291, 18.9755651 ], [ 84.4505838, 18.9766565 ], [ 84.4524262, 18.9759775 ], [ 84.4446832, 18.9832624 ], [ 84.443296, 18.9904992 ], [ 84.4322188, 18.9950506 ], [ 84.432498, 19.0065548 ], [ 84.4282369, 19.007674 ], [ 84.4240705, 19.0131246 ], [ 84.4220113, 19.0127482 ], [ 84.4210854, 19.0219914 ], [ 84.4257333, 19.0192072 ], [ 84.4240982, 19.0159471 ], [ 84.4245799, 19.0139535 ], [ 84.4316034, 19.0134823 ], [ 84.4326227, 19.0107964 ], [ 84.435523, 19.0101909 ], [ 84.4371222, 19.0071292 ], [ 84.4405595, 19.0074116 ], [ 84.4416063, 19.0035295 ], [ 84.4448344, 19.0044455 ], [ 84.4496081, 19.0030034 ], [ 84.454377, 19.0000032 ], [ 84.455818, 18.9973274 ], [ 84.4603596, 18.9967803 ], [ 84.4605917, 18.9930582 ], [ 84.4647385, 18.9916071 ], [ 84.4648915, 18.9937314 ], [ 84.4667784, 18.9938791 ], [ 84.4702713, 18.9914164 ], [ 84.4743436, 18.9917566 ], [ 84.4760277, 18.9880409 ], [ 84.4788932, 18.9884592 ], [ 84.4829324, 19.0048689 ], [ 84.4826423, 19.0165689 ], [ 84.4850234, 19.0192427 ], [ 84.4887747, 19.0195061 ], [ 84.4943674, 19.0290012 ], [ 84.5004724, 19.0331658 ], [ 84.5053191, 19.0338635 ], [ 84.5117337, 19.0402401 ], [ 84.516379, 19.048426 ], [ 84.5241197, 19.0486971 ], [ 84.5261345, 19.0460374 ], [ 84.5360625, 19.0502884 ], [ 84.5432717, 19.0550535 ], [ 84.5566027, 19.0565809 ], [ 84.5623397, 19.0617504 ], [ 84.5662127, 19.0680781 ], [ 84.5728648, 19.07372 ], [ 84.5738783, 19.0732682 ], [ 84.5715764, 19.0695758 ], [ 84.5747022, 19.0675668 ], [ 84.5766297, 19.0676102 ], [ 84.5818453, 19.073111 ], [ 84.583095, 19.07273 ], [ 84.5833752, 19.0681457 ], [ 84.5804583, 19.0600246 ], [ 84.5818234, 19.0589092 ], [ 84.5815191, 19.0530212 ], [ 84.5830509, 19.0492391 ], [ 84.5786771, 19.0456595 ], [ 84.57729, 19.040471 ], [ 84.5832864, 19.0424823 ], [ 84.5812645, 19.0375157 ], [ 84.5822997, 19.0348786 ], [ 84.5816662, 19.0300883 ], [ 84.5847009, 19.0290623 ], [ 84.587783, 19.0250791 ], [ 84.5915408, 19.0229561 ], [ 84.5941479, 19.0222585 ], [ 84.594859, 19.0249727 ], [ 84.5966898, 19.0257688 ], [ 84.6009011, 19.0247894 ], [ 84.6019783, 19.0324395 ], [ 84.6037629, 19.0341425 ], [ 84.6058531, 19.0416972 ], [ 84.6117558, 19.0502903 ], [ 84.6142681, 19.0519395 ], [ 84.6128112, 19.0535282 ], [ 84.6134279, 19.0565663 ], [ 84.6176075, 19.0545341 ], [ 84.6207425, 19.0561415 ], [ 84.6209227, 19.0584919 ], [ 84.6224277, 19.0598525 ], [ 84.617046, 19.06093 ], [ 84.6183524, 19.0658672 ], [ 84.6229918, 19.0669269 ], [ 84.6278226, 19.0662079 ], [ 84.6291338, 19.0645042 ], [ 84.6306379, 19.0646049 ], [ 84.6298718, 19.0617004 ], [ 84.6310107, 19.0604191 ], [ 84.6371149, 19.0599781 ], [ 84.6416135, 19.0672744 ], [ 84.6539439, 19.0675356 ], [ 84.6546747, 19.0658966 ], [ 84.6579611, 19.065559 ], [ 84.6575799, 19.064308 ], [ 84.661131, 19.0630389 ], [ 84.6630824, 19.0746062 ], [ 84.6694785, 19.0743756 ], [ 84.6708523, 19.0763301 ], [ 84.6634717, 19.0823963 ], [ 84.6638788, 19.0875721 ], [ 84.6586777, 19.0919586 ], [ 84.6586633, 19.0943338 ], [ 84.6531896, 19.09309 ], [ 84.647041, 19.0962629 ], [ 84.644243, 19.092908 ], [ 84.6368401, 19.089738 ], [ 84.6367845, 19.0859485 ], [ 84.6343282, 19.0886671 ], [ 84.6311965, 19.0821015 ], [ 84.631931, 19.0865634 ], [ 84.6304183, 19.0843901 ], [ 84.6254948, 19.0849136 ], [ 84.6260018, 19.0876659 ], [ 84.6241116, 19.0883142 ], [ 84.6250137, 19.091663 ], [ 84.6226785, 19.0938637 ], [ 84.6249001, 19.0956353 ], [ 84.6254777, 19.0990929 ], [ 84.6196542, 19.1043959 ], [ 84.618666, 19.1000841 ], [ 84.6095452, 19.1007787 ], [ 84.6112822, 19.1068478 ], [ 84.6084124, 19.107533 ], [ 84.6055179, 19.1175382 ], [ 84.601864, 19.1231758 ], [ 84.6027633, 19.1230882 ], [ 84.60285, 19.1266207 ], [ 84.5960058, 19.1287891 ], [ 84.59553, 19.1324495 ], [ 84.6032771, 19.1319275 ], [ 84.6071982, 19.1291789 ], [ 84.6141581, 19.1278876 ], [ 84.6248325, 19.1279626 ], [ 84.6297776, 19.1266807 ], [ 84.6308556, 19.1267081 ], [ 84.6310224, 19.1296771 ], [ 84.6436266, 19.1297082 ], [ 84.644078, 19.1337239 ], [ 84.6542644, 19.1293745 ], [ 84.6555554, 19.130809 ], [ 84.6599452, 19.1315016 ], [ 84.6673184, 19.1298567 ], [ 84.6666919, 19.1318402 ], [ 84.6697421, 19.1379437 ], [ 84.6716554, 19.1482189 ], [ 84.6710154, 19.1562309 ], [ 84.6679317, 19.1541732 ], [ 84.6687393, 19.1629892 ], [ 84.6709061, 19.1660423 ], [ 84.6725238, 19.1645546 ], [ 84.6741935, 19.1664589 ] ], [ [ 84.349532, 18.7909551 ], [ 84.3501111, 18.7875725 ], [ 84.3517132, 18.7857711 ], [ 84.3532191, 18.7897972 ], [ 84.3504254, 18.7917263 ], [ 84.349532, 18.7909551 ] ], [ [ 84.3395916, 18.7894005 ], [ 84.3311132, 18.7895367 ], [ 84.3292729, 18.7871987 ], [ 84.3362953, 18.7828698 ], [ 84.3393616, 18.778692 ], [ 84.3386584, 18.7878385 ], [ 84.3395916, 18.7894005 ] ], [ [ 82.2045932, 16.7484809 ], [ 82.1965607, 16.7392215 ], [ 82.1881424, 16.7401022 ], [ 82.1824473, 16.7371101 ], [ 82.1869134, 16.7283263 ], [ 82.2014107, 16.7205165 ], [ 82.210366, 16.7197641 ], [ 82.2232726, 16.7218567 ], [ 82.2352358, 16.7167728 ], [ 82.2543705, 16.7036198 ], [ 82.2612829, 16.7019151 ], [ 82.2725164, 16.7027352 ], [ 82.2841736, 16.7053288 ], [ 82.2929953, 16.7096644 ], [ 82.302644, 16.718257 ], [ 82.3106161, 16.7350373 ], [ 82.3088534, 16.7455085 ], [ 82.3055321, 16.7525295 ], [ 82.3015004, 16.7551811 ], [ 82.2968762, 16.753123 ], [ 82.2928658, 16.7466587 ], [ 82.2885057, 16.7349073 ], [ 82.2715036, 16.7315124 ], [ 82.2348534, 16.7292723 ], [ 82.2282382, 16.7303975 ], [ 82.2187862, 16.7399854 ], [ 82.217825, 16.7433058 ], [ 82.2275817, 16.7568886 ], [ 82.2296128, 16.7623608 ], [ 82.2254675, 16.7636952 ], [ 82.2189228, 16.7602303 ], [ 82.2150237, 16.7557191 ], [ 82.2045932, 16.7484809 ] ], [ [ 79.8427287, 13.3241462 ], [ 79.8437313, 13.3216337 ], [ 79.8451146, 13.3230433 ], [ 79.846842, 13.322613 ], [ 79.8469806, 13.3237524 ], [ 79.8500499, 13.3237393 ], [ 79.8493482, 13.3247903 ], [ 79.8476511, 13.3243513 ], [ 79.8456677, 13.3275767 ], [ 79.8427287, 13.3241462 ] ] ] } }
]
}
