{
"type": "FeatureCollection",
"name": "29",
"crs": { "type": "name", "properties": { "name": "urn:ogc:def:crs:OGC:1.3:CRS84" } },
"features": [
{ "type": "Feature", "properties": { "code": "29", "name": "KARNATAKA", "type": "state" }, "geometry": { "type": "MultiPolygon", "coordinates": [ [ [ [ 74.2416672, 14.7115147 ], [ 74.2401313, 14.7087268 ], [ 74.2377158, 14.7092742 ], [ 74.2389591, 14.7113645 ], [ 74.2416672, 14.7115147 ] ] ], [ [ [ 74.1567704, 14.7367856 ], [ 74.1523858, 14.7400214 ], [ 74.1533887, 14.7422131 ], [ 74.15808, 14.738727 ], [ 74.1567704, 14.7367856 ] ] ], [ [ [ 74.1134164, 14.7576761 ], [ 74.1190494, 14.7551955 ], [ 74.1195046, 14.7527869 ], [ 74.1113825, 14.7553579 ], [ 74.1096737, 14.7539343 ], [ 74.1104909, 14.7564423 ], [ 74.1078947, 14.7590948 ], [ 74.1093017, 14.7615035 ], [ 74.1109085, 14.7618831 ], [ 74.1134164, 14.7576761 ] ] ], [ [ [ 74.08897, 14.7937077 ], [ 74.0872189, 14.7936848 ], [ 74.0859923, 14.7963598 ], [ 74.0889836, 14.7955017 ], [ 74.08897, 14.7937077 ] ] ], [ [ [ 74.0557164, 14.8172664 ], [ 74.0573474, 14.8154006 ], [ 74.0539934, 14.8163394 ], [ 74.0557164, 14.8172664 ] ] ], [ [ [ 74.0657491, 14.8201026 ], [ 74.0626603, 14.8192883 ], [ 74.0620884, 14.8209104 ], [ 74.0641694, 14.8213448 ], [ 74.0657491, 14.8201026 ] ] ], [ [ [ 74.0580607, 14.8221611 ], [ 74.0614472, 14.8216649 ], [ 74.0616566, 14.8202234 ], [ 74.057114, 14.8189298 ], [ 74.0565841, 14.8204706 ], [ 74.0579172, 14.8205929 ], [ 74.0580607, 14.8221611 ] ] ], [ [ [ 74.0936411, 14.8358203 ], [ 74.0925306, 14.8369046 ], [ 74.0934455, 14.8386762 ], [ 74.0956848, 14.83808 ], [ 74.0936411, 14.8358203 ] ] ], [ [ [ 74.097319, 14.846386 ], [ 74.1019046, 14.8436932 ], [ 74.1007434, 14.841176 ], [ 74.0968688, 14.8428657 ], [ 74.0961391, 14.8457577 ], [ 74.097319, 14.846386 ] ] ], [ [ [ 74.1075613, 14.8657098 ], [ 74.1066089, 14.8648376 ], [ 74.1062651, 14.8652759 ], [ 74.1075613, 14.8657098 ] ] ], [ [ [ 74.2912383, 15.8320083 ], [ 74.3035883, 15.8064413 ], [ 74.3100665, 15.8014579 ], [ 74.3134143, 15.7964323 ], [ 74.3094356, 15.7911849 ], [ 74.30234, 15.7874598 ], [ 74.2978747, 15.7909658 ], [ 74.2967265, 15.7941401 ], [ 74.2932985, 15.7952734 ], [ 74.2891477, 15.7914245 ], [ 74.2898235, 15.7877287 ], [ 74.2855959, 15.788097 ], [ 74.2748576, 15.7960921 ], [ 74.2723914, 15.7964151 ], [ 74.2708098, 15.7951629 ], [ 74.2664748, 15.7977955 ], [ 74.2679439, 15.8002733 ], [ 74.2661882, 15.809782 ], [ 74.2689936, 15.8165678 ], [ 74.263682, 15.8243334 ], [ 74.2616613, 15.829591 ], [ 74.2784789, 15.8293005 ], [ 74.2912383, 15.8320083 ] ] ], [ [ [ 77.3274516, 18.451716 ], [ 77.3360318, 18.450155 ], [ 77.3356755, 18.4424497 ], [ 77.3452183, 18.4336111 ], [ 77.3475044, 18.4339592 ], [ 77.3479578, 18.4394708 ], [ 77.3511721, 18.4424285 ], [ 77.3534851, 18.4476666 ], [ 77.3656359, 18.4515641 ], [ 77.3674989, 18.4469562 ], [ 77.3618385, 18.4372792 ], [ 77.3620281, 18.4355784 ], [ 77.3644586, 18.4345191 ], [ 77.3621493, 18.4298884 ], [ 77.3654035, 18.4277179 ], [ 77.3672642, 18.4186942 ], [ 77.3706456, 18.4187914 ], [ 77.3683885, 18.4125254 ], [ 77.3704994, 18.4077887 ], [ 77.372331, 18.4067272 ], [ 77.3728282, 18.4013132 ], [ 77.3884304, 18.3995349 ], [ 77.3921996, 18.3997243 ], [ 77.3929002, 18.4013296 ], [ 77.3955669, 18.4019896 ], [ 77.4001643, 18.4019981 ], [ 77.4008313, 18.3998771 ], [ 77.4035736, 18.3996463 ], [ 77.4140943, 18.3931075 ], [ 77.4132871, 18.3850699 ], [ 77.409836, 18.3774114 ], [ 77.402594, 18.3739274 ], [ 77.4017473, 18.3719156 ], [ 77.3964571, 18.3704654 ], [ 77.3948698, 18.3684547 ], [ 77.398929, 18.3597857 ], [ 77.4001486, 18.3474464 ], [ 77.3945647, 18.3476616 ], [ 77.3941951, 18.3419968 ], [ 77.3891809, 18.3437477 ], [ 77.3854861, 18.3408115 ], [ 77.3841593, 18.3424673 ], [ 77.3824278, 18.3422528 ], [ 77.3809805, 18.338911 ], [ 77.38094, 18.331022 ], [ 77.3756182, 18.3320525 ], [ 77.3716047, 18.3252085 ], [ 77.3567244, 18.3202021 ], [ 77.3579562, 18.3166743 ], [ 77.3657897, 18.3071248 ], [ 77.3759612, 18.3091128 ], [ 77.3851181, 18.3093115 ], [ 77.3881072, 18.30656 ], [ 77.3948539, 18.3035892 ], [ 77.4014212, 18.3044853 ], [ 77.4089952, 18.3014687 ], [ 77.4170321, 18.306432 ], [ 77.4255626, 18.3078801 ], [ 77.4283078, 18.3123647 ], [ 77.4376648, 18.3103138 ], [ 77.4365116, 18.2932287 ], [ 77.4404801, 18.2826573 ], [ 77.4458578, 18.2838085 ], [ 77.4455805, 18.2766211 ], [ 77.447578, 18.2699952 ], [ 77.4517795, 18.2697225 ], [ 77.4513199, 18.267814 ], [ 77.4523339, 18.2669779 ], [ 77.4650375, 18.262536 ], [ 77.4757489, 18.2646629 ], [ 77.4797325, 18.2681778 ], [ 77.4813795, 18.2723562 ], [ 77.4926671, 18.2672035 ], [ 77.4962801, 18.2747141 ], [ 77.4986633, 18.2767469 ], [ 77.5052206, 18.2770237 ], [ 77.5096156, 18.281813 ], [ 77.5115575, 18.2820493 ], [ 77.5120464, 18.2907399 ], [ 77.5102316, 18.2924791 ], [ 77.511086, 18.2953012 ], [ 77.5088202, 18.3042823 ], [ 77.5099852, 18.3075652 ], [ 77.5126314, 18.3095985 ], [ 77.5237275, 18.3082102 ], [ 77.5327177, 18.2986991 ], [ 77.5404814, 18.2944927 ], [ 77.5541072, 18.2908769 ], [ 77.5613409, 18.2849492 ], [ 77.5669377, 18.2872809 ], [ 77.5702102, 18.2925303 ], [ 77.5725571, 18.2933023 ], [ 77.5761613, 18.288733 ], [ 77.5818493, 18.2853842 ], [ 77.6054172, 18.281349 ], [ 77.6042999, 18.2787662 ], [ 77.6011698, 18.2776227 ], [ 77.5948866, 18.2653074 ], [ 77.5911853, 18.2624118 ], [ 77.5831501, 18.2607835 ], [ 77.5737844, 18.2449878 ], [ 77.5717796, 18.2440019 ], [ 77.573155, 18.2424332 ], [ 77.5730116, 18.2394442 ], [ 77.5805179, 18.2321687 ], [ 77.5798805, 18.2281575 ], [ 77.5818474, 18.226972 ], [ 77.5814948, 18.2248553 ], [ 77.5853147, 18.2198203 ], [ 77.5805792, 18.2138494 ], [ 77.5748215, 18.2016271 ], [ 77.5721481, 18.2035149 ], [ 77.5655054, 18.2041823 ], [ 77.5638845, 18.2019379 ], [ 77.5634605, 18.196129 ], [ 77.564049, 18.1942615 ], [ 77.5706888, 18.1921693 ], [ 77.5747222, 18.1740977 ], [ 77.5771564, 18.1724927 ], [ 77.5813139, 18.1623167 ], [ 77.5842159, 18.1592338 ], [ 77.5923951, 18.1554402 ], [ 77.5968429, 18.1559476 ], [ 77.5944034, 18.1327242 ], [ 77.5969907, 18.1236745 ], [ 77.5991607, 18.1209945 ], [ 77.6015541, 18.1059034 ], [ 77.5988745, 18.0982487 ], [ 77.5988037, 18.0933313 ], [ 77.5972069, 18.0871365 ], [ 77.5956379, 18.0860278 ], [ 77.585513, 18.0818429 ], [ 77.5835812, 18.0824583 ], [ 77.5759226, 18.078059 ], [ 77.5691834, 18.0781164 ], [ 77.5659217, 18.076674 ], [ 77.5597138, 18.0718823 ], [ 77.557425, 18.0637313 ], [ 77.5483352, 18.0652105 ], [ 77.5476357, 18.0561311 ], [ 77.5496107, 18.0543893 ], [ 77.5494786, 18.0512419 ], [ 77.5518345, 18.0506954 ], [ 77.5537863, 18.0358209 ], [ 77.5606143, 18.0362247 ], [ 77.5805946, 18.0315823 ], [ 77.5832465, 18.0282621 ], [ 77.5848913, 18.0167856 ], [ 77.5885902, 18.0121563 ], [ 77.5911744, 18.0114543 ], [ 77.5958559, 18.012851 ], [ 77.6016428, 18.0198402 ], [ 77.6059338, 18.020233 ], [ 77.6079439, 18.0179579 ], [ 77.6074707, 18.0098539 ], [ 77.6196618, 18.0064937 ], [ 77.6277874, 17.9967872 ], [ 77.6387453, 17.9964525 ], [ 77.6463373, 17.99928 ], [ 77.6489056, 17.9988776 ], [ 77.6520398, 17.9938943 ], [ 77.6513356, 17.9876963 ], [ 77.6482141, 17.9802562 ], [ 77.6558552, 17.9688393 ], [ 77.6495144, 17.9590685 ], [ 77.6494849, 17.9500153 ], [ 77.6408997, 17.9541135 ], [ 77.6406208, 17.9518907 ], [ 77.6372132, 17.9523248 ], [ 77.6351272, 17.9592458 ], [ 77.6332911, 17.9603663 ], [ 77.6330129, 17.9673821 ], [ 77.6245445, 17.9596029 ], [ 77.632885, 17.9558035 ], [ 77.6325119, 17.9466734 ], [ 77.6229447, 17.9455215 ], [ 77.618683, 17.9394903 ], [ 77.6219965, 17.9295743 ], [ 77.6190388, 17.9040598 ], [ 77.6051839, 17.9078117 ], [ 77.5999938, 17.9041382 ], [ 77.5891682, 17.907877 ], [ 77.5860632, 17.9078357 ], [ 77.5849981, 17.9019264 ], [ 77.5859909, 17.8938446 ], [ 77.5958264, 17.8813552 ], [ 77.6003701, 17.8806014 ], [ 77.5990765, 17.8730873 ], [ 77.5944859, 17.8723321 ], [ 77.5834277, 17.8770327 ], [ 77.5808664, 17.8753654 ], [ 77.5805889, 17.8734462 ], [ 77.5763988, 17.8754194 ], [ 77.5734566, 17.8691888 ], [ 77.569999, 17.8676473 ], [ 77.5693248, 17.8515643 ], [ 77.5648435, 17.8511879 ], [ 77.5674352, 17.8454197 ], [ 77.5606827, 17.8386455 ], [ 77.5540261, 17.8200679 ], [ 77.5490022, 17.8196264 ], [ 77.5466966, 17.8284846 ], [ 77.5323762, 17.8291106 ], [ 77.5282214, 17.8278978 ], [ 77.5290315, 17.8129312 ], [ 77.5269372, 17.8133051 ], [ 77.521647, 17.8107092 ], [ 77.5151572, 17.8054654 ], [ 77.5090041, 17.7877856 ], [ 77.5075841, 17.7878643 ], [ 77.5065574, 17.7859527 ], [ 77.5123318, 17.7821297 ], [ 77.5175139, 17.7824941 ], [ 77.5221127, 17.780554 ], [ 77.526356, 17.7816314 ], [ 77.5269983, 17.779897 ], [ 77.5286719, 17.7806568 ], [ 77.5343933, 17.7776282 ], [ 77.5375091, 17.7799337 ], [ 77.5405422, 17.7777711 ], [ 77.5402565, 17.7743781 ], [ 77.5460551, 17.7716558 ], [ 77.548238, 17.7670624 ], [ 77.5501001, 17.7672082 ], [ 77.554859, 17.7639709 ], [ 77.5598279, 17.7634176 ], [ 77.5662779, 17.7667531 ], [ 77.5691495, 17.766492 ], [ 77.5689811, 17.7623718 ], [ 77.5672658, 17.7595974 ], [ 77.5685342, 17.7489064 ], [ 77.5643864, 17.7478564 ], [ 77.560941, 17.7428093 ], [ 77.5580091, 17.7413852 ], [ 77.5566952, 17.7373774 ], [ 77.5486104, 17.735766 ], [ 77.5462267, 17.7328239 ], [ 77.5470241, 17.728457 ], [ 77.5459639, 17.7268407 ], [ 77.5421879, 17.7289367 ], [ 77.5332831, 17.7276767 ], [ 77.5313262, 17.7286697 ], [ 77.5285891, 17.7251669 ], [ 77.5220075, 17.7260265 ], [ 77.5182423, 17.7235802 ], [ 77.516552, 17.7201592 ], [ 77.5116536, 17.7209245 ], [ 77.5095432, 17.7189281 ], [ 77.509144, 17.7162922 ], [ 77.5046945, 17.7155755 ], [ 77.5014505, 17.7166352 ], [ 77.4970621, 17.7155148 ], [ 77.4922692, 17.7081256 ], [ 77.4860091, 17.7079259 ], [ 77.4848913, 17.7091431 ], [ 77.4841505, 17.7056047 ], [ 77.4821757, 17.7059988 ], [ 77.4797328, 17.7039354 ], [ 77.4774522, 17.7053462 ], [ 77.4719076, 17.7029997 ], [ 77.4673165, 17.7028844 ], [ 77.4588679, 17.6986231 ], [ 77.4578228, 17.6963005 ], [ 77.4524302, 17.6947034 ], [ 77.45216, 17.691139 ], [ 77.4550435, 17.6889287 ], [ 77.453704, 17.6864942 ], [ 77.4534879, 17.677111 ], [ 77.4548205, 17.6744811 ], [ 77.4489284, 17.6594303 ], [ 77.4482183, 17.6511224 ], [ 77.4500134, 17.6505796 ], [ 77.4497186, 17.6439567 ], [ 77.4522331, 17.6399982 ], [ 77.4520762, 17.6364202 ], [ 77.4558917, 17.6341779 ], [ 77.4557543, 17.6324884 ], [ 77.4511473, 17.6232062 ], [ 77.4487299, 17.6093449 ], [ 77.4447629, 17.6094067 ], [ 77.4461384, 17.5964673 ], [ 77.4432867, 17.5916885 ], [ 77.4449804, 17.5862486 ], [ 77.443119, 17.5839632 ], [ 77.4556196, 17.5823322 ], [ 77.4585813, 17.5799728 ], [ 77.4618129, 17.580753 ], [ 77.4705938, 17.5733851 ], [ 77.4708239, 17.571858 ], [ 77.4742529, 17.5720099 ], [ 77.4762303, 17.5706129 ], [ 77.478051, 17.5668035 ], [ 77.4940657, 17.5683579 ], [ 77.4961842, 17.5596147 ], [ 77.5004326, 17.5561942 ], [ 77.499442, 17.5517797 ], [ 77.5000295, 17.5467247 ], [ 77.5068988, 17.542279 ], [ 77.5154399, 17.5524174 ], [ 77.5164907, 17.5591495 ], [ 77.5283834, 17.5753655 ], [ 77.5374363, 17.5754421 ], [ 77.5451235, 17.5643905 ], [ 77.5505593, 17.5517338 ], [ 77.5542366, 17.5538496 ], [ 77.5608493, 17.5525688 ], [ 77.5673661, 17.5563568 ], [ 77.5819666, 17.5598846 ], [ 77.5880954, 17.5600029 ], [ 77.5890711, 17.5646975 ], [ 77.5937999, 17.5645131 ], [ 77.5972257, 17.5537252 ], [ 77.5955836, 17.5448746 ], [ 77.5956227, 17.536589 ], [ 77.5968993, 17.5343032 ], [ 77.6030115, 17.5358401 ], [ 77.6078151, 17.5324703 ], [ 77.6120625, 17.5347567 ], [ 77.6193571, 17.528875 ], [ 77.6209722, 17.5303975 ], [ 77.6233881, 17.5256268 ], [ 77.6279604, 17.5236345 ], [ 77.6369967, 17.5257124 ], [ 77.6452651, 17.5223822 ], [ 77.6620096, 17.5228227 ], [ 77.6665429, 17.5171295 ], [ 77.6686417, 17.5116083 ], [ 77.6730154, 17.5094207 ], [ 77.6754554, 17.5086224 ], [ 77.6774932, 17.5099798 ], [ 77.6834159, 17.5081756 ], [ 77.6859682, 17.5091959 ], [ 77.6877159, 17.5118203 ], [ 77.6887986, 17.5109389 ], [ 77.6921289, 17.5017758 ], [ 77.6924475, 17.4974302 ], [ 77.6880051, 17.4894261 ], [ 77.6896318, 17.4828115 ], [ 77.6884021, 17.4751961 ], [ 77.6768031, 17.4783574 ], [ 77.6705274, 17.477889 ], [ 77.6573649, 17.4809185 ], [ 77.6554397, 17.4830828 ], [ 77.6522753, 17.4828523 ], [ 77.6533274, 17.4938947 ], [ 77.6568923, 17.5064611 ], [ 77.6499522, 17.4998883 ], [ 77.6478755, 17.4960754 ], [ 77.6476579, 17.4871708 ], [ 77.6447852, 17.4775662 ], [ 77.6405106, 17.4764642 ], [ 77.6382414, 17.4735187 ], [ 77.61734, 17.4738847 ], [ 77.6152311, 17.4728907 ], [ 77.6132638, 17.4674149 ], [ 77.6142714, 17.4459464 ], [ 77.6029183, 17.4441516 ], [ 77.5870024, 17.4519472 ], [ 77.5842388, 17.4545038 ], [ 77.5761861, 17.4561676 ], [ 77.5751921, 17.4457682 ], [ 77.5758618, 17.4307144 ], [ 77.561509, 17.4376137 ], [ 77.5526887, 17.4370504 ], [ 77.537301, 17.4437469 ], [ 77.5325975, 17.4423776 ], [ 77.5129984, 17.4308703 ], [ 77.5141738, 17.4141812 ], [ 77.5298338, 17.4081763 ], [ 77.5360738, 17.4079804 ], [ 77.5378441, 17.4060928 ], [ 77.5372346, 17.4022507 ], [ 77.5242855, 17.3879962 ], [ 77.5249715, 17.3849023 ], [ 77.5264023, 17.3840718 ], [ 77.5262153, 17.3819302 ], [ 77.5300463, 17.3801295 ], [ 77.5331515, 17.3804969 ], [ 77.5327067, 17.3762048 ], [ 77.530322, 17.3746899 ], [ 77.5298019, 17.3707113 ], [ 77.5248226, 17.3646953 ], [ 77.5157588, 17.3603847 ], [ 77.5081282, 17.3594903 ], [ 77.5026252, 17.3570652 ], [ 77.4882008, 17.3587269 ], [ 77.4838185, 17.3549974 ], [ 77.4787436, 17.3574263 ], [ 77.4764306, 17.3608114 ], [ 77.4744315, 17.3615127 ], [ 77.4765329, 17.3637117 ], [ 77.4759989, 17.3684096 ], [ 77.4790959, 17.3707212 ], [ 77.4536062, 17.3739899 ], [ 77.4522315, 17.3718851 ], [ 77.4528554, 17.3673851 ], [ 77.4510644, 17.3593801 ], [ 77.4521359, 17.3564792 ], [ 77.451678, 17.3526798 ], [ 77.4548672, 17.3517841 ], [ 77.4570576, 17.3474099 ], [ 77.4560249, 17.331396 ], [ 77.4524543, 17.3274748 ], [ 77.4521907, 17.3175531 ], [ 77.4488434, 17.3096209 ], [ 77.4476527, 17.3074979 ], [ 77.4455974, 17.3077381 ], [ 77.4429765, 17.3012244 ], [ 77.4405091, 17.3013016 ], [ 77.4379259, 17.2919188 ], [ 77.4548778, 17.2872415 ], [ 77.4586889, 17.2807297 ], [ 77.4585352, 17.2789973 ], [ 77.4535585, 17.2760986 ], [ 77.4508148, 17.2705334 ], [ 77.4439961, 17.2705493 ], [ 77.4357822, 17.2601828 ], [ 77.4263297, 17.2564624 ], [ 77.4224574, 17.2502023 ], [ 77.4204186, 17.2376248 ], [ 77.4114482, 17.2376717 ], [ 77.4103908, 17.2404143 ], [ 77.4082705, 17.2412053 ], [ 77.4049458, 17.2365297 ], [ 77.3801876, 17.2225305 ], [ 77.3829612, 17.2179763 ], [ 77.388762, 17.2153241 ], [ 77.3959355, 17.2138642 ], [ 77.4019762, 17.2141211 ], [ 77.4037479, 17.2098921 ], [ 77.3983889, 17.2103126 ], [ 77.3964095, 17.2075296 ], [ 77.3938936, 17.1943966 ], [ 77.3902274, 17.1963848 ], [ 77.3817431, 17.1976547 ], [ 77.3722717, 17.1955628 ], [ 77.3739592, 17.1945508 ], [ 77.3733529, 17.1908687 ], [ 77.3714399, 17.1899696 ], [ 77.3694565, 17.1863235 ], [ 77.3719008, 17.181128 ], [ 77.370068, 17.1761581 ], [ 77.3662001, 17.1722093 ], [ 77.366769, 17.1693043 ], [ 77.3626148, 17.1644833 ], [ 77.3638791, 17.1621838 ], [ 77.3637243, 17.1587817 ], [ 77.3668166, 17.1589807 ], [ 77.3659192, 17.1559672 ], [ 77.3668967, 17.154413 ], [ 77.3781706, 17.1526603 ], [ 77.3789929, 17.1478306 ], [ 77.3779168, 17.1399422 ], [ 77.3845424, 17.140028 ], [ 77.4038216, 17.1329151 ], [ 77.4066584, 17.1245112 ], [ 77.4360031, 17.114981 ], [ 77.4384892, 17.1168461 ], [ 77.4422902, 17.1165694 ], [ 77.4457957, 17.1179552 ], [ 77.4495534, 17.1150172 ], [ 77.4542752, 17.1148529 ], [ 77.4556316, 17.1114503 ], [ 77.4591919, 17.1090995 ], [ 77.4636228, 17.1099968 ], [ 77.4646883, 17.1077599 ], [ 77.4628551, 17.0940891 ], [ 77.4672526, 17.08633 ], [ 77.4765598, 17.0794312 ], [ 77.4809801, 17.0792347 ], [ 77.4819412, 17.0758457 ], [ 77.4789834, 17.0726275 ], [ 77.4799268, 17.0688032 ], [ 77.4834536, 17.0589069 ], [ 77.4898365, 17.0505361 ], [ 77.4876566, 17.0495298 ], [ 77.4881061, 17.0471712 ], [ 77.4966513, 17.0427206 ], [ 77.494946, 17.0270893 ], [ 77.4976992, 17.0216209 ], [ 77.5006216, 17.0192855 ], [ 77.5025316, 17.0141045 ], [ 77.5022016, 17.0093741 ], [ 77.4978275, 17.0093273 ], [ 77.4918746, 17.0036606 ], [ 77.4865589, 17.0032117 ], [ 77.4795162, 16.9960175 ], [ 77.4790553, 16.9945042 ], [ 77.4828911, 16.9856469 ], [ 77.4813413, 16.9704302 ], [ 77.4782979, 16.968367 ], [ 77.4721466, 16.9571421 ], [ 77.4659458, 16.9589296 ], [ 77.4652285, 16.9566133 ], [ 77.4672063, 16.9498489 ], [ 77.4648378, 16.9441843 ], [ 77.4680426, 16.9415444 ], [ 77.4682858, 16.9395924 ], [ 77.4669293, 16.9384402 ], [ 77.4642022, 16.9298533 ], [ 77.4694114, 16.9280618 ], [ 77.4694353, 16.9191974 ], [ 77.4665167, 16.915107 ], [ 77.4592023, 16.9173114 ], [ 77.4584248, 16.914907 ], [ 77.4540159, 16.9138977 ], [ 77.4547023, 16.9103726 ], [ 77.4579133, 16.9095065 ], [ 77.4564591, 16.8999242 ], [ 77.4583385, 16.8940906 ], [ 77.4558961, 16.8853427 ], [ 77.460357, 16.8847509 ], [ 77.4600148, 16.8746848 ], [ 77.4640581, 16.8505926 ], [ 77.459483, 16.8328548 ], [ 77.457083, 16.8301798 ], [ 77.4632383, 16.8222102 ], [ 77.462437, 16.8137436 ], [ 77.4664593, 16.8083247 ], [ 77.465703, 16.8059214 ], [ 77.4742571, 16.8023184 ], [ 77.4746933, 16.7930994 ], [ 77.4733874, 16.7892099 ], [ 77.476494, 16.7883698 ], [ 77.474498, 16.7812403 ], [ 77.4671948, 16.7804529 ], [ 77.4410698, 16.7862301 ], [ 77.4394988, 16.7891316 ], [ 77.4377203, 16.7833679 ], [ 77.4378818, 16.7747111 ], [ 77.4397851, 16.7721759 ], [ 77.4396259, 16.7685677 ], [ 77.4431491, 16.7625106 ], [ 77.4408563, 16.7587612 ], [ 77.4395034, 16.7519615 ], [ 77.4333041, 16.7366878 ], [ 77.4298007, 16.7348 ], [ 77.4269556, 16.7289117 ], [ 77.4283202, 16.7265964 ], [ 77.4303598, 16.7263745 ], [ 77.4309651, 16.7231244 ], [ 77.4260679, 16.7228738 ], [ 77.427672, 16.7166356 ], [ 77.4328047, 16.7173014 ], [ 77.4364181, 16.7125157 ], [ 77.438462, 16.7116792 ], [ 77.4402302, 16.7135583 ], [ 77.4412278, 16.7131159 ], [ 77.4419784, 16.7170318 ], [ 77.4461316, 16.7164924 ], [ 77.4471845, 16.7207279 ], [ 77.45216, 16.7195951 ], [ 77.4577942, 16.7159423 ], [ 77.4613307, 16.7189952 ], [ 77.4629572, 16.7179689 ], [ 77.463811, 16.7191749 ], [ 77.4740496, 16.7165588 ], [ 77.4711583, 16.7117794 ], [ 77.471389, 16.7061978 ], [ 77.4698923, 16.7055992 ], [ 77.4698017, 16.68703 ], [ 77.4638975, 16.6763031 ], [ 77.4477165, 16.6793095 ], [ 77.4465809, 16.6760702 ], [ 77.4442275, 16.6756869 ], [ 77.442552, 16.6698452 ], [ 77.434548, 16.6709764 ], [ 77.4281701, 16.6682 ], [ 77.4188604, 16.6685723 ], [ 77.4190123, 16.6584373 ], [ 77.4297218, 16.6562029 ], [ 77.4385957, 16.6453297 ], [ 77.4378125, 16.6438842 ], [ 77.4343423, 16.6433562 ], [ 77.4343436, 16.6413821 ], [ 77.4415797, 16.641103 ], [ 77.4446817, 16.6392328 ], [ 77.4564858, 16.6468102 ], [ 77.4570213, 16.649679 ], [ 77.4614323, 16.6511186 ], [ 77.4624037, 16.6542714 ], [ 77.4729071, 16.652802 ], [ 77.4761107, 16.6501071 ], [ 77.4734609, 16.645434 ], [ 77.4708589, 16.6437544 ], [ 77.4706886, 16.6404969 ], [ 77.4682494, 16.6359527 ], [ 77.4643767, 16.6324979 ], [ 77.4639249, 16.6282375 ], [ 77.4561621, 16.6229859 ], [ 77.4536478, 16.6167472 ], [ 77.4581869, 16.6107207 ], [ 77.4677895, 16.6097575 ], [ 77.4673966, 16.5988369 ], [ 77.4639099, 16.5992063 ], [ 77.4622524, 16.5976615 ], [ 77.4648272, 16.5924167 ], [ 77.4622237, 16.5854778 ], [ 77.4397108, 16.587147 ], [ 77.4308527, 16.5788665 ], [ 77.4285512, 16.5736519 ], [ 77.4256347, 16.572187 ], [ 77.4237577, 16.568881 ], [ 77.4153667, 16.5675227 ], [ 77.4117786, 16.5708577 ], [ 77.4049386, 16.5718934 ], [ 77.403594, 16.5718078 ], [ 77.4000095, 16.5675249 ], [ 77.3928745, 16.5699744 ], [ 77.3926211, 16.5639923 ], [ 77.3975031, 16.5647615 ], [ 77.3999609, 16.555737 ], [ 77.4041772, 16.5541775 ], [ 77.4037568, 16.5511945 ], [ 77.4087863, 16.5503951 ], [ 77.4104537, 16.5490033 ], [ 77.4190171, 16.5489244 ], [ 77.4181767, 16.5229629 ], [ 77.4191168, 16.5223783 ], [ 77.4174052, 16.5207495 ], [ 77.4168863, 16.5172999 ], [ 77.4022055, 16.5215154 ], [ 77.3949782, 16.5196863 ], [ 77.3910249, 16.516203 ], [ 77.3814374, 16.5157109 ], [ 77.3777888, 16.5137048 ], [ 77.3727165, 16.5096564 ], [ 77.3700705, 16.5045821 ], [ 77.3690128, 16.4886714 ], [ 77.3547015, 16.4887787 ], [ 77.3514324, 16.4910601 ], [ 77.3463748, 16.4903681 ], [ 77.3462019, 16.4881089 ], [ 77.3443851, 16.486943 ], [ 77.3430924, 16.4879322 ], [ 77.3295637, 16.4859054 ], [ 77.3235739, 16.4868437 ], [ 77.320299, 16.4922151 ], [ 77.2987129, 16.4961615 ], [ 77.2993204, 16.4879069 ], [ 77.2947764, 16.4803461 ], [ 77.2939966, 16.4766703 ], [ 77.264993, 16.4725134 ], [ 77.2507276, 16.4749316 ], [ 77.2504412, 16.4760791 ], [ 77.245813, 16.4777312 ], [ 77.2397667, 16.476248 ], [ 77.235761, 16.4727439 ], [ 77.2444089, 16.4633142 ], [ 77.2480135, 16.4619476 ], [ 77.2620744, 16.4518385 ], [ 77.2689503, 16.4304616 ], [ 77.2762801, 16.4244379 ], [ 77.288211, 16.4087016 ], [ 77.2974522, 16.406898 ], [ 77.3043026, 16.4017271 ], [ 77.3139325, 16.3980071 ], [ 77.3334195, 16.3953689 ], [ 77.3490971, 16.3838454 ], [ 77.3558372, 16.3826353 ], [ 77.3780461, 16.3855643 ], [ 77.4017045, 16.3713031 ], [ 77.4114387, 16.3674477 ], [ 77.4209484, 16.3662305 ], [ 77.4295326, 16.3696624 ], [ 77.4371125, 16.3786067 ], [ 77.4409839, 16.3807654 ], [ 77.4746742, 16.3817691 ], [ 77.489691, 16.3850148 ], [ 77.4953521, 16.3811576 ], [ 77.4988336, 16.3810579 ], [ 77.5143663, 16.3749745 ], [ 77.5233988, 16.3758331 ], [ 77.5314268, 16.3637639 ], [ 77.5387723, 16.3582051 ], [ 77.5460406, 16.3569295 ], [ 77.555001, 16.348768 ], [ 77.5684799, 16.3437118 ], [ 77.5727204, 16.3409341 ], [ 77.5939226, 16.3438936 ], [ 77.5956639, 16.3413907 ], [ 77.5952364, 16.3396347 ], [ 77.5880332, 16.3333739 ], [ 77.5908322, 16.3292763 ], [ 77.59, 16.3254988 ], [ 77.592368, 16.3237416 ], [ 77.5953822, 16.3181212 ], [ 77.5920163, 16.3021665 ], [ 77.5933692, 16.297445 ], [ 77.5978097, 16.2931126 ], [ 77.5819996, 16.2913384 ], [ 77.5687886, 16.3032956 ], [ 77.5632058, 16.3016355 ], [ 77.5531299, 16.2970913 ], [ 77.5450759, 16.2917115 ], [ 77.5408214, 16.2854564 ], [ 77.5368979, 16.266804 ], [ 77.5328236, 16.271681 ], [ 77.5293352, 16.2728024 ], [ 77.5296033, 16.275484 ], [ 77.5275031, 16.2752933 ], [ 77.5218694, 16.2780286 ], [ 77.5138561, 16.2778437 ], [ 77.5104291, 16.2745886 ], [ 77.5048148, 16.2758009 ], [ 77.5051426, 16.2676003 ], [ 77.5024044, 16.2630578 ], [ 77.4972246, 16.2585969 ], [ 77.490066, 16.2551805 ], [ 77.4929784, 16.2440765 ], [ 77.492343, 16.2292973 ], [ 77.4950637, 16.2271179 ], [ 77.5035565, 16.2309366 ], [ 77.5131675, 16.2308472 ], [ 77.5156574, 16.2277895 ], [ 77.514992, 16.221956 ], [ 77.5121538, 16.2209198 ], [ 77.5027894, 16.2236616 ], [ 77.5011491, 16.2217178 ], [ 77.4981841, 16.2095602 ], [ 77.4995457, 16.2062685 ], [ 77.4994851, 16.1985601 ], [ 77.491324, 16.1845303 ], [ 77.486152, 16.1629842 ], [ 77.4906757, 16.1595841 ], [ 77.4915967, 16.135017 ], [ 77.4897933, 16.1196301 ], [ 77.4945045, 16.1191875 ], [ 77.5002225, 16.1205911 ], [ 77.5023093, 16.117172 ], [ 77.5108146, 16.1122697 ], [ 77.5105348, 16.1111265 ], [ 77.5132756, 16.1080238 ], [ 77.5087499, 16.1091932 ], [ 77.5009319, 16.1061884 ], [ 77.493658, 16.0863436 ], [ 77.5068754, 16.0796355 ], [ 77.5026114, 16.0588119 ], [ 77.4994355, 16.061022 ], [ 77.4965799, 16.0550167 ], [ 77.4994567, 16.0537225 ], [ 77.4968108, 16.0471212 ], [ 77.4978696, 16.0440887 ], [ 77.4953498, 16.0416998 ], [ 77.49431, 16.037539 ], [ 77.4955776, 16.030984 ], [ 77.498034, 16.0299775 ], [ 77.4974551, 16.0286702 ], [ 77.5022518, 16.0224701 ], [ 77.50267, 16.018711 ], [ 77.5043382, 16.0182059 ], [ 77.5044124, 16.0113288 ], [ 77.5140521, 16.0080763 ], [ 77.5113102, 15.9964762 ], [ 77.5095546, 15.9803952 ], [ 77.5110926, 15.9793713 ], [ 77.5106624, 15.975159 ], [ 77.5150922, 15.9704948 ], [ 77.5163971, 15.9673598 ], [ 77.5198078, 15.9669135 ], [ 77.5173609, 15.9451656 ], [ 77.5134382, 15.9267925 ], [ 77.498744, 15.9331783 ], [ 77.4761697, 15.9350846 ], [ 77.4659979, 15.9345015 ], [ 77.4545577, 15.9386494 ], [ 77.4443343, 15.9441073 ], [ 77.4295966, 15.9490635 ], [ 77.4225675, 15.9474881 ], [ 77.4163131, 15.9423924 ], [ 77.4100598, 15.9422443 ], [ 77.3976935, 15.9444824 ], [ 77.390095, 15.9414962 ], [ 77.380101, 15.9397659 ], [ 77.3612459, 15.949421 ], [ 77.3481421, 15.9513176 ], [ 77.3379003, 15.9498474 ], [ 77.3240623, 15.9501561 ], [ 77.311428, 15.9533967 ], [ 77.301072, 15.9579976 ], [ 77.2898225, 15.9542881 ], [ 77.2846759, 15.953807 ], [ 77.2605078, 15.9600305 ], [ 77.2488664, 15.9645554 ], [ 77.2354713, 15.957139 ], [ 77.2185891, 15.9579466 ], [ 77.2049548, 15.9550419 ], [ 77.1852882, 15.9567425 ], [ 77.1740918, 15.9507717 ], [ 77.1593336, 15.9508601 ], [ 77.1522439, 15.9490808 ], [ 77.1431412, 15.9446986 ], [ 77.1373266, 15.9381833 ], [ 77.1056508, 15.9299812 ], [ 77.0845737, 15.9186411 ], [ 77.0710301, 15.9088282 ], [ 77.0612353, 15.8944766 ], [ 77.0558937, 15.8815425 ], [ 77.0353922, 15.8610779 ], [ 77.0326166, 15.8569151 ], [ 77.030063, 15.8475471 ], [ 77.0251868, 15.8375115 ], [ 77.0358548, 15.8295525 ], [ 77.038384, 15.8309181 ], [ 77.038318, 15.8323098 ], [ 77.0406937, 15.8327445 ], [ 77.0425576, 15.8288368 ], [ 77.0476634, 15.8300361 ], [ 77.048089, 15.8279714 ], [ 77.0509772, 15.8304034 ], [ 77.0534376, 15.8288408 ], [ 77.0545765, 15.828909 ], [ 77.0544874, 15.8300792 ], [ 77.0588842, 15.8299949 ], [ 77.0631411, 15.829585 ], [ 77.0654709, 15.827349 ], [ 77.0637329, 15.8031879 ], [ 77.0671166, 15.8026919 ], [ 77.0680147, 15.7957969 ], [ 77.0671724, 15.7877356 ], [ 77.0664126, 15.7850468 ], [ 77.0609431, 15.7862561 ], [ 77.05695, 15.7687048 ], [ 77.0523115, 15.7698735 ], [ 77.0510583, 15.7645187 ], [ 77.0564575, 15.7628261 ], [ 77.0543089, 15.756174 ], [ 77.0479913, 15.7562169 ], [ 77.0459465, 15.7403675 ], [ 77.0493834, 15.740041 ], [ 77.049098, 15.7302582 ], [ 77.0796887, 15.7275108 ], [ 77.0788658, 15.7162549 ], [ 77.0874075, 15.7154885 ], [ 77.0825692, 15.6986964 ], [ 77.0806429, 15.6985289 ], [ 77.0786939, 15.695144 ], [ 77.0937936, 15.6903844 ], [ 77.0950254, 15.6883602 ], [ 77.1092288, 15.6814621 ], [ 77.1092854, 15.679882 ], [ 77.1141965, 15.6779832 ], [ 77.1133944, 15.6756876 ], [ 77.1213723, 15.6710891 ], [ 77.120139, 15.6676087 ], [ 77.1288837, 15.6658647 ], [ 77.1214232, 15.6310849 ], [ 77.1156363, 15.6325125 ], [ 77.1083241, 15.6378349 ], [ 77.106249, 15.6374416 ], [ 77.1074658, 15.6400308 ], [ 77.1046675, 15.6430264 ], [ 77.1033991, 15.6428364 ], [ 77.1013605, 15.6485026 ], [ 77.0909508, 15.6533947 ], [ 77.0869839, 15.6576317 ], [ 77.0831894, 15.6591454 ], [ 77.0717251, 15.6466532 ], [ 77.0459867, 15.6386381 ], [ 77.034325, 15.6367988 ], [ 77.0340406, 15.6345648 ], [ 77.0304324, 15.6344927 ], [ 77.0300677, 15.6268334 ], [ 77.0314619, 15.6268341 ], [ 77.0311104, 15.6209869 ], [ 77.0327192, 15.6206261 ], [ 77.0312968, 15.6115927 ], [ 77.0327861, 15.607608 ], [ 77.0318032, 15.605529 ], [ 77.0329132, 15.6049827 ], [ 77.026239, 15.5817359 ], [ 77.0313152, 15.5440753 ], [ 77.0313562, 15.5070947 ], [ 77.0300398, 15.5026479 ], [ 77.0288368, 15.5004573 ], [ 77.0227932, 15.5022379 ], [ 77.0147918, 15.5018272 ], [ 77.0094588, 15.5046125 ], [ 76.9923259, 15.5057935 ], [ 76.9745308, 15.5105065 ], [ 76.9740178, 15.4982341 ], [ 76.9770987, 15.4897648 ], [ 76.9912142, 15.4828988 ], [ 76.9973015, 15.4780065 ], [ 77.0086273, 15.4512617 ], [ 77.0107707, 15.4487421 ], [ 77.0275044, 15.4397406 ], [ 77.033528, 15.4328892 ], [ 77.0348406, 15.4302862 ], [ 77.033902, 15.4192689 ], [ 77.02897, 15.4076843 ], [ 77.0292286, 15.4043603 ], [ 77.0329428, 15.3997081 ], [ 77.0396255, 15.3970239 ], [ 77.0454557, 15.3929229 ], [ 77.0472484, 15.3900219 ], [ 77.0474224, 15.3834014 ], [ 77.041346, 15.370989 ], [ 77.0418289, 15.3619222 ], [ 77.0447433, 15.3556906 ], [ 77.0590338, 15.3489572 ], [ 77.0648964, 15.3435521 ], [ 77.0660115, 15.3377351 ], [ 77.0637273, 15.3280183 ], [ 77.0743891, 15.3258881 ], [ 77.1014476, 15.3336771 ], [ 77.113101, 15.3336782 ], [ 77.1125876, 15.3274315 ], [ 77.1169862, 15.3257469 ], [ 77.1168986, 15.313415 ], [ 77.1184898, 15.3134427 ], [ 77.1183752, 15.2948506 ], [ 77.1196108, 15.2945424 ], [ 77.1197186, 15.2957359 ], [ 77.1332651, 15.2927982 ], [ 77.1515776, 15.292435 ], [ 77.1519442, 15.2756841 ], [ 77.1471004, 15.2749452 ], [ 77.1471355, 15.2729214 ], [ 77.1528533, 15.2740625 ], [ 77.1529546, 15.2729602 ], [ 77.1591542, 15.2692301 ], [ 77.1592602, 15.2678416 ], [ 77.166931, 15.2685842 ], [ 77.1676717, 15.2584956 ], [ 77.1616313, 15.2591211 ], [ 77.1558725, 15.2569369 ], [ 77.1437775, 15.2572136 ], [ 77.1430427, 15.2518444 ], [ 77.1405415, 15.251718 ], [ 77.1402767, 15.2474843 ], [ 77.1362178, 15.2409594 ], [ 77.1328294, 15.2416916 ], [ 77.1325129, 15.2396942 ], [ 77.1263869, 15.2404387 ], [ 77.1251204, 15.2269393 ], [ 77.135561, 15.2253787 ], [ 77.1357844, 15.226165 ], [ 77.1441614, 15.2239684 ], [ 77.1453995, 15.2251025 ], [ 77.1476565, 15.2239094 ], [ 77.1471862, 15.2208051 ], [ 77.1519736, 15.2175716 ], [ 77.1516579, 15.2146998 ], [ 77.1548178, 15.2148214 ], [ 77.1593112, 15.200998 ], [ 77.1619451, 15.2011105 ], [ 77.1661868, 15.1883398 ], [ 77.1691336, 15.1713486 ], [ 77.1674214, 15.171245 ], [ 77.1672544, 15.1681585 ], [ 77.1648665, 15.1682043 ], [ 77.1628316, 15.1573595 ], [ 77.1407558, 15.1585863 ], [ 77.1393923, 15.1546325 ], [ 77.1354051, 15.1497478 ], [ 77.1347211, 15.1482928 ], [ 77.1371403, 15.1477956 ], [ 77.1377869, 15.1435344 ], [ 77.149003, 15.1414188 ], [ 77.1497471, 15.1397648 ], [ 77.1531431, 15.1393714 ], [ 77.1532689, 15.1409846 ], [ 77.1572789, 15.140469 ], [ 77.1563276, 15.1229316 ], [ 77.1501676, 15.1116081 ], [ 77.142083, 15.1045684 ], [ 77.1369386, 15.1042479 ], [ 77.1369572, 15.1023364 ], [ 77.1301199, 15.1007685 ], [ 77.1282129, 15.0723134 ], [ 77.1208145, 15.0539985 ], [ 77.1195035, 15.0456928 ], [ 77.1152719, 15.0463975 ], [ 77.1129292, 15.0340564 ], [ 77.0936556, 15.0361374 ], [ 77.0908529, 15.0293315 ], [ 77.0847476, 15.0307087 ], [ 77.0824513, 15.0060806 ], [ 77.0690202, 15.0047624 ], [ 77.0481025, 15.008014 ], [ 77.0441175, 15.0098427 ], [ 77.0504305, 15.0244725 ], [ 77.0495625, 15.0330761 ], [ 77.0403234, 15.0331043 ], [ 77.0359488, 15.0312769 ], [ 77.0040782, 15.0338329 ], [ 77.0030337, 15.0309131 ], [ 76.986033, 15.0264863 ], [ 76.9852222, 15.0151888 ], [ 76.9659185, 15.0180393 ], [ 76.9496026, 15.0303729 ], [ 76.9437486, 15.0308762 ], [ 76.935862, 15.0294096 ], [ 76.9222245, 15.0312835 ], [ 76.9183659, 15.035523 ], [ 76.9072196, 15.0325195 ], [ 76.8949768, 15.0370713 ], [ 76.8771703, 15.0302405 ], [ 76.8778416, 15.0354586 ], [ 76.8731264, 15.0431364 ], [ 76.8691731, 15.0534161 ], [ 76.8651878, 15.0552243 ], [ 76.8658851, 15.0596846 ], [ 76.8641087, 15.0580259 ], [ 76.8608719, 15.0598059 ], [ 76.8613982, 15.0619864 ], [ 76.8545932, 15.0651245 ], [ 76.8360159, 15.0792345 ], [ 76.8237652, 15.0800136 ], [ 76.8116149, 15.0863821 ], [ 76.800235, 15.0958321 ], [ 76.7939155, 15.0918486 ], [ 76.7923498, 15.0875685 ], [ 76.7898571, 15.0868176 ], [ 76.7860243, 15.0878146 ], [ 76.7852965, 15.0823057 ], [ 76.7821453, 15.077329 ], [ 76.7778698, 15.0798698 ], [ 76.7766938, 15.0784006 ], [ 76.77989, 15.0760388 ], [ 76.7752411, 15.0722544 ], [ 76.773606, 15.059122 ], [ 76.7766307, 15.0546769 ], [ 76.7803471, 15.0426856 ], [ 76.7834004, 15.0426153 ], [ 76.7835893, 15.0399848 ], [ 76.7857481, 15.0371524 ], [ 76.7857196, 15.0276765 ], [ 76.7901302, 15.0207147 ], [ 76.7871183, 15.0079298 ], [ 76.7836327, 15.0047833 ], [ 76.7787373, 15.0045642 ], [ 76.7750249, 14.9930627 ], [ 76.7723761, 14.9908353 ], [ 76.7695655, 14.9917619 ], [ 76.7678552, 14.9900977 ], [ 76.7605691, 14.9898576 ], [ 76.7665387, 14.9756168 ], [ 76.777607, 14.9754469 ], [ 76.7962696, 14.9691685 ], [ 76.8182792, 14.9694381 ], [ 76.8285035, 14.9564573 ], [ 76.8341147, 14.9564554 ], [ 76.8352747, 14.9600306 ], [ 76.8419375, 14.9664053 ], [ 76.8674588, 14.9698223 ], [ 76.8660907, 14.9575306 ], [ 76.8696215, 14.9377101 ], [ 76.8638437, 14.8955819 ], [ 76.847333, 14.895983 ], [ 76.8454795, 14.889294 ], [ 76.8455248, 14.8871841 ], [ 76.8524746, 14.886975 ], [ 76.8514488, 14.8833504 ], [ 76.8533565, 14.8832132 ], [ 76.8528361, 14.8752699 ], [ 76.8531605, 14.8720481 ], [ 76.8544927, 14.8723635 ], [ 76.8538809, 14.8691766 ], [ 76.8571935, 14.8691069 ], [ 76.8548902, 14.8589162 ], [ 76.8554134, 14.8487781 ], [ 76.854064, 14.8432275 ], [ 76.841789, 14.8365524 ], [ 76.845497, 14.8340513 ], [ 76.8467128, 14.8282645 ], [ 76.8453633, 14.8254804 ], [ 76.8460102, 14.8220607 ], [ 76.8545635, 14.8180924 ], [ 76.8539773, 14.8094442 ], [ 76.8514577, 14.8086035 ], [ 76.8373681, 14.8105641 ], [ 76.8367484, 14.7907748 ], [ 76.8325733, 14.7903887 ], [ 76.8323928, 14.7929101 ], [ 76.8190753, 14.7931172 ], [ 76.8203362, 14.7888802 ], [ 76.8176623, 14.7876021 ], [ 76.8029595, 14.7856015 ], [ 76.7938263, 14.7853969 ], [ 76.7886361, 14.7869718 ], [ 76.7884631, 14.7858151 ], [ 76.7839635, 14.7869689 ], [ 76.7826869, 14.785938 ], [ 76.7889846, 14.7722796 ], [ 76.7895295, 14.760058 ], [ 76.7941487, 14.7512661 ], [ 76.8029437, 14.7418842 ], [ 76.7865085, 14.7084298 ], [ 76.7862194, 14.6957803 ], [ 76.7752709, 14.68096 ], [ 76.7725274, 14.6391107 ], [ 76.7669219, 14.618271 ], [ 76.7650684, 14.6023384 ], [ 76.7690375, 14.6008783 ], [ 76.780234, 14.5930564 ], [ 76.7803251, 14.5970422 ], [ 76.7818427, 14.596496 ], [ 76.7833671, 14.5804361 ], [ 76.7913629, 14.5546536 ], [ 76.7978649, 14.5491653 ], [ 76.8028176, 14.5421987 ], [ 76.8051946, 14.5374635 ], [ 76.8062822, 14.5310649 ], [ 76.8125448, 14.531731 ], [ 76.8149715, 14.5301862 ], [ 76.8194112, 14.5299388 ], [ 76.8234618, 14.5268217 ], [ 76.8310086, 14.5303618 ], [ 76.8328228, 14.5291104 ], [ 76.8354918, 14.5212975 ], [ 76.8418984, 14.5193734 ], [ 76.8492333, 14.5125823 ], [ 76.8556025, 14.5095914 ], [ 76.8591986, 14.4974601 ], [ 76.8613463, 14.495865 ], [ 76.8624644, 14.492756 ], [ 76.8650951, 14.4782274 ], [ 76.8679616, 14.4740384 ], [ 76.8842746, 14.4770757 ], [ 76.8838651, 14.4792717 ], [ 76.8865088, 14.4835285 ], [ 76.8892547, 14.4831669 ], [ 76.9006881, 14.4892081 ], [ 76.9209062, 14.4905205 ], [ 76.9433912, 14.4894814 ], [ 76.948747, 14.4891431 ], [ 76.9500004, 14.4867576 ], [ 76.9748362, 14.4849364 ], [ 76.9754372, 14.4778646 ], [ 76.9716671, 14.4681365 ], [ 76.9684009, 14.4651056 ], [ 76.9683301, 14.4617885 ], [ 76.9598, 14.4502134 ], [ 76.9568021, 14.4519817 ], [ 76.9503701, 14.4523679 ], [ 76.9459645, 14.45255 ], [ 76.9447908, 14.4508963 ], [ 76.9477935, 14.4131566 ], [ 76.9467646, 14.4061457 ], [ 76.9427346, 14.3993691 ], [ 76.9314228, 14.4105197 ], [ 76.9158728, 14.4206414 ], [ 76.9046023, 14.4039192 ], [ 76.8986347, 14.39795 ], [ 76.8848179, 14.3957087 ], [ 76.8837454, 14.364656 ], [ 76.8820066, 14.3597102 ], [ 76.8846415, 14.347542 ], [ 76.8882193, 14.3458227 ], [ 76.8922842, 14.3412628 ], [ 76.9033746, 14.3227042 ], [ 76.9078684, 14.3229547 ], [ 76.9271688, 14.3145297 ], [ 76.9456497, 14.3131811 ], [ 76.9567245, 14.2943465 ], [ 76.9473841, 14.2861652 ], [ 76.9387733, 14.2830132 ], [ 76.9371137, 14.2803382 ], [ 76.9281839, 14.2793009 ], [ 76.9248974, 14.2737836 ], [ 76.935797, 14.2593652 ], [ 76.9400559, 14.2446074 ], [ 76.9464628, 14.2421833 ], [ 76.9519391, 14.2419015 ], [ 76.9598303, 14.244963 ], [ 76.9698327, 14.2433686 ], [ 76.9762045, 14.2461274 ], [ 76.9855966, 14.2473345 ], [ 76.9919366, 14.2414069 ], [ 76.9989354, 14.2408663 ], [ 77.0056639, 14.2357853 ], [ 77.0084843, 14.2379966 ], [ 77.0303591, 14.242266 ], [ 77.0305395, 14.2441889 ], [ 77.0361422, 14.2448694 ], [ 77.0360518, 14.2467445 ], [ 77.0524631, 14.245503 ], [ 77.057727, 14.2438009 ], [ 77.0569403, 14.240669 ], [ 77.0602822, 14.236196 ], [ 77.0600703, 14.2322823 ], [ 77.0618038, 14.2294583 ], [ 77.0677573, 14.2284025 ], [ 77.0758938, 14.2233565 ], [ 77.0811724, 14.2141521 ], [ 77.1008047, 14.2171378 ], [ 77.1077581, 14.2199088 ], [ 77.1148597, 14.2231405 ], [ 77.1166663, 14.2263809 ], [ 77.1156464, 14.2375793 ], [ 77.1183194, 14.2448146 ], [ 77.1153304, 14.254528 ], [ 77.1185597, 14.2568239 ], [ 77.1204824, 14.2629293 ], [ 77.1111922, 14.2615776 ], [ 77.1116877, 14.2653646 ], [ 77.1101862, 14.2681619 ], [ 77.1155192, 14.274236 ], [ 77.1156432, 14.2924797 ], [ 77.1253841, 14.2998779 ], [ 77.1305884, 14.3068419 ], [ 77.1363264, 14.3230248 ], [ 77.1369987, 14.3317603 ], [ 77.1356968, 14.3365111 ], [ 77.13921, 14.3401386 ], [ 77.1457826, 14.3405224 ], [ 77.1526564, 14.3391435 ], [ 77.1578898, 14.3420306 ], [ 77.1669145, 14.342079 ], [ 77.1693189, 14.3354401 ], [ 77.1786771, 14.3354835 ], [ 77.1779454, 14.3342208 ], [ 77.1810216, 14.3319084 ], [ 77.1810444, 14.3303764 ], [ 77.1840437, 14.3324726 ], [ 77.1974215, 14.3211758 ], [ 77.213466, 14.3187846 ], [ 77.2286689, 14.3211964 ], [ 77.2339521, 14.3180293 ], [ 77.2382007, 14.31736 ], [ 77.2473358, 14.3178076 ], [ 77.2538697, 14.3222326 ], [ 77.2533552, 14.325261 ], [ 77.2582768, 14.3274822 ], [ 77.2576766, 14.3301527 ], [ 77.2585848, 14.3309171 ], [ 77.263571, 14.3327996 ], [ 77.2693095, 14.3321109 ], [ 77.2771215, 14.3375373 ], [ 77.2838841, 14.3375265 ], [ 77.2848378, 14.3400983 ], [ 77.2865667, 14.340099 ], [ 77.2874427, 14.3271663 ], [ 77.2884974, 14.3271439 ], [ 77.2888335, 14.3054744 ], [ 77.2879521, 14.2987571 ], [ 77.2828911, 14.2860668 ], [ 77.2835369, 14.2827365 ], [ 77.2893346, 14.2813017 ], [ 77.3016926, 14.2832537 ], [ 77.3019293, 14.2821602 ], [ 77.3053366, 14.2834326 ], [ 77.3142607, 14.2805053 ], [ 77.3301551, 14.2798629 ], [ 77.339062, 14.2768955 ], [ 77.3637746, 14.2758338 ], [ 77.3618611, 14.2687547 ], [ 77.3638269, 14.2546912 ], [ 77.3601244, 14.2453135 ], [ 77.359486, 14.2340065 ], [ 77.3663706, 14.2328501 ], [ 77.3791713, 14.2264829 ], [ 77.3842024, 14.2209514 ], [ 77.3832245, 14.2074435 ], [ 77.3866709, 14.2035207 ], [ 77.3870921, 14.2000303 ], [ 77.3919885, 14.1989019 ], [ 77.400767, 14.2032126 ], [ 77.4094993, 14.205539 ], [ 77.4140915, 14.2047732 ], [ 77.4193905, 14.2116248 ], [ 77.4184178, 14.2120905 ], [ 77.4172382, 14.2218521 ], [ 77.417693, 14.2258425 ], [ 77.4121246, 14.2276871 ], [ 77.4114767, 14.2323826 ], [ 77.4096698, 14.2319174 ], [ 77.4088315, 14.2598507 ], [ 77.4069365, 14.2596882 ], [ 77.405385, 14.2666885 ], [ 77.3957841, 14.2661155 ], [ 77.3873649, 14.2708655 ], [ 77.3870824, 14.2730754 ], [ 77.3892835, 14.277373 ], [ 77.3887739, 14.2808438 ], [ 77.3866377, 14.2816708 ], [ 77.3851365, 14.2926795 ], [ 77.3824024, 14.2990109 ], [ 77.377819, 14.3013925 ], [ 77.3770728, 14.3047955 ], [ 77.3790377, 14.3227183 ], [ 77.3928036, 14.3358324 ], [ 77.4077611, 14.337598 ], [ 77.4121318, 14.3365129 ], [ 77.4230829, 14.3281778 ], [ 77.4283992, 14.3286422 ], [ 77.42927, 14.3264638 ], [ 77.4283009, 14.3241548 ], [ 77.4315288, 14.3128562 ], [ 77.4380552, 14.3163797 ], [ 77.4462218, 14.3174665 ], [ 77.4466867, 14.3065979 ], [ 77.445182, 14.2952283 ], [ 77.4481244, 14.2826205 ], [ 77.450628, 14.2827899 ], [ 77.4502798, 14.2807068 ], [ 77.4596495, 14.2805049 ], [ 77.4660591, 14.2830921 ], [ 77.4789269, 14.2921615 ], [ 77.4818138, 14.2916089 ], [ 77.4842593, 14.2890048 ], [ 77.4871245, 14.2817232 ], [ 77.4907619, 14.2813013 ], [ 77.4927529, 14.2781505 ], [ 77.4982815, 14.2788483 ], [ 77.5038627, 14.2637481 ], [ 77.5022052, 14.2614018 ], [ 77.5032954, 14.259066 ], [ 77.4966045, 14.237146 ], [ 77.4923733, 14.2348433 ], [ 77.493418, 14.23283 ], [ 77.4927884, 14.2310064 ], [ 77.4941974, 14.2322981 ], [ 77.4959207, 14.2319945 ], [ 77.4944852, 14.2242403 ], [ 77.4972247, 14.2183821 ], [ 77.503282, 14.2105388 ], [ 77.5013303, 14.2047668 ], [ 77.5046483, 14.1939768 ], [ 77.5157875, 14.1871403 ], [ 77.5170719, 14.1844023 ], [ 77.517031, 14.1828116 ], [ 77.5151967, 14.1829372 ], [ 77.5134345, 14.1778478 ], [ 77.5143383, 14.1766461 ], [ 77.5106486, 14.1730471 ], [ 77.503506, 14.1571179 ], [ 77.4995753, 14.1598016 ], [ 77.4900577, 14.1623592 ], [ 77.4881306, 14.1616731 ], [ 77.4807986, 14.1647361 ], [ 77.4680861, 14.1648856 ], [ 77.4669099, 14.166034 ], [ 77.4670002, 14.1716425 ], [ 77.4567843, 14.1696302 ], [ 77.4457538, 14.1717036 ], [ 77.4301951, 14.1704647 ], [ 77.422604, 14.1729789 ], [ 77.4227669, 14.1764362 ], [ 77.4203567, 14.176949 ], [ 77.4078505, 14.1735162 ], [ 77.3937192, 14.1742452 ], [ 77.3916209, 14.1728217 ], [ 77.3947378, 14.1687 ], [ 77.3948761, 14.1607688 ], [ 77.3892488, 14.1596484 ], [ 77.3880443, 14.1536333 ], [ 77.3850664, 14.1532629 ], [ 77.3833479, 14.1441251 ], [ 77.3789436, 14.1358415 ], [ 77.3605683, 14.130829 ], [ 77.3517148, 14.1311044 ], [ 77.3513691, 14.1299795 ], [ 77.3514838, 14.1203662 ], [ 77.3474666, 14.1036356 ], [ 77.3497817, 14.1031251 ], [ 77.3535501, 14.109692 ], [ 77.3616808, 14.1153327 ], [ 77.3719652, 14.1187 ], [ 77.3756604, 14.1186774 ], [ 77.3821017, 14.1234995 ], [ 77.3906131, 14.1266401 ], [ 77.3973647, 14.1254375 ], [ 77.397244, 14.1231779 ], [ 77.4010285, 14.1201849 ], [ 77.4009204, 14.1187126 ], [ 77.3976094, 14.1095526 ], [ 77.3888104, 14.0994797 ], [ 77.3861803, 14.0975591 ], [ 77.3812677, 14.0978394 ], [ 77.3779525, 14.0840422 ], [ 77.375619, 14.0793512 ], [ 77.3736097, 14.0770057 ], [ 77.3636606, 14.0730058 ], [ 77.3605449, 14.0625598 ], [ 77.3547726, 14.0623803 ], [ 77.3459307, 14.0596723 ], [ 77.3405049, 14.0601912 ], [ 77.3350873, 14.0454017 ], [ 77.3323026, 14.0306882 ], [ 77.3849136, 14.0160275 ], [ 77.3901578, 14.0166962 ], [ 77.3876486, 14.00571 ], [ 77.379674, 13.989842 ], [ 77.3816432, 13.9762337 ], [ 77.3956908, 13.9837306 ], [ 77.409519, 13.9839371 ], [ 77.4258385, 13.986107 ], [ 77.4276595, 13.9796771 ], [ 77.4340183, 13.9801638 ], [ 77.4378814, 13.9755216 ], [ 77.4347503, 13.9643824 ], [ 77.4353086, 13.9576621 ], [ 77.437584, 13.9555078 ], [ 77.4353639, 13.9475148 ], [ 77.4307175, 13.9450844 ], [ 77.4120858, 13.9455588 ], [ 77.4148848, 13.9366288 ], [ 77.4158785, 13.9241969 ], [ 77.4349016, 13.9196687 ], [ 77.4350414, 13.9150066 ], [ 77.4322736, 13.9105374 ], [ 77.4283512, 13.9090823 ], [ 77.4284095, 13.9059284 ], [ 77.4228292, 13.9028246 ], [ 77.4205061, 13.8993314 ], [ 77.4105682, 13.896314 ], [ 77.4054646, 13.8894495 ], [ 77.4000194, 13.8882885 ], [ 77.3987427, 13.8881259 ], [ 77.3999415, 13.8964642 ], [ 77.3978762, 13.9061832 ], [ 77.3871685, 13.906247 ], [ 77.3684913, 13.9029503 ], [ 77.357633, 13.9033744 ], [ 77.3544452, 13.9041107 ], [ 77.3528349, 13.9135 ], [ 77.3501565, 13.9134097 ], [ 77.3478388, 13.9159637 ], [ 77.3552068, 13.9307597 ], [ 77.3641867, 13.942863 ], [ 77.3674531, 13.9496828 ], [ 77.3712865, 13.9527514 ], [ 77.3494879, 13.9581402 ], [ 77.3538531, 13.9627947 ], [ 77.352125, 13.9687516 ], [ 77.3559515, 13.9790797 ], [ 77.3593386, 13.9838343 ], [ 77.361091, 13.9908121 ], [ 77.3481735, 13.9944683 ], [ 77.3362204, 13.9953677 ], [ 77.335584, 13.9980719 ], [ 77.3368557, 14.0044689 ], [ 77.3226836, 14.0230093 ], [ 77.3215209, 14.0263761 ], [ 77.3222305, 14.0299946 ], [ 77.3108058, 14.032527 ], [ 77.3065754, 14.0320031 ], [ 77.301417, 14.0274099 ], [ 77.3011811, 14.0252139 ], [ 77.2985006, 14.0236113 ], [ 77.2982713, 14.0216059 ], [ 77.2959384, 14.0219261 ], [ 77.2954714, 14.0204118 ], [ 77.2920878, 14.0200129 ], [ 77.2818797, 14.0129136 ], [ 77.2749975, 14.0112837 ], [ 77.2793091, 14.026022 ], [ 77.2787601, 14.032412 ], [ 77.2768624, 14.0319682 ], [ 77.2767317, 14.0346481 ], [ 77.2703578, 14.0344826 ], [ 77.263121, 14.0287263 ], [ 77.2605902, 14.0288563 ], [ 77.2567874, 14.0223827 ], [ 77.2481665, 14.0175694 ], [ 77.2453541, 14.0119444 ], [ 77.2198195, 14.0135732 ], [ 77.2157223, 14.0108767 ], [ 77.2099738, 14.0110368 ], [ 77.2046686, 14.0082502 ], [ 77.1840409, 14.0122552 ], [ 77.1740019, 14.0129849 ], [ 77.1709468, 14.0120003 ], [ 77.1728325, 14.0010836 ], [ 77.1596473, 14.0010687 ], [ 77.1587218, 14.0020371 ], [ 77.1573794, 14.0009469 ], [ 77.1492227, 14.0011629 ], [ 77.1410743, 14.0038554 ], [ 77.141732, 14.0131966 ], [ 77.1403622, 14.0179554 ], [ 77.1363957, 14.0229042 ], [ 77.1318366, 14.0439187 ], [ 77.1274019, 14.0470143 ], [ 77.1023722, 14.0452413 ], [ 77.0951187, 14.042443 ], [ 77.0789216, 14.042639 ], [ 77.0753152, 14.0434834 ], [ 77.0761231, 14.0532722 ], [ 77.0674157, 14.0520183 ], [ 77.0457074, 14.0566891 ], [ 77.0347596, 14.0556981 ], [ 77.0315203, 14.0564608 ], [ 77.0276836, 14.0617464 ], [ 77.0254411, 14.0657272 ], [ 77.0288844, 14.0778101 ], [ 77.0298011, 14.088173 ], [ 77.0184221, 14.0946306 ], [ 77.0191158, 14.0963888 ], [ 77.0146737, 14.1000021 ], [ 77.016357, 14.1042374 ], [ 77.024058, 14.1126059 ], [ 77.0218119, 14.1232477 ], [ 77.0262196, 14.1250166 ], [ 77.0258561, 14.1299378 ], [ 77.0201044, 14.1309033 ], [ 77.020716, 14.1492144 ], [ 77.0218309, 14.151949 ], [ 77.0204066, 14.1571635 ], [ 77.026035, 14.1747863 ], [ 77.0233292, 14.1766877 ], [ 77.0054604, 14.1839685 ], [ 76.9964362, 14.1802741 ], [ 76.983772, 14.1788158 ], [ 76.9706468, 14.1824094 ], [ 76.9606047, 14.1817713 ], [ 76.9590255, 14.1826169 ], [ 76.9597624, 14.1839498 ], [ 76.9573552, 14.1881128 ], [ 76.9511405, 14.192661 ], [ 76.9475662, 14.1981754 ], [ 76.9427062, 14.195402 ], [ 76.942478, 14.1910907 ], [ 76.9445417, 14.1861065 ], [ 76.9420814, 14.1806742 ], [ 76.9421776, 14.1733119 ], [ 76.9219214, 14.1694213 ], [ 76.9197483, 14.1644597 ], [ 76.9096612, 14.1679635 ], [ 76.9005416, 14.1675713 ], [ 76.8996617, 14.1692299 ], [ 76.8983739, 14.1675535 ], [ 76.8945344, 14.1678113 ], [ 76.8905175, 14.1428249 ], [ 76.885914, 14.1382382 ], [ 76.8895169, 14.1356214 ], [ 76.9047989, 14.1336409 ], [ 76.912842, 14.1288134 ], [ 76.9175701, 14.1288398 ], [ 76.9249679, 14.1370897 ], [ 76.9311204, 14.1310246 ], [ 76.9358665, 14.1288452 ], [ 76.9367775, 14.1242263 ], [ 76.9442598, 14.1207446 ], [ 76.94569, 14.1182135 ], [ 76.9468415, 14.1129799 ], [ 76.9510302, 14.1071083 ], [ 76.9535283, 14.0996553 ], [ 76.9484003, 14.0920511 ], [ 76.9594104, 14.0916319 ], [ 76.9734455, 14.0835194 ], [ 76.9749676, 14.0809067 ], [ 76.9752564, 14.0740012 ], [ 76.9775701, 14.0712888 ], [ 76.9764555, 14.0652768 ], [ 76.9717395, 14.058016 ], [ 76.9586005, 14.0570445 ], [ 76.9503125, 14.0535627 ], [ 76.9323847, 14.0539248 ], [ 76.9343968, 14.0446436 ], [ 76.9311346, 14.0302009 ], [ 76.9350235, 14.0328031 ], [ 76.940156, 14.0295028 ], [ 76.9434657, 14.0297415 ], [ 76.9437787, 14.0233015 ], [ 76.9499416, 14.0150928 ], [ 76.9558607, 14.0127591 ], [ 76.9653857, 14.011495 ], [ 76.9819743, 14.0016321 ], [ 76.9963714, 13.9905052 ], [ 77.0003301, 13.9894175 ], [ 76.9961793, 13.9767624 ], [ 76.9937659, 13.9625641 ], [ 77.0062722, 13.9564571 ], [ 77.0141647, 13.9548784 ], [ 77.0243727, 13.9399521 ], [ 77.0370426, 13.936952 ], [ 77.0416571, 13.9334332 ], [ 77.0442179, 13.9147559 ], [ 77.0472928, 13.9065997 ], [ 77.0322207, 13.9051797 ], [ 77.0230746, 13.9022125 ], [ 77.0232452, 13.8959295 ], [ 77.0206285, 13.8923536 ], [ 77.0203157, 13.8884306 ], [ 77.0162514, 13.8844067 ], [ 77.0184729, 13.8725355 ], [ 77.0131862, 13.8715162 ], [ 77.0140194, 13.8601654 ], [ 77.0065401, 13.8520575 ], [ 76.996795, 13.8489486 ], [ 76.9922308, 13.8490075 ], [ 76.9903745, 13.8376127 ], [ 76.988898, 13.8352588 ], [ 76.982892, 13.8288983 ], [ 76.9780212, 13.8268666 ], [ 76.9764095, 13.8173277 ], [ 76.9896893, 13.8129473 ], [ 76.9916897, 13.8026689 ], [ 76.9891888, 13.7946257 ], [ 76.9852011, 13.7907951 ], [ 76.9929044, 13.7707531 ], [ 76.9945035, 13.7599919 ], [ 76.9983893, 13.7550504 ], [ 76.9968842, 13.747728 ], [ 76.9985033, 13.7455735 ], [ 77.016502, 13.7385092 ], [ 77.0165771, 13.7458622 ], [ 77.0186839, 13.7486742 ], [ 77.0173535, 13.7560996 ], [ 77.0238765, 13.7679024 ], [ 77.0244725, 13.7792236 ], [ 77.0433707, 13.7777937 ], [ 77.0440554, 13.7708627 ], [ 77.0485606, 13.770185 ], [ 77.0518368, 13.7641798 ], [ 77.0580381, 13.7602996 ], [ 77.058973, 13.7571634 ], [ 77.0574948, 13.7529645 ], [ 77.0599175, 13.7528071 ], [ 77.0599139, 13.7493265 ], [ 77.0647004, 13.7438323 ], [ 77.069781, 13.7452165 ], [ 77.0754828, 13.7429183 ], [ 77.0856344, 13.7424359 ], [ 77.0839648, 13.7457708 ], [ 77.0838332, 13.756636 ], [ 77.0854689, 13.7623352 ], [ 77.0902218, 13.7623586 ], [ 77.090443, 13.7671401 ], [ 77.0957232, 13.7665081 ], [ 77.1018493, 13.7682082 ], [ 77.1059597, 13.7677612 ], [ 77.1178244, 13.7645122 ], [ 77.1223276, 13.761295 ], [ 77.1368406, 13.7582986 ], [ 77.1398275, 13.7611005 ], [ 77.1408726, 13.7650368 ], [ 77.1511139, 13.7662066 ], [ 77.1578502, 13.763987 ], [ 77.1730522, 13.7620098 ], [ 77.1785075, 13.7826847 ], [ 77.1755841, 13.7836082 ], [ 77.1651555, 13.7944689 ], [ 77.1628532, 13.7984552 ], [ 77.1621003, 13.8047553 ], [ 77.1575178, 13.8060303 ], [ 77.1625772, 13.8086599 ], [ 77.1627858, 13.8123747 ], [ 77.1595215, 13.8168583 ], [ 77.1626524, 13.8168444 ], [ 77.1677216, 13.8212093 ], [ 77.168685, 13.8296195 ], [ 77.1654851, 13.8331135 ], [ 77.1536778, 13.8341363 ], [ 77.1545065, 13.8414485 ], [ 77.1558987, 13.8421081 ], [ 77.1560146, 13.8443542 ], [ 77.1451965, 13.8461945 ], [ 77.1321674, 13.846204 ], [ 77.128199, 13.8564584 ], [ 77.136039, 13.856517 ], [ 77.1476373, 13.8684757 ], [ 77.1685799, 13.8644906 ], [ 77.171358, 13.8711107 ], [ 77.1687553, 13.8805161 ], [ 77.1687567, 13.8895732 ], [ 77.1640666, 13.8947124 ], [ 77.1620454, 13.8990559 ], [ 77.1619342, 13.9066249 ], [ 77.1699218, 13.9206108 ], [ 77.1847096, 13.9251859 ], [ 77.1880843, 13.9139095 ], [ 77.1908365, 13.9118661 ], [ 77.1858398, 13.892326 ], [ 77.1856786, 13.876165 ], [ 77.1813891, 13.8698435 ], [ 77.2004308, 13.8630372 ], [ 77.209909, 13.8780699 ], [ 77.2101982, 13.8849436 ], [ 77.2131269, 13.88619 ], [ 77.2155509, 13.886171 ], [ 77.2170303, 13.8837391 ], [ 77.2154054, 13.8679132 ], [ 77.2198505, 13.8677173 ], [ 77.2240144, 13.8812193 ], [ 77.2248338, 13.8829182 ], [ 77.2266608, 13.8821628 ], [ 77.2298891, 13.8916113 ], [ 77.2306483, 13.9033339 ], [ 77.2356219, 13.9041363 ], [ 77.236467, 13.9010176 ], [ 77.2451376, 13.9030112 ], [ 77.2482688, 13.901211 ], [ 77.2477811, 13.8883223 ], [ 77.2447208, 13.8832712 ], [ 77.2447198, 13.8814454 ], [ 77.2468241, 13.8803146 ], [ 77.2486802, 13.8735212 ], [ 77.2481094, 13.8699781 ], [ 77.2463601, 13.8679136 ], [ 77.2591142, 13.8631365 ], [ 77.2582436, 13.856208 ], [ 77.2561507, 13.8516695 ], [ 77.2566946, 13.8465223 ], [ 77.2683447, 13.8478204 ], [ 77.2802718, 13.8510477 ], [ 77.2882842, 13.8474762 ], [ 77.290157, 13.8482451 ], [ 77.2949177, 13.8574029 ], [ 77.2963841, 13.8570056 ], [ 77.3035796, 13.8620335 ], [ 77.3099857, 13.8628352 ], [ 77.311495, 13.8665828 ], [ 77.3164612, 13.8632664 ], [ 77.3190715, 13.8572157 ], [ 77.3214494, 13.8559192 ], [ 77.3216504, 13.8470162 ], [ 77.3251428, 13.845381 ], [ 77.3230691, 13.8399985 ], [ 77.3246862, 13.8398855 ], [ 77.3253817, 13.8332437 ], [ 77.3368421, 13.8327473 ], [ 77.3455496, 13.8410958 ], [ 77.3532823, 13.8455167 ], [ 77.3573195, 13.8512973 ], [ 77.3624304, 13.854246 ], [ 77.373642, 13.8526268 ], [ 77.3768936, 13.8506881 ], [ 77.3811859, 13.8472851 ], [ 77.3794005, 13.840836 ], [ 77.381898, 13.8393628 ], [ 77.3881326, 13.8390372 ], [ 77.3993808, 13.8410522 ], [ 77.4155426, 13.8397267 ], [ 77.4196988, 13.8416055 ], [ 77.4268306, 13.8411162 ], [ 77.429167, 13.8448035 ], [ 77.43252, 13.8432165 ], [ 77.431318, 13.8366489 ], [ 77.4274042, 13.8322025 ], [ 77.4273691, 13.8283399 ], [ 77.423636, 13.8237355 ], [ 77.4164283, 13.8087552 ], [ 77.4161135, 13.8066809 ], [ 77.4184542, 13.80626 ], [ 77.4196655, 13.8095952 ], [ 77.4286503, 13.8068052 ], [ 77.428275, 13.8034745 ], [ 77.4254911, 13.803222 ], [ 77.4225677, 13.7990919 ], [ 77.4301557, 13.7968579 ], [ 77.4370272, 13.7967027 ], [ 77.4405857, 13.8065675 ], [ 77.4453316, 13.8110223 ], [ 77.4525083, 13.8092035 ], [ 77.4547883, 13.8098536 ], [ 77.4557819, 13.807675 ], [ 77.457465, 13.8072226 ], [ 77.45987, 13.8082884 ], [ 77.4642271, 13.8079225 ], [ 77.4645908, 13.8060768 ], [ 77.4646313, 13.8031844 ], [ 77.4608717, 13.8030049 ], [ 77.4564874, 13.7887189 ], [ 77.4613846, 13.7883938 ], [ 77.4604356, 13.7804637 ], [ 77.4637876, 13.7714952 ], [ 77.4651488, 13.7586816 ], [ 77.4705514, 13.7580207 ], [ 77.4676491, 13.7531685 ], [ 77.4666712, 13.7399654 ], [ 77.464644, 13.7341301 ], [ 77.463358, 13.7229214 ], [ 77.4649733, 13.7175219 ], [ 77.4649616, 13.7108349 ], [ 77.4616638, 13.7096496 ], [ 77.4585876, 13.710891 ], [ 77.4500742, 13.7109001 ], [ 77.4507363, 13.7048325 ], [ 77.4525012, 13.704051 ], [ 77.4530016, 13.6960135 ], [ 77.4545923, 13.6956403 ], [ 77.4546631, 13.6910383 ], [ 77.4560894, 13.6907165 ], [ 77.4553341, 13.6822616 ], [ 77.4742435, 13.6861147 ], [ 77.4878801, 13.6866618 ], [ 77.4878287, 13.6891685 ], [ 77.4919487, 13.6897875 ], [ 77.4912169, 13.6951894 ], [ 77.4878861, 13.6997671 ], [ 77.4882694, 13.7041503 ], [ 77.4865208, 13.7040997 ], [ 77.4850399, 13.7147825 ], [ 77.5141686, 13.7132109 ], [ 77.5145108, 13.7050172 ], [ 77.5123699, 13.6972475 ], [ 77.5196319, 13.6962656 ], [ 77.5212562, 13.6921266 ], [ 77.5247001, 13.691179 ], [ 77.5283369, 13.6930108 ], [ 77.5338553, 13.7052514 ], [ 77.536637, 13.7306013 ], [ 77.5271045, 13.7415207 ], [ 77.5220243, 13.7445475 ], [ 77.525199, 13.752987 ], [ 77.526632, 13.7536203 ], [ 77.5408571, 13.7559489 ], [ 77.5474419, 13.7529007 ], [ 77.5492973, 13.7488683 ], [ 77.5492863, 13.7406386 ], [ 77.5537536, 13.736541 ], [ 77.558903, 13.7235314 ], [ 77.5605675, 13.7224066 ], [ 77.564847, 13.7261768 ], [ 77.5716811, 13.7382044 ], [ 77.5771224, 13.7383096 ], [ 77.5805487, 13.7350835 ], [ 77.5863662, 13.733499 ], [ 77.5963758, 13.7483503 ], [ 77.5999723, 13.7507595 ], [ 77.6135549, 13.7519114 ], [ 77.6186321, 13.7456678 ], [ 77.6244298, 13.7352283 ], [ 77.6277168, 13.7346002 ], [ 77.6308326, 13.7360871 ], [ 77.633588, 13.7395805 ], [ 77.636972, 13.7394132 ], [ 77.6414288, 13.7419483 ], [ 77.642234, 13.7468019 ], [ 77.6400056, 13.7490256 ], [ 77.6359138, 13.7494822 ], [ 77.6296445, 13.7542031 ], [ 77.6252059, 13.7529828 ], [ 77.6188439, 13.7549621 ], [ 77.6175027, 13.761931 ], [ 77.6210723, 13.7684385 ], [ 77.6459943, 13.7787649 ], [ 77.6512937, 13.7840746 ], [ 77.6613463, 13.7853797 ], [ 77.6698449, 13.7839143 ], [ 77.6800783, 13.7867777 ], [ 77.6814592, 13.7795963 ], [ 77.6798738, 13.772335 ], [ 77.6776068, 13.7666906 ], [ 77.6717182, 13.7604808 ], [ 77.6796198, 13.7621794 ], [ 77.6951849, 13.7706992 ], [ 77.7032945, 13.7697886 ], [ 77.7084561, 13.7410424 ], [ 77.7151446, 13.7437595 ], [ 77.7171502, 13.741341 ], [ 77.7183562, 13.7517247 ], [ 77.7201008, 13.7559722 ], [ 77.7199934, 13.7650967 ], [ 77.7222234, 13.7688514 ], [ 77.7197382, 13.775003 ], [ 77.7201469, 13.7794453 ], [ 77.7186829, 13.7840961 ], [ 77.7195121, 13.7880909 ], [ 77.7219358, 13.7899971 ], [ 77.7222786, 13.7939395 ], [ 77.7193087, 13.8002749 ], [ 77.7258151, 13.8006566 ], [ 77.7292932, 13.8022099 ], [ 77.7315754, 13.8075733 ], [ 77.7407247, 13.8124231 ], [ 77.74514, 13.8101298 ], [ 77.7479286, 13.8103861 ], [ 77.7635083, 13.8172188 ], [ 77.7815346, 13.8182932 ], [ 77.7887565, 13.8231632 ], [ 77.7889893, 13.8297716 ], [ 77.7842614, 13.834392 ], [ 77.7822015, 13.8389421 ], [ 77.7822687, 13.8440805 ], [ 77.7930066, 13.8489428 ], [ 77.8080844, 13.8505926 ], [ 77.8120303, 13.8489759 ], [ 77.8148539, 13.8577757 ], [ 77.820195, 13.8632092 ], [ 77.8222484, 13.8647417 ], [ 77.8302319, 13.865584 ], [ 77.8370724, 13.869741 ], [ 77.8273298, 13.8744412 ], [ 77.8281296, 13.8765428 ], [ 77.8355394, 13.8809686 ], [ 77.8319561, 13.8956692 ], [ 77.8305354, 13.8976528 ], [ 77.8268249, 13.8992067 ], [ 77.8199871, 13.8997836 ], [ 77.8161779, 13.9029935 ], [ 77.8170288, 13.9083107 ], [ 77.8134924, 13.9146232 ], [ 77.8148434, 13.9319278 ], [ 77.8265883, 13.9447246 ], [ 77.8307999, 13.940387 ], [ 77.838825, 13.9358882 ], [ 77.854847, 13.9381762 ], [ 77.8686078, 13.9360124 ], [ 77.8956945, 13.941042 ], [ 77.8989094, 13.930643 ], [ 77.8953509, 13.9256314 ], [ 77.8958178, 13.9203619 ], [ 77.8996807, 13.916588 ], [ 77.9053992, 13.9164384 ], [ 77.9154189, 13.907855 ], [ 77.926767, 13.9053268 ], [ 77.9371335, 13.9186609 ], [ 77.944285, 13.9300928 ], [ 77.946203, 13.9353444 ], [ 77.9545085, 13.9385409 ], [ 77.9573396, 13.9367232 ], [ 77.9600015, 13.940514 ], [ 77.9619501, 13.9549659 ], [ 77.9642178, 13.9555617 ], [ 77.967431, 13.9601566 ], [ 77.9826218, 13.9576876 ], [ 77.9875258, 13.9554982 ], [ 77.9802486, 13.9278571 ], [ 77.98274, 13.9226137 ], [ 77.9837594, 13.9157576 ], [ 77.9830975, 13.9048664 ], [ 77.9866172, 13.903003 ], [ 77.9845878, 13.8974014 ], [ 77.9596035, 13.8920734 ], [ 77.9528021, 13.8899469 ], [ 77.9490788, 13.886449 ], [ 77.9481241, 13.8808453 ], [ 77.9490647, 13.8707038 ], [ 77.954157, 13.855165 ], [ 77.9535257, 13.8483004 ], [ 77.9547957, 13.8422397 ], [ 77.9536798, 13.8385613 ], [ 77.9562505, 13.8359303 ], [ 77.9561409, 13.8312246 ], [ 77.9524194, 13.8290828 ], [ 77.9529824, 13.8273537 ], [ 77.9605401, 13.8294528 ], [ 77.9761028, 13.8294923 ], [ 77.978456, 13.83806 ], [ 77.9829788, 13.8472729 ], [ 77.9872233, 13.8540726 ], [ 77.9888467, 13.8537736 ], [ 77.9895124, 13.8625994 ], [ 77.9907663, 13.8634033 ], [ 77.9920641, 13.8688168 ], [ 77.9983227, 13.8690805 ], [ 78.0004838, 13.8729283 ], [ 78.011524, 13.8719386 ], [ 78.0167192, 13.8649553 ], [ 78.0212296, 13.8638275 ], [ 78.0318496, 13.8642522 ], [ 78.0413027, 13.8602762 ], [ 78.0461928, 13.8621332 ], [ 78.0463953, 13.8661686 ], [ 78.0501087, 13.8718648 ], [ 78.0508335, 13.8759866 ], [ 78.0488653, 13.8960923 ], [ 78.0606493, 13.8919607 ], [ 78.0622456, 13.8908042 ], [ 78.0618274, 13.8884209 ], [ 78.063528, 13.887266 ], [ 78.0789986, 13.8811551 ], [ 78.0809015, 13.8731518 ], [ 78.0805373, 13.8675387 ], [ 78.0826148, 13.8642898 ], [ 78.081906, 13.8612409 ], [ 78.089937, 13.8646978 ], [ 78.0940028, 13.8648069 ], [ 78.1018527, 13.8616986 ], [ 78.1147762, 13.8628883 ], [ 78.1168116, 13.8588256 ], [ 78.1165438, 13.8518749 ], [ 78.1236345, 13.8453538 ], [ 78.122201, 13.8389496 ], [ 78.1254014, 13.8316095 ], [ 78.1147882, 13.8119899 ], [ 78.113753, 13.807468 ], [ 78.1191036, 13.8036223 ], [ 78.1226876, 13.7987777 ], [ 78.126401, 13.7863768 ], [ 78.1221564, 13.7813195 ], [ 78.1191928, 13.7725067 ], [ 78.1138022, 13.7634316 ], [ 78.1066451, 13.7617861 ], [ 78.0998813, 13.7584591 ], [ 78.0915234, 13.7422769 ], [ 78.0983249, 13.7377943 ], [ 78.1043286, 13.7365442 ], [ 78.1110121, 13.7258027 ], [ 78.1158543, 13.7225318 ], [ 78.1205525, 13.7159282 ], [ 78.1147102, 13.7034186 ], [ 78.1132201, 13.6927353 ], [ 78.0924184, 13.6911744 ], [ 78.0921033, 13.6925598 ], [ 78.0858844, 13.6921932 ], [ 78.0801369, 13.6966371 ], [ 78.0726775, 13.6984828 ], [ 78.0690761, 13.6978085 ], [ 78.0696093, 13.6908043 ], [ 78.070889, 13.6884571 ], [ 78.0735854, 13.6877265 ], [ 78.0712399, 13.6823753 ], [ 78.0673096, 13.6797008 ], [ 78.0657166, 13.6761406 ], [ 78.0770128, 13.673353 ], [ 78.078549, 13.6672727 ], [ 78.089743, 13.6590991 ], [ 78.0868954, 13.6511683 ], [ 78.0871087, 13.6430662 ], [ 78.0989461, 13.6427989 ], [ 78.1022507, 13.6510592 ], [ 78.1084684, 13.6531091 ], [ 78.1100128, 13.6552644 ], [ 78.1142925, 13.6573621 ], [ 78.1255675, 13.6558472 ], [ 78.1305459, 13.6591377 ], [ 78.1339107, 13.6595033 ], [ 78.1465041, 13.6567125 ], [ 78.1560904, 13.6585925 ], [ 78.1675782, 13.655825 ], [ 78.169037, 13.6539617 ], [ 78.1682238, 13.6328517 ], [ 78.1750548, 13.630612 ], [ 78.1891715, 13.6305175 ], [ 78.1956411, 13.628424 ], [ 78.2041967, 13.6284215 ], [ 78.2023224, 13.619427 ], [ 78.2037657, 13.618276 ], [ 78.2033343, 13.6065092 ], [ 78.199008, 13.5992379 ], [ 78.1902557, 13.5901363 ], [ 78.1896054, 13.5752121 ], [ 78.1910869, 13.5675477 ], [ 78.192972, 13.5648465 ], [ 78.2029217, 13.5687833 ], [ 78.2078425, 13.5769925 ], [ 78.2140796, 13.5832302 ], [ 78.2162112, 13.5906234 ], [ 78.2192254, 13.5924627 ], [ 78.2262197, 13.5874412 ], [ 78.232579, 13.5859832 ], [ 78.2350855, 13.5910641 ], [ 78.2343892, 13.597122 ], [ 78.2363401, 13.5985818 ], [ 78.2421136, 13.5956519 ], [ 78.2436935, 13.5968413 ], [ 78.2492907, 13.5908786 ], [ 78.2580362, 13.5856939 ], [ 78.2586049, 13.5830058 ], [ 78.261034, 13.5849554 ], [ 78.2704751, 13.5881486 ], [ 78.3077348, 13.5922229 ], [ 78.3149586, 13.5914184 ], [ 78.326171, 13.5948375 ], [ 78.346566, 13.5904996 ], [ 78.348627, 13.5868672 ], [ 78.3612435, 13.5889892 ], [ 78.3649302, 13.5880847 ], [ 78.3653106, 13.5895082 ], [ 78.3841967, 13.5918334 ], [ 78.3934604, 13.5906603 ], [ 78.3961689, 13.588175 ], [ 78.4020014, 13.587971 ], [ 78.4015505, 13.5785031 ], [ 78.4066722, 13.5768552 ], [ 78.3931305, 13.5525603 ], [ 78.3936353, 13.540625 ], [ 78.3841099, 13.524901 ], [ 78.3855241, 13.5155625 ], [ 78.3753163, 13.508954 ], [ 78.3768461, 13.5052422 ], [ 78.3748456, 13.5027 ], [ 78.3780546, 13.500166 ], [ 78.3787892, 13.4820387 ], [ 78.3708236, 13.4695243 ], [ 78.3723569, 13.4633509 ], [ 78.374563, 13.4619429 ], [ 78.3728468, 13.4521382 ], [ 78.3757283, 13.4438858 ], [ 78.3783602, 13.4437186 ], [ 78.3789744, 13.4400714 ], [ 78.3764026, 13.4394523 ], [ 78.3756038, 13.4373778 ], [ 78.3775062, 13.4318777 ], [ 78.3774417, 13.4240275 ], [ 78.3807521, 13.4188663 ], [ 78.3792193, 13.4148259 ], [ 78.3810615, 13.4088196 ], [ 78.3816755, 13.3969832 ], [ 78.3787791, 13.3836452 ], [ 78.3723648, 13.3784625 ], [ 78.3690553, 13.3731882 ], [ 78.3650771, 13.361799 ], [ 78.3658112, 13.3586535 ], [ 78.36967, 13.3582605 ], [ 78.370833, 13.3615145 ], [ 78.3760622, 13.3611459 ], [ 78.3776366, 13.3631462 ], [ 78.3948577, 13.3543283 ], [ 78.3932052, 13.3507399 ], [ 78.4001284, 13.3490537 ], [ 78.4028237, 13.3471462 ], [ 78.4044761, 13.3478782 ], [ 78.4083991, 13.3456859 ], [ 78.4072905, 13.3375239 ], [ 78.4034919, 13.3360645 ], [ 78.3944228, 13.333819 ], [ 78.3848692, 13.334886 ], [ 78.3884231, 13.339098 ], [ 78.3876847, 13.3427995 ], [ 78.3830278, 13.343586 ], [ 78.3782509, 13.3371864 ], [ 78.3771479, 13.331971 ], [ 78.3871336, 13.3317922 ], [ 78.3921609, 13.3252954 ], [ 78.3992678, 13.3206896 ], [ 78.4011042, 13.3154695 ], [ 78.418877, 13.3205744 ], [ 78.421758, 13.328266 ], [ 78.4279475, 13.3312929 ], [ 78.4403847, 13.3284294 ], [ 78.4412377, 13.324895 ], [ 78.4400139, 13.3218085 ], [ 78.4442057, 13.308111 ], [ 78.4526326, 13.3100772 ], [ 78.4577193, 13.3138359 ], [ 78.4666633, 13.315121 ], [ 78.4694791, 13.317086 ], [ 78.4701539, 13.3198336 ], [ 78.4768975, 13.3226377 ], [ 78.4834016, 13.3211711 ], [ 78.4836314, 13.3130402 ], [ 78.4812398, 13.3101803 ], [ 78.4793099, 13.3012903 ], [ 78.4967354, 13.2986129 ], [ 78.4987845, 13.2995608 ], [ 78.5048469, 13.2913674 ], [ 78.5139427, 13.290577 ], [ 78.5133542, 13.285234 ], [ 78.5199307, 13.2827692 ], [ 78.5197948, 13.2771107 ], [ 78.5216455, 13.2761624 ], [ 78.5219607, 13.2730034 ], [ 78.5265108, 13.2716178 ], [ 78.526669, 13.2684181 ], [ 78.5321787, 13.2669378 ], [ 78.5320859, 13.2682846 ], [ 78.5363892, 13.2724125 ], [ 78.5393227, 13.2878703 ], [ 78.5453306, 13.2878904 ], [ 78.5535964, 13.2833057 ], [ 78.5563878, 13.2838353 ], [ 78.5578314, 13.2863486 ], [ 78.5593403, 13.2861953 ], [ 78.5616376, 13.2885145 ], [ 78.5648107, 13.2947341 ], [ 78.5649182, 13.3069142 ], [ 78.5632055, 13.3093859 ], [ 78.5655491, 13.3120033 ], [ 78.569537, 13.3092248 ], [ 78.571495, 13.303368 ], [ 78.5775512, 13.2952839 ], [ 78.5763352, 13.2849882 ], [ 78.578648, 13.2803517 ], [ 78.5873642, 13.2806425 ], [ 78.587638, 13.271251 ], [ 78.5851844, 13.2656916 ], [ 78.5852957, 13.2622026 ], [ 78.5790595, 13.2536595 ], [ 78.5701389, 13.2471012 ], [ 78.5705006, 13.2425912 ], [ 78.5719428, 13.2425915 ], [ 78.5687269, 13.2374015 ], [ 78.5664015, 13.2208549 ], [ 78.5764408, 13.2190097 ], [ 78.5785486, 13.2180184 ], [ 78.5794642, 13.2156277 ], [ 78.5787022, 13.2129922 ], [ 78.5762622, 13.2115109 ], [ 78.5711134, 13.2120175 ], [ 78.5677929, 13.2015176 ], [ 78.5638434, 13.200884 ], [ 78.5605286, 13.1987716 ], [ 78.5500603, 13.2001814 ], [ 78.5497587, 13.189694 ], [ 78.5558176, 13.188643 ], [ 78.5664644, 13.1918246 ], [ 78.5672959, 13.1932648 ], [ 78.5760596, 13.1866918 ], [ 78.5754233, 13.1802797 ], [ 78.5764781, 13.1745472 ], [ 78.5773244, 13.1718169 ], [ 78.5788217, 13.1714232 ], [ 78.5797652, 13.1673616 ], [ 78.5771999, 13.1680963 ], [ 78.5764519, 13.1671402 ], [ 78.573374, 13.1688953 ], [ 78.5687307, 13.1656204 ], [ 78.5682049, 13.1617622 ], [ 78.5501135, 13.1641889 ], [ 78.5413969, 13.1557364 ], [ 78.5408709, 13.1534812 ], [ 78.5483581, 13.1485388 ], [ 78.5446454, 13.1420034 ], [ 78.5312554, 13.1413737 ], [ 78.5266683, 13.1389403 ], [ 78.5260813, 13.1340666 ], [ 78.5233383, 13.1304519 ], [ 78.5215643, 13.1301251 ], [ 78.5215081, 13.1318096 ], [ 78.517045, 13.1315904 ], [ 78.5189278, 13.1251079 ], [ 78.5185282, 13.1198233 ], [ 78.5230334, 13.1184124 ], [ 78.5226191, 13.1149617 ], [ 78.5252665, 13.1144465 ], [ 78.5268336, 13.1122193 ], [ 78.5374516, 13.1086098 ], [ 78.538506, 13.1057302 ], [ 78.5324493, 13.1056626 ], [ 78.5244821, 13.1012011 ], [ 78.5228483, 13.0977228 ], [ 78.5233901, 13.0946936 ], [ 78.5160718, 13.0965516 ], [ 78.5094704, 13.0914951 ], [ 78.5086173, 13.0790239 ], [ 78.5107657, 13.0780333 ], [ 78.5151208, 13.0699659 ], [ 78.5156772, 13.0655103 ], [ 78.5142516, 13.0618554 ], [ 78.4980611, 13.0611999 ], [ 78.4873615, 13.0523567 ], [ 78.4784946, 13.0545368 ], [ 78.4779574, 13.0500892 ], [ 78.4731219, 13.042922 ], [ 78.4692557, 13.0428821 ], [ 78.4648018, 13.0446553 ], [ 78.4621959, 13.0432141 ], [ 78.461414, 13.0256948 ], [ 78.4648159, 13.0204199 ], [ 78.4634488, 13.0163414 ], [ 78.4645398, 13.0117883 ], [ 78.4636132, 13.00532 ], [ 78.4682559, 13.0046181 ], [ 78.467701, 12.9985355 ], [ 78.4701387, 12.9967134 ], [ 78.4718742, 12.9926178 ], [ 78.4748146, 12.9914418 ], [ 78.4685814, 12.9827153 ], [ 78.4674613, 12.9750225 ], [ 78.4597229, 12.9772481 ], [ 78.4526882, 12.9767658 ], [ 78.4353301, 12.9810398 ], [ 78.4324753, 12.977962 ], [ 78.4347449, 12.9714393 ], [ 78.4325499, 12.969496 ], [ 78.432715, 12.9677964 ], [ 78.4379727, 12.9639854 ], [ 78.4345787, 12.9607856 ], [ 78.4296966, 12.9591273 ], [ 78.4291566, 12.957464 ], [ 78.4192654, 12.9586806 ], [ 78.4214993, 12.9546305 ], [ 78.4203811, 12.947742 ], [ 78.4137626, 12.9483525 ], [ 78.4111631, 12.945268 ], [ 78.4135518, 12.9393215 ], [ 78.4130939, 12.9334071 ], [ 78.4152041, 12.933364 ], [ 78.4157374, 12.9296802 ], [ 78.417889, 12.9278947 ], [ 78.4188175, 12.9217248 ], [ 78.4228185, 12.9233472 ], [ 78.4281822, 12.9320931 ], [ 78.4380161, 12.9290139 ], [ 78.4445283, 12.919634 ], [ 78.4522961, 12.9176691 ], [ 78.4592514, 12.9087335 ], [ 78.4666967, 12.9054097 ], [ 78.4683484, 12.900835 ], [ 78.4694557, 12.8896375 ], [ 78.4680868, 12.8793241 ], [ 78.4650647, 12.8723956 ], [ 78.4647711, 12.8667637 ], [ 78.4620458, 12.8710583 ], [ 78.4641139, 12.8777023 ], [ 78.4558895, 12.8874674 ], [ 78.4488175, 12.8900993 ], [ 78.4472426, 12.8922104 ], [ 78.4492319, 12.8982444 ], [ 78.4439624, 12.9030048 ], [ 78.4464858, 12.9081889 ], [ 78.4455797, 12.911796 ], [ 78.4388384, 12.9136592 ], [ 78.4349479, 12.9118381 ], [ 78.4358962, 12.9094469 ], [ 78.4337003, 12.9045429 ], [ 78.4303916, 12.9047873 ], [ 78.4285928, 12.9020901 ], [ 78.4122111, 12.9032335 ], [ 78.4089044, 12.9092678 ], [ 78.398667, 12.9173089 ], [ 78.3963995, 12.9073137 ], [ 78.3886957, 12.9068581 ], [ 78.3857562, 12.9093711 ], [ 78.3856324, 12.9114367 ], [ 78.3782501, 12.9138452 ], [ 78.376721, 12.9179357 ], [ 78.3726662, 12.9212575 ], [ 78.3602622, 12.9369311 ], [ 78.3563725, 12.938874 ], [ 78.355875, 12.9407407 ], [ 78.3497075, 12.9357132 ], [ 78.3538456, 12.9302493 ], [ 78.3490477, 12.9289918 ], [ 78.3465988, 12.9140434 ], [ 78.341967, 12.9118953 ], [ 78.3440698, 12.9084988 ], [ 78.3396587, 12.9031794 ], [ 78.3310628, 12.901867 ], [ 78.3263071, 12.9044962 ], [ 78.3235329, 12.9017834 ], [ 78.3225005, 12.897489 ], [ 78.3240719, 12.8929107 ], [ 78.3205973, 12.8891444 ], [ 78.32033, 12.8872594 ], [ 78.321694, 12.8855603 ], [ 78.329182, 12.8845908 ], [ 78.3308777, 12.8853597 ], [ 78.3317857, 12.8888449 ], [ 78.3345183, 12.8892118 ], [ 78.3379926, 12.8862114 ], [ 78.3370799, 12.8823646 ], [ 78.3322415, 12.8807044 ], [ 78.3310201, 12.8755783 ], [ 78.3257257, 12.8749711 ], [ 78.3136269, 12.8764532 ], [ 78.3155932, 12.8675549 ], [ 78.3124464, 12.8585182 ], [ 78.3086867, 12.8577891 ], [ 78.299748, 12.8594038 ], [ 78.2820966, 12.8593147 ], [ 78.2717144, 12.8669621 ], [ 78.2683967, 12.8676926 ], [ 78.2652731, 12.8620082 ], [ 78.2581372, 12.8603962 ], [ 78.2536628, 12.8622017 ], [ 78.252198, 12.860551 ], [ 78.2513557, 12.8572011 ], [ 78.2523341, 12.8289243 ], [ 78.2505615, 12.812208 ], [ 78.2465583, 12.8016637 ], [ 78.2456403, 12.7882633 ], [ 78.2389819, 12.768375 ], [ 78.2309528, 12.7606586 ], [ 78.2238866, 12.7658815 ], [ 78.2181861, 12.7663761 ], [ 78.2128627, 12.765031 ], [ 78.2023702, 12.7712034 ], [ 78.1951644, 12.7738448 ], [ 78.1923371, 12.7742432 ], [ 78.1887632, 12.7720565 ], [ 78.1841408, 12.775958 ], [ 78.1823906, 12.7742544 ], [ 78.1773992, 12.7759458 ], [ 78.1716335, 12.7737863 ], [ 78.1676635, 12.7700808 ], [ 78.1451467, 12.7809303 ], [ 78.135725, 12.7830866 ], [ 78.1342376, 12.7819657 ], [ 78.1312581, 12.7838007 ], [ 78.1298535, 12.787534 ], [ 78.125953, 12.7916785 ], [ 78.1249904, 12.7981868 ], [ 78.1218817, 12.7992534 ], [ 78.1203573, 12.801712 ], [ 78.1093595, 12.8044911 ], [ 78.1047305, 12.8090781 ], [ 78.090162, 12.8173609 ], [ 78.0901749, 12.8235032 ], [ 78.0875309, 12.8248767 ], [ 78.0881292, 12.8278733 ], [ 78.0861986, 12.8319362 ], [ 78.0738597, 12.8305147 ], [ 78.075079, 12.8361962 ], [ 78.0772619, 12.8381039 ], [ 78.0765246, 12.8396495 ], [ 78.071204, 12.8424008 ], [ 78.0668651, 12.8419615 ], [ 78.0604667, 12.8437496 ], [ 78.059046, 12.8511705 ], [ 78.0533334, 12.8538536 ], [ 78.0514315, 12.8524293 ], [ 78.0504699, 12.8487364 ], [ 78.0307307, 12.8524495 ], [ 78.0306502, 12.8580221 ], [ 78.0238657, 12.8565009 ], [ 78.02407, 12.8525147 ], [ 78.0297049, 12.8489102 ], [ 78.0289879, 12.8451857 ], [ 78.0245995, 12.841975 ], [ 78.0191496, 12.8439434 ], [ 78.0182977, 12.8310525 ], [ 78.014665, 12.829822 ], [ 78.0106206, 12.8309095 ], [ 78.003917, 12.8255958 ], [ 78.0038487, 12.8240049 ], [ 78.0057979, 12.8221708 ], [ 78.0127725, 12.8188203 ], [ 78.0153125, 12.8137911 ], [ 78.0097803, 12.8057742 ], [ 78.0064631, 12.808576 ], [ 77.9966911, 12.8078727 ], [ 77.9956171, 12.8058664 ], [ 77.9885214, 12.8081947 ], [ 77.9897842, 12.8215477 ], [ 77.9867952, 12.8218246 ], [ 77.9792715, 12.8270432 ], [ 77.9803939, 12.8350562 ], [ 77.9740514, 12.8348325 ], [ 77.9726965, 12.8328172 ], [ 77.9643183, 12.8328427 ], [ 77.9625741, 12.8373719 ], [ 77.965309, 12.8478069 ], [ 77.9629975, 12.850176 ], [ 77.9527762, 12.8501293 ], [ 77.952336, 12.8571168 ], [ 77.9436485, 12.8578196 ], [ 77.9411561, 12.8560576 ], [ 77.9399946, 12.8531426 ], [ 77.9405777, 12.8452512 ], [ 77.9466096, 12.8387092 ], [ 77.9421725, 12.8312082 ], [ 77.9406783, 12.8233444 ], [ 77.9343407, 12.8230972 ], [ 77.9285152, 12.8267773 ], [ 77.9265123, 12.830285 ], [ 77.9240389, 12.8302854 ], [ 77.9205565, 12.8281572 ], [ 77.9180744, 12.8313485 ], [ 77.9172465, 12.8388512 ], [ 77.9240194, 12.8506284 ], [ 77.9228135, 12.8555641 ], [ 77.9242279, 12.8573265 ], [ 77.9269641, 12.8575158 ], [ 77.9313549, 12.8618087 ], [ 77.9355931, 12.8627479 ], [ 77.9364185, 12.8666662 ], [ 77.9412143, 12.8682154 ], [ 77.9417771, 12.8716366 ], [ 77.9416254, 12.872735 ], [ 77.9277229, 12.8749163 ], [ 77.9271437, 12.8815197 ], [ 77.9346296, 12.8806595 ], [ 77.9361044, 12.8836059 ], [ 77.9360085, 12.8872443 ], [ 77.9293246, 12.8909156 ], [ 77.9250906, 12.8900893 ], [ 77.921874, 12.8847385 ], [ 77.9087582, 12.8848398 ], [ 77.908412, 12.8788061 ], [ 77.8949189, 12.8785733 ], [ 77.8903439, 12.8696551 ], [ 77.8847515, 12.8702248 ], [ 77.8825357, 12.8685616 ], [ 77.8772657, 12.8686158 ], [ 77.8759437, 12.8668034 ], [ 77.8577826, 12.8694115 ], [ 77.8509486, 12.8661104 ], [ 77.8473873, 12.8693189 ], [ 77.8426058, 12.8686901 ], [ 77.8360134, 12.8703297 ], [ 77.8321582, 12.8675223 ], [ 77.8324633, 12.8620445 ], [ 77.8250705, 12.859146 ], [ 77.8230767, 12.8558417 ], [ 77.8155453, 12.8557903 ], [ 77.8079195, 12.847671 ], [ 77.7991066, 12.8515373 ], [ 77.7967458, 12.8447751 ], [ 77.7948938, 12.8456197 ], [ 77.7924628, 12.8427037 ], [ 77.795897, 12.8345333 ], [ 77.8098816, 12.8315318 ], [ 77.8079633, 12.8230434 ], [ 77.8098952, 12.8155322 ], [ 77.8021619, 12.8170035 ], [ 77.7997338, 12.8052155 ], [ 77.803393, 12.8048052 ], [ 77.8051008, 12.7995991 ], [ 77.807277, 12.7993874 ], [ 77.8076442, 12.7952519 ], [ 77.8045406, 12.7940081 ], [ 77.8022097, 12.7962582 ], [ 77.8003728, 12.7944317 ], [ 77.799479, 12.7956834 ], [ 77.7985627, 12.7951181 ], [ 77.7929191, 12.7879843 ], [ 77.7895371, 12.7801641 ], [ 77.7788445, 12.7680068 ], [ 77.7845013, 12.7623819 ], [ 77.7943891, 12.7576216 ], [ 77.792744, 12.7478635 ], [ 77.7835561, 12.7412119 ], [ 77.7800565, 12.7420196 ], [ 77.7768203, 12.7405902 ], [ 77.7683533, 12.7400308 ], [ 77.764436, 12.7379546 ], [ 77.762416, 12.7353142 ], [ 77.7611996, 12.7273726 ], [ 77.7744513, 12.7242144 ], [ 77.7703196, 12.7178716 ], [ 77.7695531, 12.7125245 ], [ 77.7657452, 12.7137432 ], [ 77.7661207, 12.7079943 ], [ 77.7639239, 12.6996364 ], [ 77.7599523, 12.6969816 ], [ 77.7398845, 12.6998774 ], [ 77.7351819, 12.6940218 ], [ 77.7350199, 12.6918524 ], [ 77.7410063, 12.6857664 ], [ 77.7411767, 12.6754569 ], [ 77.7399282, 12.6729896 ], [ 77.7246224, 12.6711876 ], [ 77.7227644, 12.6796497 ], [ 77.7115905, 12.6831376 ], [ 77.7121446, 12.6743285 ], [ 77.7110146, 12.6671199 ], [ 77.7042282, 12.6614044 ], [ 77.692187, 12.6608426 ], [ 77.6899253, 12.6589858 ], [ 77.6786546, 12.6603889 ], [ 77.6789311, 12.6621018 ], [ 77.6773618, 12.6635213 ], [ 77.6771424, 12.6714399 ], [ 77.6750943, 12.6730899 ], [ 77.6763843, 12.6794716 ], [ 77.6599101, 12.68384 ], [ 77.6483638, 12.6793665 ], [ 77.6439826, 12.6789465 ], [ 77.6378833, 12.6757061 ], [ 77.6239084, 12.6739028 ], [ 77.5988731, 12.6671576 ], [ 77.5961228, 12.6502807 ], [ 77.5996447, 12.6426925 ], [ 77.6007262, 12.643027 ], [ 77.6047448, 12.6375947 ], [ 77.6033274, 12.6353212 ], [ 77.6062321, 12.6289125 ], [ 77.6046215, 12.6267564 ], [ 77.594074, 12.6210603 ], [ 77.5910191, 12.615243 ], [ 77.5914229, 12.592093 ], [ 77.5893198, 12.5926845 ], [ 77.5891732, 12.5893265 ], [ 77.5837964, 12.5758794 ], [ 77.5793428, 12.5730854 ], [ 77.5807109, 12.5653659 ], [ 77.58035, 12.5515896 ], [ 77.5863966, 12.5457195 ], [ 77.5854595, 12.5367974 ], [ 77.5885021, 12.5266193 ], [ 77.5872022, 12.5147547 ], [ 77.5939275, 12.5160845 ], [ 77.6067716, 12.5141334 ], [ 77.6124942, 12.514622 ], [ 77.6163265, 12.5091804 ], [ 77.6150663, 12.5041633 ], [ 77.6024032, 12.4971483 ], [ 77.5917975, 12.4851787 ], [ 77.5887523, 12.48563 ], [ 77.5836801, 12.4787954 ], [ 77.5956902, 12.4748017 ], [ 77.5987717, 12.4760451 ], [ 77.6074236, 12.4751238 ], [ 77.6164888, 12.4828443 ], [ 77.6260882, 12.496309 ], [ 77.6294783, 12.4944966 ], [ 77.6346254, 12.4875993 ], [ 77.632399, 12.4791203 ], [ 77.633144, 12.4704513 ], [ 77.6307616, 12.4702705 ], [ 77.6292437, 12.4667722 ], [ 77.6302786, 12.4646118 ], [ 77.6294185, 12.4606524 ], [ 77.6271741, 12.4584513 ], [ 77.6291472, 12.4463518 ], [ 77.6269811, 12.4411179 ], [ 77.6260845, 12.430763 ], [ 77.629092, 12.4251268 ], [ 77.6296163, 12.4183245 ], [ 77.623331, 12.4122437 ], [ 77.6205815, 12.3830111 ], [ 77.6180894, 12.3810991 ], [ 77.6168074, 12.3681995 ], [ 77.6130239, 12.3611213 ], [ 77.6076102, 12.3610499 ], [ 77.6008362, 12.3584264 ], [ 77.5986902, 12.3499922 ], [ 77.5915427, 12.3401381 ], [ 77.5822248, 12.3377727 ], [ 77.578575, 12.3356658 ], [ 77.5751891, 12.3254322 ], [ 77.5660046, 12.3062435 ], [ 77.5579148, 12.3053828 ], [ 77.5579016, 12.3032132 ], [ 77.555043, 12.3015899 ], [ 77.5524013, 12.297449 ], [ 77.5513368, 12.2912067 ], [ 77.5328365, 12.2914584 ], [ 77.5272247, 12.2787692 ], [ 77.5141871, 12.2753831 ], [ 77.5083821, 12.2759998 ], [ 77.4999818, 12.2825678 ], [ 77.4967405, 12.2821819 ], [ 77.4932781, 12.2788749 ], [ 77.487598, 12.2804952 ], [ 77.4850955, 12.2750498 ], [ 77.4790595, 12.2712735 ], [ 77.4770348, 12.2644628 ], [ 77.4782002, 12.2592148 ], [ 77.4735204, 12.2556142 ], [ 77.4711197, 12.2435102 ], [ 77.4784927, 12.2400593 ], [ 77.4823134, 12.2330973 ], [ 77.4826245, 12.2294361 ], [ 77.4719149, 12.208418 ], [ 77.4754428, 12.2055874 ], [ 77.4864466, 12.203807 ], [ 77.4927112, 12.1973321 ], [ 77.5186837, 12.1944792 ], [ 77.5230704, 12.1974596 ], [ 77.5281515, 12.1988943 ], [ 77.5358523, 12.1986168 ], [ 77.5401655, 12.2023787 ], [ 77.5458899, 12.2046495 ], [ 77.5653142, 12.196311 ], [ 77.5694348, 12.199738 ], [ 77.5738593, 12.200887 ], [ 77.5804211, 12.198095 ], [ 77.5890773, 12.1995202 ], [ 77.5967367, 12.1992681 ], [ 77.6053421, 12.205529 ], [ 77.6107548, 12.2061442 ], [ 77.6209601, 12.1998847 ], [ 77.6298417, 12.2022351 ], [ 77.6376251, 12.1966892 ], [ 77.6560775, 12.1995491 ], [ 77.6652392, 12.1982102 ], [ 77.669953, 12.1953394 ], [ 77.6986393, 12.1851324 ], [ 77.7113469, 12.1824261 ], [ 77.722029, 12.1829379 ], [ 77.7306197, 12.1803903 ], [ 77.7333433, 12.1780797 ], [ 77.7354303, 12.1695859 ], [ 77.7427415, 12.1628801 ], [ 77.7461433, 12.1573735 ], [ 77.7475146, 12.1519083 ], [ 77.7467855, 12.1445277 ], [ 77.7498075, 12.1384625 ], [ 77.7572116, 12.1304386 ], [ 77.7737982, 12.1205198 ], [ 77.7761696, 12.117316 ], [ 77.776392, 12.112281 ], [ 77.772595, 12.108293 ], [ 77.7677545, 12.1066367 ], [ 77.7642663, 12.1008725 ], [ 77.7556871, 12.0797337 ], [ 77.7427071, 12.0700233 ], [ 77.7275352, 12.0620379 ], [ 77.7148909, 12.0424436 ], [ 77.7089055, 12.0360181 ], [ 77.6963692, 12.0157675 ], [ 77.6747419, 11.9659364 ], [ 77.674506, 11.9539 ], [ 77.6756901, 11.9519788 ], [ 77.672596, 11.9515499 ], [ 77.6690702, 11.9490735 ], [ 77.6573832, 11.949834 ], [ 77.6561946, 11.9534636 ], [ 77.6520541, 11.9548199 ], [ 77.6487121, 11.9536675 ], [ 77.6472155, 11.9504901 ], [ 77.6423176, 11.9500247 ], [ 77.6394393, 11.948045 ], [ 77.6288585, 11.9463727 ], [ 77.6240019, 11.9473082 ], [ 77.612531, 11.942408 ], [ 77.6069539, 11.9420188 ], [ 77.603452, 11.9376567 ], [ 77.5935781, 11.9402228 ], [ 77.5883867, 11.9393406 ], [ 77.5859635, 11.9368724 ], [ 77.5753144, 11.9364816 ], [ 77.5610696, 11.9419157 ], [ 77.5581778, 11.9415488 ], [ 77.5425216, 11.9381633 ], [ 77.5379839, 11.9323854 ], [ 77.5282431, 11.933783 ], [ 77.5183404, 11.9382221 ], [ 77.5123136, 11.9378128 ], [ 77.5049172, 11.9411317 ], [ 77.5004102, 11.939977 ], [ 77.4967285, 11.9436066 ], [ 77.4948007, 11.943847 ], [ 77.4928672, 11.9412624 ], [ 77.4932028, 11.9313049 ], [ 77.4918861, 11.9211854 ], [ 77.4886056, 11.9123367 ], [ 77.490886, 11.9106816 ], [ 77.4905914, 11.9084895 ], [ 77.4830702, 11.8995745 ], [ 77.4849643, 11.8955511 ], [ 77.4862004, 11.8874103 ], [ 77.4840941, 11.8880122 ], [ 77.4806401, 11.8934102 ], [ 77.4772155, 11.8904554 ], [ 77.4741556, 11.8943886 ], [ 77.4747763, 11.8980044 ], [ 77.4735239, 11.89918 ], [ 77.4626517, 11.9008465 ], [ 77.461628, 11.8999835 ], [ 77.463976, 11.8940256 ], [ 77.4622257, 11.8879604 ], [ 77.4631426, 11.8843713 ], [ 77.4604753, 11.8812036 ], [ 77.4658564, 11.8741962 ], [ 77.4628433, 11.8648047 ], [ 77.4599381, 11.8634496 ], [ 77.4630527, 11.8588474 ], [ 77.4614084, 11.8536906 ], [ 77.4662438, 11.8500191 ], [ 77.4666147, 11.847081 ], [ 77.4633414, 11.8416039 ], [ 77.4603606, 11.8318371 ], [ 77.4569691, 11.8289769 ], [ 77.4540441, 11.8202316 ], [ 77.4520992, 11.8130341 ], [ 77.4528526, 11.808028 ], [ 77.4497952, 11.8005573 ], [ 77.4498034, 11.7960103 ], [ 77.4466228, 11.7903068 ], [ 77.4405024, 11.7888346 ], [ 77.439598, 11.7856075 ], [ 77.4422032, 11.7832883 ], [ 77.4338066, 11.7781368 ], [ 77.4280473, 11.7670095 ], [ 77.4289365, 11.7626339 ], [ 77.4272411, 11.7608704 ], [ 77.4225974, 11.7617179 ], [ 77.4222273, 11.772376 ], [ 77.4136582, 11.7746731 ], [ 77.3944555, 11.7876332 ], [ 77.3880237, 11.788465 ], [ 77.3702556, 11.7866567 ], [ 77.369205, 11.7867606 ], [ 77.3690254, 11.7895161 ], [ 77.3648464, 11.7904034 ], [ 77.3604248, 11.7794693 ], [ 77.3351488, 11.7712308 ], [ 77.327698, 11.7753516 ], [ 77.3126739, 11.7935364 ], [ 77.2938544, 11.8089983 ], [ 77.2879755, 11.8004356 ], [ 77.274431, 11.802998 ], [ 77.2734162, 11.8053435 ], [ 77.2615814, 11.8106133 ], [ 77.249876, 11.8130127 ], [ 77.2495959, 11.8041807 ], [ 77.2386017, 11.7946527 ], [ 77.2175247, 11.7953281 ], [ 77.1892357, 11.7925215 ], [ 77.1820161, 11.7863206 ], [ 77.1470947, 11.7819148 ], [ 77.1380782, 11.7726415 ], [ 77.1305846, 11.7737007 ], [ 77.1227649, 11.7724476 ], [ 77.1156507, 11.7747197 ], [ 77.1107466, 11.7734725 ], [ 77.1126407, 11.7656225 ], [ 77.1113418, 11.7636674 ], [ 77.1126085, 11.7618928 ], [ 77.1124557, 11.7569332 ], [ 77.1098404, 11.7554832 ], [ 77.1085461, 11.7526 ], [ 77.1087829, 11.7513187 ], [ 77.1113805, 11.7503974 ], [ 77.1117403, 11.7430717 ], [ 77.1148362, 11.7389306 ], [ 77.1141889, 11.7344699 ], [ 77.1175388, 11.7317885 ], [ 77.1153501, 11.7281664 ], [ 77.1173871, 11.728466 ], [ 77.116024, 11.7256362 ], [ 77.11814, 11.7261142 ], [ 77.1177063, 11.7210721 ], [ 77.1148212, 11.7217484 ], [ 77.1050098, 11.7327982 ], [ 77.080218, 11.735982 ], [ 77.082765, 11.7397633 ], [ 77.0710942, 11.7513084 ], [ 77.0564268, 11.7697758 ], [ 77.0599094, 11.7715218 ], [ 77.0612589, 11.775918 ], [ 77.0671021, 11.7783123 ], [ 77.0687486, 11.7820557 ], [ 77.0697566, 11.7820764 ], [ 77.0669199, 11.78798 ], [ 77.0629426, 11.7903967 ], [ 77.0577889, 11.7888515 ], [ 77.050427, 11.7896172 ], [ 77.0464687, 11.7876166 ], [ 77.0445126, 11.7860329 ], [ 77.0429997, 11.7819905 ], [ 77.0400558, 11.7806223 ], [ 77.0351016, 11.769779 ], [ 77.0288648, 11.7746747 ], [ 77.0354896, 11.7831356 ], [ 77.0387493, 11.7938467 ], [ 77.0353397, 11.7939011 ], [ 77.0326721, 11.7958896 ], [ 77.0341943, 11.7999467 ], [ 77.0306478, 11.8020131 ], [ 77.0298799, 11.804675 ], [ 77.0168883, 11.8107137 ], [ 77.0162187, 11.8069036 ], [ 77.0140106, 11.8062108 ], [ 77.0129402, 11.814615 ], [ 76.9935391, 11.8091603 ], [ 76.9829906, 11.8118489 ], [ 76.9821486, 11.8115036 ], [ 76.9829646, 11.8079548 ], [ 76.9821021, 11.8034609 ], [ 76.9836459, 11.8016833 ], [ 76.9801967, 11.7985265 ], [ 76.9808924, 11.795412 ], [ 76.9753301, 11.7892452 ], [ 76.972862, 11.7843081 ], [ 76.9727263, 11.7803757 ], [ 76.9699227, 11.7768597 ], [ 76.9611772, 11.7816221 ], [ 76.9560193, 11.7911544 ], [ 76.9539396, 11.7920521 ], [ 76.9506114, 11.7918759 ], [ 76.9451504, 11.7883025 ], [ 76.9423866, 11.788025 ], [ 76.9320882, 11.792789 ], [ 76.9221759, 11.7917752 ], [ 76.9080036, 11.7952454 ], [ 76.900377, 11.7839174 ], [ 76.8981078, 11.7772279 ], [ 76.8966107, 11.7764676 ], [ 76.8979237, 11.7706019 ], [ 76.8958113, 11.7577493 ], [ 76.8880972, 11.7417023 ], [ 76.8883494, 11.7336432 ], [ 76.8797677, 11.7267683 ], [ 76.8742133, 11.7241105 ], [ 76.862633, 11.711011 ], [ 76.8611657, 11.7072186 ], [ 76.8637113, 11.7053746 ], [ 76.8527606, 11.6923697 ], [ 76.848543, 11.6796907 ], [ 76.8440269, 11.6728061 ], [ 76.8436469, 11.6682048 ], [ 76.841414, 11.665949 ], [ 76.8418411, 11.6621297 ], [ 76.8387049, 11.6600907 ], [ 76.8377792, 11.6562078 ], [ 76.8357388, 11.6554888 ], [ 76.8362573, 11.6538798 ], [ 76.8337361, 11.6489571 ], [ 76.8356536, 11.6441211 ], [ 76.8379329, 11.6419383 ], [ 76.8346044, 11.6396913 ], [ 76.8359161, 11.6375129 ], [ 76.8441886, 11.6325693 ], [ 76.8444405, 11.6341694 ], [ 76.8452888, 11.6338124 ], [ 76.8448449, 11.6281534 ], [ 76.8429056, 11.6268016 ], [ 76.8494029, 11.6244928 ], [ 76.8486145, 11.6224858 ], [ 76.8495546, 11.6210666 ], [ 76.8521129, 11.621668 ], [ 76.8488397, 11.6185579 ], [ 76.8505319, 11.6159591 ], [ 76.8560062, 11.6156388 ], [ 76.8581245, 11.6140299 ], [ 76.8577352, 11.6101562 ], [ 76.8556678, 11.6075841 ], [ 76.8572405, 11.6054734 ], [ 76.8564709, 11.599281 ], [ 76.8535829, 11.596971 ], [ 76.8469356, 11.5944707 ], [ 76.8446018, 11.5961472 ], [ 76.8393661, 11.5969917 ], [ 76.8307784, 11.6016955 ], [ 76.8252321, 11.6072931 ], [ 76.8228392, 11.6080758 ], [ 76.8175693, 11.6047212 ], [ 76.8092351, 11.6083758 ], [ 76.8017514, 11.6075421 ], [ 76.7963458, 11.6084129 ], [ 76.7915258, 11.612737 ], [ 76.7860381, 11.6117544 ], [ 76.7747639, 11.6123424 ], [ 76.7701915, 11.6156899 ], [ 76.7670883, 11.6139124 ], [ 76.7648233, 11.6141284 ], [ 76.7569171, 11.618437 ], [ 76.7470728, 11.6137835 ], [ 76.7368399, 11.6153102 ], [ 76.7320071, 11.6143808 ], [ 76.7234612, 11.6153554 ], [ 76.7218275, 11.6143907 ], [ 76.7027108, 11.6158432 ], [ 76.692495, 11.6143417 ], [ 76.6885376, 11.6151877 ], [ 76.6845861, 11.6139636 ], [ 76.6714719, 11.6159062 ], [ 76.6501999, 11.6134522 ], [ 76.6304629, 11.6137869 ], [ 76.6139849, 11.6075533 ], [ 76.6106469, 11.6108482 ], [ 76.5981709, 11.6107168 ], [ 76.5964655, 11.6162525 ], [ 76.5933339, 11.6169392 ], [ 76.5922883, 11.6186566 ], [ 76.5908257, 11.6187649 ], [ 76.5837888, 11.6137556 ], [ 76.5790844, 11.6157344 ], [ 76.5770857, 11.6144413 ], [ 76.5752141, 11.6191868 ], [ 76.5676353, 11.6185028 ], [ 76.5626633, 11.6229089 ], [ 76.5599581, 11.6224707 ], [ 76.5596743, 11.625195 ], [ 76.5617753, 11.6293998 ], [ 76.5614237, 11.6326758 ], [ 76.5595849, 11.6331682 ], [ 76.5584103, 11.6386296 ], [ 76.553905, 11.6457141 ], [ 76.5544019, 11.6555678 ], [ 76.5500622, 11.6610955 ], [ 76.5493137, 11.6649815 ], [ 76.5514027, 11.671875 ], [ 76.5505279, 11.6742269 ], [ 76.5372261, 11.6908002 ], [ 76.5116753, 11.7049786 ], [ 76.5045922, 11.6991267 ], [ 76.5015194, 11.6991569 ], [ 76.4935966, 11.6929792 ], [ 76.4884275, 11.6913494 ], [ 76.4816822, 11.6925107 ], [ 76.4830933, 11.689715 ], [ 76.4826242, 11.6861083 ], [ 76.474432, 11.6812249 ], [ 76.4579458, 11.664361 ], [ 76.4548232, 11.6654149 ], [ 76.4503519, 11.664164 ], [ 76.4491324, 11.6655971 ], [ 76.4480453, 11.6643137 ], [ 76.4434916, 11.6635892 ], [ 76.4408872, 11.6643016 ], [ 76.4404059, 11.6658068 ], [ 76.4390758, 11.6647494 ], [ 76.4350131, 11.665157 ], [ 76.4333947, 11.6668025 ], [ 76.4296161, 11.666145 ], [ 76.4281813, 11.6699828 ], [ 76.4261317, 11.6711447 ], [ 76.4220274, 11.6713035 ], [ 76.4210278, 11.6724834 ], [ 76.4195052, 11.670897 ], [ 76.417249, 11.6717381 ], [ 76.4151405, 11.6741678 ], [ 76.4140309, 11.6816147 ], [ 76.4126002, 11.682763 ], [ 76.4130454, 11.6859812 ], [ 76.4109314, 11.6880426 ], [ 76.4095693, 11.6877398 ], [ 76.4084413, 11.6897152 ], [ 76.4102576, 11.6910033 ], [ 76.4108265, 11.69367 ], [ 76.4096341, 11.6943753 ], [ 76.4123768, 11.6950214 ], [ 76.4117763, 11.6978284 ], [ 76.4098318, 11.6987506 ], [ 76.4108685, 11.7000523 ], [ 76.4092681, 11.7022854 ], [ 76.4088832, 11.7063896 ], [ 76.4074477, 11.7074475 ], [ 76.4052369, 11.7058566 ], [ 76.4034071, 11.7080716 ], [ 76.404274, 11.7089619 ], [ 76.4036597, 11.7116198 ], [ 76.4056043, 11.7111947 ], [ 76.4085308, 11.7150546 ], [ 76.4125717, 11.71547 ], [ 76.4126631, 11.7121885 ], [ 76.4140068, 11.7112527 ], [ 76.4160571, 11.7129565 ], [ 76.4165898, 11.7176934 ], [ 76.4241122, 11.7202914 ], [ 76.427443, 11.7259771 ], [ 76.4221013, 11.738286 ], [ 76.4181662, 11.7426032 ], [ 76.4128771, 11.7401087 ], [ 76.4104784, 11.7420842 ], [ 76.4124143, 11.7436841 ], [ 76.4123005, 11.7518197 ], [ 76.4149752, 11.7555032 ], [ 76.4142324, 11.7588481 ], [ 76.4106223, 11.7588666 ], [ 76.4052091, 11.756372 ], [ 76.3986398, 11.7508084 ], [ 76.3934014, 11.7550258 ], [ 76.3912913, 11.7547682 ], [ 76.3839471, 11.7472023 ], [ 76.3809471, 11.7469356 ], [ 76.3769931, 11.7445445 ], [ 76.368461, 11.7481376 ], [ 76.362819, 11.7483678 ], [ 76.3525036, 11.7382782 ], [ 76.3503168, 11.74016 ], [ 76.339738, 11.7390043 ], [ 76.3348382, 11.7446401 ], [ 76.329145, 11.7482822 ], [ 76.3196033, 11.750477 ], [ 76.3168551, 11.7525914 ], [ 76.3166941, 11.7546434 ], [ 76.3144549, 11.7569074 ], [ 76.3136184, 11.7635697 ], [ 76.3107091, 11.7673025 ], [ 76.3076998, 11.7842156 ], [ 76.3055843, 11.7858966 ], [ 76.3011711, 11.7856286 ], [ 76.2940261, 11.7917601 ], [ 76.2902361, 11.7928302 ], [ 76.2848795, 11.8002955 ], [ 76.2802231, 11.8116075 ], [ 76.2768734, 11.8123746 ], [ 76.2736854, 11.8106333 ], [ 76.2596419, 11.8086885 ], [ 76.2499986, 11.8033716 ], [ 76.2455793, 11.8029267 ], [ 76.2293478, 11.8053102 ], [ 76.2237192, 11.8082049 ], [ 76.2182108, 11.8143583 ], [ 76.2184828, 11.8185528 ], [ 76.2170935, 11.8215726 ], [ 76.2156942, 11.8217674 ], [ 76.2154469, 11.8235664 ], [ 76.2137125, 11.8235715 ], [ 76.2098918, 11.8281694 ], [ 76.2111823, 11.8325263 ], [ 76.210357, 11.8346463 ], [ 76.2131125, 11.8426189 ], [ 76.2102587, 11.8442198 ], [ 76.2074736, 11.8615366 ], [ 76.2020129, 11.8624148 ], [ 76.1983794, 11.8665515 ], [ 76.1903863, 11.8712134 ], [ 76.1867242, 11.8719554 ], [ 76.1788076, 11.8701669 ], [ 76.1734981, 11.8712074 ], [ 76.1648105, 11.8675654 ], [ 76.1588082, 11.8702374 ], [ 76.1560272, 11.8701382 ], [ 76.1494048, 11.8664232 ], [ 76.1460823, 11.867002 ], [ 76.1322922, 11.8538717 ], [ 76.1199441, 11.8504679 ], [ 76.1170388, 11.8548477 ], [ 76.1178533, 11.8571935 ], [ 76.1128639, 11.858712 ], [ 76.1149042, 11.8668255 ], [ 76.1117637, 11.8873596 ], [ 76.1133742, 11.8952109 ], [ 76.1123034, 11.9786551 ], [ 76.1047699, 11.9756889 ], [ 76.0946524, 11.9688755 ], [ 76.0897956, 11.9674298 ], [ 76.0772855, 11.9687371 ], [ 76.0700967, 11.9670767 ], [ 76.0674212, 11.963329 ], [ 76.0579567, 11.9577837 ], [ 76.0520411, 11.9516099 ], [ 76.0478408, 11.9518403 ], [ 76.0448206, 11.9505362 ], [ 76.0423294, 11.9460179 ], [ 76.0390706, 11.9450865 ], [ 76.0337199, 11.940297 ], [ 76.0299743, 11.9401533 ], [ 76.0267553, 11.9430804 ], [ 76.0223804, 11.9439652 ], [ 76.0164876, 11.9411018 ], [ 76.0131181, 11.9417151 ], [ 76.0073814, 11.9390228 ], [ 76.0031985, 11.9313917 ], [ 75.9939131, 11.9322705 ], [ 75.9904214, 11.9347079 ], [ 75.983472, 11.9327174 ], [ 75.9792732, 11.9347617 ], [ 75.9763997, 11.9337051 ], [ 75.9563683, 11.941896 ], [ 75.9517369, 11.9406362 ], [ 75.9474137, 11.9417762 ], [ 75.9396018, 11.940996 ], [ 75.9374082, 11.9421038 ], [ 75.9357141, 11.9400613 ], [ 75.9307848, 11.9397006 ], [ 75.9271918, 11.9433666 ], [ 75.9174665, 11.9448775 ], [ 75.9139877, 11.9469208 ], [ 75.8987314, 11.9466645 ], [ 75.8970331, 11.9454714 ], [ 75.8930724, 11.9488929 ], [ 75.8860226, 11.9520251 ], [ 75.88068, 11.9497066 ], [ 75.8725422, 11.9532995 ], [ 75.8704493, 11.9525809 ], [ 75.866433, 11.9573759 ], [ 75.8588594, 11.9594182 ], [ 75.8536722, 11.9658988 ], [ 75.852997, 11.9715934 ], [ 75.8501095, 11.9747432 ], [ 75.847998, 11.9749463 ], [ 75.8495537, 11.9780379 ], [ 75.8469093, 11.9820057 ], [ 75.842925, 11.9807261 ], [ 75.839707, 11.9826691 ], [ 75.8370448, 11.9809286 ], [ 75.8294702, 11.9845068 ], [ 75.8256312, 11.9918729 ], [ 75.8252316, 12.0027326 ], [ 75.8203785, 12.0025192 ], [ 75.8232466, 12.0098014 ], [ 75.8228554, 12.0133676 ], [ 75.8154659, 12.0205075 ], [ 75.8099278, 12.0227119 ], [ 75.8110237, 12.0285745 ], [ 75.8010706, 12.037006 ], [ 75.7996624, 12.0473834 ], [ 75.7978656, 12.0512882 ], [ 75.793961, 12.0550295 ], [ 75.7943694, 12.0560421 ], [ 75.7986631, 12.0560388 ], [ 75.7986747, 12.0632662 ], [ 75.8038286, 12.0751597 ], [ 75.8025509, 12.0785628 ], [ 75.7972092, 12.0799082 ], [ 75.7953944, 12.0819506 ], [ 75.7901908, 12.0819897 ], [ 75.7854182, 12.0842571 ], [ 75.7803621, 12.0825061 ], [ 75.7733076, 12.0826978 ], [ 75.7676302, 12.0844764 ], [ 75.7628222, 12.0832494 ], [ 75.7534847, 12.0841312 ], [ 75.7491273, 12.0819099 ], [ 75.7471195, 12.0781858 ], [ 75.7435812, 12.0801666 ], [ 75.7361055, 12.0789481 ], [ 75.7277398, 12.0725488 ], [ 75.7248458, 12.0731831 ], [ 75.7200169, 12.0708551 ], [ 75.7147313, 12.0704428 ], [ 75.7162923, 12.0793666 ], [ 75.7154494, 12.0816573 ], [ 75.7176854, 12.0822879 ], [ 75.7179299, 12.0855786 ], [ 75.7130653, 12.0904776 ], [ 75.7021323, 12.0922918 ], [ 75.7032626, 12.1081714 ], [ 75.6969366, 12.1091949 ], [ 75.6955435, 12.110486 ], [ 75.6871795, 12.110246 ], [ 75.6836404, 12.1044926 ], [ 75.6798762, 12.10273 ], [ 75.6768687, 12.0981976 ], [ 75.6674175, 12.0973094 ], [ 75.6619817, 12.0991829 ], [ 75.653, 12.1079129 ], [ 75.6527583, 12.1100506 ], [ 75.6490802, 12.1093317 ], [ 75.6487538, 12.1129291 ], [ 75.646582, 12.1158009 ], [ 75.6477784, 12.1176104 ], [ 75.6475338, 12.121922 ], [ 75.6440838, 12.1255152 ], [ 75.6445046, 12.1337464 ], [ 75.6431933, 12.1386487 ], [ 75.6420479, 12.1398043 ], [ 75.6382593, 12.1389541 ], [ 75.639195, 12.1433576 ], [ 75.6360539, 12.1491749 ], [ 75.631332, 12.1487843 ], [ 75.6264475, 12.152945 ], [ 75.6190322, 12.1565189 ], [ 75.6149633, 12.1556047 ], [ 75.6112466, 12.1526208 ], [ 75.6069056, 12.1554937 ], [ 75.6019699, 12.1536425 ], [ 75.5959049, 12.154316 ], [ 75.5925567, 12.1478477 ], [ 75.5904593, 12.1524864 ], [ 75.5837496, 12.1569915 ], [ 75.5833099, 12.1591242 ], [ 75.5771974, 12.1577543 ], [ 75.5697809, 12.1728523 ], [ 75.5602654, 12.1761184 ], [ 75.5585141, 12.1820681 ], [ 75.5549745, 12.1831787 ], [ 75.5526195, 12.1928471 ], [ 75.5485904, 12.192628 ], [ 75.5462472, 12.1979439 ], [ 75.5411753, 12.1975467 ], [ 75.5398016, 12.2027331 ], [ 75.5364867, 12.2012766 ], [ 75.5341588, 12.2029268 ], [ 75.5326131, 12.2014462 ], [ 75.5319439, 12.205671 ], [ 75.5351317, 12.2062504 ], [ 75.5370307, 12.2080751 ], [ 75.5396896, 12.2168073 ], [ 75.5269133, 12.2256892 ], [ 75.5283317, 12.2315944 ], [ 75.5241018, 12.2353927 ], [ 75.5211135, 12.2361332 ], [ 75.5206694, 12.2402273 ], [ 75.5186092, 12.2435139 ], [ 75.5198037, 12.2462143 ], [ 75.5115925, 12.2530561 ], [ 75.5117825, 12.2595829 ], [ 75.5058308, 12.2645799 ], [ 75.5065377, 12.2674919 ], [ 75.5053963, 12.270744 ], [ 75.4938702, 12.2727882 ], [ 75.4869216, 12.2842822 ], [ 75.4866281, 12.2886025 ], [ 75.4810089, 12.2921669 ], [ 75.479403, 12.2954134 ], [ 75.4754674, 12.2959572 ], [ 75.4701489, 12.3007106 ], [ 75.4637371, 12.2983025 ], [ 75.4599033, 12.2940419 ], [ 75.4457343, 12.2976335 ], [ 75.4412045, 12.2966027 ], [ 75.4363512, 12.2984502 ], [ 75.4330166, 12.2973449 ], [ 75.430085, 12.2990111 ], [ 75.4273803, 12.2978076 ], [ 75.4265991, 12.2956139 ], [ 75.4228404, 12.2950952 ], [ 75.4210967, 12.2917108 ], [ 75.4139241, 12.2906694 ], [ 75.4137273, 12.2923593 ], [ 75.4192736, 12.2951328 ], [ 75.425145, 12.3005689 ], [ 75.4241149, 12.3029214 ], [ 75.4277619, 12.3040545 ], [ 75.4282888, 12.3069935 ], [ 75.4321502, 12.3089948 ], [ 75.4310895, 12.310588 ], [ 75.427159, 12.3107198 ], [ 75.4202824, 12.318985 ], [ 75.4186417, 12.3291687 ], [ 75.4161898, 12.3299273 ], [ 75.4153902, 12.3400631 ], [ 75.4104045, 12.3471932 ], [ 75.4116828, 12.3491395 ], [ 75.4154423, 12.3496131 ], [ 75.4196371, 12.356944 ], [ 75.4219285, 12.3726636 ], [ 75.413125, 12.3802917 ], [ 75.4055321, 12.3790593 ], [ 75.4015424, 12.382517 ], [ 75.4004017, 12.3807382 ], [ 75.3985747, 12.3814302 ], [ 75.3922923, 12.3899897 ], [ 75.3864886, 12.3923674 ], [ 75.3839355, 12.3909108 ], [ 75.379242, 12.3923598 ], [ 75.3797391, 12.3940422 ], [ 75.3777331, 12.3984216 ], [ 75.3726109, 12.4002537 ], [ 75.3714383, 12.407889 ], [ 75.3661681, 12.4118267 ], [ 75.3699926, 12.4256565 ], [ 75.3690773, 12.4294644 ], [ 75.3714855, 12.4377182 ], [ 75.3688487, 12.4421728 ], [ 75.3704223, 12.4456204 ], [ 75.3702855, 12.4488697 ], [ 75.3656304, 12.4567452 ], [ 75.3661741, 12.4581973 ], [ 75.3712649, 12.4565552 ], [ 75.3742191, 12.4597258 ], [ 75.3818659, 12.4566341 ], [ 75.3862864, 12.4582849 ], [ 75.3898853, 12.4553554 ], [ 75.3922085, 12.4551166 ], [ 75.3934039, 12.4513727 ], [ 75.3996183, 12.45493 ], [ 75.4039828, 12.4549352 ], [ 75.4133156, 12.458567 ], [ 75.4156484, 12.4621562 ], [ 75.415717, 12.465976 ], [ 75.4232591, 12.4667794 ], [ 75.4249502, 12.4695116 ], [ 75.42482, 12.4742569 ], [ 75.4203001, 12.4797565 ], [ 75.420584, 12.4885206 ], [ 75.4173302, 12.4933675 ], [ 75.4186874, 12.4953184 ], [ 75.4173601, 12.4984385 ], [ 75.4119516, 12.5020106 ], [ 75.4080586, 12.498644 ], [ 75.4023056, 12.4979261 ], [ 75.3979727, 12.5037376 ], [ 75.3945986, 12.5027673 ], [ 75.3916948, 12.4993619 ], [ 75.3874062, 12.5018966 ], [ 75.3822308, 12.5020158 ], [ 75.3777902, 12.4951041 ], [ 75.3680526, 12.4912125 ], [ 75.3686372, 12.4872773 ], [ 75.3716003, 12.4869002 ], [ 75.3725995, 12.4770318 ], [ 75.3709951, 12.4747954 ], [ 75.3675119, 12.4753341 ], [ 75.3608176, 12.4649684 ], [ 75.3584928, 12.4640002 ], [ 75.3517295, 12.4648787 ], [ 75.3461093, 12.4629804 ], [ 75.3366043, 12.4640823 ], [ 75.3415449, 12.4691203 ], [ 75.3386915, 12.471599 ], [ 75.3361019, 12.4770069 ], [ 75.3374246, 12.4885169 ], [ 75.3335286, 12.492046 ], [ 75.3344766, 12.4954877 ], [ 75.3329972, 12.4983313 ], [ 75.3323375, 12.4990753 ], [ 75.3245099, 12.4967326 ], [ 75.3214942, 12.497769 ], [ 75.3150284, 12.4971107 ], [ 75.3139307, 12.4999371 ], [ 75.3154669, 12.5016177 ], [ 75.3144524, 12.502919 ], [ 75.3070115, 12.5032697 ], [ 75.3039338, 12.5047362 ], [ 75.3047361, 12.5076708 ], [ 75.303213, 12.5142617 ], [ 75.3040977, 12.5232819 ], [ 75.3023816, 12.5240805 ], [ 75.2965186, 12.5231898 ], [ 75.2955372, 12.5252482 ], [ 75.2913461, 12.5268452 ], [ 75.2803098, 12.5253116 ], [ 75.2786392, 12.5314599 ], [ 75.2739579, 12.5355982 ], [ 75.274487, 12.5402167 ], [ 75.270556, 12.5483369 ], [ 75.272155, 12.5548383 ], [ 75.2700587, 12.5584492 ], [ 75.2728866, 12.5689689 ], [ 75.2748048, 12.5688386 ], [ 75.2785465, 12.5715982 ], [ 75.2846743, 12.5695683 ], [ 75.2866651, 12.5717566 ], [ 75.2861911, 12.573441 ], [ 75.2905369, 12.582609 ], [ 75.2998173, 12.5811875 ], [ 75.3080386, 12.5783257 ], [ 75.3112909, 12.5769512 ], [ 75.3131182, 12.5732951 ], [ 75.3153933, 12.5725372 ], [ 75.318694, 12.5774902 ], [ 75.3264282, 12.5813919 ], [ 75.3280039, 12.584295 ], [ 75.3280449, 12.5909809 ], [ 75.3270134, 12.5923938 ], [ 75.3235367, 12.5909261 ], [ 75.3141799, 12.5910284 ], [ 75.3121568, 12.5897188 ], [ 75.3077134, 12.5949277 ], [ 75.3055783, 12.6010624 ], [ 75.3018852, 12.605409 ], [ 75.2990693, 12.6058959 ], [ 75.2915648, 12.6019484 ], [ 75.2895837, 12.6103989 ], [ 75.2859761, 12.6112105 ], [ 75.2816974, 12.616437 ], [ 75.2763495, 12.6185075 ], [ 75.2726126, 12.6155613 ], [ 75.2674335, 12.6145753 ], [ 75.2651285, 12.6111704 ], [ 75.2659959, 12.6071912 ], [ 75.263491, 12.6044817 ], [ 75.2612636, 12.5981663 ], [ 75.2568415, 12.596509 ], [ 75.2553425, 12.5913842 ], [ 75.2517832, 12.5890016 ], [ 75.2496979, 12.5845667 ], [ 75.2415759, 12.5800287 ], [ 75.2386658, 12.5807074 ], [ 75.238982, 12.5780237 ], [ 75.2370965, 12.5761382 ], [ 75.2374974, 12.569758 ], [ 75.2291866, 12.5685319 ], [ 75.2239266, 12.570356 ], [ 75.2203183, 12.5691025 ], [ 75.2177656, 12.5763622 ], [ 75.2126204, 12.5781638 ], [ 75.2094884, 12.5910709 ], [ 75.2011422, 12.5877332 ], [ 75.2017276, 12.593357 ], [ 75.2078634, 12.5957254 ], [ 75.2099847, 12.600233 ], [ 75.2077545, 12.6026895 ], [ 75.2067393, 12.6080148 ], [ 75.2009497, 12.6096063 ], [ 75.1992578, 12.6120687 ], [ 75.1987671, 12.6144309 ], [ 75.2028126, 12.6275943 ], [ 75.2017419, 12.6300226 ], [ 75.1937422, 12.6303056 ], [ 75.1931629, 12.6315964 ], [ 75.1882196, 12.6331404 ], [ 75.1855452, 12.6318532 ], [ 75.1829004, 12.6327987 ], [ 75.1699606, 12.6222736 ], [ 75.1641744, 12.6240722 ], [ 75.1606831, 12.6221269 ], [ 75.1539223, 12.6249707 ], [ 75.1444403, 12.640491 ], [ 75.1433017, 12.6396648 ], [ 75.138507, 12.6434364 ], [ 75.150806, 12.6500563 ], [ 75.152116, 12.6561118 ], [ 75.1548776, 12.6589361 ], [ 75.1620335, 12.6719564 ], [ 75.1498768, 12.6733275 ], [ 75.1490342, 12.6761584 ], [ 75.1520026, 12.6832406 ], [ 75.1463948, 12.6821876 ], [ 75.1431946, 12.6783901 ], [ 75.1398176, 12.680589 ], [ 75.1376394, 12.6767632 ], [ 75.134666, 12.6780459 ], [ 75.1325137, 12.6761363 ], [ 75.1284141, 12.6769363 ], [ 75.1249231, 12.6814801 ], [ 75.123119, 12.6813656 ], [ 75.1221286, 12.6789129 ], [ 75.1173929, 12.6812788 ], [ 75.1114575, 12.6818192 ], [ 75.1125918, 12.6852215 ], [ 75.1101776, 12.6884491 ], [ 75.1106166, 12.6905837 ], [ 75.1072683, 12.6910469 ], [ 75.1062491, 12.6968145 ], [ 75.100224, 12.6996653 ], [ 75.0923221, 12.6998083 ], [ 75.0860091, 12.7040346 ], [ 75.0809493, 12.6990685 ], [ 75.0811533, 12.6973835 ], [ 75.0850817, 12.6956709 ], [ 75.0831015, 12.6933276 ], [ 75.0855755, 12.6902179 ], [ 75.0854975, 12.6824672 ], [ 75.0874425, 12.6792021 ], [ 75.0851661, 12.6747608 ], [ 75.0741462, 12.6722459 ], [ 75.0685766, 12.6646703 ], [ 75.0652481, 12.6648257 ], [ 75.059814, 12.671766 ], [ 75.0584504, 12.6708257 ], [ 75.0575198, 12.6660546 ], [ 75.0561841, 12.6662804 ], [ 75.0539738, 12.6702222 ], [ 75.046642, 12.6675657 ], [ 75.0425715, 12.6728474 ], [ 75.0414584, 12.6787273 ], [ 75.0430011, 12.6822398 ], [ 75.040499, 12.6853534 ], [ 75.0439241, 12.6926371 ], [ 75.0485453, 12.6940412 ], [ 75.0527081, 12.6924655 ], [ 75.0538497, 12.6905204 ], [ 75.0555861, 12.6934565 ], [ 75.0502284, 12.7043871 ], [ 75.0518855, 12.7068967 ], [ 75.054297, 12.7071313 ], [ 75.0538908, 12.7111248 ], [ 75.0503356, 12.716318 ], [ 75.0524578, 12.7200811 ], [ 75.0479164, 12.720598 ], [ 75.0443112, 12.7231066 ], [ 75.042681, 12.7207734 ], [ 75.0390508, 12.7238196 ], [ 75.0335779, 12.7235058 ], [ 75.0311981, 12.7209392 ], [ 75.0265775, 12.7193089 ], [ 75.018638, 12.7211097 ], [ 75.0150367, 12.7142317 ], [ 75.0009865, 12.7163932 ], [ 75.0009603, 12.7195609 ], [ 75.0049399, 12.7202764 ], [ 75.0133996, 12.7279545 ], [ 75.0, 12.7320541 ], [ 74.9924849, 12.7398851 ], [ 74.9904696, 12.738732 ], [ 74.9913542, 12.736953 ], [ 74.9900155, 12.7360839 ], [ 74.9903867, 12.7374585 ], [ 74.9888056, 12.7382059 ], [ 74.9889284, 12.7362854 ], [ 74.9872402, 12.7365686 ], [ 74.9855919, 12.7335972 ], [ 74.9832673, 12.7371963 ], [ 74.9854496, 12.7388863 ], [ 74.9840332, 12.7399321 ], [ 74.9846383, 12.7430751 ], [ 74.9876813, 12.7416528 ], [ 74.9918886, 12.7459737 ], [ 74.9937191, 12.7500033 ], [ 74.9966003, 12.7520845 ], [ 74.9986792, 12.756992 ], [ 75.0043302, 12.7604293 ], [ 75.0060599, 12.7661195 ], [ 75.0094483, 12.7675123 ], [ 75.0062149, 12.7708358 ], [ 75.0033878, 12.7779764 ], [ 75.0029679, 12.7843792 ], [ 75.0050892, 12.7903116 ], [ 75.0031626, 12.7916673 ], [ 75.0001844, 12.7902234 ], [ 75.0024314, 12.788337 ], [ 74.9983057, 12.7859407 ], [ 74.9987492, 12.7890817 ], [ 74.9960185, 12.7893043 ], [ 74.991218, 12.7955345 ], [ 74.9890305, 12.7954631 ], [ 74.9874086, 12.7935926 ], [ 74.9920944, 12.7882077 ], [ 74.9873075, 12.7829623 ], [ 74.9851379, 12.7815531 ], [ 74.9842819, 12.7827647 ], [ 74.9824351, 12.7823089 ], [ 74.9819321, 12.7796289 ], [ 74.9758902, 12.7791295 ], [ 74.9683601, 12.7763615 ], [ 74.9665366, 12.7764796 ], [ 74.9663308, 12.7807914 ], [ 74.9644062, 12.7816327 ], [ 74.962927, 12.7786818 ], [ 74.9599891, 12.7788861 ], [ 74.9581904, 12.7846673 ], [ 74.9506886, 12.7842852 ], [ 74.9417261, 12.7799756 ], [ 74.9329261, 12.7805425 ], [ 74.9313463, 12.7791326 ], [ 74.9275011, 12.7786723 ], [ 74.9169825, 12.7722334 ], [ 74.9076297, 12.7689622 ], [ 74.8995755, 12.7625803 ], [ 74.8930322, 12.7624323 ], [ 74.8823126, 12.7540486 ], [ 74.8795913, 12.7553096 ], [ 74.8741441, 12.7549388 ], [ 74.8722422, 12.7610585 ], [ 74.8672098, 12.7613678 ], [ 74.8667675, 12.7647304 ], [ 74.8678404, 12.7658694 ], [ 74.8644049, 12.7708861 ], [ 74.86528, 12.7679076 ], [ 74.8641891, 12.7613766 ], [ 74.8554749, 12.7840829 ], [ 74.8500492, 12.792611 ], [ 74.8467562, 12.7953721 ], [ 74.8371217, 12.8239758 ], [ 74.8244274, 12.8490575 ], [ 74.8121934, 12.9000543 ], [ 74.7935383, 12.9959779 ], [ 74.7891475, 13.0039934 ], [ 74.7785926, 13.0611578 ], [ 74.7646323, 13.1226904 ], [ 74.7505989, 13.1780798 ], [ 74.7440636, 13.1937055 ], [ 74.7374853, 13.2236005 ], [ 74.7393248, 13.224388 ], [ 74.7368354, 13.2248707 ], [ 74.7360011, 13.2265162 ], [ 74.7317947, 13.2505256 ], [ 74.7292811, 13.2527455 ], [ 74.726873, 13.2649988 ], [ 74.7189633, 13.2862705 ], [ 74.7189298, 13.2958202 ], [ 74.7163655, 13.3125794 ], [ 74.7075306, 13.3346916 ], [ 74.6982884, 13.3425627 ], [ 74.6935856, 13.3437074 ], [ 74.6950629, 13.3450673 ], [ 74.7003105, 13.3444242 ], [ 74.699785, 13.3464581 ], [ 74.6979479, 13.3461829 ], [ 74.6971128, 13.3473582 ], [ 74.6949051, 13.3759083 ], [ 74.6965704, 13.4052753 ], [ 74.6932408, 13.4362751 ], [ 74.6919673, 13.4397509 ], [ 74.6932242, 13.4433571 ], [ 74.69246, 13.4520979 ], [ 74.6911771, 13.4549726 ], [ 74.6923733, 13.4563146 ], [ 74.6938964, 13.4535709 ], [ 74.6954299, 13.4551794 ], [ 74.6888336, 13.4642651 ], [ 74.6862503, 13.4949572 ], [ 74.686663, 13.501845 ], [ 74.6822198, 13.5428145 ], [ 74.6733218, 13.6014224 ], [ 74.6672886, 13.6322915 ], [ 74.6693725, 13.6347907 ], [ 74.6685113, 13.640168 ], [ 74.6662522, 13.6378152 ], [ 74.6636431, 13.6519384 ], [ 74.6543877, 13.6638888 ], [ 74.6517674, 13.6650867 ], [ 74.6455525, 13.6819579 ], [ 74.6406827, 13.7184158 ], [ 74.6258058, 13.7968544 ], [ 74.6240116, 13.8003071 ], [ 74.6189932, 13.8244175 ], [ 74.6090053, 13.8601284 ], [ 74.6086211, 13.8631472 ], [ 74.610032, 13.8610459 ], [ 74.6099299, 13.8655516 ], [ 74.6018343, 13.8728585 ], [ 74.5952085, 13.8856744 ], [ 74.5871397, 13.9173081 ], [ 74.5825902, 13.9250443 ], [ 74.5782269, 13.9267472 ], [ 74.5692087, 13.946779 ], [ 74.5667927, 13.9490968 ], [ 74.5635222, 13.9457698 ], [ 74.560621, 13.9456696 ], [ 74.5603103, 13.9482229 ], [ 74.5571674, 13.9513357 ], [ 74.549288, 13.949155 ], [ 74.5472776, 13.9552869 ], [ 74.5420248, 13.9572871 ], [ 74.539005, 13.9643948 ], [ 74.5347389, 13.9678082 ], [ 74.5343555, 13.9646317 ], [ 74.5324494, 13.9648188 ], [ 74.5317707, 13.9679758 ], [ 74.5284137, 13.9725118 ], [ 74.5139821, 13.9868585 ], [ 74.5128573, 13.996493 ], [ 74.5089992, 14.0011057 ], [ 74.5099259, 14.0017045 ], [ 74.5091622, 14.0076456 ], [ 74.5013644, 14.0233524 ], [ 74.5029862, 14.026881 ], [ 74.5007321, 14.0291507 ], [ 74.4999461, 14.048246 ], [ 74.4925683, 14.0781962 ], [ 74.4885464, 14.0866049 ], [ 74.4882571, 14.0915746 ], [ 74.4856679, 14.0944656 ], [ 74.4866934, 14.1051598 ], [ 74.4800114, 14.136108 ], [ 74.4786444, 14.1396662 ], [ 74.4770854, 14.1401923 ], [ 74.4788706, 14.1439899 ], [ 74.4689271, 14.1886766 ], [ 74.4659798, 14.1978945 ], [ 74.463905, 14.2005332 ], [ 74.4607749, 14.2011255 ], [ 74.4576997, 14.1990795 ], [ 74.4534701, 14.200285 ], [ 74.4542452, 14.2031089 ], [ 74.4529607, 14.203684 ], [ 74.4529074, 14.2071684 ], [ 74.4504016, 14.2085611 ], [ 74.4506112, 14.2117923 ], [ 74.4489066, 14.2125745 ], [ 74.4495887, 14.216158 ], [ 74.4471622, 14.2193719 ], [ 74.4441745, 14.2206109 ], [ 74.4437675, 14.2228073 ], [ 74.4416554, 14.2245659 ], [ 74.4430421, 14.2298756 ], [ 74.4228184, 14.288969 ], [ 74.418576, 14.3045892 ], [ 74.4129507, 14.3172702 ], [ 74.4124957, 14.3293964 ], [ 74.404932, 14.3576806 ], [ 74.4049553, 14.3655364 ], [ 74.4024255, 14.3688289 ], [ 74.4023811, 14.370361 ], [ 74.4046328, 14.3721861 ], [ 74.4047557, 14.3753046 ], [ 74.4017363, 14.3878655 ], [ 74.4013805, 14.3954986 ], [ 74.397714, 14.4078857 ], [ 74.3938018, 14.4185885 ], [ 74.3889049, 14.4197813 ], [ 74.3860285, 14.4183255 ], [ 74.3823161, 14.4214766 ], [ 74.3811121, 14.4243885 ], [ 74.3833864, 14.4245188 ], [ 74.3848693, 14.4266594 ], [ 74.3841447, 14.4295496 ], [ 74.3802537, 14.4312799 ], [ 74.3826507, 14.4320079 ], [ 74.3841783, 14.4341267 ], [ 74.3823832, 14.436452 ], [ 74.3835651, 14.4395052 ], [ 74.3719407, 14.4734653 ], [ 74.3604993, 14.5010719 ], [ 74.3546051, 14.5024981 ], [ 74.3554198, 14.5084216 ], [ 74.3598924, 14.5109185 ], [ 74.354732, 14.5221714 ], [ 74.3485818, 14.5205593 ], [ 74.3447144, 14.5213531 ], [ 74.3423273, 14.5162804 ], [ 74.3403764, 14.514992 ], [ 74.3370792, 14.5193206 ], [ 74.3349885, 14.5180607 ], [ 74.3309348, 14.5183039 ], [ 74.3300703, 14.5166412 ], [ 74.3266896, 14.5160221 ], [ 74.3256549, 14.5198488 ], [ 74.3165312, 14.519509 ], [ 74.3135836, 14.5217096 ], [ 74.3102173, 14.5213654 ], [ 74.311515, 14.5246736 ], [ 74.3145319, 14.5250631 ], [ 74.3159876, 14.5265727 ], [ 74.3162893, 14.5308736 ], [ 74.3116527, 14.5319049 ], [ 74.3121995, 14.5340043 ], [ 74.3108008, 14.5367047 ], [ 74.3107856, 14.5387785 ], [ 74.3141285, 14.540493 ], [ 74.314727, 14.5457243 ], [ 74.2942997, 14.5895535 ], [ 74.292999, 14.5964899 ], [ 74.2871743, 14.6050573 ], [ 74.2813223, 14.6101386 ], [ 74.2785812, 14.6158509 ], [ 74.278643, 14.6183622 ], [ 74.2743516, 14.6243291 ], [ 74.273581, 14.6274834 ], [ 74.2704346, 14.6269827 ], [ 74.2717392, 14.6285265 ], [ 74.2713655, 14.6300696 ], [ 74.2733943, 14.6280053 ], [ 74.2793041, 14.6256079 ], [ 74.2815994, 14.6264826 ], [ 74.2864392, 14.6342145 ], [ 74.2845239, 14.6433825 ], [ 74.2851633, 14.6471047 ], [ 74.2829955, 14.6470811 ], [ 74.282713, 14.6491715 ], [ 74.2805003, 14.6492362 ], [ 74.2822688, 14.6533467 ], [ 74.2789857, 14.6580346 ], [ 74.284006, 14.6636481 ], [ 74.281779, 14.6640068 ], [ 74.2793787, 14.6621221 ], [ 74.2779608, 14.6658831 ], [ 74.2755709, 14.6665914 ], [ 74.2777085, 14.6695256 ], [ 74.2754819, 14.6699899 ], [ 74.2771217, 14.6720019 ], [ 74.2798963, 14.6709535 ], [ 74.282809, 14.6743135 ], [ 74.2800601, 14.6826925 ], [ 74.2715138, 14.6980077 ], [ 74.2709293, 14.6994909 ], [ 74.2721603, 14.7003051 ], [ 74.2666344, 14.7054161 ], [ 74.2635067, 14.7048984 ], [ 74.260881, 14.7071018 ], [ 74.2574209, 14.7063388 ], [ 74.256755, 14.7075633 ], [ 74.2618595, 14.7094251 ], [ 74.2644573, 14.7128873 ], [ 74.2627981, 14.7198084 ], [ 74.2504416, 14.7361989 ], [ 74.2492428, 14.7410962 ], [ 74.2392686, 14.7469353 ], [ 74.2342392, 14.7484266 ], [ 74.2261278, 14.7477162 ], [ 74.2281367, 14.7406481 ], [ 74.2258771, 14.7376152 ], [ 74.222901, 14.737596 ], [ 74.2218106, 14.7361075 ], [ 74.2186465, 14.7375161 ], [ 74.2103772, 14.7335827 ], [ 74.2086812, 14.7377951 ], [ 74.203808, 14.7363894 ], [ 74.2027586, 14.7320657 ], [ 74.2084328, 14.7176437 ], [ 74.2040326, 14.7192769 ], [ 74.1996542, 14.7235207 ], [ 74.1926765, 14.7266229 ], [ 74.1948887, 14.7305384 ], [ 74.1930666, 14.7345977 ], [ 74.1850004, 14.7444002 ], [ 74.1771632, 14.7505616 ], [ 74.1739896, 14.7518567 ], [ 74.1632134, 14.75264 ], [ 74.1582467, 14.749747 ], [ 74.1575516, 14.7449254 ], [ 74.1521084, 14.7470599 ], [ 74.1505548, 14.751049 ], [ 74.1523562, 14.7518279 ], [ 74.1533922, 14.7558903 ], [ 74.1577391, 14.7579278 ], [ 74.1577533, 14.7599343 ], [ 74.1423831, 14.7785402 ], [ 74.1371491, 14.7801808 ], [ 74.1345296, 14.7781428 ], [ 74.1320496, 14.7805199 ], [ 74.1281206, 14.7805515 ], [ 74.1250924, 14.7776684 ], [ 74.1249067, 14.7751739 ], [ 74.1219669, 14.7745096 ], [ 74.1205783, 14.7755443 ], [ 74.1194359, 14.7739898 ], [ 74.1188088, 14.7773835 ], [ 74.1215628, 14.780217 ], [ 74.1178283, 14.7865524 ], [ 74.1152134, 14.7883915 ], [ 74.1101931, 14.78502 ], [ 74.1112748, 14.7898282 ], [ 74.1095142, 14.7925213 ], [ 74.1083065, 14.7937323 ], [ 74.1047117, 14.7926294 ], [ 74.1025705, 14.7932709 ], [ 74.1002848, 14.7978799 ], [ 74.0957189, 14.7989954 ], [ 74.0927733, 14.8040019 ], [ 74.0935719, 14.8057419 ], [ 74.0999166, 14.8070081 ], [ 74.1021787, 14.8070173 ], [ 74.1043295, 14.8044915 ], [ 74.1061548, 14.8060779 ], [ 74.1126159, 14.8050842 ], [ 74.1141162, 14.8042574 ], [ 74.1142186, 14.8023007 ], [ 74.1112508, 14.7985814 ], [ 74.1118502, 14.7968055 ], [ 74.1133364, 14.7967875 ], [ 74.1164063, 14.8015688 ], [ 74.1205495, 14.8013158 ], [ 74.1220542, 14.8042578 ], [ 74.1242605, 14.8050034 ], [ 74.1261828, 14.8169268 ], [ 74.1240179, 14.8319704 ], [ 74.1251049, 14.8378871 ], [ 74.1232214, 14.841201 ], [ 74.1132911, 14.845723 ], [ 74.1158651, 14.8427226 ], [ 74.1149267, 14.8416787 ], [ 74.1119066, 14.8467938 ], [ 74.1103954, 14.8629489 ], [ 74.1058828, 14.8742367 ], [ 74.0996744, 14.8807477 ], [ 74.0999383, 14.8882944 ], [ 74.0964751, 14.8974492 ], [ 74.0911635, 14.899875 ], [ 74.0874136, 14.8989073 ], [ 74.0853568, 14.8998442 ], [ 74.0857822, 14.9009044 ], [ 74.0881888, 14.9034309 ], [ 74.0902845, 14.9034086 ], [ 74.0945241, 14.9109839 ], [ 74.1016309, 14.9157875 ], [ 74.104796, 14.9129003 ], [ 74.1085126, 14.9139447 ], [ 74.1096193, 14.9169723 ], [ 74.114615, 14.9183554 ], [ 74.119978, 14.9168961 ], [ 74.1215964, 14.9179693 ], [ 74.1204309, 14.9198475 ], [ 74.1242254, 14.925324 ], [ 74.1298255, 14.9254686 ], [ 74.1350445, 14.9220929 ], [ 74.1401474, 14.923227 ], [ 74.1457239, 14.9189472 ], [ 74.1534196, 14.917139 ], [ 74.1621185, 14.91214 ], [ 74.1661948, 14.9165498 ], [ 74.1659477, 14.9181038 ], [ 74.1625762, 14.9268851 ], [ 74.1585473, 14.9302251 ], [ 74.1562386, 14.9388655 ], [ 74.1542588, 14.9398373 ], [ 74.1554698, 14.9421964 ], [ 74.1541592, 14.9434258 ], [ 74.1553332, 14.9464799 ], [ 74.1583337, 14.9493062 ], [ 74.1591505, 14.9558516 ], [ 74.1607726, 14.9555532 ], [ 74.1636083, 14.9584809 ], [ 74.1713751, 14.9571918 ], [ 74.1747639, 14.9585332 ], [ 74.1794581, 14.95705 ], [ 74.1783604, 14.9536747 ], [ 74.1800329, 14.9507501 ], [ 74.1912563, 14.9450088 ], [ 74.1947592, 14.9399422 ], [ 74.1946607, 14.9370908 ], [ 74.1916575, 14.9330424 ], [ 74.2015448, 14.9257237 ], [ 74.2042179, 14.9283393 ], [ 74.2091285, 14.9380592 ], [ 74.2126315, 14.9402688 ], [ 74.2116365, 14.9435427 ], [ 74.2136646, 14.9476904 ], [ 74.2175495, 14.9459536 ], [ 74.2259642, 14.9504555 ], [ 74.2298034, 14.9504991 ], [ 74.2317476, 14.9533676 ], [ 74.2328637, 14.964122 ], [ 74.2349603, 14.9645956 ], [ 74.2366998, 14.9668451 ], [ 74.2391355, 14.9667265 ], [ 74.2455941, 14.9618791 ], [ 74.2475463, 14.9619232 ], [ 74.2492344, 14.9590412 ], [ 74.2502061, 14.9598636 ], [ 74.2525959, 14.9590938 ], [ 74.255272, 14.9704203 ], [ 74.2590988, 14.9700613 ], [ 74.2609887, 14.9764733 ], [ 74.2643205, 14.9785247 ], [ 74.2577032, 14.9882326 ], [ 74.2521206, 14.9926805 ], [ 74.2536052, 14.9981455 ], [ 74.2680701, 15.0020095 ], [ 74.2664682, 15.0068929 ], [ 74.2724528, 15.0142477 ], [ 74.2834123, 15.0235299 ], [ 74.2832601, 15.0315681 ], [ 74.2882427, 15.0367397 ], [ 74.296495, 15.0412077 ], [ 74.2946135, 15.049173 ], [ 74.2902544, 15.0536127 ], [ 74.2895103, 15.0648241 ], [ 74.2837292, 15.066135 ], [ 74.2807282, 15.0688175 ], [ 74.2796918, 15.0880774 ], [ 74.2752398, 15.095948 ], [ 74.2726451, 15.0974976 ], [ 74.2745356, 15.1032872 ], [ 74.2765521, 15.1053791 ], [ 74.2826584, 15.1067372 ], [ 74.2828756, 15.11303 ], [ 74.2848838, 15.1139138 ], [ 74.2841944, 15.1327927 ], [ 74.2851855, 15.1367228 ], [ 74.2835783, 15.1428731 ], [ 74.2851344, 15.1490287 ], [ 74.2913451, 15.1489128 ], [ 74.2956659, 15.1512428 ], [ 74.3115614, 15.1753424 ], [ 74.3142469, 15.1775178 ], [ 74.3141734, 15.1805411 ], [ 74.317378, 15.1837501 ], [ 74.3169611, 15.1862608 ], [ 74.3103916, 15.1946776 ], [ 74.3086196, 15.2017946 ], [ 74.3100458, 15.2062873 ], [ 74.3057467, 15.2093987 ], [ 74.3045188, 15.216724 ], [ 74.3022098, 15.2180065 ], [ 74.3014412, 15.2170552 ], [ 74.2998586, 15.2199307 ], [ 74.3016124, 15.2243407 ], [ 74.2914986, 15.2338154 ], [ 74.2866963, 15.2328102 ], [ 74.2811392, 15.2362626 ], [ 74.2595473, 15.241024 ], [ 74.2522012, 15.2510264 ], [ 74.2546946, 15.2540706 ], [ 74.2511142, 15.25885 ], [ 74.2610254, 15.2601886 ], [ 74.2714877, 15.2811248 ], [ 74.2763267, 15.2835323 ], [ 74.2817884, 15.2804176 ], [ 74.2876545, 15.2838853 ], [ 74.2933536, 15.2845101 ], [ 74.2943296, 15.289187 ], [ 74.3079576, 15.2833342 ], [ 74.319629, 15.2834449 ], [ 74.3205678, 15.2847044 ], [ 74.3263664, 15.2837375 ], [ 74.3364371, 15.2949429 ], [ 74.3244283, 15.3099104 ], [ 74.3170232, 15.3291167 ], [ 74.3172174, 15.3351717 ], [ 74.3218422, 15.343595 ], [ 74.3160405, 15.3599731 ], [ 74.3162587, 15.3630007 ], [ 74.3232021, 15.3676796 ], [ 74.3085985, 15.3744527 ], [ 74.2987051, 15.381937 ], [ 74.2829932, 15.3829418 ], [ 74.2758717, 15.3915868 ], [ 74.278297, 15.4056913 ], [ 74.274324, 15.4135835 ], [ 74.270414, 15.4159582 ], [ 74.2687818, 15.4190978 ], [ 74.2699152, 15.4260439 ], [ 74.2768928, 15.4352116 ], [ 74.2750636, 15.4364557 ], [ 74.2768619, 15.4379485 ], [ 74.2773657, 15.4404945 ], [ 74.2754512, 15.4491879 ], [ 74.2639757, 15.4723592 ], [ 74.2509101, 15.4915931 ], [ 74.2522917, 15.4993361 ], [ 74.2551707, 15.5030748 ], [ 74.2603025, 15.506464 ], [ 74.2714776, 15.5108534 ], [ 74.2764723, 15.5148912 ], [ 74.278472, 15.5174762 ], [ 74.2781534, 15.5228467 ], [ 74.2817024, 15.5261337 ], [ 74.2826525, 15.5314177 ], [ 74.2779177, 15.5461093 ], [ 74.2653021, 15.5583682 ], [ 74.2631534, 15.5639367 ], [ 74.2612932, 15.5648119 ], [ 74.2583318, 15.5616939 ], [ 74.2496661, 15.5676519 ], [ 74.245193, 15.5666026 ], [ 74.2505344, 15.5773651 ], [ 74.2487413, 15.5803786 ], [ 74.2602477, 15.592633 ], [ 74.2599919, 15.6067228 ], [ 74.2619098, 15.608425 ], [ 74.264298, 15.6155091 ], [ 74.2585893, 15.6207792 ], [ 74.2584768, 15.6233973 ], [ 74.2537237, 15.6267389 ], [ 74.2482568, 15.6229024 ], [ 74.2441596, 15.6261084 ], [ 74.2519765, 15.6543114 ], [ 74.2504425, 15.6572579 ], [ 74.2448525, 15.6582013 ], [ 74.2429868, 15.6624406 ], [ 74.2381718, 15.6636221 ], [ 74.2394024, 15.6646146 ], [ 74.236356, 15.6685848 ], [ 74.2297902, 15.6663811 ], [ 74.2284102, 15.6644424 ], [ 74.2245976, 15.6662561 ], [ 74.2237793, 15.6689826 ], [ 74.2180226, 15.6643435 ], [ 74.2176502, 15.6622989 ], [ 74.215149, 15.6628741 ], [ 74.2177186, 15.6583601 ], [ 74.2222214, 15.6568542 ], [ 74.222162, 15.6556389 ], [ 74.2174532, 15.6527374 ], [ 74.2051275, 15.6510322 ], [ 74.2017533, 15.656339 ], [ 74.2040608, 15.6636803 ], [ 74.2025906, 15.6631405 ], [ 74.1868415, 15.6674495 ], [ 74.1861032, 15.6745004 ], [ 74.1909179, 15.6764049 ], [ 74.190843, 15.6789519 ], [ 74.1887294, 15.6809285 ], [ 74.1809704, 15.682149 ], [ 74.1763523, 15.6800518 ], [ 74.1716114, 15.67382 ], [ 74.167369, 15.6720913 ], [ 74.1656802, 15.6648953 ], [ 74.165585, 15.6543769 ], [ 74.164416, 15.6534985 ], [ 74.1574654, 15.6546751 ], [ 74.1543523, 15.6499016 ], [ 74.1490947, 15.6519735 ], [ 74.1411165, 15.6510976 ], [ 74.135544, 15.6483716 ], [ 74.127292, 15.6511234 ], [ 74.1182645, 15.6520316 ], [ 74.1109414, 15.6576934 ], [ 74.1018761, 15.6583905 ], [ 74.0942275, 15.6630785 ], [ 74.0882752, 15.6699365 ], [ 74.0880625, 15.6722556 ], [ 74.0913648, 15.6746297 ], [ 74.1026115, 15.672225 ], [ 74.1088481, 15.6726937 ], [ 74.1257709, 15.6809672 ], [ 74.1307185, 15.6896255 ], [ 74.1316761, 15.6935379 ], [ 74.130335, 15.7017457 ], [ 74.1321299, 15.7024036 ], [ 74.131434, 15.705868 ], [ 74.1283414, 15.7086749 ], [ 74.1261835, 15.7079576 ], [ 74.126104, 15.7184603 ], [ 74.1221656, 15.7207311 ], [ 74.125818, 15.7241126 ], [ 74.1307596, 15.7233559 ], [ 74.1334624, 15.7263082 ], [ 74.1339553, 15.7298165 ], [ 74.1418405, 15.7343283 ], [ 74.1440141, 15.7330894 ], [ 74.1509749, 15.7358077 ], [ 74.1519617, 15.737823 ], [ 74.1511054, 15.7398667 ], [ 74.1530031, 15.7414837 ], [ 74.1533021, 15.7436338 ], [ 74.1579457, 15.7491205 ], [ 74.1615566, 15.7512945 ], [ 74.1895255, 15.7521221 ], [ 74.2014334, 15.7586207 ], [ 74.20532, 15.767177 ], [ 74.2089672, 15.7812691 ], [ 74.2131096, 15.7800564 ], [ 74.2159044, 15.7838944 ], [ 74.2210295, 15.7859976 ], [ 74.2277696, 15.7884029 ], [ 74.2335013, 15.7869945 ], [ 74.2345752, 15.778583 ], [ 74.2285805, 15.7721039 ], [ 74.2265022, 15.7626285 ], [ 74.2279744, 15.7560343 ], [ 74.2324337, 15.7522142 ], [ 74.2336988, 15.7482963 ], [ 74.2365176, 15.7482216 ], [ 74.2370795, 15.7451752 ], [ 74.2402551, 15.7433207 ], [ 74.2540254, 15.7451502 ], [ 74.2538583, 15.7467695 ], [ 74.2555414, 15.7460373 ], [ 74.2638424, 15.7529598 ], [ 74.2683188, 15.7547367 ], [ 74.2736024, 15.7490765 ], [ 74.2842576, 15.7436581 ], [ 74.2851978, 15.7417259 ], [ 74.2872852, 15.7419774 ], [ 74.2960804, 15.7444172 ], [ 74.3013475, 15.7476425 ], [ 74.3078988, 15.7484807 ], [ 74.3103402, 15.751573 ], [ 74.3097429, 15.7548949 ], [ 74.3184161, 15.7582913 ], [ 74.3189938, 15.7662211 ], [ 74.3230697, 15.7726766 ], [ 74.3368059, 15.7679363 ], [ 74.3398973, 15.7663908 ], [ 74.3406863, 15.7646662 ], [ 74.3456844, 15.7645551 ], [ 74.3501407, 15.7688869 ], [ 74.3502514, 15.770325 ], [ 74.3531543, 15.7709365 ], [ 74.3585336, 15.7750203 ], [ 74.360928, 15.7803485 ], [ 74.368644, 15.7876209 ], [ 74.3719739, 15.7982421 ], [ 74.3703873, 15.7985877 ], [ 74.3716712, 15.8003548 ], [ 74.3712089, 15.8036675 ], [ 74.3686859, 15.8069513 ], [ 74.3701983, 15.808281 ], [ 74.3699307, 15.8114582 ], [ 74.3629663, 15.8146305 ], [ 74.3608011, 15.8176749 ], [ 74.3653579, 15.8192694 ], [ 74.3664115, 15.8257579 ], [ 74.3707371, 15.8305666 ], [ 74.3723334, 15.8302212 ], [ 74.3725901, 15.8319189 ], [ 74.3748231, 15.8331312 ], [ 74.3773978, 15.8322245 ], [ 74.3765982, 15.8333529 ], [ 74.3799288, 15.8382661 ], [ 74.381037, 15.8353841 ], [ 74.3807432, 15.8367313 ], [ 74.3840528, 15.8401217 ], [ 74.3830854, 15.8491049 ], [ 74.3682221, 15.8505679 ], [ 74.3447866, 15.8505042 ], [ 74.338209, 15.8549187 ], [ 74.3466088, 15.8587872 ], [ 74.3472058, 15.860173 ], [ 74.3455193, 15.8622882 ], [ 74.3509029, 15.8655616 ], [ 74.35772, 15.8730017 ], [ 74.3632565, 15.8749206 ], [ 74.3629887, 15.8774202 ], [ 74.3651316, 15.8824994 ], [ 74.3646951, 15.8938618 ], [ 74.3686149, 15.8943596 ], [ 74.3661028, 15.8913136 ], [ 74.3693584, 15.8898463 ], [ 74.3767532, 15.8823822 ], [ 74.3800345, 15.8762884 ], [ 74.3828332, 15.8600449 ], [ 74.3869278, 15.8596454 ], [ 74.3881403, 15.8542526 ], [ 74.3914148, 15.8547642 ], [ 74.3975366, 15.8511463 ], [ 74.4010616, 15.8527995 ], [ 74.4023524, 15.8522737 ], [ 74.4016346, 15.8546095 ], [ 74.4061707, 15.8553765 ], [ 74.4069396, 15.863415 ], [ 74.3976499, 15.8699706 ], [ 74.3927926, 15.8783896 ], [ 74.3967387, 15.8803601 ], [ 74.393418, 15.9000359 ], [ 74.3877838, 15.9013106 ], [ 74.3868653, 15.9049813 ], [ 74.3974649, 15.9165012 ], [ 74.4078103, 15.9307761 ], [ 74.4125646, 15.9338728 ], [ 74.4227617, 15.9473944 ], [ 74.4273478, 15.9511214 ], [ 74.4308304, 15.9565824 ], [ 74.4309859, 15.9596163 ], [ 74.4360701, 15.9674654 ], [ 74.4389312, 15.9756843 ], [ 74.438895, 15.9794478 ], [ 74.4378727, 15.979897 ], [ 74.4414851, 15.9827036 ], [ 74.443771, 15.9867731 ], [ 74.4426135, 15.9916333 ], [ 74.4446443, 15.9924403 ], [ 74.4463395, 15.9971046 ], [ 74.4447735, 16.0030493 ], [ 74.4469145, 16.0031784 ], [ 74.4479489, 16.0065932 ], [ 74.4502554, 16.0085456 ], [ 74.4501079, 16.0110503 ], [ 74.455354, 16.0195236 ], [ 74.4572339, 16.0269748 ], [ 74.463223, 16.0391917 ], [ 74.4564949, 16.0410588 ], [ 74.4630156, 16.0416194 ], [ 74.4622135, 16.0498376 ], [ 74.4571384, 16.0482265 ], [ 74.4501199, 16.0540102 ], [ 74.4428487, 16.0528062 ], [ 74.4342176, 16.0584747 ], [ 74.4296944, 16.0591515 ], [ 74.4209087, 16.0555974 ], [ 74.414986, 16.0557137 ], [ 74.4116166, 16.053464 ], [ 74.4055184, 16.051836 ], [ 74.4020856, 16.0461127 ], [ 74.3809913, 16.0354833 ], [ 74.3779988, 16.0376997 ], [ 74.3734011, 16.0364435 ], [ 74.3690488, 16.0392199 ], [ 74.374728, 16.0473216 ], [ 74.3773352, 16.0551205 ], [ 74.3725223, 16.0559993 ], [ 74.3635531, 16.0530325 ], [ 74.3613282, 16.0538359 ], [ 74.3715149, 16.0682443 ], [ 74.3722185, 16.0782103 ], [ 74.3817268, 16.0793036 ], [ 74.3839958, 16.0827535 ], [ 74.3895362, 16.0797869 ], [ 74.3908589, 16.0804849 ], [ 74.3918157, 16.0825334 ], [ 74.3900352, 16.0894625 ], [ 74.398291, 16.0924608 ], [ 74.4069564, 16.0935082 ], [ 74.4099719, 16.1021204 ], [ 74.4276193, 16.1119651 ], [ 74.4428974, 16.1053389 ], [ 74.4586813, 16.103795 ], [ 74.461054, 16.0997837 ], [ 74.472689, 16.0929875 ], [ 74.4727276, 16.090604 ], [ 74.4815554, 16.0888895 ], [ 74.4848167, 16.0922148 ], [ 74.4850978, 16.0983699 ], [ 74.4887923, 16.1007065 ], [ 74.4912311, 16.1043051 ], [ 74.4908362, 16.1167174 ], [ 74.4874885, 16.1277327 ], [ 74.4879478, 16.12975 ], [ 74.4858676, 16.1340571 ], [ 74.4851054, 16.1423035 ], [ 74.480072, 16.1449923 ], [ 74.4798324, 16.1471251 ], [ 74.4883674, 16.1572623 ], [ 74.4898365, 16.1634156 ], [ 74.4895522, 16.177416 ], [ 74.4937865, 16.1864486 ], [ 74.5033121, 16.1880661 ], [ 74.5062396, 16.1902437 ], [ 74.5072276, 16.1965321 ], [ 74.5058414, 16.201358 ], [ 74.5079952, 16.2022583 ], [ 74.5043672, 16.2050344 ], [ 74.5012551, 16.20553 ], [ 74.495926, 16.2143006 ], [ 74.4962859, 16.2166694 ], [ 74.5031073, 16.2224682 ], [ 74.5031019, 16.2254057 ], [ 74.4952134, 16.2349047 ], [ 74.490347, 16.2348893 ], [ 74.486044, 16.2431172 ], [ 74.4815581, 16.2466799 ], [ 74.4804795, 16.2501257 ], [ 74.4780755, 16.2505131 ], [ 74.4767138, 16.2494294 ], [ 74.4686205, 16.2401854 ], [ 74.456094, 16.2438646 ], [ 74.4548349, 16.253393 ], [ 74.4355517, 16.2511467 ], [ 74.4366026, 16.254081 ], [ 74.4357715, 16.2588346 ], [ 74.4289512, 16.257526 ], [ 74.4176107, 16.2580007 ], [ 74.415532, 16.2724146 ], [ 74.4159498, 16.2801002 ], [ 74.4143948, 16.2826511 ], [ 74.4118077, 16.2816552 ], [ 74.4105144, 16.2830968 ], [ 74.3826079, 16.277358 ], [ 74.3802103, 16.2711519 ], [ 74.3806359, 16.261968 ], [ 74.3732028, 16.2616432 ], [ 74.371161, 16.2628602 ], [ 74.3705176, 16.2654155 ], [ 74.3673622, 16.2689578 ], [ 74.3625285, 16.2867199 ], [ 74.3547783, 16.2926409 ], [ 74.3510894, 16.2927557 ], [ 74.3510077, 16.2917888 ], [ 74.3455969, 16.2937625 ], [ 74.3430143, 16.29066 ], [ 74.3453423, 16.2879109 ], [ 74.3536308, 16.283093 ], [ 74.3532223, 16.2799555 ], [ 74.3516664, 16.279252 ], [ 74.3504603, 16.2753667 ], [ 74.3437844, 16.2780768 ], [ 74.3420461, 16.2765078 ], [ 74.342604, 16.2734159 ], [ 74.3384343, 16.2714044 ], [ 74.3333272, 16.2759716 ], [ 74.335056, 16.2703998 ], [ 74.3341497, 16.2687989 ], [ 74.3284616, 16.2688744 ], [ 74.3249338, 16.2717563 ], [ 74.3245721, 16.2772325 ], [ 74.3224481, 16.2779074 ], [ 74.3208257, 16.2844755 ], [ 74.3231298, 16.2859927 ], [ 74.3257754, 16.2855867 ], [ 74.3246883, 16.2889033 ], [ 74.3279606, 16.2932461 ], [ 74.3318417, 16.2924337 ], [ 74.334722, 16.2896056 ], [ 74.3368878, 16.2907697 ], [ 74.3383126, 16.290013 ], [ 74.3399965, 16.2921258 ], [ 74.342013, 16.2911772 ], [ 74.3425482, 16.2980273 ], [ 74.3402815, 16.2981625 ], [ 74.3411654, 16.2998842 ], [ 74.340421, 16.3024414 ], [ 74.3359075, 16.3070922 ], [ 74.3331287, 16.3047434 ], [ 74.331917, 16.3052524 ], [ 74.3347445, 16.309028 ], [ 74.332959, 16.3110609 ], [ 74.3332181, 16.3134512 ], [ 74.3322355, 16.3140722 ], [ 74.3291901, 16.31221 ], [ 74.3251565, 16.313682 ], [ 74.3246143, 16.3166584 ], [ 74.3312935, 16.3206666 ], [ 74.328745, 16.3237475 ], [ 74.32732, 16.3246825 ], [ 74.3206409, 16.3237523 ], [ 74.3166066, 16.3265615 ], [ 74.3225048, 16.3343686 ], [ 74.3165639, 16.3361878 ], [ 74.3153203, 16.34008 ], [ 74.3187924, 16.3426605 ], [ 74.3264791, 16.3414222 ], [ 74.3270346, 16.3425095 ], [ 74.3176397, 16.3530528 ], [ 74.3178856, 16.3549584 ], [ 74.3242496, 16.3574329 ], [ 74.3247675, 16.3599361 ], [ 74.3189819, 16.371637 ], [ 74.3208387, 16.3758937 ], [ 74.3178355, 16.3787123 ], [ 74.3171926, 16.3810037 ], [ 74.3248407, 16.3782882 ], [ 74.3281447, 16.3853388 ], [ 74.327493, 16.3914992 ], [ 74.3358694, 16.3937416 ], [ 74.3406449, 16.3886682 ], [ 74.3412099, 16.382775 ], [ 74.3456413, 16.3768961 ], [ 74.3451201, 16.3731367 ], [ 74.3471607, 16.3686275 ], [ 74.3534099, 16.3664187 ], [ 74.3535763, 16.3818777 ], [ 74.3570097, 16.3834414 ], [ 74.357971, 16.3895411 ], [ 74.3629063, 16.3955238 ], [ 74.3636943, 16.4050913 ], [ 74.344804, 16.4055321 ], [ 74.3428815, 16.4035254 ], [ 74.3350543, 16.4014074 ], [ 74.3288533, 16.4190476 ], [ 74.3312905, 16.424175 ], [ 74.3367361, 16.4288067 ], [ 74.3326941, 16.4368506 ], [ 74.3362339, 16.445671 ], [ 74.3297115, 16.447199 ], [ 74.3325916, 16.4547588 ], [ 74.3312663, 16.4559491 ], [ 74.3275652, 16.4548457 ], [ 74.324655, 16.4559294 ], [ 74.3204438, 16.4539154 ], [ 74.3124563, 16.4532353 ], [ 74.3063991, 16.4552847 ], [ 74.2970473, 16.4645369 ], [ 74.2919517, 16.4617472 ], [ 74.2892752, 16.4629705 ], [ 74.2884539, 16.4772253 ], [ 74.2921824, 16.4857054 ], [ 74.2922161, 16.4994725 ], [ 74.290895, 16.5049021 ], [ 74.2796606, 16.5048253 ], [ 74.2745806, 16.4940256 ], [ 74.2743815, 16.4856265 ], [ 74.2607701, 16.4800966 ], [ 74.2566316, 16.4895374 ], [ 74.2473728, 16.4969132 ], [ 74.2525095, 16.5006175 ], [ 74.2657297, 16.5010999 ], [ 74.278012, 16.5044553 ], [ 74.2761027, 16.5213082 ], [ 74.2697457, 16.5221727 ], [ 74.2641311, 16.5398305 ], [ 74.2702491, 16.5475063 ], [ 74.2723704, 16.5477488 ], [ 74.2769217, 16.545418 ], [ 74.281089, 16.5410977 ], [ 74.2807489, 16.5314466 ], [ 74.2831383, 16.5245893 ], [ 74.2868468, 16.5267676 ], [ 74.2888497, 16.5294332 ], [ 74.2890875, 16.5324399 ], [ 74.2915958, 16.5338824 ], [ 74.3016513, 16.5290201 ], [ 74.3026081, 16.5266459 ], [ 74.3009564, 16.5231661 ], [ 74.3042298, 16.5140464 ], [ 74.3061426, 16.5036929 ], [ 74.3151228, 16.5045975 ], [ 74.3157134, 16.5544547 ], [ 74.317565, 16.5537072 ], [ 74.3232577, 16.5565121 ], [ 74.325173, 16.5562975 ], [ 74.3348802, 16.5478803 ], [ 74.3396905, 16.5477574 ], [ 74.3444625, 16.5517341 ], [ 74.3457152, 16.5550004 ], [ 74.3502753, 16.5560313 ], [ 74.3551209, 16.5550632 ], [ 74.3539892, 16.5589206 ], [ 74.3562466, 16.5597473 ], [ 74.3590813, 16.5557516 ], [ 74.3566901, 16.5527644 ], [ 74.3561084, 16.5497554 ], [ 74.3577387, 16.5460786 ], [ 74.3579255, 16.538342 ], [ 74.3608231, 16.5389264 ], [ 74.3708059, 16.5347963 ], [ 74.3764277, 16.5291273 ], [ 74.3798326, 16.5285923 ], [ 74.3871499, 16.5361972 ], [ 74.3885817, 16.550757 ], [ 74.3869021, 16.5599382 ], [ 74.3929069, 16.5648835 ], [ 74.3912109, 16.5665525 ], [ 74.3921432, 16.5691217 ], [ 74.3934527, 16.5689882 ], [ 74.3955401, 16.5721718 ], [ 74.3966259, 16.5832675 ], [ 74.4086856, 16.5832259 ], [ 74.420811, 16.5861222 ], [ 74.4221453, 16.5845115 ], [ 74.4263386, 16.5957398 ], [ 74.4354381, 16.60106 ], [ 74.4634466, 16.6044897 ], [ 74.4667115, 16.6068224 ], [ 74.4641028, 16.6150947 ], [ 74.4657366, 16.6156613 ], [ 74.4658091, 16.624721 ], [ 74.4625916, 16.6280567 ], [ 74.4585012, 16.6355653 ], [ 74.4547824, 16.6472955 ], [ 74.4583451, 16.6486817 ], [ 74.4563979, 16.6550464 ], [ 74.4640831, 16.6582701 ], [ 74.4687425, 16.663803 ], [ 74.4717122, 16.6640548 ], [ 74.4749559, 16.6546867 ], [ 74.4751936, 16.6474889 ], [ 74.4767176, 16.6444698 ], [ 74.4890338, 16.6301448 ], [ 74.4950137, 16.629753 ], [ 74.50024, 16.633132 ], [ 74.5038491, 16.6335642 ], [ 74.5242646, 16.633437 ], [ 74.544489, 16.6354687 ], [ 74.5447297, 16.6289804 ], [ 74.5427041, 16.6266273 ], [ 74.5434927, 16.5953186 ], [ 74.5486077, 16.5941459 ], [ 74.5521263, 16.5952791 ], [ 74.5587733, 16.5946532 ], [ 74.5668942, 16.5853886 ], [ 74.5646603, 16.5796477 ], [ 74.5559989, 16.5735219 ], [ 74.5548461, 16.5645119 ], [ 74.5563882, 16.5627684 ], [ 74.560647, 16.562623 ], [ 74.5656635, 16.5584337 ], [ 74.5685367, 16.5538687 ], [ 74.5738141, 16.553913 ], [ 74.5745951, 16.5589422 ], [ 74.5846419, 16.5591253 ], [ 74.5840278, 16.5623512 ], [ 74.5878777, 16.5661023 ], [ 74.5989605, 16.5643103 ], [ 74.6019564, 16.5653589 ], [ 74.6042798, 16.568983 ], [ 74.6095154, 16.5695913 ], [ 74.6170835, 16.5758654 ], [ 74.6187985, 16.584072 ], [ 74.6228421, 16.5797539 ], [ 74.6286333, 16.5777319 ], [ 74.6331945, 16.5832149 ], [ 74.6358572, 16.5839147 ], [ 74.6332312, 16.5908344 ], [ 74.6333533, 16.6003588 ], [ 74.6361455, 16.6074205 ], [ 74.6400137, 16.6104538 ], [ 74.6444327, 16.610293 ], [ 74.6540525, 16.6041719 ], [ 74.6599871, 16.6028991 ], [ 74.6650623, 16.6042719 ], [ 74.6738309, 16.6092019 ], [ 74.6826821, 16.606098 ], [ 74.6869818, 16.606788 ], [ 74.6898602, 16.6131428 ], [ 74.6875725, 16.6178854 ], [ 74.6766037, 16.623588 ], [ 74.6698052, 16.6293999 ], [ 74.6590502, 16.6316677 ], [ 74.6535464, 16.6388754 ], [ 74.6591606, 16.647339 ], [ 74.6651639, 16.6656715 ], [ 74.6795048, 16.6661705 ], [ 74.6790233, 16.6730954 ], [ 74.6895503, 16.6770257 ], [ 74.6888432, 16.6815387 ], [ 74.6810857, 16.6809091 ], [ 74.680825, 16.6858917 ], [ 74.6893987, 16.6864641 ], [ 74.6897843, 16.6972625 ], [ 74.687725, 16.7086037 ], [ 74.688944, 16.7131475 ], [ 74.6910195, 16.7155416 ], [ 74.710311, 16.7151913 ], [ 74.7271772, 16.7168421 ], [ 74.7273245, 16.7190884 ], [ 74.730043, 16.718752 ], [ 74.7305475, 16.719852 ], [ 74.7320917, 16.718324 ], [ 74.7369804, 16.7235379 ], [ 74.7527644, 16.7308573 ], [ 74.7529944, 16.7330888 ], [ 74.7603477, 16.7412729 ], [ 74.7650516, 16.7418612 ], [ 74.7693718, 16.7448141 ], [ 74.7719696, 16.7506823 ], [ 74.7747693, 16.7516443 ], [ 74.7833655, 16.7513209 ], [ 74.7957493, 16.7477469 ], [ 74.7987214, 16.753583 ], [ 74.8445128, 16.7618155 ], [ 74.8498204, 16.7727556 ], [ 74.859812, 16.7659001 ], [ 74.8656819, 16.7633603 ], [ 74.869359, 16.7740659 ], [ 74.8898658, 16.7712574 ], [ 74.9201436, 16.7724992 ], [ 74.9108167, 16.7895423 ], [ 74.9102233, 16.8165926 ], [ 74.9087253, 16.8237023 ], [ 74.9102931, 16.8351416 ], [ 74.907607, 16.8501736 ], [ 74.9053945, 16.8538134 ], [ 74.9042363, 16.8593896 ], [ 74.903248, 16.8591809 ], [ 74.9015157, 16.8625502 ], [ 74.9109746, 16.8640409 ], [ 74.9266916, 16.863829 ], [ 74.9240181, 16.8671345 ], [ 74.9254203, 16.8677224 ], [ 74.9255483, 16.8720298 ], [ 74.9352214, 16.8710651 ], [ 74.9359132, 16.8788784 ], [ 74.9442696, 16.8826906 ], [ 74.9445815, 16.8811566 ], [ 74.9603608, 16.8809472 ], [ 74.9635786, 16.9097113 ], [ 74.9636393, 16.9110998 ], [ 74.958838, 16.9058502 ], [ 74.9553499, 16.9053431 ], [ 74.9548577, 16.9101698 ], [ 74.9443548, 16.9108368 ], [ 74.9382664, 16.9172922 ], [ 74.932656, 16.9189057 ], [ 74.9342155, 16.9242284 ], [ 74.9217757, 16.9298617 ], [ 74.9231647, 16.9393066 ], [ 74.9265411, 16.9393246 ], [ 74.930556, 16.941665 ], [ 74.9317072, 16.9447552 ], [ 74.9367109, 16.9441981 ], [ 74.9411669, 16.9407784 ], [ 74.947603, 16.9393488 ], [ 74.9504176, 16.9329471 ], [ 74.9582589, 16.928244 ], [ 74.9645444, 16.9267763 ], [ 74.9656759, 16.9298583 ], [ 74.960502, 16.9334787 ], [ 74.9601556, 16.9372557 ], [ 74.9606363, 16.9399514 ], [ 74.9675129, 16.9416076 ], [ 74.9643551, 16.9476332 ], [ 74.966075, 16.9477055 ], [ 74.9682574, 16.9501587 ], [ 74.9929089, 16.9520704 ], [ 75.0001621, 16.9499025 ], [ 75.0000457, 16.948908 ], [ 75.0044957, 16.9462698 ], [ 75.0265857, 16.9441363 ], [ 75.0247735, 16.9396394 ], [ 75.0252348, 16.9280023 ], [ 75.027096, 16.9294546 ], [ 75.0264346, 16.931925 ], [ 75.0290613, 16.931488 ], [ 75.0335997, 16.9337179 ], [ 75.0357666, 16.9328401 ], [ 75.0378708, 16.9357058 ], [ 75.0406614, 16.9364435 ], [ 75.0413852, 16.9400631 ], [ 75.0445393, 16.9417296 ], [ 75.0482665, 16.9425399 ], [ 75.0509109, 16.9413833 ], [ 75.0620358, 16.9415215 ], [ 75.0725885, 16.9466464 ], [ 75.0743523, 16.9500154 ], [ 75.0781199, 16.9488257 ], [ 75.0850806, 16.9515746 ], [ 75.0893337, 16.9515822 ], [ 75.0921367, 16.9401079 ], [ 75.0917976, 16.9260463 ], [ 75.0963086, 16.9137433 ], [ 75.1046417, 16.9126757 ], [ 75.1173904, 16.9134437 ], [ 75.1203228, 16.9025305 ], [ 75.1344497, 16.8944966 ], [ 75.1324591, 16.8894226 ], [ 75.1364832, 16.8744879 ], [ 75.1555535, 16.8685557 ], [ 75.176576, 16.867707 ], [ 75.1889874, 16.8752803 ], [ 75.1833645, 16.8541714 ], [ 75.1818475, 16.8434023 ], [ 75.2142022, 16.8416992 ], [ 75.2276397, 16.8431755 ], [ 75.2376609, 16.8679409 ], [ 75.2509598, 16.8644961 ], [ 75.2587968, 16.8644128 ], [ 75.2647197, 16.8627998 ], [ 75.2729885, 16.869201 ], [ 75.2820299, 16.8802905 ], [ 75.2899356, 16.9040258 ], [ 75.2829014, 16.9097163 ], [ 75.2793827, 16.9233283 ], [ 75.2795642, 16.9446371 ], [ 75.2809993, 16.9528535 ], [ 75.2800699, 16.9565195 ], [ 75.3171038, 16.9569548 ], [ 75.3255473, 16.9558245 ], [ 75.3412679, 16.956145 ], [ 75.3500509, 16.9578165 ], [ 75.3585319, 16.962856 ], [ 75.35839, 16.9649021 ], [ 75.3611306, 16.9655675 ], [ 75.3685432, 16.9719514 ], [ 75.3921351, 16.9800907 ], [ 75.4115088, 16.9742456 ], [ 75.427878, 16.9664946 ], [ 75.4353553, 16.9734502 ], [ 75.4416035, 16.9822311 ], [ 75.4655522, 16.988365 ], [ 75.4661825, 16.9813117 ], [ 75.4688874, 16.9795365 ], [ 75.4785649, 16.9785733 ], [ 75.4832365, 16.9759946 ], [ 75.4837694, 16.972085 ], [ 75.4875232, 16.9663889 ], [ 75.4891679, 16.9591146 ], [ 75.4890777, 16.9444227 ], [ 75.5073559, 16.9508295 ], [ 75.5079011, 16.9497544 ], [ 75.5096613, 16.9502502 ], [ 75.5293142, 16.9693998 ], [ 75.5391731, 16.9654803 ], [ 75.563886, 16.9678073 ], [ 75.5676521, 16.9657459 ], [ 75.566115, 16.9818285 ], [ 75.567219, 17.0090463 ], [ 75.5730972, 17.0096065 ], [ 75.6068535, 17.0045711 ], [ 75.6061302, 16.9943629 ], [ 75.6082446, 16.9816466 ], [ 75.607863, 16.9709971 ], [ 75.633932, 16.9702592 ], [ 75.6369343, 16.9685445 ], [ 75.638206, 16.9577548 ], [ 75.6406071, 16.955299 ], [ 75.6447571, 16.9540788 ], [ 75.6466772, 16.9546864 ], [ 75.6489334, 16.958992 ], [ 75.6553985, 16.9615259 ], [ 75.670321, 16.962052 ], [ 75.6717057, 16.9641411 ], [ 75.675134, 16.9655458 ], [ 75.6770822, 16.9690027 ], [ 75.672552, 16.9701288 ], [ 75.6718374, 16.9759255 ], [ 75.6688218, 16.979832 ], [ 75.6660752, 16.9797716 ], [ 75.6657236, 16.9937482 ], [ 75.6672333, 17.0057598 ], [ 75.6690889, 17.0095659 ], [ 75.6682495, 17.0150193 ], [ 75.669694, 17.0381603 ], [ 75.649994, 17.0322381 ], [ 75.6465023, 17.0332888 ], [ 75.6409985, 17.0375814 ], [ 75.6503072, 17.057255 ], [ 75.6544429, 17.0590026 ], [ 75.6607992, 17.0641908 ], [ 75.6767154, 17.0654159 ], [ 75.6772215, 17.0721845 ], [ 75.6788758, 17.0730033 ], [ 75.6787384, 17.0771509 ], [ 75.6733656, 17.0911987 ], [ 75.675786, 17.0952914 ], [ 75.6723439, 17.1014028 ], [ 75.6722887, 17.1159958 ], [ 75.6503469, 17.1156923 ], [ 75.6495316, 17.1343765 ], [ 75.6475699, 17.1345077 ], [ 75.6452025, 17.1442148 ], [ 75.6345783, 17.1569968 ], [ 75.63244, 17.1575052 ], [ 75.6282599, 17.1626941 ], [ 75.6253766, 17.1740003 ], [ 75.6272329, 17.1831613 ], [ 75.6288639, 17.1834021 ], [ 75.6284345, 17.1886579 ], [ 75.6399302, 17.1888651 ], [ 75.6398473, 17.1943197 ], [ 75.6425914, 17.1976481 ], [ 75.6553902, 17.2055331 ], [ 75.6619116, 17.2145889 ], [ 75.6585568, 17.2386699 ], [ 75.6577161, 17.2632077 ], [ 75.6541686, 17.2738152 ], [ 75.6278489, 17.2743396 ], [ 75.6301911, 17.2806315 ], [ 75.6254727, 17.2853197 ], [ 75.6224076, 17.2951032 ], [ 75.6037343, 17.3055034 ], [ 75.6120806, 17.3254209 ], [ 75.6123092, 17.3364513 ], [ 75.6105689, 17.3368742 ], [ 75.6100252, 17.3450403 ], [ 75.5951365, 17.3462133 ], [ 75.5862883, 17.35059 ], [ 75.5808454, 17.351223 ], [ 75.5771776, 17.3759071 ], [ 75.5741668, 17.3832555 ], [ 75.5936046, 17.3873016 ], [ 75.6010751, 17.3903071 ], [ 75.6061228, 17.3944785 ], [ 75.6135163, 17.3919151 ], [ 75.6120804, 17.4074004 ], [ 75.6066011, 17.4203724 ], [ 75.6095768, 17.4237366 ], [ 75.6133532, 17.4247419 ], [ 75.6154066, 17.4386134 ], [ 75.6205858, 17.4524863 ], [ 75.6216124, 17.4592462 ], [ 75.6274384, 17.4625008 ], [ 75.6282336, 17.4671718 ], [ 75.6329797, 17.4772144 ], [ 75.6487895, 17.4703271 ], [ 75.6588376, 17.4580579 ], [ 75.6689537, 17.4585947 ], [ 75.6758759, 17.4559431 ], [ 75.6784981, 17.4510887 ], [ 75.6780945, 17.4340558 ], [ 75.683496, 17.4169238 ], [ 75.6907294, 17.4094736 ], [ 75.7044992, 17.4074761 ], [ 75.7124407, 17.4079339 ], [ 75.7199803, 17.411518 ], [ 75.7280717, 17.4194186 ], [ 75.7335948, 17.420093 ], [ 75.7530927, 17.4071327 ], [ 75.7629261, 17.4065978 ], [ 75.7658676, 17.4053042 ], [ 75.7679037, 17.4023543 ], [ 75.7690517, 17.3937613 ], [ 75.7720346, 17.3857447 ], [ 75.7802804, 17.3756372 ], [ 75.7929405, 17.3696974 ], [ 75.8060841, 17.3680221 ], [ 75.8104902, 17.3696533 ], [ 75.8136601, 17.37276 ], [ 75.8151022, 17.378471 ], [ 75.8135752, 17.3957202 ], [ 75.818321, 17.4066173 ], [ 75.8189777, 17.4180971 ], [ 75.8214407, 17.4212226 ], [ 75.8302628, 17.4218117 ], [ 75.8510841, 17.4105253 ], [ 75.854057, 17.4044931 ], [ 75.8564136, 17.3894318 ], [ 75.8583351, 17.3865284 ], [ 75.8608781, 17.385595 ], [ 75.8752029, 17.398086 ], [ 75.8745225, 17.4123622 ], [ 75.8765061, 17.4161434 ], [ 75.8784773, 17.4181274 ], [ 75.8841884, 17.4179596 ], [ 75.8918977, 17.4075521 ], [ 75.8940641, 17.4011958 ], [ 75.8952368, 17.3781789 ], [ 75.8901785, 17.3611736 ], [ 75.8905819, 17.3565223 ], [ 75.8945023, 17.3508305 ], [ 75.9067794, 17.3467907 ], [ 75.9100775, 17.3445187 ], [ 75.9250972, 17.3257462 ], [ 75.9308194, 17.3225728 ], [ 75.933945, 17.3227401 ], [ 75.9485738, 17.3297291 ], [ 75.9687071, 17.3364679 ], [ 75.9839034, 17.3362167 ], [ 75.9982723, 17.3379682 ], [ 76.0101908, 17.3523847 ], [ 76.0143324, 17.3535333 ], [ 76.0285318, 17.3511369 ], [ 76.0377506, 17.3518813 ], [ 76.0527744, 17.3557936 ], [ 76.0605352, 17.3553077 ], [ 76.0646331, 17.3512146 ], [ 76.0721361, 17.3353147 ], [ 76.0734034, 17.3365102 ], [ 76.07913, 17.3316024 ], [ 76.0874966, 17.3365082 ], [ 76.088119, 17.3421657 ], [ 76.0931489, 17.3492141 ], [ 76.0893787, 17.353133 ], [ 76.0997398, 17.3646507 ], [ 76.1092599, 17.3664531 ], [ 76.1189533, 17.3705043 ], [ 76.133002, 17.358319 ], [ 76.1395725, 17.354405 ], [ 76.1626178, 17.3452201 ], [ 76.1650794, 17.303335 ], [ 76.176315, 17.3007875 ], [ 76.1810696, 17.3090537 ], [ 76.1818697, 17.3141963 ], [ 76.1832697, 17.3151292 ], [ 76.1832482, 17.3194347 ], [ 76.1792563, 17.3185744 ], [ 76.177259, 17.3229851 ], [ 76.1731844, 17.3342052 ], [ 76.1703147, 17.3526242 ], [ 76.180424, 17.3583873 ], [ 76.196392, 17.3636667 ], [ 76.2123576, 17.3619872 ], [ 76.2292843, 17.3652061 ], [ 76.2285304, 17.3758436 ], [ 76.2420871, 17.3788371 ], [ 76.2439834, 17.3787853 ], [ 76.2445817, 17.3715393 ], [ 76.250428, 17.3696808 ], [ 76.2490536, 17.3665887 ], [ 76.2507275, 17.3604328 ], [ 76.2650427, 17.3617063 ], [ 76.2670211, 17.3634751 ], [ 76.2700408, 17.3605104 ], [ 76.2720091, 17.3605919 ], [ 76.2763604, 17.3345742 ], [ 76.3176634, 17.3323757 ], [ 76.3188572, 17.3381415 ], [ 76.3120282, 17.3460143 ], [ 76.3143441, 17.3483898 ], [ 76.3292035, 17.3508069 ], [ 76.3380309, 17.3541125 ], [ 76.3452992, 17.3544481 ], [ 76.3470251, 17.344198 ], [ 76.3542858, 17.324401 ], [ 76.3540117, 17.3143165 ], [ 76.3831599, 17.3145257 ], [ 76.3850993, 17.3237612 ], [ 76.3966078, 17.3471039 ], [ 76.4031596, 17.3499717 ], [ 76.4121887, 17.3510677 ], [ 76.4091205, 17.3713878 ], [ 76.3829785, 17.3739671 ], [ 76.3634265, 17.3776681 ], [ 76.3658582, 17.3914718 ], [ 76.3684727, 17.4013851 ], [ 76.3693661, 17.4012508 ], [ 76.3710702, 17.4134321 ], [ 76.3700042, 17.4169372 ], [ 76.3715104, 17.4364236 ], [ 76.3534836, 17.437301 ], [ 76.3332625, 17.433901 ], [ 76.3334309, 17.4554828 ], [ 76.3310345, 17.4559912 ], [ 76.3306873, 17.4701936 ], [ 76.3332134, 17.4717622 ], [ 76.3503613, 17.474175 ], [ 76.3682441, 17.4832012 ], [ 76.3755161, 17.4902199 ], [ 76.3746884, 17.4956497 ], [ 76.3623059, 17.495917 ], [ 76.3457646, 17.4925298 ], [ 76.343329, 17.5006561 ], [ 76.3465719, 17.5125794 ], [ 76.3645997, 17.5149692 ], [ 76.366073, 17.5156751 ], [ 76.3672191, 17.5194529 ], [ 76.3627404, 17.5373726 ], [ 76.3487525, 17.5394268 ], [ 76.3406925, 17.5424746 ], [ 76.3406781, 17.5479731 ], [ 76.3385321, 17.5568038 ], [ 76.3350297, 17.5651806 ], [ 76.333127, 17.5649868 ], [ 76.3312865, 17.5974186 ], [ 76.3315623, 17.5959775 ], [ 76.3367431, 17.5973012 ], [ 76.3500305, 17.5940996 ], [ 76.377638, 17.5978733 ], [ 76.3817006, 17.6022493 ], [ 76.3918633, 17.6006467 ], [ 76.3930537, 17.6031459 ], [ 76.4196849, 17.6037101 ], [ 76.4192881, 17.6062308 ], [ 76.4267895, 17.6258147 ], [ 76.4284918, 17.6337939 ], [ 76.4272408, 17.6395854 ], [ 76.4283809, 17.640155 ], [ 76.4291914, 17.6449534 ], [ 76.4353901, 17.6462614 ], [ 76.4450047, 17.6409513 ], [ 76.4419579, 17.6490871 ], [ 76.4544828, 17.6497863 ], [ 76.4528603, 17.6557902 ], [ 76.4589151, 17.6581229 ], [ 76.4866716, 17.6584118 ], [ 76.4897487, 17.6604992 ], [ 76.4850163, 17.6709759 ], [ 76.4844877, 17.6785118 ], [ 76.4872276, 17.7147636 ], [ 76.4949537, 17.7159749 ], [ 76.5006884, 17.7184186 ], [ 76.5117265, 17.7179735 ], [ 76.5239022, 17.7151521 ], [ 76.5273588, 17.7378437 ], [ 76.5232757, 17.7597973 ], [ 76.5306876, 17.7582603 ], [ 76.5430562, 17.7616285 ], [ 76.5466299, 17.760697 ], [ 76.5612624, 17.7646192 ], [ 76.5727077, 17.7605395 ], [ 76.5709451, 17.7577265 ], [ 76.5651725, 17.7534321 ], [ 76.5639572, 17.7508334 ], [ 76.5669727, 17.7461945 ], [ 76.5678014, 17.7424764 ], [ 76.5702954, 17.7054057 ], [ 76.5822, 17.7052703 ], [ 76.5883371, 17.7075782 ], [ 76.5884678, 17.7101851 ], [ 76.5943801, 17.7224497 ], [ 76.6010768, 17.7258606 ], [ 76.5997887, 17.732708 ], [ 76.6052959, 17.758645 ], [ 76.6069644, 17.7593595 ], [ 76.6110393, 17.769364 ], [ 76.6136293, 17.7708537 ], [ 76.6153311, 17.7703965 ], [ 76.6182908, 17.7677201 ], [ 76.6224307, 17.7604981 ], [ 76.631885, 17.7546414 ], [ 76.6280974, 17.7506493 ], [ 76.6332595, 17.7282202 ], [ 76.6527923, 17.722133 ], [ 76.655599, 17.7178542 ], [ 76.6597292, 17.7082846 ], [ 76.6641888, 17.6875602 ], [ 76.6707622, 17.6905271 ], [ 76.6749215, 17.6899931 ], [ 76.6797233, 17.6863527 ], [ 76.6843563, 17.6858884 ], [ 76.6873755, 17.6800503 ], [ 76.6908399, 17.6810048 ], [ 76.6908277, 17.685747 ], [ 76.6941775, 17.6956803 ], [ 76.6921408, 17.7007792 ], [ 76.6925397, 17.7067236 ], [ 76.7013074, 17.7090708 ], [ 76.703655, 17.7159954 ], [ 76.7043275, 17.7230133 ], [ 76.6996459, 17.7272491 ], [ 76.7091094, 17.7317001 ], [ 76.7282708, 17.7375607 ], [ 76.7240358, 17.7479581 ], [ 76.7248073, 17.7511023 ], [ 76.7187871, 17.7514795 ], [ 76.7184011, 17.7559434 ], [ 76.721072, 17.7694979 ], [ 76.7119119, 17.7732673 ], [ 76.7140914, 17.78094 ], [ 76.7209401, 17.7880576 ], [ 76.7301638, 17.7838455 ], [ 76.7298699, 17.7827435 ], [ 76.7406458, 17.7794643 ], [ 76.7443373, 17.78034 ], [ 76.7425251, 17.784224 ], [ 76.7507363, 17.78455 ], [ 76.7509107, 17.787053 ], [ 76.7620385, 17.787017 ], [ 76.7620995, 17.7887817 ], [ 76.7644635, 17.7889634 ], [ 76.7659022, 17.7922381 ], [ 76.7665099, 17.7984687 ], [ 76.775444, 17.7982943 ], [ 76.7787276, 17.8004803 ], [ 76.7825908, 17.806638 ], [ 76.7815094, 17.809391 ], [ 76.7828632, 17.8179171 ], [ 76.7839488, 17.8178743 ], [ 76.7903937, 17.8263341 ], [ 76.7889381, 17.8271941 ], [ 76.7869989, 17.8331994 ], [ 76.7793064, 17.8362812 ], [ 76.7742205, 17.8419731 ], [ 76.7740742, 17.8463822 ], [ 76.7676299, 17.8520037 ], [ 76.7655966, 17.8512793 ], [ 76.758732, 17.8560233 ], [ 76.751494, 17.8581307 ], [ 76.7384821, 17.8566816 ], [ 76.7388426, 17.8831046 ], [ 76.7412465, 17.8953987 ], [ 76.7399719, 17.8997012 ], [ 76.7571319, 17.8991669 ], [ 76.7681608, 17.9011521 ], [ 76.7718328, 17.8919221 ], [ 76.7735749, 17.8904592 ], [ 76.7750496, 17.8777129 ], [ 76.7883938, 17.8757859 ], [ 76.7987803, 17.8715391 ], [ 76.8066694, 17.8705752 ], [ 76.8081913, 17.8710434 ], [ 76.8077634, 17.8780482 ], [ 76.8102157, 17.8870414 ], [ 76.8312016, 17.8856157 ], [ 76.8319203, 17.8952564 ], [ 76.8346578, 17.8958132 ], [ 76.838956, 17.8990624 ], [ 76.8443564, 17.8996574 ], [ 76.8453425, 17.9007577 ], [ 76.8463548, 17.8997255 ], [ 76.8526449, 17.9007226 ], [ 76.8726646, 17.8980767 ], [ 76.879167, 17.8945189 ], [ 76.8812905, 17.8953367 ], [ 76.884268, 17.8942929 ], [ 76.8839856, 17.8989816 ], [ 76.8884937, 17.8979409 ], [ 76.8941872, 17.8998267 ], [ 76.8950434, 17.9027482 ], [ 76.8938391, 17.9060724 ], [ 76.8965543, 17.9057493 ], [ 76.8968853, 17.9103707 ], [ 76.8989896, 17.9090673 ], [ 76.9017481, 17.9158328 ], [ 76.9012647, 17.9172423 ], [ 76.914736, 17.9148071 ], [ 76.9191001, 17.9162003 ], [ 76.9206683, 17.9415708 ], [ 76.9172857, 17.9480589 ], [ 76.9183046, 17.9560163 ], [ 76.9153856, 17.9571102 ], [ 76.9144401, 17.9615648 ], [ 76.9123666, 17.9787998 ], [ 76.9135913, 17.9886118 ], [ 76.9131397, 17.9968903 ], [ 76.9067074, 17.9965944 ], [ 76.9080742, 17.9995159 ], [ 76.9060331, 18.0023182 ], [ 76.9056438, 18.0097096 ], [ 76.9076316, 18.0142196 ], [ 76.9109434, 18.014958 ], [ 76.9122953, 18.0173392 ], [ 76.9146874, 18.0307375 ], [ 76.9143153, 18.0353612 ], [ 76.9242831, 18.0369621 ], [ 76.936618, 18.0368579 ], [ 76.9523052, 18.0402193 ], [ 76.9526868, 18.0439386 ], [ 76.9483622, 18.0444049 ], [ 76.944901, 18.0483611 ], [ 76.9510557, 18.0577596 ], [ 76.9516204, 18.0610531 ], [ 76.9514432, 18.0656614 ], [ 76.9483128, 18.0716361 ], [ 76.9452138, 18.0832008 ], [ 76.9629414, 18.0895718 ], [ 76.9649344, 18.0917312 ], [ 76.9663497, 18.0982012 ], [ 76.9653342, 18.1000242 ], [ 76.958717, 18.1041192 ], [ 76.9566175, 18.1088358 ], [ 76.954274, 18.1105443 ], [ 76.9377404, 18.1149056 ], [ 76.9329213, 18.1128339 ], [ 76.9248557, 18.1163076 ], [ 76.9217121, 18.1155465 ], [ 76.9204996, 18.1181828 ], [ 76.9202492, 18.1250736 ], [ 76.9317953, 18.1335262 ], [ 76.9313846, 18.1356277 ], [ 76.924475, 18.1427399 ], [ 76.9239631, 18.1466334 ], [ 76.9314765, 18.1596534 ], [ 76.9423631, 18.1564173 ], [ 76.9460846, 18.1666293 ], [ 76.9476793, 18.1664065 ], [ 76.9484501, 18.1687601 ], [ 76.9500954, 18.1788847 ], [ 76.9516157, 18.1814014 ], [ 76.9519345, 18.1880993 ], [ 76.9657995, 18.1900674 ], [ 76.977419, 18.1888689 ], [ 76.9783988, 18.1919838 ], [ 76.9906091, 18.1899878 ], [ 76.9905596, 18.185764 ], [ 76.9940142, 18.1805419 ], [ 76.9932022, 18.1758096 ], [ 76.9964079, 18.1661971 ], [ 76.9969238, 18.1648225 ], [ 77.0017891, 18.1623479 ], [ 77.0011141, 18.1608995 ], [ 77.023304, 18.1585095 ], [ 77.0254935, 18.1618666 ], [ 77.0230837, 18.1756529 ], [ 77.0317304, 18.1774331 ], [ 77.0331777, 18.1819928 ], [ 77.0519773, 18.1732294 ], [ 77.051168, 18.1724545 ], [ 77.053202, 18.1594518 ], [ 77.0586465, 18.156608 ], [ 77.063958, 18.1506521 ], [ 77.0848452, 18.1507888 ], [ 77.091322, 18.1558376 ], [ 77.0994771, 18.1581933 ], [ 77.1032375, 18.1578292 ], [ 77.1069002, 18.155157 ], [ 77.1115431, 18.1558335 ], [ 77.1167228, 18.1661818 ], [ 77.116338, 18.1710165 ], [ 77.0991221, 18.1919904 ], [ 77.0975987, 18.1967236 ], [ 77.1112905, 18.2042434 ], [ 77.1272751, 18.2076704 ], [ 77.1337352, 18.2058649 ], [ 77.134643, 18.2072081 ], [ 77.1401377, 18.2077185 ], [ 77.1426986, 18.2170407 ], [ 77.1515219, 18.2170449 ], [ 77.1507095, 18.2221609 ], [ 77.1492318, 18.221398 ], [ 77.1486325, 18.2390456 ], [ 77.1518754, 18.2382564 ], [ 77.1591338, 18.2557899 ], [ 77.1697493, 18.2608712 ], [ 77.1704057, 18.2643064 ], [ 77.1690308, 18.2658334 ], [ 77.1707437, 18.2767552 ], [ 77.1748119, 18.2848618 ], [ 77.1882135, 18.2847422 ], [ 77.1954056, 18.2798109 ], [ 77.1974734, 18.2766098 ], [ 77.2037673, 18.2800561 ], [ 77.2130133, 18.2803203 ], [ 77.209355, 18.2877237 ], [ 77.2098528, 18.2949673 ], [ 77.2055503, 18.2940977 ], [ 77.202926, 18.2977345 ], [ 77.2031085, 18.3054218 ], [ 77.1987125, 18.3154522 ], [ 77.2016679, 18.3221652 ], [ 77.211794, 18.3162807 ], [ 77.214776, 18.3232394 ], [ 77.2190672, 18.3257305 ], [ 77.2227657, 18.3397466 ], [ 77.2295849, 18.3482086 ], [ 77.2200911, 18.3492735 ], [ 77.2244844, 18.3559745 ], [ 77.2258853, 18.3651614 ], [ 77.2339885, 18.3698033 ], [ 77.246391, 18.3707656 ], [ 77.2484246, 18.3760563 ], [ 77.2394597, 18.3786069 ], [ 77.2336851, 18.3882006 ], [ 77.235124, 18.3927484 ], [ 77.234763, 18.3967641 ], [ 77.241768, 18.4126071 ], [ 77.2593687, 18.4132612 ], [ 77.265655, 18.4223432 ], [ 77.2732463, 18.4230229 ], [ 77.279038, 18.4297979 ], [ 77.2871739, 18.4305744 ], [ 77.3003203, 18.4363854 ], [ 77.3006571, 18.4381809 ], [ 77.3169323, 18.4424633 ], [ 77.316878, 18.4479858 ], [ 77.3198851, 18.4580272 ], [ 77.3264151, 18.4588467 ], [ 77.3274516, 18.451716 ] ] ], [ [ [ 77.2788485, 18.475738 ], [ 77.2868211, 18.4743584 ], [ 77.2891485, 18.4765038 ], [ 77.2962899, 18.4771016 ], [ 77.3002908, 18.4730276 ], [ 77.2995287, 18.4648796 ], [ 77.2961281, 18.4634667 ], [ 77.2947439, 18.4595158 ], [ 77.2887957, 18.4552521 ], [ 77.2848534, 18.4561202 ], [ 77.2800354, 18.453597 ], [ 77.2674736, 18.4546127 ], [ 77.26775, 18.4596763 ], [ 77.2712679, 18.4657687 ], [ 77.2721503, 18.4729624 ], [ 77.2750281, 18.4777221 ], [ 77.2788485, 18.475738 ] ] ] ] } }
]
}
