{
"type": "FeatureCollection",
"name": "33",
"crs": { "type": "name", "properties": { "name": "urn:ogc:def:crs:OGC:1.3:CRS84" } },
"features": [
{ "type": "Feature", "properties": { "code": "33", "name": "TAMILNADU", "type": "state" }, "geometry": { "type": "MultiPolygon", "coordinates": [ [ [ [ 78.2099992, 8.8392239 ], [ 78.2109051, 8.8413867 ], [ 78.2157873, 8.8420052 ], [ 78.2192164, 8.8338999 ], [ 78.2165096, 8.8335181 ], [ 78.2161471, 8.8319187 ], [ 78.2132717, 8.8322706 ], [ 78.2109363, 8.8342141 ], [ 78.2087509, 8.8392758 ], [ 78.2052502, 8.8417806 ], [ 78.2066249, 8.8420574 ], [ 78.2099992, 8.8392239 ] ] ], [ [ [ 78.2234208, 8.8727827 ], [ 78.2273991, 8.8708173 ], [ 78.2267837, 8.8663203 ], [ 78.2229977, 8.8719985 ], [ 78.2218096, 8.8720368 ], [ 78.2234208, 8.8727827 ] ] ], [ [ [ 78.273291, 8.9445621 ], [ 78.2713061, 8.939611 ], [ 78.2695511, 8.9391422 ], [ 78.2702286, 8.9431669 ], [ 78.2711225, 8.9435252 ], [ 78.2708725, 8.9423521 ], [ 78.273291, 8.9445621 ] ] ], [ [ [ 78.253094, 8.9520579 ], [ 78.250571, 8.9528549 ], [ 78.2518865, 8.9563943 ], [ 78.2552182, 8.9545739 ], [ 78.253094, 8.9520579 ] ] ], [ [ [ 78.4927432, 9.0864247 ], [ 78.4872223, 9.0887094 ], [ 78.4899392, 9.0934328 ], [ 78.4955464, 9.0906597 ], [ 78.4927432, 9.0864247 ] ] ], [ [ [ 78.5367996, 9.1018642 ], [ 78.5350832, 9.1027679 ], [ 78.5391349, 9.1060454 ], [ 78.5390883, 9.1037653 ], [ 78.5367996, 9.1018642 ] ] ], [ [ [ 78.5817141, 9.1109732 ], [ 78.5853509, 9.1113399 ], [ 78.5879744, 9.1069985 ], [ 78.5847383, 9.106378 ], [ 78.5801096, 9.1011645 ], [ 78.570955, 9.1011315 ], [ 78.5710385, 9.1035319 ], [ 78.5749487, 9.106166 ], [ 78.5793427, 9.1128244 ], [ 78.5817141, 9.1109732 ] ] ], [ [ [ 79.4892925, 9.1190368 ], [ 79.4918778, 9.1240269 ], [ 79.4949168, 9.1253867 ], [ 79.4965132, 9.1248255 ], [ 79.4965855, 9.1231665 ], [ 79.4928506, 9.1223675 ], [ 79.4892925, 9.1190368 ] ] ], [ [ [ 79.4882992, 9.1282278 ], [ 79.4883123, 9.1265235 ], [ 79.4871208, 9.1273331 ], [ 79.4882992, 9.1282278 ] ] ], [ [ [ 79.4819087, 9.1302007 ], [ 79.4816308, 9.1286865 ], [ 79.4813673, 9.1299749 ], [ 79.4797342, 9.1296996 ], [ 79.4819087, 9.1302007 ] ] ], [ [ [ 79.4836018, 9.1335185 ], [ 79.4822822, 9.1318372 ], [ 79.482833, 9.1333424 ], [ 79.4815138, 9.1328862 ], [ 79.4828697, 9.1342962 ], [ 79.4836018, 9.1335185 ] ] ], [ [ [ 79.4739359, 9.1352617 ], [ 79.4734678, 9.1366091 ], [ 79.4698066, 9.1394038 ], [ 79.4728817, 9.139186 ], [ 79.4739359, 9.1352617 ] ] ], [ [ [ 79.4674149, 9.1433782 ], [ 79.4675097, 9.140512 ], [ 79.4651176, 9.14332 ], [ 79.4674149, 9.1433782 ] ] ], [ [ [ 79.4547053, 9.1453206 ], [ 79.4537815, 9.1438968 ], [ 79.4541276, 9.1456281 ], [ 79.4547053, 9.1453206 ] ] ], [ [ [ 79.4557521, 9.147635 ], [ 79.4561841, 9.1465589 ], [ 79.455056, 9.1470745 ], [ 79.4557521, 9.147635 ] ] ], [ [ [ 79.4523544, 9.1497785 ], [ 79.4545147, 9.1474002 ], [ 79.452663, 9.1464241 ], [ 79.4500931, 9.1479526 ], [ 79.4523544, 9.1497785 ] ] ], [ [ [ 79.445017, 9.1510684 ], [ 79.444535, 9.1523434 ], [ 79.4455179, 9.1537672 ], [ 79.445786, 9.1520584 ], [ 79.445017, 9.1510684 ] ] ], [ [ [ 78.6954525, 9.1505662 ], [ 78.6938655, 9.151199 ], [ 78.6938419, 9.152857 ], [ 78.6965221, 9.1558105 ], [ 78.6970037, 9.1525897 ], [ 78.6954525, 9.1505662 ] ] ], [ [ [ 78.7320587, 9.1544215 ], [ 78.7309727, 9.1521185 ], [ 78.7280341, 9.1528006 ], [ 78.7311015, 9.1558797 ], [ 78.7320587, 9.1544215 ] ] ], [ [ [ 78.7522435, 9.1568291 ], [ 78.7525034, 9.1555601 ], [ 78.751386, 9.1555334 ], [ 78.7509108, 9.1565395 ], [ 78.7522435, 9.1568291 ] ] ], [ [ [ 79.445819, 9.1579308 ], [ 79.4476697, 9.153934 ], [ 79.4472872, 9.1526548 ], [ 79.4453275, 9.1571442 ], [ 79.4435759, 9.1566428 ], [ 79.445819, 9.1579308 ] ] ], [ [ [ 78.698883, 9.1583012 ], [ 78.6980686, 9.1585234 ], [ 78.6988361, 9.1586861 ], [ 78.698883, 9.1583012 ] ] ], [ [ [ 78.8235581, 9.1660359 ], [ 78.8184327, 9.160659 ], [ 78.8169234, 9.1603653 ], [ 78.819075, 9.1625294 ], [ 78.8195602, 9.1652293 ], [ 78.8235581, 9.1660359 ] ] ], [ [ [ 78.8270738, 9.1673333 ], [ 78.823962, 9.1664516 ], [ 78.8285214, 9.173688 ], [ 78.8290406, 9.1705067 ], [ 78.8270738, 9.1673333 ] ] ], [ [ [ 78.7042492, 9.184079 ], [ 78.7018978, 9.1858225 ], [ 78.7019112, 9.1859937 ], [ 78.7030813, 9.1854845 ], [ 78.7042492, 9.184079 ] ] ], [ [ [ 78.9104073, 9.1864623 ], [ 78.9101321, 9.1859884 ], [ 78.9101204, 9.1865658 ], [ 78.9104073, 9.1864623 ] ] ], [ [ [ 78.9371935, 9.1823998 ], [ 78.930783, 9.1815178 ], [ 78.9271392, 9.1831306 ], [ 78.920553, 9.1830926 ], [ 78.9028433, 9.1785023 ], [ 78.8972645, 9.1796743 ], [ 78.9062498, 9.1851909 ], [ 78.9088363, 9.1814953 ], [ 78.9251883, 9.1848805 ], [ 78.9328786, 9.1823896 ], [ 78.9387315, 9.1848713 ], [ 78.9410371, 9.1875985 ], [ 78.9433542, 9.1877328 ], [ 78.9427765, 9.1848198 ], [ 78.9371935, 9.1823998 ] ] ], [ [ [ 78.9686173, 9.1879615 ], [ 78.9711153, 9.1849716 ], [ 78.9698939, 9.1844994 ], [ 78.9686154, 9.1861299 ], [ 78.9675907, 9.1847759 ], [ 78.9684403, 9.1832765 ], [ 78.9674131, 9.182919 ], [ 78.9668452, 9.1873562 ], [ 78.9686173, 9.1879615 ] ] ], [ [ [ 79.0758578, 9.2023385 ], [ 79.083292, 9.2027673 ], [ 79.0835686, 9.1998498 ], [ 79.0867719, 9.1985695 ], [ 79.0880671, 9.2003278 ], [ 79.0910174, 9.1975542 ], [ 79.0910261, 9.1959326 ], [ 79.0863522, 9.1916916 ], [ 79.0794135, 9.1961953 ], [ 79.0664741, 9.200537 ], [ 79.0589319, 9.1960208 ], [ 79.0567684, 9.19802 ], [ 79.0600689, 9.2028377 ], [ 79.0688987, 9.2105391 ], [ 79.0709899, 9.2098368 ], [ 79.0711457, 9.2051674 ], [ 79.0758578, 9.2023385 ] ] ], [ [ [ 79.1415339, 9.2142538 ], [ 79.1395338, 9.2126388 ], [ 79.1388749, 9.2133473 ], [ 79.1415339, 9.2142538 ] ] ], [ [ [ 79.1242521, 9.217204 ], [ 79.1332371, 9.2163896 ], [ 79.1301929, 9.2152008 ], [ 79.1270723, 9.2160005 ], [ 79.1291248, 9.214585 ], [ 79.1329858, 9.2161646 ], [ 79.1341127, 9.2159828 ], [ 79.1294952, 9.2137869 ], [ 79.1222558, 9.2157426 ], [ 79.1269824, 9.21494 ], [ 79.1242521, 9.217204 ] ] ], [ [ [ 79.2357309, 9.2434765 ], [ 79.2384606, 9.2418889 ], [ 79.2386333, 9.2412062 ], [ 79.2356616, 9.2402351 ], [ 79.2327457, 9.2430841 ], [ 79.2357309, 9.2434765 ] ] ], [ [ [ 79.1952321, 9.2528967 ], [ 79.2031607, 9.2485295 ], [ 79.2089356, 9.2507029 ], [ 79.2177406, 9.2504229 ], [ 79.2086667, 9.2488765 ], [ 79.2087983, 9.2472219 ], [ 79.2024499, 9.2440902 ], [ 79.2022673, 9.2414908 ], [ 79.2122746, 9.2463983 ], [ 79.2220628, 9.2477975 ], [ 79.2178544, 9.2504357 ], [ 79.2228002, 9.2486699 ], [ 79.2236462, 9.2471507 ], [ 79.2152045, 9.2440514 ], [ 79.2128556, 9.2404353 ], [ 79.2038368, 9.2397228 ], [ 79.2024938, 9.236875 ], [ 79.2028117, 9.2338821 ], [ 79.1993301, 9.2302028 ], [ 79.1939521, 9.2320799 ], [ 79.1898886, 9.2309458 ], [ 79.1868452, 9.234997 ], [ 79.1793105, 9.2381987 ], [ 79.1780507, 9.2427333 ], [ 79.1804225, 9.2496272 ], [ 79.1952321, 9.2528967 ] ] ], [ [ [ 79.7694868, 10.9015171 ], [ 79.7702738, 10.90074 ], [ 79.766949, 10.9002008 ], [ 79.7678231, 10.8987095 ], [ 79.7666362, 10.8986275 ], [ 79.7661576, 10.9006118 ], [ 79.7694868, 10.9015171 ] ] ], [ [ [ 79.7650979, 10.9089152 ], [ 79.7639006, 10.9059404 ], [ 79.7660369, 10.9053129 ], [ 79.767886, 10.9017697 ], [ 79.7639802, 10.9014563 ], [ 79.7652417, 10.9035362 ], [ 79.7621795, 10.9015198 ], [ 79.7622963, 10.9034084 ], [ 79.7650769, 10.9041463 ], [ 79.7636817, 10.9046475 ], [ 79.7630268, 10.9068124 ], [ 79.762469, 10.9062291 ], [ 79.7640582, 10.9122191 ], [ 79.7650979, 10.9089152 ] ] ], [ [ [ 79.7795593, 11.90436 ], [ 79.7876673, 11.8968371 ], [ 79.7965013, 11.8998864 ], [ 79.7967509, 11.8942907 ], [ 79.7946748, 11.8852146 ], [ 79.7921246, 11.8803271 ], [ 79.7923735, 11.8768468 ], [ 79.7895878, 11.8771577 ], [ 79.7872144, 11.8733292 ], [ 79.7851714, 11.863071 ], [ 79.7806671, 11.8627492 ], [ 79.7785481, 11.8631563 ], [ 79.7778456, 11.866716 ], [ 79.7799018, 11.8723855 ], [ 79.779202, 11.8778231 ], [ 79.7762021, 11.8782181 ], [ 79.7728422, 11.8752207 ], [ 79.7735551, 11.8832857 ], [ 79.7710217, 11.8834384 ], [ 79.7720214, 11.8853733 ], [ 79.7705322, 11.8908826 ], [ 79.7728828, 11.9004432 ], [ 79.7691972, 11.9006633 ], [ 79.7698435, 11.9027743 ], [ 79.7751587, 11.9018272 ], [ 79.775387, 11.9049868 ], [ 79.7795593, 11.90436 ] ], [ [ 79.7890209, 11.8950359 ], [ 79.7909943, 11.8953258 ], [ 79.7892565, 11.89584 ], [ 79.7890209, 11.8950359 ] ], [ [ 79.7912494, 11.8839311 ], [ 79.7929475, 11.8834849 ], [ 79.7933218, 11.8845534 ], [ 79.7915875, 11.8849994 ], [ 79.7912494, 11.8839311 ] ] ], [ [ [ 79.8478101, 13.3243161 ], [ 79.8493482, 13.3247903 ], [ 79.8500143, 13.3235235 ], [ 79.8428276, 13.3221704 ], [ 79.8429097, 13.3246502 ], [ 79.8456677, 13.3275767 ], [ 79.8478101, 13.3243161 ] ] ], [ [ [ 80.2929341, 13.4959919 ], [ 80.3064238, 13.4677137 ], [ 80.3170891, 13.4569649 ], [ 80.3260185, 13.4416822 ], [ 80.3295864, 13.4038099 ], [ 80.3397459, 13.3594938 ], [ 80.3465467, 13.313274 ], [ 80.3452687, 13.2798927 ], [ 80.3382444, 13.2620079 ], [ 80.3346239, 13.2386308 ], [ 80.3318841, 13.2361716 ], [ 80.3318798, 13.2347074 ], [ 80.3334251, 13.2348297 ], [ 80.3293075, 13.2247187 ], [ 80.3201679, 13.1910642 ], [ 80.312337, 13.1705345 ], [ 80.312776, 13.1674522 ], [ 80.2984377, 13.1374879 ], [ 80.2980421, 13.1347534 ], [ 80.3027185, 13.1336657 ], [ 80.3042321, 13.1303895 ], [ 80.3032916, 13.1293858 ], [ 80.3010818, 13.1322054 ], [ 80.2978398, 13.1327105 ], [ 80.2976286, 13.1300394 ], [ 80.2991507, 13.1290592 ], [ 80.2968606, 13.1239333 ], [ 80.2996092, 13.1229308 ], [ 80.3055324, 13.1303854 ], [ 80.3004167, 13.1214125 ], [ 80.3020835, 13.1148325 ], [ 80.3049669, 13.1100697 ], [ 80.3033865, 13.1060649 ], [ 80.3035329, 13.1099428 ], [ 80.3014849, 13.1120799 ], [ 80.2993052, 13.1081381 ], [ 80.2982744, 13.1018059 ], [ 80.2984732, 13.1003958 ], [ 80.3017289, 13.0986704 ], [ 80.3000832, 13.0977976 ], [ 80.2969104, 13.0992564 ], [ 80.2949484, 13.0929148 ], [ 80.3007723, 13.0911767 ], [ 80.3031089, 13.094662 ], [ 80.3033201, 13.0973828 ], [ 80.3020702, 13.0983542 ], [ 80.3039785, 13.1004383 ], [ 80.3037981, 13.1025895 ], [ 80.3047713, 13.1011977 ], [ 80.3098274, 13.1083221 ], [ 80.3107865, 13.1081551 ], [ 80.3046749, 13.1002306 ], [ 80.3023173, 13.0900201 ], [ 80.3009157, 13.090074 ], [ 80.2938143, 13.079428 ], [ 80.2867937, 13.0643618 ], [ 80.2810594, 13.0396194 ], [ 80.2780496, 13.0162158 ], [ 80.2720914, 12.9969989 ], [ 80.2593951, 12.9345502 ], [ 80.2491222, 12.8566973 ], [ 80.2482425, 12.8089538 ], [ 80.2499916, 12.7943124 ], [ 80.2521518, 12.790232 ], [ 80.2545681, 12.7895703 ], [ 80.2551531, 12.782702 ], [ 80.2448476, 12.749617 ], [ 80.2122734, 12.6603239 ], [ 80.2098037, 12.6540207 ], [ 80.2083333, 12.6545543 ], [ 80.2083333, 12.6508143 ], [ 80.199139, 12.625302 ], [ 80.1986546, 12.6210219 ], [ 80.2007245, 12.6171389 ], [ 80.1977925, 12.6148527 ], [ 80.1918527, 12.6014079 ], [ 80.1868061, 12.5871266 ], [ 80.18495, 12.5787473 ], [ 80.1854643, 12.5743224 ], [ 80.1744496, 12.5511154 ], [ 80.1663308, 12.5296884 ], [ 80.1625288, 12.5129657 ], [ 80.1613188, 12.5121885 ], [ 80.1620268, 12.5082336 ], [ 80.1580143, 12.4735009 ], [ 80.1558017, 12.4649358 ], [ 80.1504237, 12.4544167 ], [ 80.1133672, 12.4019425 ], [ 80.06983, 12.3500841 ], [ 80.0342494, 12.3017546 ], [ 80.0218167, 12.2809033 ], [ 80.0150981, 12.264816 ], [ 80.0124184, 12.2627103 ], [ 80.0081706, 12.2539535 ], [ 79.974402, 12.2010966 ], [ 79.896712, 12.0834633 ], [ 79.8789751, 12.0544865 ], [ 79.8736494, 12.042032 ], [ 79.8684961, 12.0451661 ], [ 79.8497688, 12.0513117 ], [ 79.844428, 12.0360599 ], [ 79.8439681, 12.0241868 ], [ 79.8409026, 12.0128098 ], [ 79.8567974, 12.006055 ], [ 79.8469956, 11.9784948 ], [ 79.8406359, 11.9557856 ], [ 79.8328089, 11.9565211 ], [ 79.8288514, 11.9583284 ], [ 79.8248707, 11.9615232 ], [ 79.8223495, 11.965767 ], [ 79.8185043, 11.9778886 ], [ 79.8162957, 11.9790317 ], [ 79.8126049, 11.9778918 ], [ 79.8098143, 11.9752243 ], [ 79.8063147, 11.9672805 ], [ 79.8050735, 11.9532561 ], [ 79.8033429, 11.9531381 ], [ 79.7917268, 11.9593766 ], [ 79.7847213, 11.9598625 ], [ 79.7834785, 11.9562642 ], [ 79.7808527, 11.9565254 ], [ 79.7794668, 11.9535601 ], [ 79.7767727, 11.9536989 ], [ 79.7750945, 11.9497355 ], [ 79.7732143, 11.949081 ], [ 79.7715251, 11.9438886 ], [ 79.7599437, 11.9435991 ], [ 79.7607017, 11.9320238 ], [ 79.7609915, 11.930695 ], [ 79.7621757, 11.9308176 ], [ 79.762195, 11.928544 ], [ 79.7572562, 11.9281713 ], [ 79.7564402, 11.926042 ], [ 79.7550769, 11.9260098 ], [ 79.7551236, 11.9244097 ], [ 79.7563842, 11.9240805 ], [ 79.7562775, 11.9203875 ], [ 79.7502741, 11.9199056 ], [ 79.7511178, 11.9216914 ], [ 79.7493229, 11.9221606 ], [ 79.7486971, 11.9439872 ], [ 79.7445307, 11.9649554 ], [ 79.7296313, 11.9706697 ], [ 79.7245136, 11.9714347 ], [ 79.7235047, 11.9770494 ], [ 79.7264781, 11.9857583 ], [ 79.7304081, 11.9859378 ], [ 79.7295812, 11.984677 ], [ 79.7322545, 11.9813697 ], [ 79.7356852, 11.9791243 ], [ 79.7419468, 11.9776665 ], [ 79.7481246, 11.9847513 ], [ 79.7519141, 11.9842705 ], [ 79.7555208, 11.9882904 ], [ 79.7604238, 11.989201 ], [ 79.7620702, 11.993125 ], [ 79.7623734, 12.0026897 ], [ 79.7464959, 12.0076781 ], [ 79.7437256, 12.0036385 ], [ 79.7415219, 12.0039421 ], [ 79.7413249, 12.0012201 ], [ 79.7376816, 12.0009504 ], [ 79.7375016, 11.9984826 ], [ 79.7347924, 11.9974666 ], [ 79.7334318, 11.993259 ], [ 79.7205717, 11.9927391 ], [ 79.7158953, 11.9848441 ], [ 79.7145089, 11.9849711 ], [ 79.7146517, 11.9863859 ], [ 79.712425, 11.9865537 ], [ 79.7092679, 11.9758107 ], [ 79.7160242, 11.9710584 ], [ 79.715027, 11.967637 ], [ 79.7108217, 11.9672812 ], [ 79.7102107, 11.9657808 ], [ 79.7026042, 11.9670213 ], [ 79.703678, 11.9654706 ], [ 79.6979706, 11.9604865 ], [ 79.6956898, 11.9639176 ], [ 79.6916609, 11.9513168 ], [ 79.6957594, 11.9477001 ], [ 79.6973096, 11.9417513 ], [ 79.704291, 11.9401722 ], [ 79.7065303, 11.9372698 ], [ 79.7066216, 11.9351726 ], [ 79.7112157, 11.9330695 ], [ 79.7079546, 11.9419296 ], [ 79.7079191, 11.9466574 ], [ 79.7096783, 11.9499565 ], [ 79.7208911, 11.9448998 ], [ 79.7175306, 11.9289861 ], [ 79.7255154, 11.9231573 ], [ 79.7322133, 11.9137129 ], [ 79.7406967, 11.9054381 ], [ 79.7313099, 11.9032087 ], [ 79.7305025, 11.8917282 ], [ 79.7287902, 11.8902056 ], [ 79.7228198, 11.8917173 ], [ 79.7233056, 11.8899228 ], [ 79.7249851, 11.8892939 ], [ 79.7237274, 11.8886072 ], [ 79.7209651, 11.890502 ], [ 79.7188264, 11.8904258 ], [ 79.716895, 11.8927949 ], [ 79.7111942, 11.8907084 ], [ 79.7094325, 11.8930004 ], [ 79.7052793, 11.8939191 ], [ 79.7060609, 11.8993564 ], [ 79.70854, 11.9015751 ], [ 79.7089538, 11.904305 ], [ 79.7066133, 11.9051871 ], [ 79.7066019, 11.9136213 ], [ 79.7179525, 11.9133604 ], [ 79.7186611, 11.9190373 ], [ 79.6962026, 11.9191654 ], [ 79.6956032, 11.9078927 ], [ 79.6977557, 11.9075984 ], [ 79.6979019, 11.9047327 ], [ 79.6976214, 11.9024276 ], [ 79.6957396, 11.90241 ], [ 79.695389, 11.8947894 ], [ 79.6871645, 11.894538 ], [ 79.6868421, 11.8888881 ], [ 79.6826289, 11.8887849 ], [ 79.6828223, 11.8919669 ], [ 79.6738452, 11.8916114 ], [ 79.6740042, 11.8806956 ], [ 79.6850599, 11.880983 ], [ 79.6856067, 11.8848791 ], [ 79.6846799, 11.885851 ], [ 79.6865433, 11.8864655 ], [ 79.696585, 11.8866666 ], [ 79.6968562, 11.8885831 ], [ 79.6996146, 11.8891113 ], [ 79.7100006, 11.8892081 ], [ 79.710716, 11.8875942 ], [ 79.7094486, 11.8849729 ], [ 79.7082647, 11.8690856 ], [ 79.7127108, 11.866648 ], [ 79.7134295, 11.8606679 ], [ 79.7189019, 11.8532851 ], [ 79.7197461, 11.8531131 ], [ 79.7194582, 11.8567473 ], [ 79.7211213, 11.8625007 ], [ 79.7325938, 11.8625601 ], [ 79.7326867, 11.8656156 ], [ 79.739368, 11.8646956 ], [ 79.7419463, 11.8627962 ], [ 79.7435966, 11.8585739 ], [ 79.7440532, 11.8529192 ], [ 79.7424558, 11.8515865 ], [ 79.743106, 11.8483227 ], [ 79.7518869, 11.8483461 ], [ 79.7541021, 11.8510637 ], [ 79.7538703, 11.8659298 ], [ 79.7554939, 11.8678515 ], [ 79.7586831, 11.8684676 ], [ 79.7574268, 11.8760651 ], [ 79.763989, 11.8769674 ], [ 79.7645312, 11.8754535 ], [ 79.7685282, 11.8759252 ], [ 79.7700937, 11.874606 ], [ 79.7692761, 11.865073 ], [ 79.7708792, 11.8613266 ], [ 79.7695038, 11.8582705 ], [ 79.7669113, 11.8576457 ], [ 79.7651332, 11.8519408 ], [ 79.7632013, 11.8518315 ], [ 79.7621704, 11.8483913 ], [ 79.7643323, 11.846869 ], [ 79.7654817, 11.8416805 ], [ 79.7681902, 11.8387979 ], [ 79.7724355, 11.8366209 ], [ 79.7758808, 11.8384121 ], [ 79.776718, 11.8452015 ], [ 79.7801584, 11.8481136 ], [ 79.7822848, 11.8558752 ], [ 79.8006617, 11.8552695 ], [ 79.8026967, 11.8540058 ], [ 79.8030969, 11.8507335 ], [ 79.8051301, 11.8493509 ], [ 79.8052912, 11.847656 ], [ 79.8077419, 11.84673 ], [ 79.8082057, 11.8452566 ], [ 79.8061601, 11.8416717 ], [ 79.8065606, 11.837075 ], [ 79.8078297, 11.8365773 ], [ 79.8070983, 11.8339292 ], [ 79.8022529, 11.8338872 ], [ 79.8004255, 11.8376564 ], [ 79.7982869, 11.8386999 ], [ 79.7981413, 11.8346499 ], [ 79.7938422, 11.8335503 ], [ 79.7936407, 11.8323479 ], [ 79.7986832, 11.8333031 ], [ 79.8007029, 11.8306414 ], [ 79.7975387, 11.8245566 ], [ 79.7950698, 11.8256858 ], [ 79.7962532, 11.8269202 ], [ 79.7958031, 11.8284975 ], [ 79.7923621, 11.8275472 ], [ 79.7873876, 11.8293536 ], [ 79.7864877, 11.830985 ], [ 79.7783796, 11.8317144 ], [ 79.7761881, 11.8286681 ], [ 79.7747054, 11.828644 ], [ 79.7730375, 11.8226679 ], [ 79.7700365, 11.8234442 ], [ 79.7701286, 11.8225945 ], [ 79.7651451, 11.8240806 ], [ 79.764517, 11.8334086 ], [ 79.7507673, 11.8386277 ], [ 79.7486792, 11.8406926 ], [ 79.7396438, 11.8423667 ], [ 79.7367307, 11.8442075 ], [ 79.7382054, 11.8369162 ], [ 79.7294459, 11.8369555 ], [ 79.7323904, 11.8333972 ], [ 79.7316622, 11.8243982 ], [ 79.732754, 11.8238012 ], [ 79.7330089, 11.8181285 ], [ 79.7347932, 11.8168532 ], [ 79.7342921, 11.8143403 ], [ 79.7359202, 11.8124774 ], [ 79.7357218, 11.8093225 ], [ 79.7245226, 11.8104429 ], [ 79.7253, 11.8031473 ], [ 79.7231206, 11.8028542 ], [ 79.7228152, 11.7967922 ], [ 79.7170169, 11.7975542 ], [ 79.7167551, 11.7964604 ], [ 79.7139106, 11.7962985 ], [ 79.7123584, 11.7915077 ], [ 79.7198804, 11.784947 ], [ 79.7218629, 11.7868629 ], [ 79.7261785, 11.7825178 ], [ 79.7319033, 11.780762 ], [ 79.7402712, 11.7808945 ], [ 79.7497832, 11.7760885 ], [ 79.7551006, 11.7752321 ], [ 79.7583626, 11.7849425 ], [ 79.7609629, 11.786937 ], [ 79.7619981, 11.7907885 ], [ 79.765911, 11.7918252 ], [ 79.7688202, 11.790728 ], [ 79.7688621, 11.7891234 ], [ 79.770665, 11.7895128 ], [ 79.7702224, 11.7834242 ], [ 79.7719387, 11.7821819 ], [ 79.7804859, 11.7811093 ], [ 79.7812417, 11.7843007 ], [ 79.7844337, 11.7873392 ], [ 79.7958644, 11.7857206 ], [ 79.7937251, 11.7691763 ], [ 79.7898489, 11.7547201 ], [ 79.7865716, 11.7336589 ], [ 79.772993, 11.6856045 ], [ 79.7606512, 11.6243728 ], [ 79.7573553, 11.5952651 ], [ 79.7570354, 11.5561485 ], [ 79.759595, 11.5398887 ], [ 79.7628951, 11.5295272 ], [ 79.7705261, 11.5097754 ], [ 79.7735909, 11.5069941 ], [ 79.7740114, 11.504657 ], [ 79.7718946, 11.5058875 ], [ 79.7673795, 11.5138902 ], [ 79.7679325, 11.5106806 ], [ 79.7711568, 11.5061229 ], [ 79.7727304, 11.5010678 ], [ 79.7742722, 11.503685 ], [ 79.774637, 11.5009473 ], [ 79.7782446, 11.501518 ], [ 79.7772112, 11.5061516 ], [ 79.7707022, 11.5137078 ], [ 79.7786413, 11.5064266 ], [ 79.7792299, 11.5014949 ], [ 79.7756224, 11.4940228 ], [ 79.7770681, 11.488554 ], [ 79.7908958, 11.4706771 ], [ 79.7920524, 11.4648556 ], [ 79.7938449, 11.4623249 ], [ 79.7980664, 11.4585653 ], [ 79.7950122, 11.4662261 ], [ 79.7976754, 11.4637453 ], [ 79.8030625, 11.453798 ], [ 79.8111697, 11.4310277 ], [ 79.8184357, 11.3941452 ], [ 79.8230936, 11.3785019 ], [ 79.8316495, 11.3611507 ], [ 79.8321863, 11.3564815 ], [ 79.8409452, 11.3528486 ], [ 79.8425991, 11.3507425 ], [ 79.835699, 11.3328643 ], [ 79.8342947, 11.3217354 ], [ 79.8374463, 11.2895207 ], [ 79.8439037, 11.2538348 ], [ 79.8484943, 11.2361914 ], [ 79.8532732, 11.2045732 ], [ 79.8566229, 11.1713545 ], [ 79.8584345, 11.129267 ], [ 79.8556549, 11.0426365 ], [ 79.8570336, 11.0260247 ], [ 79.8550353, 11.012839 ], [ 79.8538164, 10.9832214 ], [ 79.8519464, 10.9838443 ], [ 79.850672, 10.9873854 ], [ 79.8515332, 10.9939303 ], [ 79.8394416, 10.9958417 ], [ 79.8401311, 11.0015957 ], [ 79.8319511, 11.0028207 ], [ 79.8289857, 11.0017908 ], [ 79.8279302, 10.9981359 ], [ 79.8257903, 10.9983127 ], [ 79.8229984, 11.0007621 ], [ 79.8206815, 10.9981606 ], [ 79.815496, 11.0038676 ], [ 79.8141214, 11.0031214 ], [ 79.8148896, 11.0014697 ], [ 79.8131744, 10.9991497 ], [ 79.8081495, 10.9998838 ], [ 79.8042744, 10.9976383 ], [ 79.8032538, 10.9951987 ], [ 79.8062739, 10.99295 ], [ 79.8057063, 10.9918853 ], [ 79.8051123, 10.9927962 ], [ 79.8038292, 10.9921039 ], [ 79.8040697, 10.9869688 ], [ 79.8029793, 10.9884203 ], [ 79.8018413, 10.9880857 ], [ 79.7990818, 10.9859046 ], [ 79.799474, 10.9828453 ], [ 79.797787, 10.9824949 ], [ 79.7939272, 10.9830899 ], [ 79.7864098, 10.9896065 ], [ 79.7861533, 10.9907945 ], [ 79.7890434, 10.9912447 ], [ 79.7865478, 10.9972388 ], [ 79.7835574, 10.9966842 ], [ 79.7835926, 10.9947809 ], [ 79.778944, 10.9968645 ], [ 79.7798657, 10.9986044 ], [ 79.7666877, 10.9973347 ], [ 79.7632666, 10.9991019 ], [ 79.7621452, 11.0013534 ], [ 79.7600683, 10.9990165 ], [ 79.7592491, 11.0014343 ], [ 79.7564565, 11.003681 ], [ 79.7539217, 11.0025357 ], [ 79.7487038, 11.0032658 ], [ 79.7468013, 11.0025754 ], [ 79.7485875, 10.9978977 ], [ 79.7477393, 10.9885626 ], [ 79.7526102, 10.9880176 ], [ 79.752902, 10.9828693 ], [ 79.7585641, 10.9834894 ], [ 79.758447, 10.9797997 ], [ 79.7557073, 10.9795081 ], [ 79.7555949, 10.9779704 ], [ 79.7526949, 10.9777461 ], [ 79.7528449, 10.9768877 ], [ 79.7547922, 10.9751731 ], [ 79.7547786, 10.9718818 ], [ 79.7567418, 10.9729071 ], [ 79.7594489, 10.9721903 ], [ 79.760578, 10.9680942 ], [ 79.7628036, 10.96653 ], [ 79.7616982, 10.9650019 ], [ 79.7639621, 10.9597621 ], [ 79.7588662, 10.9605913 ], [ 79.7557595, 10.9584084 ], [ 79.7493813, 10.9584591 ], [ 79.7461045, 10.9562888 ], [ 79.7453737, 10.9593445 ], [ 79.7463822, 10.9650981 ], [ 79.7418494, 10.9664327 ], [ 79.7395204, 10.9645529 ], [ 79.7389587, 10.9672876 ], [ 79.7355325, 10.9675009 ], [ 79.7347738, 10.9693949 ], [ 79.7311968, 10.9705166 ], [ 79.730117, 10.9694908 ], [ 79.7236625, 10.9697588 ], [ 79.7220061, 10.9682404 ], [ 79.7217639, 10.9691715 ], [ 79.7196915, 10.9685074 ], [ 79.7210262, 10.9650539 ], [ 79.72048, 10.9579803 ], [ 79.7191852, 10.9571805 ], [ 79.7215131, 10.955702 ], [ 79.7214578, 10.9541653 ], [ 79.7197425, 10.9544458 ], [ 79.7208533, 10.9518738 ], [ 79.7299511, 10.9508912 ], [ 79.7326867, 10.9514285 ], [ 79.7335805, 10.957241 ], [ 79.7367048, 10.9574256 ], [ 79.7371777, 10.9490635 ], [ 79.7321778, 10.9478081 ], [ 79.7308822, 10.9444093 ], [ 79.7257452, 10.9433211 ], [ 79.724066, 10.9413416 ], [ 79.725493, 10.9411786 ], [ 79.7252909, 10.9384034 ], [ 79.7274314, 10.9379374 ], [ 79.7233829, 10.9361845 ], [ 79.7233049, 10.935181 ], [ 79.7249976, 10.9363378 ], [ 79.7296036, 10.9362872 ], [ 79.7295892, 10.9341493 ], [ 79.7272339, 10.9352707 ], [ 79.7259026, 10.9342901 ], [ 79.7250824, 10.9291601 ], [ 79.7304196, 10.9274867 ], [ 79.7332099, 10.9284217 ], [ 79.7359997, 10.9276075 ], [ 79.7355597, 10.9248594 ], [ 79.7383726, 10.9248588 ], [ 79.7375405, 10.9258398 ], [ 79.7395166, 10.9264902 ], [ 79.7388112, 10.9234575 ], [ 79.7397812, 10.9246957 ], [ 79.7431202, 10.925043 ], [ 79.7437996, 10.9191623 ], [ 79.742107, 10.9181909 ], [ 79.74336, 10.9175804 ], [ 79.7455789, 10.9194737 ], [ 79.7451158, 10.9161336 ], [ 79.7435104, 10.9160707 ], [ 79.7433773, 10.9148323 ], [ 79.7537682, 10.9140439 ], [ 79.7543995, 10.9162166 ], [ 79.758968, 10.916606 ], [ 79.7630199, 10.9136069 ], [ 79.7575681, 10.9078564 ], [ 79.7594962, 10.9018603 ], [ 79.7592713, 10.9009325 ], [ 79.7578903, 10.901908 ], [ 79.7570301, 10.8964746 ], [ 79.7580011, 10.8983684 ], [ 79.7598302, 10.8985341 ], [ 79.7602887, 10.9004801 ], [ 79.7617531, 10.8992426 ], [ 79.7625121, 10.9004257 ], [ 79.7609467, 10.9006545 ], [ 79.7613676, 10.9017549 ], [ 79.7635717, 10.8997383 ], [ 79.7558623, 10.8946027 ], [ 79.7562905, 10.8917561 ], [ 79.7578698, 10.8914732 ], [ 79.7583585, 10.8927456 ], [ 79.7679475, 10.8924634 ], [ 79.7678516, 10.8935482 ], [ 79.765291, 10.8943742 ], [ 79.7651505, 10.896277 ], [ 79.7770017, 10.8965644 ], [ 79.7767, 10.9054065 ], [ 79.7792439, 10.905272 ], [ 79.7770681, 10.9071215 ], [ 79.7774219, 10.9089494 ], [ 79.7799111, 10.9088147 ], [ 79.7821266, 10.906242 ], [ 79.7893271, 10.9084408 ], [ 79.7954071, 10.9027366 ], [ 79.7947005, 10.9021144 ], [ 79.7913638, 10.9048365 ], [ 79.792, 10.9002365 ], [ 79.7938635, 10.8986931 ], [ 79.7924467, 10.8983981 ], [ 79.7912672, 10.8959611 ], [ 79.7895258, 10.8967363 ], [ 79.7878474, 10.895509 ], [ 79.7825601, 10.8953252 ], [ 79.7821135, 10.890427 ], [ 79.7836585, 10.8884755 ], [ 79.7899635, 10.8903407 ], [ 79.7903567, 10.8948769 ], [ 79.7952813, 10.89085 ], [ 79.7946909, 10.8875381 ], [ 79.7997875, 10.8873502 ], [ 79.8010848, 10.8900906 ], [ 79.8043332, 10.8910573 ], [ 79.807115, 10.8874965 ], [ 79.8113516, 10.8884399 ], [ 79.8232752, 10.8842677 ], [ 79.8285833, 10.8837818 ], [ 79.82807, 10.8817046 ], [ 79.8245478, 10.8805607 ], [ 79.8210133, 10.8813564 ], [ 79.8193081, 10.8799573 ], [ 79.8113016, 10.8803377 ], [ 79.8111102, 10.8755716 ], [ 79.8224091, 10.8742409 ], [ 79.8233222, 10.8700487 ], [ 79.8248082, 10.8690326 ], [ 79.8249071, 10.8648283 ], [ 79.8179738, 10.8634497 ], [ 79.8117042, 10.8596548 ], [ 79.8096586, 10.8656645 ], [ 79.8074914, 10.8654436 ], [ 79.8079404, 10.8556101 ], [ 79.8137607, 10.8499596 ], [ 79.8194333, 10.849135 ], [ 79.8192563, 10.8473776 ], [ 79.8210816, 10.8455592 ], [ 79.8252656, 10.8469377 ], [ 79.8280894, 10.8496715 ], [ 79.8310698, 10.8273827 ], [ 79.8524966, 10.8272092 ], [ 79.8491224, 10.8248041 ], [ 79.8508192, 10.8211293 ], [ 79.8505518, 10.7546263 ], [ 79.8524672, 10.7310781 ], [ 79.8532973, 10.6794172 ], [ 79.8500845, 10.6803669 ], [ 79.8470044, 10.6780249 ], [ 79.8410176, 10.6762974 ], [ 79.8533362, 10.6764802 ], [ 79.8535594, 10.6167431 ], [ 79.8571858, 10.5738598 ], [ 79.8546706, 10.5763932 ], [ 79.8527865, 10.5756755 ], [ 79.8568368, 10.5718052 ], [ 79.8580504, 10.5677878 ], [ 79.8589379, 10.55184 ], [ 79.8578465, 10.5474913 ], [ 79.8613851, 10.5062701 ], [ 79.8610988, 10.4897647 ], [ 79.8626392, 10.4730076 ], [ 79.8623926, 10.4717012 ], [ 79.8585013, 10.4722886 ], [ 79.8628859, 10.4702457 ], [ 79.8640468, 10.4560109 ], [ 79.8628548, 10.4574032 ], [ 79.8642662, 10.4546096 ], [ 79.8668164, 10.4170541 ], [ 79.8656795, 10.4150741 ], [ 79.8664378, 10.4095411 ], [ 79.8654474, 10.4013365 ], [ 79.8668631, 10.3975982 ], [ 79.8678228, 10.3801403 ], [ 79.8711932, 10.3607297 ], [ 79.8743392, 10.3461875 ], [ 79.8794618, 10.3315911 ], [ 79.8797677, 10.3252986 ], [ 79.8813974, 10.3238702 ], [ 79.8804435, 10.3046853 ], [ 79.8770291, 10.2976108 ], [ 79.8748472, 10.299446 ], [ 79.8764266, 10.2960241 ], [ 79.8736469, 10.2917748 ], [ 79.8684754, 10.2867433 ], [ 79.860319, 10.2824077 ], [ 79.816757, 10.275838 ], [ 79.8191983, 10.2792695 ], [ 79.8133173, 10.2887433 ], [ 79.8146833, 10.2828941 ], [ 79.8100592, 10.2845068 ], [ 79.8141313, 10.2811355 ], [ 79.8159077, 10.2776506 ], [ 79.8139272, 10.2756159 ], [ 79.8021332, 10.2741622 ], [ 79.8029177, 10.2766396 ], [ 79.8018582, 10.2785018 ], [ 79.8012157, 10.2747541 ], [ 79.7996913, 10.273931 ], [ 79.7800925, 10.2724698 ], [ 79.7835243, 10.2742745 ], [ 79.7835093, 10.278465 ], [ 79.7874613, 10.2812915 ], [ 79.7860118, 10.2897262 ], [ 79.7831171, 10.2918906 ], [ 79.7833851, 10.2960586 ], [ 79.7809853, 10.2923782 ], [ 79.7796115, 10.292102 ], [ 79.7775428, 10.2948498 ], [ 79.7670827, 10.3017037 ], [ 79.760055, 10.3082106 ], [ 79.7611271, 10.3100147 ], [ 79.7642134, 10.3085963 ], [ 79.7622221, 10.311552 ], [ 79.7627053, 10.3131389 ], [ 79.7581315, 10.312554 ], [ 79.7521192, 10.3132704 ], [ 79.7518174, 10.3146987 ], [ 79.7487225, 10.3143765 ], [ 79.7487328, 10.3007202 ], [ 79.7510518, 10.3005087 ], [ 79.751934, 10.2975888 ], [ 79.7559935, 10.2937526 ], [ 79.7609375, 10.2926063 ], [ 79.7678908, 10.2886309 ], [ 79.7703001, 10.2910818 ], [ 79.7728561, 10.2913358 ], [ 79.7745556, 10.2869923 ], [ 79.777537, 10.2846155 ], [ 79.7777353, 10.2784993 ], [ 79.7792838, 10.2749332 ], [ 79.7782529, 10.2729077 ], [ 79.7676641, 10.2718057 ], [ 79.750561, 10.2734084 ], [ 79.7526542, 10.2775907 ], [ 79.7499123, 10.2747914 ], [ 79.7469887, 10.2745754 ], [ 79.741659, 10.275418 ], [ 79.7406131, 10.2766745 ], [ 79.730819, 10.2764123 ], [ 79.7128588, 10.2791566 ], [ 79.6726931, 10.2891678 ], [ 79.6553798, 10.2898883 ], [ 79.6433568, 10.2942602 ], [ 79.5955276, 10.3024402 ], [ 79.5497423, 10.3059305 ], [ 79.5307425, 10.3091662 ], [ 79.5320747, 10.3114811 ], [ 79.5383829, 10.3129522 ], [ 79.5492233, 10.3178056 ], [ 79.5441304, 10.3248853 ], [ 79.5335959, 10.3224617 ], [ 79.5263842, 10.3194443 ], [ 79.5247916, 10.3175949 ], [ 79.5129243, 10.3131381 ], [ 79.5031912, 10.3149696 ], [ 79.4320226, 10.3176372 ], [ 79.4032106, 10.3172017 ], [ 79.3959, 10.3186352 ], [ 79.3880665, 10.3175188 ], [ 79.3791583, 10.3134821 ], [ 79.3732169, 10.3079444 ], [ 79.3603362, 10.2912271 ], [ 79.3527976, 10.288915 ], [ 79.3381919, 10.2874957 ], [ 79.329257, 10.2843614 ], [ 79.3191636, 10.2775403 ], [ 79.3155476, 10.2736498 ], [ 79.2984614, 10.2632985 ], [ 79.2846754, 10.2514864 ], [ 79.2682722, 10.2328087 ], [ 79.2671572, 10.2286685 ], [ 79.2691413, 10.2279263 ], [ 79.2713524, 10.2247926 ], [ 79.2767343, 10.2223221 ], [ 79.2764796, 10.2239089 ], [ 79.2779796, 10.2220639 ], [ 79.2786926, 10.2154547 ], [ 79.2773504, 10.2132945 ], [ 79.2697703, 10.206481 ], [ 79.265077, 10.197433 ], [ 79.2638191, 10.1999514 ], [ 79.2628744, 10.199007 ], [ 79.2638042, 10.1972662 ], [ 79.2599756, 10.1937237 ], [ 79.2573541, 10.1969885 ], [ 79.2568199, 10.1955873 ], [ 79.251779, 10.1946716 ], [ 79.2470835, 10.1919113 ], [ 79.2415367, 10.1848704 ], [ 79.2390147, 10.1757987 ], [ 79.2361066, 10.1715956 ], [ 79.2386598, 10.1654287 ], [ 79.2387994, 10.1598639 ], [ 79.2312559, 10.1532632 ], [ 79.2281885, 10.1522865 ], [ 79.2256726, 10.1458274 ], [ 79.2269876, 10.133599 ], [ 79.2333912, 10.1271055 ], [ 79.2303976, 10.1247241 ], [ 79.2306697, 10.1192677 ], [ 79.2271704, 10.1191196 ], [ 79.2302953, 10.1183276 ], [ 79.2272685, 10.1112674 ], [ 79.2293523, 10.107465 ], [ 79.2271768, 10.1093372 ], [ 79.2284624, 10.1064662 ], [ 79.2231247, 10.1060067 ], [ 79.2198874, 10.1126302 ], [ 79.2194815, 10.1130552 ], [ 79.2191027, 10.1125988 ], [ 79.2199871, 10.1101032 ], [ 79.2190972, 10.1091315 ], [ 79.2204204, 10.1097052 ], [ 79.2217841, 10.1084436 ], [ 79.2226091, 10.1055186 ], [ 79.228932, 10.1053676 ], [ 79.2259701, 10.1013859 ], [ 79.2259787, 10.0992883 ], [ 79.2314391, 10.0829811 ], [ 79.2303995, 10.0846133 ], [ 79.2274982, 10.0844153 ], [ 79.2232321, 10.0812204 ], [ 79.2275802, 10.0837959 ], [ 79.2302987, 10.0829498 ], [ 79.2291656, 10.0766033 ], [ 79.2271485, 10.0735841 ], [ 79.2293845, 10.0763094 ], [ 79.2316852, 10.0819639 ], [ 79.2330301, 10.0792828 ], [ 79.2322268, 10.0776963 ], [ 79.2341746, 10.0775692 ], [ 79.2366093, 10.0737395 ], [ 79.2341132, 10.070594 ], [ 79.2370975, 10.073988 ], [ 79.2383099, 10.070769 ], [ 79.2414486, 10.0719117 ], [ 79.2480671, 10.0708743 ], [ 79.2502731, 10.0674379 ], [ 79.2466555, 10.0647268 ], [ 79.2382123, 10.0647205 ], [ 79.2384716, 10.062519 ], [ 79.2441416, 10.0629647 ], [ 79.2452575, 10.0578832 ], [ 79.2392867, 10.0577993 ], [ 79.2434419, 10.0571244 ], [ 79.2447822, 10.0549269 ], [ 79.2455669, 10.0554691 ], [ 79.2444956, 10.0572325 ], [ 79.2455856, 10.0568931 ], [ 79.2483024, 10.051445 ], [ 79.2550895, 10.0454305 ], [ 79.2517838, 10.0450337 ], [ 79.2496086, 10.0438094 ], [ 79.251063, 10.0435919 ], [ 79.250529, 10.0421184 ], [ 79.25146, 10.0445773 ], [ 79.2556457, 10.0450913 ], [ 79.2661118, 10.0392336 ], [ 79.2444086, 10.0272162 ], [ 79.216582, 9.9975466 ], [ 79.214877, 10.0000514 ], [ 79.2162123, 9.9967103 ], [ 79.2052647, 9.9847651 ], [ 79.1984631, 9.9732888 ], [ 79.1811051, 9.9579355 ], [ 79.1689286, 9.9436701 ], [ 79.1551986, 9.9315201 ], [ 79.1528138, 9.9282338 ], [ 79.153078, 9.9234419 ], [ 79.1505063, 9.9196358 ], [ 79.1449165, 9.9187138 ], [ 79.1452723, 9.9242289 ], [ 79.1437082, 9.9187048 ], [ 79.1388708, 9.9208612 ], [ 79.1470134, 9.9114356 ], [ 79.1399055, 9.9046776 ], [ 79.1392535, 9.9074713 ], [ 79.1366822, 9.9096367 ], [ 79.1396775, 9.9044245 ], [ 79.1351035, 9.9003693 ], [ 79.133436, 9.9037284 ], [ 79.1346487, 9.8997367 ], [ 79.1314574, 9.8970695 ], [ 79.1281246, 9.90277 ], [ 79.1268617, 9.9037238 ], [ 79.1255031, 9.9037057 ], [ 79.1278329, 9.9024173 ], [ 79.1298481, 9.8958354 ], [ 79.1259411, 9.8907768 ], [ 79.1240356, 9.883562 ], [ 79.1184462, 9.8906545 ], [ 79.1171423, 9.8911246 ], [ 79.1146486, 9.8898678 ], [ 79.1112657, 9.8928376 ], [ 79.1143842, 9.8892394 ], [ 79.1170603, 9.8903561 ], [ 79.118583, 9.8895786 ], [ 79.1215831, 9.8805105 ], [ 79.1197232, 9.8776444 ], [ 79.1177446, 9.8801623 ], [ 79.1158254, 9.8795474 ], [ 79.1186017, 9.878449 ], [ 79.1174532, 9.87231 ], [ 79.1148091, 9.873431 ], [ 79.1174077, 9.8711211 ], [ 79.116779, 9.8627716 ], [ 79.1129545, 9.8602308 ], [ 79.1191404, 9.8611578 ], [ 79.1222038, 9.860299 ], [ 79.1208318, 9.8553082 ], [ 79.119314, 9.8527767 ], [ 79.1138118, 9.8556424 ], [ 79.111309, 9.858757 ], [ 79.1101831, 9.8578437 ], [ 79.1163556, 9.8513932 ], [ 79.1169346, 9.8504259 ], [ 79.1154577, 9.8490741 ], [ 79.112057, 9.8513026 ], [ 79.1079544, 9.851786 ], [ 79.1057981, 9.8538427 ], [ 79.1065505, 9.850927 ], [ 79.1091308, 9.8481877 ], [ 79.1086799, 9.8422567 ], [ 79.1053071, 9.8389112 ], [ 79.1027179, 9.8403214 ], [ 79.100256, 9.844254 ], [ 79.0988202, 9.8433227 ], [ 79.1025448, 9.8386487 ], [ 79.1048194, 9.8379437 ], [ 79.0992223, 9.8342499 ], [ 79.0949691, 9.838223 ], [ 79.0987118, 9.8338385 ], [ 79.0942453, 9.8300407 ], [ 79.0896638, 9.834077 ], [ 79.0849551, 9.8346505 ], [ 79.0889619, 9.8334169 ], [ 79.0939035, 9.8293625 ], [ 79.0826744, 9.8155461 ], [ 79.0790069, 9.8057585 ], [ 79.0784791, 9.7999766 ], [ 79.0773625, 9.8000442 ], [ 79.0766993, 9.8135787 ], [ 79.0758244, 9.8122088 ], [ 79.0769614, 9.7997096 ], [ 79.0706591, 9.7942702 ], [ 79.0612049, 9.7809009 ], [ 79.0586182, 9.7724514 ], [ 79.0412291, 9.7662494 ], [ 79.0373747, 9.7628126 ], [ 79.0323139, 9.7553025 ], [ 79.0312918, 9.7593526 ], [ 79.0298739, 9.7614633 ], [ 79.0318219, 9.754796 ], [ 79.0268886, 9.7482713 ], [ 79.0253517, 9.7517923 ], [ 79.0223756, 9.7528176 ], [ 79.0249645, 9.7513854 ], [ 79.0262052, 9.7476743 ], [ 79.020707, 9.741407 ], [ 79.0159118, 9.732319 ], [ 79.0150989, 9.7374586 ], [ 79.0159728, 9.7403928 ], [ 79.0131504, 9.7448401 ], [ 79.0154897, 9.7403203 ], [ 79.0145933, 9.7368889 ], [ 79.0150007, 9.7314914 ], [ 79.0079083, 9.7247622 ], [ 79.0044932, 9.7186039 ], [ 79.0044955, 9.7242908 ], [ 79.0038527, 9.7250907 ], [ 79.0032329, 9.7253255 ], [ 79.0041904, 9.7239833 ], [ 79.0040377, 9.71812 ], [ 79.0004075, 9.7143936 ], [ 78.9999506, 9.717698 ], [ 78.999121, 9.7184165 ], [ 78.9985468, 9.7165486 ], [ 79.0001912, 9.7148619 ], [ 78.990268, 9.7036495 ], [ 78.9894783, 9.699215 ], [ 78.9803629, 9.6895572 ], [ 78.974336, 9.6761009 ], [ 78.9710002, 9.6557047 ], [ 78.9660552, 9.6474649 ], [ 78.9639762, 9.6405578 ], [ 78.959266, 9.6417162 ], [ 78.9581899, 9.637024 ], [ 78.9598148, 9.6309343 ], [ 78.9574823, 9.6304285 ], [ 78.9574455, 9.6285751 ], [ 78.9542923, 9.6243399 ], [ 78.9449528, 9.6186638 ], [ 78.9336403, 9.6061751 ], [ 78.934191, 9.6031868 ], [ 78.9292887, 9.5952854 ], [ 78.9289647, 9.5904664 ], [ 78.9251516, 9.5850015 ], [ 78.9254105, 9.5792105 ], [ 78.9216878, 9.5662954 ], [ 78.9216325, 9.5605451 ], [ 78.9201385, 9.5592253 ], [ 78.9177544, 9.5376936 ], [ 78.9202034, 9.5271737 ], [ 78.9169829, 9.5191725 ], [ 78.9177887, 9.5169844 ], [ 78.9132202, 9.5055114 ], [ 78.9152264, 9.4990312 ], [ 78.9127899, 9.4957584 ], [ 78.9097983, 9.4985117 ], [ 78.9042108, 9.4968078 ], [ 78.8983409, 9.489896 ], [ 78.8985452, 9.4757644 ], [ 78.9030068, 9.4624869 ], [ 78.9236285, 9.425646 ], [ 78.9384763, 9.4058841 ], [ 78.9799915, 9.3617894 ], [ 78.9966469, 9.3479602 ], [ 79.0090291, 9.3357825 ], [ 79.03679, 9.3151767 ], [ 79.0692578, 9.2957495 ], [ 79.0729215, 9.2947239 ], [ 79.0789514, 9.2958189 ], [ 79.0866382, 9.2952369 ], [ 79.105375, 9.2909894 ], [ 79.1219736, 9.2913057 ], [ 79.1321393, 9.2880379 ], [ 79.1358783, 9.2909481 ], [ 79.139803, 9.2918765 ], [ 79.1607823, 9.2843304 ], [ 79.1726192, 9.2847272 ], [ 79.1841281, 9.282809 ], [ 79.2111867, 9.2832658 ], [ 79.214582, 9.284671 ], [ 79.2211143, 9.2913377 ], [ 79.2419626, 9.2927018 ], [ 79.2527675, 9.2913924 ], [ 79.2659284, 9.2927442 ], [ 79.271252, 9.2962811 ], [ 79.2732251, 9.3025565 ], [ 79.2815097, 9.3127486 ], [ 79.2892364, 9.3176828 ], [ 79.2907241, 9.3198713 ], [ 79.3005134, 9.3223827 ], [ 79.3099154, 9.3276468 ], [ 79.3149084, 9.3270963 ], [ 79.329342, 9.3200962 ], [ 79.3341627, 9.3141748 ], [ 79.3350463, 9.3093287 ], [ 79.3317976, 9.3035191 ], [ 79.3271379, 9.2995673 ], [ 79.3271204, 9.2953449 ], [ 79.319267, 9.2867181 ], [ 79.3159906, 9.2855149 ], [ 79.3147172, 9.2811883 ], [ 79.3151682, 9.2785076 ], [ 79.3240038, 9.2635773 ], [ 79.3346447, 9.2520827 ], [ 79.3586861, 9.2328403 ], [ 79.3736021, 9.218203 ], [ 79.388708, 9.2083885 ], [ 79.4147087, 9.1859417 ], [ 79.4164376, 9.1870989 ], [ 79.4152545, 9.1851234 ], [ 79.4255902, 9.1761984 ], [ 79.4309256, 9.1682005 ], [ 79.435843, 9.1641719 ], [ 79.4360105, 9.1584802 ], [ 79.435055, 9.157983 ], [ 79.4346506, 9.1614822 ], [ 79.4286508, 9.1675137 ], [ 79.4163503, 9.1772436 ], [ 79.3354488, 9.2282495 ], [ 79.2993936, 9.2467642 ], [ 79.2729213, 9.2555317 ], [ 79.2529612, 9.2597835 ], [ 79.2296199, 9.2597486 ], [ 79.2240635, 9.2590945 ], [ 79.2209078, 9.2576866 ], [ 79.220014, 9.257591 ], [ 79.221538, 9.2589844 ], [ 79.2215216, 9.2659216 ], [ 79.2184694, 9.2707551 ], [ 79.2072529, 9.2749709 ], [ 79.2057785, 9.2751385 ], [ 79.2065517, 9.2730678 ], [ 79.2050273, 9.2734795 ], [ 79.2049873, 9.2776794 ], [ 79.2091981, 9.2824032 ], [ 79.1777795, 9.2815666 ], [ 79.1527042, 9.2778934 ], [ 79.1546518, 9.276085 ], [ 79.1462239, 9.2770709 ], [ 79.1411179, 9.274761 ], [ 79.1403077, 9.2731475 ], [ 79.1270789, 9.2719401 ], [ 79.1080529, 9.265488 ], [ 79.0901602, 9.2616454 ], [ 79.0807214, 9.261206 ], [ 79.073717, 9.2624022 ], [ 79.0691777, 9.2610891 ], [ 79.0628932, 9.2615354 ], [ 79.0575868, 9.26365 ], [ 79.0521534, 9.2634364 ], [ 79.0149042, 9.2706586 ], [ 78.9789257, 9.2748518 ], [ 78.9489904, 9.2724851 ], [ 78.9265229, 9.2677146 ], [ 78.9220176, 9.2657712 ], [ 78.9161527, 9.2587817 ], [ 78.8956963, 9.2515372 ], [ 78.8748824, 9.2572606 ], [ 78.8723113, 9.2569983 ], [ 78.8677428, 9.2539783 ], [ 78.861099, 9.2554019 ], [ 78.856112, 9.2517443 ], [ 78.8498187, 9.2515358 ], [ 78.8226557, 9.2393558 ], [ 78.8148456, 9.2372115 ], [ 78.8055904, 9.2366626 ], [ 78.7988022, 9.2336638 ], [ 78.7943439, 9.2299557 ], [ 78.7642702, 9.2213847 ], [ 78.7544624, 9.2154998 ], [ 78.7457121, 9.2148512 ], [ 78.7411751, 9.2124927 ], [ 78.7326028, 9.2118894 ], [ 78.721959, 9.2056173 ], [ 78.7165343, 9.200031 ], [ 78.7160241, 9.1975763 ], [ 78.7190257, 9.192101 ], [ 78.7172552, 9.1895427 ], [ 78.7036111, 9.1910917 ], [ 78.6852902, 9.1956019 ], [ 78.6788661, 9.1960142 ], [ 78.6638018, 9.1936152 ], [ 78.649306, 9.1852256 ], [ 78.650034, 9.1877572 ], [ 78.6489922, 9.1874407 ], [ 78.6441102, 9.1804067 ], [ 78.6422084, 9.1746789 ], [ 78.6432592, 9.1678842 ], [ 78.6462253, 9.1664284 ], [ 78.6512747, 9.1593577 ], [ 78.6547821, 9.1581369 ], [ 78.6572297, 9.1588194 ], [ 78.6570749, 9.1576938 ], [ 78.6249392, 9.1536302 ], [ 78.6142715, 9.1510258 ], [ 78.6015933, 9.146572 ], [ 78.5890159, 9.1399839 ], [ 78.5782498, 9.1309997 ], [ 78.5610674, 9.1365074 ], [ 78.5509411, 9.138092 ], [ 78.5321582, 9.1382138 ], [ 78.5027323, 9.1338735 ], [ 78.4881566, 9.1289652 ], [ 78.467277, 9.1278177 ], [ 78.4542713, 9.1252708 ], [ 78.4138312, 9.1139473 ], [ 78.4032643, 9.108071 ], [ 78.3764324, 9.0884603 ], [ 78.355689, 9.0680253 ], [ 78.2720847, 9.0042379 ], [ 78.2398151, 8.984658 ], [ 78.2150444, 8.9660379 ], [ 78.206671, 8.9524137 ], [ 78.198404, 8.9434497 ], [ 78.186642, 8.9235909 ], [ 78.1800172, 8.906105 ], [ 78.1807886, 8.8954235 ], [ 78.179981, 8.892688 ], [ 78.1762037, 8.8913816 ], [ 78.1716384, 8.8858723 ], [ 78.1669276, 8.8728872 ], [ 78.1657898, 8.8657262 ], [ 78.166695, 8.842388 ], [ 78.1647732, 8.8327814 ], [ 78.1654635, 8.828337 ], [ 78.1680243, 8.8258554 ], [ 78.16326, 8.8156298 ], [ 78.1637773, 8.812336 ], [ 78.1665764, 8.8117436 ], [ 78.163028, 8.8092354 ], [ 78.1612386, 8.8051259 ], [ 78.1640049, 8.8030139 ], [ 78.1634866, 8.8023786 ], [ 78.1596714, 8.8041625 ], [ 78.1580808, 8.7969649 ], [ 78.1601357, 8.7968869 ], [ 78.160391, 8.7934852 ], [ 78.1615576, 8.7928718 ], [ 78.161017, 8.797946 ], [ 78.1618635, 8.7976428 ], [ 78.1624589, 8.7924121 ], [ 78.1610969, 8.7918705 ], [ 78.1638872, 8.7838921 ], [ 78.1632651, 8.7831508 ], [ 78.1615294, 8.7870045 ], [ 78.1600299, 8.7843163 ], [ 78.1601447, 8.7801768 ], [ 78.1616557, 8.7779592 ], [ 78.162786, 8.7795302 ], [ 78.1645494, 8.7775626 ], [ 78.1688788, 8.7766759 ], [ 78.1701556, 8.7746627 ], [ 78.1685914, 8.7714735 ], [ 78.1696843, 8.77044 ], [ 78.1774724, 8.7687598 ], [ 78.1789999, 8.7666843 ], [ 78.1803648, 8.7687549 ], [ 78.1813275, 8.7684639 ], [ 78.1824609, 8.7660383 ], [ 78.1870555, 8.76414 ], [ 78.189593, 8.7638101 ], [ 78.1950924, 8.7670103 ], [ 78.1968129, 8.7707614 ], [ 78.1955079, 8.7704302 ], [ 78.1964077, 8.7735624 ], [ 78.1971851, 8.7719738 ], [ 78.1984308, 8.7754765 ], [ 78.1965683, 8.7788389 ], [ 78.1971218, 8.7740322 ], [ 78.1954561, 8.7749174 ], [ 78.1943462, 8.7851617 ], [ 78.1924818, 8.7868142 ], [ 78.1974585, 8.7888159 ], [ 78.1991345, 8.7874753 ], [ 78.1985174, 8.7740578 ], [ 78.1999846, 8.7725575 ], [ 78.1982391, 8.7715631 ], [ 78.1974183, 8.7624221 ], [ 78.1982527, 8.7610801 ], [ 78.1968398, 8.7609356 ], [ 78.1974899, 8.7594428 ], [ 78.195404, 8.7572732 ], [ 78.1961971, 8.7531965 ], [ 78.1928563, 8.7512107 ], [ 78.191577, 8.7479201 ], [ 78.1877738, 8.7500726 ], [ 78.1810984, 8.7503357 ], [ 78.1734866, 8.7475155 ], [ 78.1629938, 8.7413455 ], [ 78.1555405, 8.7248539 ], [ 78.1537362, 8.7168972 ], [ 78.1546311, 8.7134025 ], [ 78.1506688, 8.7079958 ], [ 78.1410769, 8.7000529 ], [ 78.1364016, 8.694108 ], [ 78.1320489, 8.6818338 ], [ 78.13179, 8.6760019 ], [ 78.1292094, 8.6729638 ], [ 78.1287053, 8.6678732 ], [ 78.1256386, 8.6650884 ], [ 78.1314357, 8.6629139 ], [ 78.1291507, 8.6557935 ], [ 78.1273481, 8.6386297 ], [ 78.1272933, 8.6150377 ], [ 78.1379726, 8.5859638 ], [ 78.1319135, 8.5604343 ], [ 78.1320725, 8.554209 ], [ 78.1263545, 8.5447557 ], [ 78.1250602, 8.5403251 ], [ 78.1219001, 8.5156951 ], [ 78.1265795, 8.5008783 ], [ 78.1305894, 8.496909 ], [ 78.116272, 8.4797698 ], [ 78.0964073, 8.4603148 ], [ 78.0638897, 8.4179853 ], [ 78.0607058, 8.4006378 ], [ 78.0569168, 8.3908493 ], [ 78.0568964, 8.3794113 ], [ 78.0607788, 8.3746876 ], [ 78.0669892, 8.3744536 ], [ 78.0670303, 8.3728533 ], [ 78.0142799, 8.3547117 ], [ 77.9717486, 8.333261 ], [ 77.96096, 8.3262702 ], [ 77.9545485, 8.3203051 ], [ 77.9526941, 8.3138905 ], [ 77.94351, 8.309269 ], [ 77.9274203, 8.2982206 ], [ 77.9051637, 8.2882493 ], [ 77.8987086, 8.2841052 ], [ 77.8891706, 8.2739895 ], [ 77.8788579, 8.2682545 ], [ 77.8494237, 8.2559431 ], [ 77.8181037, 8.2465522 ], [ 77.8029245, 8.2401658 ], [ 77.7963414, 8.2322346 ], [ 77.7863685, 8.2249354 ], [ 77.7837736, 8.2216435 ], [ 77.7819602, 8.2143642 ], [ 77.7837442, 8.2119731 ], [ 77.7840584, 8.2079359 ], [ 77.7813102, 8.2010407 ], [ 77.7750042, 8.1959349 ], [ 77.7673951, 8.1938621 ], [ 77.7600227, 8.1896328 ], [ 77.7556632, 8.1862271 ], [ 77.754929, 8.1835233 ], [ 77.7447121, 8.1769159 ], [ 77.7234847, 8.1713377 ], [ 77.7207571, 8.1687206 ], [ 77.7140867, 8.1664525 ], [ 77.6742527, 8.1599706 ], [ 77.6594021, 8.1585839 ], [ 77.6492205, 8.1593167 ], [ 77.6403683, 8.1574362 ], [ 77.6092024, 8.1492434 ], [ 77.5897615, 8.1426455 ], [ 77.5771129, 8.1367214 ], [ 77.5668609, 8.1272257 ], [ 77.5660583, 8.1248113 ], [ 77.5632682, 8.1239202 ], [ 77.558764, 8.1192899 ], [ 77.5593586, 8.1176444 ], [ 77.5569736, 8.1110297 ], [ 77.5586258, 8.106518 ], [ 77.5582146, 8.0977246 ], [ 77.5594219, 8.0949896 ], [ 77.5615132, 8.0950849 ], [ 77.5643309, 8.0923366 ], [ 77.5580437, 8.0899213 ], [ 77.5530862, 8.0858198 ], [ 77.5513322, 8.0780342 ], [ 77.5397642, 8.0789314 ], [ 77.5325064, 8.0777044 ], [ 77.5303146, 8.0804074 ], [ 77.5263314, 8.0815502 ], [ 77.4990415, 8.085282 ], [ 77.4867548, 8.0881399 ], [ 77.4859944, 8.0893053 ], [ 77.4813193, 8.089066 ], [ 77.4447254, 8.0946403 ], [ 77.4200018, 8.101045 ], [ 77.3520934, 8.1224342 ], [ 77.3342133, 8.1259363 ], [ 77.3236357, 8.1263729 ], [ 77.3223252, 8.1228599 ], [ 77.3213995, 8.1239991 ], [ 77.3187907, 8.1238539 ], [ 77.3180516, 8.1217562 ], [ 77.315883, 8.1218508 ], [ 77.3043437, 8.1322695 ], [ 77.3041568, 8.1366775 ], [ 77.3018922, 8.1399457 ], [ 77.3025862, 8.1418484 ], [ 77.2982276, 8.1473664 ], [ 77.287325, 8.1555804 ], [ 77.2621838, 8.1697108 ], [ 77.2556037, 8.1724847 ], [ 77.2478079, 8.17282 ], [ 77.2434393, 8.176126 ], [ 77.2399909, 8.176796 ], [ 77.2307413, 8.1860166 ], [ 77.2238147, 8.196317 ], [ 77.1859052, 8.2184899 ], [ 77.1676689, 8.2400072 ], [ 77.154005, 8.2502074 ], [ 77.1494136, 8.2555851 ], [ 77.1270567, 8.2700139 ], [ 77.1114791, 8.2831032 ], [ 77.0960708, 8.293168 ], [ 77.098857, 8.2989609 ], [ 77.1016346, 8.3009097 ], [ 77.1017567, 8.3064705 ], [ 77.1055285, 8.3069229 ], [ 77.1130769, 8.3042425 ], [ 77.1145246, 8.3084244 ], [ 77.1166442, 8.3103143 ], [ 77.1227765, 8.3090125 ], [ 77.1244785, 8.3120687 ], [ 77.1207428, 8.3141889 ], [ 77.1189861, 8.3167794 ], [ 77.1192083, 8.3210562 ], [ 77.1295939, 8.3219607 ], [ 77.1291943, 8.3259844 ], [ 77.1384179, 8.3275306 ], [ 77.1397933, 8.3298679 ], [ 77.1452631, 8.3295604 ], [ 77.148427, 8.331988 ], [ 77.1500111, 8.3315359 ], [ 77.1505694, 8.3292121 ], [ 77.1536016, 8.3279958 ], [ 77.1597613, 8.3289765 ], [ 77.169294, 8.3329453 ], [ 77.1705191, 8.3284558 ], [ 77.1699347, 8.3254939 ], [ 77.172162, 8.3246851 ], [ 77.1733235, 8.3197617 ], [ 77.1785437, 8.3220488 ], [ 77.1781584, 8.3232605 ], [ 77.1806138, 8.3235179 ], [ 77.1697481, 8.3347445 ], [ 77.1699662, 8.3380719 ], [ 77.1669434, 8.3427468 ], [ 77.1709975, 8.3477331 ], [ 77.1754736, 8.3498621 ], [ 77.1742935, 8.3586329 ], [ 77.1707172, 8.3602969 ], [ 77.1696461, 8.3634662 ], [ 77.1675353, 8.3634257 ], [ 77.1665998, 8.3602475 ], [ 77.1633587, 8.3617668 ], [ 77.1594909, 8.359163 ], [ 77.1574117, 8.3599407 ], [ 77.1563992, 8.3567309 ], [ 77.1530172, 8.3551442 ], [ 77.153535, 8.3613062 ], [ 77.1558912, 8.3633858 ], [ 77.1569355, 8.3674094 ], [ 77.1603358, 8.3687021 ], [ 77.161294, 8.373978 ], [ 77.1599586, 8.3812438 ], [ 77.155924, 8.3826496 ], [ 77.1553201, 8.3810989 ], [ 77.1519516, 8.3817591 ], [ 77.1511073, 8.3844717 ], [ 77.1537315, 8.3877448 ], [ 77.1609501, 8.3901721 ], [ 77.1659438, 8.3878706 ], [ 77.1681862, 8.3838739 ], [ 77.1705245, 8.3873639 ], [ 77.181671, 8.3957943 ], [ 77.1828789, 8.3981359 ], [ 77.1826073, 8.4047547 ], [ 77.1860035, 8.4068248 ], [ 77.1975193, 8.419943 ], [ 77.1965628, 8.4291568 ], [ 77.200636, 8.4320405 ], [ 77.2027115, 8.435467 ], [ 77.2038058, 8.4352588 ], [ 77.202916, 8.4363259 ], [ 77.2065999, 8.4447026 ], [ 77.2113449, 8.4455426 ], [ 77.2151679, 8.444719 ], [ 77.2166166, 8.4459665 ], [ 77.2281, 8.4472524 ], [ 77.2290135, 8.4506067 ], [ 77.2273022, 8.4529309 ], [ 77.227417, 8.458478 ], [ 77.2209254, 8.4657989 ], [ 77.2140742, 8.4697154 ], [ 77.2133488, 8.4752944 ], [ 77.2113924, 8.4788799 ], [ 77.211743, 8.4839659 ], [ 77.213814, 8.4855387 ], [ 77.2118763, 8.4920673 ], [ 77.2041254, 8.4964496 ], [ 77.2046844, 8.498719 ], [ 77.2023841, 8.5011904 ], [ 77.2104114, 8.5070092 ], [ 77.214309, 8.5128133 ], [ 77.2222563, 8.5124408 ], [ 77.2296624, 8.5089806 ], [ 77.2401242, 8.4970537 ], [ 77.2442393, 8.4975589 ], [ 77.246299, 8.5023541 ], [ 77.2512984, 8.5054171 ], [ 77.2561499, 8.5051812 ], [ 77.2573774, 8.5070451 ], [ 77.2617076, 8.5061524 ], [ 77.265337, 8.5119568 ], [ 77.2669179, 8.5198745 ], [ 77.2718173, 8.5308595 ], [ 77.2742631, 8.5337195 ], [ 77.2746539, 8.5376264 ], [ 77.2838468, 8.5467286 ], [ 77.2823572, 8.5504883 ], [ 77.274298, 8.559642 ], [ 77.2750419, 8.5656438 ], [ 77.2706551, 8.571653 ], [ 77.2690497, 8.5788887 ], [ 77.2664909, 8.5807748 ], [ 77.2664259, 8.5851407 ], [ 77.2632147, 8.5888292 ], [ 77.2616976, 8.5879703 ], [ 77.2586355, 8.5892221 ], [ 77.2569924, 8.5908632 ], [ 77.2569015, 8.5947186 ], [ 77.2551736, 8.5973861 ], [ 77.2507588, 8.5987315 ], [ 77.2481004, 8.6022916 ], [ 77.2452383, 8.6034352 ], [ 77.2461586, 8.6047224 ], [ 77.2457331, 8.6162904 ], [ 77.2440842, 8.6218208 ], [ 77.2346533, 8.6268497 ], [ 77.2321707, 8.6356272 ], [ 77.2293123, 8.6374214 ], [ 77.2288509, 8.6402743 ], [ 77.2248323, 8.6390818 ], [ 77.220145, 8.6449345 ], [ 77.2142655, 8.6491398 ], [ 77.2116963, 8.6547964 ], [ 77.2121142, 8.6571923 ], [ 77.2077799, 8.6608283 ], [ 77.2083617, 8.663644 ], [ 77.2006927, 8.6690764 ], [ 77.2072561, 8.6806771 ], [ 77.2067167, 8.6841955 ], [ 77.2026131, 8.6892764 ], [ 77.2015541, 8.6930653 ], [ 77.1956104, 8.7021328 ], [ 77.1950306, 8.7077596 ], [ 77.1899835, 8.7123623 ], [ 77.1847208, 8.7134681 ], [ 77.1842971, 8.7163946 ], [ 77.1807878, 8.7183219 ], [ 77.1806219, 8.7210572 ], [ 77.1767673, 8.7261276 ], [ 77.1791052, 8.730584 ], [ 77.1700119, 8.7417947 ], [ 77.1697672, 8.7474275 ], [ 77.1716253, 8.7505806 ], [ 77.1770288, 8.7454381 ], [ 77.1826691, 8.7427799 ], [ 77.1924639, 8.744441 ], [ 77.1975169, 8.7509289 ], [ 77.1998385, 8.7607907 ], [ 77.2001399, 8.7626655 ], [ 77.1969467, 8.7674441 ], [ 77.1973286, 8.7688983 ], [ 77.1988856, 8.769829 ], [ 77.2049593, 8.7691273 ], [ 77.2093008, 8.7653485 ], [ 77.2179536, 8.7682363 ], [ 77.2184306, 8.7709918 ], [ 77.2145122, 8.7748914 ], [ 77.2130654, 8.7786159 ], [ 77.2147095, 8.7797316 ], [ 77.2199879, 8.778987 ], [ 77.2242931, 8.7836151 ], [ 77.2297089, 8.7845875 ], [ 77.2312926, 8.7908152 ], [ 77.2305384, 8.797828 ], [ 77.2327461, 8.8016356 ], [ 77.2319844, 8.8077263 ], [ 77.2425172, 8.8097936 ], [ 77.2470789, 8.8148363 ], [ 77.2479722, 8.8169215 ], [ 77.2465706, 8.8205149 ], [ 77.2471358, 8.8237176 ], [ 77.2513604, 8.8271161 ], [ 77.2530868, 8.8322602 ], [ 77.2575918, 8.8352175 ], [ 77.2588349, 8.8386211 ], [ 77.2627578, 8.8419922 ], [ 77.2584776, 8.8503304 ], [ 77.2590796, 8.8531742 ], [ 77.261714, 8.852605 ], [ 77.2615155, 8.8565147 ], [ 77.2593638, 8.85713 ], [ 77.2555745, 8.8611226 ], [ 77.2556768, 8.8631517 ], [ 77.2586383, 8.8651758 ], [ 77.2565709, 8.8775668 ], [ 77.254564, 8.8795939 ], [ 77.2449876, 8.8800732 ], [ 77.2376558, 8.8856748 ], [ 77.2383955, 8.8921222 ], [ 77.2402398, 8.8944709 ], [ 77.238546, 8.8977398 ], [ 77.2279459, 8.9035872 ], [ 77.2212325, 8.903948 ], [ 77.2182396, 8.9186879 ], [ 77.2142345, 8.9173314 ], [ 77.209983, 8.9185023 ], [ 77.2010465, 8.9245605 ], [ 77.1947347, 8.9241152 ], [ 77.1927956, 8.926196 ], [ 77.1924758, 8.9285473 ], [ 77.19714, 8.9354252 ], [ 77.1938875, 8.9433183 ], [ 77.1969699, 8.9516882 ], [ 77.1962881, 8.9545831 ], [ 77.1946922, 8.957368 ], [ 77.1915016, 8.959159 ], [ 77.1907041, 8.9656205 ], [ 77.1855535, 8.9701839 ], [ 77.1782023, 8.9690999 ], [ 77.1735668, 8.9912258 ], [ 77.1616743, 8.9950418 ], [ 77.1561542, 9.0038266 ], [ 77.1568547, 9.0075019 ], [ 77.1527529, 9.0071857 ], [ 77.149347, 9.0095819 ], [ 77.1507252, 9.0148937 ], [ 77.1465553, 9.0218152 ], [ 77.1538678, 9.0224252 ], [ 77.161099, 9.0294411 ], [ 77.1621179, 9.033234 ], [ 77.1603854, 9.0358381 ], [ 77.1641193, 9.0384101 ], [ 77.167467, 9.0452995 ], [ 77.1743345, 9.0472699 ], [ 77.1823206, 9.0474181 ], [ 77.1849491, 9.0465136 ], [ 77.1875863, 9.0431362 ], [ 77.1917113, 9.0435334 ], [ 77.1974557, 9.0469727 ], [ 77.1952823, 9.0493375 ], [ 77.1968981, 9.0567965 ], [ 77.2055137, 9.066171 ], [ 77.2088719, 9.074041 ], [ 77.2057039, 9.0849865 ], [ 77.2091526, 9.0899632 ], [ 77.2102911, 9.0964864 ], [ 77.212407, 9.1004824 ], [ 77.2187706, 9.1014348 ], [ 77.2210596, 9.1059369 ], [ 77.2264639, 9.1081915 ], [ 77.2284449, 9.1168844 ], [ 77.2313426, 9.1174306 ], [ 77.2421481, 9.1250451 ], [ 77.247284, 9.1246017 ], [ 77.2527223, 9.1391884 ], [ 77.260655, 9.1442996 ], [ 77.2607199, 9.1488116 ], [ 77.2668144, 9.1524608 ], [ 77.2653233, 9.1630688 ], [ 77.2671174, 9.1689668 ], [ 77.2671433, 9.1743204 ], [ 77.2651594, 9.1812605 ], [ 77.2638782, 9.1841064 ], [ 77.2609453, 9.1831144 ], [ 77.2514261, 9.1886359 ], [ 77.2564121, 9.195981 ], [ 77.2561058, 9.1992195 ], [ 77.2631398, 9.1982597 ], [ 77.2663577, 9.2004464 ], [ 77.2703434, 9.2006027 ], [ 77.2706832, 9.2053225 ], [ 77.2755023, 9.2116892 ], [ 77.2817124, 9.2165701 ], [ 77.2816584, 9.2207184 ], [ 77.2798228, 9.2216837 ], [ 77.275751, 9.2289779 ], [ 77.2741067, 9.235823 ], [ 77.2787704, 9.2394072 ], [ 77.27955, 9.2438327 ], [ 77.2774024, 9.2471251 ], [ 77.2790653, 9.2518884 ], [ 77.2825407, 9.2559987 ], [ 77.2815013, 9.2624134 ], [ 77.2835204, 9.2672783 ], [ 77.2817533, 9.2723184 ], [ 77.2885288, 9.2741737 ], [ 77.2878807, 9.2813479 ], [ 77.2853675, 9.2853481 ], [ 77.2856899, 9.2879386 ], [ 77.2832224, 9.2913149 ], [ 77.2838633, 9.2939236 ], [ 77.2822009, 9.2985433 ], [ 77.2829873, 9.3013327 ], [ 77.2884941, 9.3016507 ], [ 77.2897632, 9.304029 ], [ 77.2936815, 9.3047624 ], [ 77.2995374, 9.310912 ], [ 77.299482, 9.3141804 ], [ 77.3025164, 9.3195337 ], [ 77.3018008, 9.3242396 ], [ 77.2970296, 9.3295141 ], [ 77.3009938, 9.3301163 ], [ 77.2999727, 9.336653 ], [ 77.305803, 9.3377891 ], [ 77.3108238, 9.3354303 ], [ 77.3156167, 9.3348616 ], [ 77.3200995, 9.3375252 ], [ 77.3252883, 9.3371147 ], [ 77.3260332, 9.3465496 ], [ 77.3333282, 9.3563245 ], [ 77.3357854, 9.3610399 ], [ 77.3357304, 9.3639196 ], [ 77.3373235, 9.3649822 ], [ 77.3377691, 9.3684993 ], [ 77.3360889, 9.3722287 ], [ 77.3366436, 9.3769212 ], [ 77.3345722, 9.3782139 ], [ 77.3345536, 9.3812157 ], [ 77.3365967, 9.3873234 ], [ 77.3394874, 9.3874097 ], [ 77.341399, 9.3898059 ], [ 77.3397734, 9.3937478 ], [ 77.3435965, 9.4008366 ], [ 77.3436646, 9.402437 ], [ 77.336853, 9.4105191 ], [ 77.336493, 9.4133581 ], [ 77.3397107, 9.4207182 ], [ 77.3445999, 9.4244167 ], [ 77.3455189, 9.429254 ], [ 77.3485688, 9.4345119 ], [ 77.3494059, 9.4411754 ], [ 77.356385, 9.4475683 ], [ 77.3602954, 9.4554391 ], [ 77.3660002, 9.4600822 ], [ 77.3728892, 9.4566287 ], [ 77.3742279, 9.4534868 ], [ 77.3771965, 9.4527772 ], [ 77.3809346, 9.4550557 ], [ 77.3833113, 9.4543956 ], [ 77.3869674, 9.4556479 ], [ 77.3926119, 9.4593521 ], [ 77.3913978, 9.4618185 ], [ 77.3925225, 9.4639342 ], [ 77.3914708, 9.4686854 ], [ 77.3971306, 9.4713389 ], [ 77.401716, 9.4768991 ], [ 77.4019848, 9.4786486 ], [ 77.3986245, 9.4816325 ], [ 77.3996082, 9.4845709 ], [ 77.3983426, 9.4922696 ], [ 77.3993082, 9.4965688 ], [ 77.402976, 9.501476 ], [ 77.4097139, 9.50556 ], [ 77.4123964, 9.5089774 ], [ 77.4116452, 9.5115679 ], [ 77.408312, 9.5147597 ], [ 77.4004158, 9.5178568 ], [ 77.4033123, 9.5230012 ], [ 77.4005073, 9.5273638 ], [ 77.3959531, 9.5233044 ], [ 77.3851784, 9.5192315 ], [ 77.3801325, 9.5253615 ], [ 77.3769265, 9.5248281 ], [ 77.3733379, 9.5268487 ], [ 77.3729598, 9.5298866 ], [ 77.3687425, 9.5347778 ], [ 77.3655637, 9.5350895 ], [ 77.3650845, 9.5527292 ], [ 77.3612631, 9.5579367 ], [ 77.35603, 9.5581307 ], [ 77.3529055, 9.5595817 ], [ 77.3502632, 9.5670811 ], [ 77.3529727, 9.5728588 ], [ 77.3581375, 9.573908 ], [ 77.3598908, 9.57738 ], [ 77.3582962, 9.5839258 ], [ 77.354971, 9.5866832 ], [ 77.3574755, 9.5944317 ], [ 77.3608506, 9.597836 ], [ 77.3623902, 9.5955622 ], [ 77.3661436, 9.5959558 ], [ 77.3658056, 9.5997441 ], [ 77.3627726, 9.6002005 ], [ 77.3611281, 9.6022617 ], [ 77.3545869, 9.6040696 ], [ 77.3454786, 9.5879616 ], [ 77.3422273, 9.5810084 ], [ 77.3419044, 9.5764561 ], [ 77.3394908, 9.5733139 ], [ 77.3325077, 9.5788101 ], [ 77.3253612, 9.580034 ], [ 77.3256156, 9.5834518 ], [ 77.3238253, 9.5851557 ], [ 77.3261841, 9.588628 ], [ 77.3245345, 9.5933382 ], [ 77.3298993, 9.5989945 ], [ 77.3281499, 9.6001514 ], [ 77.3250028, 9.5976827 ], [ 77.3224064, 9.5982879 ], [ 77.3178187, 9.6025049 ], [ 77.3153685, 9.6007098 ], [ 77.3038083, 9.5987408 ], [ 77.2945596, 9.5892407 ], [ 77.2900686, 9.5886879 ], [ 77.2903384, 9.5847731 ], [ 77.2802102, 9.579264 ], [ 77.2769273, 9.5757461 ], [ 77.2720125, 9.5764542 ], [ 77.2697137, 9.5727691 ], [ 77.2638515, 9.5737436 ], [ 77.2614455, 9.5768259 ], [ 77.2583348, 9.5764857 ], [ 77.2530671, 9.5829664 ], [ 77.2427733, 9.5852169 ], [ 77.2371286, 9.5810607 ], [ 77.2343018, 9.5815453 ], [ 77.2224947, 9.5927775 ], [ 77.2221843, 9.5977141 ], [ 77.2171376, 9.6016186 ], [ 77.2144378, 9.6007105 ], [ 77.209843, 9.6049705 ], [ 77.2104697, 9.610862 ], [ 77.2089573, 9.6134435 ], [ 77.1982011, 9.6143575 ], [ 77.1970592, 9.6108451 ], [ 77.190822, 9.6092212 ], [ 77.1886794, 9.606101 ], [ 77.1740931, 9.6111854 ], [ 77.1703026, 9.6096705 ], [ 77.165863, 9.6128627 ], [ 77.1657299, 9.6139253 ], [ 77.1677789, 9.6150167 ], [ 77.1693911, 9.6242406 ], [ 77.1713697, 9.6260283 ], [ 77.1746013, 9.6265779 ], [ 77.1761312, 9.6296559 ], [ 77.1741536, 9.6328664 ], [ 77.174046, 9.6373053 ], [ 77.1792698, 9.644858 ], [ 77.1795846, 9.6555415 ], [ 77.1811462, 9.6592063 ], [ 77.1875094, 9.6614399 ], [ 77.1868159, 9.6664139 ], [ 77.1941109, 9.670556 ], [ 77.1945699, 9.674125 ], [ 77.2005528, 9.686 ], [ 77.2067162, 9.6946564 ], [ 77.2045765, 9.7015835 ], [ 77.2019464, 9.7038932 ], [ 77.2036579, 9.711087 ], [ 77.2053008, 9.7130925 ], [ 77.204707, 9.7165612 ], [ 77.206105, 9.7175733 ], [ 77.2057134, 9.7202141 ], [ 77.2035557, 9.7221064 ], [ 77.2075341, 9.724759 ], [ 77.2116333, 9.7242656 ], [ 77.2156428, 9.726674 ], [ 77.2183792, 9.7260812 ], [ 77.2206704, 9.7296392 ], [ 77.2239084, 9.7303734 ], [ 77.2218376, 9.7373952 ], [ 77.2226763, 9.7399865 ], [ 77.2198449, 9.7420847 ], [ 77.2202338, 9.7450391 ], [ 77.2224397, 9.7501746 ], [ 77.2251428, 9.7527695 ], [ 77.2274717, 9.7642079 ], [ 77.2323997, 9.7685737 ], [ 77.2282309, 9.7712232 ], [ 77.2249886, 9.7755595 ], [ 77.2226635, 9.7877918 ], [ 77.23601, 9.7900576 ], [ 77.2381086, 9.7919164 ], [ 77.2401594, 9.7969205 ], [ 77.2417275, 9.7957941 ], [ 77.246666, 9.7978866 ], [ 77.2450937, 9.8027773 ], [ 77.2467901, 9.807995 ], [ 77.2421009, 9.812974 ], [ 77.2411537, 9.8156346 ], [ 77.2325879, 9.8174236 ], [ 77.2327258, 9.8214857 ], [ 77.2250103, 9.8202978 ], [ 77.2243101, 9.822004 ], [ 77.2217778, 9.8224514 ], [ 77.223852, 9.8238494 ], [ 77.2237831, 9.8287031 ], [ 77.2265523, 9.8307222 ], [ 77.2254361, 9.8332975 ], [ 77.2275274, 9.8380937 ], [ 77.2229353, 9.8448797 ], [ 77.226327, 9.8463362 ], [ 77.2281376, 9.8491405 ], [ 77.237184, 9.8513808 ], [ 77.2359058, 9.8545125 ], [ 77.2363075, 9.8596039 ], [ 77.2326865, 9.8615422 ], [ 77.2261387, 9.8608564 ], [ 77.2213292, 9.8631333 ], [ 77.2124501, 9.8768848 ], [ 77.2152688, 9.87739 ], [ 77.2175232, 9.8843457 ], [ 77.2207465, 9.8844832 ], [ 77.2180869, 9.8963687 ], [ 77.2183052, 9.9043073 ], [ 77.2225802, 9.9059554 ], [ 77.22439, 9.909668 ], [ 77.2300622, 9.9124673 ], [ 77.2305603, 9.9213859 ], [ 77.2317007, 9.9240434 ], [ 77.2356391, 9.9263699 ], [ 77.2348901, 9.9321208 ], [ 77.2372289, 9.9370288 ], [ 77.2478976, 9.9468454 ], [ 77.2465424, 9.9513965 ], [ 77.2495945, 9.9525096 ], [ 77.2502106, 9.9511763 ], [ 77.2529639, 9.9534512 ], [ 77.2610123, 9.9524869 ], [ 77.2685376, 9.9609113 ], [ 77.2710451, 9.9624311 ], [ 77.2718389, 9.9613328 ], [ 77.2728548, 9.9641947 ], [ 77.2721779, 9.970148 ], [ 77.2708734, 9.9709115 ], [ 77.2726683, 9.9763368 ], [ 77.2679615, 9.9799075 ], [ 77.2671022, 9.9838074 ], [ 77.2644014, 9.9871742 ], [ 77.2668263, 9.9902942 ], [ 77.2617686, 9.9911016 ], [ 77.2609107, 9.992679 ], [ 77.2608046, 9.9957619 ], [ 77.2661313, 10.0018897 ], [ 77.2552076, 10.0099304 ], [ 77.2531936, 10.0128123 ], [ 77.2558636, 10.0145333 ], [ 77.2574386, 10.0193037 ], [ 77.2597281, 10.0193001 ], [ 77.2615928, 10.0212039 ], [ 77.2618997, 10.0297252 ], [ 77.2588605, 10.0340683 ], [ 77.2548048, 10.0366706 ], [ 77.2443949, 10.0519719 ], [ 77.2377096, 10.0562459 ], [ 77.2344676, 10.0598407 ], [ 77.2314363, 10.0662698 ], [ 77.2235003, 10.0691788 ], [ 77.2228855, 10.0729762 ], [ 77.2199171, 10.0769686 ], [ 77.2039763, 10.0877288 ], [ 77.2031532, 10.0896435 ], [ 77.2040116, 10.0972785 ], [ 77.2029284, 10.1041567 ], [ 77.2013256, 10.10621 ], [ 77.2046208, 10.1127559 ], [ 77.2064814, 10.1125638 ], [ 77.2078919, 10.117702 ], [ 77.21085, 10.1181612 ], [ 77.2164345, 10.1158538 ], [ 77.2178234, 10.1176024 ], [ 77.2231048, 10.1184054 ], [ 77.2271711, 10.1211925 ], [ 77.2303802, 10.1205026 ], [ 77.2300715, 10.1222312 ], [ 77.2327612, 10.1239603 ], [ 77.2320453, 10.1252781 ], [ 77.2337253, 10.12797 ], [ 77.2382409, 10.1300773 ], [ 77.2476455, 10.1305031 ], [ 77.2489452, 10.1268057 ], [ 77.2526909, 10.1244459 ], [ 77.2553574, 10.1248092 ], [ 77.2677764, 10.1216136 ], [ 77.2670695, 10.1240116 ], [ 77.2682089, 10.1268366 ], [ 77.2740529, 10.129485 ], [ 77.274772, 10.1325466 ], [ 77.2745312, 10.1397558 ], [ 77.2725576, 10.1402516 ], [ 77.2717979, 10.1419944 ], [ 77.2736233, 10.1478944 ], [ 77.2728966, 10.1510156 ], [ 77.2741408, 10.1576725 ], [ 77.2729161, 10.1653376 ], [ 77.2747029, 10.175269 ], [ 77.2762743, 10.1757058 ], [ 77.2753048, 10.1844185 ], [ 77.2785651, 10.194213 ], [ 77.2792261, 10.1951731 ], [ 77.2807248, 10.1944001 ], [ 77.2829644, 10.1965867 ], [ 77.2848192, 10.200552 ], [ 77.2858748, 10.2043577 ], [ 77.2831173, 10.2086484 ], [ 77.2872999, 10.2092512 ], [ 77.289539, 10.2145572 ], [ 77.2933661, 10.2152924 ], [ 77.2949556, 10.2178984 ], [ 77.2880886, 10.2318632 ], [ 77.2842201, 10.2334241 ], [ 77.281937, 10.2365559 ], [ 77.2731592, 10.2350083 ], [ 77.2692606, 10.2370436 ], [ 77.2685983, 10.2345876 ], [ 77.2647489, 10.2352171 ], [ 77.2645504, 10.2323254 ], [ 77.2597231, 10.2302741 ], [ 77.2571903, 10.2593924 ], [ 77.262926, 10.2633319 ], [ 77.2393131, 10.2950256 ], [ 77.2398152, 10.2985263 ], [ 77.2367618, 10.3009964 ], [ 77.2352766, 10.3076502 ], [ 77.2314132, 10.3084241 ], [ 77.2309271, 10.3125703 ], [ 77.2277471, 10.315416 ], [ 77.2276185, 10.3199541 ], [ 77.2295725, 10.3223601 ], [ 77.2281671, 10.3272691 ], [ 77.2292119, 10.3306547 ], [ 77.233173, 10.3349919 ], [ 77.2330464, 10.3376498 ], [ 77.2363747, 10.338889 ], [ 77.2356459, 10.3522513 ], [ 77.2226168, 10.3536611 ], [ 77.2093926, 10.3530238 ], [ 77.2046523, 10.3538549 ], [ 77.2020641, 10.3576292 ], [ 77.1981298, 10.3567309 ], [ 77.1960487, 10.3545059 ], [ 77.1871586, 10.3554741 ], [ 77.1766232, 10.3584412 ], [ 77.1621884, 10.3488847 ], [ 77.1513868, 10.3376197 ], [ 77.1286521, 10.3261248 ], [ 77.1203924, 10.3179637 ], [ 77.1101951, 10.3155851 ], [ 77.1017134, 10.3156094 ], [ 77.098812, 10.313495 ], [ 77.0960986, 10.30898 ], [ 77.0913588, 10.3139133 ], [ 77.0887546, 10.3119243 ], [ 77.0884462, 10.3098237 ], [ 77.079581, 10.3030149 ], [ 77.0726066, 10.2991283 ], [ 77.0661976, 10.297703 ], [ 77.0635257, 10.2945118 ], [ 77.0630041, 10.2913858 ], [ 77.0594444, 10.2902313 ], [ 77.0564531, 10.2870049 ], [ 77.0428767, 10.2837672 ], [ 77.0496044, 10.2780779 ], [ 77.05262, 10.2725555 ], [ 77.0507948, 10.2680533 ], [ 77.0510812, 10.2621094 ], [ 77.0456167, 10.2575709 ], [ 77.0428988, 10.2568519 ], [ 77.0406305, 10.2526603 ], [ 77.0314736, 10.2522418 ], [ 77.0174867, 10.2456324 ], [ 77.0144339, 10.245791 ], [ 77.0111345, 10.2400881 ], [ 77.0054745, 10.2384016 ], [ 77.0037833, 10.2346372 ], [ 77.001001, 10.2351565 ], [ 76.9990293, 10.2303674 ], [ 76.9961636, 10.2310148 ], [ 76.9929595, 10.2299762 ], [ 76.9904625, 10.2280921 ], [ 76.9907081, 10.2256825 ], [ 76.9844961, 10.2229768 ], [ 76.9838519, 10.2206263 ], [ 76.9824462, 10.2201204 ], [ 76.9804804, 10.2237871 ], [ 76.9734666, 10.2254256 ], [ 76.97229, 10.2286128 ], [ 76.9685484, 10.2307747 ], [ 76.9654267, 10.2307393 ], [ 76.9588787, 10.2341403 ], [ 76.9557206, 10.2342404 ], [ 76.9532009, 10.2320938 ], [ 76.9505996, 10.232474 ], [ 76.9485097, 10.2338216 ], [ 76.9475427, 10.2368685 ], [ 76.944704, 10.2365482 ], [ 76.9393602, 10.2389043 ], [ 76.9215604, 10.2321849 ], [ 76.911598, 10.235287 ], [ 76.9082623, 10.240852 ], [ 76.9030047, 10.2402964 ], [ 76.9054561, 10.2479177 ], [ 76.9044294, 10.2509083 ], [ 76.9014224, 10.2511607 ], [ 76.8974147, 10.2624354 ], [ 76.8914418, 10.2630574 ], [ 76.8840877, 10.2708968 ], [ 76.8734219, 10.2763359 ], [ 76.8745206, 10.2942817 ], [ 76.8731353, 10.2984845 ], [ 76.8705209, 10.2988847 ], [ 76.8684226, 10.2960698 ], [ 76.8643489, 10.2953213 ], [ 76.8623864, 10.2920314 ], [ 76.8600853, 10.2918793 ], [ 76.8579173, 10.2936387 ], [ 76.8550988, 10.292846 ], [ 76.8512567, 10.2899045 ], [ 76.8522162, 10.2850972 ], [ 76.8487157, 10.2852781 ], [ 76.8482424, 10.2875393 ], [ 76.8426346, 10.2900308 ], [ 76.8422073, 10.2924726 ], [ 76.8447791, 10.2949023 ], [ 76.8407017, 10.2996769 ], [ 76.8373162, 10.3020541 ], [ 76.8303134, 10.3036268 ], [ 76.8287039, 10.3078707 ], [ 76.8303699, 10.309557 ], [ 76.8306202, 10.3145374 ], [ 76.8329712, 10.3180705 ], [ 76.8361752, 10.330063 ], [ 76.8358082, 10.3328347 ], [ 76.8377401, 10.3366582 ], [ 76.8360928, 10.3404365 ], [ 76.8363083, 10.3460182 ], [ 76.8416986, 10.3506192 ], [ 76.8419392, 10.3535928 ], [ 76.8460124, 10.3573111 ], [ 76.8451598, 10.3629317 ], [ 76.8487854, 10.3682287 ], [ 76.8438928, 10.3775345 ], [ 76.8414977, 10.3783001 ], [ 76.8370575, 10.3826643 ], [ 76.8342921, 10.38325 ], [ 76.8305008, 10.3896601 ], [ 76.8236567, 10.3950608 ], [ 76.8340344, 10.403342 ], [ 76.8324971, 10.4056828 ], [ 76.8335848, 10.4077682 ], [ 76.8304343, 10.4112974 ], [ 76.8246365, 10.4101234 ], [ 76.8225338, 10.4145584 ], [ 76.8231749, 10.4170066 ], [ 76.8163786, 10.423519 ], [ 76.8283259, 10.4501655 ], [ 76.8310366, 10.5000327 ], [ 76.8430961, 10.5372853 ], [ 76.8420548, 10.540782 ], [ 76.83536, 10.5449397 ], [ 76.8351726, 10.5464076 ], [ 76.8356775, 10.557866 ], [ 76.8391399, 10.5613347 ], [ 76.8392229, 10.5647541 ], [ 76.8343995, 10.5702991 ], [ 76.8335652, 10.5743558 ], [ 76.8375419, 10.5818574 ], [ 76.8368874, 10.5865283 ], [ 76.8382671, 10.5966673 ], [ 76.8374036, 10.5984053 ], [ 76.8323343, 10.5992774 ], [ 76.8260068, 10.5961254 ], [ 76.8173123, 10.6032035 ], [ 76.8157253, 10.6078676 ], [ 76.8183292, 10.6111469 ], [ 76.8163117, 10.6136652 ], [ 76.8162972, 10.6168563 ], [ 76.8114482, 10.6200101 ], [ 76.8100973, 10.624181 ], [ 76.814969, 10.6296333 ], [ 76.8145462, 10.6357085 ], [ 76.8211324, 10.6344174 ], [ 76.830656, 10.637621 ], [ 76.839278, 10.634302 ], [ 76.8462006, 10.6358294 ], [ 76.8606584, 10.6323418 ], [ 76.8675062, 10.6332451 ], [ 76.8734595, 10.6377712 ], [ 76.8824755, 10.6397071 ], [ 76.8837381, 10.6499984 ], [ 76.8809183, 10.656454 ], [ 76.881368, 10.6612617 ], [ 76.878136, 10.6673544 ], [ 76.8784, 10.6750329 ], [ 76.8774772, 10.6767349 ], [ 76.8695823, 10.6767829 ], [ 76.8675388, 10.679054 ], [ 76.8660344, 10.6853136 ], [ 76.870841, 10.6928756 ], [ 76.8675891, 10.6947751 ], [ 76.8822094, 10.7173415 ], [ 76.8863497, 10.7186271 ], [ 76.8902986, 10.7169165 ], [ 76.8928575, 10.7213567 ], [ 76.8886404, 10.7283111 ], [ 76.8882965, 10.7324656 ], [ 76.8900648, 10.7371841 ], [ 76.8961637, 10.745334 ], [ 76.896306, 10.7519846 ], [ 76.9010849, 10.7563723 ], [ 76.9035855, 10.7611148 ], [ 76.9025764, 10.7707888 ], [ 76.9053119, 10.7714317 ], [ 76.9075345, 10.777987 ], [ 76.9071513, 10.7823548 ], [ 76.9026924, 10.7976551 ], [ 76.9006265, 10.8008742 ], [ 76.900682, 10.8073049 ], [ 76.8889853, 10.8095754 ], [ 76.884753, 10.8083809 ], [ 76.8700596, 10.8083273 ], [ 76.8652586, 10.8128961 ], [ 76.8639635, 10.8172743 ], [ 76.8604832, 10.818477 ], [ 76.85875, 10.8166651 ], [ 76.8525833, 10.8185529 ], [ 76.8499006, 10.8172497 ], [ 76.8481723, 10.8188046 ], [ 76.8474206, 10.8230456 ], [ 76.8450837, 10.8260979 ], [ 76.8464038, 10.8273236 ], [ 76.8473566, 10.8263313 ], [ 76.8485479, 10.8305219 ], [ 76.8508404, 10.8295756 ], [ 76.8531906, 10.8329226 ], [ 76.8537835, 10.8389586 ], [ 76.8521827, 10.8403639 ], [ 76.8508694, 10.8448687 ], [ 76.8487795, 10.8463522 ], [ 76.8484176, 10.8493902 ], [ 76.8416764, 10.8520794 ], [ 76.8390911, 10.856339 ], [ 76.8339019, 10.8581788 ], [ 76.8319412, 10.8601273 ], [ 76.8307563, 10.8699282 ], [ 76.8283154, 10.8719096 ], [ 76.8261281, 10.871319 ], [ 76.8193347, 10.8735379 ], [ 76.8166895, 10.8727449 ], [ 76.8143388, 10.8759914 ], [ 76.8120792, 10.8757488 ], [ 76.811463, 10.8778789 ], [ 76.8081312, 10.8767985 ], [ 76.8061061, 10.8787335 ], [ 76.8033337, 10.8782256 ], [ 76.8012213, 10.8800523 ], [ 76.7917997, 10.8811069 ], [ 76.7909213, 10.8844534 ], [ 76.7885131, 10.8850832 ], [ 76.7865218, 10.8877908 ], [ 76.7828197, 10.8885369 ], [ 76.7814299, 10.8904204 ], [ 76.7766068, 10.8891716 ], [ 76.7743823, 10.8901036 ], [ 76.7712846, 10.8876076 ], [ 76.7678992, 10.8870331 ], [ 76.7657363, 10.8888506 ], [ 76.7652895, 10.8911792 ], [ 76.7628988, 10.8915647 ], [ 76.7612528, 10.8934578 ], [ 76.7552707, 10.8931968 ], [ 76.7524127, 10.8950612 ], [ 76.7499996, 10.8922473 ], [ 76.7455389, 10.8926807 ], [ 76.7407874, 10.89097 ], [ 76.738575, 10.8951789 ], [ 76.7316839, 10.897645 ], [ 76.7234471, 10.9034498 ], [ 76.7178308, 10.9054607 ], [ 76.714902, 10.9086089 ], [ 76.7126081, 10.9076153 ], [ 76.7080676, 10.9101027 ], [ 76.695211, 10.9102267 ], [ 76.6767505, 10.9180555 ], [ 76.6687347, 10.9232348 ], [ 76.6620616, 10.9296404 ], [ 76.6590948, 10.9304965 ], [ 76.6557971, 10.9390056 ], [ 76.6593757, 10.9417777 ], [ 76.6647268, 10.9434842 ], [ 76.6658287, 10.947423 ], [ 76.663595, 10.9509308 ], [ 76.6674841, 10.9595872 ], [ 76.6667853, 10.9683349 ], [ 76.6738896, 10.9743942 ], [ 76.6750854, 10.9772212 ], [ 76.6860374, 10.989202 ], [ 76.6854623, 10.9938046 ], [ 76.6886064, 11.0022198 ], [ 76.6898484, 11.0111303 ], [ 76.6941643, 11.0215571 ], [ 76.7007717, 11.0275717 ], [ 76.7091165, 11.0328906 ], [ 76.7108874, 11.0387217 ], [ 76.7154183, 11.0410118 ], [ 76.7261626, 11.0411446 ], [ 76.7324156, 11.038445 ], [ 76.7376032, 11.0397387 ], [ 76.7477824, 11.0353523 ], [ 76.7492856, 11.0334339 ], [ 76.7638813, 11.0306741 ], [ 76.7665998, 11.029093 ], [ 76.7736492, 11.0335391 ], [ 76.7824433, 11.0344597 ], [ 76.7918409, 11.0373601 ], [ 76.79376, 11.0417907 ], [ 76.7931477, 11.0433951 ], [ 76.7973336, 11.0474647 ], [ 76.8008596, 11.0539656 ], [ 76.798593, 11.0563618 ], [ 76.7962162, 11.0558526 ], [ 76.7932341, 11.0529722 ], [ 76.7921759, 11.0491195 ], [ 76.7875816, 11.0446221 ], [ 76.7781599, 11.042091 ], [ 76.7689431, 11.0434341 ], [ 76.7620271, 11.0479811 ], [ 76.7607026, 11.0523087 ], [ 76.7510588, 11.0554065 ], [ 76.7461289, 11.0548236 ], [ 76.7441486, 11.0570748 ], [ 76.7457484, 11.0600223 ], [ 76.7439651, 11.0605239 ], [ 76.7425718, 11.0633386 ], [ 76.7422307, 11.0660514 ], [ 76.7437697, 11.0684432 ], [ 76.7411416, 11.0697332 ], [ 76.7410429, 11.0723369 ], [ 76.742139, 11.0733196 ], [ 76.7445715, 11.072482 ], [ 76.7457144, 11.0756431 ], [ 76.7479809, 11.0743223 ], [ 76.7501419, 11.0789423 ], [ 76.7541623, 11.0777875 ], [ 76.7545327, 11.0841556 ], [ 76.7527673, 11.0870531 ], [ 76.751679, 11.093187 ], [ 76.7465765, 11.0925117 ], [ 76.7437598, 11.0989902 ], [ 76.7411652, 11.0999178 ], [ 76.7389837, 11.1043033 ], [ 76.7407689, 11.1049761 ], [ 76.7407247, 11.1091935 ], [ 76.7445964, 11.1084643 ], [ 76.7474168, 11.1112025 ], [ 76.7475267, 11.1230454 ], [ 76.7453279, 11.1301927 ], [ 76.7470491, 11.1307118 ], [ 76.7482961, 11.1358373 ], [ 76.7462233, 11.1377095 ], [ 76.74245, 11.1332313 ], [ 76.7393096, 11.1319714 ], [ 76.740395, 11.1337022 ], [ 76.7350269, 11.1363936 ], [ 76.7317524, 11.131555 ], [ 76.7287541, 11.1304516 ], [ 76.7287094, 11.133896 ], [ 76.7263704, 11.1338471 ], [ 76.724747, 11.1385486 ], [ 76.7197082, 11.1413029 ], [ 76.7174157, 11.1440699 ], [ 76.7184696, 11.1476406 ], [ 76.7161135, 11.1491488 ], [ 76.7100318, 11.1479924 ], [ 76.7088697, 11.1462731 ], [ 76.7123116, 11.1442446 ], [ 76.7123752, 11.1421698 ], [ 76.7052392, 11.1422 ], [ 76.7002602, 11.1465462 ], [ 76.7020615, 11.147568 ], [ 76.7014247, 11.1493006 ], [ 76.6969171, 11.1497901 ], [ 76.6955158, 11.1514928 ], [ 76.6966793, 11.1537772 ], [ 76.6958633, 11.1552345 ], [ 76.6929809, 11.1558512 ], [ 76.6895564, 11.1595744 ], [ 76.6898783, 11.1621546 ], [ 76.6922552, 11.1645628 ], [ 76.6929556, 11.1723625 ], [ 76.6964737, 11.1753059 ], [ 76.7007742, 11.1760599 ], [ 76.7002385, 11.1818194 ], [ 76.7065869, 11.179364 ], [ 76.709373, 11.1823904 ], [ 76.7103337, 11.1878435 ], [ 76.7137777, 11.1883643 ], [ 76.7184335, 11.1864051 ], [ 76.7236305, 11.1923815 ], [ 76.7290386, 11.1910397 ], [ 76.7281989, 11.1958463 ], [ 76.7268129, 11.1963197 ], [ 76.7224165, 11.2032683 ], [ 76.726426, 11.2101966 ], [ 76.7317685, 11.2136685 ], [ 76.7314161, 11.2155858 ], [ 76.7282277, 11.2185405 ], [ 76.7258242, 11.2186683 ], [ 76.7253657, 11.2258063 ], [ 76.7217463, 11.2249246 ], [ 76.7149031, 11.231332 ], [ 76.7116721, 11.2317452 ], [ 76.7070904, 11.2383788 ], [ 76.6982698, 11.2396016 ], [ 76.6846343, 11.2338973 ], [ 76.6853057, 11.2311973 ], [ 76.6829632, 11.2300591 ], [ 76.6847802, 11.2277318 ], [ 76.6775156, 11.2206294 ], [ 76.6559777, 11.210245 ], [ 76.6534135, 11.210115 ], [ 76.6297226, 11.1941737 ], [ 76.6007451, 11.2065631 ], [ 76.5338098, 11.1967718 ], [ 76.5160916, 11.2042967 ], [ 76.510482, 11.2116376 ], [ 76.4828037, 11.2107051 ], [ 76.4723664, 11.2087507 ], [ 76.4734705, 11.1949312 ], [ 76.4666236, 11.1933191 ], [ 76.4584429, 11.1876815 ], [ 76.4519046, 11.199222 ], [ 76.4386228, 11.1989612 ], [ 76.4393612, 11.2029559 ], [ 76.4489612, 11.2054686 ], [ 76.4530879, 11.2393673 ], [ 76.4663083, 11.2451232 ], [ 76.487113, 11.258285 ], [ 76.5221778, 11.2713381 ], [ 76.5262608, 11.288263 ], [ 76.5457556, 11.3003103 ], [ 76.5393564, 11.3046204 ], [ 76.537299, 11.3140437 ], [ 76.5499669, 11.3309934 ], [ 76.5474429, 11.345471 ], [ 76.5478573, 11.3588856 ], [ 76.5081846, 11.3541234 ], [ 76.5151203, 11.3596893 ], [ 76.5176983, 11.371323 ], [ 76.4620823, 11.3874697 ], [ 76.4150783, 11.4226273 ], [ 76.4187049, 11.4417832 ], [ 76.3976773, 11.435023 ], [ 76.3785518, 11.4491894 ], [ 76.3725674, 11.4510109 ], [ 76.371495, 11.4540619 ], [ 76.3463048, 11.4641489 ], [ 76.342226, 11.4675926 ], [ 76.3381483, 11.4618831 ], [ 76.3355777, 11.461607 ], [ 76.3254705, 11.4533289 ], [ 76.3051532, 11.4677886 ], [ 76.2935189, 11.4656835 ], [ 76.2904657, 11.4695698 ], [ 76.2928851, 11.4702215 ], [ 76.2941765, 11.4728887 ], [ 76.284435, 11.4829203 ], [ 76.2815675, 11.4792445 ], [ 76.2785612, 11.4792163 ], [ 76.2752784, 11.4769031 ], [ 76.2704415, 11.4771612 ], [ 76.2676859, 11.4805321 ], [ 76.2646016, 11.4808925 ], [ 76.2475734, 11.4685407 ], [ 76.2497882, 11.4983232 ], [ 76.2522865, 11.5000003 ], [ 76.2485159, 11.5064696 ], [ 76.2481625, 11.5164862 ], [ 76.2442166, 11.5173602 ], [ 76.2427102, 11.521117 ], [ 76.2384032, 11.5247844 ], [ 76.2384817, 11.5262669 ], [ 76.2405586, 11.5278121 ], [ 76.2445318, 11.5260974 ], [ 76.2477271, 11.5277731 ], [ 76.2504926, 11.5275698 ], [ 76.2515054, 11.5377766 ], [ 76.2497708, 11.5373142 ], [ 76.244511, 11.5430025 ], [ 76.2462817, 11.5462834 ], [ 76.2423733, 11.5504931 ], [ 76.2426906, 11.5530107 ], [ 76.2443963, 11.5540903 ], [ 76.2417155, 11.556374 ], [ 76.2404319, 11.5559044 ], [ 76.2333182, 11.5703757 ], [ 76.243755, 11.5784899 ], [ 76.2492074, 11.5800654 ], [ 76.2535097, 11.585401 ], [ 76.2611412, 11.5891786 ], [ 76.2611544, 11.5902951 ], [ 76.2646017, 11.5909429 ], [ 76.2649259, 11.59389 ], [ 76.2743015, 11.5936767 ], [ 76.2756158, 11.5974424 ], [ 76.2789069, 11.6009414 ], [ 76.2860953, 11.590196 ], [ 76.2959417, 11.590416 ], [ 76.2991256, 11.5828051 ], [ 76.3001274, 11.5744568 ], [ 76.3023838, 11.5712256 ], [ 76.3105375, 11.5773931 ], [ 76.3159242, 11.5765943 ], [ 76.3212125, 11.5861916 ], [ 76.3358765, 11.5957362 ], [ 76.3399572, 11.5931287 ], [ 76.3403982, 11.5871985 ], [ 76.347403, 11.5891656 ], [ 76.3545777, 11.589311 ], [ 76.3671021, 11.5983295 ], [ 76.3779814, 11.6019097 ], [ 76.3782747, 11.608509 ], [ 76.3839324, 11.6120483 ], [ 76.3832906, 11.6240446 ], [ 76.3880958, 11.6296674 ], [ 76.4068862, 11.6342814 ], [ 76.4262047, 11.6335694 ], [ 76.4300594, 11.630789 ], [ 76.4324805, 11.6312903 ], [ 76.4345492, 11.6357648 ], [ 76.443428, 11.6436234 ], [ 76.4438829, 11.6477321 ], [ 76.4390967, 11.6528226 ], [ 76.436373, 11.6534695 ], [ 76.4313622, 11.6663634 ], [ 76.4333947, 11.6668025 ], [ 76.4350131, 11.665157 ], [ 76.4390758, 11.6647494 ], [ 76.4404059, 11.6658068 ], [ 76.4408872, 11.6643016 ], [ 76.4434916, 11.6635892 ], [ 76.4480453, 11.6643137 ], [ 76.4491324, 11.6655971 ], [ 76.4503519, 11.664164 ], [ 76.4548232, 11.6654149 ], [ 76.4579458, 11.664361 ], [ 76.474432, 11.6812249 ], [ 76.4826242, 11.6861083 ], [ 76.4830933, 11.689715 ], [ 76.4816822, 11.6925107 ], [ 76.4884275, 11.6913494 ], [ 76.4935966, 11.6929792 ], [ 76.5015194, 11.6991569 ], [ 76.5045922, 11.6991267 ], [ 76.5111113, 11.7049784 ], [ 76.5372261, 11.6908002 ], [ 76.5505279, 11.6742269 ], [ 76.5514027, 11.671875 ], [ 76.5493137, 11.6649815 ], [ 76.5500622, 11.6610955 ], [ 76.5544019, 11.6555678 ], [ 76.553905, 11.6457141 ], [ 76.5584103, 11.6386296 ], [ 76.5595849, 11.6331682 ], [ 76.5614237, 11.6326758 ], [ 76.5617753, 11.6293998 ], [ 76.5596743, 11.625195 ], [ 76.5599581, 11.6224707 ], [ 76.5626633, 11.6229089 ], [ 76.5676353, 11.6185028 ], [ 76.5752141, 11.6191868 ], [ 76.5767463, 11.6144956 ], [ 76.5790844, 11.6157344 ], [ 76.5837888, 11.6137556 ], [ 76.5908257, 11.6187649 ], [ 76.5922883, 11.6186566 ], [ 76.5933339, 11.6169392 ], [ 76.5964655, 11.6162525 ], [ 76.5981709, 11.6107168 ], [ 76.6106469, 11.6108482 ], [ 76.6139849, 11.6075533 ], [ 76.6304629, 11.6137869 ], [ 76.6501999, 11.6134522 ], [ 76.6714719, 11.6159062 ], [ 76.6845861, 11.6139636 ], [ 76.6885376, 11.6151877 ], [ 76.692495, 11.6143417 ], [ 76.7027108, 11.6158432 ], [ 76.7218275, 11.6143907 ], [ 76.7234612, 11.6153554 ], [ 76.7320071, 11.6143808 ], [ 76.7368399, 11.6153102 ], [ 76.7470728, 11.6137835 ], [ 76.7569186, 11.6184369 ], [ 76.7648233, 11.6141284 ], [ 76.7670883, 11.6139124 ], [ 76.7701915, 11.6156899 ], [ 76.7747639, 11.6123424 ], [ 76.7860381, 11.6117544 ], [ 76.7915258, 11.612737 ], [ 76.7963458, 11.6084129 ], [ 76.8017514, 11.6075421 ], [ 76.8092351, 11.6083758 ], [ 76.8175693, 11.6047212 ], [ 76.8228392, 11.6080758 ], [ 76.8252321, 11.6072931 ], [ 76.8327362, 11.6004845 ], [ 76.8469356, 11.5944707 ], [ 76.8564709, 11.599281 ], [ 76.8572405, 11.6054734 ], [ 76.8556678, 11.6075841 ], [ 76.8577352, 11.6101562 ], [ 76.8581245, 11.6140299 ], [ 76.8560062, 11.6156388 ], [ 76.8505319, 11.6159591 ], [ 76.8488397, 11.6185579 ], [ 76.8521129, 11.621668 ], [ 76.8495546, 11.6210666 ], [ 76.8486053, 11.6228293 ], [ 76.8496046, 11.6243165 ], [ 76.8427588, 11.6270502 ], [ 76.8448449, 11.6281534 ], [ 76.8451283, 11.6341469 ], [ 76.8441886, 11.6325693 ], [ 76.84052, 11.6354209 ], [ 76.8384108, 11.6353798 ], [ 76.8346274, 11.6395015 ], [ 76.8379329, 11.6419383 ], [ 76.8356536, 11.6441211 ], [ 76.8337361, 11.6489571 ], [ 76.8362573, 11.6538798 ], [ 76.835473, 11.6549961 ], [ 76.8382102, 11.656687 ], [ 76.8387049, 11.6600907 ], [ 76.8418411, 11.6621297 ], [ 76.841414, 11.665949 ], [ 76.8436469, 11.6682048 ], [ 76.8440269, 11.6728061 ], [ 76.848543, 11.6796907 ], [ 76.8527606, 11.6923697 ], [ 76.8637113, 11.7053746 ], [ 76.8611657, 11.7072186 ], [ 76.862633, 11.711011 ], [ 76.8742133, 11.7241105 ], [ 76.8797677, 11.7267683 ], [ 76.8883494, 11.7336432 ], [ 76.8880972, 11.7417023 ], [ 76.8962455, 11.7597961 ], [ 76.8979237, 11.7706019 ], [ 76.8966107, 11.7764676 ], [ 76.8981078, 11.7772279 ], [ 76.900377, 11.7839174 ], [ 76.9080036, 11.7952454 ], [ 76.9221759, 11.7917752 ], [ 76.9320882, 11.792789 ], [ 76.9423866, 11.788025 ], [ 76.9451504, 11.7883025 ], [ 76.9506114, 11.7918759 ], [ 76.9539396, 11.7920521 ], [ 76.9560193, 11.7911544 ], [ 76.9611772, 11.7816221 ], [ 76.9699227, 11.7768597 ], [ 76.9727263, 11.7803757 ], [ 76.972862, 11.7843081 ], [ 76.9753301, 11.7892452 ], [ 76.9808924, 11.795412 ], [ 76.9801967, 11.7985265 ], [ 76.9836459, 11.8016833 ], [ 76.9821021, 11.8034609 ], [ 76.9829646, 11.8079548 ], [ 76.9821486, 11.8115036 ], [ 76.9857974, 11.8118718 ], [ 76.9935391, 11.8091603 ], [ 77.0129402, 11.814615 ], [ 77.0140106, 11.8062108 ], [ 77.0162187, 11.8069036 ], [ 77.0168883, 11.8107137 ], [ 77.0298799, 11.804675 ], [ 77.0306478, 11.8020131 ], [ 77.0341943, 11.7999467 ], [ 77.0326721, 11.7958896 ], [ 77.0353397, 11.7939011 ], [ 77.0387493, 11.7938467 ], [ 77.0354896, 11.7831356 ], [ 77.0288648, 11.7746747 ], [ 77.0351016, 11.769779 ], [ 77.0400558, 11.7806223 ], [ 77.0429997, 11.7819905 ], [ 77.0445126, 11.7860329 ], [ 77.0464687, 11.7876166 ], [ 77.050427, 11.7896172 ], [ 77.0577889, 11.7888515 ], [ 77.0629426, 11.7903967 ], [ 77.0669199, 11.78798 ], [ 77.0697566, 11.7820764 ], [ 77.0687486, 11.7820557 ], [ 77.0671021, 11.7783123 ], [ 77.0612589, 11.775918 ], [ 77.0599094, 11.7715218 ], [ 77.0564268, 11.7697758 ], [ 77.0710942, 11.7513084 ], [ 77.082765, 11.7397633 ], [ 77.080218, 11.735982 ], [ 77.1050098, 11.7327982 ], [ 77.1148212, 11.7217484 ], [ 77.1177063, 11.7210721 ], [ 77.11814, 11.7261142 ], [ 77.116024, 11.7256362 ], [ 77.1173871, 11.728466 ], [ 77.1153501, 11.7281664 ], [ 77.1175388, 11.7317885 ], [ 77.1141889, 11.7344699 ], [ 77.1148362, 11.7389306 ], [ 77.1117403, 11.7430717 ], [ 77.1113805, 11.7503974 ], [ 77.1087829, 11.7513187 ], [ 77.1085461, 11.7526 ], [ 77.1098404, 11.7554832 ], [ 77.1124557, 11.7569332 ], [ 77.1126085, 11.7618928 ], [ 77.1113418, 11.7636674 ], [ 77.1126407, 11.7656225 ], [ 77.1107466, 11.7734725 ], [ 77.1156507, 11.7747197 ], [ 77.1227649, 11.7724476 ], [ 77.1305846, 11.7737007 ], [ 77.1380782, 11.7726415 ], [ 77.1470947, 11.7819148 ], [ 77.1820161, 11.7863206 ], [ 77.1892357, 11.7925215 ], [ 77.2175247, 11.7953281 ], [ 77.2386017, 11.7946527 ], [ 77.2495959, 11.8041807 ], [ 77.249876, 11.8130127 ], [ 77.2615814, 11.8106133 ], [ 77.2734162, 11.8053435 ], [ 77.274431, 11.802998 ], [ 77.2879755, 11.8004356 ], [ 77.2938544, 11.8089983 ], [ 77.3126739, 11.7935364 ], [ 77.327698, 11.7753516 ], [ 77.3351488, 11.7712308 ], [ 77.3604248, 11.7794693 ], [ 77.3648464, 11.7904034 ], [ 77.3690254, 11.7895161 ], [ 77.369205, 11.7867606 ], [ 77.3702556, 11.7866567 ], [ 77.3880237, 11.788465 ], [ 77.3944555, 11.7876332 ], [ 77.4136582, 11.7746731 ], [ 77.4222273, 11.772376 ], [ 77.4225974, 11.7617179 ], [ 77.4272411, 11.7608704 ], [ 77.4289365, 11.7626339 ], [ 77.4280473, 11.7670095 ], [ 77.4338066, 11.7781368 ], [ 77.4422032, 11.7832883 ], [ 77.439598, 11.7856075 ], [ 77.4405024, 11.7888346 ], [ 77.4466228, 11.7903068 ], [ 77.4498034, 11.7960103 ], [ 77.4497952, 11.8005573 ], [ 77.4528526, 11.808028 ], [ 77.4520992, 11.8130341 ], [ 77.4540441, 11.8202316 ], [ 77.4569691, 11.8289769 ], [ 77.4603606, 11.8318371 ], [ 77.4633414, 11.8416039 ], [ 77.4666147, 11.847081 ], [ 77.4662438, 11.8500191 ], [ 77.4614084, 11.8536906 ], [ 77.4630527, 11.8588474 ], [ 77.4599381, 11.8634496 ], [ 77.4628433, 11.8648047 ], [ 77.4658564, 11.8741962 ], [ 77.4604753, 11.8812036 ], [ 77.4631426, 11.8843713 ], [ 77.4622257, 11.8879604 ], [ 77.463976, 11.8940256 ], [ 77.461628, 11.8999835 ], [ 77.4626517, 11.9008465 ], [ 77.4735239, 11.89918 ], [ 77.4747763, 11.8980044 ], [ 77.4741556, 11.8943886 ], [ 77.4772155, 11.8904554 ], [ 77.4806401, 11.8934102 ], [ 77.4840941, 11.8880122 ], [ 77.4862004, 11.8874103 ], [ 77.4849643, 11.8955511 ], [ 77.4830702, 11.8995745 ], [ 77.4905914, 11.9084895 ], [ 77.490886, 11.9106816 ], [ 77.4886056, 11.9123367 ], [ 77.4918861, 11.9211854 ], [ 77.4932028, 11.9313049 ], [ 77.4928672, 11.9412624 ], [ 77.4948007, 11.943847 ], [ 77.4967285, 11.9436066 ], [ 77.5004102, 11.939977 ], [ 77.5049172, 11.9411317 ], [ 77.5123136, 11.9378128 ], [ 77.5183404, 11.9382221 ], [ 77.5282431, 11.933783 ], [ 77.5379839, 11.9323854 ], [ 77.5425216, 11.9381633 ], [ 77.5581778, 11.9415488 ], [ 77.5610696, 11.9419157 ], [ 77.5753144, 11.9364816 ], [ 77.5859635, 11.9368724 ], [ 77.5883867, 11.9393406 ], [ 77.5935781, 11.9402228 ], [ 77.603452, 11.9376567 ], [ 77.6069539, 11.9420188 ], [ 77.612531, 11.942408 ], [ 77.6240019, 11.9473082 ], [ 77.6288585, 11.9463727 ], [ 77.6394393, 11.948045 ], [ 77.6423176, 11.9500247 ], [ 77.6472155, 11.9504901 ], [ 77.6487121, 11.9536675 ], [ 77.6520541, 11.9548199 ], [ 77.6561946, 11.9534636 ], [ 77.6573832, 11.949834 ], [ 77.6690702, 11.9490735 ], [ 77.672596, 11.9515499 ], [ 77.6756901, 11.9519788 ], [ 77.674506, 11.9539 ], [ 77.6747419, 11.9659364 ], [ 77.6963692, 12.0157675 ], [ 77.7089055, 12.0360181 ], [ 77.7148909, 12.0424436 ], [ 77.7266394, 12.0611342 ], [ 77.7427071, 12.0700233 ], [ 77.7556871, 12.0797337 ], [ 77.7642663, 12.1008725 ], [ 77.7677545, 12.1066367 ], [ 77.772595, 12.108293 ], [ 77.7758964, 12.1112999 ], [ 77.776722, 12.1141794 ], [ 77.7755629, 12.1184413 ], [ 77.768188, 12.1246713 ], [ 77.7572116, 12.1304386 ], [ 77.7514715, 12.1361988 ], [ 77.7467855, 12.1445277 ], [ 77.7474645, 12.1528937 ], [ 77.7452116, 12.1592903 ], [ 77.7354303, 12.1695859 ], [ 77.7333433, 12.1780797 ], [ 77.7276981, 12.1815303 ], [ 77.7208621, 12.1831237 ], [ 77.7113469, 12.1824261 ], [ 77.7022825, 12.1841326 ], [ 77.6772212, 12.192536 ], [ 77.6652392, 12.1982102 ], [ 77.6560775, 12.1995491 ], [ 77.6456934, 12.1983567 ], [ 77.6399867, 12.1963998 ], [ 77.6353737, 12.197435 ], [ 77.6298417, 12.2022351 ], [ 77.6209601, 12.1998847 ], [ 77.6107548, 12.2061442 ], [ 77.6053421, 12.205529 ], [ 77.5967367, 12.1992681 ], [ 77.5890773, 12.1995202 ], [ 77.5804211, 12.198095 ], [ 77.5738593, 12.200887 ], [ 77.5694348, 12.199738 ], [ 77.5657966, 12.1963293 ], [ 77.5462621, 12.2046632 ], [ 77.5401655, 12.2023787 ], [ 77.5358523, 12.1986168 ], [ 77.5281515, 12.1988943 ], [ 77.5230704, 12.1974596 ], [ 77.5186837, 12.1944792 ], [ 77.4927112, 12.1973321 ], [ 77.4864466, 12.203807 ], [ 77.4754428, 12.2055874 ], [ 77.4720388, 12.2078936 ], [ 77.482634, 12.2302045 ], [ 77.4821803, 12.2334183 ], [ 77.4784927, 12.2400593 ], [ 77.4711197, 12.2435102 ], [ 77.4720166, 12.2498696 ], [ 77.4735204, 12.2556142 ], [ 77.4782002, 12.2592148 ], [ 77.4770348, 12.2644628 ], [ 77.4790595, 12.2712735 ], [ 77.4850955, 12.2750498 ], [ 77.487598, 12.2804952 ], [ 77.4932781, 12.2788749 ], [ 77.4967405, 12.2821819 ], [ 77.4999818, 12.2825678 ], [ 77.5083821, 12.2759998 ], [ 77.5141871, 12.2753831 ], [ 77.5272247, 12.2787692 ], [ 77.5328365, 12.2914584 ], [ 77.5513368, 12.2912067 ], [ 77.5524013, 12.297449 ], [ 77.555043, 12.3015899 ], [ 77.5579016, 12.3032132 ], [ 77.5579148, 12.3053828 ], [ 77.5660046, 12.3062435 ], [ 77.5751891, 12.3254322 ], [ 77.578575, 12.3356658 ], [ 77.5822248, 12.3377727 ], [ 77.5915427, 12.3401381 ], [ 77.5986902, 12.3499922 ], [ 77.6008362, 12.3584264 ], [ 77.6076102, 12.3610499 ], [ 77.6130239, 12.3611213 ], [ 77.6168074, 12.3681995 ], [ 77.6180894, 12.3810991 ], [ 77.6205815, 12.3830111 ], [ 77.623331, 12.4122437 ], [ 77.6296163, 12.4183245 ], [ 77.629092, 12.4251268 ], [ 77.6260845, 12.430763 ], [ 77.6269811, 12.4411179 ], [ 77.6291472, 12.4463518 ], [ 77.6271741, 12.4584513 ], [ 77.6294185, 12.4606524 ], [ 77.6302786, 12.4646118 ], [ 77.6292437, 12.4667722 ], [ 77.6307616, 12.4702705 ], [ 77.633144, 12.4704513 ], [ 77.632399, 12.4791203 ], [ 77.6346254, 12.4875993 ], [ 77.6294783, 12.4944966 ], [ 77.6260882, 12.496309 ], [ 77.6164888, 12.4828443 ], [ 77.6074236, 12.4751238 ], [ 77.5987717, 12.4760451 ], [ 77.5956902, 12.4748017 ], [ 77.5836801, 12.4787954 ], [ 77.5887523, 12.48563 ], [ 77.5917975, 12.4851787 ], [ 77.6024032, 12.4971483 ], [ 77.6150663, 12.5041633 ], [ 77.6163265, 12.5091804 ], [ 77.6124942, 12.514622 ], [ 77.6067716, 12.5141334 ], [ 77.5939275, 12.5160845 ], [ 77.5872022, 12.5147547 ], [ 77.5885021, 12.5266193 ], [ 77.5854595, 12.5367974 ], [ 77.5863966, 12.5457195 ], [ 77.58035, 12.5515896 ], [ 77.5807109, 12.5653659 ], [ 77.5793428, 12.5730854 ], [ 77.5837964, 12.5758794 ], [ 77.5891732, 12.5893265 ], [ 77.5893198, 12.5926845 ], [ 77.5914229, 12.592093 ], [ 77.5910191, 12.615243 ], [ 77.594074, 12.6210603 ], [ 77.6046215, 12.6267564 ], [ 77.6062321, 12.6289125 ], [ 77.6033274, 12.6353212 ], [ 77.6047448, 12.6375947 ], [ 77.6007262, 12.643027 ], [ 77.5996447, 12.6426925 ], [ 77.5961228, 12.6502807 ], [ 77.5988731, 12.6671576 ], [ 77.6239084, 12.6739028 ], [ 77.6378833, 12.6757061 ], [ 77.6439826, 12.6789465 ], [ 77.6483638, 12.6793665 ], [ 77.6599101, 12.68384 ], [ 77.6763843, 12.6794716 ], [ 77.6750943, 12.6730899 ], [ 77.6771424, 12.6714399 ], [ 77.6773618, 12.6635213 ], [ 77.6789311, 12.6621018 ], [ 77.6786546, 12.6603889 ], [ 77.6899253, 12.6589858 ], [ 77.692187, 12.6608426 ], [ 77.7042282, 12.6614044 ], [ 77.7110146, 12.6671199 ], [ 77.7121446, 12.6743285 ], [ 77.7115905, 12.6831376 ], [ 77.7227644, 12.6796497 ], [ 77.7246224, 12.6711876 ], [ 77.7399282, 12.6729896 ], [ 77.7411767, 12.6754569 ], [ 77.7410063, 12.6857664 ], [ 77.7350199, 12.6918524 ], [ 77.7351819, 12.6940218 ], [ 77.7398845, 12.6998774 ], [ 77.7599523, 12.6969816 ], [ 77.7639239, 12.6996364 ], [ 77.7661207, 12.7079943 ], [ 77.7657452, 12.7137432 ], [ 77.7695531, 12.7125245 ], [ 77.7703196, 12.7178716 ], [ 77.7744513, 12.7242144 ], [ 77.7611996, 12.7273726 ], [ 77.762416, 12.7353142 ], [ 77.764436, 12.7379546 ], [ 77.7683533, 12.7400308 ], [ 77.7768203, 12.7405902 ], [ 77.7800565, 12.7420196 ], [ 77.7835561, 12.7412119 ], [ 77.792744, 12.7478635 ], [ 77.7943891, 12.7576216 ], [ 77.7845013, 12.7623819 ], [ 77.7788445, 12.7680068 ], [ 77.7895371, 12.7801641 ], [ 77.7929191, 12.7879843 ], [ 77.7985627, 12.7951181 ], [ 77.799479, 12.7956834 ], [ 77.8003728, 12.7944317 ], [ 77.8022097, 12.7962582 ], [ 77.8045406, 12.7940081 ], [ 77.8076442, 12.7952519 ], [ 77.807277, 12.7993874 ], [ 77.8051008, 12.7995991 ], [ 77.803393, 12.8048052 ], [ 77.7997338, 12.8052155 ], [ 77.8021619, 12.8170035 ], [ 77.8098952, 12.8155322 ], [ 77.8079633, 12.8230434 ], [ 77.8098816, 12.8315318 ], [ 77.795897, 12.8345333 ], [ 77.7924628, 12.8427037 ], [ 77.7948938, 12.8456197 ], [ 77.7967458, 12.8447751 ], [ 77.7991066, 12.8515373 ], [ 77.8079195, 12.847671 ], [ 77.8155453, 12.8557903 ], [ 77.8230767, 12.8558417 ], [ 77.8250705, 12.859146 ], [ 77.8324633, 12.8620445 ], [ 77.8321582, 12.8675223 ], [ 77.8360134, 12.8703297 ], [ 77.8426058, 12.8686901 ], [ 77.8473873, 12.8693189 ], [ 77.8509486, 12.8661104 ], [ 77.8577826, 12.8694115 ], [ 77.8759437, 12.8668034 ], [ 77.8772657, 12.8686158 ], [ 77.8825357, 12.8685616 ], [ 77.8847515, 12.8702248 ], [ 77.8903439, 12.8696551 ], [ 77.8949189, 12.8785733 ], [ 77.908412, 12.8788061 ], [ 77.9087582, 12.8848398 ], [ 77.921874, 12.8847385 ], [ 77.9250906, 12.8900893 ], [ 77.9293246, 12.8909156 ], [ 77.9360085, 12.8872443 ], [ 77.9361044, 12.8836059 ], [ 77.9346296, 12.8806595 ], [ 77.9271437, 12.8815197 ], [ 77.9277229, 12.8749163 ], [ 77.9416254, 12.872735 ], [ 77.941325, 12.8687397 ], [ 77.9394405, 12.8670452 ], [ 77.9364185, 12.8666662 ], [ 77.9355931, 12.8627479 ], [ 77.9313549, 12.8618087 ], [ 77.9269641, 12.8575158 ], [ 77.9242279, 12.8573265 ], [ 77.9228135, 12.8555641 ], [ 77.9240194, 12.8506284 ], [ 77.9172465, 12.8388512 ], [ 77.9185672, 12.8305755 ], [ 77.9205565, 12.8281572 ], [ 77.9240389, 12.8302854 ], [ 77.9267564, 12.8301719 ], [ 77.9285152, 12.8267773 ], [ 77.9348013, 12.8229253 ], [ 77.9406783, 12.8233444 ], [ 77.9421725, 12.8312082 ], [ 77.9466096, 12.8387092 ], [ 77.9405777, 12.8452512 ], [ 77.9399946, 12.8531426 ], [ 77.9411561, 12.8560576 ], [ 77.9436485, 12.8578196 ], [ 77.952336, 12.8571168 ], [ 77.9527762, 12.8501293 ], [ 77.9629975, 12.850176 ], [ 77.965309, 12.8478069 ], [ 77.9625741, 12.8373719 ], [ 77.9643183, 12.8328427 ], [ 77.9726965, 12.8328172 ], [ 77.9740514, 12.8348325 ], [ 77.9803939, 12.8350562 ], [ 77.9792715, 12.8270432 ], [ 77.9867952, 12.8218246 ], [ 77.9897842, 12.8215477 ], [ 77.9885214, 12.8081947 ], [ 77.9952026, 12.8058576 ], [ 77.9966911, 12.8078727 ], [ 78.0056064, 12.8086207 ], [ 78.0097803, 12.8057742 ], [ 78.0151101, 12.8133662 ], [ 78.0127725, 12.8188203 ], [ 78.0073551, 12.8211003 ], [ 78.0037102, 12.8247821 ], [ 78.0106206, 12.8309095 ], [ 78.014665, 12.829822 ], [ 78.0182977, 12.8310525 ], [ 78.0191496, 12.8439434 ], [ 78.0245995, 12.841975 ], [ 78.0289879, 12.8451857 ], [ 78.0297049, 12.8489102 ], [ 78.02407, 12.8525147 ], [ 78.0238657, 12.8565009 ], [ 78.0306502, 12.8580221 ], [ 78.0307307, 12.8524495 ], [ 78.0504699, 12.8487364 ], [ 78.0514315, 12.8524293 ], [ 78.0535591, 12.8537903 ], [ 78.059046, 12.8511705 ], [ 78.0604667, 12.8437496 ], [ 78.0668651, 12.8419615 ], [ 78.071204, 12.8424008 ], [ 78.0769899, 12.8391163 ], [ 78.0738597, 12.8305147 ], [ 78.0861986, 12.8319362 ], [ 78.0881292, 12.8278733 ], [ 78.0875309, 12.8248767 ], [ 78.0901749, 12.8235032 ], [ 78.090162, 12.8173609 ], [ 78.1047305, 12.8090781 ], [ 78.1093595, 12.8044911 ], [ 78.1203573, 12.801712 ], [ 78.1218817, 12.7992534 ], [ 78.1249904, 12.7981868 ], [ 78.125953, 12.7916785 ], [ 78.1298535, 12.787534 ], [ 78.1312581, 12.7838007 ], [ 78.1342376, 12.7819657 ], [ 78.135725, 12.7830866 ], [ 78.1451467, 12.7809303 ], [ 78.1676635, 12.7700808 ], [ 78.1716335, 12.7737863 ], [ 78.1773992, 12.7759458 ], [ 78.1823906, 12.7742544 ], [ 78.1841408, 12.775958 ], [ 78.1887632, 12.7720565 ], [ 78.1923371, 12.7742432 ], [ 78.1951644, 12.7738448 ], [ 78.2023702, 12.7712034 ], [ 78.2128627, 12.765031 ], [ 78.2181861, 12.7663761 ], [ 78.2238866, 12.7658815 ], [ 78.2309512, 12.7606597 ], [ 78.2321357, 12.7530371 ], [ 78.2357933, 12.7458455 ], [ 78.2349821, 12.7435363 ], [ 78.2360895, 12.7380987 ], [ 78.2382945, 12.7369633 ], [ 78.2408755, 12.7327138 ], [ 78.2410079, 12.7299431 ], [ 78.2311714, 12.7125552 ], [ 78.227121, 12.7148256 ], [ 78.2180724, 12.708804 ], [ 78.2134602, 12.710984 ], [ 78.2121701, 12.7076262 ], [ 78.2073963, 12.7083553 ], [ 78.2057476, 12.7064032 ], [ 78.2077176, 12.7048253 ], [ 78.2071275, 12.7022131 ], [ 78.2093649, 12.7025198 ], [ 78.2099398, 12.7005038 ], [ 78.2086871, 12.6989178 ], [ 78.2071543, 12.6995239 ], [ 78.2041932, 12.6958953 ], [ 78.1993641, 12.6954537 ], [ 78.199635, 12.6930673 ], [ 78.2012826, 12.6915979 ], [ 78.2033638, 12.693125 ], [ 78.2098629, 12.6904069 ], [ 78.2123482, 12.6884806 ], [ 78.210589, 12.6860767 ], [ 78.232119, 12.6872039 ], [ 78.2377068, 12.68576 ], [ 78.2392876, 12.7009952 ], [ 78.2445385, 12.7062926 ], [ 78.2608386, 12.7046197 ], [ 78.2710861, 12.705058 ], [ 78.2759395, 12.7021538 ], [ 78.2864543, 12.6890099 ], [ 78.295592, 12.6752641 ], [ 78.2964726, 12.671043 ], [ 78.3003582, 12.6688883 ], [ 78.3011554, 12.665919 ], [ 78.3060252, 12.666273 ], [ 78.3183668, 12.6619238 ], [ 78.325811, 12.6552362 ], [ 78.3310724, 12.6530271 ], [ 78.3322107, 12.649355 ], [ 78.3435923, 12.64874 ], [ 78.3521217, 12.6415772 ], [ 78.3556478, 12.6364567 ], [ 78.3628553, 12.6343376 ], [ 78.3714252, 12.6271064 ], [ 78.3794192, 12.625014 ], [ 78.3911089, 12.6273008 ], [ 78.4127347, 12.6270325 ], [ 78.4270676, 12.6352428 ], [ 78.4348259, 12.629551 ], [ 78.4416603, 12.6293326 ], [ 78.4458072, 12.6305338 ], [ 78.4584586, 12.6296447 ], [ 78.4649184, 12.6240111 ], [ 78.4717232, 12.6320404 ], [ 78.4705632, 12.6445922 ], [ 78.4747756, 12.6476325 ], [ 78.4705146, 12.6505627 ], [ 78.4678997, 12.6758921 ], [ 78.4844338, 12.6716831 ], [ 78.4848382, 12.6732703 ], [ 78.4931239, 12.6739256 ], [ 78.4997846, 12.6761403 ], [ 78.5001233, 12.6799054 ], [ 78.5038601, 12.681914 ], [ 78.5025241, 12.6841551 ], [ 78.5040387, 12.6837084 ], [ 78.5033589, 12.6899091 ], [ 78.5071427, 12.6902815 ], [ 78.5074414, 12.691407 ], [ 78.5029114, 12.6919066 ], [ 78.5039853, 12.6986415 ], [ 78.499409, 12.6992494 ], [ 78.4993157, 12.7016086 ], [ 78.4965757, 12.7032524 ], [ 78.4966903, 12.7042784 ], [ 78.5019338, 12.7044483 ], [ 78.5039606, 12.7112334 ], [ 78.5031708, 12.7163719 ], [ 78.5117794, 12.7076981 ], [ 78.5146198, 12.7079117 ], [ 78.5145542, 12.7104111 ], [ 78.5190705, 12.710386 ], [ 78.519691, 12.712393 ], [ 78.5175309, 12.7146926 ], [ 78.5198278, 12.7155749 ], [ 78.5202408, 12.7186846 ], [ 78.5178093, 12.7201163 ], [ 78.5165761, 12.7187011 ], [ 78.5092717, 12.7242345 ], [ 78.5059715, 12.7225245 ], [ 78.5064402, 12.7243416 ], [ 78.5042714, 12.7249372 ], [ 78.5016532, 12.7311143 ], [ 78.4969611, 12.7313378 ], [ 78.4926858, 12.7356423 ], [ 78.489088, 12.7419804 ], [ 78.4931651, 12.7471493 ], [ 78.5004682, 12.7435836 ], [ 78.5052708, 12.7429622 ], [ 78.507143, 12.7371056 ], [ 78.5117393, 12.7343191 ], [ 78.5138295, 12.7344691 ], [ 78.5116369, 12.7267937 ], [ 78.5166932, 12.7243733 ], [ 78.5185478, 12.7263312 ], [ 78.5191696, 12.7362839 ], [ 78.5209238, 12.7361309 ], [ 78.5227129, 12.7192144 ], [ 78.5270257, 12.7214851 ], [ 78.5250716, 12.7154188 ], [ 78.5295189, 12.7154929 ], [ 78.5332347, 12.7139847 ], [ 78.5375197, 12.7169873 ], [ 78.5369732, 12.7133172 ], [ 78.5442802, 12.7109378 ], [ 78.5399629, 12.7082245 ], [ 78.5377384, 12.7104519 ], [ 78.5350511, 12.7073188 ], [ 78.5327476, 12.7115846 ], [ 78.5310948, 12.7116382 ], [ 78.5296085, 12.7099518 ], [ 78.5313031, 12.6970171 ], [ 78.5360518, 12.6904923 ], [ 78.5417597, 12.6910638 ], [ 78.5458693, 12.6949385 ], [ 78.5558756, 12.7001573 ], [ 78.5566203, 12.7036061 ], [ 78.554879, 12.7075196 ], [ 78.5585111, 12.7079545 ], [ 78.5615859, 12.7100118 ], [ 78.5560415, 12.7151899 ], [ 78.5544197, 12.7192753 ], [ 78.5605545, 12.7271593 ], [ 78.5638574, 12.7376232 ], [ 78.5556292, 12.739212 ], [ 78.555992, 12.7425522 ], [ 78.5601217, 12.7437827 ], [ 78.5590479, 12.7471902 ], [ 78.5596966, 12.7491926 ], [ 78.5631957, 12.7513203 ], [ 78.5631586, 12.7522197 ], [ 78.5583423, 12.7499411 ], [ 78.5582629, 12.7537108 ], [ 78.5556281, 12.7557851 ], [ 78.5615305, 12.7614536 ], [ 78.5633588, 12.7614538 ], [ 78.5655837, 12.7593613 ], [ 78.5683799, 12.7669162 ], [ 78.5765609, 12.7673802 ], [ 78.5760488, 12.7719091 ], [ 78.592521, 12.7826756 ], [ 78.5930668, 12.7982329 ], [ 78.6011634, 12.8036791 ], [ 78.6003878, 12.8184228 ], [ 78.6077577, 12.8219026 ], [ 78.6015593, 12.8508038 ], [ 78.6130932, 12.8679366 ], [ 78.616685, 12.888579 ], [ 78.6228559, 12.9042475 ], [ 78.6268592, 12.907317 ], [ 78.6334455, 12.9261134 ], [ 78.6335324, 12.9313211 ], [ 78.6522633, 12.9291007 ], [ 78.6570139, 12.9321064 ], [ 78.6461154, 12.9458948 ], [ 78.6380585, 12.9647593 ], [ 78.6471693, 12.9662371 ], [ 78.6400211, 12.9709795 ], [ 78.6208991, 12.9912385 ], [ 78.6300082, 12.9944999 ], [ 78.6346165, 13.0008014 ], [ 78.6375526, 13.001318 ], [ 78.6451291, 13.0062285 ], [ 78.6520844, 13.013591 ], [ 78.6555204, 13.0152481 ], [ 78.6562147, 13.0311694 ], [ 78.6794206, 13.0226892 ], [ 78.7052714, 13.0152386 ], [ 78.7087151, 13.040125 ], [ 78.7145163, 13.0686783 ], [ 78.740289, 13.0639956 ], [ 78.7487575, 13.0585305 ], [ 78.751776, 13.0549418 ], [ 78.794304, 13.0665839 ], [ 78.7976252, 13.0748468 ], [ 78.8131399, 13.0891423 ], [ 78.8207984, 13.0877612 ], [ 78.8420364, 13.0786131 ], [ 78.8611141, 13.0836637 ], [ 78.8708781, 13.0819404 ], [ 78.8698001, 13.0895171 ], [ 78.8750976, 13.0968164 ], [ 78.881419, 13.0981813 ], [ 78.8912123, 13.0971507 ], [ 78.8956893, 13.0951211 ], [ 78.8922356, 13.0894447 ], [ 78.8889523, 13.0733597 ], [ 78.8912896, 13.0688129 ], [ 78.891643, 13.0330584 ], [ 78.9156269, 13.0335625 ], [ 78.9291245, 13.0364936 ], [ 78.9315487, 13.0346853 ], [ 78.9357481, 13.0347884 ], [ 78.937107, 13.0304267 ], [ 78.9402522, 13.0365771 ], [ 78.9337393, 13.0392587 ], [ 78.9289142, 13.0457678 ], [ 78.9217506, 13.047012 ], [ 78.9190903, 13.0438983 ], [ 78.9163521, 13.0438535 ], [ 78.9061184, 13.0451248 ], [ 78.9036754, 13.0477056 ], [ 78.9125978, 13.0659322 ], [ 78.9165721, 13.0673147 ], [ 78.9194899, 13.0648602 ], [ 78.92174, 13.0660937 ], [ 78.9239415, 13.0808091 ], [ 78.9274964, 13.0818299 ], [ 78.9414793, 13.0785187 ], [ 78.9491941, 13.0839945 ], [ 78.9495758, 13.0801708 ], [ 78.9554482, 13.0758394 ], [ 78.9606711, 13.076113 ], [ 78.9621343, 13.0787299 ], [ 78.9643837, 13.0775903 ], [ 78.9687869, 13.0778555 ], [ 78.9702795, 13.0747139 ], [ 78.9714376, 13.0770049 ], [ 78.9701891, 13.0796538 ], [ 78.9723022, 13.0838065 ], [ 78.9825156, 13.0864105 ], [ 78.9950012, 13.0866087 ], [ 79.0039173, 13.0846 ], [ 79.0036875, 13.0832124 ], [ 79.0081702, 13.0807062 ], [ 79.0094951, 13.0772267 ], [ 79.0122244, 13.0773635 ], [ 79.0122619, 13.0762111 ], [ 79.015332, 13.0769447 ], [ 79.0166647, 13.0764119 ], [ 79.0165595, 13.0745453 ], [ 79.0186616, 13.0751292 ], [ 79.0229913, 13.0737933 ], [ 79.0243844, 13.0718731 ], [ 79.0286902, 13.0726206 ], [ 79.0297421, 13.0709849 ], [ 79.0315581, 13.0720341 ], [ 79.0345971, 13.0699789 ], [ 79.0369481, 13.0705944 ], [ 79.036277, 13.0654554 ], [ 79.0386851, 13.0611356 ], [ 79.055578, 13.0566124 ], [ 79.0633976, 13.0531073 ], [ 79.0645233, 13.0500569 ], [ 79.0628663, 13.0406377 ], [ 79.0739407, 13.0328485 ], [ 79.0809073, 13.0257271 ], [ 79.0868162, 13.0280061 ], [ 79.0911403, 13.0260679 ], [ 79.098308, 13.0260644 ], [ 79.0998333, 13.029287 ], [ 79.1059635, 13.0348604 ], [ 79.1074658, 13.0382773 ], [ 79.1144818, 13.0392721 ], [ 79.1275412, 13.0355711 ], [ 79.1373414, 13.0348118 ], [ 79.1483115, 13.0246558 ], [ 79.1595674, 13.020334 ], [ 79.1631211, 13.0202704 ], [ 79.168312, 13.024265 ], [ 79.1710914, 13.0239799 ], [ 79.1718571, 13.027279 ], [ 79.1758258, 13.0270976 ], [ 79.1764208, 13.0288511 ], [ 79.1810662, 13.0297356 ], [ 79.1822017, 13.0318736 ], [ 79.1848334, 13.0298528 ], [ 79.1884962, 13.0419464 ], [ 79.1929965, 13.0466955 ], [ 79.1918905, 13.0483545 ], [ 79.1827074, 13.0473215 ], [ 79.1804397, 13.0488495 ], [ 79.1796617, 13.0544992 ], [ 79.1920999, 13.0561462 ], [ 79.1913445, 13.0585644 ], [ 79.1847424, 13.0568032 ], [ 79.1798789, 13.0575408 ], [ 79.178298, 13.0591862 ], [ 79.1800739, 13.0643111 ], [ 79.1873157, 13.0606578 ], [ 79.1880913, 13.0656608 ], [ 79.1921211, 13.0674316 ], [ 79.1907994, 13.0733526 ], [ 79.1840082, 13.0727304 ], [ 79.1856454, 13.0752248 ], [ 79.1853283, 13.0796722 ], [ 79.1832402, 13.0819323 ], [ 79.1813679, 13.0799035 ], [ 79.1806588, 13.0842424 ], [ 79.1876574, 13.0834636 ], [ 79.1889765, 13.0851716 ], [ 79.1885529, 13.0878971 ], [ 79.1906878, 13.0887327 ], [ 79.1930976, 13.0822873 ], [ 79.1982934, 13.0813413 ], [ 79.2008635, 13.0888341 ], [ 79.2096435, 13.0927184 ], [ 79.2127477, 13.0924485 ], [ 79.2246129, 13.100799 ], [ 79.2344267, 13.1052289 ], [ 79.2342692, 13.1146613 ], [ 79.2384117, 13.1185509 ], [ 79.2303776, 13.126373 ], [ 79.2293651, 13.1315844 ], [ 79.232873, 13.1393702 ], [ 79.2282893, 13.1399822 ], [ 79.2231487, 13.143559 ], [ 79.2219737, 13.1462395 ], [ 79.2192157, 13.1456168 ], [ 79.2159929, 13.1478099 ], [ 79.21003, 13.1484581 ], [ 79.2146862, 13.1569578 ], [ 79.2181128, 13.1568528 ], [ 79.2181123, 13.1553568 ], [ 79.2273223, 13.1556157 ], [ 79.225608, 13.1588568 ], [ 79.2296908, 13.1619873 ], [ 79.2349292, 13.1708435 ], [ 79.2395095, 13.171967 ], [ 79.2426869, 13.171003 ], [ 79.2411137, 13.1596144 ], [ 79.2431241, 13.1585831 ], [ 79.2442052, 13.1527389 ], [ 79.2422769, 13.151551 ], [ 79.2420823, 13.1496303 ], [ 79.2434659, 13.1497698 ], [ 79.2433928, 13.1511484 ], [ 79.2449597, 13.14882 ], [ 79.2424367, 13.1479534 ], [ 79.2401846, 13.1443659 ], [ 79.2452731, 13.1382758 ], [ 79.2539079, 13.1457703 ], [ 79.2547041, 13.1491875 ], [ 79.2522093, 13.1577236 ], [ 79.2532733, 13.1602551 ], [ 79.2574561, 13.1607363 ], [ 79.2592788, 13.1588705 ], [ 79.2603668, 13.1595626 ], [ 79.2602736, 13.1521414 ], [ 79.2616712, 13.1518709 ], [ 79.2620875, 13.1490418 ], [ 79.2673954, 13.149668 ], [ 79.2697548, 13.1537502 ], [ 79.2745364, 13.155673 ], [ 79.2773587, 13.1562165 ], [ 79.2803394, 13.1528687 ], [ 79.2798661, 13.1486111 ], [ 79.280384, 13.1450499 ], [ 79.2824604, 13.1425197 ], [ 79.2840176, 13.1227699 ], [ 79.2856054, 13.1237183 ], [ 79.2887399, 13.1219943 ], [ 79.3050163, 13.1264332 ], [ 79.3124637, 13.1261416 ], [ 79.2992639, 13.1186578 ], [ 79.2987715, 13.1157109 ], [ 79.3015434, 13.1136644 ], [ 79.2958445, 13.11237 ], [ 79.2943054, 13.109599 ], [ 79.2981473, 13.1069563 ], [ 79.3016929, 13.1077845 ], [ 79.3039621, 13.1058056 ], [ 79.3052864, 13.1067149 ], [ 79.3071899, 13.1055219 ], [ 79.3093056, 13.1078138 ], [ 79.3099084, 13.1120127 ], [ 79.3132098, 13.112687 ], [ 79.3161473, 13.1116257 ], [ 79.3188985, 13.1136015 ], [ 79.3119222, 13.116569 ], [ 79.3213012, 13.1170188 ], [ 79.3242382, 13.118538 ], [ 79.3238275, 13.1197763 ], [ 79.3192388, 13.1218045 ], [ 79.3186712, 13.1234721 ], [ 79.3267727, 13.1260772 ], [ 79.3290175, 13.1305249 ], [ 79.3396237, 13.1304545 ], [ 79.341306, 13.1368204 ], [ 79.3446441, 13.1366741 ], [ 79.3435572, 13.1310156 ], [ 79.3451438, 13.1291266 ], [ 79.3453847, 13.1214255 ], [ 79.3476534, 13.1218007 ], [ 79.3485482, 13.1202552 ], [ 79.3535974, 13.1205269 ], [ 79.3536573, 13.1214263 ], [ 79.3580979, 13.121716 ], [ 79.3605048, 13.1235375 ], [ 79.3617541, 13.1287488 ], [ 79.3648811, 13.1306646 ], [ 79.3655212, 13.1339329 ], [ 79.3646036, 13.1340368 ], [ 79.3649538, 13.1368887 ], [ 79.3636165, 13.1370423 ], [ 79.3633858, 13.1389721 ], [ 79.3611409, 13.138642 ], [ 79.3595436, 13.1475454 ], [ 79.3599629, 13.1519655 ], [ 79.3574629, 13.1559426 ], [ 79.3573609, 13.1621072 ], [ 79.3561154, 13.1645793 ], [ 79.3634207, 13.1659539 ], [ 79.370113, 13.1628086 ], [ 79.3800381, 13.1629263 ], [ 79.3805962, 13.1689555 ], [ 79.3792355, 13.1715135 ], [ 79.3695222, 13.1729143 ], [ 79.3726952, 13.1788396 ], [ 79.3755457, 13.1777007 ], [ 79.3822843, 13.1796171 ], [ 79.3853376, 13.177416 ], [ 79.3877267, 13.177529 ], [ 79.3875424, 13.1802226 ], [ 79.3852131, 13.1816824 ], [ 79.3856052, 13.1830473 ], [ 79.3781377, 13.1847061 ], [ 79.3728148, 13.1877204 ], [ 79.3740325, 13.1892571 ], [ 79.387395, 13.1890989 ], [ 79.3920217, 13.1923791 ], [ 79.3958038, 13.1918239 ], [ 79.3961956, 13.1886782 ], [ 79.3990646, 13.1878058 ], [ 79.3985481, 13.1887549 ], [ 79.4004668, 13.1892656 ], [ 79.4008361, 13.1916563 ], [ 79.4091851, 13.1940374 ], [ 79.4102741, 13.1938249 ], [ 79.4101717, 13.190512 ], [ 79.418442, 13.1904341 ], [ 79.4211402, 13.1892227 ], [ 79.4214633, 13.1906009 ], [ 79.4253837, 13.1895381 ], [ 79.4262003, 13.1904871 ], [ 79.4384277, 13.1881751 ], [ 79.4372937, 13.1910589 ], [ 79.4331473, 13.1925195 ], [ 79.4323825, 13.1969715 ], [ 79.4356622, 13.1972149 ], [ 79.4360964, 13.2001705 ], [ 79.4395619, 13.205887 ], [ 79.4438523, 13.2077751 ], [ 79.4411909, 13.2082684 ], [ 79.4362192, 13.2127393 ], [ 79.4373786, 13.2195545 ], [ 79.4394746, 13.2196807 ], [ 79.4397077, 13.2176378 ], [ 79.4463642, 13.2170124 ], [ 79.4485273, 13.2156922 ], [ 79.453736, 13.2169269 ], [ 79.4531517, 13.2383518 ], [ 79.4414934, 13.2379933 ], [ 79.4415241, 13.2365484 ], [ 79.4388168, 13.2343557 ], [ 79.4399969, 13.2306042 ], [ 79.4308664, 13.229848 ], [ 79.4298708, 13.2312119 ], [ 79.4350749, 13.2322323 ], [ 79.4397859, 13.2358605 ], [ 79.431491, 13.2360656 ], [ 79.4313762, 13.2382847 ], [ 79.4381307, 13.2400278 ], [ 79.4376793, 13.2428888 ], [ 79.4324291, 13.2432604 ], [ 79.4276861, 13.241553 ], [ 79.4245907, 13.2433433 ], [ 79.4214349, 13.2421326 ], [ 79.4184962, 13.2429601 ], [ 79.4196638, 13.2457168 ], [ 79.4170434, 13.2458528 ], [ 79.4220804, 13.2493665 ], [ 79.4226358, 13.2513163 ], [ 79.4218426, 13.2522561 ], [ 79.4168596, 13.2516828 ], [ 79.4161688, 13.2604101 ], [ 79.4130779, 13.2629505 ], [ 79.4084687, 13.2639137 ], [ 79.4084181, 13.2652696 ], [ 79.4114217, 13.2646501 ], [ 79.4136828, 13.2662361 ], [ 79.4175873, 13.2717372 ], [ 79.4337323, 13.274987 ], [ 79.4347229, 13.2890652 ], [ 79.435757, 13.2912795 ], [ 79.4463103, 13.2916159 ], [ 79.4454222, 13.3012517 ], [ 79.4305398, 13.3002473 ], [ 79.4200353, 13.2895468 ], [ 79.418831, 13.2897504 ], [ 79.4184116, 13.2935243 ], [ 79.419584, 13.2952325 ], [ 79.4157684, 13.2995808 ], [ 79.413798, 13.3001505 ], [ 79.4053023, 13.2975663 ], [ 79.4021738, 13.2997133 ], [ 79.3941167, 13.2999308 ], [ 79.3898389, 13.2974272 ], [ 79.3886579, 13.3097835 ], [ 79.381888, 13.3074878 ], [ 79.383494, 13.3132591 ], [ 79.387809, 13.3180497 ], [ 79.393467, 13.3175976 ], [ 79.3957559, 13.3157173 ], [ 79.397828, 13.3173623 ], [ 79.4020231, 13.3173529 ], [ 79.4018988, 13.3214838 ], [ 79.3987606, 13.3216739 ], [ 79.3983597, 13.3302022 ], [ 79.4024765, 13.3302289 ], [ 79.4053614, 13.3350375 ], [ 79.4082967, 13.3351095 ], [ 79.4092473, 13.3333422 ], [ 79.4125425, 13.3329532 ], [ 79.4129067, 13.3299251 ], [ 79.4147205, 13.3300333 ], [ 79.4209889, 13.3362873 ], [ 79.4316688, 13.3367148 ], [ 79.4325937, 13.345392 ], [ 79.4357282, 13.3481392 ], [ 79.435429, 13.3517097 ], [ 79.4376302, 13.3497432 ], [ 79.4476634, 13.346315 ], [ 79.4531079, 13.3398823 ], [ 79.4562551, 13.3385707 ], [ 79.4640654, 13.3417229 ], [ 79.4654397, 13.338726 ], [ 79.4728059, 13.3392432 ], [ 79.4745697, 13.3410865 ], [ 79.4804862, 13.3399996 ], [ 79.4997084, 13.3477874 ], [ 79.4973839, 13.332038 ], [ 79.5100814, 13.3341749 ], [ 79.5110837, 13.3419713 ], [ 79.5217915, 13.3418135 ], [ 79.525935, 13.3443868 ], [ 79.5351775, 13.338574 ], [ 79.5373051, 13.3386471 ], [ 79.5418461, 13.3273005 ], [ 79.539356, 13.3218808 ], [ 79.5441067, 13.3167846 ], [ 79.5421662, 13.3102398 ], [ 79.5348645, 13.3013701 ], [ 79.535078, 13.2980168 ], [ 79.5378337, 13.2959027 ], [ 79.537096, 13.2944336 ], [ 79.5412313, 13.2924375 ], [ 79.5387872, 13.2882065 ], [ 79.5351523, 13.2850913 ], [ 79.5336643, 13.2790844 ], [ 79.5346024, 13.2753969 ], [ 79.5400206, 13.2723618 ], [ 79.5584076, 13.2727202 ], [ 79.5654316, 13.2677734 ], [ 79.5734896, 13.2593647 ], [ 79.5792664, 13.2577931 ], [ 79.5825654, 13.2573418 ], [ 79.5913125, 13.2614289 ], [ 79.5938448, 13.2664052 ], [ 79.5944622, 13.2719506 ], [ 79.5926576, 13.2750642 ], [ 79.5948861, 13.2760498 ], [ 79.5960568, 13.2848538 ], [ 79.6057881, 13.2881993 ], [ 79.6080861, 13.28749 ], [ 79.6060889, 13.2795492 ], [ 79.6141174, 13.2826954 ], [ 79.6195486, 13.2795592 ], [ 79.6278451, 13.2701274 ], [ 79.631361, 13.2696981 ], [ 79.6320438, 13.2712979 ], [ 79.6340602, 13.2715691 ], [ 79.6315548, 13.2771867 ], [ 79.6343648, 13.2774263 ], [ 79.6346048, 13.2805447 ], [ 79.6332621, 13.2823841 ], [ 79.6380471, 13.2842505 ], [ 79.6384671, 13.2874864 ], [ 79.6395142, 13.277399 ], [ 79.6412675, 13.2755867 ], [ 79.6424817, 13.2901482 ], [ 79.6496804, 13.2922719 ], [ 79.6517938, 13.2918334 ], [ 79.6547187, 13.2856099 ], [ 79.6578332, 13.283847 ], [ 79.6589087, 13.286685 ], [ 79.6638741, 13.2897667 ], [ 79.6666422, 13.2859791 ], [ 79.6647313, 13.2816181 ], [ 79.6653861, 13.2787165 ], [ 79.6687087, 13.2811836 ], [ 79.6713387, 13.2801212 ], [ 79.6749383, 13.2829362 ], [ 79.6781434, 13.2974113 ], [ 79.6826053, 13.2958241 ], [ 79.6812563, 13.2879922 ], [ 79.6831851, 13.2881907 ], [ 79.6851687, 13.2853792 ], [ 79.6894317, 13.2830327 ], [ 79.6904508, 13.2803434 ], [ 79.6939345, 13.2797957 ], [ 79.6936652, 13.2734776 ], [ 79.6888059, 13.2708666 ], [ 79.6903561, 13.2701386 ], [ 79.6908169, 13.2676844 ], [ 79.693466, 13.2705129 ], [ 79.6954405, 13.2691114 ], [ 79.6938288, 13.2637427 ], [ 79.6917156, 13.2635489 ], [ 79.6911244, 13.260982 ], [ 79.6891312, 13.2609373 ], [ 79.6895148, 13.2637438 ], [ 79.6874207, 13.2665553 ], [ 79.6805686, 13.2645592 ], [ 79.680259, 13.2622408 ], [ 79.6782933, 13.2616536 ], [ 79.6804231, 13.2524788 ], [ 79.6842738, 13.2444288 ], [ 79.6891354, 13.2398314 ], [ 79.6926834, 13.2406487 ], [ 79.6959353, 13.2385553 ], [ 79.693067, 13.2432924 ], [ 79.6963425, 13.2432509 ], [ 79.6982501, 13.2509924 ], [ 79.6996559, 13.2509181 ], [ 79.700982, 13.2530255 ], [ 79.7032745, 13.251104 ], [ 79.7091246, 13.2510435 ], [ 79.7082384, 13.2500449 ], [ 79.7089668, 13.2480833 ], [ 79.7125458, 13.2446654 ], [ 79.7112394, 13.242501 ], [ 79.7140652, 13.2357343 ], [ 79.7060975, 13.2341957 ], [ 79.7022424, 13.2241499 ], [ 79.7027078, 13.2223961 ], [ 79.7079388, 13.2215133 ], [ 79.7118639, 13.2192659 ], [ 79.7119602, 13.2177745 ], [ 79.7138287, 13.2180811 ], [ 79.7164067, 13.2164217 ], [ 79.7194888, 13.2180024 ], [ 79.7216451, 13.2234567 ], [ 79.7261103, 13.2224518 ], [ 79.7258793, 13.221661 ], [ 79.7314015, 13.2224453 ], [ 79.7302754, 13.2325333 ], [ 79.7327472, 13.2332595 ], [ 79.7326393, 13.2368756 ], [ 79.7373171, 13.2365348 ], [ 79.7390764, 13.2294971 ], [ 79.742771, 13.2282933 ], [ 79.7424697, 13.2252564 ], [ 79.7479716, 13.2216744 ], [ 79.7498422, 13.2167982 ], [ 79.7509956, 13.2164236 ], [ 79.7500821, 13.2079943 ], [ 79.754991, 13.2064782 ], [ 79.7598433, 13.2074432 ], [ 79.7609558, 13.2152625 ], [ 79.7642522, 13.2191146 ], [ 79.7675557, 13.2180585 ], [ 79.7677535, 13.2192699 ], [ 79.7700233, 13.2189455 ], [ 79.7697655, 13.217707 ], [ 79.7735891, 13.2190329 ], [ 79.7733093, 13.2154939 ], [ 79.7754775, 13.2153096 ], [ 79.7779558, 13.2235858 ], [ 79.7811529, 13.2233927 ], [ 79.7847816, 13.2279046 ], [ 79.7930896, 13.2293042 ], [ 79.7932475, 13.2264117 ], [ 79.794493, 13.2263217 ], [ 79.794732, 13.2421039 ], [ 79.7872062, 13.2451837 ], [ 79.7828495, 13.2489106 ], [ 79.7815966, 13.2515894 ], [ 79.7724671, 13.2532307 ], [ 79.7704612, 13.2552429 ], [ 79.7611934, 13.2575211 ], [ 79.7516421, 13.2653672 ], [ 79.7480824, 13.2709863 ], [ 79.7417151, 13.270953 ], [ 79.7402491, 13.2737647 ], [ 79.7350361, 13.2759362 ], [ 79.73281, 13.2821423 ], [ 79.7306508, 13.2828662 ], [ 79.7340447, 13.2890158 ], [ 79.7392415, 13.2913457 ], [ 79.7442283, 13.2885912 ], [ 79.7486362, 13.2911924 ], [ 79.7524165, 13.2916568 ], [ 79.7567467, 13.2952884 ], [ 79.7602802, 13.3016094 ], [ 79.761206, 13.3070729 ], [ 79.7618597, 13.3126406 ], [ 79.7602705, 13.3182049 ], [ 79.7681412, 13.3139208 ], [ 79.7704229, 13.3092193 ], [ 79.7751972, 13.3059807 ], [ 79.7802274, 13.306145 ], [ 79.7855883, 13.2966645 ], [ 79.7917328, 13.2935241 ], [ 79.801645, 13.3005048 ], [ 79.8047648, 13.3074446 ], [ 79.8035998, 13.3109752 ], [ 79.80788, 13.3141268 ], [ 79.8089991, 13.3172354 ], [ 79.8173623, 13.3185536 ], [ 79.8291897, 13.3175097 ], [ 79.8360862, 13.3142231 ], [ 79.836687, 13.3152305 ], [ 79.8457228, 13.3151371 ], [ 79.8480501, 13.3165995 ], [ 79.8532643, 13.3159622 ], [ 79.8535456, 13.3207073 ], [ 79.8628089, 13.3169208 ], [ 79.8680653, 13.3310664 ], [ 79.8776349, 13.3242781 ], [ 79.8808475, 13.3247811 ], [ 79.8828997, 13.3233193 ], [ 79.883505, 13.3328593 ], [ 79.8868118, 13.3350976 ], [ 79.8921703, 13.3352323 ], [ 79.9037699, 13.3404199 ], [ 79.9051578, 13.3435298 ], [ 79.9103822, 13.3472707 ], [ 79.914851, 13.348138 ], [ 79.9149012, 13.3515636 ], [ 79.9133604, 13.3522433 ], [ 79.9168105, 13.358083 ], [ 79.915786, 13.3582695 ], [ 79.9159724, 13.3598692 ], [ 79.9252899, 13.3583581 ], [ 79.9292052, 13.3556192 ], [ 79.9313002, 13.3515131 ], [ 79.9331147, 13.3519177 ], [ 79.9337687, 13.3544794 ], [ 79.9350775, 13.3541222 ], [ 79.9359128, 13.3564383 ], [ 79.9380071, 13.3555229 ], [ 79.9409987, 13.3612254 ], [ 79.9429025, 13.3612746 ], [ 79.9421993, 13.3635578 ], [ 79.9456475, 13.3637388 ], [ 79.9454179, 13.3682224 ], [ 79.9464426, 13.3681759 ], [ 79.9480667, 13.3743011 ], [ 79.949471, 13.37548 ], [ 79.9491922, 13.3776678 ], [ 79.9479365, 13.3775292 ], [ 79.9480766, 13.3787628 ], [ 79.9450477, 13.3817765 ], [ 79.9476558, 13.3817281 ], [ 79.9482163, 13.3832369 ], [ 79.949989, 13.3798134 ], [ 79.9538999, 13.3771194 ], [ 79.9579959, 13.3791504 ], [ 79.961453, 13.3881223 ], [ 79.9625705, 13.3884384 ], [ 79.9627546, 13.3913577 ], [ 79.9614539, 13.3955986 ], [ 79.9562348, 13.3971374 ], [ 79.9443564, 13.3968677 ], [ 79.9432334, 13.3996033 ], [ 79.941282, 13.400609 ], [ 79.9457047, 13.4077306 ], [ 79.9436551, 13.4079592 ], [ 79.9413773, 13.4101494 ], [ 79.9422117, 13.4127967 ], [ 79.9383891, 13.4127969 ], [ 79.9377408, 13.4148947 ], [ 79.9345755, 13.4164539 ], [ 79.9418382, 13.41672 ], [ 79.9420314, 13.4197343 ], [ 79.9396096, 13.4250294 ], [ 79.9481788, 13.4250278 ], [ 79.9494791, 13.4237517 ], [ 79.9515294, 13.4240203 ], [ 79.9525521, 13.4258448 ], [ 79.9557232, 13.425208 ], [ 79.9550684, 13.4223797 ], [ 79.9566518, 13.4221924 ], [ 79.9574594, 13.4235048 ], [ 79.9619675, 13.4233786 ], [ 79.9654616, 13.4251017 ], [ 79.9657855, 13.4265733 ], [ 79.9707268, 13.4272988 ], [ 79.9707283, 13.428397 ], [ 79.9733387, 13.4296725 ], [ 79.9728727, 13.4397152 ], [ 79.9711051, 13.4402599 ], [ 79.9720365, 13.4426313 ], [ 79.9724203, 13.4690917 ], [ 79.9823969, 13.4704564 ], [ 79.9840773, 13.4795786 ], [ 80.0074905, 13.4786405 ], [ 80.0076231, 13.4813522 ], [ 80.0122022, 13.4854716 ], [ 80.0135185, 13.4851921 ], [ 80.0158396, 13.4890256 ], [ 80.0144368, 13.4961159 ], [ 80.0159046, 13.4979515 ], [ 80.0299998, 13.4981881 ], [ 80.0466183, 13.4936838 ], [ 80.0484232, 13.5122508 ], [ 80.0355203, 13.5183054 ], [ 80.0271859, 13.5137005 ], [ 80.0195204, 13.5192508 ], [ 80.0176531, 13.5295586 ], [ 80.0079924, 13.5258065 ], [ 80.0005191, 13.5256754 ], [ 79.9986, 13.5342804 ], [ 79.9985997, 13.5427238 ], [ 80.0005084, 13.5421712 ], [ 80.0055322, 13.5452565 ], [ 80.0168945, 13.5471793 ], [ 80.0217737, 13.5449539 ], [ 80.0238981, 13.5460352 ], [ 80.0284381, 13.5388246 ], [ 80.0398011, 13.5390063 ], [ 80.0430445, 13.5374532 ], [ 80.0569346, 13.5366365 ], [ 80.0598101, 13.5424089 ], [ 80.0627514, 13.5453567 ], [ 80.068401, 13.544613 ], [ 80.0760268, 13.5465906 ], [ 80.0812594, 13.5497512 ], [ 80.0886406, 13.5353997 ], [ 80.0828445, 13.5327994 ], [ 80.0771419, 13.5268049 ], [ 80.0767985, 13.5038371 ], [ 80.0781901, 13.4888114 ], [ 80.1030639, 13.4869489 ], [ 80.1009346, 13.4898456 ], [ 80.1051599, 13.4933532 ], [ 80.106398, 13.4898733 ], [ 80.108213, 13.4889199 ], [ 80.1115147, 13.4932814 ], [ 80.1127715, 13.5059474 ], [ 80.118836, 13.5036932 ], [ 80.1237917, 13.5034724 ], [ 80.1267382, 13.5046342 ], [ 80.131708, 13.501435 ], [ 80.1392128, 13.5042738 ], [ 80.1446133, 13.5013275 ], [ 80.1455334, 13.4994869 ], [ 80.145145, 13.4914152 ], [ 80.1538411, 13.4908858 ], [ 80.1630449, 13.4882274 ], [ 80.1708128, 13.4889042 ], [ 80.1771217, 13.4911718 ], [ 80.186529, 13.4906502 ], [ 80.2033203, 13.4883817 ], [ 80.2099121, 13.4862938 ], [ 80.2106039, 13.4904765 ], [ 80.2145986, 13.4902718 ], [ 80.2138305, 13.4860961 ], [ 80.2258881, 13.4850705 ], [ 80.2260954, 13.4837959 ], [ 80.2288197, 13.482891 ], [ 80.2351981, 13.4740032 ], [ 80.2409748, 13.4733093 ], [ 80.241814, 13.470647 ], [ 80.2511093, 13.5027695 ], [ 80.2640496, 13.5626374 ], [ 80.2687489, 13.5646282 ], [ 80.2812101, 13.5335108 ], [ 80.2929341, 13.4959919 ] ], [ [ 79.6915332, 12.0346703 ], [ 79.6897684, 12.0278545 ], [ 79.6850661, 12.0264046 ], [ 79.6834168, 12.0216093 ], [ 79.6754777, 12.0213665 ], [ 79.6711232, 12.0101171 ], [ 79.6616327, 12.0122968 ], [ 79.6605032, 12.0114021 ], [ 79.6576191, 12.0051648 ], [ 79.6584415, 12.0014122 ], [ 79.6570248, 11.991387 ], [ 79.6608628, 11.989208 ], [ 79.6625156, 11.9895198 ], [ 79.6672952, 11.9909565 ], [ 79.6739025, 11.9950959 ], [ 79.6780331, 11.9862451 ], [ 79.6809296, 11.9834107 ], [ 79.6854717, 11.9916406 ], [ 79.6927346, 11.989917 ], [ 79.6947231, 11.9919912 ], [ 79.7014353, 11.9918766 ], [ 79.702322, 11.9941815 ], [ 79.7056049, 11.9946147 ], [ 79.7146438, 11.9906843 ], [ 79.7179861, 11.9904166 ], [ 79.7178627, 11.9923015 ], [ 79.7196119, 11.9922151 ], [ 79.7180236, 11.9929523 ], [ 79.7175615, 11.9978159 ], [ 79.7153807, 11.998246 ], [ 79.7151334, 12.0002483 ], [ 79.7030473, 12.0081537 ], [ 79.7026812, 12.0129539 ], [ 79.7015978, 12.013831 ], [ 79.7044114, 12.0270421 ], [ 79.7035906, 12.0314176 ], [ 79.6956824, 12.0329997 ], [ 79.6939622, 12.0348098 ], [ 79.6915332, 12.0346703 ] ], [ [ 79.7935211, 12.0169843 ], [ 79.8018594, 12.0170681 ], [ 79.8050541, 12.0210014 ], [ 79.8056684, 12.024491 ], [ 79.8043364, 12.0258556 ], [ 79.7925357, 12.0253504 ], [ 79.7888023, 12.0263752 ], [ 79.7899789, 12.0233337 ], [ 79.7891081, 12.0182259 ], [ 79.7935211, 12.0169843 ] ], [ [ 79.6386083, 11.9867629 ], [ 79.6414791, 11.9916276 ], [ 79.6361672, 11.9957995 ], [ 79.6364473, 11.9980867 ], [ 79.6423104, 11.9992255 ], [ 79.6438873, 12.00517 ], [ 79.6453162, 12.0047224 ], [ 79.6477851, 12.0187525 ], [ 79.6509994, 12.0218123 ], [ 79.6438413, 12.0274355 ], [ 79.639828, 12.0278334 ], [ 79.6375046, 12.0265407 ], [ 79.6349241, 12.0283939 ], [ 79.6352593, 12.0294199 ], [ 79.6335832, 12.0290539 ], [ 79.6311818, 12.0313681 ], [ 79.6255292, 12.0321726 ], [ 79.6257634, 12.028525 ], [ 79.6272466, 12.0268481 ], [ 79.6267967, 12.023761 ], [ 79.6281971, 12.0233497 ], [ 79.6290466, 12.0187981 ], [ 79.625828, 12.0153855 ], [ 79.6207131, 12.0135277 ], [ 79.6191738, 12.001412 ], [ 79.6196844, 12.0004232 ], [ 79.6263234, 12.0003602 ], [ 79.6236103, 11.9893224 ], [ 79.6171782, 11.9895527 ], [ 79.6179726, 11.9849785 ], [ 79.6208237, 11.9839391 ], [ 79.6208512, 11.9823842 ], [ 79.6243727, 11.9817876 ], [ 79.6245702, 11.9760067 ], [ 79.6186069, 11.9699543 ], [ 79.6274855, 11.9681465 ], [ 79.6265996, 11.9642729 ], [ 79.6287573, 11.9596038 ], [ 79.628404, 11.9451354 ], [ 79.6247455, 11.9431331 ], [ 79.6189136, 11.9432169 ], [ 79.6179475, 11.9360364 ], [ 79.6184851, 11.9260608 ], [ 79.6270319, 11.9217807 ], [ 79.6283768, 11.9194846 ], [ 79.6253248, 11.9030273 ], [ 79.6320901, 11.9012556 ], [ 79.6407141, 11.9022046 ], [ 79.6411135, 11.9077778 ], [ 79.6558788, 11.9078989 ], [ 79.6560491, 11.9129251 ], [ 79.6626722, 11.9130963 ], [ 79.6627, 11.9151663 ], [ 79.6610981, 11.9151801 ], [ 79.6610294, 11.9163146 ], [ 79.6625762, 11.91645 ], [ 79.6626728, 11.9181903 ], [ 79.6688693, 11.9182663 ], [ 79.6690034, 11.9260181 ], [ 79.670698, 11.9315773 ], [ 79.6698388, 11.9316173 ], [ 79.6703541, 11.934999 ], [ 79.6693361, 11.9374733 ], [ 79.6641761, 11.9383356 ], [ 79.6642632, 11.9369795 ], [ 79.6606925, 11.9371597 ], [ 79.6604124, 11.9415497 ], [ 79.6586223, 11.9419656 ], [ 79.6586455, 11.9446143 ], [ 79.656759, 11.9467587 ], [ 79.6574844, 11.9480541 ], [ 79.6528939, 11.9482309 ], [ 79.6520169, 11.9435663 ], [ 79.6472108, 11.9445926 ], [ 79.6426479, 11.9420999 ], [ 79.6422307, 11.9539899 ], [ 79.6473077, 11.9534291 ], [ 79.6484557, 11.9673922 ], [ 79.6413084, 11.9705329 ], [ 79.640317, 11.9762733 ], [ 79.6364377, 11.9778463 ], [ 79.6386083, 11.9867629 ] ], [ [ 79.6784025, 11.9718265 ], [ 79.6766711, 11.9681068 ], [ 79.6621965, 11.9691664 ], [ 79.6619801, 11.9627662 ], [ 79.6605202, 11.9625764 ], [ 79.660024, 11.9583911 ], [ 79.6541986, 11.959499 ], [ 79.6537947, 11.9606697 ], [ 79.6528121, 11.9578629 ], [ 79.6546434, 11.9534874 ], [ 79.657898, 11.9525063 ], [ 79.6587837, 11.9500655 ], [ 79.6641041, 11.9508559 ], [ 79.6732158, 11.9478715 ], [ 79.6765807, 11.948454 ], [ 79.6801382, 11.9517017 ], [ 79.6846608, 11.9533523 ], [ 79.683408, 11.9552193 ], [ 79.6838945, 11.9604318 ], [ 79.68785, 11.9696009 ], [ 79.6865056, 11.9732533 ], [ 79.6784025, 11.9718265 ] ], [ [ 79.6212176, 11.8905973 ], [ 79.6153849, 11.8816745 ], [ 79.6081525, 11.8768648 ], [ 79.6045908, 11.8813483 ], [ 79.5994093, 11.8830066 ], [ 79.6000663, 11.8758424 ], [ 79.6031465, 11.8687464 ], [ 79.6020003, 11.8578622 ], [ 79.6104469, 11.8602675 ], [ 79.6122509, 11.8625728 ], [ 79.6195069, 11.8626862 ], [ 79.6191771, 11.8701903 ], [ 79.6284554, 11.8697965 ], [ 79.6263401, 11.854668 ], [ 79.647132, 11.8501612 ], [ 79.6528406, 11.8504998 ], [ 79.6578178, 11.8526449 ], [ 79.6617529, 11.8593493 ], [ 79.6616522, 11.8611844 ], [ 79.6634235, 11.8612474 ], [ 79.663346, 11.8654465 ], [ 79.6627266, 11.8672546 ], [ 79.6578074, 11.8686969 ], [ 79.6577478, 11.8700891 ], [ 79.6485834, 11.8705282 ], [ 79.6483912, 11.8804451 ], [ 79.6405206, 11.8805856 ], [ 79.6411586, 11.8866333 ], [ 79.6350915, 11.888568 ], [ 79.634504, 11.8810377 ], [ 79.630392, 11.8812773 ], [ 79.6297816, 11.888681 ], [ 79.6249121, 11.8892459 ], [ 79.6249579, 11.8908008 ], [ 79.6212176, 11.8905973 ] ], [ [ 79.6994044, 11.8742316 ], [ 79.6972303, 11.8740805 ], [ 79.695996, 11.8603515 ], [ 79.6990708, 11.8612864 ], [ 79.6994044, 11.8742316 ] ], [ [ 79.6473244, 11.844222 ], [ 79.6471867, 11.8422603 ], [ 79.6459569, 11.8423101 ], [ 79.6459382, 11.8356656 ], [ 79.6434012, 11.8270616 ], [ 79.6409455, 11.823367 ], [ 79.6470845, 11.8196784 ], [ 79.6463364, 11.8162432 ], [ 79.6596465, 11.8128703 ], [ 79.6634226, 11.8130597 ], [ 79.6651893, 11.8150032 ], [ 79.6712916, 11.8148803 ], [ 79.6713112, 11.8236491 ], [ 79.6633965, 11.8252863 ], [ 79.6594555, 11.8293999 ], [ 79.6617783, 11.8394161 ], [ 79.6515506, 11.843833 ], [ 79.6473244, 11.844222 ] ], [ [ 79.7020026, 11.8229064 ], [ 79.6945924, 11.8230393 ], [ 79.6929855, 11.8137373 ], [ 79.7042346, 11.8134681 ], [ 79.7027487, 11.8162031 ], [ 79.7020026, 11.8229064 ] ], [ [ 79.6881252, 11.8122424 ], [ 79.6794081, 11.8145807 ], [ 79.6759302, 11.8143011 ], [ 79.6746809, 11.8058624 ], [ 79.6745796, 11.8035437 ], [ 79.6814236, 11.7962428 ], [ 79.6839343, 11.8021681 ], [ 79.6896602, 11.8021398 ], [ 79.6905742, 11.8069986 ], [ 79.6881252, 11.8122424 ] ], [ [ 79.7183816, 10.9559135 ], [ 79.7183422, 10.9548321 ], [ 79.7197002, 10.9548466 ], [ 79.7197396, 10.9559454 ], [ 79.7183816, 10.9559135 ] ], [ [ 79.7219172, 10.9351832 ], [ 79.722933, 10.9362271 ], [ 79.7224671, 10.9382657 ], [ 79.7204496, 10.9372355 ], [ 79.7219172, 10.9351832 ] ], [ [ 79.7388958, 10.9198795 ], [ 79.7398374, 10.9200528 ], [ 79.7395443, 10.9214367 ], [ 79.7390314, 10.9211855 ], [ 79.7388958, 10.9198795 ] ], [ [ 79.8066859, 10.8802288 ], [ 79.8059582, 10.8790626 ], [ 79.806951, 10.8776118 ], [ 79.8100332, 10.8783675 ], [ 79.8097629, 10.8804241 ], [ 79.8066859, 10.8802288 ] ] ] ] } }
]
}
