{
"type": "FeatureCollection",
"name": "35",
"crs": { "type": "name", "properties": { "name": "urn:ogc:def:crs:OGC:1.3:CRS84" } },
"features": [
{ "type": "Feature", "properties": { "code": "35", "name": "ANDAMAN & NICOBAR ISLANDS", "type": "state" }, "geometry": { "type": "MultiPolygon", "coordinates": [ [ [ [ 92.5229026, 10.8987727 ], [ 92.53288, 10.890861 ], [ 92.532186, 10.8872897 ], [ 92.5280661, 10.8849108 ], [ 92.528809, 10.8788674 ], [ 92.5314165, 10.8762736 ], [ 92.5281485, 10.870672 ], [ 92.5295399, 10.8670833 ], [ 92.5317765, 10.8658861 ], [ 92.5372229, 10.8662719 ], [ 92.5386734, 10.8632754 ], [ 92.5420583, 10.8604195 ], [ 92.5408834, 10.8589275 ], [ 92.5422278, 10.8591584 ], [ 92.5422868, 10.8610344 ], [ 92.539062, 10.8638179 ], [ 92.5412521, 10.8651656 ], [ 92.5411051, 10.8672856 ], [ 92.5407308, 10.865179 ], [ 92.5396288, 10.8649708 ], [ 92.5368476, 10.8673386 ], [ 92.5315063, 10.8671743 ], [ 92.529896, 10.868869 ], [ 92.5301926, 10.8711292 ], [ 92.532255, 10.8714417 ], [ 92.5348008, 10.8761616 ], [ 92.5327426, 10.8770741 ], [ 92.5316569, 10.8826879 ], [ 92.5293422, 10.8846897 ], [ 92.5330413, 10.8870323 ], [ 92.5337722, 10.8899662 ], [ 92.5425686, 10.8839342 ], [ 92.5501169, 10.8746334 ], [ 92.5554044, 10.8710229 ], [ 92.561973, 10.8636337 ], [ 92.5626005, 10.8591587 ], [ 92.5594191, 10.8524364 ], [ 92.5592514, 10.8458955 ], [ 92.5659812, 10.8294838 ], [ 92.563559, 10.8233673 ], [ 92.5638527, 10.8185759 ], [ 92.5590981, 10.8154965 ], [ 92.5636565, 10.8161122 ], [ 92.5674298, 10.8102682 ], [ 92.5653728, 10.8074969 ], [ 92.5611623, 10.8053851 ], [ 92.5599867, 10.8081649 ], [ 92.5585004, 10.8097873 ], [ 92.5528493, 10.8087871 ], [ 92.5508609, 10.8069694 ], [ 92.5492188, 10.8093286 ], [ 92.548309, 10.8094821 ], [ 92.5523563, 10.8053063 ], [ 92.5520779, 10.8031816 ], [ 92.5527771, 10.8049448 ], [ 92.5524152, 10.80791 ], [ 92.5587611, 10.8091681 ], [ 92.560514, 10.801059 ], [ 92.5595175, 10.7999649 ], [ 92.5595908, 10.7991739 ], [ 92.5611043, 10.7988126 ], [ 92.5599382, 10.7999062 ], [ 92.5614238, 10.8014208 ], [ 92.5641224, 10.796101 ], [ 92.5615847, 10.797348 ], [ 92.5604601, 10.7966426 ], [ 92.5605197, 10.7957522 ], [ 92.5626919, 10.7936868 ], [ 92.5613744, 10.7968779 ], [ 92.5637842, 10.7954003 ], [ 92.5667421, 10.7962462 ], [ 92.5710172, 10.795379 ], [ 92.5724762, 10.7916907 ], [ 92.5792209, 10.7854447 ], [ 92.5731209, 10.7918535 ], [ 92.5713234, 10.7958401 ], [ 92.5646663, 10.7967294 ], [ 92.5615332, 10.8028402 ], [ 92.5616974, 10.8045173 ], [ 92.565693, 10.8069817 ], [ 92.5689156, 10.8108335 ], [ 92.5708178, 10.8106305 ], [ 92.5759441, 10.8053652 ], [ 92.5774586, 10.7985533 ], [ 92.5867044, 10.7898801 ], [ 92.5873739, 10.7737519 ], [ 92.5865284, 10.7724363 ], [ 92.5824415, 10.7713554 ], [ 92.5831639, 10.7703972 ], [ 92.5861398, 10.7716858 ], [ 92.58678, 10.770461 ], [ 92.5833624, 10.744185 ], [ 92.5888952, 10.7338244 ], [ 92.5906385, 10.7190873 ], [ 92.5937475, 10.7126638 ], [ 92.5977612, 10.7092828 ], [ 92.5993797, 10.7057749 ], [ 92.5995264, 10.6991658 ], [ 92.5971501, 10.6936187 ], [ 92.5983387, 10.6917608 ], [ 92.5987918, 10.684234 ], [ 92.5974166, 10.6777875 ], [ 92.594071, 10.6765756 ], [ 92.5884855, 10.6801464 ], [ 92.5833072, 10.6789703 ], [ 92.5802629, 10.6808053 ], [ 92.582713, 10.6785454 ], [ 92.577316, 10.6735674 ], [ 92.5770108, 10.6665829 ], [ 92.5790319, 10.6600192 ], [ 92.5816096, 10.6594907 ], [ 92.5823502, 10.6580306 ], [ 92.581075, 10.6592691 ], [ 92.5776527, 10.6531431 ], [ 92.5695085, 10.6537069 ], [ 92.5537034, 10.6400379 ], [ 92.5457047, 10.6271701 ], [ 92.5416128, 10.6172463 ], [ 92.5407123, 10.6180688 ], [ 92.5414011, 10.6225625 ], [ 92.5388435, 10.6175213 ], [ 92.5387301, 10.614298 ], [ 92.5398899, 10.617517 ], [ 92.5413936, 10.6164641 ], [ 92.5400307, 10.6042626 ], [ 92.5423225, 10.5947833 ], [ 92.5528096, 10.5924577 ], [ 92.5583711, 10.5889961 ], [ 92.5598514, 10.5897152 ], [ 92.561999, 10.5893901 ], [ 92.5614326, 10.5884362 ], [ 92.5626207, 10.5880386 ], [ 92.5629221, 10.5891462 ], [ 92.5649464, 10.5882515 ], [ 92.5696443, 10.5837588 ], [ 92.5698919, 10.5787907 ], [ 92.5536219, 10.5570023 ], [ 92.5487155, 10.5552833 ], [ 92.5464819, 10.5530677 ], [ 92.5448607, 10.550156 ], [ 92.5448212, 10.5440757 ], [ 92.5428675, 10.5381621 ], [ 92.5391585, 10.5357832 ], [ 92.5370445, 10.531479 ], [ 92.5341031, 10.5290777 ], [ 92.5364522, 10.5257963 ], [ 92.5337443, 10.5223102 ], [ 92.5329367, 10.5185487 ], [ 92.5305802, 10.5164188 ], [ 92.5262858, 10.5174663 ], [ 92.5239616, 10.5145362 ], [ 92.5132643, 10.5108392 ], [ 92.4999989, 10.5113277 ], [ 92.4935314, 10.5143692 ], [ 92.4934271, 10.5165164 ], [ 92.4884386, 10.5153791 ], [ 92.4815281, 10.5174654 ], [ 92.4791534, 10.5191477 ], [ 92.478501, 10.5213675 ], [ 92.4768472, 10.5207713 ], [ 92.4708922, 10.5258133 ], [ 92.458521, 10.5390209 ], [ 92.4524097, 10.5425844 ], [ 92.4350516, 10.5489076 ], [ 92.4294509, 10.5496093 ], [ 92.4202045, 10.5484715 ], [ 92.413538, 10.5381525 ], [ 92.402592, 10.5306724 ], [ 92.3954886, 10.529805 ], [ 92.3876499, 10.5315321 ], [ 92.3832647, 10.5347372 ], [ 92.3834109, 10.5370788 ], [ 92.3814375, 10.5384169 ], [ 92.3820863, 10.5439769 ], [ 92.3907848, 10.5545724 ], [ 92.3938411, 10.5560052 ], [ 92.3911138, 10.5577321 ], [ 92.3914017, 10.5593594 ], [ 92.3937732, 10.5657285 ], [ 92.3984197, 10.5685579 ], [ 92.3977163, 10.5721381 ], [ 92.3993888, 10.5757452 ], [ 92.4045882, 10.5780727 ], [ 92.4098292, 10.5844234 ], [ 92.4097754, 10.5937217 ], [ 92.4128563, 10.6044075 ], [ 92.41213, 10.6070701 ], [ 92.4185049, 10.6128372 ], [ 92.4191176, 10.6157935 ], [ 92.4140114, 10.6346983 ], [ 92.4011227, 10.6594936 ], [ 92.3934685, 10.6686931 ], [ 92.3883362, 10.6677485 ], [ 92.3813623, 10.6702802 ], [ 92.3836567, 10.6764865 ], [ 92.3810518, 10.6843158 ], [ 92.3813262, 10.6905765 ], [ 92.3788857, 10.7082917 ], [ 92.3832786, 10.7226933 ], [ 92.3803533, 10.7302875 ], [ 92.3788632, 10.7403136 ], [ 92.3794301, 10.7456024 ], [ 92.3776097, 10.7541797 ], [ 92.3805533, 10.7632295 ], [ 92.3774765, 10.7705116 ], [ 92.3731744, 10.7720844 ], [ 92.3717663, 10.7738879 ], [ 92.3730733, 10.7827433 ], [ 92.3836796, 10.7955271 ], [ 92.3863908, 10.793936 ], [ 92.387255, 10.7904599 ], [ 92.3865327, 10.7854289 ], [ 92.3907479, 10.7830557 ], [ 92.3932716, 10.7861069 ], [ 92.3950317, 10.7855916 ], [ 92.3960832, 10.7808905 ], [ 92.392988, 10.7781828 ], [ 92.3924028, 10.7752085 ], [ 92.3954977, 10.7613355 ], [ 92.3944781, 10.7557123 ], [ 92.3973216, 10.7543969 ], [ 92.3989133, 10.751618 ], [ 92.3961795, 10.7505379 ], [ 92.3952057, 10.7489514 ], [ 92.3976376, 10.7481285 ], [ 92.3974272, 10.7463701 ], [ 92.3987573, 10.7439425 ], [ 92.3979988, 10.7485081 ], [ 92.3959235, 10.7492677 ], [ 92.3993704, 10.7516135 ], [ 92.3981855, 10.7545188 ], [ 92.3951135, 10.755649 ], [ 92.3959548, 10.7604948 ], [ 92.402058, 10.7680797 ], [ 92.4034798, 10.7683554 ], [ 92.4083758, 10.7639931 ], [ 92.4086726, 10.7596535 ], [ 92.4060943, 10.7582479 ], [ 92.4084117, 10.755296 ], [ 92.4068302, 10.7585778 ], [ 92.4105148, 10.7572757 ], [ 92.4120601, 10.7601234 ], [ 92.4140762, 10.7600012 ], [ 92.4158638, 10.762763 ], [ 92.4166363, 10.7620171 ], [ 92.4157267, 10.7630749 ], [ 92.4136373, 10.7605753 ], [ 92.4120419, 10.7606116 ], [ 92.4102862, 10.7576102 ], [ 92.4088463, 10.7584918 ], [ 92.4092032, 10.7631839 ], [ 92.4114296, 10.7650551 ], [ 92.4141318, 10.7709946 ], [ 92.4187629, 10.7715683 ], [ 92.4193253, 10.7725763 ], [ 92.4140267, 10.7715687 ], [ 92.4103781, 10.7643681 ], [ 92.4025884, 10.7690425 ], [ 92.3968691, 10.7631392 ], [ 92.3956577, 10.7642874 ], [ 92.3933858, 10.7752174 ], [ 92.393907, 10.7777217 ], [ 92.3949173, 10.7780065 ], [ 92.3941995, 10.7761577 ], [ 92.3956168, 10.7739473 ], [ 92.3978477, 10.7752128 ], [ 92.3994432, 10.7743992 ], [ 92.4041613, 10.7753573 ], [ 92.4084269, 10.7784309 ], [ 92.4105985, 10.7782907 ], [ 92.4083904, 10.7788287 ], [ 92.4040927, 10.7758952 ], [ 92.3976008, 10.7758232 ], [ 92.3956579, 10.7748513 ], [ 92.3972216, 10.7835076 ], [ 92.3956307, 10.7863103 ], [ 92.3967645, 10.7869838 ], [ 92.4008425, 10.7835889 ], [ 92.4043126, 10.7844295 ], [ 92.4087428, 10.7872726 ], [ 92.4168907, 10.7957159 ], [ 92.4260555, 10.817191 ], [ 92.4246482, 10.8252282 ], [ 92.4254943, 10.8268057 ], [ 92.4314107, 10.8237764 ], [ 92.4333128, 10.8240609 ], [ 92.4408401, 10.8304876 ], [ 92.4421486, 10.8344697 ], [ 92.4456106, 10.8378594 ], [ 92.4462469, 10.8411003 ], [ 92.4492374, 10.8410907 ], [ 92.4502619, 10.8422567 ], [ 92.4540979, 10.8400682 ], [ 92.4572855, 10.8417445 ], [ 92.4596555, 10.8474622 ], [ 92.4602469, 10.8539441 ], [ 92.4584872, 10.8581257 ], [ 92.4560591, 10.8587003 ], [ 92.4541482, 10.8610016 ], [ 92.4533394, 10.8643467 ], [ 92.454506, 10.8668643 ], [ 92.4573323, 10.8668773 ], [ 92.4608357, 10.8687975 ], [ 92.4623077, 10.8662297 ], [ 92.4635103, 10.8662385 ], [ 92.4691955, 10.8691708 ], [ 92.4708932, 10.8735594 ], [ 92.4731887, 10.8726368 ], [ 92.4755581, 10.8741594 ], [ 92.4774555, 10.8724096 ], [ 92.4792895, 10.8730554 ], [ 92.4820941, 10.8769014 ], [ 92.4816156, 10.882588 ], [ 92.4828278, 10.8835594 ], [ 92.4837559, 10.8825602 ], [ 92.4861845, 10.8829663 ], [ 92.4873849, 10.8897508 ], [ 92.4965344, 10.8970525 ], [ 92.5042263, 10.8934817 ], [ 92.505499, 10.8903452 ], [ 92.5049381, 10.8859739 ], [ 92.5068656, 10.8808306 ], [ 92.5021363, 10.881995 ], [ 92.5065641, 10.8800259 ], [ 92.5076521, 10.8810614 ], [ 92.511083, 10.8787483 ], [ 92.5110354, 10.8718142 ], [ 92.5093482, 10.8708418 ], [ 92.5024186, 10.8738043 ], [ 92.4935569, 10.8700992 ], [ 92.4914491, 10.871474 ], [ 92.4932224, 10.8683636 ], [ 92.4913831, 10.8654847 ], [ 92.4913999, 10.8613713 ], [ 92.4901373, 10.8599659 ], [ 92.4877503, 10.8601203 ], [ 92.4861367, 10.8621549 ], [ 92.4828712, 10.8608903 ], [ 92.4768167, 10.8618097 ], [ 92.480205, 10.8604752 ], [ 92.4832735, 10.8605241 ], [ 92.4859262, 10.8617889 ], [ 92.4878371, 10.8596366 ], [ 92.4906083, 10.8596357 ], [ 92.4917657, 10.8610728 ], [ 92.4917852, 10.8648246 ], [ 92.4937533, 10.8694754 ], [ 92.4958573, 10.8707087 ], [ 92.5004502, 10.8675384 ], [ 92.4997382, 10.8644101 ], [ 92.5003423, 10.8631537 ], [ 92.5038409, 10.8625358 ], [ 92.5063694, 10.8636624 ], [ 92.507984, 10.8628223 ], [ 92.5069454, 10.863875 ], [ 92.5039185, 10.8629563 ], [ 92.5005113, 10.8637549 ], [ 92.5011957, 10.8673353 ], [ 92.4978425, 10.8700778 ], [ 92.4979838, 10.8711898 ], [ 92.5028945, 10.873253 ], [ 92.5072036, 10.8702578 ], [ 92.5104507, 10.8698613 ], [ 92.5134852, 10.8755941 ], [ 92.5129717, 10.8789027 ], [ 92.514499, 10.8793733 ], [ 92.5170332, 10.8774713 ], [ 92.5170982, 10.8750349 ], [ 92.5178839, 10.8774083 ], [ 92.5150568, 10.8797713 ], [ 92.5124364, 10.8793138 ], [ 92.5110457, 10.8805971 ], [ 92.5153654, 10.88624 ], [ 92.5149715, 10.8879033 ], [ 92.5119639, 10.8833503 ], [ 92.5087081, 10.8821151 ], [ 92.5061439, 10.8901059 ], [ 92.5073684, 10.8929451 ], [ 92.5029622, 10.8977168 ], [ 92.5058339, 10.899074 ], [ 92.5070006, 10.8980257 ], [ 92.5109012, 10.8997629 ], [ 92.5156943, 10.8996201 ], [ 92.5159911, 10.9009039 ], [ 92.5175095, 10.9011079 ], [ 92.5229026, 10.8987727 ] ] ], [ [ [ 92.6238003, 10.9221959 ], [ 92.6223137, 10.9234435 ], [ 92.6207448, 10.9250934 ], [ 92.6226842, 10.925794 ], [ 92.6245367, 10.9232853 ], [ 92.6238003, 10.9221959 ] ] ], [ [ [ 92.6216001, 10.9276789 ], [ 92.6205253, 10.9267071 ], [ 92.6114733, 10.9264175 ], [ 92.606341, 10.9301962 ], [ 92.6054992, 10.9329399 ], [ 92.6020089, 10.9362847 ], [ 92.6056132, 10.9391824 ], [ 92.6084765, 10.939612 ], [ 92.6175931, 10.9335914 ], [ 92.6216001, 10.9276789 ] ] ], [ [ [ 92.6061894, 10.9406198 ], [ 92.6039069, 10.9402898 ], [ 92.6010708, 10.9411213 ], [ 92.6061894, 10.9406198 ] ] ], [ [ [ 92.6083895, 10.9420936 ], [ 92.6072139, 10.942202 ], [ 92.6084261, 10.942523 ], [ 92.6083895, 10.9420936 ] ] ], [ [ [ 92.6065048, 10.9431332 ], [ 92.6060703, 10.942324 ], [ 92.6059102, 10.9431829 ], [ 92.6065048, 10.9431332 ] ] ], [ [ [ 92.5961943, 10.9449585 ], [ 92.5993188, 10.9420161 ], [ 92.5989849, 10.9415143 ], [ 92.5961943, 10.9449585 ] ] ], [ [ [ 92.6032524, 10.945497 ], [ 92.6056082, 10.9455966 ], [ 92.6056219, 10.9451446 ], [ 92.6032524, 10.945497 ] ] ], [ [ [ 92.6005531, 10.9509302 ], [ 92.6002054, 10.9517122 ], [ 92.6007635, 10.951554 ], [ 92.6005531, 10.9509302 ] ] ], [ [ [ 92.2162234, 10.9856293 ], [ 92.2261877, 10.9843468 ], [ 92.2246667, 10.9780999 ], [ 92.2165532, 10.9724247 ], [ 92.2117683, 10.9740309 ], [ 92.2081922, 10.9798318 ], [ 92.2162234, 10.9856293 ] ] ], [ [ [ 92.5590363, 11.3909874 ], [ 92.5556323, 11.3901866 ], [ 92.551522, 11.3925633 ], [ 92.5546823, 11.3970529 ], [ 92.5564096, 11.3967956 ], [ 92.5558831, 11.3950777 ], [ 92.557019, 11.3967008 ], [ 92.561683, 11.397077 ], [ 92.5621456, 11.3982614 ], [ 92.5633422, 11.3946951 ], [ 92.5590363, 11.3909874 ] ] ], [ [ [ 92.5418554, 11.3907616 ], [ 92.5399211, 11.3934462 ], [ 92.5411204, 11.3975149 ], [ 92.5479512, 11.3990131 ], [ 92.5506089, 11.3981277 ], [ 92.5508477, 11.3958766 ], [ 92.5474404, 11.3906863 ], [ 92.5448704, 11.3897589 ], [ 92.5418554, 11.3907616 ] ] ], [ [ [ 92.6386373, 11.5123285 ], [ 92.6374959, 11.5095215 ], [ 92.6382659, 11.5105657 ], [ 92.6410527, 11.5096253 ], [ 92.6446005, 11.5122513 ], [ 92.6444221, 11.5000205 ], [ 92.6483908, 11.4996506 ], [ 92.6499168, 11.4967755 ], [ 92.6503294, 11.4978196 ], [ 92.6541242, 11.496748 ], [ 92.655334, 11.4946504 ], [ 92.6577541, 11.4959248 ], [ 92.6618418, 11.4910152 ], [ 92.6661409, 11.4916881 ], [ 92.6698528, 11.4890387 ], [ 92.6742575, 11.490403 ], [ 92.6723094, 11.4890292 ], [ 92.6738307, 11.4874061 ], [ 92.6713039, 11.4783657 ], [ 92.6773063, 11.4709241 ], [ 92.6745963, 11.4621776 ], [ 92.679471, 11.455699 ], [ 92.6794612, 11.4522137 ], [ 92.6815087, 11.448041 ], [ 92.6801657, 11.4463099 ], [ 92.6834002, 11.4428874 ], [ 92.6829093, 11.4398227 ], [ 92.684498, 11.433331 ], [ 92.6843786, 11.4321874 ], [ 92.680277, 11.4302173 ], [ 92.6831815, 11.4268128 ], [ 92.6805417, 11.4245577 ], [ 92.6784299, 11.4275506 ], [ 92.6717764, 11.4261504 ], [ 92.6740297, 11.4199887 ], [ 92.6721917, 11.4163456 ], [ 92.6609973, 11.4119307 ], [ 92.6568736, 11.4123742 ], [ 92.6533636, 11.4097347 ], [ 92.6501609, 11.4094005 ], [ 92.6457351, 11.4136726 ], [ 92.6416982, 11.4105538 ], [ 92.6399023, 11.414455 ], [ 92.636136, 11.4168194 ], [ 92.6351967, 11.4153232 ], [ 92.6363924, 11.4120277 ], [ 92.6354529, 11.4061376 ], [ 92.6337163, 11.4037193 ], [ 92.636928, 11.4018342 ], [ 92.6369555, 11.4005368 ], [ 92.6392419, 11.4032489 ], [ 92.6407359, 11.4093831 ], [ 92.6430084, 11.4076697 ], [ 92.6443277, 11.4038905 ], [ 92.6416381, 11.402191 ], [ 92.641285, 11.3964727 ], [ 92.6437864, 11.3942034 ], [ 92.6453764, 11.3962555 ], [ 92.6478964, 11.3969469 ], [ 92.6470766, 11.4012594 ], [ 92.647897, 11.4049209 ], [ 92.6528273, 11.4073886 ], [ 92.6625176, 11.404716 ], [ 92.6633604, 11.4026771 ], [ 92.661775, 11.4024197 ], [ 92.6614582, 11.3975331 ], [ 92.6626583, 11.39544 ], [ 92.669389, 11.3965827 ], [ 92.671126, 11.4000135 ], [ 92.6747959, 11.3997687 ], [ 92.677168, 11.3929199 ], [ 92.6815707, 11.3917709 ], [ 92.6852269, 11.3924211 ], [ 92.6878061, 11.3911683 ], [ 92.6884008, 11.3873304 ], [ 92.6922539, 11.3872617 ], [ 92.6900863, 11.3849703 ], [ 92.6888253, 11.3803553 ], [ 92.6908446, 11.3755089 ], [ 92.6885296, 11.3687198 ], [ 92.686523, 11.3689146 ], [ 92.6844059, 11.3662661 ], [ 92.6795176, 11.365259 ], [ 92.6773273, 11.3626014 ], [ 92.6737814, 11.3616979 ], [ 92.672256, 11.3628779 ], [ 92.6674456, 11.3613147 ], [ 92.6654433, 11.3588513 ], [ 92.6637429, 11.3527851 ], [ 92.6587041, 11.3556698 ], [ 92.6519793, 11.3570402 ], [ 92.6476639, 11.3558924 ], [ 92.6381716, 11.3460836 ], [ 92.6259865, 11.3492121 ], [ 92.6217812, 11.3460071 ], [ 92.6186524, 11.3488098 ], [ 92.6090006, 11.3456993 ], [ 92.5976539, 11.345025 ], [ 92.5956748, 11.3460554 ], [ 92.5960137, 11.3475382 ], [ 92.5944746, 11.3469594 ], [ 92.5911349, 11.348374 ], [ 92.5875063, 11.3525143 ], [ 92.5853666, 11.3554614 ], [ 92.5852379, 11.3589375 ], [ 92.5796018, 11.3674396 ], [ 92.5801052, 11.3708662 ], [ 92.5886534, 11.3746691 ], [ 92.5911817, 11.3791988 ], [ 92.5899299, 11.3891482 ], [ 92.5859059, 11.3996576 ], [ 92.5877429, 11.4015113 ], [ 92.5966271, 11.4002104 ], [ 92.6062531, 11.4020373 ], [ 92.6140468, 11.4010025 ], [ 92.6217899, 11.4044517 ], [ 92.6228666, 11.4085157 ], [ 92.6232285, 11.4260142 ], [ 92.6211069, 11.4300012 ], [ 92.6193338, 11.4301324 ], [ 92.6190176, 11.4328311 ], [ 92.6213546, 11.434793 ], [ 92.6228896, 11.4401723 ], [ 92.619265, 11.4406017 ], [ 92.6195213, 11.4431148 ], [ 92.6140405, 11.448598 ], [ 92.6094666, 11.4579279 ], [ 92.6123395, 11.4701828 ], [ 92.6106621, 11.4723074 ], [ 92.6162114, 11.4904254 ], [ 92.6211283, 11.5014303 ], [ 92.6245062, 11.5033831 ], [ 92.6289568, 11.5087443 ], [ 92.6316749, 11.5129256 ], [ 92.630992, 11.5145212 ], [ 92.6352456, 11.5169757 ], [ 92.6364051, 11.5137933 ], [ 92.6386373, 11.5123285 ] ] ], [ [ [ 92.6150286, 11.5110742 ], [ 92.6088046, 11.5022139 ], [ 92.6083782, 11.5047092 ], [ 92.6052067, 11.5022679 ], [ 92.6030615, 11.5034928 ], [ 92.6057563, 11.5065985 ], [ 92.6085889, 11.5070914 ], [ 92.6120814, 11.5106039 ], [ 92.6150286, 11.5110742 ] ] ], [ [ [ 92.5605115, 11.5140914 ], [ 92.5608828, 11.5143582 ], [ 92.5607591, 11.5138248 ], [ 92.5605115, 11.5140914 ] ] ], [ [ [ 92.6443175, 11.51516 ], [ 92.6446246, 11.5142468 ], [ 92.6432265, 11.5134016 ], [ 92.6432358, 11.5143193 ], [ 92.6443175, 11.51516 ] ] ], [ [ [ 92.2554015, 11.5150583 ], [ 92.259073, 11.5149558 ], [ 92.2591787, 11.5143863 ], [ 92.2551224, 11.513919 ], [ 92.2554015, 11.5150583 ] ] ], [ [ [ 92.2394518, 11.5153789 ], [ 92.2397777, 11.5163281 ], [ 92.2408637, 11.5157898 ], [ 92.240561, 11.5153469 ], [ 92.2394518, 11.5153789 ] ] ], [ [ [ 92.2399569, 11.5173587 ], [ 92.2392464, 11.5174268 ], [ 92.2395628, 11.5177521 ], [ 92.2399569, 11.5173587 ] ] ], [ [ [ 92.2696884, 11.5156062 ], [ 92.2664885, 11.516925 ], [ 92.2702826, 11.5200725 ], [ 92.2719793, 11.5179983 ], [ 92.2718881, 11.5167461 ], [ 92.2696884, 11.5156062 ] ] ], [ [ [ 92.6162565, 11.5284053 ], [ 92.6158072, 11.5277227 ], [ 92.6152664, 11.528455 ], [ 92.6162565, 11.5284053 ] ] ], [ [ [ 92.60559, 11.5265786 ], [ 92.6073689, 11.5210322 ], [ 92.6066631, 11.5192692 ], [ 92.6049076, 11.5187493 ], [ 92.6013092, 11.5213256 ], [ 92.5965873, 11.5288652 ], [ 92.5966877, 11.5331279 ], [ 92.5986905, 11.5378157 ], [ 92.6021835, 11.5375267 ], [ 92.6052412, 11.533332 ], [ 92.60559, 11.5265786 ] ] ], [ [ [ 92.5601085, 11.5328194 ], [ 92.5672236, 11.5283637 ], [ 92.5683279, 11.5301676 ], [ 92.568563, 11.5232152 ], [ 92.5664971, 11.5170083 ], [ 92.5604239, 11.516433 ], [ 92.5590936, 11.5206412 ], [ 92.5559121, 11.5227831 ], [ 92.5525458, 11.5300511 ], [ 92.5512259, 11.5288438 ], [ 92.5500552, 11.5363338 ], [ 92.5522452, 11.5403575 ], [ 92.5536296, 11.5404031 ], [ 92.5541755, 11.5388391 ], [ 92.5551059, 11.5391241 ], [ 92.5570949, 11.5411362 ], [ 92.5584884, 11.5414801 ], [ 92.5601085, 11.5328194 ] ] ], [ [ [ 92.5880979, 11.5301616 ], [ 92.5866127, 11.530844 ], [ 92.5882492, 11.530451 ], [ 92.5880979, 11.5301616 ] ] ], [ [ [ 92.5934426, 11.5319162 ], [ 92.5922784, 11.5300627 ], [ 92.5895051, 11.5307721 ], [ 92.5895554, 11.5316264 ], [ 92.5934426, 11.5319162 ] ] ], [ [ [ 92.6161051, 11.5317504 ], [ 92.6152112, 11.5313119 ], [ 92.6147666, 11.5317503 ], [ 92.6149637, 11.5320442 ], [ 92.6161051, 11.5317504 ] ] ], [ [ [ 92.206909, 11.5332727 ], [ 92.2071287, 11.53226 ], [ 92.2066294, 11.5331598 ], [ 92.206909, 11.5332727 ] ] ], [ [ [ 92.630801, 11.5330297 ], [ 92.6304526, 11.5334184 ], [ 92.6306864, 11.5336083 ], [ 92.630801, 11.5330297 ] ] ], [ [ [ 92.2058183, 11.534159 ], [ 92.2053048, 11.5338563 ], [ 92.2050116, 11.5343807 ], [ 92.2058183, 11.534159 ] ] ], [ [ [ 92.2071206, 11.5359035 ], [ 92.2067951, 11.5355374 ], [ 92.2067355, 11.5357138 ], [ 92.2071206, 11.5359035 ] ] ], [ [ [ 92.5849061, 11.5412633 ], [ 92.5846085, 11.5382526 ], [ 92.5827343, 11.5343106 ], [ 92.5824628, 11.5406843 ], [ 92.5832787, 11.5419321 ], [ 92.5849061, 11.5412633 ] ] ], [ [ [ 92.5554587, 11.5400147 ], [ 92.5545696, 11.5395263 ], [ 92.5554586, 11.5404034 ], [ 92.5554587, 11.5400147 ] ] ], [ [ [ 92.6277208, 11.5489686 ], [ 92.6283946, 11.5441906 ], [ 92.6271706, 11.5421971 ], [ 92.6257679, 11.5436753 ], [ 92.6261164, 11.5472418 ], [ 92.6277208, 11.5489686 ] ] ], [ [ [ 92.617342, 11.5599576 ], [ 92.619295, 11.5566532 ], [ 92.6193593, 11.5522052 ], [ 92.6163846, 11.5359996 ], [ 92.6096419, 11.5314066 ], [ 92.6048051, 11.5432498 ], [ 92.6053641, 11.5472231 ], [ 92.6019165, 11.5515173 ], [ 92.6012837, 11.554225 ], [ 92.6039472, 11.5528781 ], [ 92.6084213, 11.5537463 ], [ 92.6095442, 11.5592702 ], [ 92.6110982, 11.5611417 ], [ 92.6134179, 11.5596682 ], [ 92.6143532, 11.5561468 ], [ 92.6166453, 11.5573674 ], [ 92.617342, 11.5599576 ] ] ], [ [ [ 92.5402447, 11.5546929 ], [ 92.5413906, 11.5554029 ], [ 92.5436876, 11.5538938 ], [ 92.5408043, 11.5536941 ], [ 92.5402447, 11.5546929 ] ] ], [ [ [ 92.5944834, 11.5719622 ], [ 92.5924669, 11.5659273 ], [ 92.5951993, 11.565114 ], [ 92.597002, 11.5547173 ], [ 92.596012, 11.5529226 ], [ 92.5969429, 11.549094 ], [ 92.5950146, 11.5333538 ], [ 92.5912004, 11.5368432 ], [ 92.5878637, 11.5341214 ], [ 92.5877859, 11.5326026 ], [ 92.5868184, 11.5348084 ], [ 92.5881884, 11.5395912 ], [ 92.5857036, 11.541399 ], [ 92.5847678, 11.5466153 ], [ 92.5828055, 11.5490426 ], [ 92.5875262, 11.5562487 ], [ 92.5872874, 11.5594039 ], [ 92.5888137, 11.5617998 ], [ 92.5870803, 11.5657414 ], [ 92.5868321, 11.570533 ], [ 92.5914845, 11.5779966 ], [ 92.5925986, 11.5776533 ], [ 92.5944834, 11.5719622 ] ] ], [ [ [ 92.5433751, 11.5567731 ], [ 92.5412802, 11.5564606 ], [ 92.539383, 11.5543039 ], [ 92.5384017, 11.5551128 ], [ 92.5403586, 11.5570481 ], [ 92.5399089, 11.5584718 ], [ 92.5435306, 11.5580615 ], [ 92.5433751, 11.5567731 ] ] ], [ [ [ 92.219338, 11.5936881 ], [ 92.2221611, 11.5904732 ], [ 92.2271165, 11.5883515 ], [ 92.229877, 11.5895981 ], [ 92.2320148, 11.5928519 ], [ 92.2393371, 11.5935362 ], [ 92.2613572, 11.5912424 ], [ 92.2631322, 11.5894621 ], [ 92.2688784, 11.5860242 ], [ 92.2691611, 11.57763 ], [ 92.2665322, 11.5707219 ], [ 92.2671937, 11.5671918 ], [ 92.2683171, 11.5666995 ], [ 92.2666915, 11.5616903 ], [ 92.26706, 11.5570932 ], [ 92.2680119, 11.5493095 ], [ 92.2702585, 11.5482164 ], [ 92.2730268, 11.5367763 ], [ 92.2686545, 11.5224225 ], [ 92.2655834, 11.5225616 ], [ 92.2594296, 11.5172206 ], [ 92.2516667, 11.5237992 ], [ 92.2481045, 11.5252668 ], [ 92.2331025, 11.5246618 ], [ 92.220091, 11.5296749 ], [ 92.2154474, 11.529143 ], [ 92.2168173, 11.5269999 ], [ 92.2158086, 11.525947 ], [ 92.2134301, 11.5278599 ], [ 92.213903, 11.5301651 ], [ 92.2132929, 11.5286283 ], [ 92.2114184, 11.5293793 ], [ 92.2107633, 11.5308848 ], [ 92.2118361, 11.5316213 ], [ 92.2095404, 11.5344065 ], [ 92.2039573, 11.5502747 ], [ 92.2051475, 11.5604994 ], [ 92.2112807, 11.5735298 ], [ 92.2085686, 11.5798095 ], [ 92.2028308, 11.5874414 ], [ 92.2088782, 11.5881494 ], [ 92.2117901, 11.5898347 ], [ 92.2136528, 11.5939883 ], [ 92.2119662, 11.5956071 ], [ 92.2172933, 11.5944121 ], [ 92.219655, 11.5955098 ], [ 92.219338, 11.5936881 ] ] ], [ [ [ 92.6311224, 11.5575799 ], [ 92.6316634, 11.5567481 ], [ 92.6310983, 11.5560668 ], [ 92.6311224, 11.5575799 ] ] ], [ [ [ 92.5623813, 11.5575734 ], [ 92.5620833, 11.5576683 ], [ 92.562207, 11.557718 ], [ 92.5623813, 11.5575734 ] ] ], [ [ [ 92.6048452, 11.5605628 ], [ 92.6066788, 11.5630762 ], [ 92.6075819, 11.5618106 ], [ 92.60882, 11.5567297 ], [ 92.6079949, 11.5558301 ], [ 92.6048452, 11.5605628 ] ] ], [ [ [ 92.5671071, 11.5599657 ], [ 92.5666626, 11.5592332 ], [ 92.5666901, 11.5597712 ], [ 92.5671071, 11.5599657 ] ] ], [ [ [ 92.569977, 11.5598442 ], [ 92.5703484, 11.5595007 ], [ 92.570055, 11.5595006 ], [ 92.569977, 11.5598442 ] ] ], [ [ [ 92.5631006, 11.5597931 ], [ 92.5627292, 11.5598427 ], [ 92.5632976, 11.5601322 ], [ 92.5631006, 11.5597931 ] ] ], [ [ [ 92.5735436, 11.5598448 ], [ 92.5743091, 11.5601614 ], [ 92.5735437, 11.5592346 ], [ 92.5735436, 11.5598448 ] ] ], [ [ [ 92.5730197, 11.5671541 ], [ 92.5765994, 11.570857 ], [ 92.573644, 11.5618428 ], [ 92.5717048, 11.5626742 ], [ 92.5730197, 11.5671541 ] ] ], [ [ [ 92.5660643, 11.570855 ], [ 92.5669217, 11.5701048 ], [ 92.5648547, 11.5671073 ], [ 92.5635801, 11.5681196 ], [ 92.5639099, 11.5694939 ], [ 92.5660643, 11.570855 ] ] ], [ [ [ 92.5295633, 11.5687615 ], [ 92.5289162, 11.5707683 ], [ 92.5300898, 11.5710129 ], [ 92.530191, 11.5700229 ], [ 92.5295633, 11.5687615 ] ] ], [ [ [ 92.2687135, 11.5730779 ], [ 92.2691448, 11.5722599 ], [ 92.268352, 11.5711837 ], [ 92.267953, 11.5717395 ], [ 92.2687135, 11.5730779 ] ] ], [ [ [ 92.5689658, 11.5732559 ], [ 92.5697545, 11.5726232 ], [ 92.5688147, 11.5725959 ], [ 92.5689658, 11.5732559 ] ] ], [ [ [ 92.6170206, 11.5823289 ], [ 92.6179836, 11.5724564 ], [ 92.6140046, 11.5630721 ], [ 92.6109651, 11.5647806 ], [ 92.6069672, 11.5695675 ], [ 92.6073568, 11.5705981 ], [ 92.6037075, 11.5711494 ], [ 92.603538, 11.5691288 ], [ 92.5999714, 11.5676368 ], [ 92.5988339, 11.5749009 ], [ 92.6011482, 11.5859217 ], [ 92.60604, 11.5878524 ], [ 92.6113216, 11.5882143 ], [ 92.6170206, 11.5823289 ] ] ], [ [ [ 92.1969461, 11.5782305 ], [ 92.1966295, 11.5772994 ], [ 92.196529, 11.5782803 ], [ 92.1969461, 11.5782305 ] ] ], [ [ [ 92.570001, 11.5779166 ], [ 92.5696066, 11.5785765 ], [ 92.5701522, 11.5783551 ], [ 92.570001, 11.5779166 ] ] ], [ [ [ 92.5283641, 11.5764593 ], [ 92.5260798, 11.5801201 ], [ 92.529808, 11.5774181 ], [ 92.5283641, 11.5764593 ] ] ], [ [ [ 92.5682219, 11.5794306 ], [ 92.5689875, 11.5795754 ], [ 92.5689876, 11.579381 ], [ 92.5682219, 11.5794306 ] ] ], [ [ [ 92.5414902, 11.606456 ], [ 92.5467131, 11.6044096 ], [ 92.5492682, 11.5999352 ], [ 92.5483803, 11.5941082 ], [ 92.5435759, 11.5922264 ], [ 92.5439383, 11.5914128 ], [ 92.5493478, 11.5935434 ], [ 92.5527364, 11.5918853 ], [ 92.5533961, 11.5940507 ], [ 92.5582562, 11.5935999 ], [ 92.5617033, 11.5963399 ], [ 92.5662202, 11.5931721 ], [ 92.5695946, 11.5935027 ], [ 92.5715763, 11.5877894 ], [ 92.5688535, 11.5847331 ], [ 92.5664507, 11.5869567 ], [ 92.5624257, 11.5850979 ], [ 92.5615326, 11.5810385 ], [ 92.5625419, 11.5776484 ], [ 92.5657474, 11.5737073 ], [ 92.56142, 11.5714282 ], [ 92.5617231, 11.5692765 ], [ 92.5567362, 11.5651528 ], [ 92.5541111, 11.5579738 ], [ 92.5505906, 11.557322 ], [ 92.5494945, 11.5590892 ], [ 92.5470699, 11.5571855 ], [ 92.54519, 11.5581569 ], [ 92.5442815, 11.5612757 ], [ 92.5401003, 11.562269 ], [ 92.5366672, 11.5606361 ], [ 92.5385062, 11.5582454 ], [ 92.5337524, 11.5576382 ], [ 92.526827, 11.5536987 ], [ 92.5261155, 11.5561756 ], [ 92.5272847, 11.5558461 ], [ 92.5273477, 11.5593087 ], [ 92.52864, 11.5606246 ], [ 92.5279429, 11.5616143 ], [ 92.5318982, 11.5642554 ], [ 92.5334939, 11.5631485 ], [ 92.5330806, 11.5657024 ], [ 92.5342723, 11.5663085 ], [ 92.5327307, 11.5700554 ], [ 92.5308734, 11.5717861 ], [ 92.5285858, 11.5717175 ], [ 92.5331047, 11.5760404 ], [ 92.5308261, 11.5763652 ], [ 92.5303302, 11.5787292 ], [ 92.5286248, 11.5784122 ], [ 92.525611, 11.5832977 ], [ 92.5259271, 11.5841205 ], [ 92.5281465, 11.5829686 ], [ 92.530339, 11.5796378 ], [ 92.5311366, 11.5801714 ], [ 92.530297, 11.5818347 ], [ 92.5319068, 11.580357 ], [ 92.532084, 11.5850312 ], [ 92.5291946, 11.5879006 ], [ 92.5283975, 11.5864448 ], [ 92.527631, 11.5885872 ], [ 92.5285059, 11.5908838 ], [ 92.5296798, 11.5905723 ], [ 92.5294318, 11.5916616 ], [ 92.5309675, 11.5923899 ], [ 92.5278039, 11.5925788 ], [ 92.5279677, 11.5963035 ], [ 92.529457, 11.5988129 ], [ 92.5305071, 11.5982481 ], [ 92.5319967, 11.5998579 ], [ 92.5357628, 11.6083166 ], [ 92.5404865, 11.6049232 ], [ 92.5414902, 11.606456 ] ] ], [ [ [ 92.196631, 11.5831578 ], [ 92.19697, 11.5819236 ], [ 92.1967175, 11.580676 ], [ 92.196172, 11.580866 ], [ 92.196631, 11.5831578 ] ] ], [ [ [ 92.5762485, 11.5862668 ], [ 92.5774173, 11.5876367 ], [ 92.5783023, 11.5863033 ], [ 92.5786879, 11.5833561 ], [ 92.5776932, 11.5824383 ], [ 92.5764966, 11.5828902 ], [ 92.5762485, 11.5862668 ] ] ], [ [ [ 92.196966, 11.5840617 ], [ 92.1973795, 11.587687 ], [ 92.1991402, 11.5881566 ], [ 92.196966, 11.5840617 ] ] ], [ [ [ 92.5997497, 11.587228 ], [ 92.5993371, 11.5865816 ], [ 92.5990757, 11.5875716 ], [ 92.5997497, 11.587228 ] ] ], [ [ [ 92.2642786, 11.5891552 ], [ 92.2651725, 11.589612 ], [ 92.2660989, 11.5888304 ], [ 92.2642786, 11.5891552 ] ] ], [ [ [ 92.1990578, 11.5887714 ], [ 92.2004109, 11.5908459 ], [ 92.2021758, 11.589756 ], [ 92.2017031, 11.5884678 ], [ 92.1990578, 11.5887714 ] ] ], [ [ [ 92.5926796, 11.5903871 ], [ 92.5943166, 11.5889453 ], [ 92.5923405, 11.5897361 ], [ 92.5926796, 11.5903871 ] ] ], [ [ [ 92.2217637, 11.5944377 ], [ 92.2221757, 11.5928147 ], [ 92.2201311, 11.5935839 ], [ 92.2217637, 11.5944377 ] ] ], [ [ [ 92.552589, 11.5947466 ], [ 92.5517044, 11.5938876 ], [ 92.5512592, 11.595325 ], [ 92.5516764, 11.5953566 ], [ 92.552589, 11.5947466 ] ] ], [ [ [ 92.229453, 11.5957007 ], [ 92.2283335, 11.5938297 ], [ 92.2280265, 11.5940603 ], [ 92.229453, 11.5957007 ] ] ], [ [ [ 92.5867642, 11.7013926 ], [ 92.5867644, 11.7000591 ], [ 92.5857966, 11.699946 ], [ 92.5867642, 11.7013926 ] ] ], [ [ [ 92.5849979, 11.7049725 ], [ 92.5852044, 11.7040323 ], [ 92.5849155, 11.7039147 ], [ 92.5849979, 11.7049725 ] ] ], [ [ [ 92.582649, 11.7082855 ], [ 92.5830389, 11.707942 ], [ 92.5829059, 11.7076753 ], [ 92.582649, 11.7082855 ] ] ], [ [ [ 92.7031161, 12.2321453 ], [ 92.7052609, 12.2279003 ], [ 92.7053692, 12.2212013 ], [ 92.7070784, 12.220351 ], [ 92.7060573, 12.2172279 ], [ 92.7067463, 12.2161474 ], [ 92.7074681, 12.2174444 ], [ 92.7085984, 12.2169197 ], [ 92.709419, 12.2109122 ], [ 92.7072969, 12.1991197 ], [ 92.705137, 12.1981802 ], [ 92.703665, 12.1927971 ], [ 92.7066298, 12.1962813 ], [ 92.7118567, 12.1896983 ], [ 92.7108731, 12.1886364 ], [ 92.7082039, 12.1899435 ], [ 92.7057178, 12.1890041 ], [ 92.7035956, 12.1909619 ], [ 92.702759, 12.1902842 ], [ 92.7035626, 12.1884849 ], [ 92.7010304, 12.1869487 ], [ 92.7037783, 12.1876441 ], [ 92.7042386, 12.1902521 ], [ 92.7053914, 12.1884708 ], [ 92.7090397, 12.1886641 ], [ 92.7041984, 12.1788432 ], [ 92.7042009, 12.171638 ], [ 92.7017683, 12.1645827 ], [ 92.7033668, 12.1633754 ], [ 92.7065484, 12.1706519 ], [ 92.7085056, 12.1705609 ], [ 92.7122012, 12.1755049 ], [ 92.7114967, 12.1706459 ], [ 92.7062689, 12.1582577 ], [ 92.7087438, 12.1538452 ], [ 92.7088293, 12.1482854 ], [ 92.7095183, 12.1477021 ], [ 92.7097867, 12.1537138 ], [ 92.7073623, 12.1580676 ], [ 92.7085675, 12.162949 ], [ 92.7112201, 12.1679113 ], [ 92.7096509, 12.160223 ], [ 92.7134891, 12.1658404 ], [ 92.7169063, 12.1761587 ], [ 92.7190525, 12.1775457 ], [ 92.7193657, 12.1797153 ], [ 92.7207671, 12.1796063 ], [ 92.7222273, 12.1773231 ], [ 92.7282477, 12.1807969 ], [ 92.735903, 12.1821274 ], [ 92.7439336, 12.1799045 ], [ 92.7475097, 12.177268 ], [ 92.7512573, 12.1803469 ], [ 92.7566247, 12.1762009 ], [ 92.7549774, 12.1659556 ], [ 92.7565631, 12.1631646 ], [ 92.7533642, 12.1582505 ], [ 92.75191, 12.1481364 ], [ 92.743469, 12.1273352 ], [ 92.7429237, 12.1201483 ], [ 92.7357533, 12.109809 ], [ 92.7338627, 12.1032013 ], [ 92.7347572, 12.1002222 ], [ 92.7338601, 12.0968188 ], [ 92.729575, 12.0977968 ], [ 92.7288629, 12.0973541 ], [ 92.730309, 12.0953646 ], [ 92.7254082, 12.0958999 ], [ 92.7308185, 12.0947271 ], [ 92.7300755, 12.0974078 ], [ 92.7329363, 12.0954856 ], [ 92.7341124, 12.096091 ], [ 92.7339613, 12.085916 ], [ 92.7318161, 12.0851801 ], [ 92.733961, 12.08536 ], [ 92.7342544, 12.0836739 ], [ 92.7324394, 12.0818936 ], [ 92.731759, 12.0803073 ], [ 92.7345527, 12.0832579 ], [ 92.7361171, 12.0787778 ], [ 92.7323987, 12.0723153 ], [ 92.7295018, 12.0752636 ], [ 92.7281516, 12.0754494 ], [ 92.7240767, 12.0728789 ], [ 92.7240488, 12.0715726 ], [ 92.7265057, 12.0711875 ], [ 92.7272495, 12.0705499 ], [ 92.7255549, 12.0708986 ], [ 92.7245011, 12.0652984 ], [ 92.7227555, 12.0643995 ], [ 92.7246249, 12.0647378 ], [ 92.7260829, 12.0703243 ], [ 92.7276766, 12.0704684 ], [ 92.7268319, 12.0715897 ], [ 92.7243612, 12.0720607 ], [ 92.7251333, 12.0733532 ], [ 92.7296164, 12.0745585 ], [ 92.7328886, 12.0683825 ], [ 92.732449, 12.0716012 ], [ 92.7369297, 12.0780677 ], [ 92.7394452, 12.0745862 ], [ 92.7396828, 12.0719508 ], [ 92.7381619, 12.0701433 ], [ 92.7359942, 12.0704335 ], [ 92.7357585, 12.0669801 ], [ 92.7335993, 12.0653447 ], [ 92.7377162, 12.0588294 ], [ 92.7378301, 12.0565377 ], [ 92.7365572, 12.0548883 ], [ 92.7350558, 12.0558878 ], [ 92.7347863, 12.0592916 ], [ 92.7331705, 12.0613761 ], [ 92.7274565, 12.0595341 ], [ 92.7252972, 12.0573878 ], [ 92.7250693, 12.0496538 ], [ 92.720634, 12.0525076 ], [ 92.7196273, 12.0499269 ], [ 92.71813, 12.0493895 ], [ 92.7138142, 12.0527766 ], [ 92.7124361, 12.0515249 ], [ 92.7133583, 12.0490159 ], [ 92.7109708, 12.0507343 ], [ 92.7098316, 12.0497719 ], [ 92.7093116, 12.0463909 ], [ 92.7071396, 12.0471103 ], [ 92.7061192, 12.0446109 ], [ 92.7006716, 12.0407205 ], [ 92.6986882, 12.0424704 ], [ 92.6972871, 12.0406717 ], [ 92.6966034, 12.0424981 ], [ 92.6968094, 12.0402063 ], [ 92.6988167, 12.0420274 ], [ 92.7007357, 12.0400787 ], [ 92.7062477, 12.0440594 ], [ 92.707323, 12.0465271 ], [ 92.7092102, 12.0455005 ], [ 92.7109936, 12.0501557 ], [ 92.7131697, 12.0479266 ], [ 92.7140657, 12.0493909 ], [ 92.7133546, 12.0515336 ], [ 92.7150492, 12.0516822 ], [ 92.7159856, 12.0503169 ], [ 92.7146486, 12.0483284 ], [ 92.7150105, 12.0457156 ], [ 92.713311, 12.0447262 ], [ 92.7120605, 12.0404867 ], [ 92.7124688, 12.0391802 ], [ 92.7108333, 12.0373953 ], [ 92.7095786, 12.0339195 ], [ 92.7094494, 12.0320483 ], [ 92.7104363, 12.0310444 ], [ 92.7102862, 12.0354245 ], [ 92.712951, 12.0392434 ], [ 92.7137747, 12.0443826 ], [ 92.7153501, 12.0450103 ], [ 92.7160865, 12.0498196 ], [ 92.7196039, 12.048512 ], [ 92.7211113, 12.0515853 ], [ 92.7254456, 12.048849 ], [ 92.7257278, 12.0544585 ], [ 92.7273444, 12.0543314 ], [ 92.7302179, 12.039192 ], [ 92.7283944, 12.0381938 ], [ 92.7280719, 12.0354908 ], [ 92.7306119, 12.036742 ], [ 92.7330775, 12.0357104 ], [ 92.7332833, 12.0335541 ], [ 92.7365807, 12.034023 ], [ 92.7357483, 12.0309722 ], [ 92.731964, 12.0302188 ], [ 92.7400133, 12.0286063 ], [ 92.7385695, 12.024263 ], [ 92.7286325, 12.024728 ], [ 92.7273097, 12.0237204 ], [ 92.7260154, 12.0254251 ], [ 92.7249405, 12.0246028 ], [ 92.7251421, 12.0232647 ], [ 92.7274148, 12.0225316 ], [ 92.7253948, 12.023789 ], [ 92.7257673, 12.0249731 ], [ 92.7273692, 12.0230741 ], [ 92.7285038, 12.024172 ], [ 92.731727, 12.0231402 ], [ 92.731321, 12.0183444 ], [ 92.7347149, 12.0195636 ], [ 92.7392284, 12.0188566 ], [ 92.7384652, 12.0163346 ], [ 92.7349844, 12.0161642 ], [ 92.7325867, 12.0143796 ], [ 92.7333301, 12.0130685 ], [ 92.734355, 12.0154457 ], [ 92.7368662, 12.014048 ], [ 92.7383388, 12.0107296 ], [ 92.7402918, 12.0142003 ], [ 92.7417476, 12.0144709 ], [ 92.742171, 12.016785 ], [ 92.746607, 12.0170905 ], [ 92.7492507, 12.0191253 ], [ 92.751908, 12.0151625 ], [ 92.7505921, 12.012744 ], [ 92.7517311, 12.0111808 ], [ 92.7514676, 12.0032087 ], [ 92.7556384, 12.0031412 ], [ 92.7577007, 12.0088042 ], [ 92.7626093, 12.0117946 ], [ 92.7662202, 12.0121353 ], [ 92.767036, 12.0102223 ], [ 92.7660658, 12.0040045 ], [ 92.7705147, 11.9986129 ], [ 92.7657643, 11.9938829 ], [ 92.7668449, 11.9898287 ], [ 92.7639444, 11.9865639 ], [ 92.7595974, 11.9948704 ], [ 92.7528062, 11.9956043 ], [ 92.7520252, 11.9966436 ], [ 92.7501753, 11.9954676 ], [ 92.75, 11.9967506 ], [ 92.7464689, 11.9963073 ], [ 92.7442571, 11.9990973 ], [ 92.744954, 11.9968233 ], [ 92.7435662, 11.9942971 ], [ 92.7412304, 11.9972045 ], [ 92.7402388, 11.9976616 ], [ 92.7316161, 11.9983339 ], [ 92.7305009, 11.9997085 ], [ 92.7307345, 11.9982756 ], [ 92.7271842, 11.995506 ], [ 92.7257366, 11.9924282 ], [ 92.7228261, 11.9939028 ], [ 92.7218892, 11.9930805 ], [ 92.7218514, 11.9899841 ], [ 92.7228929, 11.9880356 ], [ 92.722817, 11.993713 ], [ 92.7251809, 11.9919719 ], [ 92.7300669, 11.9938776 ], [ 92.7283998, 11.9926759 ], [ 92.7276905, 11.9870168 ], [ 92.7254398, 11.9844184 ], [ 92.7257512, 11.9823571 ], [ 92.7218803, 11.9811155 ], [ 92.7239499, 11.9781675 ], [ 92.7224341, 11.976256 ], [ 92.7229295, 11.9751303 ], [ 92.724504, 11.9743251 ], [ 92.7287699, 11.9762672 ], [ 92.7313577, 11.9716737 ], [ 92.7311546, 11.9693007 ], [ 92.7302821, 11.9685145 ], [ 92.7279963, 11.9701607 ], [ 92.7236108, 11.9673553 ], [ 92.7241746, 11.9649638 ], [ 92.7213503, 11.9628268 ], [ 92.7195651, 11.9644321 ], [ 92.7188023, 11.9626739 ], [ 92.7172875, 11.9633615 ], [ 92.7164524, 11.9646636 ], [ 92.7176007, 11.9662273 ], [ 92.715232, 11.9671456 ], [ 92.7170772, 11.9659788 ], [ 92.7162229, 11.9647405 ], [ 92.7163371, 11.9633618 ], [ 92.7175993, 11.9622358 ], [ 92.7179377, 11.9582579 ], [ 92.7145108, 11.9520437 ], [ 92.7123492, 11.9539927 ], [ 92.7131426, 11.951434 ], [ 92.714272, 11.9518901 ], [ 92.7152216, 11.9498647 ], [ 92.7173561, 11.9491363 ], [ 92.7152295, 11.945905 ], [ 92.7171735, 11.9388347 ], [ 92.7161815, 11.9374383 ], [ 92.7142994, 11.9376875 ], [ 92.7133208, 11.9350119 ], [ 92.7104878, 11.9330825 ], [ 92.7127559, 11.9341893 ], [ 92.7137833, 11.9314 ], [ 92.7134323, 11.9251893 ], [ 92.7119775, 11.9261842 ], [ 92.7109722, 11.925954 ], [ 92.7141243, 11.9219209 ], [ 92.7133678, 11.9243712 ], [ 92.7147247, 11.9327784 ], [ 92.7160199, 11.9345725 ], [ 92.719316, 11.9349918 ], [ 92.7230146, 11.9314421 ], [ 92.7239487, 11.9248648 ], [ 92.722179, 11.9182342 ], [ 92.7240715, 11.9091659 ], [ 92.7224909, 11.9048316 ], [ 92.7180467, 11.901696 ], [ 92.716624, 11.9023067 ], [ 92.7180189, 11.9008552 ], [ 92.7236193, 11.9027654 ], [ 92.7250677, 11.8972592 ], [ 92.7215822, 11.8923469 ], [ 92.7181857, 11.8920994 ], [ 92.7136792, 11.8943746 ], [ 92.7142353, 11.8964944 ], [ 92.7133454, 11.8978733 ], [ 92.7116196, 11.8981768 ], [ 92.7098703, 11.8965183 ], [ 92.7071637, 11.9008722 ], [ 92.7055706, 11.8994579 ], [ 92.7039048, 11.9007602 ], [ 92.7056898, 11.8991142 ], [ 92.7070671, 11.9004157 ], [ 92.7102374, 11.8958266 ], [ 92.7127623, 11.897643 ], [ 92.713477, 11.8934209 ], [ 92.7198055, 11.8909869 ], [ 92.7173401, 11.888809 ], [ 92.7136684, 11.8890587 ], [ 92.7169636, 11.8883118 ], [ 92.7202231, 11.890815 ], [ 92.7242118, 11.8911753 ], [ 92.7222155, 11.878926 ], [ 92.7209948, 11.8796135 ], [ 92.7209023, 11.8774348 ], [ 92.7184466, 11.8767168 ], [ 92.7172937, 11.8739192 ], [ 92.7148518, 11.8731335 ], [ 92.7123446, 11.8688762 ], [ 92.7106376, 11.8699254 ], [ 92.7101566, 11.8726965 ], [ 92.7098079, 11.8728322 ], [ 92.7103304, 11.8704995 ], [ 92.708797, 11.8690084 ], [ 92.7086683, 11.868145 ], [ 92.7111232, 11.8669193 ], [ 92.7103648, 11.8632898 ], [ 92.7083958, 11.8626213 ], [ 92.7074463, 11.8642082 ], [ 92.7063816, 11.864439 ], [ 92.7078725, 11.8621649 ], [ 92.7104932, 11.8630049 ], [ 92.7114629, 11.8673396 ], [ 92.7093111, 11.8690579 ], [ 92.7136571, 11.8687718 ], [ 92.7150579, 11.8719989 ], [ 92.7171511, 11.8728389 ], [ 92.718391, 11.8751258 ], [ 92.723541, 11.8766247 ], [ 92.7248224, 11.8668379 ], [ 92.723675, 11.8665897 ], [ 92.7252614, 11.8624757 ], [ 92.7242221, 11.8565544 ], [ 92.7154443, 11.832948 ], [ 92.7147658, 11.834996 ], [ 92.7137933, 11.835837 ], [ 92.7148201, 11.8327177 ], [ 92.7136897, 11.8279401 ], [ 92.7076158, 11.8179657 ], [ 92.7007457, 11.8141796 ], [ 92.6974788, 11.8147003 ], [ 92.6920193, 11.8179699 ], [ 92.6970261, 11.8207215 ], [ 92.6980132, 11.8225203 ], [ 92.7008967, 11.8293722 ], [ 92.6985838, 11.8286587 ], [ 92.6981934, 11.8270722 ], [ 92.697827, 11.830033 ], [ 92.6976106, 11.8272984 ], [ 92.6991844, 11.8266696 ], [ 92.6974534, 11.8225973 ], [ 92.6961636, 11.821124 ], [ 92.6953701, 11.8226159 ], [ 92.6941679, 11.8226569 ], [ 92.6957001, 11.8212235 ], [ 92.6925749, 11.8196151 ], [ 92.6915604, 11.8176852 ], [ 92.69507, 11.8155643 ], [ 92.6951978, 11.8129063 ], [ 92.689899, 11.8161577 ], [ 92.6743769, 11.8214315 ], [ 92.6727248, 11.8202882 ], [ 92.6693891, 11.8213781 ], [ 92.6646121, 11.8197154 ], [ 92.6669758, 11.8231143 ], [ 92.6628046, 11.8225816 ], [ 92.6625341, 11.8240913 ], [ 92.6595196, 11.8261575 ], [ 92.6607268, 11.8288334 ], [ 92.6554226, 11.8326356 ], [ 92.655533, 11.8349273 ], [ 92.6545416, 11.8333182 ], [ 92.6605478, 11.8285802 ], [ 92.6592443, 11.8260988 ], [ 92.6625155, 11.8223149 ], [ 92.6663975, 11.8225041 ], [ 92.6636577, 11.8203801 ], [ 92.664043, 11.8193764 ], [ 92.6681959, 11.8207048 ], [ 92.6726101, 11.8198543 ], [ 92.6744732, 11.8208981 ], [ 92.687173, 11.8144767 ], [ 92.6858924, 11.8129447 ], [ 92.6881824, 11.8143816 ], [ 92.6919173, 11.8136711 ], [ 92.6923249, 11.8109769 ], [ 92.6887863, 11.8066383 ], [ 92.6821007, 11.805496 ], [ 92.6807423, 11.8038916 ], [ 92.677496, 11.7919677 ], [ 92.676372, 11.791891 ], [ 92.6754415, 11.7970489 ], [ 92.6745425, 11.7985633 ], [ 92.6700826, 11.798198 ], [ 92.6745378, 11.7980254 ], [ 92.6759544, 11.7918867 ], [ 92.677583, 11.7910456 ], [ 92.6780412, 11.7877004 ], [ 92.6767741, 11.7835555 ], [ 92.6741179, 11.7849121 ], [ 92.6728927, 11.7835744 ], [ 92.6741637, 11.784338 ], [ 92.6767464, 11.7828866 ], [ 92.6762594, 11.7790806 ], [ 92.6781126, 11.7775478 ], [ 92.6766998, 11.7791754 ], [ 92.6770677, 11.7830763 ], [ 92.6789129, 11.7875194 ], [ 92.6804799, 11.7992809 ], [ 92.6822286, 11.8025217 ], [ 92.6841608, 11.8045102 ], [ 92.6890383, 11.80516 ], [ 92.6975012, 11.8125125 ], [ 92.6993362, 11.8112689 ], [ 92.6997064, 11.8060524 ], [ 92.7019867, 11.8052336 ], [ 92.7050225, 11.8000525 ], [ 92.7080277, 11.7995183 ], [ 92.7069813, 11.7984835 ], [ 92.7052222, 11.7921826 ], [ 92.7058004, 11.7926933 ], [ 92.7082802, 11.7997442 ], [ 92.7051697, 11.8010469 ], [ 92.705753, 11.802882 ], [ 92.704868, 11.8050611 ], [ 92.7054683, 11.8022674 ], [ 92.7042477, 11.8019649 ], [ 92.7025051, 11.8054821 ], [ 92.6997986, 11.8074899 ], [ 92.6996065, 11.809628 ], [ 92.7013729, 11.8092252 ], [ 92.7026303, 11.8099346 ], [ 92.7036213, 11.8093783 ], [ 92.7021212, 11.8106218 ], [ 92.7008178, 11.8095735 ], [ 92.7005294, 11.8119783 ], [ 92.7045262, 11.8126869 ], [ 92.705127, 11.8116741 ], [ 92.7051274, 11.813202 ], [ 92.7083992, 11.8140825 ], [ 92.7100655, 11.8159941 ], [ 92.709987, 11.8145024 ], [ 92.7121704, 11.8123773 ], [ 92.7119418, 11.8148996 ], [ 92.7104873, 11.8151668 ], [ 92.7110023, 11.8184348 ], [ 92.7177364, 11.8262708 ], [ 92.7182798, 11.8318487 ], [ 92.7238862, 11.8415563 ], [ 92.7255916, 11.8492808 ], [ 92.7296504, 11.8547806 ], [ 92.7302527, 11.8575693 ], [ 92.7284596, 11.86101 ], [ 92.729672, 11.8632289 ], [ 92.7296203, 11.8719169 ], [ 92.7309576, 11.8763011 ], [ 92.731526, 11.8746374 ], [ 92.732926, 11.8751341 ], [ 92.7303758, 11.8791897 ], [ 92.7319499, 11.8790536 ], [ 92.7345217, 11.8829761 ], [ 92.7367523, 11.8830114 ], [ 92.735766, 11.8840831 ], [ 92.7342097, 11.883243 ], [ 92.7323498, 11.880319 ], [ 92.7300413, 11.8805279 ], [ 92.7295014, 11.884967 ], [ 92.7309549, 11.8930803 ], [ 92.7299698, 11.8973659 ], [ 92.7348859, 11.8981279 ], [ 92.7355552, 11.8961613 ], [ 92.7370888, 11.8975711 ], [ 92.7355186, 11.896541 ], [ 92.7354596, 11.8983763 ], [ 92.730475, 11.8983014 ], [ 92.7302138, 11.8994271 ], [ 92.7361603, 11.9168186 ], [ 92.7407484, 11.9226705 ], [ 92.7421618, 11.9216936 ], [ 92.7419681, 11.9196098 ], [ 92.7437128, 11.9205086 ], [ 92.7446257, 11.9193601 ], [ 92.7442132, 11.9207163 ], [ 92.7421566, 11.9200889 ], [ 92.7422721, 11.9219783 ], [ 92.7405012, 11.9242166 ], [ 92.7442596, 11.9320983 ], [ 92.7485326, 11.9335305 ], [ 92.7499987, 11.9365624 ], [ 92.75, 11.9312476 ], [ 92.75796, 11.9370422 ], [ 92.7599527, 11.9360215 ], [ 92.7608237, 11.9389148 ], [ 92.7631137, 11.9408098 ], [ 92.7658963, 11.93884 ], [ 92.7696601, 11.9401748 ], [ 92.7700785, 11.9383579 ], [ 92.7706427, 11.9395515 ], [ 92.7754402, 11.9387441 ], [ 92.7790171, 11.9365394 ], [ 92.7829923, 11.9369159 ], [ 92.7846824, 11.9345659 ], [ 92.7827593, 11.9337426 ], [ 92.7818237, 11.9308946 ], [ 92.7835828, 11.9280202 ], [ 92.7871318, 11.9260459 ], [ 92.786302, 11.9229538 ], [ 92.7867529, 11.9196316 ], [ 92.7878776, 11.9195325 ], [ 92.7830214, 11.9047361 ], [ 92.7876398, 11.9018809 ], [ 92.786539, 11.8997063 ], [ 92.7800499, 11.8964134 ], [ 92.7791428, 11.8916306 ], [ 92.7849554, 11.8853856 ], [ 92.7899765, 11.8854504 ], [ 92.7851172, 11.8818417 ], [ 92.7859771, 11.8771364 ], [ 92.7847385, 11.8748668 ], [ 92.7862585, 11.87258 ], [ 92.7825139, 11.8574224 ], [ 92.784717, 11.8565416 ], [ 92.784805, 11.8540238 ], [ 92.7832642, 11.8505834 ], [ 92.7808317, 11.8512698 ], [ 92.7795152, 11.8496375 ], [ 92.7798659, 11.8440008 ], [ 92.7771826, 11.8405735 ], [ 92.7775188, 11.8370162 ], [ 92.7753905, 11.8343259 ], [ 92.7771596, 11.8277133 ], [ 92.7749718, 11.8247924 ], [ 92.7755192, 11.8208554 ], [ 92.7733139, 11.815923 ], [ 92.7738154, 11.8124743 ], [ 92.7696435, 11.802709 ], [ 92.7700894, 11.8004308 ], [ 92.7685528, 11.7992776 ], [ 92.7702051, 11.7856224 ], [ 92.7659178, 11.7793422 ], [ 92.7677817, 11.7760294 ], [ 92.7676591, 11.7727974 ], [ 92.7636469, 11.7676382 ], [ 92.7646805, 11.7638461 ], [ 92.7630168, 11.7599579 ], [ 92.7647064, 11.7566995 ], [ 92.7644564, 11.7507376 ], [ 92.7605225, 11.7453705 ], [ 92.7610937, 11.7395757 ], [ 92.7582324, 11.7368533 ], [ 92.7578369, 11.7284951 ], [ 92.7551548, 11.7251354 ], [ 92.7560378, 11.7198018 ], [ 92.7540803, 11.7170752 ], [ 92.756812, 11.7112587 ], [ 92.7568688, 11.7071226 ], [ 92.7544544, 11.7006486 ], [ 92.7535235, 11.7000424 ], [ 92.75, 11.7037961 ], [ 92.7463143, 11.7110741 ], [ 92.7434065, 11.7115363 ], [ 92.7420197, 11.7079794 ], [ 92.7446314, 11.7014239 ], [ 92.7437867, 11.6998376 ], [ 92.7454347, 11.6923784 ], [ 92.7447229, 11.6904395 ], [ 92.7377468, 11.6900309 ], [ 92.730031, 11.6985321 ], [ 92.7284713, 11.6979043 ], [ 92.7274105, 11.69418 ], [ 92.7259661, 11.6953151 ], [ 92.7259762, 11.6976476 ], [ 92.7208528, 11.6972651 ], [ 92.7184748, 11.7043176 ], [ 92.7165488, 11.7054212 ], [ 92.7136175, 11.7043057 ], [ 92.7138631, 11.6977737 ], [ 92.7109492, 11.6932498 ], [ 92.706603, 11.6992721 ], [ 92.7068656, 11.7030917 ], [ 92.7004738, 11.7105113 ], [ 92.6958646, 11.7123478 ], [ 92.7016885, 11.7077174 ], [ 92.7005551, 11.7059639 ], [ 92.7037879, 11.7030158 ], [ 92.7032235, 11.7021389 ], [ 92.6973159, 11.7022173 ], [ 92.6919013, 11.7110695 ], [ 92.6964535, 11.7188765 ], [ 92.6941183, 11.717411 ], [ 92.6913188, 11.7115036 ], [ 92.6961967, 11.7020459 ], [ 92.6899671, 11.697744 ], [ 92.6867346, 11.7024459 ], [ 92.689029, 11.707264 ], [ 92.6852042, 11.7092131 ], [ 92.685292, 11.7127164 ], [ 92.6822238, 11.7140957 ], [ 92.6818016, 11.7130426 ], [ 92.6843792, 11.712138 ], [ 92.6846766, 11.7089195 ], [ 92.6879465, 11.7071512 ], [ 92.6857989, 11.7026586 ], [ 92.6866058, 11.7008412 ], [ 92.6849129, 11.6989972 ], [ 92.6857153, 11.6977133 ], [ 92.6853441, 11.6994266 ], [ 92.6866789, 11.6992093 ], [ 92.6875452, 11.696827 ], [ 92.6891872, 11.6972243 ], [ 92.6896224, 11.6951765 ], [ 92.6862736, 11.6922075 ], [ 92.688599, 11.6926364 ], [ 92.6902095, 11.6952351 ], [ 92.6901459, 11.6973733 ], [ 92.6917604, 11.6975266 ], [ 92.6923472, 11.6966089 ], [ 92.6912324, 11.6957548 ], [ 92.6923791, 11.6956325 ], [ 92.6928747, 11.696794 ], [ 92.6920678, 11.697956 ], [ 92.6945174, 11.6995104 ], [ 92.7056767, 11.7000589 ], [ 92.7014789, 11.6959647 ], [ 92.7009044, 11.6918965 ], [ 92.7025959, 11.6887589 ], [ 92.7034564, 11.6823173 ], [ 92.6998404, 11.6752078 ], [ 92.7026233, 11.6721558 ], [ 92.707425, 11.6721815 ], [ 92.7077227, 11.6705089 ], [ 92.7021219, 11.6665959 ], [ 92.6989209, 11.6668589 ], [ 92.6977282, 11.6655438 ], [ 92.6915927, 11.6681128 ], [ 92.6912479, 11.6644153 ], [ 92.6854278, 11.6629791 ], [ 92.6831341, 11.659273 ], [ 92.685619, 11.6559499 ], [ 92.6837523, 11.654983 ], [ 92.6844583, 11.6536222 ], [ 92.682637, 11.650716 ], [ 92.6666883, 11.6548098 ], [ 92.6601425, 11.6522308 ], [ 92.6651241, 11.6525769 ], [ 92.6643896, 11.6467412 ], [ 92.6679885, 11.6414474 ], [ 92.667144, 11.6367464 ], [ 92.6703712, 11.6301055 ], [ 92.6725398, 11.6283603 ], [ 92.67369, 11.6239934 ], [ 92.6789184, 11.6295118 ], [ 92.6792863, 11.6351351 ], [ 92.6812163, 11.6327118 ], [ 92.6806192, 11.6276762 ], [ 92.6829309, 11.6309169 ], [ 92.6835506, 11.6342075 ], [ 92.6801943, 11.6356366 ], [ 92.6811257, 11.6380774 ], [ 92.6814601, 11.6363551 ], [ 92.6835966, 11.634759 ], [ 92.6840549, 11.6332943 ], [ 92.6841175, 11.6261341 ], [ 92.6849756, 11.6287783 ], [ 92.6865757, 11.6282174 ], [ 92.6874878, 11.6260204 ], [ 92.6912011, 11.622471 ], [ 92.6913155, 11.621567 ], [ 92.688519, 11.6242165 ], [ 92.6872029, 11.6233127 ], [ 92.6883664, 11.6181367 ], [ 92.6848866, 11.6202484 ], [ 92.6833734, 11.6202985 ], [ 92.6817409, 11.6193404 ], [ 92.67931, 11.6157021 ], [ 92.6792683, 11.6132928 ], [ 92.6760905, 11.6119598 ], [ 92.6740863, 11.6095237 ], [ 92.6735266, 11.6077292 ], [ 92.6720321, 11.6091986 ], [ 92.6729488, 11.6073677 ], [ 92.6739759, 11.6074263 ], [ 92.6748934, 11.6101835 ], [ 92.6794975, 11.6131887 ], [ 92.6793604, 11.6152139 ], [ 92.6825984, 11.6196025 ], [ 92.6843684, 11.6201084 ], [ 92.6853952, 11.6184764 ], [ 92.6888247, 11.6174043 ], [ 92.688019, 11.6229193 ], [ 92.6909302, 11.6206087 ], [ 92.6921916, 11.6226923 ], [ 92.6877908, 11.6274261 ], [ 92.6884192, 11.6284973 ], [ 92.6906474, 11.6274254 ], [ 92.694259, 11.6204135 ], [ 92.6949458, 11.6164264 ], [ 92.6892872, 11.6145111 ], [ 92.6942577, 11.6150163 ], [ 92.6920284, 11.6115271 ], [ 92.6897361, 11.6129967 ], [ 92.6877137, 11.6113563 ], [ 92.686956, 11.6058913 ], [ 92.6844977, 11.6031706 ], [ 92.6863959, 11.6029939 ], [ 92.6898721, 11.6061031 ], [ 92.6910638, 11.6045931 ], [ 92.690638, 11.6069302 ], [ 92.6925641, 11.6086565 ], [ 92.695035, 11.6066398 ], [ 92.6969838, 11.6074891 ], [ 92.6935638, 11.6092891 ], [ 92.6928031, 11.6110974 ], [ 92.696243, 11.6148756 ], [ 92.6961472, 11.6167561 ], [ 92.6979905, 11.6167149 ], [ 92.7016314, 11.6177265 ], [ 92.6961473, 11.6173483 ], [ 92.6953142, 11.6228317 ], [ 92.6944109, 11.6226601 ], [ 92.6937098, 11.6247848 ], [ 92.6939997, 11.6289752 ], [ 92.6917127, 11.6335322 ], [ 92.693241, 11.638893 ], [ 92.6970973, 11.6380739 ], [ 92.6995697, 11.6408216 ], [ 92.7017612, 11.6391259 ], [ 92.6989511, 11.6423722 ], [ 92.69887, 11.6481267 ], [ 92.6978524, 11.649483 ], [ 92.6951238, 11.6494746 ], [ 92.6940653, 11.6528652 ], [ 92.7005043, 11.6544592 ], [ 92.7046759, 11.6491557 ], [ 92.7059859, 11.6437942 ], [ 92.7101449, 11.6433138 ], [ 92.71131, 11.6443803 ], [ 92.7099586, 11.6487247 ], [ 92.7108205, 11.6479922 ], [ 92.7084047, 11.6511481 ], [ 92.7092122, 11.652382 ], [ 92.7188976, 11.6530163 ], [ 92.7217006, 11.6556823 ], [ 92.7282088, 11.658225 ], [ 92.7284984, 11.6599019 ], [ 92.7267332, 11.6609784 ], [ 92.7206617, 11.6618394 ], [ 92.7160215, 11.6642366 ], [ 92.7176972, 11.6698369 ], [ 92.7141037, 11.6759179 ], [ 92.7151633, 11.676686 ], [ 92.7143751, 11.6784356 ], [ 92.7228248, 11.6837487 ], [ 92.7268186, 11.6812973 ], [ 92.7308409, 11.6814269 ], [ 92.729852, 11.6740546 ], [ 92.7318508, 11.6719925 ], [ 92.7349464, 11.6731961 ], [ 92.7343384, 11.6767244 ], [ 92.7354074, 11.6778044 ], [ 92.742795, 11.6759797 ], [ 92.7472303, 11.6766648 ], [ 92.7489346, 11.674183 ], [ 92.7469799, 11.6707027 ], [ 92.7472357, 11.6684379 ], [ 92.7502632, 11.6674676 ], [ 92.7520513, 11.6684176 ], [ 92.7559922, 11.6650471 ], [ 92.7530006, 11.6580167 ], [ 92.7568536, 11.6558169 ], [ 92.7569093, 11.6543659 ], [ 92.7551992, 11.6532216 ], [ 92.7567272, 11.6511519 ], [ 92.7548491, 11.6463957 ], [ 92.7515164, 11.6437273 ], [ 92.7470665, 11.6439923 ], [ 92.7457246, 11.641859 ], [ 92.7464439, 11.6405026 ], [ 92.7390339, 11.6414866 ], [ 92.739143, 11.6391721 ], [ 92.7377213, 11.6387161 ], [ 92.7391932, 11.6385257 ], [ 92.740148, 11.6409753 ], [ 92.7453658, 11.6394633 ], [ 92.7482663, 11.6400313 ], [ 92.7482932, 11.6374793 ], [ 92.75, 11.6365983 ], [ 92.7518468, 11.6326888 ], [ 92.7526102, 11.627459 ], [ 92.7513584, 11.6275625 ], [ 92.7511443, 11.624145 ], [ 92.7523058, 11.6210943 ], [ 92.7510774, 11.620149 ], [ 92.7528249, 11.6189157 ], [ 92.7542805, 11.6141564 ], [ 92.7511788, 11.6082108 ], [ 92.7491955, 11.6070346 ], [ 92.7497529, 11.6055343 ], [ 92.7480067, 11.6041129 ], [ 92.7487837, 11.6019838 ], [ 92.7443851, 11.5982201 ], [ 92.7413388, 11.5935248 ], [ 92.7423506, 11.5902516 ], [ 92.7436755, 11.5898488 ], [ 92.7414197, 11.5787567 ], [ 92.7390673, 11.5775507 ], [ 92.7377938, 11.58006 ], [ 92.73717, 11.5794409 ], [ 92.7397492, 11.5745399 ], [ 92.7389945, 11.5677958 ], [ 92.7362286, 11.5639682 ], [ 92.7330199, 11.5647152 ], [ 92.7333072, 11.5608683 ], [ 92.7296708, 11.5581981 ], [ 92.7310267, 11.5554809 ], [ 92.7327097, 11.556981 ], [ 92.7334383, 11.5561987 ], [ 92.7328315, 11.5545036 ], [ 92.7339321, 11.5528489 ], [ 92.7323714, 11.5473799 ], [ 92.7305876, 11.5459204 ], [ 92.7310904, 11.5422723 ], [ 92.7259955, 11.5365965 ], [ 92.7229588, 11.5302103 ], [ 92.7266439, 11.5168333 ], [ 92.7226458, 11.5132997 ], [ 92.7213381, 11.5092408 ], [ 92.7186421, 11.5063984 ], [ 92.718962, 11.5038126 ], [ 92.7162208, 11.5028507 ], [ 92.7155808, 11.4944026 ], [ 92.7107984, 11.4875602 ], [ 92.7103737, 11.4776787 ], [ 92.7086242, 11.4814176 ], [ 92.7066855, 11.4814905 ], [ 92.7068833, 11.4838637 ], [ 92.7053299, 11.4850032 ], [ 92.7075907, 11.4894642 ], [ 92.7047179, 11.4922134 ], [ 92.698719, 11.4944978 ], [ 92.6992146, 11.4966042 ], [ 92.6968586, 11.4960624 ], [ 92.6953057, 11.4991908 ], [ 92.6969107, 11.5057834 ], [ 92.6924781, 11.5037593 ], [ 92.6899027, 11.5061918 ], [ 92.6869236, 11.5065135 ], [ 92.6837574, 11.5113057 ], [ 92.6817448, 11.5090324 ], [ 92.6795723, 11.5093312 ], [ 92.6822348, 11.5067631 ], [ 92.6785034, 11.5043092 ], [ 92.6713711, 11.5017474 ], [ 92.6674983, 11.5018294 ], [ 92.6580303, 11.5127247 ], [ 92.6494228, 11.5179647 ], [ 92.6452017, 11.5225261 ], [ 92.6439324, 11.5273314 ], [ 92.6445513, 11.529578 ], [ 92.6424889, 11.5352467 ], [ 92.6427964, 11.540088 ], [ 92.6477614, 11.5464433 ], [ 92.6484539, 11.5497703 ], [ 92.641294, 11.5595347 ], [ 92.6420277, 11.5626583 ], [ 92.6448199, 11.5661162 ], [ 92.6439949, 11.5689415 ], [ 92.6467411, 11.5709031 ], [ 92.6462507, 11.5723994 ], [ 92.6369351, 11.5750625 ], [ 92.6371277, 11.5774357 ], [ 92.6323966, 11.5807855 ], [ 92.6311356, 11.5743982 ], [ 92.6268719, 11.5714148 ], [ 92.6201742, 11.5612485 ], [ 92.6164791, 11.5634408 ], [ 92.6166762, 11.5666593 ], [ 92.6193946, 11.5718442 ], [ 92.6187571, 11.582553 ], [ 92.6170608, 11.5864495 ], [ 92.6136909, 11.5875343 ], [ 92.6083906, 11.593302 ], [ 92.6044522, 11.5931933 ], [ 92.6050297, 11.5960231 ], [ 92.6070333, 11.5973567 ], [ 92.6074044, 11.6008555 ], [ 92.6027917, 11.6039878 ], [ 92.6018376, 11.6086482 ], [ 92.6053314, 11.6102622 ], [ 92.6084535, 11.6157863 ], [ 92.6085724, 11.6210435 ], [ 92.617037, 11.6215862 ], [ 92.6204622, 11.6191272 ], [ 92.6217873, 11.6208902 ], [ 92.6217919, 11.6187159 ], [ 92.6238736, 11.6178254 ], [ 92.6244972, 11.6224362 ], [ 92.6270147, 11.6264412 ], [ 92.6290964, 11.625953 ], [ 92.6292292, 11.6170795 ], [ 92.6323563, 11.6170614 ], [ 92.6349056, 11.6154746 ], [ 92.6408117, 11.62051 ], [ 92.6401424, 11.6213463 ], [ 92.6430726, 11.6246958 ], [ 92.6428207, 11.6291392 ], [ 92.6440817, 11.6301156 ], [ 92.6447011, 11.6352732 ], [ 92.6414457, 11.6396401 ], [ 92.6382035, 11.6363675 ], [ 92.6390515, 11.6316076 ], [ 92.637598, 11.6319376 ], [ 92.6374743, 11.6340487 ], [ 92.6359976, 11.6322089 ], [ 92.6340627, 11.6330905 ], [ 92.6339528, 11.6401422 ], [ 92.6371126, 11.6458106 ], [ 92.6343567, 11.6502045 ], [ 92.6324949, 11.6495627 ], [ 92.6303901, 11.6518817 ], [ 92.6294958, 11.6496442 ], [ 92.6307796, 11.6414487 ], [ 92.6320315, 11.6401513 ], [ 92.6304079, 11.628299 ], [ 92.6261113, 11.6280188 ], [ 92.6202007, 11.6329686 ], [ 92.6167249, 11.6329504 ], [ 92.6122905, 11.635129 ], [ 92.6089936, 11.6342746 ], [ 92.6080904, 11.632385 ], [ 92.606953, 11.6347401 ], [ 92.607127, 11.6396266 ], [ 92.6035913, 11.6424516 ], [ 92.6034031, 11.6446439 ], [ 92.5977026, 11.649087 ], [ 92.5970649, 11.6523099 ], [ 92.5980506, 11.6554155 ], [ 92.5991558, 11.6550268 ], [ 92.5994353, 11.6571695 ], [ 92.5988026, 11.6559896 ], [ 92.5974589, 11.6566495 ], [ 92.5934773, 11.6657847 ], [ 92.5906386, 11.6660149 ], [ 92.5902027, 11.6680264 ], [ 92.5912065, 11.6724112 ], [ 92.5944626, 11.6731575 ], [ 92.5961084, 11.6794861 ], [ 92.5979657, 11.6809328 ], [ 92.5974744, 11.6859684 ], [ 92.5989692, 11.6902086 ], [ 92.5951253, 11.694272 ], [ 92.5957396, 11.6976216 ], [ 92.5940926, 11.7014457 ], [ 92.5922532, 11.7026208 ], [ 92.5924866, 11.7077469 ], [ 92.5896795, 11.7079138 ], [ 92.5976465, 11.7095826 ], [ 92.6037791, 11.7070201 ], [ 92.5982978, 11.7100257 ], [ 92.593867, 11.7095732 ], [ 92.5866648, 11.7166648 ], [ 92.5871866, 11.7257507 ], [ 92.5893972, 11.7280292 ], [ 92.5910067, 11.7328661 ], [ 92.5912904, 11.7382815 ], [ 92.5891264, 11.72934 ], [ 92.5868745, 11.7270435 ], [ 92.5852431, 11.7149694 ], [ 92.5818623, 11.7173828 ], [ 92.5851607, 11.7140653 ], [ 92.5849223, 11.7134144 ], [ 92.5813304, 11.7161849 ], [ 92.5742988, 11.7154785 ], [ 92.5709907, 11.6968136 ], [ 92.5683717, 11.6968718 ], [ 92.5676796, 11.6944262 ], [ 92.5644881, 11.6913246 ], [ 92.5580531, 11.6922996 ], [ 92.5582809, 11.6989174 ], [ 92.5554628, 11.7065108 ], [ 92.5533755, 11.7075998 ], [ 92.5544664, 11.7108185 ], [ 92.5519846, 11.712174 ], [ 92.5533876, 11.7144978 ], [ 92.5501617, 11.71951 ], [ 92.5521096, 11.7255949 ], [ 92.5501084, 11.7302413 ], [ 92.5498129, 11.7374555 ], [ 92.5525872, 11.7412353 ], [ 92.5506135, 11.7454296 ], [ 92.5515987, 11.74981 ], [ 92.550402, 11.751407 ], [ 92.5514015, 11.7535815 ], [ 92.5501661, 11.7585943 ], [ 92.5516519, 11.7607553 ], [ 92.5506327, 11.7637249 ], [ 92.5529347, 11.767735 ], [ 92.5569345, 11.7705295 ], [ 92.5586544, 11.7726545 ], [ 92.5560398, 11.7708457 ], [ 92.5548375, 11.7721835 ], [ 92.5517223, 11.7721511 ], [ 92.5502169, 11.7746866 ], [ 92.5514456, 11.7777517 ], [ 92.5490733, 11.7793467 ], [ 92.5503391, 11.7809879 ], [ 92.5493201, 11.7825969 ], [ 92.5495763, 11.8022331 ], [ 92.5420452, 11.7928424 ], [ 92.5433725, 11.7883315 ], [ 92.5405368, 11.7891217 ], [ 92.5415835, 11.7869071 ], [ 92.5407214, 11.7855372 ], [ 92.5394277, 11.7853108 ], [ 92.5396426, 11.7872862 ], [ 92.538376, 11.7883481 ], [ 92.5393022, 11.7903192 ], [ 92.5376498, 11.7926784 ], [ 92.5362183, 11.792488 ], [ 92.535572, 11.7906707 ], [ 92.5348652, 11.7914298 ], [ 92.5321815, 11.7902447 ], [ 92.5294087, 11.7949992 ], [ 92.5328908, 11.7959992 ], [ 92.5323665, 11.7997962 ], [ 92.5342747, 11.801406 ], [ 92.5352301, 11.7981155 ], [ 92.5364953, 11.8016643 ], [ 92.5385287, 11.7991788 ], [ 92.542841, 11.8013498 ], [ 92.5419778, 11.8033837 ], [ 92.542748, 11.8054497 ], [ 92.5478909, 11.8077429 ], [ 92.549556, 11.8097458 ], [ 92.5484455, 11.8102925 ], [ 92.5485697, 11.8089093 ], [ 92.5453676, 11.8067523 ], [ 92.5414813, 11.8066743 ], [ 92.5392347, 11.8010911 ], [ 92.5375684, 11.8035768 ], [ 92.5384023, 11.8072204 ], [ 92.5350725, 11.8028346 ], [ 92.5333139, 11.8069295 ], [ 92.5316532, 11.8059299 ], [ 92.531405, 11.8074623 ], [ 92.5363305, 11.8147505 ], [ 92.5383333, 11.8225713 ], [ 92.5467378, 11.82944 ], [ 92.5469056, 11.8361798 ], [ 92.5462304, 11.8384985 ], [ 92.5442838, 11.8415266 ], [ 92.5450176, 11.8433439 ], [ 92.5441003, 11.8416078 ], [ 92.5460889, 11.8359806 ], [ 92.5429752, 11.8287338 ], [ 92.541763, 11.8311473 ], [ 92.5434647, 11.8337469 ], [ 92.5405263, 11.8390212 ], [ 92.5362308, 11.8398923 ], [ 92.5327866, 11.8336397 ], [ 92.5310289, 11.8338651 ], [ 92.531103, 11.8320797 ], [ 92.5291212, 11.8302302 ], [ 92.529888, 11.8290191 ], [ 92.5272368, 11.8257228 ], [ 92.5280413, 11.8217 ], [ 92.526473, 11.8190009 ], [ 92.526228, 11.8108779 ], [ 92.5238249, 11.8073693 ], [ 92.5205569, 11.8105821 ], [ 92.5185532, 11.8066487 ], [ 92.5145474, 11.8070404 ], [ 92.5121455, 11.8122739 ], [ 92.5145762, 11.8155838 ], [ 92.5123875, 11.815384 ], [ 92.5110952, 11.8112565 ], [ 92.5099298, 11.8112018 ], [ 92.506107, 11.823414 ], [ 92.5080707, 11.8240296 ], [ 92.5056659, 11.8245168 ], [ 92.5068987, 11.8282918 ], [ 92.5092388, 11.828808 ], [ 92.5065819, 11.8288882 ], [ 92.5070288, 11.8352214 ], [ 92.5123685, 11.8393732 ], [ 92.5164476, 11.8408438 ], [ 92.51799, 11.8392668 ], [ 92.5196559, 11.839055 ], [ 92.5194134, 11.8373824 ], [ 92.5201329, 11.8396744 ], [ 92.5184305, 11.8395247 ], [ 92.5167179, 11.8416892 ], [ 92.5129369, 11.8412086 ], [ 92.5120042, 11.84383 ], [ 92.5098241, 11.8445976 ], [ 92.5083055, 11.8438466 ], [ 92.5086873, 11.8415369 ], [ 92.5075034, 11.8414958 ], [ 92.5068805, 11.8494692 ], [ 92.5102838, 11.853801 ], [ 92.5082139, 11.8544241 ], [ 92.5081718, 11.856318 ], [ 92.5106635, 11.8568388 ], [ 92.5120802, 11.8602522 ], [ 92.5146774, 11.8608363 ], [ 92.5159903, 11.8598559 ], [ 92.5153981, 11.860692 ], [ 92.5164764, 11.8610676 ], [ 92.518271, 11.8605258 ], [ 92.5192455, 11.8561912 ], [ 92.5203882, 11.8562188 ], [ 92.5182891, 11.8610863 ], [ 92.5139565, 11.8617718 ], [ 92.5116104, 11.8643519 ], [ 92.5116735, 11.866933 ], [ 92.5136606, 11.8673496 ], [ 92.5124763, 11.8679323 ], [ 92.5139752, 11.8724079 ], [ 92.5175442, 11.8767805 ], [ 92.5200776, 11.8766548 ], [ 92.5240954, 11.8714715 ], [ 92.5237183, 11.8734512 ], [ 92.5263166, 11.8714994 ], [ 92.52756, 11.8724943 ], [ 92.5251321, 11.872724 ], [ 92.5243695, 11.8746358 ], [ 92.5224053, 11.8744679 ], [ 92.5225737, 11.8783418 ], [ 92.5246012, 11.8813801 ], [ 92.522362, 11.8800684 ], [ 92.5213238, 11.8824186 ], [ 92.5189965, 11.8835613 ], [ 92.520712, 11.8862696 ], [ 92.5187242, 11.8873538 ], [ 92.5177497, 11.8909787 ], [ 92.518699, 11.893099 ], [ 92.5214669, 11.8924129 ], [ 92.5202391, 11.8986188 ], [ 92.5224363, 11.9023262 ], [ 92.5257359, 11.9040361 ], [ 92.5290967, 11.9015376 ], [ 92.5297111, 11.9030566 ], [ 92.5307257, 11.9023472 ], [ 92.5313785, 11.8995177 ], [ 92.5322263, 11.9036405 ], [ 92.5349308, 11.9003325 ], [ 92.5357982, 11.9009566 ], [ 92.5341262, 11.9044547 ], [ 92.5385467, 11.9035023 ], [ 92.5342313, 11.9059329 ], [ 92.5343131, 11.9084733 ], [ 92.533023, 11.9094086 ], [ 92.5339495, 11.911556 ], [ 92.5328112, 11.9115556 ], [ 92.5327463, 11.9131151 ], [ 92.5360171, 11.9193225 ], [ 92.5408558, 11.9176153 ], [ 92.5386381, 11.9193639 ], [ 92.539477, 11.9231928 ], [ 92.5439196, 11.9261323 ], [ 92.5403062, 11.9285857 ], [ 92.5402596, 11.9310176 ], [ 92.5434129, 11.9321441 ], [ 92.5463739, 11.9312318 ], [ 92.5477106, 11.9284252 ], [ 92.5483209, 11.9290897 ], [ 92.5495239, 11.9278923 ], [ 92.5498677, 11.929827 ], [ 92.5516487, 11.9300309 ], [ 92.5504917, 11.9308804 ], [ 92.551019, 11.9329237 ], [ 92.5570543, 11.9379517 ], [ 92.5614317, 11.9467536 ], [ 92.5648613, 11.9450096 ], [ 92.5677772, 11.9409736 ], [ 92.5660592, 11.94628 ], [ 92.5627398, 11.9478569 ], [ 92.5640659, 11.9508089 ], [ 92.5691893, 11.9505071 ], [ 92.5684825, 11.9492729 ], [ 92.5705957, 11.9417335 ], [ 92.5693748, 11.9407117 ], [ 92.5721205, 11.938547 ], [ 92.5703035, 11.9334704 ], [ 92.5715934, 11.9343025 ], [ 92.5708731, 11.9315765 ], [ 92.5727139, 11.9315769 ], [ 92.5718055, 11.9289324 ], [ 92.5749592, 11.9287657 ], [ 92.5755281, 11.9302439 ], [ 92.5777911, 11.9309133 ], [ 92.5793979, 11.9300004 ], [ 92.5805407, 11.9313748 ], [ 92.5808773, 11.9214213 ], [ 92.5774675, 11.9174564 ], [ 92.5758377, 11.9184597 ], [ 92.5743506, 11.917917 ], [ 92.5774078, 11.9172123 ], [ 92.5810612, 11.9195182 ], [ 92.5825946, 11.9183838 ], [ 92.5818288, 11.9132804 ], [ 92.583027, 11.9118839 ], [ 92.5853037, 11.9120966 ], [ 92.5840739, 11.9097956 ], [ 92.5847167, 11.9084034 ], [ 92.5812424, 11.9058038 ], [ 92.5825051, 11.903006 ], [ 92.5847769, 11.9045748 ], [ 92.5841627, 11.8987436 ], [ 92.5852732, 11.9003304 ], [ 92.5865632, 11.8987891 ], [ 92.5843281, 11.8974418 ], [ 92.5849894, 11.8954891 ], [ 92.5836954, 11.8928265 ], [ 92.5858447, 11.8840349 ], [ 92.5839174, 11.881345 ], [ 92.5827611, 11.8788768 ], [ 92.5828716, 11.8770054 ], [ 92.5835601, 11.8764902 ], [ 92.5852674, 11.876626 ], [ 92.5845793, 11.8744019 ], [ 92.5858182, 11.8766261 ], [ 92.5833123, 11.8768699 ], [ 92.5832017, 11.8789628 ], [ 92.5859549, 11.8832755 ], [ 92.58634, 11.8863945 ], [ 92.5913566, 11.8863951 ], [ 92.5909163, 11.8834614 ], [ 92.5871714, 11.881237 ], [ 92.5868692, 11.8764907 ], [ 92.5879706, 11.8775485 ], [ 92.5876671, 11.881237 ], [ 92.5915772, 11.883683 ], [ 92.5917691, 11.8914985 ], [ 92.5933107, 11.8961953 ], [ 92.592016, 11.8992644 ], [ 92.5928189, 11.90204 ], [ 92.5943888, 11.9013395 ], [ 92.5950179, 11.8977956 ], [ 92.5973359, 11.8963584 ], [ 92.5982171, 11.8976332 ], [ 92.5965598, 11.900404 ], [ 92.5989651, 11.8996448 ], [ 92.600861, 11.8964401 ], [ 92.5997325, 11.8895149 ], [ 92.600972, 11.8856367 ], [ 92.5992377, 11.8793126 ], [ 92.6008078, 11.8732872 ], [ 92.5991012, 11.8660863 ], [ 92.6027091, 11.8580586 ], [ 92.6065595, 11.8567118 ], [ 92.6047838, 11.852865 ], [ 92.6102635, 11.8473053 ], [ 92.6089096, 11.8501892 ], [ 92.6052657, 11.8525034 ], [ 92.6069634, 11.8565537 ], [ 92.6050771, 11.8586012 ], [ 92.6116536, 11.8552656 ], [ 92.604742, 11.8596408 ], [ 92.6031722, 11.8632163 ], [ 92.6045581, 11.8639848 ], [ 92.6075043, 11.8671763 ], [ 92.6036723, 11.8640752 ], [ 92.5996473, 11.8673113 ], [ 92.6034464, 11.8776314 ], [ 92.6055255, 11.879503 ], [ 92.6041027, 11.8790644 ], [ 92.6013723, 11.8751768 ], [ 92.6003025, 11.8789149 ], [ 92.6031519, 11.8886519 ], [ 92.6044605, 11.8816907 ], [ 92.6062734, 11.8811936 ], [ 92.6092243, 11.8863604 ], [ 92.6083058, 11.8953015 ], [ 92.6094069, 11.9047173 ], [ 92.60769, 11.9077413 ], [ 92.6084335, 11.9096714 ], [ 92.6090945, 11.9082747 ], [ 92.6096086, 11.9089618 ], [ 92.6106778, 11.9146213 ], [ 92.608998, 11.9118322 ], [ 92.6062943, 11.9135271 ], [ 92.6081946, 11.914142 ], [ 92.6088233, 11.9160948 ], [ 92.6082769, 11.9178486 ], [ 92.6098054, 11.9200229 ], [ 92.6118573, 11.9196659 ], [ 92.616957, 11.9212075 ], [ 92.6175124, 11.9231874 ], [ 92.6197754, 11.9218313 ], [ 92.6181642, 11.9234812 ], [ 92.6191878, 11.9251537 ], [ 92.6190225, 11.929127 ], [ 92.6203537, 11.9310753 ], [ 92.6190087, 11.9296604 ], [ 92.6186737, 11.924426 ], [ 92.6174206, 11.9234134 ], [ 92.6160757, 11.9211849 ], [ 92.6121327, 11.9200501 ], [ 92.6079693, 11.920615 ], [ 92.6086899, 11.9219078 ], [ 92.6090065, 11.9239419 ], [ 92.6123436, 11.925253 ], [ 92.6131883, 11.9240325 ], [ 92.6140329, 11.9250134 ], [ 92.6162361, 11.9288286 ], [ 92.6163555, 11.9294479 ], [ 92.6149966, 11.9330686 ], [ 92.6159193, 11.9330415 ], [ 92.6161717, 11.9340179 ], [ 92.6151663, 11.9375979 ], [ 92.615979, 11.9336201 ], [ 92.6147717, 11.9330415 ], [ 92.6158597, 11.9285167 ], [ 92.6132342, 11.9243896 ], [ 92.612495, 11.9255784 ], [ 92.6090065, 11.9243262 ], [ 92.6075882, 11.9205742 ], [ 92.60925, 11.9201585 ], [ 92.6078684, 11.9183549 ], [ 92.6078411, 11.9145805 ], [ 92.6041874, 11.913206 ], [ 92.6012775, 11.909906 ], [ 92.599524, 11.9121524 ], [ 92.5986061, 11.9106923 ], [ 92.5971143, 11.9108323 ], [ 92.599616, 11.9096437 ], [ 92.5981289, 11.9077993 ], [ 92.5983678, 11.9062217 ], [ 92.5999697, 11.9063078 ], [ 92.5986663, 11.904495 ], [ 92.5969725, 11.9044361 ], [ 92.5968531, 11.9056927 ], [ 92.5948933, 11.9047568 ], [ 92.5940944, 11.9062801 ], [ 92.5926334, 11.9184937 ], [ 92.5935558, 11.9212149 ], [ 92.5977699, 11.9183225 ], [ 92.5994817, 11.923096 ], [ 92.6032043, 11.9250942 ], [ 92.6076245, 11.9298046 ], [ 92.6103735, 11.9437814 ], [ 92.6070449, 11.9489162 ], [ 92.6081557, 11.9516601 ], [ 92.6084584, 11.9554029 ], [ 92.6067324, 11.9543677 ], [ 92.6049462, 11.9582052 ], [ 92.6056256, 11.9591545 ], [ 92.6079165, 11.9579432 ], [ 92.6107582, 11.9600815 ], [ 92.6110416, 11.9875284 ], [ 92.6122811, 11.9917956 ], [ 92.6155364, 11.9929303 ], [ 92.6132314, 11.9947564 ], [ 92.6118078, 11.9999003 ], [ 92.6158481, 12.0120546 ], [ 92.6177764, 12.0210003 ], [ 92.6172482, 12.0240287 ], [ 92.620977, 12.024856 ], [ 92.6241087, 12.0281152 ], [ 92.6203569, 12.0315234 ], [ 92.621808, 12.0364369 ], [ 92.6203798, 12.039723 ], [ 92.6239664, 12.0398948 ], [ 92.6275392, 12.0415086 ], [ 92.6281591, 12.0430047 ], [ 92.625491, 12.0468967 ], [ 92.6220697, 12.048524 ], [ 92.6216977, 12.0516655 ], [ 92.6236311, 12.0539392 ], [ 92.624917, 12.0594584 ], [ 92.6194012, 12.0632688 ], [ 92.6187077, 12.0682908 ], [ 92.6200486, 12.0786873 ], [ 92.6195524, 12.0860055 ], [ 92.6218627, 12.0925328 ], [ 92.6220464, 12.1013878 ], [ 92.6238607, 12.107463 ], [ 92.6272783, 12.1118159 ], [ 92.6271865, 12.1142432 ], [ 92.6286059, 12.116214 ], [ 92.6309441, 12.1162411 ], [ 92.6296488, 12.1195635 ], [ 92.634518, 12.1203228 ], [ 92.6304803, 12.1227773 ], [ 92.6335541, 12.1406998 ], [ 92.6353412, 12.1429463 ], [ 92.6351255, 12.1463952 ], [ 92.636637, 12.1473624 ], [ 92.6393571, 12.1545313 ], [ 92.6445367, 12.1785964 ], [ 92.6503268, 12.1878352 ], [ 92.6560817, 12.2054677 ], [ 92.664121, 12.2218478 ], [ 92.6670478, 12.218629 ], [ 92.6644465, 12.2161478 ], [ 92.6596192, 12.2000883 ], [ 92.654568, 12.189019 ], [ 92.6527385, 12.1814027 ], [ 92.6548473, 12.1801956 ], [ 92.6563636, 12.1804441 ], [ 92.6584271, 12.184417 ], [ 92.6584688, 12.1871562 ], [ 92.6643754, 12.2023297 ], [ 92.668461, 12.2054254 ], [ 92.6688199, 12.2083634 ], [ 92.6739544, 12.2177871 ], [ 92.6766284, 12.2153908 ], [ 92.6761437, 12.2038103 ], [ 92.6743369, 12.1991639 ], [ 92.6750514, 12.1869955 ], [ 92.6768574, 12.188184 ], [ 92.6781822, 12.1953029 ], [ 92.6812876, 12.1919619 ], [ 92.6808841, 12.1956414 ], [ 92.6772269, 12.1976491 ], [ 92.6782499, 12.2120275 ], [ 92.6795967, 12.213754 ], [ 92.6823995, 12.2125285 ], [ 92.6829265, 12.2058792 ], [ 92.6861357, 12.2138204 ], [ 92.6836054, 12.2209719 ], [ 92.6855416, 12.2275935 ], [ 92.6874307, 12.229053 ], [ 92.6868525, 12.2324749 ], [ 92.6878411, 12.2351823 ], [ 92.6898219, 12.2353988 ], [ 92.6897992, 12.2366057 ], [ 92.6911043, 12.2364246 ], [ 92.6931455, 12.2390096 ], [ 92.6979801, 12.2387552 ], [ 92.7001707, 12.2332852 ], [ 92.7031161, 12.2321453 ] ], [ [ 92.7233717, 11.587213 ], [ 92.7204677, 11.5853707 ], [ 92.7153453, 11.5847705 ], [ 92.7145797, 11.5828562 ], [ 92.7166963, 11.5796274 ], [ 92.7165863, 11.5766766 ], [ 92.721492, 11.5740446 ], [ 92.7212302, 11.5694421 ], [ 92.7225591, 11.5676383 ], [ 92.7265117, 11.5660165 ], [ 92.7295681, 11.5664572 ], [ 92.7307812, 11.5674061 ], [ 92.7298453, 11.5690361 ], [ 92.7352002, 11.5708573 ], [ 92.7362188, 11.5766148 ], [ 92.7352415, 11.5791077 ], [ 92.737313, 11.5896817 ], [ 92.7397577, 11.5913873 ], [ 92.7352976, 11.5957571 ], [ 92.7333126, 11.5958948 ], [ 92.7321731, 11.5945823 ], [ 92.7314665, 11.5968132 ], [ 92.7278943, 11.5968944 ], [ 92.7301486, 11.6017292 ], [ 92.7283274, 11.6035045 ], [ 92.7257426, 11.6039733 ], [ 92.7252748, 11.593044 ], [ 92.7231387, 11.5899303 ], [ 92.7233717, 11.587213 ] ] ], [ [ [ 92.6017116, 11.9349302 ], [ 92.603332, 11.9360514 ], [ 92.604801, 11.9353056 ], [ 92.6033095, 11.9289727 ], [ 92.6028271, 11.9339087 ], [ 92.6017116, 11.9349302 ] ] ], [ [ [ 92.5973236, 11.9757703 ], [ 92.6030764, 11.9758024 ], [ 92.6042016, 11.971567 ], [ 92.6018928, 11.9641446 ], [ 92.6044692, 11.9525097 ], [ 92.6060899, 11.9509367 ], [ 92.605622, 11.9452773 ], [ 92.6080644, 11.9432298 ], [ 92.608014, 11.9408883 ], [ 92.6053655, 11.9369827 ], [ 92.6015416, 11.9361778 ], [ 92.5998577, 11.9276434 ], [ 92.5974709, 11.9249672 ], [ 92.5963505, 11.9284612 ], [ 92.5942621, 11.9260924 ], [ 92.5934988, 11.937628 ], [ 92.5946045, 11.9435904 ], [ 92.5931166, 11.9483003 ], [ 92.5902107, 11.9482186 ], [ 92.5901691, 11.9509036 ], [ 92.5921752, 11.9516045 ], [ 92.5922162, 11.9539551 ], [ 92.5953014, 11.9524953 ], [ 92.597234, 11.9530876 ], [ 92.5949203, 11.9530061 ], [ 92.5919314, 11.9550489 ], [ 92.5904074, 11.9537243 ], [ 92.5895671, 11.9547322 ], [ 92.5922938, 11.956744 ], [ 92.591247, 11.9578423 ], [ 92.5924909, 11.9596958 ], [ 92.5911093, 11.9584344 ], [ 92.58812, 11.9627645 ], [ 92.5864537, 11.9613043 ], [ 92.5868578, 11.9602194 ], [ 92.5856318, 11.9613448 ], [ 92.5876975, 11.9637408 ], [ 92.59345, 11.9638998 ], [ 92.590943, 11.9662002 ], [ 92.5867926, 11.9666924 ], [ 92.5863415, 11.9752898 ], [ 92.5869335, 11.9774777 ], [ 92.5896469, 11.9769719 ], [ 92.5936824, 11.9786357 ], [ 92.5973236, 11.9757703 ] ] ], [ [ [ 92.6086188, 11.9612069 ], [ 92.6064519, 11.9595478 ], [ 92.6043261, 11.9630011 ], [ 92.6049686, 11.9667033 ], [ 92.6077968, 11.9657768 ], [ 92.6086188, 11.9612069 ] ] ], [ [ [ 92.5840687, 11.9769259 ], [ 92.5799915, 11.9782271 ], [ 92.580285, 11.9800533 ], [ 92.5813313, 11.982743 ], [ 92.5825343, 11.9829737 ], [ 92.5840687, 11.9769259 ] ] ], [ [ [ 92.60039, 11.9817283 ], [ 92.5999217, 11.9823474 ], [ 92.6001421, 11.9825193 ], [ 92.60039, 11.9817283 ] ] ], [ [ [ 92.655705, 12.7748743 ], [ 92.6562944, 12.774029 ], [ 92.654355, 12.7694775 ], [ 92.6536508, 12.7725331 ], [ 92.655705, 12.7748743 ] ] ], [ [ [ 92.6577226, 10.9826074 ], [ 92.6570322, 10.9869333 ], [ 92.6581718, 10.9908026 ], [ 92.6610588, 10.9930804 ], [ 92.6665397, 10.9926865 ], [ 92.6686893, 10.9884101 ], [ 92.6677555, 10.9846584 ], [ 92.6609476, 10.9805639 ], [ 92.6577226, 10.9826074 ] ] ], [ [ [ 92.733694, 11.1452015 ], [ 92.7303694, 11.1417897 ], [ 92.7249729, 11.1434597 ], [ 92.7249915, 11.1444994 ], [ 92.7236536, 11.1409151 ], [ 92.7224084, 11.1404408 ], [ 92.7215207, 11.1415486 ], [ 92.7242192, 11.1483103 ], [ 92.7264575, 11.1477807 ], [ 92.7282435, 11.149403 ], [ 92.7309809, 11.1493297 ], [ 92.7332554, 11.1474302 ], [ 92.733694, 11.1452015 ] ] ], [ [ [ 92.6795606, 11.1822437 ], [ 92.6800365, 11.1807157 ], [ 92.6766982, 11.1769055 ], [ 92.6741896, 11.1781265 ], [ 92.674785, 11.1794645 ], [ 92.6717094, 11.1859338 ], [ 92.6735003, 11.1899522 ], [ 92.6748418, 11.1902323 ], [ 92.6761189, 11.1887041 ], [ 92.675793, 11.1836006 ], [ 92.6795606, 11.1822437 ] ] ], [ [ [ 92.6725717, 11.1953227 ], [ 92.6719902, 11.1949657 ], [ 92.6720818, 11.195481 ], [ 92.6725717, 11.1953227 ] ] ], [ [ [ 92.7061529, 11.2864252 ], [ 92.70433, 11.2696413 ], [ 92.7051028, 11.265202 ], [ 92.7039387, 11.2622821 ], [ 92.6988177, 11.2577811 ], [ 92.6957208, 11.2531167 ], [ 92.6938341, 11.252977 ], [ 92.6935514, 11.2500143 ], [ 92.6947447, 11.2492024 ], [ 92.6916247, 11.2427795 ], [ 92.6862348, 11.2417997 ], [ 92.6863455, 11.2456647 ], [ 92.6875362, 11.2461753 ], [ 92.6862862, 11.2468446 ], [ 92.689616, 11.2510567 ], [ 92.6888102, 11.251744 ], [ 92.6909088, 11.2571726 ], [ 92.694399, 11.2598163 ], [ 92.694689, 11.2658782 ], [ 92.6923637, 11.2705393 ], [ 92.6932028, 11.2752133 ], [ 92.6921142, 11.2810314 ], [ 92.6942403, 11.2850179 ], [ 92.7047067, 11.2902364 ], [ 92.7061529, 11.2864252 ] ] ], [ [ [ 92.7215085, 11.3234161 ], [ 92.7223077, 11.3166578 ], [ 92.7200581, 11.3148097 ], [ 92.7166734, 11.3155747 ], [ 92.7147338, 11.3086047 ], [ 92.7122005, 11.3076201 ], [ 92.7117548, 11.302693 ], [ 92.707705, 11.29948 ], [ 92.7030166, 11.3053941 ], [ 92.6960373, 11.3094281 ], [ 92.6994091, 11.3119994 ], [ 92.7046712, 11.3097333 ], [ 92.7066638, 11.3102119 ], [ 92.7108511, 11.3132123 ], [ 92.7130504, 11.3157476 ], [ 92.7129744, 11.3215112 ], [ 92.716438, 11.324141 ], [ 92.7166184, 11.3295339 ], [ 92.7210263, 11.3334743 ], [ 92.7232698, 11.3305307 ], [ 92.7215085, 11.3234161 ] ] ], [ [ [ 92.6874798, 11.6313454 ], [ 92.687154, 11.6303962 ], [ 92.6862093, 11.6296912 ], [ 92.6861866, 11.6309072 ], [ 92.6874798, 11.6313454 ] ] ], [ [ [ 92.7546928, 11.6363559 ], [ 92.7548025, 11.6372285 ], [ 92.755298, 11.6366997 ], [ 92.7546928, 11.6363559 ] ] ], [ [ [ 92.6862652, 11.6339538 ], [ 92.6857484, 11.6401603 ], [ 92.6867482, 11.6404449 ], [ 92.6886592, 11.6352235 ], [ 92.6862652, 11.6339538 ] ] ], [ [ [ 92.7546144, 11.6376487 ], [ 92.7530598, 11.6378199 ], [ 92.7542655, 11.6384939 ], [ 92.7546144, 11.6376487 ] ] ], [ [ [ 92.6998728, 11.6592374 ], [ 92.6935351, 11.6594695 ], [ 92.6922101, 11.6610926 ], [ 92.6968564, 11.6640207 ], [ 92.7005571, 11.6630026 ], [ 92.6998728, 11.6592374 ] ] ], [ [ [ 92.721574, 11.6872163 ], [ 92.721657, 11.6887486 ], [ 92.7250186, 11.6880106 ], [ 92.7235548, 11.6859137 ], [ 92.721574, 11.6872163 ] ] ], [ [ [ 92.7231487, 11.9468064 ], [ 92.7256773, 11.9565601 ], [ 92.7321564, 11.9599344 ], [ 92.7318516, 11.9555002 ], [ 92.7284763, 11.9526356 ], [ 92.7278735, 11.9492546 ], [ 92.7281571, 11.9465469 ], [ 92.7304018, 11.9459991 ], [ 92.7308236, 11.944652 ], [ 92.7247445, 11.9415894 ], [ 92.7231487, 11.9468064 ] ] ], [ [ [ 92.7228394, 11.9544502 ], [ 92.724533, 11.9532789 ], [ 92.7219247, 11.9512728 ], [ 92.7228394, 11.9544502 ] ] ], [ [ [ 92.7484107, 11.9689556 ], [ 92.7644016, 11.968456 ], [ 92.7663119, 11.9675617 ], [ 92.7674008, 11.9656139 ], [ 92.7658691, 11.9612558 ], [ 92.7679188, 11.9557149 ], [ 92.7702058, 11.9539663 ], [ 92.7698209, 11.9518236 ], [ 92.765198, 11.951858 ], [ 92.7571581, 11.9443467 ], [ 92.7472415, 11.9458431 ], [ 92.7441826, 11.9449449 ], [ 92.7417274, 11.9468218 ], [ 92.7397462, 11.9513835 ], [ 92.7379148, 11.9521844 ], [ 92.7351875, 11.9513628 ], [ 92.7347705, 11.9533519 ], [ 92.7382447, 11.9616948 ], [ 92.7421659, 11.9628639 ], [ 92.7449429, 11.9617824 ], [ 92.748271, 11.9632872 ], [ 92.7484107, 11.9689556 ] ] ], [ [ [ 92.7441371, 11.9667686 ], [ 92.7422358, 11.965219 ], [ 92.7404132, 11.9652333 ], [ 92.742572, 11.9676553 ], [ 92.7441371, 11.9667686 ] ] ], [ [ [ 92.7420943, 11.9882225 ], [ 92.7517602, 11.9936918 ], [ 92.7541576, 11.9923503 ], [ 92.7569627, 11.992912 ], [ 92.7587505, 11.9890841 ], [ 92.7567915, 11.9854445 ], [ 92.7607869, 11.9831725 ], [ 92.7529185, 11.9807057 ], [ 92.7492014, 11.9768438 ], [ 92.7454462, 11.9784347 ], [ 92.7436211, 11.9833852 ], [ 92.7362403, 11.9772679 ], [ 92.7336508, 11.9772327 ], [ 92.7321226, 11.9788471 ], [ 92.7320921, 11.9830102 ], [ 92.7352607, 11.9843786 ], [ 92.7374662, 11.9884866 ], [ 92.7360897, 11.9905348 ], [ 92.7363575, 11.9942548 ], [ 92.7385214, 11.9972825 ], [ 92.7414551, 11.9966304 ], [ 92.7420943, 11.9882225 ] ] ], [ [ [ 92.7500006, 12.055281 ], [ 92.7601697, 12.0546346 ], [ 92.7596286, 12.0505573 ], [ 92.7644666, 12.0514215 ], [ 92.765948, 12.0495097 ], [ 92.7639782, 12.0472063 ], [ 92.7661989, 12.0459749 ], [ 92.7692825, 12.0470264 ], [ 92.7716408, 12.0460819 ], [ 92.7757275, 12.0500196 ], [ 92.7777965, 12.0500674 ], [ 92.7797163, 12.0482166 ], [ 92.7821939, 12.0485422 ], [ 92.7820589, 12.0440446 ], [ 92.7787529, 12.0395195 ], [ 92.776158, 12.041933 ], [ 92.7779631, 12.0386809 ], [ 92.7765028, 12.0385181 ], [ 92.7775271, 12.0372999 ], [ 92.7745222, 12.0321375 ], [ 92.7760239, 12.0313127 ], [ 92.776247, 12.028239 ], [ 92.7781058, 12.0266988 ], [ 92.7777015, 12.0241858 ], [ 92.7734834, 12.0224075 ], [ 92.7665513, 12.0254396 ], [ 92.7649833, 12.0241081 ], [ 92.7650756, 12.0214729 ], [ 92.7605667, 12.0193182 ], [ 92.755903, 12.0218983 ], [ 92.7566394, 12.025413 ], [ 92.7555416, 12.0266761 ], [ 92.7537269, 12.0249103 ], [ 92.7518701, 12.0272246 ], [ 92.7513898, 12.0295253 ], [ 92.7528035, 12.0321609 ], [ 92.7518342, 12.0340184 ], [ 92.7495808, 12.0304757 ], [ 92.7499999, 12.0253971 ], [ 92.7487422, 12.0267281 ], [ 92.747235, 12.0250956 ], [ 92.7455913, 12.0256433 ], [ 92.7463341, 12.0333499 ], [ 92.7481595, 12.0354925 ], [ 92.747245, 12.0367577 ], [ 92.7448876, 12.0334002 ], [ 92.7420592, 12.0340795 ], [ 92.7414361, 12.0376688 ], [ 92.7390903, 12.0392564 ], [ 92.7406158, 12.0414977 ], [ 92.7389629, 12.0422036 ], [ 92.7395089, 12.0410868 ], [ 92.7370013, 12.0407444 ], [ 92.7392345, 12.0330455 ], [ 92.7370542, 12.0352568 ], [ 92.7336141, 12.034092 ], [ 92.7333532, 12.036203 ], [ 92.7302218, 12.0374111 ], [ 92.7292985, 12.0369007 ], [ 92.7288443, 12.0379314 ], [ 92.7307414, 12.0391015 ], [ 92.7298991, 12.0459906 ], [ 92.7280837, 12.0541141 ], [ 92.7257924, 12.0551546 ], [ 92.7272404, 12.0585985 ], [ 92.7332482, 12.0604043 ], [ 92.7339124, 12.0560737 ], [ 92.7369334, 12.0539253 ], [ 92.73907, 12.0564919 ], [ 92.7378916, 12.0610804 ], [ 92.7351605, 12.064648 ], [ 92.7362817, 12.0660126 ], [ 92.7417821, 12.0622767 ], [ 92.7444156, 12.0562095 ], [ 92.7484354, 12.0543961 ], [ 92.7500006, 12.055281 ] ] ], [ [ [ 92.7449992, 12.0671932 ], [ 92.7425518, 12.0683198 ], [ 92.7420613, 12.0704943 ], [ 92.7440137, 12.0714698 ], [ 92.7482716, 12.0709174 ], [ 92.7551751, 12.0667591 ], [ 92.7566893, 12.0624991 ], [ 92.7537969, 12.0578585 ], [ 92.7472397, 12.0552997 ], [ 92.7455452, 12.0557614 ], [ 92.7412821, 12.0636193 ], [ 92.7367917, 12.0664645 ], [ 92.7365677, 12.0691315 ], [ 92.7406562, 12.0711142 ], [ 92.7411762, 12.0734825 ], [ 92.7434305, 12.0717141 ], [ 92.7415516, 12.0706437 ], [ 92.7415095, 12.0690842 ], [ 92.7426985, 12.067592 ], [ 92.7449992, 12.0671932 ] ] ], [ [ [ 92.7405062, 12.11312 ], [ 92.7407076, 12.1115378 ], [ 92.7387961, 12.1104403 ], [ 92.7394079, 12.1122661 ], [ 92.7405062, 12.11312 ] ] ], [ [ [ 92.7541898, 12.142916 ], [ 92.754384, 12.1474904 ], [ 92.7566992, 12.1489759 ], [ 92.7563182, 12.1473439 ], [ 92.7577173, 12.1461283 ], [ 92.7556547, 12.1457754 ], [ 92.7541898, 12.142916 ] ] ], [ [ [ 92.7593323, 12.1697037 ], [ 92.7593823, 12.1725469 ], [ 92.7597451, 12.1725808 ], [ 92.7593323, 12.1697037 ] ] ], [ [ [ 92.7606351, 12.1799669 ], [ 92.7605579, 12.1753021 ], [ 92.7616009, 12.1746039 ], [ 92.7607558, 12.1734737 ], [ 92.7599377, 12.1745178 ], [ 92.7581781, 12.1741015 ], [ 92.7586895, 12.1786716 ], [ 92.7558337, 12.1795411 ], [ 92.7555463, 12.1808542 ], [ 92.7606351, 12.1799669 ] ] ], [ [ [ 92.7244801, 12.1858004 ], [ 92.7286811, 12.1891302 ], [ 92.7302799, 12.18856 ], [ 92.7297776, 12.1849351 ], [ 92.7282747, 12.1839503 ], [ 92.7251364, 12.18406 ], [ 92.7244801, 12.1858004 ] ] ], [ [ [ 92.7302623, 12.232118 ], [ 92.7309459, 12.2294328 ], [ 92.7294105, 12.2281181 ], [ 92.7289442, 12.2227482 ], [ 92.7306201, 12.2192852 ], [ 92.7300433, 12.2132284 ], [ 92.7323303, 12.2096928 ], [ 92.7341224, 12.2206173 ], [ 92.7391967, 12.2230154 ], [ 92.7428762, 12.2198 ], [ 92.7416972, 12.2140599 ], [ 92.7432304, 12.2103482 ], [ 92.742364, 12.2047571 ], [ 92.7440304, 12.2113603 ], [ 92.7425566, 12.2142765 ], [ 92.7439759, 12.2229365 ], [ 92.7384258, 12.2257821 ], [ 92.7368368, 12.2281603 ], [ 92.7389129, 12.2361872 ], [ 92.7421654, 12.2334104 ], [ 92.7441068, 12.2278724 ], [ 92.7460058, 12.2302175 ], [ 92.7479622, 12.2306287 ], [ 92.7505385, 12.2291284 ], [ 92.7539274, 12.2306571 ], [ 92.7553826, 12.2274186 ], [ 92.7570112, 12.2302305 ], [ 92.761678, 12.2298042 ], [ 92.7618632, 12.2102387 ], [ 92.7675651, 12.200632 ], [ 92.7646856, 12.1915009 ], [ 92.7665401, 12.1883868 ], [ 92.7632882, 12.181945 ], [ 92.7545511, 12.1830349 ], [ 92.7519852, 12.1821236 ], [ 92.7500004, 12.184147 ], [ 92.7463229, 12.180107 ], [ 92.7423086, 12.1834626 ], [ 92.7326233, 12.1845244 ], [ 92.7305942, 12.188973 ], [ 92.730724, 12.19178 ], [ 92.7276741, 12.1948006 ], [ 92.728507, 12.1976796 ], [ 92.7272973, 12.1947962 ], [ 92.7291622, 12.1929106 ], [ 92.7266706, 12.1899599 ], [ 92.7224703, 12.1883252 ], [ 92.7208194, 12.1973253 ], [ 92.7227465, 12.202098 ], [ 92.7213232, 12.2051812 ], [ 92.7233641, 12.2072823 ], [ 92.7214833, 12.2158939 ], [ 92.7238979, 12.2212902 ], [ 92.7207525, 12.2281258 ], [ 92.7208647, 12.2332335 ], [ 92.7238709, 12.2353162 ], [ 92.7239645, 12.2396691 ], [ 92.7268508, 12.2401924 ], [ 92.7292553, 12.2425916 ], [ 92.7350491, 12.2388964 ], [ 92.7302623, 12.232118 ] ] ], [ [ [ 92.6947502, 12.2467946 ], [ 92.6965666, 12.2501932 ], [ 92.6983584, 12.2479372 ], [ 92.6983065, 12.2435528 ], [ 92.6947502, 12.2467946 ] ] ], [ [ [ 92.7225318, 12.2567387 ], [ 92.7239977, 12.2561098 ], [ 92.7234316, 12.2540036 ], [ 92.7208997, 12.2556408 ], [ 92.7225318, 12.2567387 ] ] ], [ [ [ 92.7170772, 12.2569019 ], [ 92.7156893, 12.2584209 ], [ 92.7167695, 12.259031 ], [ 92.7170772, 12.2569019 ] ] ], [ [ [ 92.7177942, 12.2963627 ], [ 92.7187824, 12.2951783 ], [ 92.7223219, 12.2959486 ], [ 92.7230727, 12.2909401 ], [ 92.7210224, 12.2894668 ], [ 92.7211321, 12.2845082 ], [ 92.7187832, 12.2831864 ], [ 92.7200858, 12.2799114 ], [ 92.7154626, 12.2658113 ], [ 92.7180408, 12.2638493 ], [ 92.7173581, 12.2616345 ], [ 92.7143705, 12.2608935 ], [ 92.7149814, 12.2577384 ], [ 92.7125589, 12.2511554 ], [ 92.7125063, 12.2500143 ], [ 92.7137835, 12.2500139 ], [ 92.7118944, 12.2482343 ], [ 92.709926, 12.2296571 ], [ 92.7063036, 12.2409089 ], [ 92.7028069, 12.2432559 ], [ 92.702278, 12.2577688 ], [ 92.6997438, 12.2679755 ], [ 92.7024374, 12.2719485 ], [ 92.6987261, 12.2747308 ], [ 92.7020909, 12.2786835 ], [ 92.7013078, 12.2898935 ], [ 92.7036228, 12.2997337 ], [ 92.7104395, 12.2970596 ], [ 92.7177942, 12.2963627 ] ] ], [ [ [ 92.7459073, 12.2743744 ], [ 92.745522, 12.2681004 ], [ 92.7417206, 12.2554674 ], [ 92.7347013, 12.2513976 ], [ 92.7350658, 12.2500064 ], [ 92.737065, 12.2500056 ], [ 92.734577, 12.2481345 ], [ 92.7344963, 12.2586352 ], [ 92.7358572, 12.2608453 ], [ 92.7357267, 12.2640863 ], [ 92.7377172, 12.265912 ], [ 92.739091, 12.2746922 ], [ 92.7357416, 12.2696279 ], [ 92.7342709, 12.2701345 ], [ 92.7369217, 12.2757163 ], [ 92.7388337, 12.2749996 ], [ 92.7389868, 12.2827018 ], [ 92.7400761, 12.2824756 ], [ 92.7397859, 12.2792438 ], [ 92.7409672, 12.2790537 ], [ 92.7416711, 12.2822041 ], [ 92.7433972, 12.2829315 ], [ 92.7454299, 12.2875326 ], [ 92.7479646, 12.2886624 ], [ 92.7494244, 12.2872253 ], [ 92.7459073, 12.2743744 ] ] ], [ [ [ 92.7640487, 12.2652091 ], [ 92.7617412, 12.2678505 ], [ 92.7614073, 12.271297 ], [ 92.7582913, 12.2693685 ], [ 92.7573323, 12.2723877 ], [ 92.7554132, 12.2727105 ], [ 92.7522084, 12.2778739 ], [ 92.7539195, 12.2832714 ], [ 92.7560336, 12.2845488 ], [ 92.7602356, 12.2933121 ], [ 92.7621823, 12.2940944 ], [ 92.7652118, 12.2926938 ], [ 92.7638288, 12.288682 ], [ 92.7673345, 12.2849965 ], [ 92.7668168, 12.2747154 ], [ 92.7640487, 12.2652091 ] ] ], [ [ [ 92.7343476, 12.2874647 ], [ 92.7367365, 12.2927167 ], [ 92.7352129, 12.2813352 ], [ 92.7346292, 12.2819094 ], [ 92.7343476, 12.2874647 ] ] ], [ [ [ 92.7510163, 12.2906881 ], [ 92.7507701, 12.2914497 ], [ 92.7513286, 12.2916532 ], [ 92.7510163, 12.2906881 ] ] ], [ [ [ 92.7515076, 12.2926138 ], [ 92.7523048, 12.2943293 ], [ 92.7531621, 12.2941148 ], [ 92.7515076, 12.2926138 ] ] ], [ [ [ 92.6831585, 12.5542552 ], [ 92.6863562, 12.5537801 ], [ 92.6850676, 12.5522254 ], [ 92.6880718, 12.5500552 ], [ 92.6865531, 12.5478541 ], [ 92.6869669, 12.5455081 ], [ 92.6846199, 12.5421454 ], [ 92.6863307, 12.5366621 ], [ 92.6853183, 12.5352475 ], [ 92.6832941, 12.5359846 ], [ 92.6838873, 12.5338736 ], [ 92.6815682, 12.5315099 ], [ 92.6827591, 12.5264335 ], [ 92.6812635, 12.5229848 ], [ 92.6841564, 12.5168867 ], [ 92.6802586, 12.5067394 ], [ 92.6781378, 12.5055644 ], [ 92.6712705, 12.5142757 ], [ 92.6697528, 12.5199577 ], [ 92.663883, 12.5265578 ], [ 92.6617993, 12.5328772 ], [ 92.6672561, 12.5376591 ], [ 92.6814886, 12.5567416 ], [ 92.683375, 12.5563028 ], [ 92.6831585, 12.5542552 ] ] ], [ [ [ 92.7022002, 12.636182 ], [ 92.7011648, 12.6369778 ], [ 92.6992087, 12.6373174 ], [ 92.7000191, 12.6382256 ], [ 92.7022974, 12.63766 ], [ 92.7022002, 12.636182 ] ] ], [ [ [ 92.6994531, 12.6388676 ], [ 92.7015251, 12.6411902 ], [ 92.7027585, 12.6402994 ], [ 92.7021778, 12.6381391 ], [ 92.6994531, 12.6388676 ] ] ], [ [ [ 92.7009867, 12.6414615 ], [ 92.7004524, 12.6404312 ], [ 92.70019, 12.6404132 ], [ 92.7009867, 12.6414615 ] ] ], [ [ [ 92.7027911, 12.6414926 ], [ 92.7011803, 12.6424151 ], [ 92.7025017, 12.6436667 ], [ 92.7027911, 12.6414926 ] ] ], [ [ [ 92.729986, 12.6530175 ], [ 92.7289043, 12.6530812 ], [ 92.7263688, 12.655532 ], [ 92.7268614, 12.655473 ], [ 92.729986, 12.6530175 ] ] ], [ [ [ 92.7269945, 12.6545871 ], [ 92.7249407, 12.6527483 ], [ 92.7243062, 12.6546559 ], [ 92.7253565, 12.6564092 ], [ 92.7269945, 12.6545871 ] ] ], [ [ [ 92.7134425, 12.6897974 ], [ 92.7147319, 12.6887806 ], [ 92.7138876, 12.6885598 ], [ 92.7134425, 12.6897974 ] ] ], [ [ [ 92.7223912, 12.6927413 ], [ 92.722527, 12.6919307 ], [ 92.722192, 12.6921044 ], [ 92.7223912, 12.6927413 ] ] ], [ [ [ 92.7296609, 12.7017682 ], [ 92.729385, 12.7025954 ], [ 92.7304775, 12.7058176 ], [ 92.7320557, 12.7034079 ], [ 92.7296609, 12.7017682 ] ] ], [ [ [ 92.7260881, 12.7364048 ], [ 92.7290094, 12.7298815 ], [ 92.7271294, 12.7265557 ], [ 92.7217412, 12.736194 ], [ 92.7219673, 12.7376312 ], [ 92.7242046, 12.736053 ], [ 92.7260881, 12.7364048 ] ] ], [ [ [ 92.7374097, 12.7330916 ], [ 92.7384687, 12.7328787 ], [ 92.7384456, 12.7326256 ], [ 92.7374097, 12.7330916 ] ] ], [ [ [ 92.7247428, 12.7528635 ], [ 92.7259218, 12.7537919 ], [ 92.7261721, 12.7517187 ], [ 92.7256672, 12.7518707 ], [ 92.7247428, 12.7528635 ] ] ], [ [ [ 92.717326, 12.774615 ], [ 92.7167408, 12.7736885 ], [ 92.7159396, 12.7740007 ], [ 92.7163175, 12.7748006 ], [ 92.717326, 12.774615 ] ] ], [ [ [ 92.7065503, 12.8295126 ], [ 92.7134133, 12.8293436 ], [ 92.7140071, 12.8282089 ], [ 92.71153, 12.8181799 ], [ 92.7128639, 12.7879004 ], [ 92.7112528, 12.7771885 ], [ 92.7217687, 12.7601498 ], [ 92.7248035, 12.7483465 ], [ 92.7219416, 12.7426572 ], [ 92.7201193, 12.7507708 ], [ 92.7173052, 12.7563408 ], [ 92.7180702, 12.7461389 ], [ 92.7162197, 12.7351158 ], [ 92.7185209, 12.7320415 ], [ 92.7160292, 12.7303611 ], [ 92.7180917, 12.7294744 ], [ 92.7187167, 12.7261703 ], [ 92.7165638, 12.7191699 ], [ 92.715036, 12.72148 ], [ 92.711039, 12.7206995 ], [ 92.7110397, 12.722539 ], [ 92.7094239, 12.7238368 ], [ 92.7105215, 12.7287901 ], [ 92.7093428, 12.7290797 ], [ 92.7088681, 12.7279228 ], [ 92.7080908, 12.7305626 ], [ 92.7061294, 12.7309339 ], [ 92.7081377, 12.7331299 ], [ 92.7096204, 12.7330887 ], [ 92.7121362, 12.7376619 ], [ 92.7095831, 12.7626644 ], [ 92.7076745, 12.7671763 ], [ 92.7078841, 12.7746092 ], [ 92.7041389, 12.7811533 ], [ 92.6983492, 12.7854099 ], [ 92.6937774, 12.7973607 ], [ 92.6940747, 12.8009484 ], [ 92.6964777, 12.8021512 ], [ 92.6974635, 12.80106 ], [ 92.6984065, 12.8022181 ], [ 92.6972156, 12.8052699 ], [ 92.6991482, 12.8054143 ], [ 92.6994602, 12.810517 ], [ 92.7008973, 12.8109325 ], [ 92.7003041, 12.8138164 ], [ 92.7055931, 12.8184933 ], [ 92.7065503, 12.8295126 ] ] ], [ [ [ 92.7192594, 12.7844543 ], [ 92.7237957, 12.762043 ], [ 92.7167218, 12.772197 ], [ 92.7185708, 12.778434 ], [ 92.7139107, 12.7791314 ], [ 92.7166199, 12.7829183 ], [ 92.7156774, 12.787086 ], [ 92.7165667, 12.7881886 ], [ 92.7192594, 12.7844543 ] ] ], [ [ [ 92.7152586, 12.7754608 ], [ 92.7147664, 12.7770294 ], [ 92.7168617, 12.7767892 ], [ 92.7170777, 12.7755868 ], [ 92.7152586, 12.7754608 ] ] ], [ [ [ 92.7155428, 12.7840712 ], [ 92.7156575, 12.7831265 ], [ 92.7148563, 12.7832849 ], [ 92.7155428, 12.7840712 ] ] ], [ [ [ 92.716523, 12.7902779 ], [ 92.7175053, 12.7901835 ], [ 92.7173456, 12.7897478 ], [ 92.716523, 12.7902779 ] ] ], [ [ [ 92.718738, 12.7910721 ], [ 92.7164173, 12.7950545 ], [ 92.7165853, 12.7952613 ], [ 92.7186045, 12.7939781 ], [ 92.718738, 12.7910721 ] ] ], [ [ [ 92.7223406, 12.7967657 ], [ 92.7218446, 12.7955868 ], [ 92.7202763, 12.7952816 ], [ 92.7203391, 12.7958957 ], [ 92.7223406, 12.7967657 ] ] ], [ [ [ 92.7146082, 12.7972743 ], [ 92.7153976, 12.7964794 ], [ 92.7143954, 12.7948336 ], [ 92.7141839, 12.7956653 ], [ 92.7146082, 12.7972743 ] ] ], [ [ [ 92.7152396, 12.7984764 ], [ 92.7156409, 12.8010809 ], [ 92.7163312, 12.798684 ], [ 92.7152396, 12.7984764 ] ] ], [ [ [ 92.7152795, 12.8024212 ], [ 92.7164227, 12.8045884 ], [ 92.7162449, 12.8019429 ], [ 92.7152795, 12.8024212 ] ] ], [ [ [ 92.7252775, 12.8375754 ], [ 92.7266874, 12.8386868 ], [ 92.7261145, 12.8345106 ], [ 92.7240177, 12.8319982 ], [ 92.7252775, 12.8375754 ] ] ], [ [ [ 92.7260908, 12.8657523 ], [ 92.729042, 12.8617467 ], [ 92.7242706, 12.8534406 ], [ 92.7248643, 12.8519579 ], [ 92.7199675, 12.8403161 ], [ 92.7161878, 12.8336187 ], [ 92.7113093, 12.8320787 ], [ 92.7114299, 12.834307 ], [ 92.708629, 12.8334942 ], [ 92.7070274, 12.8371964 ], [ 92.7102635, 12.8443642 ], [ 92.712055, 12.8432654 ], [ 92.7116239, 12.8484544 ], [ 92.7152371, 12.8532897 ], [ 92.713469, 12.8554055 ], [ 92.7154176, 12.8555225 ], [ 92.716944, 12.8596442 ], [ 92.7232735, 12.8596513 ], [ 92.719501, 12.860335 ], [ 92.7177881, 12.8623604 ], [ 92.7206734, 12.8661608 ], [ 92.7228193, 12.8640268 ], [ 92.7260908, 12.8657523 ] ] ], [ [ [ 92.7283346, 12.8557761 ], [ 92.7293393, 12.8568108 ], [ 92.7312694, 12.8568056 ], [ 92.729472, 12.8548175 ], [ 92.7283346, 12.8557761 ] ] ], [ [ [ 92.7591678, 12.8781557 ], [ 92.7581015, 12.8762639 ], [ 92.7558604, 12.8763342 ], [ 92.7566336, 12.8791858 ], [ 92.7591678, 12.8781557 ] ] ], [ [ [ 92.7004561, 12.9882386 ], [ 92.7055357, 12.9896748 ], [ 92.7066368, 12.9881379 ], [ 92.7099461, 12.9881371 ], [ 92.708632, 12.9867589 ], [ 92.7118755, 12.9832147 ], [ 92.7135029, 12.9843985 ], [ 92.7116862, 12.9821526 ], [ 92.712953, 12.9804665 ], [ 92.7106345, 12.9798885 ], [ 92.7092981, 12.9801916 ], [ 92.7088371, 12.9799431 ], [ 92.708777, 12.9794415 ], [ 92.7100673, 12.9787903 ], [ 92.7099472, 12.9780943 ], [ 92.7105235, 12.9788309 ], [ 92.7090076, 12.9799657 ], [ 92.7105514, 12.979536 ], [ 92.7132248, 12.9801726 ], [ 92.7120411, 12.9822927 ], [ 92.7139541, 12.9829566 ], [ 92.7187287, 12.9823316 ], [ 92.719695, 12.9782953 ], [ 92.7191309, 12.9618297 ], [ 92.7165499, 12.9492923 ], [ 92.7135984, 12.9434669 ], [ 92.7097791, 12.9460353 ], [ 92.7141143, 12.9427527 ], [ 92.7174462, 12.9434613 ], [ 92.719328, 12.9475015 ], [ 92.7214558, 12.944572 ], [ 92.7197234, 12.9337564 ], [ 92.7205125, 12.924965 ], [ 92.7140377, 12.9228244 ], [ 92.7180692, 12.9218876 ], [ 92.7197641, 12.9199752 ], [ 92.7187394, 12.9154963 ], [ 92.7220106, 12.9035492 ], [ 92.7217009, 12.9009729 ], [ 92.7197098, 12.899274 ], [ 92.7215984, 12.8981435 ], [ 92.7206551, 12.8896011 ], [ 92.71821, 12.8813214 ], [ 92.7156021, 12.8805221 ], [ 92.7128021, 12.8834473 ], [ 92.7073152, 12.8839324 ], [ 92.7058914, 12.8830469 ], [ 92.7038356, 12.8800371 ], [ 92.7040236, 12.8772392 ], [ 92.7030564, 12.8781886 ], [ 92.7020289, 12.8778725 ], [ 92.7016003, 12.8773166 ], [ 92.7041294, 12.8770042 ], [ 92.7058073, 12.8795891 ], [ 92.7048447, 12.8806742 ], [ 92.7057621, 12.8823734 ], [ 92.7088492, 12.8833037 ], [ 92.7116684, 12.8823719 ], [ 92.7127448, 12.8778562 ], [ 92.7171169, 12.8780086 ], [ 92.7187097, 12.8748352 ], [ 92.7137588, 12.8668047 ], [ 92.7138589, 12.8632204 ], [ 92.7085772, 12.8563877 ], [ 92.7027809, 12.8527189 ], [ 92.7014528, 12.8482942 ], [ 92.7030369, 12.8469333 ], [ 92.7029257, 12.8449988 ], [ 92.6995984, 12.8402266 ], [ 92.6912504, 12.8350259 ], [ 92.6828305, 12.8360263 ], [ 92.6786119, 12.8391321 ], [ 92.6765801, 12.8371662 ], [ 92.6747838, 12.8381608 ], [ 92.6751611, 12.8360771 ], [ 92.6710849, 12.8376234 ], [ 92.6781266, 12.8319771 ], [ 92.6760582, 12.8310734 ], [ 92.6737001, 12.8319551 ], [ 92.6767304, 12.8298439 ], [ 92.676596, 12.8261195 ], [ 92.674587, 12.8226439 ], [ 92.6810001, 12.828867 ], [ 92.6836073, 12.8297751 ], [ 92.6868399, 12.8262489 ], [ 92.6855129, 12.824396 ], [ 92.6873549, 12.8230126 ], [ 92.686143, 12.8209607 ], [ 92.6880765, 12.8173264 ], [ 92.6869065, 12.8167073 ], [ 92.6874263, 12.8141038 ], [ 92.6855836, 12.8126893 ], [ 92.6860573, 12.8103705 ], [ 92.6843394, 12.8101674 ], [ 92.683004, 12.8115959 ], [ 92.6820085, 12.8087305 ], [ 92.6765692, 12.8091154 ], [ 92.6746068, 12.8073123 ], [ 92.6752787, 12.8049166 ], [ 92.6676752, 12.782616 ], [ 92.665336, 12.784022 ], [ 92.6666175, 12.791082 ], [ 92.6633938, 12.7917016 ], [ 92.6635138, 12.7932926 ], [ 92.6577021, 12.7953225 ], [ 92.6591762, 12.7974829 ], [ 92.6608615, 12.795946 ], [ 92.6625104, 12.7963572 ], [ 92.6653771, 12.807937 ], [ 92.6639225, 12.8126786 ], [ 92.6596952, 12.8181842 ], [ 92.659784, 12.8266365 ], [ 92.6541519, 12.8345287 ], [ 92.6499293, 12.8458333 ], [ 92.6496539, 12.853603 ], [ 92.6469737, 12.8616531 ], [ 92.6487657, 12.8615988 ], [ 92.6500784, 12.8599445 ], [ 92.649577, 12.8663583 ], [ 92.6529724, 12.867565 ], [ 92.6631558, 12.8814902 ], [ 92.66541, 12.88921 ], [ 92.6641807, 12.8936125 ], [ 92.6662039, 12.8968531 ], [ 92.6647166, 12.9022862 ], [ 92.668288, 12.9055944 ], [ 92.6695883, 12.910191 ], [ 92.6684057, 12.9184942 ], [ 92.6693972, 12.923014 ], [ 92.6736562, 12.9292329 ], [ 92.6717995, 12.9307426 ], [ 92.6739335, 12.933269 ], [ 92.6735006, 12.9344532 ], [ 92.6755326, 12.9338609 ], [ 92.6762113, 12.940193 ], [ 92.6789951, 12.9421949 ], [ 92.6775575, 12.9429454 ], [ 92.6790053, 12.9465565 ], [ 92.677531, 12.9481521 ], [ 92.6794896, 12.9485361 ], [ 92.6782271, 12.9492639 ], [ 92.6771254, 12.9477951 ], [ 92.676066, 12.9498923 ], [ 92.6715959, 12.950173 ], [ 92.6689566, 12.9569347 ], [ 92.6680626, 12.9571969 ], [ 92.6691827, 12.9587968 ], [ 92.6697141, 12.9661052 ], [ 92.6790166, 12.9761833 ], [ 92.6786161, 12.9783031 ], [ 92.680188, 12.9793017 ], [ 92.6809031, 12.9825061 ], [ 92.6856931, 12.9875043 ], [ 92.6869329, 12.9874364 ], [ 92.6876296, 12.9902023 ], [ 92.6927923, 12.992249 ], [ 92.7004561, 12.9882386 ] ] ], [ [ [ 92.7567983, 12.9083759 ], [ 92.7554569, 12.8926441 ], [ 92.7526743, 12.889586 ], [ 92.7521097, 12.8912131 ], [ 92.7487351, 12.8912627 ], [ 92.7480469, 12.894598 ], [ 92.7495475, 12.897243 ], [ 92.7523697, 12.8938528 ], [ 92.7521856, 12.892316 ], [ 92.7532567, 12.8935817 ], [ 92.7527726, 12.895993 ], [ 92.7546612, 12.8999008 ], [ 92.754069, 12.9015075 ], [ 92.7531498, 12.900269 ], [ 92.7524448, 12.9010011 ], [ 92.7530653, 12.9132818 ], [ 92.7542171, 12.9143238 ], [ 92.7567983, 12.9083759 ] ] ], [ [ [ 92.6732411, 12.9334078 ], [ 92.6732826, 12.9329242 ], [ 92.6729185, 12.9330192 ], [ 92.6732411, 12.9334078 ] ] ], [ [ [ 92.6721352, 12.933453 ], [ 92.6725223, 12.9331095 ], [ 92.6720616, 12.9327931 ], [ 92.6721352, 12.933453 ] ] ], [ [ [ 92.6765585, 12.9472437 ], [ 92.6775814, 12.9469001 ], [ 92.6770145, 12.9464527 ], [ 92.6765585, 12.9472437 ] ] ], [ [ [ 92.6721718, 12.9496034 ], [ 92.6703742, 12.9477957 ], [ 92.6694297, 12.9487404 ], [ 92.669665, 12.9499019 ], [ 92.6721718, 12.9496034 ] ] ], [ [ [ 92.6748629, 12.9483603 ], [ 92.6721671, 12.9488532 ], [ 92.6755543, 12.94935 ], [ 92.6748629, 12.9483603 ] ] ], [ [ [ 92.6678354, 12.949762 ], [ 92.6662917, 12.9502231 ], [ 92.6662688, 12.9510457 ], [ 92.668361, 12.9508828 ], [ 92.6678354, 12.949762 ] ] ], [ [ [ 92.6689093, 12.9506206 ], [ 92.6694211, 12.951868 ], [ 92.6708497, 12.9518227 ], [ 92.6704023, 12.9501324 ], [ 92.6689093, 12.9506206 ] ] ], [ [ [ 92.6677251, 12.9514659 ], [ 92.6675962, 12.9522162 ], [ 92.6682183, 12.9516421 ], [ 92.6677251, 12.9514659 ] ] ], [ [ [ 92.6693705, 12.9522161 ], [ 92.6694812, 12.9532059 ], [ 92.6699789, 12.9528036 ], [ 92.6693705, 12.9522161 ] ] ], [ [ [ 92.6683521, 12.9525913 ], [ 92.6667024, 12.9535722 ], [ 92.6686615, 12.9560308 ], [ 92.6693016, 12.9535449 ], [ 92.6683521, 12.9525913 ] ] ], [ [ [ 92.7106642, 13.0964204 ], [ 92.7179416, 13.099184 ], [ 92.7204123, 13.0969774 ], [ 92.7180731, 13.0935703 ], [ 92.7114508, 13.0910234 ], [ 92.7081112, 13.0874629 ], [ 92.7030136, 13.0795683 ], [ 92.7060493, 13.0709434 ], [ 92.7040202, 13.0695881 ], [ 92.7006499, 13.0698241 ], [ 92.6975803, 13.0733731 ], [ 92.6938968, 13.0910875 ], [ 92.6944608, 13.0961044 ], [ 92.6993034, 13.0992986 ], [ 92.7040102, 13.0956903 ], [ 92.7106642, 13.0964204 ] ] ], [ [ [ 92.7273767, 13.0898559 ], [ 92.7293987, 13.0956947 ], [ 92.7315797, 13.0955221 ], [ 92.7273767, 13.0898559 ] ] ], [ [ [ 92.8013173, 9.2297642 ], [ 92.8113753, 9.2211717 ], [ 92.8176654, 9.2119906 ], [ 92.8244984, 9.1897255 ], [ 92.8233849, 9.1806244 ], [ 92.8264655, 9.1783734 ], [ 92.8278174, 9.1734185 ], [ 92.8298695, 9.171963 ], [ 92.8301574, 9.1623738 ], [ 92.8262824, 9.1523954 ], [ 92.8270668, 9.1384074 ], [ 92.825584, 9.1369921 ], [ 92.8192422, 9.1375518 ], [ 92.8140882, 9.1355482 ], [ 92.8097308, 9.1312479 ], [ 92.8105865, 9.128454 ], [ 92.8119465, 9.1294715 ], [ 92.8115102, 9.1274821 ], [ 92.8070709, 9.1238871 ], [ 92.8061973, 9.1249088 ], [ 92.8022717, 9.1233482 ], [ 92.7990652, 9.1205942 ], [ 92.7848407, 9.1187193 ], [ 92.7758419, 9.1215471 ], [ 92.7669876, 9.1274219 ], [ 92.7669873, 9.1288461 ], [ 92.7655366, 9.1271186 ], [ 92.7597825, 9.1252903 ], [ 92.7556927, 9.1258813 ], [ 92.7530216, 9.1279782 ], [ 92.7406128, 9.1244609 ], [ 92.7273156, 9.1248989 ], [ 92.721689, 9.1339386 ], [ 92.7231577, 9.1355126 ], [ 92.7221097, 9.1396353 ], [ 92.7156324, 9.1478518 ], [ 92.7144421, 9.1544023 ], [ 92.7156239, 9.1670165 ], [ 92.7174913, 9.172551 ], [ 92.716597, 9.2092071 ], [ 92.7196916, 9.2185262 ], [ 92.7217248, 9.2205977 ], [ 92.7267618, 9.2210112 ], [ 92.7311535, 9.2192679 ], [ 92.7331429, 9.2169494 ], [ 92.7395037, 9.2183805 ], [ 92.744852, 9.2138072 ], [ 92.7466074, 9.2166154 ], [ 92.7550022, 9.2179655 ], [ 92.7575554, 9.2164067 ], [ 92.7629609, 9.2173171 ], [ 92.7631843, 9.2161191 ], [ 92.7686519, 9.2218896 ], [ 92.7681631, 9.2285217 ], [ 92.7724573, 9.2333831 ], [ 92.7726699, 9.2376012 ], [ 92.7695709, 9.2381067 ], [ 92.769966, 9.2405436 ], [ 92.7733335, 9.2405627 ], [ 92.7756211, 9.2454912 ], [ 92.7722243, 9.2522945 ], [ 92.771426, 9.2588226 ], [ 92.7752262, 9.2582088 ], [ 92.7804344, 9.2501401 ], [ 92.7898289, 9.2426828 ], [ 92.8013173, 9.2297642 ] ] ], [ [ [ 92.7645954, 11.6771967 ], [ 92.7603933, 11.6687194 ], [ 92.7595399, 11.6696141 ], [ 92.7598083, 11.6749482 ], [ 92.7583028, 11.6778903 ], [ 92.7613799, 11.6783752 ], [ 92.7649054, 11.6821058 ], [ 92.7645954, 11.6771967 ] ] ], [ [ [ 92.7749787, 12.0178672 ], [ 92.7764185, 12.0160344 ], [ 92.7743573, 12.0122801 ], [ 92.7702659, 12.0124129 ], [ 92.7698727, 12.0166754 ], [ 92.7713374, 12.0176678 ], [ 92.7711305, 12.0190441 ], [ 92.7749787, 12.0178672 ] ] ], [ [ [ 92.7843063, 12.0731212 ], [ 92.7868824, 12.0777048 ], [ 92.7873486, 12.0778473 ], [ 92.7864234, 12.0748526 ], [ 92.7843063, 12.0731212 ] ] ], [ [ [ 92.7987002, 12.0752625 ], [ 92.7990744, 12.0762389 ], [ 92.7990814, 12.0750478 ], [ 92.7987002, 12.0752625 ] ] ], [ [ [ 92.7919047, 12.0788783 ], [ 92.7920011, 12.0787314 ], [ 92.7919139, 12.0786974 ], [ 92.7919047, 12.0788783 ] ] ], [ [ [ 92.7915947, 12.0790614 ], [ 92.7917705, 12.0787887 ], [ 92.7916751, 12.0787313 ], [ 92.7915947, 12.0790614 ] ] ], [ [ [ 92.7911445, 12.0791923 ], [ 92.7911446, 12.0790183 ], [ 92.7910665, 12.0789912 ], [ 92.7911445, 12.0791923 ] ] ], [ [ [ 92.7999764, 12.0897453 ], [ 92.7990233, 12.0892323 ], [ 92.7992782, 12.0901769 ], [ 92.7999764, 12.0897453 ] ] ], [ [ [ 92.8514892, 12.1413099 ], [ 92.8511516, 12.141511 ], [ 92.8514778, 12.1416172 ], [ 92.8514892, 12.1413099 ] ] ], [ [ [ 92.8520612, 12.1418996 ], [ 92.8514502, 12.1418048 ], [ 92.8518568, 12.142085 ], [ 92.8520612, 12.1418996 ] ] ], [ [ [ 92.8652565, 12.1819575 ], [ 92.8652682, 12.1830672 ], [ 92.8660077, 12.1822082 ], [ 92.8652565, 12.1819575 ] ] ], [ [ [ 92.8182213, 12.3090826 ], [ 92.826631, 12.3027992 ], [ 92.8289411, 12.2993246 ], [ 92.82949, 12.3003853 ], [ 92.8329468, 12.3005252 ], [ 92.8346703, 12.2976638 ], [ 92.8326983, 12.2968119 ], [ 92.8310157, 12.2938739 ], [ 92.832121, 12.2920161 ], [ 92.8315512, 12.2939055 ], [ 92.8335577, 12.2948095 ], [ 92.8328775, 12.2965475 ], [ 92.8351933, 12.2972741 ], [ 92.8340729, 12.2997838 ], [ 92.8364222, 12.3031873 ], [ 92.8426211, 12.3033855 ], [ 92.8439355, 12.3007478 ], [ 92.8406277, 12.2974418 ], [ 92.8428849, 12.2994462 ], [ 92.8442661, 12.2981759 ], [ 92.8436569, 12.2972109 ], [ 92.8440176, 12.2962887 ], [ 92.8451462, 12.2975068 ], [ 92.8432595, 12.29941 ], [ 92.8444342, 12.3008291 ], [ 92.8427108, 12.3042556 ], [ 92.8477235, 12.3030978 ], [ 92.8478288, 12.3000106 ], [ 92.8498413, 12.2942449 ], [ 92.8531597, 12.2918171 ], [ 92.8519184, 12.2901991 ], [ 92.8518122, 12.2874034 ], [ 92.8513917, 12.2877809 ], [ 92.8507711, 12.2877064 ], [ 92.8503158, 12.2855865 ], [ 92.8513773, 12.2835794 ], [ 92.8503454, 12.283349 ], [ 92.8512233, 12.2829647 ], [ 92.8516393, 12.2837489 ], [ 92.8510102, 12.2875526 ], [ 92.8522486, 12.2853354 ], [ 92.854722, 12.2881668 ], [ 92.8548964, 12.2870142 ], [ 92.8541862, 12.2862866 ], [ 92.8541767, 12.2845079 ], [ 92.8560082, 12.2835267 ], [ 92.8538912, 12.2812037 ], [ 92.8547232, 12.2813301 ], [ 92.8560748, 12.2831583 ], [ 92.8561416, 12.2837843 ], [ 92.854402, 12.2845507 ], [ 92.8550872, 12.2869892 ], [ 92.8547289, 12.288386 ], [ 92.8522395, 12.2855998 ], [ 92.8520838, 12.2901177 ], [ 92.8533758, 12.2921244 ], [ 92.8501908, 12.2952731 ], [ 92.8483643, 12.2995517 ], [ 92.8490012, 12.3020513 ], [ 92.8523157, 12.3032939 ], [ 92.8544895, 12.3000684 ], [ 92.8524721, 12.3035967 ], [ 92.8552373, 12.305167 ], [ 92.8575012, 12.3045722 ], [ 92.8579813, 12.3030715 ], [ 92.8601029, 12.3039932 ], [ 92.8655334, 12.3011105 ], [ 92.867569, 12.3024072 ], [ 92.8684454, 12.3009156 ], [ 92.8722264, 12.3017058 ], [ 92.8721641, 12.3004379 ], [ 92.8697114, 12.2990237 ], [ 92.8715195, 12.2953936 ], [ 92.8690487, 12.2953082 ], [ 92.866003, 12.2931664 ], [ 92.8651958, 12.291146 ], [ 92.8665632, 12.290305 ], [ 92.865733, 12.2879953 ], [ 92.8637496, 12.2880161 ], [ 92.8634414, 12.2867822 ], [ 92.8658018, 12.2874304 ], [ 92.8668274, 12.2901897 ], [ 92.8655222, 12.291381 ], [ 92.8665155, 12.2931866 ], [ 92.870292, 12.2947227 ], [ 92.8677358, 12.2923863 ], [ 92.8678571, 12.2902866 ], [ 92.8722819, 12.2919898 ], [ 92.8730897, 12.2876326 ], [ 92.8767969, 12.2871204 ], [ 92.8762027, 12.2824465 ], [ 92.875189, 12.2832485 ], [ 92.8743456, 12.2832439 ], [ 92.8743759, 12.2816957 ], [ 92.8722265, 12.2808629 ], [ 92.8740956, 12.2810877 ], [ 92.8748814, 12.2818743 ], [ 92.8747731, 12.2830789 ], [ 92.8763223, 12.2821188 ], [ 92.8776502, 12.2840762 ], [ 92.8804823, 12.2811975 ], [ 92.8803124, 12.2803183 ], [ 92.8791332, 12.2816379 ], [ 92.8784492, 12.2772781 ], [ 92.8815019, 12.2739541 ], [ 92.8819753, 12.2627624 ], [ 92.8833588, 12.2626474 ], [ 92.8847047, 12.2665531 ], [ 92.8837963, 12.2696108 ], [ 92.88509, 12.2704744 ], [ 92.8868136, 12.2707933 ], [ 92.8866416, 12.2684361 ], [ 92.8899093, 12.2693745 ], [ 92.8912635, 12.2664368 ], [ 92.8898553, 12.2632565 ], [ 92.8860356, 12.2647159 ], [ 92.8856318, 12.2616105 ], [ 92.8873896, 12.2624492 ], [ 92.8895316, 12.2613377 ], [ 92.8883605, 12.2565394 ], [ 92.8866135, 12.2587449 ], [ 92.8824604, 12.2575791 ], [ 92.8814276, 12.2552182 ], [ 92.8752494, 12.2506067 ], [ 92.869632, 12.2509704 ], [ 92.8692624, 12.2528482 ], [ 92.8669625, 12.2549936 ], [ 92.868121, 12.2563064 ], [ 92.8681189, 12.2572556 ], [ 92.8666758, 12.2576583 ], [ 92.8666412, 12.2567587 ], [ 92.8642469, 12.2583074 ], [ 92.8632018, 12.2604931 ], [ 92.8650931, 12.2603458 ], [ 92.8656586, 12.2611118 ], [ 92.8637375, 12.2614195 ], [ 92.864604, 12.2625155 ], [ 92.8629658, 12.2635691 ], [ 92.8618694, 12.2625432 ], [ 92.8619591, 12.2635669 ], [ 92.8615774, 12.2625184 ], [ 92.8622026, 12.2623827 ], [ 92.8630851, 12.2628299 ], [ 92.8633191, 12.2613496 ], [ 92.8654861, 12.2609446 ], [ 92.8632915, 12.2607529 ], [ 92.8614046, 12.2596662 ], [ 92.8621609, 12.2614311 ], [ 92.8610185, 12.2596753 ], [ 92.8667261, 12.2563429 ], [ 92.8677582, 12.257319 ], [ 92.8664823, 12.2548806 ], [ 92.8690094, 12.2516934 ], [ 92.8647996, 12.252257 ], [ 92.8584176, 12.2491125 ], [ 92.8594814, 12.248301 ], [ 92.8578653, 12.2444976 ], [ 92.8608242, 12.2407227 ], [ 92.8614876, 12.2367019 ], [ 92.8669601, 12.2323163 ], [ 92.8650139, 12.2324975 ], [ 92.8634743, 12.2319034 ], [ 92.8667878, 12.2320406 ], [ 92.8678828, 12.2275473 ], [ 92.8714996, 12.2254595 ], [ 92.8735809, 12.2122889 ], [ 92.8704944, 12.2127523 ], [ 92.8691566, 12.2101309 ], [ 92.8682443, 12.20927 ], [ 92.8677504, 12.2100295 ], [ 92.8690418, 12.2105151 ], [ 92.8689684, 12.2110011 ], [ 92.8671971, 12.2119507 ], [ 92.8645014, 12.2087893 ], [ 92.8672683, 12.2117857 ], [ 92.8687983, 12.2109649 ], [ 92.8675436, 12.209851 ], [ 92.8686371, 12.2088609 ], [ 92.8708872, 12.2125194 ], [ 92.8732922, 12.2088716 ], [ 92.8735966, 12.2043334 ], [ 92.878578, 12.2026711 ], [ 92.8816636, 12.2031735 ], [ 92.8828617, 12.1976772 ], [ 92.8803078, 12.1934435 ], [ 92.8745644, 12.1922965 ], [ 92.871878, 12.1946962 ], [ 92.8674046, 12.193436 ], [ 92.865395, 12.1967881 ], [ 92.861347, 12.1975167 ], [ 92.8620691, 12.2008796 ], [ 92.8558933, 12.2008467 ], [ 92.8531644, 12.2043321 ], [ 92.8457585, 12.1976795 ], [ 92.8445976, 12.2018953 ], [ 92.8423518, 12.2017955 ], [ 92.8399668, 12.1999312 ], [ 92.8364679, 12.2025419 ], [ 92.8275627, 12.2030014 ], [ 92.829084, 12.2084775 ], [ 92.8332401, 12.2058872 ], [ 92.8349064, 12.2114604 ], [ 92.8320551, 12.2129116 ], [ 92.8331811, 12.2143805 ], [ 92.8356877, 12.213074 ], [ 92.8384242, 12.2130308 ], [ 92.8398509, 12.212147 ], [ 92.8405333, 12.2123322 ], [ 92.8405082, 12.2135436 ], [ 92.8398189, 12.21445 ], [ 92.8364138, 12.2143418 ], [ 92.8381532, 12.2152435 ], [ 92.8400582, 12.217083 ], [ 92.8406764, 12.2181045 ], [ 92.8405869, 12.2193905 ], [ 92.839229, 12.2192143 ], [ 92.8384843, 12.2169701 ], [ 92.8362236, 12.2192688 ], [ 92.8346243, 12.218218 ], [ 92.8348657, 12.2191311 ], [ 92.8333907, 12.2203404 ], [ 92.8318419, 12.2190228 ], [ 92.8292778, 12.2198389 ], [ 92.8289125, 12.2211136 ], [ 92.8273778, 12.2227365 ], [ 92.8241587, 12.2236769 ], [ 92.823929, 12.2250013 ], [ 92.8217117, 12.2248115 ], [ 92.8207306, 12.2270038 ], [ 92.818704, 12.2275011 ], [ 92.819382, 12.2301883 ], [ 92.8173922, 12.2329615 ], [ 92.8128218, 12.2327649 ], [ 92.8107813, 12.233974 ], [ 92.8069831, 12.2322609 ], [ 92.805917, 12.2310743 ], [ 92.8050645, 12.2320031 ], [ 92.8026219, 12.2326449 ], [ 92.8057239, 12.2307647 ], [ 92.8100483, 12.233461 ], [ 92.8123071, 12.2325299 ], [ 92.8166752, 12.2324416 ], [ 92.8189661, 12.2303148 ], [ 92.8182927, 12.2273858 ], [ 92.8203676, 12.2267913 ], [ 92.8215439, 12.2240905 ], [ 92.8235453, 12.224721 ], [ 92.8239726, 12.2234734 ], [ 92.8252179, 12.2226891 ], [ 92.8273272, 12.222515 ], [ 92.8292524, 12.2196039 ], [ 92.8318511, 12.2188692 ], [ 92.8334251, 12.2200555 ], [ 92.8344957, 12.2179966 ], [ 92.8363339, 12.2188259 ], [ 92.838374, 12.216708 ], [ 92.8404651, 12.2190899 ], [ 92.8395986, 12.2169542 ], [ 92.8360692, 12.2143283 ], [ 92.8399361, 12.2141516 ], [ 92.8402691, 12.2124453 ], [ 92.8335189, 12.2147918 ], [ 92.8328043, 12.2145252 ], [ 92.8316599, 12.2128799 ], [ 92.8345203, 12.211083 ], [ 92.8330012, 12.2064047 ], [ 92.8286935, 12.2087352 ], [ 92.8267654, 12.2030037 ], [ 92.8365299, 12.2020425 ], [ 92.8393578, 12.1995131 ], [ 92.8428802, 12.2014542 ], [ 92.8447204, 12.2008053 ], [ 92.8446763, 12.1977113 ], [ 92.8470012, 12.1963323 ], [ 92.8471549, 12.193844 ], [ 92.8445948, 12.1882393 ], [ 92.8400204, 12.1852632 ], [ 92.8431465, 12.186193 ], [ 92.8461504, 12.1898166 ], [ 92.8475333, 12.1893486 ], [ 92.8518919, 12.1917979 ], [ 92.854141, 12.1910337 ], [ 92.855225, 12.1888526 ], [ 92.8542852, 12.1873768 ], [ 92.8566008, 12.1864318 ], [ 92.8553805, 12.1842938 ], [ 92.8516197, 12.1842967 ], [ 92.854863, 12.1806643 ], [ 92.8521746, 12.1774848 ], [ 92.854519, 12.1706431 ], [ 92.8501561, 12.1674389 ], [ 92.850018, 12.165041 ], [ 92.8539094, 12.1652778 ], [ 92.854837, 12.1617903 ], [ 92.8458739, 12.147727 ], [ 92.8444634, 12.1474537 ], [ 92.8427477, 12.1489199 ], [ 92.8445948, 12.1512438 ], [ 92.8458544, 12.1576691 ], [ 92.8441132, 12.1578795 ], [ 92.8438607, 12.1595543 ], [ 92.8387037, 12.1598509 ], [ 92.8363424, 12.1621293 ], [ 92.8366551, 12.1656324 ], [ 92.8351414, 12.1669208 ], [ 92.8296165, 12.1665551 ], [ 92.8272754, 12.1634589 ], [ 92.8244569, 12.1664243 ], [ 92.8242066, 12.1689308 ], [ 92.821172, 12.1708859 ], [ 92.8229848, 12.1757201 ], [ 92.8223853, 12.1781384 ], [ 92.822739, 12.1756614 ], [ 92.8207654, 12.170852 ], [ 92.823545, 12.1686845 ], [ 92.8238872, 12.1668063 ], [ 92.8212384, 12.1645079 ], [ 92.8223548, 12.1640016 ], [ 92.8223731, 12.160946 ], [ 92.8207742, 12.1597595 ], [ 92.8172298, 12.1637237 ], [ 92.8075655, 12.1600738 ], [ 92.8076459, 12.1618592 ], [ 92.8033226, 12.1633349 ], [ 92.8020636, 12.1653261 ], [ 92.8038899, 12.1645848 ], [ 92.8039311, 12.1676066 ], [ 92.805298, 12.1684812 ], [ 92.8037542, 12.1693242 ], [ 92.8067705, 12.1711595 ], [ 92.8055414, 12.1715618 ], [ 92.8034211, 12.1694395 ], [ 92.8046088, 12.1682235 ], [ 92.8030168, 12.1691841 ], [ 92.8022702, 12.1708317 ], [ 92.8010939, 12.1705852 ], [ 92.8010802, 12.1683771 ], [ 92.8036854, 12.1675478 ], [ 92.8038417, 12.165247 ], [ 92.8021394, 12.1659408 ], [ 92.801781, 12.1656108 ], [ 92.8023255, 12.1642751 ], [ 92.8037912, 12.1625936 ], [ 92.8070555, 12.1617553 ], [ 92.8071336, 12.1599449 ], [ 92.8114661, 12.1602772 ], [ 92.8172252, 12.1631203 ], [ 92.8200368, 12.1590905 ], [ 92.8267696, 12.1558538 ], [ 92.8247767, 12.1512522 ], [ 92.8211621, 12.1498512 ], [ 92.8187431, 12.1452949 ], [ 92.820181, 12.1423725 ], [ 92.8221036, 12.1424335 ], [ 92.8217452, 12.1407339 ], [ 92.8187866, 12.1380197 ], [ 92.8153319, 12.1385508 ], [ 92.8181822, 12.1275577 ], [ 92.8164158, 12.1246144 ], [ 92.8145462, 12.1273159 ], [ 92.8113306, 12.1272052 ], [ 92.8053516, 12.1311083 ], [ 92.8014928, 12.1319919 ], [ 92.8030622, 12.1306765 ], [ 92.8028737, 12.1262883 ], [ 92.8075798, 12.1239793 ], [ 92.8123067, 12.1188669 ], [ 92.8135952, 12.1153751 ], [ 92.8170955, 12.1149772 ], [ 92.8181956, 12.1136483 ], [ 92.8145735, 12.1053425 ], [ 92.8131725, 12.1051526 ], [ 92.8114546, 12.1069178 ], [ 92.8088685, 12.1029264 ], [ 92.8034355, 12.1040544 ], [ 92.7981589, 12.1083097 ], [ 92.797596, 12.1114964 ], [ 92.7995688, 12.1139239 ], [ 92.7970471, 12.111345 ], [ 92.7978994, 12.1070102 ], [ 92.793049, 12.1034705 ], [ 92.7930925, 12.1052832 ], [ 92.7873279, 12.1034113 ], [ 92.7843695, 12.1061435 ], [ 92.7836254, 12.1060305 ], [ 92.7864413, 12.1038339 ], [ 92.7872523, 12.1009636 ], [ 92.7993629, 12.0957843 ], [ 92.8006353, 12.0933434 ], [ 92.7966738, 12.092342 ], [ 92.7951421, 12.0895303 ], [ 92.795489, 12.0863007 ], [ 92.7927263, 12.0875141 ], [ 92.7913071, 12.0867208 ], [ 92.7926509, 12.08103 ], [ 92.7918955, 12.0791224 ], [ 92.7881889, 12.0804081 ], [ 92.7879502, 12.0787695 ], [ 92.78516, 12.0783036 ], [ 92.7810376, 12.0800322 ], [ 92.777681, 12.0736764 ], [ 92.7719354, 12.0726405 ], [ 92.7717646, 12.0714845 ], [ 92.7732787, 12.0708887 ], [ 92.7710681, 12.0676026 ], [ 92.7672401, 12.0673693 ], [ 92.763445, 12.0632235 ], [ 92.7574614, 12.0709633 ], [ 92.7572498, 12.0728008 ], [ 92.7595754, 12.0764671 ], [ 92.759683, 12.0781057 ], [ 92.7579636, 12.0750158 ], [ 92.7520458, 12.0744021 ], [ 92.7546266, 12.0760413 ], [ 92.7558062, 12.0795628 ], [ 92.7581689, 12.0813894 ], [ 92.7600649, 12.086762 ], [ 92.7591941, 12.0882467 ], [ 92.7603606, 12.0890673 ], [ 92.7592871, 12.0904499 ], [ 92.7606336, 12.0909523 ], [ 92.7616214, 12.0897547 ], [ 92.7637571, 12.0901415 ], [ 92.7635269, 12.0930276 ], [ 92.7648242, 12.0949105 ], [ 92.7633133, 12.0931586 ], [ 92.763385, 12.090155 ], [ 92.7614353, 12.0903151 ], [ 92.7617105, 12.0917955 ], [ 92.7588215, 12.0915712 ], [ 92.7591335, 12.0928257 ], [ 92.7606813, 12.0929006 ], [ 92.7603296, 12.0953504 ], [ 92.7622244, 12.0952106 ], [ 92.7625688, 12.0956537 ], [ 92.7623435, 12.096639 ], [ 92.7637789, 12.096619 ], [ 92.7633558, 12.099618 ], [ 92.7623427, 12.1007863 ], [ 92.7618378, 12.0988425 ], [ 92.7631171, 12.0987117 ], [ 92.7623457, 12.0972334 ], [ 92.7635653, 12.096793 ], [ 92.7617876, 12.0970118 ], [ 92.7623253, 12.09557 ], [ 92.7599988, 12.0954272 ], [ 92.7604908, 12.0930746 ], [ 92.7589451, 12.0931873 ], [ 92.7577652, 12.0909382 ], [ 92.7593827, 12.0867528 ], [ 92.7578405, 12.0814978 ], [ 92.7553125, 12.0796033 ], [ 92.754041, 12.0758536 ], [ 92.7523832, 12.0750396 ], [ 92.7540179, 12.0767689 ], [ 92.7542146, 12.0803625 ], [ 92.7531775, 12.0759867 ], [ 92.7506219, 12.0744561 ], [ 92.7489397, 12.0763103 ], [ 92.7490642, 12.0750267 ], [ 92.7472115, 12.0741263 ], [ 92.7423208, 12.0757015 ], [ 92.7392269, 12.0796941 ], [ 92.7408722, 12.0820213 ], [ 92.7430486, 12.0805377 ], [ 92.7410608, 12.0827444 ], [ 92.7387728, 12.0813125 ], [ 92.7377693, 12.0975404 ], [ 92.7441012, 12.1131866 ], [ 92.7458426, 12.1241926 ], [ 92.7482635, 12.1275419 ], [ 92.7523293, 12.1390943 ], [ 92.754619, 12.140869 ], [ 92.7560287, 12.1445261 ], [ 92.7582474, 12.1456679 ], [ 92.7566704, 12.151494 ], [ 92.7587484, 12.1596551 ], [ 92.7634588, 12.1652406 ], [ 92.7607298, 12.1654413 ], [ 92.7607315, 12.1683908 ], [ 92.7644332, 12.1764712 ], [ 92.7642577, 12.1818299 ], [ 92.766566, 12.1851029 ], [ 92.7675025, 12.1896729 ], [ 92.7655574, 12.1927081 ], [ 92.768778, 12.2012673 ], [ 92.7639794, 12.2090119 ], [ 92.7636158, 12.2125331 ], [ 92.7662978, 12.2218789 ], [ 92.7686186, 12.2215786 ], [ 92.7668651, 12.2236916 ], [ 92.7678706, 12.2286255 ], [ 92.7698786, 12.2308656 ], [ 92.7681754, 12.2341741 ], [ 92.7689718, 12.239578 ], [ 92.7708075, 12.2415739 ], [ 92.7648477, 12.2369375 ], [ 92.766398, 12.2411122 ], [ 92.7662391, 12.242979 ], [ 92.7693138, 12.2424755 ], [ 92.76981, 12.2430293 ], [ 92.7696698, 12.2437186 ], [ 92.7684196, 12.2442088 ], [ 92.7684768, 12.2462226 ], [ 92.7680956, 12.2441907 ], [ 92.7694218, 12.2429094 ], [ 92.7659518, 12.2432615 ], [ 92.7659132, 12.2407889 ], [ 92.7619923, 12.2325977 ], [ 92.758874, 12.2332051 ], [ 92.759944, 12.2371492 ], [ 92.7572538, 12.2343484 ], [ 92.7500002, 12.2324334 ], [ 92.7472894, 12.2333042 ], [ 92.7464263, 12.2351172 ], [ 92.7471977, 12.2437729 ], [ 92.7438206, 12.2455011 ], [ 92.7417612, 12.244155 ], [ 92.7411367, 12.2453757 ], [ 92.7428997, 12.2473499 ], [ 92.7428484, 12.2513912 ], [ 92.7482398, 12.2624818 ], [ 92.7477674, 12.2668543 ], [ 92.7493884, 12.2740898 ], [ 92.752029, 12.2738418 ], [ 92.7530844, 12.2713242 ], [ 92.7564217, 12.2692615 ], [ 92.7564524, 12.2650691 ], [ 92.7586443, 12.2677206 ], [ 92.7633516, 12.2631222 ], [ 92.7660831, 12.2683524 ], [ 92.7708994, 12.2723807 ], [ 92.7740053, 12.2802846 ], [ 92.7749557, 12.2800277 ], [ 92.7748011, 12.2756922 ], [ 92.7768162, 12.2788589 ], [ 92.7780734, 12.2778397 ], [ 92.7774048, 12.2766825 ], [ 92.779531, 12.2741378 ], [ 92.7777729, 12.2736404 ], [ 92.777996, 12.272463 ], [ 92.7796872, 12.2739752 ], [ 92.7777841, 12.2765989 ], [ 92.7784251, 12.277686 ], [ 92.7776572, 12.2797132 ], [ 92.7788611, 12.2832776 ], [ 92.7812492, 12.281081 ], [ 92.7838876, 12.2806813 ], [ 92.7843336, 12.278993 ], [ 92.7858916, 12.2804554 ], [ 92.787682, 12.2802409 ], [ 92.7858686, 12.2806883 ], [ 92.7847196, 12.2795015 ], [ 92.7838416, 12.2810587 ], [ 92.781803, 12.2811331 ], [ 92.7796908, 12.2831466 ], [ 92.7813934, 12.2866431 ], [ 92.778895, 12.2884214 ], [ 92.7784602, 12.2911244 ], [ 92.7738288, 12.2935105 ], [ 92.774132, 12.2950315 ], [ 92.7772254, 12.2954252 ], [ 92.7753791, 12.3011858 ], [ 92.77189, 12.3019787 ], [ 92.7699832, 12.2965113 ], [ 92.7686477, 12.2976818 ], [ 92.7669493, 12.2971956 ], [ 92.7685838, 12.3088759 ], [ 92.7708886, 12.3131207 ], [ 92.7766513, 12.3097585 ], [ 92.7846223, 12.3106815 ], [ 92.7897872, 12.3076286 ], [ 92.7908608, 12.3042815 ], [ 92.794775, 12.3036083 ], [ 92.798765, 12.3060335 ], [ 92.8025687, 12.3117403 ], [ 92.8100089, 12.313318 ], [ 92.8182213, 12.3090826 ] ] ], [ [ [ 92.8473137, 12.1960881 ], [ 92.848003, 12.1968272 ], [ 92.8480166, 12.1955457 ], [ 92.8473137, 12.1960881 ] ] ], [ [ [ 92.8715593, 12.2279488 ], [ 92.8703715, 12.2283379 ], [ 92.8710149, 12.2288982 ], [ 92.8715593, 12.2279488 ] ] ], [ [ [ 92.8609807, 12.2427214 ], [ 92.8611609, 12.2469469 ], [ 92.8636204, 12.2502823 ], [ 92.868763, 12.2487035 ], [ 92.8658281, 12.236179 ], [ 92.8629929, 12.2377458 ], [ 92.8609807, 12.2427214 ] ] ], [ [ [ 92.8793123, 12.2499476 ], [ 92.8809235, 12.2485987 ], [ 92.8804139, 12.2457961 ], [ 92.8784371, 12.2484965 ], [ 92.8793123, 12.2499476 ] ] ], [ [ [ 92.7663846, 12.2888497 ], [ 92.7688591, 12.2945094 ], [ 92.7700795, 12.2950023 ], [ 92.7710703, 12.2935673 ], [ 92.7684165, 12.2886309 ], [ 92.7663846, 12.2888497 ] ] ], [ [ [ 92.7629563, 12.2968248 ], [ 92.76459, 12.2994988 ], [ 92.7649763, 12.2994017 ], [ 92.7643745, 12.2967278 ], [ 92.7629563, 12.2968248 ] ] ], [ [ [ 92.8609225, 12.3358803 ], [ 92.8642621, 12.3339835 ], [ 92.8632873, 12.3331904 ], [ 92.862945, 12.3343747 ], [ 92.8622647, 12.3345738 ], [ 92.8609657, 12.3334327 ], [ 92.8624669, 12.3343861 ], [ 92.8631241, 12.3331 ], [ 92.8648298, 12.3331562 ], [ 92.8641123, 12.3323585 ], [ 92.8647465, 12.3309775 ], [ 92.8632021, 12.3320739 ], [ 92.8628917, 12.3317983 ], [ 92.8632523, 12.3305596 ], [ 92.8632227, 12.3318208 ], [ 92.8648729, 12.3307537 ], [ 92.8649859, 12.3329415 ], [ 92.8688494, 12.329928 ], [ 92.8731947, 12.3289534 ], [ 92.8852251, 12.331955 ], [ 92.8877571, 12.3304976 ], [ 92.8878232, 12.3289225 ], [ 92.8858513, 12.3273717 ], [ 92.8880032, 12.3253087 ], [ 92.8899939, 12.3247056 ], [ 92.8966893, 12.3269373 ], [ 92.8996114, 12.3231114 ], [ 92.8976391, 12.3226126 ], [ 92.894999, 12.3173431 ], [ 92.8915717, 12.3189761 ], [ 92.8904021, 12.3169513 ], [ 92.8852769, 12.3227955 ], [ 92.8799526, 12.3182964 ], [ 92.877768, 12.3128673 ], [ 92.8736806, 12.316262 ], [ 92.874395, 12.3176963 ], [ 92.8716717, 12.3183084 ], [ 92.8695776, 12.3173438 ], [ 92.8690138, 12.3145866 ], [ 92.8674553, 12.313753 ], [ 92.8653503, 12.3159276 ], [ 92.8641826, 12.3159369 ], [ 92.8625456, 12.3130104 ], [ 92.8561675, 12.3146478 ], [ 92.8560715, 12.3178888 ], [ 92.8588459, 12.3181324 ], [ 92.8603171, 12.318939 ], [ 92.8618437, 12.3211264 ], [ 92.8607011, 12.3202068 ], [ 92.8611064, 12.3237279 ], [ 92.8576591, 12.3270598 ], [ 92.8571582, 12.3284566 ], [ 92.8584457, 12.3298035 ], [ 92.8550372, 12.3320528 ], [ 92.8564465, 12.3332752 ], [ 92.8568821, 12.3399198 ], [ 92.8585278, 12.33869 ], [ 92.8573184, 12.3374177 ], [ 92.8577134, 12.3349542 ], [ 92.8594167, 12.3347596 ], [ 92.8609225, 12.3358803 ] ] ], [ [ [ 92.8626693, 12.4054927 ], [ 92.8654576, 12.4021202 ], [ 92.8659385, 12.4036163 ], [ 92.8691897, 12.4037557 ], [ 92.8703673, 12.4055092 ], [ 92.872714, 12.4060672 ], [ 92.8754308, 12.400377 ], [ 92.8814162, 12.3983962 ], [ 92.8840048, 12.4001596 ], [ 92.8837372, 12.4044784 ], [ 92.8862221, 12.408052 ], [ 92.8942669, 12.40702 ], [ 92.8910861, 12.403224 ], [ 92.891399, 12.401702 ], [ 92.8942733, 12.4003353 ], [ 92.8924346, 12.3957992 ], [ 92.8894119, 12.3921989 ], [ 92.8826033, 12.3884877 ], [ 92.8834337, 12.3835865 ], [ 92.8854178, 12.3816636 ], [ 92.8833552, 12.3742601 ], [ 92.8806002, 12.3746724 ], [ 92.8815302, 12.3811385 ], [ 92.8794534, 12.3842366 ], [ 92.8777682, 12.3840893 ], [ 92.8777732, 12.382114 ], [ 92.8720203, 12.3847571 ], [ 92.866901, 12.3774785 ], [ 92.8604894, 12.3809309 ], [ 92.8585726, 12.3841405 ], [ 92.8601041, 12.3855731 ], [ 92.860917, 12.3919847 ], [ 92.860183, 12.3892411 ], [ 92.8549087, 12.3888623 ], [ 92.8486075, 12.3943145 ], [ 92.8440447, 12.3950539 ], [ 92.8426902, 12.4012333 ], [ 92.8457051, 12.4062118 ], [ 92.854351, 12.4093498 ], [ 92.8626693, 12.4054927 ] ] ], [ [ [ 92.864769, 12.4077207 ], [ 92.8641346, 12.4085367 ], [ 92.8651852, 12.4083134 ], [ 92.864769, 12.4077207 ] ] ], [ [ [ 92.8737621, 12.4088985 ], [ 92.8805947, 12.4106944 ], [ 92.8774027, 12.4088218 ], [ 92.8737621, 12.4088985 ] ] ], [ [ [ 92.8624353, 12.4125696 ], [ 92.8578601, 12.4158134 ], [ 92.8585111, 12.4177954 ], [ 92.8646423, 12.4212002 ], [ 92.8678361, 12.4201285 ], [ 92.8681451, 12.4139585 ], [ 92.8624353, 12.4125696 ] ] ], [ [ [ 92.8397159, 12.4231159 ], [ 92.8386831, 12.4209908 ], [ 92.8392308, 12.42171 ], [ 92.8401601, 12.4203716 ], [ 92.8400298, 12.4228023 ], [ 92.8419166, 12.4208374 ], [ 92.8419867, 12.4160091 ], [ 92.8430557, 12.4204188 ], [ 92.8461114, 12.4177968 ], [ 92.8503259, 12.4177853 ], [ 92.85843, 12.4133077 ], [ 92.854266, 12.4126653 ], [ 92.8534015, 12.4102246 ], [ 92.8513849, 12.4097751 ], [ 92.8427585, 12.4151959 ], [ 92.8382779, 12.4113105 ], [ 92.8376691, 12.4153562 ], [ 92.8294765, 12.4211555 ], [ 92.8285652, 12.4240204 ], [ 92.8292204, 12.4262396 ], [ 92.831802, 12.4269755 ], [ 92.8369874, 12.4251107 ], [ 92.8358238, 12.4228148 ], [ 92.8361915, 12.4220012 ], [ 92.8372915, 12.4249182 ], [ 92.8397159, 12.4231159 ] ] ], [ [ [ 92.8990017, 12.9254241 ], [ 92.9021463, 12.9193117 ], [ 92.8988032, 12.9186019 ], [ 92.897378, 12.9139931 ], [ 92.9003595, 12.9115299 ], [ 92.9007765, 12.9126616 ], [ 92.898537, 12.9143881 ], [ 92.8989562, 12.9180628 ], [ 92.9011149, 12.9168227 ], [ 92.9048152, 12.9169992 ], [ 92.9071716, 12.9153819 ], [ 92.9096552, 12.9184826 ], [ 92.912324, 12.9193392 ], [ 92.9135859, 12.9165663 ], [ 92.912609, 12.9132486 ], [ 92.9072252, 12.9124408 ], [ 92.9103633, 12.9099775 ], [ 92.9164733, 12.9111367 ], [ 92.9209156, 12.9154441 ], [ 92.922321, 12.9153898 ], [ 92.9219799, 12.9117287 ], [ 92.9196596, 12.9090123 ], [ 92.9098633, 12.9036134 ], [ 92.910096, 12.8990211 ], [ 92.9120543, 12.9005489 ], [ 92.9125197, 12.8997759 ], [ 92.9064998, 12.8901439 ], [ 92.9058871, 12.8870161 ], [ 92.907122, 12.8853664 ], [ 92.9100937, 12.8854342 ], [ 92.9134526, 12.8890456 ], [ 92.9173345, 12.8861794 ], [ 92.918931, 12.8900647 ], [ 92.9217807, 12.885578 ], [ 92.924484, 12.8856155 ], [ 92.9246258, 12.8879039 ], [ 92.9279382, 12.8825725 ], [ 92.9272746, 12.8784476 ], [ 92.9304326, 12.8764342 ], [ 92.9279584, 12.8738232 ], [ 92.9281449, 12.8722096 ], [ 92.9306327, 12.8712399 ], [ 92.9311208, 12.8676149 ], [ 92.9301967, 12.8630182 ], [ 92.9284045, 12.8616849 ], [ 92.9291917, 12.8588384 ], [ 92.9280373, 12.8590872 ], [ 92.9271446, 12.8621997 ], [ 92.9263841, 12.8581409 ], [ 92.9324813, 12.8580279 ], [ 92.9346695, 12.8561565 ], [ 92.9383875, 12.8583009 ], [ 92.9412342, 12.8552676 ], [ 92.9395912, 12.8500518 ], [ 92.9402632, 12.8375836 ], [ 92.9373786, 12.836243 ], [ 92.9376301, 12.8374941 ], [ 92.9364853, 12.8394342 ], [ 92.9356011, 12.8398011 ], [ 92.9304136, 12.8384041 ], [ 92.9315422, 12.8369035 ], [ 92.9297225, 12.8368841 ], [ 92.9293722, 12.8362201 ], [ 92.9309242, 12.8351187 ], [ 92.9274259, 12.8326979 ], [ 92.9290104, 12.8316288 ], [ 92.9267026, 12.8318031 ], [ 92.9267043, 12.8303775 ], [ 92.9241258, 12.8299624 ], [ 92.9250533, 12.8273284 ], [ 92.923562, 12.8273454 ], [ 92.922556, 12.8260754 ], [ 92.922637, 12.8219542 ], [ 92.9254419, 12.8172443 ], [ 92.9274801, 12.8157571 ], [ 92.9297602, 12.8165412 ], [ 92.9262225, 12.8130542 ], [ 92.9276455, 12.8091082 ], [ 92.9257361, 12.8066856 ], [ 92.9261228, 12.8038199 ], [ 92.9244185, 12.8010764 ], [ 92.9262287, 12.8031916 ], [ 92.926146, 12.8066856 ], [ 92.9279863, 12.8092483 ], [ 92.9268812, 12.8133751 ], [ 92.9305755, 12.8163196 ], [ 92.9292651, 12.8177616 ], [ 92.9277887, 12.8161864 ], [ 92.9257276, 12.8173482 ], [ 92.9228535, 12.8220808 ], [ 92.9228329, 12.8261081 ], [ 92.9255507, 12.8270616 ], [ 92.9242887, 12.8295387 ], [ 92.9270849, 12.8300131 ], [ 92.9268777, 12.8314008 ], [ 92.9294757, 12.8316469 ], [ 92.9278036, 12.8325804 ], [ 92.9313094, 12.8350096 ], [ 92.9296994, 12.8361849 ], [ 92.9319015, 12.8369125 ], [ 92.9308789, 12.8383544 ], [ 92.9356653, 12.8395247 ], [ 92.9373325, 12.8357865 ], [ 92.9393226, 12.8368101 ], [ 92.9412572, 12.8355217 ], [ 92.9435631, 12.8382271 ], [ 92.9491738, 12.8378354 ], [ 92.9471078, 12.8368498 ], [ 92.9484687, 12.8359507 ], [ 92.9449206, 12.8326879 ], [ 92.9437968, 12.8260058 ], [ 92.9465231, 12.8238578 ], [ 92.9451783, 12.8211067 ], [ 92.9462914, 12.8179172 ], [ 92.9507065, 12.8148782 ], [ 92.954489, 12.8064343 ], [ 92.948666, 12.7995965 ], [ 92.9497114, 12.7985748 ], [ 92.9487186, 12.7968167 ], [ 92.951118, 12.7952118 ], [ 92.9489482, 12.7961331 ], [ 92.9486882, 12.7932003 ], [ 92.9414533, 12.7902909 ], [ 92.9414712, 12.7886941 ], [ 92.9372693, 12.7830367 ], [ 92.9344646, 12.7833901 ], [ 92.933064, 12.7806285 ], [ 92.9333974, 12.774244 ], [ 92.930388, 12.7751155 ], [ 92.9264181, 12.7743903 ], [ 92.9332244, 12.7737371 ], [ 92.9390269, 12.7678832 ], [ 92.9481159, 12.7707274 ], [ 92.9497784, 12.7700763 ], [ 92.9478459, 12.764448 ], [ 92.9482329, 12.7622113 ], [ 92.9510708, 12.7595129 ], [ 92.9517105, 12.7571081 ], [ 92.9613577, 12.7545188 ], [ 92.9624893, 12.7508861 ], [ 92.9616326, 12.7473131 ], [ 92.9674571, 12.7421307 ], [ 92.9682512, 12.739433 ], [ 92.9637306, 12.7301409 ], [ 92.9644434, 12.7258119 ], [ 92.9675033, 12.7205138 ], [ 92.9735258, 12.7212166 ], [ 92.9771252, 12.7185441 ], [ 92.9800497, 12.7093951 ], [ 92.9775584, 12.7078051 ], [ 92.9730437, 12.7125164 ], [ 92.9707695, 12.7129692 ], [ 92.9638553, 12.704401 ], [ 92.964813, 12.7024449 ], [ 92.9621227, 12.6971397 ], [ 92.9625247, 12.6952959 ], [ 92.9654225, 12.6942007 ], [ 92.9633955, 12.6900794 ], [ 92.9630258, 12.6855915 ], [ 92.9653031, 12.6815184 ], [ 92.9643354, 12.6784318 ], [ 92.9651831, 12.6771056 ], [ 92.9609213, 12.6690184 ], [ 92.9624538, 12.6585993 ], [ 92.9592587, 12.6516948 ], [ 92.9568157, 12.6402923 ], [ 92.9566957, 12.6242111 ], [ 92.9541368, 12.6242842 ], [ 92.9455368, 12.6313465 ], [ 92.9370433, 12.6232493 ], [ 92.9343773, 12.6175414 ], [ 92.9297289, 12.6169232 ], [ 92.9380702, 12.6157236 ], [ 92.9352589, 12.6176216 ], [ 92.9362194, 12.6185694 ], [ 92.9390989, 12.6160126 ], [ 92.9394765, 12.6171289 ], [ 92.9368723, 12.6200945 ], [ 92.9370937, 12.6220379 ], [ 92.9455962, 12.6298956 ], [ 92.9475059, 12.6285618 ], [ 92.9457469, 12.6252629 ], [ 92.943349, 12.625204 ], [ 92.9435145, 12.6241516 ], [ 92.9462301, 12.6248379 ], [ 92.9479567, 12.6275357 ], [ 92.9587976, 12.6196093 ], [ 92.956412, 12.6142949 ], [ 92.9549224, 12.6039406 ], [ 92.9565219, 12.5972192 ], [ 92.9559683, 12.5927494 ], [ 92.958217, 12.5877272 ], [ 92.9609956, 12.5850597 ], [ 92.9613241, 12.5760246 ], [ 92.9636334, 12.5741933 ], [ 92.9649611, 12.5676121 ], [ 92.9699108, 12.5602969 ], [ 92.9752276, 12.5432727 ], [ 92.9734344, 12.5359482 ], [ 92.9745735, 12.5306844 ], [ 92.9697614, 12.5194429 ], [ 92.9710231, 12.517537 ], [ 92.9656783, 12.5131794 ], [ 92.9668046, 12.510883 ], [ 92.9649022, 12.5045013 ], [ 92.9688271, 12.4966597 ], [ 92.963127, 12.4923324 ], [ 92.9633912, 12.4894147 ], [ 92.9649069, 12.488802 ], [ 92.9641083, 12.4872267 ], [ 92.9600696, 12.4856701 ], [ 92.9562379, 12.4871824 ], [ 92.95613, 12.4897746 ], [ 92.9545497, 12.4914312 ], [ 92.9507916, 12.4896258 ], [ 92.9507641, 12.4921051 ], [ 92.9528067, 12.4937841 ], [ 92.950134, 12.4950974 ], [ 92.9478388, 12.4993193 ], [ 92.9459043, 12.4996583 ], [ 92.9440205, 12.4979249 ], [ 92.9451773, 12.4949801 ], [ 92.9422263, 12.4926072 ], [ 92.9428266, 12.4914952 ], [ 92.9401216, 12.4869977 ], [ 92.9406161, 12.4851332 ], [ 92.936368, 12.4814314 ], [ 92.932619, 12.4818968 ], [ 92.9317152, 12.4835851 ], [ 92.9331274, 12.4844303 ], [ 92.9328376, 12.4852372 ], [ 92.9309514, 12.4876305 ], [ 92.9295323, 12.4878384 ], [ 92.9291874, 12.4867016 ], [ 92.9271472, 12.4883739 ], [ 92.9292149, 12.4891583 ], [ 92.9285088, 12.4904488 ], [ 92.9272092, 12.4903809 ], [ 92.928932, 12.4892284 ], [ 92.9265331, 12.4884712 ], [ 92.9290172, 12.4864778 ], [ 92.9296818, 12.4866044 ], [ 92.9296957, 12.4875695 ], [ 92.9311493, 12.4872282 ], [ 92.932619, 12.4847151 ], [ 92.93074, 12.4837026 ], [ 92.9318348, 12.4813274 ], [ 92.9292428, 12.4793429 ], [ 92.9296822, 12.4771281 ], [ 92.9317566, 12.4787871 ], [ 92.9314185, 12.4778288 ], [ 92.9297098, 12.4767597 ], [ 92.9279227, 12.47751 ], [ 92.9261449, 12.4767392 ], [ 92.9291807, 12.4764275 ], [ 92.934305, 12.4700904 ], [ 92.9326193, 12.4675004 ], [ 92.9217825, 12.4657078 ], [ 92.9194386, 12.4709284 ], [ 92.9202711, 12.4728856 ], [ 92.9161703, 12.47376 ], [ 92.9173913, 12.476011 ], [ 92.9190496, 12.4757807 ], [ 92.9197051, 12.4761559 ], [ 92.9184078, 12.4781695 ], [ 92.9208847, 12.479876 ], [ 92.9203118, 12.4832841 ], [ 92.9196494, 12.4837858 ], [ 92.9182027, 12.4837292 ], [ 92.9178211, 12.4816747 ], [ 92.9169308, 12.4840545 ], [ 92.9161327, 12.4833335 ], [ 92.9141363, 12.4843684 ], [ 92.9138716, 12.4868545 ], [ 92.9128158, 12.4866193 ], [ 92.9124937, 12.4884138 ], [ 92.9112424, 12.4892566 ], [ 92.9110651, 12.4912748 ], [ 92.9127556, 12.491944 ], [ 92.9131534, 12.4928051 ], [ 92.9121665, 12.4943622 ], [ 92.9139719, 12.4967602 ], [ 92.9145745, 12.5000252 ], [ 92.914287, 12.5000253 ], [ 92.9118238, 12.4943757 ], [ 92.9129211, 12.4925474 ], [ 92.9109248, 12.4916861 ], [ 92.9108629, 12.4893267 ], [ 92.9138281, 12.4839978 ], [ 92.9157946, 12.4830307 ], [ 92.9169378, 12.4832861 ], [ 92.9177106, 12.4813765 ], [ 92.9187134, 12.4818556 ], [ 92.9182441, 12.483467 ], [ 92.9199254, 12.4832388 ], [ 92.9205283, 12.4799844 ], [ 92.9182491, 12.4786011 ], [ 92.9191324, 12.4761061 ], [ 92.9151625, 12.4781083 ], [ 92.9131111, 12.4769758 ], [ 92.9126395, 12.4783996 ], [ 92.9120277, 12.4787001 ], [ 92.9092196, 12.4774477 ], [ 92.9084791, 12.4766996 ], [ 92.9082952, 12.4758837 ], [ 92.9066483, 12.4774091 ], [ 92.9082792, 12.4751605 ], [ 92.9091414, 12.4770477 ], [ 92.9123658, 12.4783317 ], [ 92.9126075, 12.4770164 ], [ 92.9138817, 12.4758119 ], [ 92.9138565, 12.4747135 ], [ 92.9119524, 12.4728691 ], [ 92.9113407, 12.4711266 ], [ 92.9088133, 12.469811 ], [ 92.9074288, 12.469838 ], [ 92.9061063, 12.4708097 ], [ 92.9057038, 12.4706537 ], [ 92.9070103, 12.4686537 ], [ 92.9082476, 12.4685702 ], [ 92.9077878, 12.4672187 ], [ 92.9085167, 12.468455 ], [ 92.9071689, 12.4692414 ], [ 92.909179, 12.4695308 ], [ 92.9118054, 12.4710385 ], [ 92.9140842, 12.4744491 ], [ 92.9148705, 12.4776517 ], [ 92.9167312, 12.4764201 ], [ 92.9154689, 12.472996 ], [ 92.9194454, 12.4727523 ], [ 92.9188199, 12.4707452 ], [ 92.921564, 12.4648354 ], [ 92.9337554, 12.4658077 ], [ 92.9389301, 12.4691096 ], [ 92.9421567, 12.4671343 ], [ 92.9446453, 12.4725718 ], [ 92.9507333, 12.4761627 ], [ 92.9561344, 12.4750071 ], [ 92.957837, 12.4727054 ], [ 92.9560324, 12.4663399 ], [ 92.9487502, 12.4637553 ], [ 92.9515282, 12.4606159 ], [ 92.9510452, 12.4594882 ], [ 92.9477198, 12.4628942 ], [ 92.945174, 12.4621644 ], [ 92.9472391, 12.4620807 ], [ 92.9494674, 12.4579492 ], [ 92.9469539, 12.4614094 ], [ 92.945942, 12.4602636 ], [ 92.9432283, 12.4607925 ], [ 92.944316, 12.4594704 ], [ 92.946809, 12.4594522 ], [ 92.9453554, 12.4562566 ], [ 92.9490902, 12.4567107 ], [ 92.9446378, 12.4512687 ], [ 92.943198, 12.4547917 ], [ 92.9410802, 12.4530361 ], [ 92.9407351, 12.4502156 ], [ 92.9379433, 12.4480731 ], [ 92.9360507, 12.4473634 ], [ 92.9302317, 12.4487215 ], [ 92.9274316, 12.4452524 ], [ 92.9219655, 12.4424316 ], [ 92.9195346, 12.4442237 ], [ 92.917304, 12.4438439 ], [ 92.9181297, 12.4431388 ], [ 92.9170741, 12.4426122 ], [ 92.914496, 12.4456156 ], [ 92.9123573, 12.4459883 ], [ 92.9139464, 12.4461398 ], [ 92.9146566, 12.449539 ], [ 92.9145025, 12.450339 ], [ 92.9138954, 12.4505537 ], [ 92.9133965, 12.4490416 ], [ 92.9123868, 12.4505694 ], [ 92.9130814, 12.4489129 ], [ 92.9138587, 12.4489761 ], [ 92.9139598, 12.4503819 ], [ 92.9143991, 12.4495322 ], [ 92.9137486, 12.4463771 ], [ 92.9120214, 12.4470188 ], [ 92.9119111, 12.446047 ], [ 92.9148181, 12.44442 ], [ 92.910658, 12.4448445 ], [ 92.9083722, 12.4440714 ], [ 92.9074296, 12.4423153 ], [ 92.9085728, 12.4388371 ], [ 92.9092444, 12.4381004 ], [ 92.9079308, 12.4426859 ], [ 92.9109869, 12.4443858 ], [ 92.9135856, 12.4434526 ], [ 92.9131971, 12.4409688 ], [ 92.9191899, 12.4406754 ], [ 92.917822, 12.4370141 ], [ 92.9213035, 12.4370844 ], [ 92.9228834, 12.4346548 ], [ 92.9191585, 12.4300803 ], [ 92.9198164, 12.4255693 ], [ 92.9150575, 12.4118437 ], [ 92.9152879, 12.4069484 ], [ 92.9110368, 12.4055448 ], [ 92.9054444, 12.4077046 ], [ 92.9081338, 12.415823 ], [ 92.908032, 12.4209737 ], [ 92.8947438, 12.4307008 ], [ 92.8912804, 12.4362538 ], [ 92.8920826, 12.4380485 ], [ 92.8933866, 12.4368893 ], [ 92.8945431, 12.4382771 ], [ 92.894279, 12.436121 ], [ 92.8948516, 12.4358205 ], [ 92.8970221, 12.4378006 ], [ 92.8970404, 12.4384945 ], [ 92.8948033, 12.4359786 ], [ 92.8948328, 12.4381618 ], [ 92.8943798, 12.4384534 ], [ 92.8934464, 12.4371198 ], [ 92.8921722, 12.4382677 ], [ 92.8907008, 12.4368391 ], [ 92.8844518, 12.4417603 ], [ 92.8899216, 12.4478725 ], [ 92.8956638, 12.4478576 ], [ 92.8967786, 12.4515981 ], [ 92.8981355, 12.4508751 ], [ 92.8989634, 12.4510945 ], [ 92.8983652, 12.4524369 ], [ 92.8964474, 12.4520004 ], [ 92.8958628, 12.4549745 ], [ 92.8926893, 12.4540226 ], [ 92.890559, 12.4582145 ], [ 92.8855039, 12.4598295 ], [ 92.8852093, 12.4607855 ], [ 92.8874102, 12.4608605 ], [ 92.8889667, 12.4627818 ], [ 92.8888447, 12.4637536 ], [ 92.8878856, 12.4639433 ], [ 92.8888149, 12.4630078 ], [ 92.8874354, 12.4611973 ], [ 92.8853356, 12.4611471 ], [ 92.8849794, 12.4602837 ], [ 92.8869162, 12.4583676 ], [ 92.8906557, 12.4577106 ], [ 92.892756, 12.4535909 ], [ 92.8956927, 12.4543394 ], [ 92.8962844, 12.4501041 ], [ 92.895006, 12.4485061 ], [ 92.8905721, 12.4490411 ], [ 92.8861157, 12.4468819 ], [ 92.8857064, 12.4471666 ], [ 92.8860924, 12.4486629 ], [ 92.8857128, 12.4493747 ], [ 92.8855501, 12.4468547 ], [ 92.8865137, 12.4467215 ], [ 92.8881785, 12.4474225 ], [ 92.8882084, 12.4471151 ], [ 92.8860381, 12.4440071 ], [ 92.8844282, 12.4450126 ], [ 92.8851092, 12.4436069 ], [ 92.8836077, 12.4424608 ], [ 92.8770095, 12.4450878 ], [ 92.8833415, 12.4510285 ], [ 92.8862174, 12.4564848 ], [ 92.883793, 12.4585252 ], [ 92.8813304, 12.4567642 ], [ 92.87869, 12.4580608 ], [ 92.883136, 12.4665324 ], [ 92.8815609, 12.4652122 ], [ 92.8789157, 12.4669135 ], [ 92.8789524, 12.4675418 ], [ 92.8813463, 12.4681548 ], [ 92.8818453, 12.4687266 ], [ 92.8815829, 12.4697752 ], [ 92.8804096, 12.4713254 ], [ 92.87946, 12.4707783 ], [ 92.8796973, 12.4682764 ], [ 92.8784759, 12.469187 ], [ 92.8794743, 12.4679984 ], [ 92.8799113, 12.46822 ], [ 92.880228, 12.4710021 ], [ 92.8815901, 12.4686068 ], [ 92.8789937, 12.4677316 ], [ 92.8786098, 12.4672547 ], [ 92.878895, 12.4666038 ], [ 92.880519, 12.4658155 ], [ 92.8812299, 12.4644189 ], [ 92.8780369, 12.4580607 ], [ 92.8804957, 12.4559391 ], [ 92.8838392, 12.4577704 ], [ 92.8852746, 12.4559536 ], [ 92.8826076, 12.4524726 ], [ 92.8777944, 12.4519066 ], [ 92.8757773, 12.4532125 ], [ 92.8760687, 12.456033 ], [ 92.8757015, 12.4528711 ], [ 92.881019, 12.450332 ], [ 92.8755719, 12.446604 ], [ 92.8711726, 12.4481539 ], [ 92.868028, 12.4539922 ], [ 92.8713904, 12.4548752 ], [ 92.8719913, 12.4580639 ], [ 92.8690037, 12.4569414 ], [ 92.8718302, 12.4575871 ], [ 92.8711168, 12.4552527 ], [ 92.8674048, 12.4542794 ], [ 92.8704664, 12.4473992 ], [ 92.868776, 12.4461588 ], [ 92.8554467, 12.4570502 ], [ 92.8557123, 12.463941 ], [ 92.8588276, 12.4586271 ], [ 92.8620516, 12.4574423 ], [ 92.863864, 12.4582103 ], [ 92.8633975, 12.4599597 ], [ 92.8598516, 12.4617683 ], [ 92.8628168, 12.4656822 ], [ 92.861437, 12.4661594 ], [ 92.8595855, 12.4653845 ], [ 92.8593512, 12.4671089 ], [ 92.8587715, 12.4664446 ], [ 92.859544, 12.4651608 ], [ 92.8623337, 12.4653818 ], [ 92.8592238, 12.4617346 ], [ 92.8631856, 12.4584071 ], [ 92.8607548, 12.4584911 ], [ 92.8584277, 12.4603402 ], [ 92.8567221, 12.4647657 ], [ 92.8538837, 12.4625288 ], [ 92.8542796, 12.4644497 ], [ 92.852624, 12.4658919 ], [ 92.8537142, 12.4663957 ], [ 92.8536619, 12.4700502 ], [ 92.8552398, 12.4711868 ], [ 92.8534895, 12.4709181 ], [ 92.8520881, 12.4658355 ], [ 92.8537506, 12.4642893 ], [ 92.8533778, 12.4624317 ], [ 92.8548127, 12.4612562 ], [ 92.8536851, 12.4573081 ], [ 92.8431906, 12.4707659 ], [ 92.8432608, 12.4803416 ], [ 92.8374171, 12.4854069 ], [ 92.838347, 12.491588 ], [ 92.8376595, 12.4943906 ], [ 92.835424, 12.4964339 ], [ 92.8354888, 12.5006376 ], [ 92.8369173, 12.5009809 ], [ 92.8371424, 12.4989559 ], [ 92.8381728, 12.497376 ], [ 92.8421841, 12.4971134 ], [ 92.8450663, 12.4986635 ], [ 92.8459516, 12.5024865 ], [ 92.8511383, 12.5021286 ], [ 92.8529166, 12.5055745 ], [ 92.8511825, 12.5078574 ], [ 92.8529094, 12.5080962 ], [ 92.8545087, 12.5096945 ], [ 92.8554548, 12.5077835 ], [ 92.8565707, 12.507914 ], [ 92.8551465, 12.5097645 ], [ 92.8538122, 12.5098814 ], [ 92.8525772, 12.5084518 ], [ 92.8513146, 12.5088058 ], [ 92.8507281, 12.5068804 ], [ 92.8525105, 12.5057405 ], [ 92.8504556, 12.5024657 ], [ 92.8457363, 12.5028007 ], [ 92.8437047, 12.4983337 ], [ 92.838941, 12.4974731 ], [ 92.8371427, 12.5012612 ], [ 92.8350581, 12.5014163 ], [ 92.8347133, 12.4961582 ], [ 92.8375904, 12.4933352 ], [ 92.8225293, 12.5000236 ], [ 92.8233763, 12.4985568 ], [ 92.8368726, 12.4912492 ], [ 92.835591, 12.4865869 ], [ 92.8341422, 12.4887567 ], [ 92.8328658, 12.4892585 ], [ 92.8246151, 12.4828857 ], [ 92.8226051, 12.4853131 ], [ 92.8163031, 12.4865699 ], [ 92.8163377, 12.4878219 ], [ 92.815804, 12.4868095 ], [ 92.8168068, 12.4861675 ], [ 92.8222693, 12.4847481 ], [ 92.8244713, 12.4821749 ], [ 92.8339766, 12.4884674 ], [ 92.8348734, 12.4858004 ], [ 92.8423913, 12.4793134 ], [ 92.8405068, 12.4713944 ], [ 92.839074, 12.4716432 ], [ 92.8386625, 12.4736162 ], [ 92.8408431, 12.4763891 ], [ 92.8376255, 12.4760798 ], [ 92.8365472, 12.4793772 ], [ 92.8334171, 12.4815156 ], [ 92.8317657, 12.4810501 ], [ 92.8315701, 12.4801348 ], [ 92.8335661, 12.4753931 ], [ 92.8294538, 12.4747108 ], [ 92.8287291, 12.4716847 ], [ 92.82556, 12.473294 ], [ 92.8251666, 12.4729369 ], [ 92.8255989, 12.4719922 ], [ 92.8254403, 12.4730455 ], [ 92.8278873, 12.4714882 ], [ 92.8290832, 12.4716169 ], [ 92.8295388, 12.474295 ], [ 92.830629, 12.4745413 ], [ 92.8299389, 12.4720711 ], [ 92.8303091, 12.4705613 ], [ 92.8315485, 12.4692979 ], [ 92.8332551, 12.4694808 ], [ 92.8333333, 12.4699396 ], [ 92.8314545, 12.4723196 ], [ 92.832609, 12.4717952 ], [ 92.8323469, 12.4726902 ], [ 92.8312683, 12.472297 ], [ 92.8327813, 12.4695125 ], [ 92.8301895, 12.4716936 ], [ 92.8343089, 12.4755467 ], [ 92.8320807, 12.4806093 ], [ 92.834797, 12.4801594 ], [ 92.8372345, 12.4758132 ], [ 92.8402083, 12.4757405 ], [ 92.8382348, 12.4743983 ], [ 92.8385472, 12.4709472 ], [ 92.8431443, 12.4678843 ], [ 92.8419367, 12.4660221 ], [ 92.8396736, 12.4656608 ], [ 92.8406279, 12.4647024 ], [ 92.8393906, 12.4644562 ], [ 92.8408326, 12.4646255 ], [ 92.8401865, 12.4656314 ], [ 92.8442916, 12.4652783 ], [ 92.8486602, 12.4580569 ], [ 92.8603622, 12.4497087 ], [ 92.8627392, 12.4452876 ], [ 92.863627, 12.4462457 ], [ 92.8721505, 12.4401011 ], [ 92.8750461, 12.4426737 ], [ 92.8769852, 12.4407486 ], [ 92.8761852, 12.4395031 ], [ 92.876289, 12.4381381 ], [ 92.8774037, 12.4406289 ], [ 92.8833789, 12.4365281 ], [ 92.8804497, 12.4345952 ], [ 92.878068, 12.4319549 ], [ 92.876081, 12.4323659 ], [ 92.8747222, 12.43157 ], [ 92.8740366, 12.4330908 ], [ 92.8725831, 12.4338612 ], [ 92.8747912, 12.4312898 ], [ 92.8780335, 12.4317199 ], [ 92.8845288, 12.4361057 ], [ 92.888747, 12.4322938 ], [ 92.8886759, 12.4305287 ], [ 92.889269, 12.4316701 ], [ 92.8909205, 12.4297041 ], [ 92.8934896, 12.4257902 ], [ 92.891779, 12.4247141 ], [ 92.8936345, 12.4255823 ], [ 92.8950124, 12.4225902 ], [ 92.8940927, 12.4218103 ], [ 92.8951274, 12.4223213 ], [ 92.8953623, 12.4200183 ], [ 92.8992649, 12.4168028 ], [ 92.8950136, 12.4154304 ], [ 92.8923364, 12.4188946 ], [ 92.8860033, 12.4217049 ], [ 92.8852944, 12.4252238 ], [ 92.8870397, 12.4251879 ], [ 92.8884284, 12.4262685 ], [ 92.8852001, 12.4254881 ], [ 92.88402, 12.4276191 ], [ 92.8844632, 12.4307901 ], [ 92.8835664, 12.4307582 ], [ 92.883935, 12.4271739 ], [ 92.8833783, 12.4284756 ], [ 92.8823392, 12.4271261 ], [ 92.8841743, 12.426801 ], [ 92.8847611, 12.424523 ], [ 92.8817702, 12.4209177 ], [ 92.8775742, 12.4190816 ], [ 92.8740344, 12.4134217 ], [ 92.8735068, 12.4177088 ], [ 92.8710492, 12.4210017 ], [ 92.8676142, 12.4225144 ], [ 92.8646187, 12.4262261 ], [ 92.859431, 12.425671 ], [ 92.8583619, 12.4265526 ], [ 92.8577995, 12.4323995 ], [ 92.8566317, 12.4344021 ], [ 92.8585774, 12.4355883 ], [ 92.8595503, 12.4368266 ], [ 92.8562683, 12.4341783 ], [ 92.8574086, 12.4321532 ], [ 92.8570859, 12.4277213 ], [ 92.859364, 12.4242382 ], [ 92.8562711, 12.4229233 ], [ 92.8528864, 12.4238799 ], [ 92.8507992, 12.4290332 ], [ 92.8492952, 12.4278174 ], [ 92.8509004, 12.4286873 ], [ 92.8512699, 12.4243796 ], [ 92.8456637, 12.423474 ], [ 92.8370553, 12.4307592 ], [ 92.8416965, 12.4374529 ], [ 92.8365752, 12.4373314 ], [ 92.8364443, 12.4386874 ], [ 92.8376332, 12.4384862 ], [ 92.8382587, 12.4392094 ], [ 92.8378174, 12.4400095 ], [ 92.8360628, 12.441099 ], [ 92.8379897, 12.4392117 ], [ 92.8354625, 12.4394537 ], [ 92.8346049, 12.4417229 ], [ 92.836001, 12.4436053 ], [ 92.8343037, 12.441689 ], [ 92.8351705, 12.4394199 ], [ 92.8334549, 12.438577 ], [ 92.833731, 12.4409816 ], [ 92.8288605, 12.44199 ], [ 92.8310772, 12.4405683 ], [ 92.8333401, 12.4409342 ], [ 92.8324246, 12.438351 ], [ 92.8351772, 12.4387441 ], [ 92.8365383, 12.4363008 ], [ 92.8409077, 12.4371954 ], [ 92.8355077, 12.4307051 ], [ 92.8214968, 12.4340757 ], [ 92.8201493, 12.4370613 ], [ 92.8186454, 12.437771 ], [ 92.8163344, 12.4365709 ], [ 92.8107601, 12.4428584 ], [ 92.8167967, 12.4446596 ], [ 92.8162586, 12.445645 ], [ 92.8128391, 12.4463524 ], [ 92.8121078, 12.4483232 ], [ 92.8130667, 12.449851 ], [ 92.8146098, 12.447435 ], [ 92.816123, 12.4467954 ], [ 92.8164978, 12.4484068 ], [ 92.8182111, 12.4490509 ], [ 92.8182389, 12.4512972 ], [ 92.8176642, 12.4519875 ], [ 92.817091, 12.4519029 ], [ 92.8159985, 12.4507202 ], [ 92.8160333, 12.4543324 ], [ 92.8152518, 12.4547177 ], [ 92.8156316, 12.4506791 ], [ 92.8164489, 12.4507098 ], [ 92.8171834, 12.4517439 ], [ 92.8177506, 12.4515701 ], [ 92.8177952, 12.4491885 ], [ 92.8165053, 12.4488545 ], [ 92.8160925, 12.4471265 ], [ 92.813663, 12.4501538 ], [ 92.8117199, 12.4498871 ], [ 92.8114928, 12.448774 ], [ 92.812568, 12.4458233 ], [ 92.8163309, 12.444805 ], [ 92.8102193, 12.4426807 ], [ 92.81599, 12.4355103 ], [ 92.8195737, 12.4367473 ], [ 92.8194879, 12.434957 ], [ 92.8092264, 12.4362319 ], [ 92.8041584, 12.4410831 ], [ 92.7958481, 12.4378843 ], [ 92.7951024, 12.4448866 ], [ 92.7990292, 12.4551075 ], [ 92.7971086, 12.4608208 ], [ 92.799537, 12.4646563 ], [ 92.7857578, 12.4747148 ], [ 92.7868983, 12.4775083 ], [ 92.7886555, 12.4768394 ], [ 92.7895409, 12.4771084 ], [ 92.7891889, 12.4787402 ], [ 92.7907275, 12.4807766 ], [ 92.7906422, 12.4826502 ], [ 92.7900004, 12.4835835 ], [ 92.7866102, 12.4838951 ], [ 92.7897957, 12.4834185 ], [ 92.7904882, 12.4812851 ], [ 92.7882412, 12.4800306 ], [ 92.7890787, 12.477226 ], [ 92.7868523, 12.4779603 ], [ 92.7854235, 12.4746807 ], [ 92.790968, 12.4690957 ], [ 92.7867343, 12.4670166 ], [ 92.7821084, 12.4696926 ], [ 92.7781825, 12.4698842 ], [ 92.7748271, 12.4690205 ], [ 92.7718692, 12.471036 ], [ 92.7737256, 12.4688328 ], [ 92.7789, 12.4696741 ], [ 92.7817589, 12.4684044 ], [ 92.7804689, 12.4677149 ], [ 92.7790502, 12.4651473 ], [ 92.7796668, 12.4626998 ], [ 92.7786317, 12.4641754 ], [ 92.7773187, 12.4629074 ], [ 92.7784183, 12.460148 ], [ 92.7775211, 12.4629345 ], [ 92.7786846, 12.4638794 ], [ 92.779722, 12.4623833 ], [ 92.7804508, 12.4641847 ], [ 92.7791859, 12.4651947 ], [ 92.7821224, 12.4679003 ], [ 92.7815863, 12.4693581 ], [ 92.7864807, 12.4666036 ], [ 92.7918691, 12.4686832 ], [ 92.7982009, 12.4640663 ], [ 92.795692, 12.4603032 ], [ 92.7974218, 12.45393 ], [ 92.795412, 12.449559 ], [ 92.7934483, 12.447448 ], [ 92.7891382, 12.452587 ], [ 92.7895821, 12.4532424 ], [ 92.7922015, 12.4527816 ], [ 92.7949611, 12.4539095 ], [ 92.794577, 12.4546621 ], [ 92.7926865, 12.4549536 ], [ 92.794011, 12.4582329 ], [ 92.7914144, 12.4602985 ], [ 92.7910603, 12.4587774 ], [ 92.7917481, 12.456879 ], [ 92.791056, 12.4556654 ], [ 92.7919436, 12.4569198 ], [ 92.7915754, 12.4600928 ], [ 92.7937005, 12.4581765 ], [ 92.7923784, 12.4547004 ], [ 92.7944827, 12.4540654 ], [ 92.789037, 12.453378 ], [ 92.7887887, 12.4522027 ], [ 92.7900217, 12.4478003 ], [ 92.7873128, 12.4467243 ], [ 92.7898217, 12.4469573 ], [ 92.7905069, 12.4483608 ], [ 92.7901826, 12.4498705 ], [ 92.7935725, 12.4462569 ], [ 92.7926488, 12.4362561 ], [ 92.791584, 12.4371443 ], [ 92.7872425, 12.4370875 ], [ 92.7892109, 12.4366921 ], [ 92.7887878, 12.4355937 ], [ 92.7903882, 12.4369408 ], [ 92.7924005, 12.4358358 ], [ 92.7929132, 12.4364528 ], [ 92.7930672, 12.4376077 ], [ 92.7947075, 12.4361501 ], [ 92.805002, 12.4387564 ], [ 92.8109442, 12.4331899 ], [ 92.8217382, 12.4317117 ], [ 92.8239894, 12.4306923 ], [ 92.8230603, 12.4295578 ], [ 92.8238352, 12.4287803 ], [ 92.8242929, 12.4305974 ], [ 92.8296345, 12.4282647 ], [ 92.827974, 12.4247956 ], [ 92.8285555, 12.4208698 ], [ 92.827277, 12.4201015 ], [ 92.8264701, 12.4221967 ], [ 92.8267044, 12.4191524 ], [ 92.8247984, 12.4213221 ], [ 92.8216251, 12.4226783 ], [ 92.8209125, 12.4259531 ], [ 92.8190728, 12.4248096 ], [ 92.8161502, 12.4252594 ], [ 92.8149705, 12.4248955 ], [ 92.8156029, 12.4236299 ], [ 92.8172723, 12.4220818 ], [ 92.8153293, 12.4249091 ], [ 92.819151, 12.4244389 ], [ 92.8206939, 12.4255531 ], [ 92.8211078, 12.4225765 ], [ 92.8247178, 12.4207548 ], [ 92.8252305, 12.4187072 ], [ 92.8294868, 12.4197126 ], [ 92.8302156, 12.418743 ], [ 92.8292108, 12.4180764 ], [ 92.8282081, 12.415925 ], [ 92.8260604, 12.4160787 ], [ 92.8275963, 12.415247 ], [ 92.8282885, 12.4157283 ], [ 92.8297027, 12.4181125 ], [ 92.8314181, 12.4181825 ], [ 92.8339423, 12.4104846 ], [ 92.8303322, 12.4098114 ], [ 92.8295552, 12.4112872 ], [ 92.8306336, 12.4124171 ], [ 92.825361, 12.4095065 ], [ 92.8245197, 12.4130526 ], [ 92.8226365, 12.4140268 ], [ 92.823094, 12.4109463 ], [ 92.8178561, 12.4108154 ], [ 92.8181252, 12.4150643 ], [ 92.8157546, 12.4169944 ], [ 92.8151176, 12.4163729 ], [ 92.8154234, 12.4138665 ], [ 92.8129285, 12.4121918 ], [ 92.814322, 12.4147412 ], [ 92.814322, 12.4154259 ], [ 92.8137288, 12.4159729 ], [ 92.814023, 12.4146372 ], [ 92.8122135, 12.41301 ], [ 92.8128734, 12.4119862 ], [ 92.8110868, 12.4106708 ], [ 92.8071549, 12.410334 ], [ 92.8050486, 12.4117013 ], [ 92.8041611, 12.4117375 ], [ 92.8033129, 12.4045641 ], [ 92.8013378, 12.4059064 ], [ 92.799657, 12.4043153 ], [ 92.7991306, 12.4007986 ], [ 92.800471, 12.4045526 ], [ 92.8036026, 12.4044759 ], [ 92.8050326, 12.4095317 ], [ 92.8042002, 12.4112741 ], [ 92.807148, 12.4099882 ], [ 92.8103947, 12.4098572 ], [ 92.8155107, 12.4132246 ], [ 92.8157131, 12.4163819 ], [ 92.8176147, 12.4140518 ], [ 92.816635, 12.4098232 ], [ 92.8233031, 12.4102253 ], [ 92.823048, 12.4132041 ], [ 92.8243702, 12.4117937 ], [ 92.8238825, 12.4083381 ], [ 92.8285733, 12.4101663 ], [ 92.8299873, 12.4091243 ], [ 92.8384005, 12.4086331 ], [ 92.8400855, 12.4051774 ], [ 92.8385703, 12.404956 ], [ 92.8374872, 12.4039685 ], [ 92.8369494, 12.4063393 ], [ 92.836894, 12.4044183 ], [ 92.837701, 12.4036747 ], [ 92.8396095, 12.4048972 ], [ 92.8399773, 12.4039366 ], [ 92.8388526, 12.3998935 ], [ 92.8376823, 12.3999863 ], [ 92.8373211, 12.398619 ], [ 92.8341206, 12.3981424 ], [ 92.8327091, 12.4018219 ], [ 92.8304557, 12.4008524 ], [ 92.8291036, 12.3985225 ], [ 92.8277656, 12.4009295 ], [ 92.8259194, 12.4022133 ], [ 92.8256573, 12.4015783 ], [ 92.8268551, 12.3998515 ], [ 92.8262894, 12.399221 ], [ 92.8246409, 12.3992798 ], [ 92.8245788, 12.399725 ], [ 92.8260066, 12.3995984 ], [ 92.8261722, 12.4000323 ], [ 92.8226337, 12.4025072 ], [ 92.8216496, 12.4022881 ], [ 92.8258894, 12.4000527 ], [ 92.8242937, 12.3997974 ], [ 92.8245695, 12.3990855 ], [ 92.8254202, 12.3988888 ], [ 92.8263883, 12.3989339 ], [ 92.8270183, 12.3995758 ], [ 92.8263585, 12.4017319 ], [ 92.8290552, 12.3968342 ], [ 92.8269998, 12.3983689 ], [ 92.8251511, 12.3971328 ], [ 92.8273447, 12.3979688 ], [ 92.8286873, 12.3960048 ], [ 92.8279906, 12.3950376 ], [ 92.8266386, 12.3956117 ], [ 92.8250222, 12.3936681 ], [ 92.825043, 12.394719 ], [ 92.8235417, 12.3963328 ], [ 92.8218908, 12.3961543 ], [ 92.8214009, 12.3930467 ], [ 92.821771, 12.3909855 ], [ 92.8198972, 12.3902126 ], [ 92.8195914, 12.3896952 ], [ 92.819665, 12.3890804 ], [ 92.8220423, 12.3909268 ], [ 92.8219713, 12.3958922 ], [ 92.8238176, 12.39577 ], [ 92.8247624, 12.3934376 ], [ 92.8269973, 12.3953088 ], [ 92.8276617, 12.3942511 ], [ 92.8298691, 12.3970443 ], [ 92.8304856, 12.3995236 ], [ 92.8324055, 12.4006308 ], [ 92.8321363, 12.3984024 ], [ 92.8376359, 12.3972245 ], [ 92.8385921, 12.3942502 ], [ 92.8342812, 12.3949512 ], [ 92.8339569, 12.3937625 ], [ 92.8314277, 12.3936586 ], [ 92.8311403, 12.3925512 ], [ 92.8313771, 12.3914845 ], [ 92.8311632, 12.3911681 ], [ 92.8307035, 12.3928519 ], [ 92.8297148, 12.3920315 ], [ 92.8311448, 12.3909511 ], [ 92.8316139, 12.3916088 ], [ 92.8317911, 12.393462 ], [ 92.8342972, 12.3936539 ], [ 92.8343361, 12.3917419 ], [ 92.8353891, 12.3925554 ], [ 92.8354259, 12.3916356 ], [ 92.8356651, 12.3925939 ], [ 92.8347178, 12.3925306 ], [ 92.8345088, 12.3946189 ], [ 92.8367688, 12.3928468 ], [ 92.8392473, 12.3930998 ], [ 92.8407784, 12.3916554 ], [ 92.8389849, 12.3901527 ], [ 92.8390077, 12.3888667 ], [ 92.8414285, 12.3868912 ], [ 92.8389911, 12.383838 ], [ 92.8390191, 12.3875333 ], [ 92.8375363, 12.3893821 ], [ 92.835683, 12.3867764 ], [ 92.8353424, 12.384139 ], [ 92.8323997, 12.3857258 ], [ 92.8327283, 12.383434 ], [ 92.8302774, 12.3833936 ], [ 92.8281346, 12.38138 ], [ 92.8300494, 12.3784576 ], [ 92.8287667, 12.3789255 ], [ 92.8275964, 12.3788081 ], [ 92.8257018, 12.3773776 ], [ 92.8255571, 12.3768148 ], [ 92.8249776, 12.3765527 ], [ 92.821074, 12.3800627 ], [ 92.8204049, 12.3792084 ], [ 92.8248603, 12.3762853 ], [ 92.8230763, 12.3742174 ], [ 92.8275412, 12.3786092 ], [ 92.830192, 12.3783153 ], [ 92.8283874, 12.3810433 ], [ 92.829951, 12.3829619 ], [ 92.8356574, 12.3837955 ], [ 92.8359772, 12.3869346 ], [ 92.8375547, 12.3888532 ], [ 92.8386972, 12.3873909 ], [ 92.8387106, 12.3835284 ], [ 92.8414168, 12.3853701 ], [ 92.8421183, 12.3869385 ], [ 92.8394951, 12.3891763 ], [ 92.840077, 12.3905842 ], [ 92.8426797, 12.3908551 ], [ 92.8448636, 12.3877179 ], [ 92.8423258, 12.3917954 ], [ 92.8466018, 12.3889562 ], [ 92.8457713, 12.3843074 ], [ 92.8460148, 12.3837356 ], [ 92.8443962, 12.3833471 ], [ 92.8439823, 12.3825335 ], [ 92.8461134, 12.3811342 ], [ 92.8451133, 12.3811728 ], [ 92.8443153, 12.3795683 ], [ 92.8462467, 12.3810755 ], [ 92.8442306, 12.3826554 ], [ 92.846323, 12.3836225 ], [ 92.846291, 12.3851549 ], [ 92.8506245, 12.3853974 ], [ 92.851721, 12.3795747 ], [ 92.8560831, 12.3729913 ], [ 92.8610575, 12.3694377 ], [ 92.858503, 12.3676097 ], [ 92.8544914, 12.3675742 ], [ 92.8534335, 12.3656918 ], [ 92.852328, 12.3672808 ], [ 92.8508199, 12.3676177 ], [ 92.8497552, 12.3657352 ], [ 92.8477828, 12.3662327 ], [ 92.8462631, 12.3654532 ], [ 92.8466583, 12.3638847 ], [ 92.8453937, 12.3631119 ], [ 92.8446329, 12.363677 ], [ 92.8457686, 12.3637085 ], [ 92.8459204, 12.3645288 ], [ 92.8435801, 12.3648569 ], [ 92.8457709, 12.3642916 ], [ 92.8444881, 12.3638623 ], [ 92.8446098, 12.3631662 ], [ 92.8453294, 12.3628994 ], [ 92.8467939, 12.3637264 ], [ 92.8460304, 12.3621671 ], [ 92.8480993, 12.3607814 ], [ 92.8465251, 12.3652497 ], [ 92.8510679, 12.3652694 ], [ 92.8514291, 12.3672515 ], [ 92.8534978, 12.3652646 ], [ 92.8555166, 12.3670813 ], [ 92.8602721, 12.3610507 ], [ 92.8694312, 12.3620049 ], [ 92.8701018, 12.3594328 ], [ 92.8680416, 12.3575168 ], [ 92.8697977, 12.3573941 ], [ 92.8722912, 12.3537165 ], [ 92.8763038, 12.355355 ], [ 92.8779876, 12.35928 ], [ 92.8812217, 12.3565274 ], [ 92.8833306, 12.3570255 ], [ 92.8852666, 12.3553105 ], [ 92.8859261, 12.3511743 ], [ 92.8899319, 12.3500002 ], [ 92.8891882, 12.3476931 ], [ 92.8919336, 12.342114 ], [ 92.8955829, 12.3387706 ], [ 92.8948903, 12.3366485 ], [ 92.8989665, 12.3337591 ], [ 92.8943965, 12.33395 ], [ 92.8911774, 12.3389674 ], [ 92.8855394, 12.3436599 ], [ 92.8835878, 12.3424256 ], [ 92.8796161, 12.3443797 ], [ 92.8783863, 12.343941 ], [ 92.8799568, 12.3420474 ], [ 92.8791023, 12.3392945 ], [ 92.8799216, 12.3347271 ], [ 92.8772091, 12.3350746 ], [ 92.8776852, 12.3335989 ], [ 92.8753679, 12.335004 ], [ 92.8749651, 12.3367849 ], [ 92.8736455, 12.3372412 ], [ 92.8730572, 12.3369246 ], [ 92.8732553, 12.3351708 ], [ 92.8738157, 12.337031 ], [ 92.8749472, 12.3349543 ], [ 92.8773635, 12.3332847 ], [ 92.8818366, 12.334063 ], [ 92.8830205, 12.3332021 ], [ 92.8714423, 12.3299681 ], [ 92.8695691, 12.3310963 ], [ 92.8702063, 12.3331143 ], [ 92.8693922, 12.3312613 ], [ 92.8659836, 12.3331627 ], [ 92.8681864, 12.336132 ], [ 92.8658389, 12.3334204 ], [ 92.865085, 12.3339426 ], [ 92.8639522, 12.3359588 ], [ 92.8645017, 12.3365803 ], [ 92.8649179, 12.3372695 ], [ 92.8644585, 12.3388855 ], [ 92.8650723, 12.3391317 ], [ 92.8641803, 12.3389602 ], [ 92.8642097, 12.3362639 ], [ 92.8599686, 12.3362805 ], [ 92.8608426, 12.3387235 ], [ 92.8598731, 12.3421092 ], [ 92.8570623, 12.345206 ], [ 92.8559888, 12.3451248 ], [ 92.8550252, 12.3428445 ], [ 92.8478945, 12.3434784 ], [ 92.8533286, 12.342551 ], [ 92.854363, 12.3420174 ], [ 92.8537858, 12.3407316 ], [ 92.8546458, 12.3420287 ], [ 92.8531931, 12.3428493 ], [ 92.8553746, 12.3427224 ], [ 92.8566323, 12.344962 ], [ 92.8596294, 12.3419172 ], [ 92.8604817, 12.3388026 ], [ 92.8594466, 12.3353449 ], [ 92.8577502, 12.3355441 ], [ 92.8589898, 12.3386311 ], [ 92.8569994, 12.340392 ], [ 92.8547223, 12.3323376 ], [ 92.8556806, 12.3304525 ], [ 92.8580641, 12.3294736 ], [ 92.8542088, 12.3268412 ], [ 92.852655, 12.3270131 ], [ 92.8515217, 12.3263217 ], [ 92.8511702, 12.3280101 ], [ 92.8483821, 12.3283314 ], [ 92.8475798, 12.3277755 ], [ 92.8474232, 12.3261257 ], [ 92.8468854, 12.3267993 ], [ 92.8456443, 12.3270617 ], [ 92.845941, 12.3286956 ], [ 92.8454698, 12.3292561 ], [ 92.8425457, 12.3267998 ], [ 92.8418838, 12.3279096 ], [ 92.8429159, 12.3278959 ], [ 92.8430977, 12.3300429 ], [ 92.8418564, 12.3297176 ], [ 92.8410935, 12.3315777 ], [ 92.8393074, 12.3313068 ], [ 92.8394041, 12.3327735 ], [ 92.8371606, 12.3326358 ], [ 92.8357126, 12.3343401 ], [ 92.8318647, 12.3355427 ], [ 92.8368686, 12.3324279 ], [ 92.8391796, 12.3325151 ], [ 92.8390508, 12.3313764 ], [ 92.8393626, 12.3309226 ], [ 92.8411608, 12.3312241 ], [ 92.8418122, 12.3293623 ], [ 92.8429283, 12.3294039 ], [ 92.8415746, 12.3279784 ], [ 92.8428169, 12.3264585 ], [ 92.8455262, 12.3288605 ], [ 92.8454291, 12.3266731 ], [ 92.8474421, 12.3257967 ], [ 92.8483737, 12.3280835 ], [ 92.8496041, 12.3264224 ], [ 92.8508202, 12.3275006 ], [ 92.8513645, 12.3259555 ], [ 92.8542101, 12.3265605 ], [ 92.8567606, 12.3282126 ], [ 92.8578496, 12.3254596 ], [ 92.8605524, 12.323493 ], [ 92.8591891, 12.3224377 ], [ 92.8601195, 12.319156 ], [ 92.8548927, 12.3194891 ], [ 92.8567865, 12.318526 ], [ 92.8560348, 12.3182821 ], [ 92.8554878, 12.3184267 ], [ 92.8547016, 12.3183071 ], [ 92.8537683, 12.3177558 ], [ 92.8555267, 12.3180222 ], [ 92.8555928, 12.3142705 ], [ 92.8522162, 12.3135138 ], [ 92.8474553, 12.3082802 ], [ 92.8373167, 12.3066293 ], [ 92.8362641, 12.3082476 ], [ 92.8353561, 12.3070656 ], [ 92.8352919, 12.3082431 ], [ 92.8345173, 12.3086206 ], [ 92.8337956, 12.3085529 ], [ 92.8351424, 12.3080782 ], [ 92.8350412, 12.306817 ], [ 92.8363284, 12.3071266 ], [ 92.8362824, 12.3079854 ], [ 92.8370109, 12.3064553 ], [ 92.8314507, 12.3026769 ], [ 92.826036, 12.3070686 ], [ 92.8098089, 12.3156482 ], [ 92.8018309, 12.3132388 ], [ 92.7978616, 12.3084156 ], [ 92.7943796, 12.3062774 ], [ 92.7909132, 12.3114098 ], [ 92.7924161, 12.3138779 ], [ 92.7906488, 12.3116606 ], [ 92.7840566, 12.3137981 ], [ 92.7786689, 12.3130742 ], [ 92.7748048, 12.3156434 ], [ 92.7760942, 12.3159126 ], [ 92.7776501, 12.3177254 ], [ 92.7792983, 12.3165571 ], [ 92.7798453, 12.3173256 ], [ 92.7795003, 12.3184239 ], [ 92.7814909, 12.3184965 ], [ 92.7822792, 12.3189666 ], [ 92.7790429, 12.3184984 ], [ 92.7792776, 12.3168305 ], [ 92.7775673, 12.3179897 ], [ 92.7756138, 12.3160775 ], [ 92.7722694, 12.3167686 ], [ 92.7751471, 12.3171261 ], [ 92.7766294, 12.3188213 ], [ 92.7752134, 12.3195851 ], [ 92.7769142, 12.321034 ], [ 92.7767553, 12.3229935 ], [ 92.7784265, 12.3221393 ], [ 92.7800146, 12.3231634 ], [ 92.776422, 12.3230996 ], [ 92.775018, 12.3197975 ], [ 92.7759284, 12.3187648 ], [ 92.7750643, 12.3174402 ], [ 92.7694898, 12.3206849 ], [ 92.7699007, 12.3245633 ], [ 92.7692062, 12.3264751 ], [ 92.7713922, 12.3264122 ], [ 92.7719804, 12.3273502 ], [ 92.7715966, 12.327757 ], [ 92.7705139, 12.3278788 ], [ 92.7707826, 12.3293027 ], [ 92.7699044, 12.3300845 ], [ 92.7720442, 12.3319224 ], [ 92.7721314, 12.3327066 ], [ 92.7704348, 12.3337595 ], [ 92.7719315, 12.3322884 ], [ 92.7692975, 12.330254 ], [ 92.770307, 12.3278856 ], [ 92.7717529, 12.3272123 ], [ 92.7691303, 12.3267464 ], [ 92.7690323, 12.3220137 ], [ 92.7692738, 12.3203752 ], [ 92.7707821, 12.3178035 ], [ 92.7682864, 12.314569 ], [ 92.7651877, 12.303501 ], [ 92.7635813, 12.3017107 ], [ 92.7624454, 12.3049921 ], [ 92.7648227, 12.3135875 ], [ 92.7650212, 12.3221419 ], [ 92.764161, 12.3125862 ], [ 92.7631955, 12.3127104 ], [ 92.7633102, 12.3143828 ], [ 92.759965, 12.3067206 ], [ 92.7568306, 12.3038497 ], [ 92.7573419, 12.2985635 ], [ 92.7528124, 12.2960945 ], [ 92.7501434, 12.2986547 ], [ 92.7497196, 12.3026413 ], [ 92.7485724, 12.3034818 ], [ 92.7446074, 12.2993438 ], [ 92.7421668, 12.3009264 ], [ 92.7432772, 12.3023636 ], [ 92.7430892, 12.3043841 ], [ 92.7424428, 12.3016722 ], [ 92.7353406, 12.3006724 ], [ 92.734125, 12.3024264 ], [ 92.7360782, 12.3121353 ], [ 92.7395633, 12.3149981 ], [ 92.7394123, 12.3185148 ], [ 92.7436042, 12.3265282 ], [ 92.7437977, 12.3284401 ], [ 92.7418628, 12.3308498 ], [ 92.7450379, 12.3336335 ], [ 92.7444501, 12.336965 ], [ 92.7465657, 12.3403591 ], [ 92.7476614, 12.344956 ], [ 92.7474823, 12.3496216 ], [ 92.7437228, 12.3534387 ], [ 92.746449, 12.3523894 ], [ 92.747231, 12.3543758 ], [ 92.7493854, 12.3552035 ], [ 92.7498715, 12.355902 ], [ 92.7496558, 12.3588513 ], [ 92.7485382, 12.3601596 ], [ 92.7478738, 12.3602748 ], [ 92.7447445, 12.3585982 ], [ 92.7429332, 12.3593128 ], [ 92.7442005, 12.3622324 ], [ 92.7466877, 12.3611742 ], [ 92.7478957, 12.3650322 ], [ 92.7500014, 12.3657082 ], [ 92.7491784, 12.3656178 ], [ 92.7476543, 12.3649892 ], [ 92.746642, 12.3619788 ], [ 92.7445731, 12.3625894 ], [ 92.743566, 12.3621332 ], [ 92.7426114, 12.3594574 ], [ 92.744418, 12.3581327 ], [ 92.748313, 12.3599133 ], [ 92.7497001, 12.3564104 ], [ 92.747232, 12.3547588 ], [ 92.7462191, 12.3527624 ], [ 92.7432308, 12.3536625 ], [ 92.747108, 12.3492817 ], [ 92.7471166, 12.3467188 ], [ 92.7463083, 12.3406981 ], [ 92.7439675, 12.3371187 ], [ 92.7445138, 12.3336923 ], [ 92.7415411, 12.3312567 ], [ 92.7419821, 12.3294033 ], [ 92.7408861, 12.3316229 ], [ 92.741783, 12.3337246 ], [ 92.7402247, 12.3347148 ], [ 92.7395512, 12.3347172 ], [ 92.7380591, 12.3336869 ], [ 92.7384044, 12.3359808 ], [ 92.7377466, 12.3342293 ], [ 92.7381188, 12.3334654 ], [ 92.7400131, 12.3345341 ], [ 92.7415531, 12.3335754 ], [ 92.7406976, 12.3317721 ], [ 92.7411867, 12.3294712 ], [ 92.7433425, 12.3277893 ], [ 92.7389804, 12.3195726 ], [ 92.7387588, 12.3149666 ], [ 92.7355957, 12.312949 ], [ 92.7339648, 12.3059431 ], [ 92.7315622, 12.3020381 ], [ 92.7296525, 12.303078 ], [ 92.7260644, 12.3018739 ], [ 92.7235295, 12.302575 ], [ 92.7194771, 12.3003425 ], [ 92.7178592, 12.3016151 ], [ 92.7190063, 12.3037101 ], [ 92.7149424, 12.3120916 ], [ 92.7124912, 12.3127668 ], [ 92.71042, 12.3102222 ], [ 92.7074027, 12.3172897 ], [ 92.7066746, 12.323645 ], [ 92.7085369, 12.3293267 ], [ 92.7038501, 12.3318764 ], [ 92.7017283, 12.3274965 ], [ 92.6996917, 12.327031 ], [ 92.6992642, 12.3279486 ], [ 92.7002689, 12.3330925 ], [ 92.6991014, 12.3386071 ], [ 92.7004128, 12.3587984 ], [ 92.6981672, 12.3673347 ], [ 92.7001123, 12.3699225 ], [ 92.7035929, 12.3692262 ], [ 92.7045378, 12.3706906 ], [ 92.7005333, 12.3759704 ], [ 92.7027726, 12.3770965 ], [ 92.7024646, 12.3789 ], [ 92.6986481, 12.3772323 ], [ 92.6976733, 12.378507 ], [ 92.6951291, 12.4004093 ], [ 92.698684, 12.4085521 ], [ 92.695516, 12.4201237 ], [ 92.6962335, 12.4236086 ], [ 92.6948793, 12.4290034 ], [ 92.6980343, 12.429774 ], [ 92.7004077, 12.4365179 ], [ 92.7000496, 12.447678 ], [ 92.7033843, 12.4495853 ], [ 92.7045021, 12.4522204 ], [ 92.7026604, 12.4583407 ], [ 92.7007722, 12.4564379 ], [ 92.6993694, 12.4566187 ], [ 92.6989854, 12.4582686 ], [ 92.7012301, 12.4612518 ], [ 92.7001908, 12.4649537 ], [ 92.6987787, 12.4663957 ], [ 92.6959407, 12.4647008 ], [ 92.6948945, 12.4703668 ], [ 92.6995356, 12.4698445 ], [ 92.702007, 12.4910436 ], [ 92.7058617, 12.4905393 ], [ 92.7069384, 12.4927902 ], [ 92.7059633, 12.4946436 ], [ 92.7035666, 12.4944425 ], [ 92.7037072, 12.4988948 ], [ 92.7011217, 12.4964541 ], [ 92.6984582, 12.4969831 ], [ 92.6991459, 12.500019 ], [ 92.7022398, 12.5000181 ], [ 92.703599, 12.5017538 ], [ 92.7049523, 12.5057222 ], [ 92.7016947, 12.5007211 ], [ 92.6994441, 12.5003606 ], [ 92.6993872, 12.5116178 ], [ 92.6964386, 12.5122332 ], [ 92.6934661, 12.5082062 ], [ 92.6942121, 12.5127037 ], [ 92.6930487, 12.5155923 ], [ 92.6944705, 12.5170204 ], [ 92.6946182, 12.5198907 ], [ 92.697379, 12.5227243 ], [ 92.6990225, 12.5283923 ], [ 92.6996128, 12.5355748 ], [ 92.6984672, 12.5353671 ], [ 92.6980772, 12.5410717 ], [ 92.7080385, 12.5567216 ], [ 92.7076621, 12.5597274 ], [ 92.7038354, 12.5655727 ], [ 92.7046005, 12.5694822 ], [ 92.7072242, 12.5714972 ], [ 92.7070318, 12.5743854 ], [ 92.7082058, 12.5759534 ], [ 92.7043688, 12.5791231 ], [ 92.7066719, 12.5857168 ], [ 92.7040627, 12.5863594 ], [ 92.7035208, 12.5899393 ], [ 92.7073695, 12.5940059 ], [ 92.7060948, 12.594273 ], [ 92.7069742, 12.5955428 ], [ 92.7029433, 12.5976367 ], [ 92.7022264, 12.6011579 ], [ 92.6996765, 12.6003767 ], [ 92.6937903, 12.6008123 ], [ 92.6931693, 12.6022543 ], [ 92.6854834, 12.6020076 ], [ 92.6841768, 12.6039695 ], [ 92.6842239, 12.6087153 ], [ 92.6857993, 12.6143241 ], [ 92.6858817, 12.6123489 ], [ 92.6890887, 12.6088272 ], [ 92.6932119, 12.6064713 ], [ 92.7018848, 12.6128734 ], [ 92.7025865, 12.6047872 ], [ 92.7071496, 12.611448 ], [ 92.707505, 12.6145123 ], [ 92.7101293, 12.617029 ], [ 92.7117193, 12.6231438 ], [ 92.7104732, 12.6268731 ], [ 92.7137291, 12.6319342 ], [ 92.7147951, 12.6395723 ], [ 92.7132541, 12.642348 ], [ 92.7182399, 12.644335 ], [ 92.7183343, 12.6380253 ], [ 92.7199217, 12.6364066 ], [ 92.7215294, 12.6276059 ], [ 92.7202216, 12.6261691 ], [ 92.721615, 12.6227787 ], [ 92.7199334, 12.6184087 ], [ 92.7233803, 12.6173271 ], [ 92.722436, 12.6153569 ], [ 92.7236565, 12.6172818 ], [ 92.7211486, 12.6188557 ], [ 92.7237128, 12.6201474 ], [ 92.7232904, 12.6229001 ], [ 92.7204748, 12.6261057 ], [ 92.7218836, 12.6271267 ], [ 92.722914, 12.6255715 ], [ 92.7239131, 12.6262897 ], [ 92.7272723, 12.6356309 ], [ 92.7312343, 12.6328406 ], [ 92.7346353, 12.6317182 ], [ 92.7367895, 12.6319207 ], [ 92.7355491, 12.6267732 ], [ 92.734767, 12.6275193 ], [ 92.7332057, 12.6253459 ], [ 92.7333018, 12.6240667 ], [ 92.7349188, 12.6272525 ], [ 92.735659, 12.625372 ], [ 92.7400349, 12.6223734 ], [ 92.7403193, 12.6203936 ], [ 92.7408621, 12.6197019 ], [ 92.7427398, 12.6192038 ], [ 92.7441068, 12.6192032 ], [ 92.7476615, 12.6204592 ], [ 92.743467, 12.619312 ], [ 92.7407656, 12.6199776 ], [ 92.739943, 12.6227305 ], [ 92.7357651, 12.6259369 ], [ 92.7373465, 12.6320018 ], [ 92.7318004, 12.6327771 ], [ 92.7285245, 12.6360372 ], [ 92.7348042, 12.6390267 ], [ 92.7346119, 12.641463 ], [ 92.7331897, 12.641911 ], [ 92.7343003, 12.6448529 ], [ 92.7323585, 12.6465623 ], [ 92.7315649, 12.6530033 ], [ 92.7328279, 12.6571068 ], [ 92.7366121, 12.6575707 ], [ 92.7404114, 12.6611623 ], [ 92.7404955, 12.6636933 ], [ 92.7427104, 12.6652381 ], [ 92.7434435, 12.6676513 ], [ 92.7506716, 12.6663204 ], [ 92.7505845, 12.6694977 ], [ 92.7523096, 12.6719529 ], [ 92.7563013, 12.6692532 ], [ 92.7641789, 12.6678093 ], [ 92.7694312, 12.6681235 ], [ 92.7731453, 12.6703896 ], [ 92.7764978, 12.6669332 ], [ 92.7783001, 12.6601631 ], [ 92.7774673, 12.64616 ], [ 92.778385, 12.641202 ], [ 92.7754496, 12.6378335 ], [ 92.7762795, 12.6339422 ], [ 92.7751022, 12.6313563 ], [ 92.7698054, 12.6291031 ], [ 92.7670104, 12.6319268 ], [ 92.7652337, 12.6320571 ], [ 92.7622714, 12.6277528 ], [ 92.7618677, 12.6244214 ], [ 92.7626812, 12.6273462 ], [ 92.7661928, 12.6316072 ], [ 92.7695295, 12.6282487 ], [ 92.7756593, 12.6307373 ], [ 92.7770116, 12.6332238 ], [ 92.7763104, 12.6377254 ], [ 92.7784875, 12.637889 ], [ 92.7788218, 12.6296357 ], [ 92.7840978, 12.6255156 ], [ 92.784379, 12.6239744 ], [ 92.7822869, 12.6179214 ], [ 92.7816083, 12.610314 ], [ 92.7823503, 12.6073492 ], [ 92.7799129, 12.6020735 ], [ 92.7798279, 12.5949545 ], [ 92.7772975, 12.5929783 ], [ 92.7764517, 12.5904694 ], [ 92.7789266, 12.5799751 ], [ 92.7794547, 12.582963 ], [ 92.7774181, 12.5903161 ], [ 92.7800077, 12.5941049 ], [ 92.7804928, 12.6020014 ], [ 92.7829903, 12.6064545 ], [ 92.7820682, 12.6112137 ], [ 92.7830695, 12.6174832 ], [ 92.7859897, 12.6245174 ], [ 92.7799167, 12.6309288 ], [ 92.7812587, 12.6367601 ], [ 92.7810535, 12.6448055 ], [ 92.7827282, 12.6469667 ], [ 92.7820641, 12.6546801 ], [ 92.7838808, 12.6553064 ], [ 92.7820622, 12.6564086 ], [ 92.781274, 12.6593281 ], [ 92.7823416, 12.6605399 ], [ 92.784206, 12.6602468 ], [ 92.7819453, 12.6616019 ], [ 92.7818331, 12.6666687 ], [ 92.7790834, 12.6710203 ], [ 92.7808759, 12.679175 ], [ 92.7861431, 12.6911864 ], [ 92.787097, 12.7027804 ], [ 92.7862893, 12.7088774 ], [ 92.7819458, 12.7107698 ], [ 92.7844128, 12.7128789 ], [ 92.7839499, 12.7175769 ], [ 92.7809748, 12.7253682 ], [ 92.783687, 12.7246053 ], [ 92.7869829, 12.7264053 ], [ 92.7896952, 12.725466 ], [ 92.7868953, 12.7267758 ], [ 92.7831389, 12.7250029 ], [ 92.779505, 12.7280434 ], [ 92.7825835, 12.732876 ], [ 92.7812454, 12.7403827 ], [ 92.7808787, 12.735994 ], [ 92.7776917, 12.7378369 ], [ 92.7806673, 12.7348188 ], [ 92.7764127, 12.7351969 ], [ 92.7748845, 12.7340303 ], [ 92.7723313, 12.7287413 ], [ 92.7699826, 12.7300059 ], [ 92.7691172, 12.7294948 ], [ 92.7677971, 12.7260048 ], [ 92.7687609, 12.7223215 ], [ 92.7675318, 12.7217741 ], [ 92.7683739, 12.7230039 ], [ 92.7679131, 12.7238127 ], [ 92.7662602, 12.7236041 ], [ 92.7643729, 12.7224145 ], [ 92.7632167, 12.7237383 ], [ 92.7623741, 12.7237379 ], [ 92.761601, 12.722811 ], [ 92.7630832, 12.7235845 ], [ 92.7641152, 12.7221115 ], [ 92.7678672, 12.7235144 ], [ 92.7670621, 12.7219456 ], [ 92.7677345, 12.7214352 ], [ 92.7692949, 12.7224935 ], [ 92.768124, 12.7260728 ], [ 92.7695823, 12.7293775 ], [ 92.7728749, 12.7281313 ], [ 92.7749494, 12.7330134 ], [ 92.7769838, 12.7347813 ], [ 92.7818142, 12.7336893 ], [ 92.7788327, 12.7284499 ], [ 92.7815524, 12.7200939 ], [ 92.7757839, 12.7183787 ], [ 92.7772544, 12.7135294 ], [ 92.7846736, 12.708 ], [ 92.7852733, 12.7042306 ], [ 92.7830167, 12.6924101 ], [ 92.7762657, 12.6848637 ], [ 92.7749137, 12.6809082 ], [ 92.7702613, 12.6763366 ], [ 92.7693942, 12.6731032 ], [ 92.7620001, 12.6712615 ], [ 92.7499996, 12.675025 ], [ 92.7428464, 12.6704675 ], [ 92.7426629, 12.6719301 ], [ 92.7424045, 12.6707072 ], [ 92.7421107, 12.672348 ], [ 92.7403478, 12.6729726 ], [ 92.739141, 12.6716804 ], [ 92.7377099, 12.6729963 ], [ 92.7358495, 12.6716593 ], [ 92.7322874, 12.6741783 ], [ 92.7319552, 12.6725965 ], [ 92.7316986, 12.6754441 ], [ 92.733426, 12.6777439 ], [ 92.7337861, 12.680067 ], [ 92.7331728, 12.6778842 ], [ 92.732768, 12.6786663 ], [ 92.7348237, 12.6842699 ], [ 92.7320821, 12.6895728 ], [ 92.7291318, 12.6916215 ], [ 92.7262217, 12.6905876 ], [ 92.7262043, 12.6930057 ], [ 92.7282229, 12.698171 ], [ 92.7327582, 12.6987341 ], [ 92.731169, 12.6969179 ], [ 92.7310535, 12.6961043 ], [ 92.7346047, 12.6995289 ], [ 92.7369111, 12.698999 ], [ 92.7414883, 12.700484 ], [ 92.7437818, 12.7018615 ], [ 92.7433299, 12.7003476 ], [ 92.7447151, 12.6991673 ], [ 92.7434681, 12.70056 ], [ 92.7445085, 12.7003199 ], [ 92.7441271, 12.7019156 ], [ 92.7421475, 12.7022013 ], [ 92.7438057, 12.7038005 ], [ 92.7435952, 12.706508 ], [ 92.7436677, 12.7040356 ], [ 92.7415444, 12.7023281 ], [ 92.7425799, 12.7015141 ], [ 92.7415576, 12.701049 ], [ 92.7391139, 12.703441 ], [ 92.7379336, 12.7100585 ], [ 92.7390716, 12.7118117 ], [ 92.738631, 12.7149983 ], [ 92.7403302, 12.7153366 ], [ 92.7397007, 12.7181256 ], [ 92.7388165, 12.7177644 ], [ 92.7394165, 12.7209958 ], [ 92.7458406, 12.7228188 ], [ 92.7406108, 12.7247105 ], [ 92.7415231, 12.7261835 ], [ 92.739557, 12.7263155 ], [ 92.739606, 12.7327923 ], [ 92.7374987, 12.7363729 ], [ 92.7389966, 12.7393598 ], [ 92.7404423, 12.7390473 ], [ 92.7389368, 12.7396175 ], [ 92.7374436, 12.7368249 ], [ 92.736763, 12.7387551 ], [ 92.7351102, 12.7396327 ], [ 92.7365601, 12.7381225 ], [ 92.7341152, 12.7386252 ], [ 92.7296783, 12.7438926 ], [ 92.7294117, 12.7505464 ], [ 92.7311828, 12.7535973 ], [ 92.7297466, 12.7545967 ], [ 92.7248021, 12.7682215 ], [ 92.7200031, 12.7902939 ], [ 92.7227827, 12.7964763 ], [ 92.7247682, 12.7978407 ], [ 92.7278314, 12.7991776 ], [ 92.731202, 12.7975177 ], [ 92.732112, 12.79335 ], [ 92.735709, 12.793638 ], [ 92.7335163, 12.7924771 ], [ 92.735187, 12.7900086 ], [ 92.7327412, 12.7893089 ], [ 92.7343431, 12.7876676 ], [ 92.7356146, 12.7886209 ], [ 92.7350613, 12.7870888 ], [ 92.7369435, 12.7841547 ], [ 92.7357052, 12.7851359 ], [ 92.7352123, 12.7850005 ], [ 92.7350871, 12.7829711 ], [ 92.7377333, 12.7791553 ], [ 92.7353358, 12.7830207 ], [ 92.7356083, 12.7848693 ], [ 92.7365105, 12.7837616 ], [ 92.7371277, 12.784123 ], [ 92.7352918, 12.7875588 ], [ 92.7358955, 12.7885756 ], [ 92.7357638, 12.79263 ], [ 92.738798, 12.7908842 ], [ 92.7361743, 12.7939813 ], [ 92.7370449, 12.7943019 ], [ 92.7372433, 12.7949572 ], [ 92.7369626, 12.7954862 ], [ 92.7372159, 12.7956533 ], [ 92.7386616, 12.7947307 ], [ 92.7371193, 12.7958613 ], [ 92.7367139, 12.7956625 ], [ 92.7369391, 12.7945053 ], [ 92.7323059, 12.7943488 ], [ 92.7320449, 12.7978428 ], [ 92.7296092, 12.7991951 ], [ 92.731213, 12.8017077 ], [ 92.7294573, 12.7993714 ], [ 92.7278456, 12.7999099 ], [ 92.7204663, 12.7969968 ], [ 92.7196087, 12.8062585 ], [ 92.7207389, 12.8107735 ], [ 92.721388, 12.8099598 ], [ 92.7221617, 12.8099053 ], [ 92.7207912, 12.8148957 ], [ 92.7222695, 12.8259149 ], [ 92.7237076, 12.8285179 ], [ 92.7260705, 12.8282685 ], [ 92.72827, 12.8341076 ], [ 92.730528, 12.8362493 ], [ 92.7332028, 12.8226298 ], [ 92.7353297, 12.8203374 ], [ 92.7343891, 12.8182586 ], [ 92.7358877, 12.811668 ], [ 92.7351824, 12.8103167 ], [ 92.7353099, 12.8072522 ], [ 92.7377358, 12.8043857 ], [ 92.7353526, 12.8098466 ], [ 92.7359611, 12.8112114 ], [ 92.7369831, 12.8099861 ], [ 92.7381354, 12.8118434 ], [ 92.7369673, 12.825815 ], [ 92.739119, 12.8370191 ], [ 92.7403164, 12.8364762 ], [ 92.741834, 12.8218627 ], [ 92.7425796, 12.8206601 ], [ 92.7429616, 12.839038 ], [ 92.7454969, 12.8428338 ], [ 92.7475269, 12.8367954 ], [ 92.7467626, 12.8406998 ], [ 92.7502757, 12.8450628 ], [ 92.7535924, 12.8454972 ], [ 92.7525325, 12.8480463 ], [ 92.756225, 12.8465099 ], [ 92.7566098, 12.8448986 ], [ 92.7615048, 12.8419499 ], [ 92.7619131, 12.8352491 ], [ 92.7642649, 12.8332695 ], [ 92.7620703, 12.8287629 ], [ 92.7634203, 12.8259493 ], [ 92.7608475, 12.8265977 ], [ 92.7604837, 12.8259264 ], [ 92.7607372, 12.8245479 ], [ 92.7579526, 12.8248211 ], [ 92.7555598, 12.8236818 ], [ 92.7544453, 12.8220319 ], [ 92.754844, 12.8198262 ], [ 92.7537154, 12.8195842 ], [ 92.7534415, 12.8189401 ], [ 92.7541855, 12.8177153 ], [ 92.7535658, 12.8191864 ], [ 92.7551111, 12.8195799 ], [ 92.7553618, 12.8232343 ], [ 92.7609952, 12.8242473 ], [ 92.7612115, 12.8263763 ], [ 92.7633581, 12.8250973 ], [ 92.7643812, 12.8196983 ], [ 92.7655375, 12.8188351 ], [ 92.7645125, 12.8201096 ], [ 92.7650742, 12.8228352 ], [ 92.7638396, 12.8237256 ], [ 92.7642263, 12.8270658 ], [ 92.7626691, 12.8288647 ], [ 92.7649236, 12.8336334 ], [ 92.7624682, 12.8352784 ], [ 92.7622352, 12.8391498 ], [ 92.7649188, 12.8358301 ], [ 92.7656904, 12.8358844 ], [ 92.7661141, 12.8377421 ], [ 92.7655559, 12.8472973 ], [ 92.7663459, 12.848416 ], [ 92.7726989, 12.8425631 ], [ 92.772103, 12.8317197 ], [ 92.7793053, 12.8241151 ], [ 92.7807728, 12.8095383 ], [ 92.779428, 12.7991016 ], [ 92.7834951, 12.7884526 ], [ 92.7865924, 12.7861473 ], [ 92.7842436, 12.7844162 ], [ 92.7829563, 12.7818376 ], [ 92.7831959, 12.7757221 ], [ 92.780375, 12.7763119 ], [ 92.7813836, 12.7749603 ], [ 92.7832974, 12.775463 ], [ 92.7842091, 12.7713309 ], [ 92.7823117, 12.7709286 ], [ 92.782086, 12.7686076 ], [ 92.7825972, 12.7677849 ], [ 92.7808335, 12.7660922 ], [ 92.7793599, 12.7619812 ], [ 92.7826479, 12.7676064 ], [ 92.7826594, 12.770906 ], [ 92.7849023, 12.7673713 ], [ 92.7840365, 12.7662074 ], [ 92.7838315, 12.7621463 ], [ 92.785045, 12.7670821 ], [ 92.783767, 12.7753536 ], [ 92.784741, 12.7757785 ], [ 92.7852085, 12.7771006 ], [ 92.7869539, 12.7767706 ], [ 92.7862309, 12.7784544 ], [ 92.7874076, 12.7789764 ], [ 92.7875734, 12.7772023 ], [ 92.7907649, 12.7739275 ], [ 92.7933785, 12.7743636 ], [ 92.7899428, 12.7751096 ], [ 92.7874629, 12.7792047 ], [ 92.7859868, 12.778477 ], [ 92.7865095, 12.7774125 ], [ 92.7847295, 12.7771616 ], [ 92.7837761, 12.7756836 ], [ 92.7835044, 12.7816229 ], [ 92.7871082, 12.7865067 ], [ 92.7841699, 12.7886696 ], [ 92.7803723, 12.7979942 ], [ 92.7804159, 12.8050521 ], [ 92.7816434, 12.8081619 ], [ 92.7838726, 12.8091879 ], [ 92.7882692, 12.8147182 ], [ 92.789833, 12.8147136 ], [ 92.7922028, 12.8096828 ], [ 92.7903419, 12.8074974 ], [ 92.7922187, 12.8049978 ], [ 92.7917051, 12.8017141 ], [ 92.7920206, 12.7996395 ], [ 92.7927528, 12.7991061 ], [ 92.7942797, 12.7997185 ], [ 92.7949361, 12.7986517 ], [ 92.7917948, 12.797341 ], [ 92.7937937, 12.7976891 ], [ 92.7937039, 12.7966201 ], [ 92.793059, 12.7958133 ], [ 92.7924464, 12.7934245 ], [ 92.7929439, 12.7946471 ], [ 92.7946664, 12.7936685 ], [ 92.793013, 12.7954516 ], [ 92.7952815, 12.798211 ], [ 92.795164, 12.7990811 ], [ 92.7941324, 12.8001501 ], [ 92.7923568, 12.7995626 ], [ 92.7925504, 12.8050341 ], [ 92.7907034, 12.8075878 ], [ 92.7927025, 12.8093664 ], [ 92.7921452, 12.8110479 ], [ 92.7938634, 12.8133756 ], [ 92.7961157, 12.8122229 ], [ 92.7997315, 12.8134251 ], [ 92.7975434, 12.8081888 ], [ 92.798681, 12.8062203 ], [ 92.7975594, 12.805531 ], [ 92.798978, 12.806044 ], [ 92.8002354, 12.8045636 ], [ 92.797905, 12.8081187 ], [ 92.8006297, 12.8128284 ], [ 92.8000079, 12.8136533 ], [ 92.7986445, 12.8137958 ], [ 92.796323, 12.8125099 ], [ 92.7938288, 12.8137937 ], [ 92.7919564, 12.81171 ], [ 92.7896948, 12.8155272 ], [ 92.7877096, 12.8152899 ], [ 92.7892136, 12.8288589 ], [ 92.7881311, 12.8273379 ], [ 92.7875622, 12.8146209 ], [ 92.7820717, 12.8091812 ], [ 92.7805606, 12.8238484 ], [ 92.7848238, 12.8246553 ], [ 92.785669, 12.8329245 ], [ 92.781166, 12.8411712 ], [ 92.7805807, 12.8514383 ], [ 92.7817969, 12.8599833 ], [ 92.7831973, 12.8618907 ], [ 92.7872469, 12.8612421 ], [ 92.788143, 12.8556306 ], [ 92.7888708, 12.8552712 ], [ 92.7900732, 12.8560442 ], [ 92.7894512, 12.8521909 ], [ 92.7895457, 12.8496981 ], [ 92.7901054, 12.84928 ], [ 92.7913607, 12.8502834 ], [ 92.7903634, 12.84895 ], [ 92.7907549, 12.8485659 ], [ 92.7917131, 12.8489998 ], [ 92.7915772, 12.8470449 ], [ 92.7930052, 12.8445069 ], [ 92.7917477, 12.84921 ], [ 92.790642, 12.8489161 ], [ 92.7915727, 12.8504077 ], [ 92.789723, 12.8498518 ], [ 92.7903474, 12.8558091 ], [ 92.7900179, 12.8563673 ], [ 92.7885759, 12.8557662 ], [ 92.7883964, 12.8614907 ], [ 92.7941782, 12.8628647 ], [ 92.7954128, 12.8602023 ], [ 92.7987666, 12.8594632 ], [ 92.7976195, 12.858383 ], [ 92.797783, 12.8570857 ], [ 92.7982136, 12.8566744 ], [ 92.8000196, 12.8568506 ], [ 92.7996601, 12.8541839 ], [ 92.8016294, 12.851682 ], [ 92.8001092, 12.8515283 ], [ 92.7993789, 12.8504526 ], [ 92.8004107, 12.8484593 ], [ 92.7997705, 12.8505476 ], [ 92.8018413, 12.8517113 ], [ 92.7999273, 12.8542222 ], [ 92.8002177, 12.8569907 ], [ 92.7979373, 12.8575806 ], [ 92.799179, 12.8593028 ], [ 92.7971543, 12.8609119 ], [ 92.7955902, 12.8604532 ], [ 92.7950974, 12.8628082 ], [ 92.7927569, 12.8636783 ], [ 92.7944317, 12.8637054 ], [ 92.7966546, 12.8648307 ], [ 92.7991469, 12.8627989 ], [ 92.800218, 12.862548 ], [ 92.7997319, 12.8618135 ], [ 92.8001672, 12.8605705 ], [ 92.8005312, 12.8605592 ], [ 92.8014388, 12.8616733 ], [ 92.8018696, 12.860715 ], [ 92.8043988, 12.861072 ], [ 92.8019202, 12.860932 ], [ 92.8016599, 12.8618677 ], [ 92.8002018, 12.8607716 ], [ 92.8002595, 12.8627763 ], [ 92.7965648, 12.8650748 ], [ 92.7937959, 12.8638952 ], [ 92.7920429, 12.8646297 ], [ 92.7918887, 12.8696605 ], [ 92.7949433, 12.8701101 ], [ 92.7918635, 12.8754709 ], [ 92.7930868, 12.8768706 ], [ 92.7920157, 12.8806064 ], [ 92.795628, 12.8842516 ], [ 92.7967888, 12.8806131 ], [ 92.7961901, 12.8844573 ], [ 92.7913591, 12.8841636 ], [ 92.7907903, 12.8899356 ], [ 92.7955016, 12.8918768 ], [ 92.8020838, 12.8970902 ], [ 92.8080392, 12.8971869 ], [ 92.8084443, 12.8930851 ], [ 92.80694, 12.8934762 ], [ 92.806903, 12.8914309 ], [ 92.8078036, 12.8900522 ], [ 92.8060803, 12.8893224 ], [ 92.8066953, 12.888432 ], [ 92.8080017, 12.8897675 ], [ 92.8071127, 12.8930219 ], [ 92.8084904, 12.892737 ], [ 92.8088364, 12.8974897 ], [ 92.8228481, 12.89594 ], [ 92.8249142, 12.8933407 ], [ 92.8263085, 12.8873492 ], [ 92.8297507, 12.8846188 ], [ 92.8341326, 12.8856756 ], [ 92.8406926, 12.891609 ], [ 92.8419595, 12.8907929 ], [ 92.8420736, 12.8858798 ], [ 92.8393353, 12.8791998 ], [ 92.8396019, 12.8766777 ], [ 92.842267, 12.8752163 ], [ 92.8476968, 12.876067 ], [ 92.8443955, 12.8751322 ], [ 92.8414453, 12.8680455 ], [ 92.8398889, 12.8681202 ], [ 92.8406901, 12.8698176 ], [ 92.8393293, 12.8722541 ], [ 92.8388568, 12.8715196 ], [ 92.8384532, 12.8691084 ], [ 92.8393728, 12.8715015 ], [ 92.8403907, 12.8699058 ], [ 92.8395057, 12.8680143 ], [ 92.8404566, 12.8658965 ], [ 92.8385654, 12.8661296 ], [ 92.8363516, 12.8658567 ], [ 92.8388187, 12.865707 ], [ 92.8380674, 12.8640822 ], [ 92.8397393, 12.8613858 ], [ 92.8390145, 12.8656482 ], [ 92.8406639, 12.865571 ], [ 92.8403878, 12.8674016 ], [ 92.8425579, 12.8685029 ], [ 92.844506, 12.8748339 ], [ 92.8538801, 12.8771116 ], [ 92.8526751, 12.8735388 ], [ 92.8497117, 12.8739881 ], [ 92.846707, 12.8693263 ], [ 92.8481438, 12.8670677 ], [ 92.851076, 12.8663187 ], [ 92.8488199, 12.8635963 ], [ 92.8461088, 12.8632358 ], [ 92.8450588, 12.8622246 ], [ 92.8470533, 12.8569958 ], [ 92.8503352, 12.8538712 ], [ 92.8487113, 12.8517043 ], [ 92.8495572, 12.8451004 ], [ 92.8486428, 12.8449559 ], [ 92.8487808, 12.8469704 ], [ 92.8475032, 12.8477309 ], [ 92.8455413, 12.8459619 ], [ 92.8413801, 12.8463829 ], [ 92.8381901, 12.8444453 ], [ 92.8362506, 12.8471109 ], [ 92.8361757, 12.845116 ], [ 92.8397859, 12.8425353 ], [ 92.8391477, 12.8418669 ], [ 92.8392236, 12.8413466 ], [ 92.8415429, 12.8406275 ], [ 92.8407429, 12.837319 ], [ 92.8381813, 12.8358669 ], [ 92.8367489, 12.8370016 ], [ 92.8354955, 12.8350267 ], [ 92.8323209, 12.8370963 ], [ 92.8316702, 12.8368936 ], [ 92.8307, 12.8346908 ], [ 92.8330944, 12.8288077 ], [ 92.8276502, 12.8322297 ], [ 92.8271803, 12.832223 ], [ 92.8259848, 12.8310434 ], [ 92.8256136, 12.8289079 ], [ 92.8270231, 12.826658 ], [ 92.8251329, 12.8256829 ], [ 92.82658, 12.8243976 ], [ 92.8245903, 12.8241778 ], [ 92.8236136, 12.8235226 ], [ 92.8234408, 12.8231045 ], [ 92.8288617, 12.8188891 ], [ 92.8291098, 12.8176006 ], [ 92.8270257, 12.8162703 ], [ 92.8278039, 12.8150425 ], [ 92.8266983, 12.8140302 ], [ 92.8276368, 12.8103296 ], [ 92.8284053, 12.8100574 ], [ 92.8269746, 12.8139719 ], [ 92.8280917, 12.8149751 ], [ 92.8272398, 12.8161483 ], [ 92.8294427, 12.8172127 ], [ 92.8290153, 12.8192279 ], [ 92.824903, 12.8221217 ], [ 92.8248481, 12.8233325 ], [ 92.8236574, 12.8232107 ], [ 92.8268243, 12.8242746 ], [ 92.8253828, 12.8255857 ], [ 92.8272785, 12.8266182 ], [ 92.8261758, 12.8308857 ], [ 92.8275671, 12.8319951 ], [ 92.8304435, 12.8297799 ], [ 92.8301301, 12.828503 ], [ 92.8334606, 12.828624 ], [ 92.8309591, 12.8346678 ], [ 92.8317993, 12.8364042 ], [ 92.8354125, 12.8347284 ], [ 92.8370507, 12.8366847 ], [ 92.8377736, 12.8353127 ], [ 92.8405262, 12.8364647 ], [ 92.8419204, 12.8396194 ], [ 92.8414094, 12.8411111 ], [ 92.839219, 12.8415365 ], [ 92.840106, 12.8425668 ], [ 92.8382337, 12.8441695 ], [ 92.8418597, 12.8461938 ], [ 92.8460425, 12.845691 ], [ 92.8477842, 12.8474195 ], [ 92.8482189, 12.8448679 ], [ 92.8500748, 12.8450011 ], [ 92.848923, 12.8512025 ], [ 92.8507757, 12.8537625 ], [ 92.8477704, 12.8567058 ], [ 92.8454682, 12.8619879 ], [ 92.8488661, 12.8628911 ], [ 92.8519262, 12.8666962 ], [ 92.8472344, 12.8693527 ], [ 92.8499814, 12.8733433 ], [ 92.8521259, 12.8725946 ], [ 92.8535452, 12.8737175 ], [ 92.8547487, 12.8775713 ], [ 92.8591535, 12.8783724 ], [ 92.8605584, 12.8773165 ], [ 92.8621989, 12.878254 ], [ 92.8612364, 12.873279 ], [ 92.8615126, 12.8711728 ], [ 92.8639632, 12.8696308 ], [ 92.8644419, 12.8685413 ], [ 92.8632812, 12.8694931 ], [ 92.8616553, 12.8685772 ], [ 92.8612783, 12.8657716 ], [ 92.8624263, 12.86359 ], [ 92.8619909, 12.8682325 ], [ 92.8633572, 12.8692061 ], [ 92.8642621, 12.8679697 ], [ 92.8646102, 12.868817 ], [ 92.8640393, 12.8699471 ], [ 92.8616993, 12.8714372 ], [ 92.8624869, 12.8782788 ], [ 92.8618972, 12.8784417 ], [ 92.8605055, 12.8776534 ], [ 92.8603122, 12.8780692 ], [ 92.8644503, 12.8803845 ], [ 92.8727373, 12.880877 ], [ 92.8743243, 12.8823372 ], [ 92.8744161, 12.885474 ], [ 92.8702008, 12.8890294 ], [ 92.8713147, 12.8923737 ], [ 92.8783012, 12.8953032 ], [ 92.8856966, 12.8935367 ], [ 92.8952003, 12.8982285 ], [ 92.8961827, 12.9042638 ], [ 92.9001132, 12.902844 ], [ 92.900362, 12.9038821 ], [ 92.8962703, 12.9049599 ], [ 92.8962953, 12.9100087 ], [ 92.8946641, 12.9106188 ], [ 92.8941663, 12.9137511 ], [ 92.8924059, 12.9156584 ], [ 92.8962705, 12.9263964 ], [ 92.8973026, 12.9269365 ], [ 92.8990017, 12.9254241 ] ] ], [ [ [ 92.7794158, 12.6485568 ], [ 92.7809904, 12.6558368 ], [ 92.7817985, 12.6476074 ], [ 92.780582, 12.6461365 ], [ 92.7794158, 12.6485568 ] ] ], [ [ [ 92.772854, 12.6736619 ], [ 92.7808454, 12.6876363 ], [ 92.7819915, 12.6882424 ], [ 92.7753764, 12.6744901 ], [ 92.772854, 12.6736619 ] ] ], [ [ [ 92.7822766, 12.714936 ], [ 92.7838937, 12.7133919 ], [ 92.7810464, 12.7116064 ], [ 92.7772858, 12.7157803 ], [ 92.7769996, 12.7179136 ], [ 92.7806694, 12.717201 ], [ 92.7824712, 12.7187199 ], [ 92.7822766, 12.714936 ] ] ], [ [ [ 92.7819705, 12.7186946 ], [ 92.7807638, 12.7187366 ], [ 92.7819052, 12.7190341 ], [ 92.7819705, 12.7186946 ] ] ], [ [ [ 92.780003, 12.8598371 ], [ 92.7807893, 12.8400737 ], [ 92.7850691, 12.8325684 ], [ 92.7839753, 12.8246992 ], [ 92.7808452, 12.8254471 ], [ 92.7737487, 12.8308684 ], [ 92.7727835, 12.833239 ], [ 92.7745334, 12.8417932 ], [ 92.7706013, 12.8455648 ], [ 92.7681731, 12.8502948 ], [ 92.7678486, 12.8527654 ], [ 92.7699369, 12.8585325 ], [ 92.7680338, 12.862076 ], [ 92.7702059, 12.8635701 ], [ 92.7725372, 12.8623295 ], [ 92.7728207, 12.8589011 ], [ 92.7735925, 12.857778 ], [ 92.7732951, 12.8610368 ], [ 92.7767525, 12.8639547 ], [ 92.7786253, 12.8631863 ], [ 92.780003, 12.8598371 ] ] ], [ [ [ 92.7654322, 12.8487012 ], [ 92.7658157, 12.8372771 ], [ 92.7652585, 12.8360612 ], [ 92.7614853, 12.842768 ], [ 92.7568894, 12.8456379 ], [ 92.7584851, 12.8498462 ], [ 92.7575681, 12.8514665 ], [ 92.7581776, 12.8579369 ], [ 92.7594374, 12.8595598 ], [ 92.761267, 12.8543281 ], [ 92.7654322, 12.8487012 ] ] ], [ [ [ 92.7644698, 12.8660081 ], [ 92.7656682, 12.8613842 ], [ 92.7653371, 12.8552732 ], [ 92.7626009, 12.8555423 ], [ 92.7619222, 12.865427 ], [ 92.7602472, 12.8683444 ], [ 92.7650289, 12.8729552 ], [ 92.7644698, 12.8660081 ] ] ], [ [ [ 92.8318125, 12.885263 ], [ 92.8314164, 12.8857106 ], [ 92.8321674, 12.8856652 ], [ 92.8318125, 12.885263 ] ] ], [ [ [ 92.8305662, 12.8854824 ], [ 92.8310339, 12.8857288 ], [ 92.831156, 12.8853468 ], [ 92.8305662, 12.8854824 ] ] ], [ [ [ 92.8339253, 12.8869191 ], [ 92.8349735, 12.8869642 ], [ 92.8337041, 12.8864944 ], [ 92.8339253, 12.8869191 ] ] ], [ [ [ 92.7911449, 12.8909423 ], [ 92.788104, 12.883098 ], [ 92.7844504, 12.8823905 ], [ 92.7816951, 12.8839204 ], [ 92.7807805, 12.8857961 ], [ 92.7822018, 12.8871544 ], [ 92.7816095, 12.8922597 ], [ 92.7878228, 12.8933175 ], [ 92.7911449, 12.8909423 ] ] ], [ [ [ 92.8804353, 12.9035758 ], [ 92.8785371, 12.9023777 ], [ 92.8794259, 12.9058129 ], [ 92.8804353, 12.9035758 ] ] ], [ [ [ 92.7958726, 12.9091735 ], [ 92.7969806, 12.9010534 ], [ 92.8004501, 12.8977289 ], [ 92.7974942, 12.8944813 ], [ 92.7918015, 12.8922599 ], [ 92.7819434, 12.8955457 ], [ 92.7820471, 12.8972588 ], [ 92.7848715, 12.8983391 ], [ 92.7917968, 12.8967121 ], [ 92.7862354, 12.8985132 ], [ 92.7887419, 12.9014534 ], [ 92.7881521, 12.9051281 ], [ 92.7862629, 12.9059258 ], [ 92.779713, 12.9019956 ], [ 92.7768124, 12.9032678 ], [ 92.7736028, 12.906036 ], [ 92.7745243, 12.9081944 ], [ 92.773425, 12.9116294 ], [ 92.7754641, 12.9122873 ], [ 92.7799062, 12.9105247 ], [ 92.7888778, 12.9125567 ], [ 92.7885965, 12.9154291 ], [ 92.7909967, 12.9172679 ], [ 92.7958726, 12.9091735 ] ] ], [ [ [ 92.8795317, 12.9074085 ], [ 92.8773838, 12.9105143 ], [ 92.878803, 12.9129156 ], [ 92.8795317, 12.9074085 ] ] ], [ [ [ 92.8625608, 12.9138213 ], [ 92.8633383, 12.9149108 ], [ 92.8644805, 12.9128087 ], [ 92.8640081, 12.9126845 ], [ 92.8625608, 12.9138213 ] ] ], [ [ [ 92.7665236, 12.9219705 ], [ 92.7633859, 12.9180469 ], [ 92.7612543, 12.9218479 ], [ 92.7651845, 12.926088 ], [ 92.7665236, 12.9219705 ] ] ], [ [ [ 92.7739835, 12.9322155 ], [ 92.7749931, 12.9259352 ], [ 92.7718326, 12.9175911 ], [ 92.7690005, 12.9222035 ], [ 92.7686915, 12.9249742 ], [ 92.7705854, 12.9260614 ], [ 92.7687211, 12.9286037 ], [ 92.770753, 12.9325204 ], [ 92.7739835, 12.9322155 ] ] ], [ [ [ 92.8762567, 12.9351964 ], [ 92.8768056, 12.9319512 ], [ 92.8797099, 12.93291 ], [ 92.8799024, 12.9311357 ], [ 92.8817827, 12.9306025 ], [ 92.8828078, 12.9316649 ], [ 92.8872634, 12.929356 ], [ 92.8873995, 12.9276159 ], [ 92.8840495, 12.9275822 ], [ 92.8855345, 12.9235494 ], [ 92.8825064, 12.9212015 ], [ 92.8807506, 12.9224465 ], [ 92.8795528, 12.919818 ], [ 92.8768136, 12.9237385 ], [ 92.8740071, 12.924633 ], [ 92.8722573, 12.9155997 ], [ 92.8626779, 12.9180478 ], [ 92.8576848, 12.926063 ], [ 92.8576812, 12.9301286 ], [ 92.8597369, 12.9335959 ], [ 92.8691096, 12.9335697 ], [ 92.8740863, 12.9348617 ], [ 92.8748187, 12.9368279 ], [ 92.8759939, 12.9361908 ], [ 92.8748651, 12.9343555 ], [ 92.8762567, 12.9351964 ] ] ], [ [ [ 92.7637781, 12.9346486 ], [ 92.7656797, 12.9286509 ], [ 92.7624796, 12.9254843 ], [ 92.7600415, 12.928309 ], [ 92.7592139, 12.9315587 ], [ 92.7602805, 12.9333533 ], [ 92.7590798, 12.9351588 ], [ 92.7613516, 12.9366439 ], [ 92.7637781, 12.9346486 ] ] ], [ [ [ 92.8781225, 12.9627151 ], [ 92.8786606, 12.9609095 ], [ 92.8775244, 12.9624884 ], [ 92.8781225, 12.9627151 ] ] ], [ [ [ 92.8311431, 13.0019888 ], [ 92.8330785, 13.002052 ], [ 92.8310578, 13.0000255 ], [ 92.8311431, 13.0019888 ] ] ], [ [ [ 92.7844994, 13.0135772 ], [ 92.7847391, 13.0132203 ], [ 92.7844673, 13.0131389 ], [ 92.7844994, 13.0135772 ] ] ], [ [ [ 92.785654, 13.0554494 ], [ 92.7852761, 13.0552596 ], [ 92.7855019, 13.0556753 ], [ 92.785654, 13.0554494 ] ] ], [ [ [ 92.7879324, 13.0608358 ], [ 92.787891, 13.0603252 ], [ 92.7874762, 13.0605059 ], [ 92.7879324, 13.0608358 ] ] ], [ [ [ 92.7945265, 13.0758132 ], [ 92.7953515, 13.0763826 ], [ 92.794893, 13.0752168 ], [ 92.7945265, 13.0758132 ] ] ], [ [ [ 92.7926736, 13.0926602 ], [ 92.7928811, 13.0933877 ], [ 92.793591, 13.0927349 ], [ 92.7926736, 13.0926602 ] ] ], [ [ [ 92.7931114, 13.0940271 ], [ 92.7929271, 13.0936385 ], [ 92.7927911, 13.0941152 ], [ 92.7931114, 13.0940271 ] ] ], [ [ [ 92.8400453, 13.1436115 ], [ 92.8407599, 13.1433493 ], [ 92.840202, 13.1429291 ], [ 92.8400453, 13.1436115 ] ] ], [ [ [ 92.8086928, 13.1495924 ], [ 92.8085845, 13.1479792 ], [ 92.8076761, 13.1480831 ], [ 92.8077798, 13.1493303 ], [ 92.8086928, 13.1495924 ] ] ], [ [ [ 92.8048008, 13.1529066 ], [ 92.8033621, 13.1529968 ], [ 92.8042013, 13.1537154 ], [ 92.8048008, 13.1529066 ] ] ], [ [ [ 92.8098012, 13.1632568 ], [ 92.809317, 13.1634195 ], [ 92.8095522, 13.1640025 ], [ 92.8098012, 13.1632568 ] ] ], [ [ [ 92.8092708, 13.1669577 ], [ 92.8101631, 13.1670887 ], [ 92.8104282, 13.1664471 ], [ 92.8092708, 13.1669577 ] ] ], [ [ [ 92.8104167, 13.1685573 ], [ 92.8091439, 13.1690498 ], [ 92.8105873, 13.168824 ], [ 92.8104167, 13.1685573 ] ] ], [ [ [ 92.7923739, 13.1706004 ], [ 92.7960978, 13.1707297 ], [ 92.7963539, 13.1680004 ], [ 92.7932389, 13.1676657 ], [ 92.7923739, 13.1706004 ] ] ], [ [ [ 92.7915415, 13.1712759 ], [ 92.7925837, 13.17124 ], [ 92.7921733, 13.1708467 ], [ 92.7915415, 13.1712759 ] ] ], [ [ [ 92.8232189, 13.2067971 ], [ 92.8235741, 13.2084419 ], [ 92.826014, 13.2087243 ], [ 92.8232189, 13.2067971 ] ] ], [ [ [ 92.8264523, 13.2113994 ], [ 92.8272778, 13.2094201 ], [ 92.8265952, 13.2089366 ], [ 92.8254699, 13.2108933 ], [ 92.8264523, 13.2113994 ] ] ], [ [ [ 92.8286846, 13.2108841 ], [ 92.8276423, 13.2108209 ], [ 92.8277069, 13.2115801 ], [ 92.8286846, 13.2108841 ] ] ], [ [ [ 92.8391837, 13.2491554 ], [ 92.8388722, 13.2486289 ], [ 92.8386924, 13.2488956 ], [ 92.8391837, 13.2491554 ] ] ], [ [ [ 92.8188773, 13.2860866 ], [ 92.8167556, 13.2816161 ], [ 92.8130765, 13.2873056 ], [ 92.8145068, 13.2882686 ], [ 92.8170588, 13.2876048 ], [ 92.8188773, 13.2860866 ] ] ], [ [ [ 92.7998144, 13.2866467 ], [ 92.8002946, 13.2857248 ], [ 92.8000085, 13.2855168 ], [ 92.7998144, 13.2866467 ] ] ], [ [ [ 92.8291387, 13.3693189 ], [ 92.8297943, 13.3684874 ], [ 92.8290373, 13.3683697 ], [ 92.8291387, 13.3693189 ] ] ], [ [ [ 92.8185571, 13.415978 ], [ 92.817694, 13.4146219 ], [ 92.8183974, 13.407603 ], [ 92.8159195, 13.4019438 ], [ 92.8111048, 13.3998365 ], [ 92.8056565, 13.4018102 ], [ 92.8058311, 13.4048113 ], [ 92.8109763, 13.4147243 ], [ 92.8092803, 13.4206084 ], [ 92.8064644, 13.4183886 ], [ 92.8051937, 13.4222073 ], [ 92.8064571, 13.4281013 ], [ 92.8107871, 13.4320255 ], [ 92.8129437, 13.430869 ], [ 92.8156785, 13.4248811 ], [ 92.8156617, 13.4180519 ], [ 92.8185571, 13.415978 ] ] ], [ [ [ 92.8460418, 13.4196931 ], [ 92.8472284, 13.4196662 ], [ 92.8466144, 13.4192412 ], [ 92.8460418, 13.4196931 ] ] ], [ [ [ 92.8611812, 13.4212491 ], [ 92.8620492, 13.4225599 ], [ 92.8629773, 13.4215972 ], [ 92.8621554, 13.420752 ], [ 92.8611812, 13.4212491 ] ] ], [ [ [ 92.8431814, 13.438698 ], [ 92.8460636, 13.4309381 ], [ 92.844988, 13.428868 ], [ 92.8373755, 13.4199768 ], [ 92.8298915, 13.4184027 ], [ 92.8225039, 13.41959 ], [ 92.8207399, 13.420923 ], [ 92.8183562, 13.4264139 ], [ 92.8198318, 13.4350467 ], [ 92.8217521, 13.437325 ], [ 92.8244713, 13.4397255 ], [ 92.8320717, 13.4394376 ], [ 92.8344171, 13.4414357 ], [ 92.836605, 13.4462811 ], [ 92.8411851, 13.450467 ], [ 92.8440579, 13.4460019 ], [ 92.8431814, 13.438698 ] ] ], [ [ [ 92.8695561, 13.4541752 ], [ 92.8696161, 13.4536192 ], [ 92.8693991, 13.4535966 ], [ 92.8695561, 13.4541752 ] ] ], [ [ [ 92.8630679, 13.4608234 ], [ 92.8650581, 13.463933 ], [ 92.8671962, 13.4642042 ], [ 92.8642916, 13.4608957 ], [ 92.8630679, 13.4608234 ] ] ], [ [ [ 92.8734279, 13.5141485 ], [ 92.8738806, 13.5059769 ], [ 92.8725134, 13.50176 ], [ 92.865114, 13.5031339 ], [ 92.8649384, 13.5078208 ], [ 92.8688412, 13.5143383 ], [ 92.8720561, 13.5131587 ], [ 92.8734279, 13.5141485 ] ] ], [ [ [ 92.8752665, 13.5353684 ], [ 92.8733541, 13.5377458 ], [ 92.874279, 13.5410408 ], [ 92.8768418, 13.5402723 ], [ 92.8777241, 13.5382068 ], [ 92.8752665, 13.5353684 ] ] ], [ [ [ 92.9711885, 12.036053 ], [ 92.9721507, 12.0360755 ], [ 92.9713102, 12.0353998 ], [ 92.9711885, 12.036053 ] ] ], [ [ [ 92.9707122, 12.0636513 ], [ 92.9681356, 12.0625328 ], [ 92.9672012, 12.0640472 ], [ 92.9679775, 12.0659049 ], [ 92.9699317, 12.0653962 ], [ 92.9707122, 12.0636513 ] ] ], [ [ [ 92.9660829, 12.0653333 ], [ 92.963426, 12.0648115 ], [ 92.9615202, 12.0662694 ], [ 92.9649992, 12.0664522 ], [ 92.9660829, 12.0653333 ] ] ], [ [ [ 92.9570302, 12.0898608 ], [ 92.9558316, 12.0911333 ], [ 92.9565183, 12.0922203 ], [ 92.9575747, 12.0915649 ], [ 92.9570302, 12.0898608 ] ] ], [ [ [ 92.9475695, 12.1162277 ], [ 92.9537661, 12.1131423 ], [ 92.9523672, 12.1117321 ], [ 92.9539428, 12.1105387 ], [ 92.9571573, 12.0991204 ], [ 92.9546972, 12.0939427 ], [ 92.9508342, 12.0909777 ], [ 92.9518031, 12.0860009 ], [ 92.9501309, 12.0792365 ], [ 92.9474628, 12.0896534 ], [ 92.9467511, 12.0990419 ], [ 92.9479827, 12.1100463 ], [ 92.9454749, 12.1197219 ], [ 92.9475695, 12.1162277 ] ] ], [ [ [ 92.973073, 12.1153441 ], [ 92.9720786, 12.1163522 ], [ 92.9734819, 12.1161373 ], [ 92.973073, 12.1153441 ] ] ], [ [ [ 92.9623661, 12.1140371 ], [ 92.9600251, 12.116871 ], [ 92.9594649, 12.1192894 ], [ 92.9628341, 12.1167984 ], [ 92.9623661, 12.1140371 ] ] ], [ [ [ 92.9601104, 12.1201685 ], [ 92.9609832, 12.1198023 ], [ 92.9608912, 12.1193932 ], [ 92.9601104, 12.1201685 ] ] ], [ [ [ 92.9582366, 12.1259183 ], [ 92.9563918, 12.1234078 ], [ 92.9563578, 12.1274674 ], [ 92.9582366, 12.1259183 ] ] ], [ [ [ 92.9571873, 12.1302541 ], [ 92.9558598, 12.1312689 ], [ 92.9575341, 12.1307806 ], [ 92.9571873, 12.1302541 ] ] ], [ [ [ 92.9386037, 12.2239446 ], [ 92.9405268, 12.2152365 ], [ 92.9391504, 12.2122509 ], [ 92.9352353, 12.2100157 ], [ 92.9353778, 12.2015765 ], [ 92.9320694, 12.1955059 ], [ 92.9311917, 12.2034275 ], [ 92.9245516, 12.2062433 ], [ 92.9239515, 12.2164182 ], [ 92.9260398, 12.2221137 ], [ 92.9340979, 12.2260126 ], [ 92.9386037, 12.2239446 ] ] ], [ [ [ 92.9009852, 12.2603241 ], [ 92.9000409, 12.2583515 ], [ 92.8976647, 12.2586743 ], [ 92.8989748, 12.2577343 ], [ 92.8971456, 12.2572504 ], [ 92.8971912, 12.2562071 ], [ 92.898074, 12.2573568 ], [ 92.9013234, 12.2568464 ], [ 92.9011651, 12.2550542 ], [ 92.9051524, 12.2520194 ], [ 92.9044636, 12.247608 ], [ 92.909138, 12.2432691 ], [ 92.9093084, 12.2401006 ], [ 92.9136957, 12.2321522 ], [ 92.9127908, 12.2270263 ], [ 92.9135082, 12.2210869 ], [ 92.9119619, 12.2204675 ], [ 92.9122377, 12.2236967 ], [ 92.91133, 12.2209375 ], [ 92.9100755, 12.2211272 ], [ 92.910914, 12.2227636 ], [ 92.9096801, 12.2231861 ], [ 92.9080825, 12.2294396 ], [ 92.9102976, 12.2284138 ], [ 92.9079077, 12.23106 ], [ 92.9041745, 12.2251066 ], [ 92.9048106, 12.2284268 ], [ 92.9035444, 12.2292199 ], [ 92.9034574, 12.2271609 ], [ 92.9024463, 12.2282863 ], [ 92.9029315, 12.22432 ], [ 92.8956336, 12.2271893 ], [ 92.8931283, 12.2311734 ], [ 92.8910442, 12.2313155 ], [ 92.8848023, 12.2250585 ], [ 92.8804507, 12.2235614 ], [ 92.8853105, 12.2232889 ], [ 92.8869104, 12.2195669 ], [ 92.8851026, 12.2172861 ], [ 92.8819777, 12.2173714 ], [ 92.8809982, 12.2097321 ], [ 92.8774901, 12.2093082 ], [ 92.8738865, 12.2219734 ], [ 92.8738551, 12.2287265 ], [ 92.8689511, 12.237444 ], [ 92.869688, 12.2448433 ], [ 92.872621, 12.2486308 ], [ 92.8773202, 12.2489596 ], [ 92.878672, 12.2464782 ], [ 92.8791196, 12.2382517 ], [ 92.8801443, 12.2384983 ], [ 92.8804525, 12.2372372 ], [ 92.8813851, 12.2386092 ], [ 92.8844665, 12.2386099 ], [ 92.8841865, 12.2486965 ], [ 92.8867381, 12.2523274 ], [ 92.8920563, 12.2524085 ], [ 92.895206, 12.2578943 ], [ 92.8958877, 12.2635377 ], [ 92.8973627, 12.2652579 ], [ 92.899137, 12.2641575 ], [ 92.9003388, 12.2653667 ], [ 92.9009852, 12.2603241 ] ] ], [ [ [ 92.882254, 12.2410825 ], [ 92.8817622, 12.2392925 ], [ 92.8806868, 12.239392 ], [ 92.8813349, 12.2415436 ], [ 92.882254, 12.2410825 ] ] ], [ [ [ 92.9117712, 12.2456199 ], [ 92.9121689, 12.2444808 ], [ 92.911668, 12.2434977 ], [ 92.9109303, 12.2450096 ], [ 92.9117712, 12.2456199 ] ] ], [ [ [ 92.9104036, 12.2493692 ], [ 92.9115847, 12.2490348 ], [ 92.9114908, 12.2471612 ], [ 92.9103118, 12.2479318 ], [ 92.9104036, 12.2493692 ] ] ], [ [ [ 92.9066532, 12.2508288 ], [ 92.907869, 12.2493802 ], [ 92.9060674, 12.2486907 ], [ 92.9057641, 12.24931 ], [ 92.9066532, 12.2508288 ] ] ], [ [ [ 92.9110951, 12.2511864 ], [ 92.9115042, 12.2497965 ], [ 92.9107187, 12.2500268 ], [ 92.9110951, 12.2511864 ] ] ], [ [ [ 92.9076137, 12.2510617 ], [ 92.9062509, 12.251178 ], [ 92.90626, 12.2527698 ], [ 92.90828, 12.252596 ], [ 92.9076137, 12.2510617 ] ] ], [ [ [ 92.9053928, 12.2533792 ], [ 92.9059152, 12.2541914 ], [ 92.9085922, 12.2552787 ], [ 92.9074457, 12.2535994 ], [ 92.9053928, 12.2533792 ] ] ], [ [ [ 92.9051912, 12.2546478 ], [ 92.9046995, 12.2542432 ], [ 92.9049315, 12.2547541 ], [ 92.9051912, 12.2546478 ] ] ], [ [ [ 92.9175241, 12.2547544 ], [ 92.9188022, 12.2543824 ], [ 92.917796, 12.2538162 ], [ 92.9175241, 12.2547544 ] ] ], [ [ [ 92.9199537, 12.2566834 ], [ 92.9204743, 12.2555897 ], [ 92.9195169, 12.25442 ], [ 92.9192312, 12.2554812 ], [ 92.9199537, 12.2566834 ] ] ], [ [ [ 92.9177728, 12.2565939 ], [ 92.9190497, 12.2563094 ], [ 92.9177621, 12.2559261 ], [ 92.9177728, 12.2565939 ] ] ], [ [ [ 92.9068433, 12.2565826 ], [ 92.9071304, 12.2576969 ], [ 92.9079346, 12.2582755 ], [ 92.9085782, 12.2566778 ], [ 92.9068433, 12.2565826 ] ] ], [ [ [ 92.9007212, 12.2582295 ], [ 92.9004662, 12.2576012 ], [ 92.8998158, 12.2575898 ], [ 92.9007212, 12.2582295 ] ] ], [ [ [ 92.9126238, 12.2623497 ], [ 92.9142613, 12.2617164 ], [ 92.9143423, 12.2605649 ], [ 92.9131715, 12.2604853 ], [ 92.9126238, 12.2623497 ] ] ], [ [ [ 92.9159212, 12.262069 ], [ 92.9173368, 12.2614167 ], [ 92.9156674, 12.2614455 ], [ 92.9159212, 12.262069 ] ] ], [ [ [ 92.9147345, 12.2639723 ], [ 92.9152048, 12.2627229 ], [ 92.9141068, 12.2632086 ], [ 92.9147345, 12.2639723 ] ] ], [ [ [ 92.9357405, 12.3049927 ], [ 92.9368966, 12.2957061 ], [ 92.9339641, 12.289362 ], [ 92.9430258, 12.2789656 ], [ 92.9430151, 12.2747979 ], [ 92.9386983, 12.2703616 ], [ 92.9361176, 12.2621938 ], [ 92.9314226, 12.2602364 ], [ 92.9264891, 12.252491 ], [ 92.9262193, 12.2497938 ], [ 92.9301705, 12.2488505 ], [ 92.9292033, 12.2386033 ], [ 92.9221517, 12.229278 ], [ 92.9187484, 12.233703 ], [ 92.9175142, 12.2384242 ], [ 92.9178882, 12.2465922 ], [ 92.9215826, 12.2583625 ], [ 92.9198653, 12.2691362 ], [ 92.9166207, 12.2637525 ], [ 92.9144283, 12.2643964 ], [ 92.9160321, 12.2684783 ], [ 92.9114754, 12.2629723 ], [ 92.9104319, 12.2646583 ], [ 92.9111814, 12.2694439 ], [ 92.9067872, 12.268692 ], [ 92.9043945, 12.2704158 ], [ 92.9065649, 12.272393 ], [ 92.9101157, 12.2719291 ], [ 92.9136012, 12.2736435 ], [ 92.9080655, 12.2734351 ], [ 92.9063907, 12.2752078 ], [ 92.9035898, 12.271058 ], [ 92.9000391, 12.2715684 ], [ 92.9001191, 12.2749291 ], [ 92.9041128, 12.2787694 ], [ 92.9019319, 12.2789681 ], [ 92.9002998, 12.2811082 ], [ 92.901242, 12.2821593 ], [ 92.9012753, 12.2907339 ], [ 92.9028516, 12.2930801 ], [ 92.9064623, 12.2927958 ], [ 92.9098384, 12.2946223 ], [ 92.910532, 12.2988893 ], [ 92.912058, 12.2999969 ], [ 92.9133908, 12.3040968 ], [ 92.9142568, 12.2931432 ], [ 92.9133712, 12.2914223 ], [ 92.9153867, 12.2925909 ], [ 92.9144445, 12.290941 ], [ 92.9167705, 12.2894585 ], [ 92.9181126, 12.2914543 ], [ 92.9191653, 12.2906136 ], [ 92.9177892, 12.2824366 ], [ 92.9201241, 12.2832911 ], [ 92.9203491, 12.2877163 ], [ 92.9218245, 12.2880305 ], [ 92.9245598, 12.2805046 ], [ 92.9261226, 12.280873 ], [ 92.9275384, 12.2780865 ], [ 92.9268786, 12.2820099 ], [ 92.9277749, 12.283766 ], [ 92.9278485, 12.2826518 ], [ 92.9292366, 12.2832869 ], [ 92.9297601, 12.2885748 ], [ 92.9270437, 12.2926865 ], [ 92.9288709, 12.2942053 ], [ 92.9274155, 12.2963865 ], [ 92.9285191, 12.2988814 ], [ 92.9280845, 12.3044366 ], [ 92.9334559, 12.3113887 ], [ 92.9357405, 12.3049927 ] ] ], [ [ [ 92.8881285, 12.2807244 ], [ 92.8897158, 12.2723397 ], [ 92.8838965, 12.2744881 ], [ 92.884305, 12.2771482 ], [ 92.8881285, 12.2807244 ] ] ], [ [ [ 92.8878058, 12.2864083 ], [ 92.8845182, 12.2797586 ], [ 92.8825965, 12.2821698 ], [ 92.881337, 12.2822283 ], [ 92.8814131, 12.2808383 ], [ 92.8768825, 12.28491 ], [ 92.8771045, 12.2887726 ], [ 92.8785015, 12.2902125 ], [ 92.8778056, 12.2881625 ], [ 92.8786361, 12.2881554 ], [ 92.8805538, 12.2907644 ], [ 92.885008, 12.2902794 ], [ 92.8878058, 12.2864083 ] ] ], [ [ [ 92.8869218, 12.2938167 ], [ 92.888383, 12.2965765 ], [ 92.8911845, 12.298202 ], [ 92.8909117, 12.2936773 ], [ 92.8869218, 12.2938167 ] ] ], [ [ [ 92.8847102, 12.2971273 ], [ 92.8786208, 12.2941277 ], [ 92.8760328, 12.2947874 ], [ 92.8785109, 12.2998653 ], [ 92.8803517, 12.3008104 ], [ 92.8820413, 12.2996581 ], [ 92.8814948, 12.2972397 ], [ 92.8847102, 12.2971273 ] ] ], [ [ [ 92.903622, 12.3408902 ], [ 92.9059581, 12.3400785 ], [ 92.9059217, 12.3373122 ], [ 92.9042595, 12.3380818 ], [ 92.903622, 12.3408902 ] ] ], [ [ [ 92.9122168, 12.3406113 ], [ 92.9131179, 12.3321593 ], [ 92.9127287, 12.3306344 ], [ 92.9124113, 12.3325916 ], [ 92.9113863, 12.3315925 ], [ 92.9100493, 12.3329765 ], [ 92.9113764, 12.3393016 ], [ 92.9096275, 12.3378035 ], [ 92.9070369, 12.3415594 ], [ 92.908966, 12.351169 ], [ 92.913931, 12.3563653 ], [ 92.9175508, 12.3542242 ], [ 92.919074, 12.3511675 ], [ 92.9122168, 12.3406113 ] ] ], [ [ [ 92.8946254, 12.3938392 ], [ 92.8946487, 12.3962199 ], [ 92.897134, 12.3967581 ], [ 92.8967554, 12.3920798 ], [ 92.8946254, 12.3938392 ] ] ], [ [ [ 92.956733, 12.4328173 ], [ 92.9585147, 12.4310608 ], [ 92.95498, 12.4305777 ], [ 92.9550008, 12.4280394 ], [ 92.9570772, 12.4266493 ], [ 92.9568352, 12.4236947 ], [ 92.958958, 12.4249112 ], [ 92.9605399, 12.4237946 ], [ 92.960705, 12.4214873 ], [ 92.9586628, 12.4194328 ], [ 92.95844, 12.4171661 ], [ 92.9532193, 12.4128908 ], [ 92.9511319, 12.4068878 ], [ 92.9454314, 12.405314 ], [ 92.9432303, 12.3981684 ], [ 92.9433297, 12.3839057 ], [ 92.937584, 12.3776067 ], [ 92.9323403, 12.3595891 ], [ 92.930127, 12.3569964 ], [ 92.9286666, 12.361006 ], [ 92.9255929, 12.3629473 ], [ 92.9208984, 12.3639008 ], [ 92.9164291, 12.3628717 ], [ 92.9179205, 12.376184 ], [ 92.9252793, 12.3864707 ], [ 92.9266928, 12.3864998 ], [ 92.9263115, 12.388724 ], [ 92.9277367, 12.3879505 ], [ 92.9278714, 12.3861348 ], [ 92.9278575, 12.388199 ], [ 92.9236076, 12.3904235 ], [ 92.9242164, 12.400831 ], [ 92.9311023, 12.418602 ], [ 92.9401391, 12.4233504 ], [ 92.9400471, 12.421852 ], [ 92.9443731, 12.4199048 ], [ 92.9473361, 12.4155779 ], [ 92.9465316, 12.4232147 ], [ 92.9475965, 12.4290094 ], [ 92.9519174, 12.4302251 ], [ 92.9513058, 12.4317552 ], [ 92.9532311, 12.434597 ], [ 92.9574575, 12.4377371 ], [ 92.95605, 12.4350477 ], [ 92.9573354, 12.4346137 ], [ 92.956733, 12.4328173 ] ] ], [ [ [ 92.8973404, 12.4082252 ], [ 92.896456, 12.4106347 ], [ 92.8978721, 12.4122803 ], [ 92.8988085, 12.4083959 ], [ 92.8973404, 12.4082252 ] ] ], [ [ [ 92.9019076, 12.4119395 ], [ 92.9016153, 12.4130424 ], [ 92.9024914, 12.4131984 ], [ 92.9019076, 12.4119395 ] ] ], [ [ [ 92.8886585, 12.4129659 ], [ 92.8882332, 12.4128076 ], [ 92.8884148, 12.4130472 ], [ 92.8886585, 12.4129659 ] ] ], [ [ [ 92.8885136, 12.4131896 ], [ 92.888288, 12.4144981 ], [ 92.8894367, 12.4140544 ], [ 92.8885136, 12.4131896 ] ] ], [ [ [ 92.8881937, 12.4147715 ], [ 92.8879706, 12.4144212 ], [ 92.8878718, 12.414715 ], [ 92.8881937, 12.4147715 ] ] ], [ [ [ 92.9028131, 12.4208549 ], [ 92.8982301, 12.4217694 ], [ 92.8992573, 12.4260795 ], [ 92.9008303, 12.4261227 ], [ 92.9033785, 12.4232912 ], [ 92.9028131, 12.4208549 ] ] ], [ [ [ 92.9689471, 12.7412451 ], [ 92.9681918, 12.740703 ], [ 92.9684223, 12.7415617 ], [ 92.9689471, 12.7412451 ] ] ], [ [ [ 92.9681231, 12.7417968 ], [ 92.967456, 12.7432705 ], [ 92.968335, 12.7418419 ], [ 92.9681231, 12.7417968 ] ] ], [ [ [ 92.9605989, 12.7558884 ], [ 92.9604008, 12.755346 ], [ 92.9602996, 12.7559245 ], [ 92.9605989, 12.7558884 ] ] ], [ [ [ 92.9585729, 12.7575023 ], [ 92.9598715, 12.7568105 ], [ 92.9599313, 12.7564218 ], [ 92.9587893, 12.7567112 ], [ 92.9585729, 12.7575023 ] ] ], [ [ [ 92.9560999, 12.7568134 ], [ 92.9541059, 12.7574374 ], [ 92.9540738, 12.7576363 ], [ 92.9560999, 12.7568134 ] ] ], [ [ [ 92.9393352, 12.769306 ], [ 92.9412243, 12.7694734 ], [ 92.9392946, 12.7690352 ], [ 92.9393352, 12.769306 ] ] ], [ [ [ 92.9435025, 12.7697436 ], [ 92.9446301, 12.7709285 ], [ 92.9470203, 12.7709734 ], [ 92.9466979, 12.7705215 ], [ 92.9435025, 12.7697436 ] ] ], [ [ [ 92.89102, 12.8996646 ], [ 92.8925932, 12.8995163 ], [ 92.8924708, 12.8977631 ], [ 92.890966, 12.8978526 ], [ 92.89102, 12.8996646 ] ] ], [ [ [ 92.9377182, 12.9179101 ], [ 92.9355889, 12.9123327 ], [ 92.9334738, 12.9114718 ], [ 92.9320167, 12.913461 ], [ 92.9322247, 12.9158581 ], [ 92.9290596, 12.9169548 ], [ 92.9309859, 12.9192325 ], [ 92.9346232, 12.9199228 ], [ 92.9377182, 12.9179101 ] ] ], [ [ [ 92.8918114, 12.9324346 ], [ 92.8891709, 12.9318196 ], [ 92.8891432, 12.9326106 ], [ 92.8918114, 12.9324346 ] ] ], [ [ [ 92.8932395, 12.9374338 ], [ 92.8893228, 12.9334242 ], [ 92.8874085, 12.9331286 ], [ 92.8891052, 12.9382765 ], [ 92.8932395, 12.9374338 ] ] ], [ [ [ 92.8988659, 12.9416889 ], [ 92.902099, 12.9406051 ], [ 92.9028065, 12.9373735 ], [ 92.9006774, 12.9390943 ], [ 92.9003847, 12.9395609 ], [ 92.9003754, 12.9401666 ], [ 92.9002234, 12.9403926 ], [ 92.8988659, 12.9416889 ] ] ], [ [ [ 92.8984029, 12.9415428 ], [ 92.8993339, 12.9405146 ], [ 92.9003754, 12.9401666 ], [ 92.8992694, 12.9403631 ], [ 92.8984029, 12.9415428 ] ] ], [ [ [ 92.9005135, 12.9423181 ], [ 92.9019284, 12.9407814 ], [ 92.8990712, 12.9422954 ], [ 92.9005135, 12.9423181 ] ] ], [ [ [ 92.8982509, 12.9418162 ], [ 92.8988729, 12.9423134 ], [ 92.8986333, 12.941649 ], [ 92.8982509, 12.9418162 ] ] ], [ [ [ 92.8819727, 12.9654854 ], [ 92.8818942, 12.9665927 ], [ 92.8827838, 12.9657025 ], [ 92.8819727, 12.9654854 ] ] ], [ [ [ 92.8858448, 12.9796242 ], [ 92.8870385, 12.9801554 ], [ 92.8865224, 12.9789463 ], [ 92.8858448, 12.9796242 ] ] ], [ [ [ 92.8886055, 12.9807161 ], [ 92.888315, 12.9814166 ], [ 92.888822, 12.9812178 ], [ 92.8886055, 12.9807161 ] ] ], [ [ [ 92.8931325, 12.9840735 ], [ 92.893408, 12.9831166 ], [ 92.8927904, 12.9831256 ], [ 92.8931325, 12.9840735 ] ] ], [ [ [ 92.9732842, 12.9940881 ], [ 92.9733465, 12.9944904 ], [ 92.9735238, 12.9942033 ], [ 92.9732842, 12.9940881 ] ] ], [ [ [ 92.9705196, 12.9992912 ], [ 92.970167, 12.9994064 ], [ 92.9703099, 12.9995985 ], [ 92.9705196, 12.9992912 ] ] ], [ [ [ 92.9382094, 13.0261851 ], [ 92.9398085, 13.0240704 ], [ 92.9381079, 13.0215719 ], [ 92.9414281, 13.0204151 ], [ 92.9425708, 13.0178735 ], [ 92.9391396, 13.0102444 ], [ 92.9412498, 13.0032636 ], [ 92.9432495, 13.0025068 ], [ 92.9461584, 12.9986469 ], [ 92.9440975, 12.9953884 ], [ 92.9413363, 12.9942655 ], [ 92.9400089, 12.9952916 ], [ 92.9348278, 12.9947001 ], [ 92.9340216, 12.997341 ], [ 92.9310013, 13.0000225 ], [ 92.9297394, 13.0000228 ], [ 92.9311304, 12.9981324 ], [ 92.9288798, 12.9976783 ], [ 92.9197563, 13.0000248 ], [ 92.9132213, 13.0118228 ], [ 92.9145223, 13.0202202 ], [ 92.9206857, 13.0313086 ], [ 92.9234785, 13.0314985 ], [ 92.9300434, 13.0252882 ], [ 92.9348868, 13.0270617 ], [ 92.9382094, 13.0261851 ] ] ], [ [ [ 92.9442925, 13.0247186 ], [ 92.9453341, 13.0259837 ], [ 92.9483848, 13.0246777 ], [ 92.9492805, 13.0185959 ], [ 92.9442925, 13.0247186 ] ] ], [ [ [ 92.9303914, 13.0504961 ], [ 92.9303684, 13.0532659 ], [ 92.9314008, 13.0544317 ], [ 92.9331061, 13.051497 ], [ 92.932152, 13.0487475 ], [ 92.9303914, 13.0504961 ] ] ], [ [ [ 92.9189264, 13.054429 ], [ 92.9120495, 13.0581584 ], [ 92.91328, 13.0599298 ], [ 92.9119735, 13.0611363 ], [ 92.9130697, 13.0673038 ], [ 92.9175296, 13.0595212 ], [ 92.9189264, 13.054429 ] ] ], [ [ [ 92.912936, 13.0683882 ], [ 92.9144755, 13.0679704 ], [ 92.913987, 13.0672 ], [ 92.912936, 13.0683882 ] ] ], [ [ [ 92.9098263, 13.0764353 ], [ 92.9109834, 13.0758389 ], [ 92.911751, 13.0737561 ], [ 92.9094553, 13.0754909 ], [ 92.9098263, 13.0764353 ] ] ], [ [ [ 92.8273654, 13.2083763 ], [ 92.8320012, 13.2154435 ], [ 92.8267402, 13.2151966 ], [ 92.8237334, 13.2165147 ], [ 92.8234682, 13.2154777 ], [ 92.8224765, 13.2167067 ], [ 92.824253, 13.2200753 ], [ 92.8293472, 13.2248336 ], [ 92.8247299, 13.2229652 ], [ 92.8247619, 13.226158 ], [ 92.8264468, 13.2286232 ], [ 92.8255122, 13.2371723 ], [ 92.8304553, 13.2430465 ], [ 92.8319822, 13.2433199 ], [ 92.8332823, 13.2417858 ], [ 92.8366806, 13.2439295 ], [ 92.8410488, 13.2408858 ], [ 92.839704, 13.2391755 ], [ 92.8413624, 13.2400181 ], [ 92.8437541, 13.2384792 ], [ 92.8469395, 13.2397034 ], [ 92.8504241, 13.238625 ], [ 92.8535973, 13.2339206 ], [ 92.8509601, 13.2278636 ], [ 92.8548018, 13.2237667 ], [ 92.8551402, 13.2201652 ], [ 92.8534454, 13.2219324 ], [ 92.8522417, 13.2218583 ], [ 92.8551945, 13.2194697 ], [ 92.8478053, 13.2127262 ], [ 92.8483236, 13.2080808 ], [ 92.849901, 13.2074886 ], [ 92.8541863, 13.2090542 ], [ 92.8584841, 13.2061295 ], [ 92.8612394, 13.2063784 ], [ 92.8582179, 13.2007748 ], [ 92.8591262, 13.1993738 ], [ 92.862926, 13.1964699 ], [ 92.8571702, 13.1962246 ], [ 92.8560769, 13.1951629 ], [ 92.8553774, 13.1907392 ], [ 92.8566127, 13.1882402 ], [ 92.8582778, 13.1876661 ], [ 92.8591496, 13.1886012 ], [ 92.8592848, 13.1921077 ], [ 92.8604323, 13.191737 ], [ 92.8609107, 13.1855192 ], [ 92.8616691, 13.1842945 ], [ 92.8631196, 13.1848251 ], [ 92.8614341, 13.1850265 ], [ 92.8605135, 13.1920338 ], [ 92.8587768, 13.1924332 ], [ 92.8579191, 13.1882096 ], [ 92.8557269, 13.1905364 ], [ 92.8578468, 13.1960148 ], [ 92.8638114, 13.1960811 ], [ 92.8585777, 13.2007205 ], [ 92.8621186, 13.206601 ], [ 92.8585672, 13.2067259 ], [ 92.8546058, 13.2096909 ], [ 92.8489437, 13.2083889 ], [ 92.8485802, 13.2124053 ], [ 92.8541244, 13.2133827 ], [ 92.8509419, 13.2134397 ], [ 92.8559869, 13.2195743 ], [ 92.8558674, 13.2238931 ], [ 92.8518089, 13.2281482 ], [ 92.8548368, 13.233958 ], [ 92.8515247, 13.2396576 ], [ 92.849569, 13.2407288 ], [ 92.8424957, 13.2408179 ], [ 92.8399889, 13.2428453 ], [ 92.8390189, 13.2458958 ], [ 92.841642, 13.2434677 ], [ 92.8475338, 13.2433451 ], [ 92.8512977, 13.251597 ], [ 92.850172, 13.262173 ], [ 92.8518555, 13.2569845 ], [ 92.8549793, 13.2554752 ], [ 92.8541074, 13.2543135 ], [ 92.8551314, 13.250589 ], [ 92.8546703, 13.2540605 ], [ 92.8580202, 13.2522573 ], [ 92.8585184, 13.2528449 ], [ 92.8571849, 13.2544222 ], [ 92.8594456, 13.2564969 ], [ 92.8604701, 13.2541061 ], [ 92.862025, 13.2531434 ], [ 92.8620295, 13.2549739 ], [ 92.8636168, 13.2537446 ], [ 92.865167, 13.2544226 ], [ 92.8649871, 13.2558418 ], [ 92.8688536, 13.2546035 ], [ 92.8692596, 13.2555436 ], [ 92.8678708, 13.2564792 ], [ 92.8688951, 13.2559866 ], [ 92.870007, 13.2577583 ], [ 92.8671694, 13.256791 ], [ 92.8688444, 13.2550148 ], [ 92.8646548, 13.2562802 ], [ 92.8643458, 13.2544316 ], [ 92.8620018, 13.2555615 ], [ 92.8615774, 13.253844 ], [ 92.8591964, 13.2568721 ], [ 92.8566497, 13.2542505 ], [ 92.8576879, 13.2525873 ], [ 92.8547948, 13.2547204 ], [ 92.8558559, 13.2563476 ], [ 92.8534243, 13.2566005 ], [ 92.8513014, 13.2617437 ], [ 92.8494649, 13.2632306 ], [ 92.8506136, 13.2653007 ], [ 92.8493632, 13.2646633 ], [ 92.8491327, 13.2623221 ], [ 92.8446803, 13.2606538 ], [ 92.8385389, 13.2611683 ], [ 92.8387884, 13.2591616 ], [ 92.8377502, 13.2590213 ], [ 92.8362915, 13.2633962 ], [ 92.8327101, 13.2682815 ], [ 92.8270027, 13.2664636 ], [ 92.8242472, 13.2702415 ], [ 92.8217049, 13.2696761 ], [ 92.8203435, 13.2706837 ], [ 92.8195688, 13.2683016 ], [ 92.8176812, 13.2699645 ], [ 92.8141425, 13.2681513 ], [ 92.8110965, 13.2708262 ], [ 92.8117463, 13.2738727 ], [ 92.8135824, 13.2754866 ], [ 92.8220501, 13.2739111 ], [ 92.8193865, 13.279054 ], [ 92.8214026, 13.2806047 ], [ 92.8208621, 13.283687 ], [ 92.8232742, 13.289649 ], [ 92.8280871, 13.2907121 ], [ 92.8320655, 13.2871241 ], [ 92.8380413, 13.2881465 ], [ 92.8345058, 13.2920916 ], [ 92.8334623, 13.2959061 ], [ 92.8408175, 13.3012043 ], [ 92.8398618, 13.3045216 ], [ 92.8355516, 13.3036668 ], [ 92.834416, 13.3053615 ], [ 92.835363, 13.3066451 ], [ 92.8376463, 13.3065778 ], [ 92.8388784, 13.3074457 ], [ 92.8349742, 13.3069254 ], [ 92.8335718, 13.3036484 ], [ 92.8299261, 13.3033766 ], [ 92.8270874, 13.3062416 ], [ 92.8249326, 13.3039949 ], [ 92.8236219, 13.3044014 ], [ 92.822675, 13.308591 ], [ 92.8206763, 13.3105838 ], [ 92.8221331, 13.31768 ], [ 92.825743, 13.3135814 ], [ 92.827667, 13.3160811 ], [ 92.8256317, 13.3162932 ], [ 92.8252614, 13.3214953 ], [ 92.822958, 13.3235784 ], [ 92.8240596, 13.3305299 ], [ 92.8263901, 13.3323292 ], [ 92.825522, 13.3339245 ], [ 92.8331091, 13.3382919 ], [ 92.8286036, 13.3421148 ], [ 92.829808, 13.3440268 ], [ 92.8311835, 13.3434576 ], [ 92.8326188, 13.3447233 ], [ 92.8333893, 13.3468387 ], [ 92.8307581, 13.3477015 ], [ 92.8312931, 13.3503908 ], [ 92.8288516, 13.3492469 ], [ 92.8277205, 13.3502862 ], [ 92.8286432, 13.3528445 ], [ 92.8300232, 13.3533465 ], [ 92.8298521, 13.355082 ], [ 92.8319155, 13.3546394 ], [ 92.8330231, 13.355887 ], [ 92.8314298, 13.3608765 ], [ 92.8336682, 13.3626124 ], [ 92.8315446, 13.3640855 ], [ 92.832703, 13.3654913 ], [ 92.8312397, 13.3657035 ], [ 92.8300158, 13.3690931 ], [ 92.8321713, 13.3704041 ], [ 92.8341657, 13.3691932 ], [ 92.8361828, 13.3697946 ], [ 92.8358546, 13.3728499 ], [ 92.8335649, 13.3732699 ], [ 92.8333338, 13.3747523 ], [ 92.8364036, 13.3752273 ], [ 92.8408301, 13.3786674 ], [ 92.8443385, 13.3788757 ], [ 92.8471501, 13.376449 ], [ 92.8493519, 13.3778141 ], [ 92.8499156, 13.3726663 ], [ 92.851393, 13.3704472 ], [ 92.8493206, 13.3677488 ], [ 92.8493023, 13.366307 ], [ 92.8512227, 13.3643321 ], [ 92.8485408, 13.3641872 ], [ 92.8478762, 13.363455 ], [ 92.8499861, 13.3593739 ], [ 92.8515833, 13.3587322 ], [ 92.8543621, 13.3591754 ], [ 92.8510109, 13.3594146 ], [ 92.8484994, 13.3630437 ], [ 92.8516844, 13.3637852 ], [ 92.8497546, 13.3670347 ], [ 92.8519839, 13.3700722 ], [ 92.8501648, 13.3727929 ], [ 92.8506723, 13.376264 ], [ 92.8528417, 13.3795455 ], [ 92.8564238, 13.3809695 ], [ 92.8568624, 13.3801153 ], [ 92.867092, 13.3885224 ], [ 92.8674521, 13.390493 ], [ 92.8697372, 13.3906783 ], [ 92.8670504, 13.3907732 ], [ 92.8657579, 13.38798 ], [ 92.8588749, 13.3839391 ], [ 92.8633895, 13.3894849 ], [ 92.8632922, 13.3976746 ], [ 92.8623826, 13.4012948 ], [ 92.8626324, 13.3906419 ], [ 92.8610074, 13.3902306 ], [ 92.8619354, 13.3890193 ], [ 92.8582378, 13.3853582 ], [ 92.8508376, 13.385909 ], [ 92.8503709, 13.3899089 ], [ 92.8442636, 13.387097 ], [ 92.8433079, 13.3880913 ], [ 92.8443137, 13.3925478 ], [ 92.8423937, 13.3891623 ], [ 92.8404225, 13.3884525 ], [ 92.8399283, 13.3903281 ], [ 92.837292, 13.3921175 ], [ 92.8388649, 13.4011887 ], [ 92.8412419, 13.4057449 ], [ 92.8458867, 13.4036935 ], [ 92.8417496, 13.4069472 ], [ 92.8420632, 13.40965 ], [ 92.8450962, 13.4122808 ], [ 92.8501564, 13.4121864 ], [ 92.8475426, 13.417447 ], [ 92.8485906, 13.4183511 ], [ 92.8501745, 13.4162089 ], [ 92.8513431, 13.4101165 ], [ 92.8536886, 13.4092986 ], [ 92.8598752, 13.4094256 ], [ 92.8631993, 13.4120698 ], [ 92.8613386, 13.4126482 ], [ 92.8622527, 13.4143476 ], [ 92.8704848, 13.4139863 ], [ 92.8727841, 13.4087842 ], [ 92.8729873, 13.4023934 ], [ 92.8789289, 13.3961335 ], [ 92.8827053, 13.3950849 ], [ 92.8825714, 13.3938691 ], [ 92.8801338, 13.3930149 ], [ 92.8791689, 13.3911122 ], [ 92.8798613, 13.3891777 ], [ 92.8815925, 13.3886398 ], [ 92.8821003, 13.389259 ], [ 92.8819619, 13.3919618 ], [ 92.883116, 13.3922194 ], [ 92.8824327, 13.3900002 ], [ 92.8839561, 13.3887392 ], [ 92.8820725, 13.3860817 ], [ 92.8820031, 13.3832478 ], [ 92.8844083, 13.3832252 ], [ 92.8851053, 13.3815619 ], [ 92.884205, 13.3803416 ], [ 92.8855345, 13.3791529 ], [ 92.8828939, 13.3765768 ], [ 92.8829169, 13.3751531 ], [ 92.8843063, 13.3743259 ], [ 92.8858713, 13.3748275 ], [ 92.887016, 13.3730693 ], [ 92.8853633, 13.3716366 ], [ 92.8851232, 13.3708096 ], [ 92.8872375, 13.3713925 ], [ 92.8880222, 13.3704207 ], [ 92.8869881, 13.3690784 ], [ 92.885017, 13.3693949 ], [ 92.8857047, 13.3672209 ], [ 92.8861018, 13.3689022 ], [ 92.8867296, 13.3686219 ], [ 92.8878144, 13.3692501 ], [ 92.8882669, 13.3714105 ], [ 92.8878191, 13.3717134 ], [ 92.8855018, 13.3712118 ], [ 92.8872375, 13.3725405 ], [ 92.8874038, 13.3736071 ], [ 92.885779, 13.3755281 ], [ 92.8842187, 13.3747869 ], [ 92.883337, 13.3762016 ], [ 92.8860146, 13.3786738 ], [ 92.8848236, 13.3802105 ], [ 92.8854884, 13.3815573 ], [ 92.8851607, 13.3828364 ], [ 92.8876583, 13.3838532 ], [ 92.8860426, 13.384938 ], [ 92.8848145, 13.3830489 ], [ 92.8841729, 13.3837178 ], [ 92.8823494, 13.3835145 ], [ 92.8824741, 13.38605 ], [ 92.8845193, 13.3888476 ], [ 92.8827974, 13.390294 ], [ 92.8835223, 13.3921516 ], [ 92.8826129, 13.3928431 ], [ 92.8816988, 13.3921968 ], [ 92.8811724, 13.3890014 ], [ 92.8798521, 13.3912658 ], [ 92.8824421, 13.3931911 ], [ 92.8857616, 13.3980361 ], [ 92.8890808, 13.3941987 ], [ 92.8906458, 13.3941399 ], [ 92.8921417, 13.3955996 ], [ 92.8938867, 13.3947814 ], [ 92.8949529, 13.3917351 ], [ 92.8986322, 13.3910432 ], [ 92.898475, 13.3885438 ], [ 92.9029116, 13.3899354 ], [ 92.9023389, 13.387531 ], [ 92.905976, 13.3823781 ], [ 92.9079334, 13.3825406 ], [ 92.9100295, 13.3843346 ], [ 92.9119404, 13.382427 ], [ 92.9153795, 13.3822005 ], [ 92.9179328, 13.3845458 ], [ 92.9180439, 13.3860508 ], [ 92.9195951, 13.3862901 ], [ 92.9247663, 13.3902077 ], [ 92.9216732, 13.3899054 ], [ 92.9210912, 13.3883372 ], [ 92.9178039, 13.3865435 ], [ 92.9175266, 13.3846724 ], [ 92.9149687, 13.382535 ], [ 92.9119081, 13.3828745 ], [ 92.9103435, 13.3848227 ], [ 92.9072455, 13.3826672 ], [ 92.9028883, 13.387644 ], [ 92.9039555, 13.394342 ], [ 92.9029813, 13.3936913 ], [ 92.9032487, 13.3907218 ], [ 92.898729, 13.3891404 ], [ 92.8990062, 13.391111 ], [ 92.8952576, 13.3921508 ], [ 92.8948654, 13.3942028 ], [ 92.8931251, 13.395934 ], [ 92.8889746, 13.3948541 ], [ 92.8869066, 13.3979276 ], [ 92.8878808, 13.3995591 ], [ 92.8898429, 13.399794 ], [ 92.893199, 13.3967385 ], [ 92.8966063, 13.3992918 ], [ 92.8980378, 13.4016148 ], [ 92.8971561, 13.4027629 ], [ 92.8994275, 13.4028033 ], [ 92.8972161, 13.4031651 ], [ 92.8967912, 13.4009641 ], [ 92.8953971, 13.4031201 ], [ 92.8922578, 13.4040424 ], [ 92.8938001, 13.4074275 ], [ 92.8962978, 13.4081685 ], [ 92.8951715, 13.4096601 ], [ 92.8967877, 13.4126113 ], [ 92.8947606, 13.4097369 ], [ 92.8957762, 13.4083538 ], [ 92.8935923, 13.4079698 ], [ 92.8918469, 13.4043723 ], [ 92.8922854, 13.4035813 ], [ 92.8952447, 13.4028444 ], [ 92.8960202, 13.4012579 ], [ 92.892193, 13.4029667 ], [ 92.886579, 13.401706 ], [ 92.8867454, 13.4058415 ], [ 92.8844647, 13.4069987 ], [ 92.8821193, 13.4042734 ], [ 92.8857663, 13.3997445 ], [ 92.8828992, 13.3962193 ], [ 92.8796399, 13.397268 ], [ 92.8745016, 13.4020679 ], [ 92.8736151, 13.4122282 ], [ 92.8721608, 13.414723 ], [ 92.8677053, 13.4163636 ], [ 92.8669064, 13.4220132 ], [ 92.8683931, 13.4247114 ], [ 92.8724516, 13.424829 ], [ 92.8733335, 13.4273103 ], [ 92.8798992, 13.4288514 ], [ 92.8811321, 13.4308717 ], [ 92.8774429, 13.4314955 ], [ 92.8774475, 13.4337372 ], [ 92.8714727, 13.4333305 ], [ 92.8732088, 13.4363587 ], [ 92.8749542, 13.4367519 ], [ 92.8742708, 13.4355768 ], [ 92.8757807, 13.4351384 ], [ 92.8786804, 13.4356988 ], [ 92.8831314, 13.4312513 ], [ 92.8849968, 13.4308083 ], [ 92.8866822, 13.4319743 ], [ 92.8888336, 13.4285437 ], [ 92.8892673, 13.423676 ], [ 92.890006, 13.4230613 ], [ 92.8913635, 13.4232194 ], [ 92.8939909, 13.4255604 ], [ 92.8976292, 13.4256459 ], [ 92.8985804, 13.4261611 ], [ 92.8988529, 13.4267396 ], [ 92.8978418, 13.4276662 ], [ 92.898987, 13.4287644 ], [ 92.8974771, 13.4278335 ], [ 92.8977909, 13.4260572 ], [ 92.8929335, 13.4257548 ], [ 92.8898353, 13.4237212 ], [ 92.8897109, 13.4278793 ], [ 92.8871532, 13.4327561 ], [ 92.8839995, 13.4315089 ], [ 92.8791929, 13.435753 ], [ 92.8801627, 13.4391337 ], [ 92.878362, 13.443346 ], [ 92.877383, 13.4423743 ], [ 92.8708261, 13.4451313 ], [ 92.8709183, 13.4541164 ], [ 92.8727146, 13.4552509 ], [ 92.8729917, 13.4571853 ], [ 92.8709876, 13.4578994 ], [ 92.87422, 13.4596395 ], [ 92.869519, 13.4629885 ], [ 92.8689048, 13.4650359 ], [ 92.8702578, 13.4695646 ], [ 92.8688677, 13.4739983 ], [ 92.8737721, 13.4716572 ], [ 92.8747927, 13.4720595 ], [ 92.87537, 13.476448 ], [ 92.8771018, 13.4760187 ], [ 92.8861952, 13.4792816 ], [ 92.8910581, 13.4785174 ], [ 92.8931038, 13.4765061 ], [ 92.8940364, 13.4724021 ], [ 92.8917272, 13.4713312 ], [ 92.891076, 13.4696137 ], [ 92.887871, 13.4690309 ], [ 92.8910251, 13.4691075 ], [ 92.8922814, 13.4711051 ], [ 92.895528, 13.4721625 ], [ 92.8963961, 13.4714076 ], [ 92.8949044, 13.4698937 ], [ 92.8968761, 13.4677105 ], [ 92.8983953, 13.4672222 ], [ 92.8976886, 13.4659387 ], [ 92.8982243, 13.4651477 ], [ 92.8986586, 13.4673939 ], [ 92.8953061, 13.4696224 ], [ 92.8972597, 13.4711002 ], [ 92.8960683, 13.4724652 ], [ 92.894355, 13.4726281 ], [ 92.8932517, 13.4774552 ], [ 92.8959348, 13.4763521 ], [ 92.897953, 13.4771519 ], [ 92.8996577, 13.4822951 ], [ 92.9021934, 13.484984 ], [ 92.9012746, 13.4873027 ], [ 92.9031086, 13.4911171 ], [ 92.9006426, 13.493445 ], [ 92.9018622, 13.4962877 ], [ 92.9043981, 13.4982987 ], [ 92.9126146, 13.4986817 ], [ 92.915751, 13.5006789 ], [ 92.9194917, 13.5008015 ], [ 92.9206095, 13.4988656 ], [ 92.9248956, 13.4989235 ], [ 92.9269042, 13.4966091 ], [ 92.9283163, 13.4915422 ], [ 92.9246931, 13.4807863 ], [ 92.9262959, 13.4817486 ], [ 92.9285124, 13.4805098 ], [ 92.9316115, 13.4815983 ], [ 92.9318191, 13.4807395 ], [ 92.9269828, 13.476117 ], [ 92.9265897, 13.4737985 ], [ 92.9210615, 13.4723488 ], [ 92.9225431, 13.468204 ], [ 92.919209, 13.4687922 ], [ 92.9187008, 13.4678838 ], [ 92.9207872, 13.4630519 ], [ 92.9195775, 13.4638205 ], [ 92.915569, 13.4634732 ], [ 92.9200391, 13.4630204 ], [ 92.918501, 13.4611089 ], [ 92.9183662, 13.4564988 ], [ 92.9189526, 13.4560694 ], [ 92.9202828, 13.4573527 ], [ 92.9203886, 13.4551516 ], [ 92.9207353, 13.4574611 ], [ 92.9201212, 13.4578002 ], [ 92.9190174, 13.4566343 ], [ 92.9189072, 13.4599924 ], [ 92.9213322, 13.4634405 ], [ 92.9195691, 13.4683175 ], [ 92.9227461, 13.4671644 ], [ 92.9232914, 13.469388 ], [ 92.9221096, 13.4714627 ], [ 92.9263448, 13.4732517 ], [ 92.9279196, 13.4733553 ], [ 92.9300619, 13.4711718 ], [ 92.9322234, 13.4718628 ], [ 92.9310603, 13.4748913 ], [ 92.92828, 13.4740648 ], [ 92.9276198, 13.4751316 ], [ 92.9319433, 13.4786378 ], [ 92.9328213, 13.481024 ], [ 92.931801, 13.4823801 ], [ 92.9281755, 13.481477 ], [ 92.926744, 13.482544 ], [ 92.9294016, 13.4913657 ], [ 92.9274817, 13.4977027 ], [ 92.9304047, 13.4952027 ], [ 92.934805, 13.5000241 ], [ 92.9297214, 13.4960209 ], [ 92.9272188, 13.4993118 ], [ 92.9227188, 13.501357 ], [ 92.9239898, 13.5014971 ], [ 92.9241152, 13.505027 ], [ 92.9222501, 13.5093708 ], [ 92.9186243, 13.5099545 ], [ 92.9143973, 13.5061949 ], [ 92.9124116, 13.5083918 ], [ 92.9132575, 13.5123644 ], [ 92.914288, 13.5147823 ], [ 92.9173924, 13.5170868 ], [ 92.9195171, 13.5165757 ], [ 92.9215119, 13.5135109 ], [ 92.9241589, 13.514907 ], [ 92.9271612, 13.5146849 ], [ 92.9259929, 13.5160953 ], [ 92.9271581, 13.5213876 ], [ 92.9261465, 13.5216183 ], [ 92.928669, 13.5233442 ], [ 92.9329087, 13.5202518 ], [ 92.9361162, 13.5271842 ], [ 92.9394275, 13.5246749 ], [ 92.9413264, 13.5258404 ], [ 92.9400276, 13.5232058 ], [ 92.9404569, 13.5220035 ], [ 92.9418148, 13.5218269 ], [ 92.9432472, 13.5231552 ], [ 92.9438744, 13.5197563 ], [ 92.9442669, 13.5194624 ], [ 92.9451725, 13.5200813 ], [ 92.9440777, 13.5200093 ], [ 92.9436122, 13.5234037 ], [ 92.941778, 13.5222743 ], [ 92.9407759, 13.5230881 ], [ 92.941793, 13.5261793 ], [ 92.9394461, 13.5250726 ], [ 92.937317, 13.5263974 ], [ 92.9380298, 13.5315858 ], [ 92.9347534, 13.5268139 ], [ 92.9326548, 13.5207761 ], [ 92.9299624, 13.5233394 ], [ 92.9310713, 13.5246815 ], [ 92.9308222, 13.5258702 ], [ 92.9302628, 13.5240716 ], [ 92.9271909, 13.5235841 ], [ 92.9242526, 13.5211306 ], [ 92.9190935, 13.5236581 ], [ 92.9210145, 13.5209685 ], [ 92.9177122, 13.5232154 ], [ 92.9164785, 13.5209196 ], [ 92.9144414, 13.5204273 ], [ 92.9113754, 13.5274198 ], [ 92.9135524, 13.5350984 ], [ 92.9180847, 13.5386681 ], [ 92.9204592, 13.5393004 ], [ 92.9224684, 13.5377498 ], [ 92.9243305, 13.5399053 ], [ 92.935672, 13.5417602 ], [ 92.9388037, 13.5405074 ], [ 92.941242, 13.5377814 ], [ 92.9455658, 13.5377802 ], [ 92.9477097, 13.5392575 ], [ 92.9477108, 13.5427783 ], [ 92.949721, 13.5447076 ], [ 92.9559947, 13.545465 ], [ 92.958553, 13.5428608 ], [ 92.9589093, 13.5443704 ], [ 92.9633451, 13.5470359 ], [ 92.9630688, 13.5492417 ], [ 92.965208, 13.5499778 ], [ 92.9715391, 13.5440095 ], [ 92.9760579, 13.5350991 ], [ 92.9749627, 13.5342181 ], [ 92.9768148, 13.533562 ], [ 92.9782033, 13.5292314 ], [ 92.9806611, 13.5299447 ], [ 92.9796436, 13.5269755 ], [ 92.9870347, 13.5276914 ], [ 92.9862103, 13.5230181 ], [ 92.9920069, 13.5220168 ], [ 92.9907071, 13.5183788 ], [ 92.9888415, 13.519496 ], [ 92.9878982, 13.5173629 ], [ 92.9893724, 13.5187455 ], [ 92.9905683, 13.5178817 ], [ 92.9927319, 13.5215555 ], [ 92.9936364, 13.5198782 ], [ 92.9954055, 13.5199001 ], [ 92.9947191, 13.5234169 ], [ 92.9957635, 13.5244154 ], [ 93.0, 13.5239135 ], [ 92.9954866, 13.5248042 ], [ 92.9943633, 13.5232272 ], [ 92.9947359, 13.520149 ], [ 92.9910236, 13.5232467 ], [ 92.9869958, 13.5235375 ], [ 92.9882729, 13.5281519 ], [ 92.9857604, 13.5289439 ], [ 92.9873253, 13.5364193 ], [ 92.9905084, 13.537105 ], [ 92.9910076, 13.5376608 ], [ 92.9897978, 13.5387009 ], [ 92.9910314, 13.5390574 ], [ 92.9895715, 13.5388456 ], [ 92.990333, 13.5373537 ], [ 92.9872655, 13.5370657 ], [ 92.9850264, 13.539783 ], [ 92.9829937, 13.5395759 ], [ 92.9829729, 13.5446789 ], [ 92.9788637, 13.5497518 ], [ 92.9791849, 13.5551756 ], [ 92.9806685, 13.5564904 ], [ 92.9825621, 13.5554908 ], [ 92.9836715, 13.5567288 ], [ 92.9823062, 13.5614572 ], [ 92.9854548, 13.5665952 ], [ 92.9855938, 13.5674448 ], [ 92.9831578, 13.5648513 ], [ 92.9822479, 13.5654528 ], [ 92.9820881, 13.5694395 ], [ 92.9858509, 13.5737953 ], [ 92.9892381, 13.5750731 ], [ 92.9971626, 13.5678333 ], [ 93.003964, 13.565849 ], [ 93.0083206, 13.5591326 ], [ 93.0069593, 13.5549861 ], [ 93.010516, 13.5486626 ], [ 93.0132329, 13.5596547 ], [ 93.0117998, 13.5606487 ], [ 93.0118478, 13.5667026 ], [ 93.0135201, 13.5683942 ], [ 93.0144817, 13.5676667 ], [ 93.0138815, 13.5663418 ], [ 93.0153835, 13.5662384 ], [ 93.0164131, 13.5684542 ], [ 93.0138341, 13.5690092 ], [ 93.0142254, 13.572233 ], [ 93.0251756, 13.5797833 ], [ 93.0273295, 13.5793998 ], [ 93.040528, 13.5421185 ], [ 93.0408492, 13.5353232 ], [ 93.0442057, 13.5297135 ], [ 93.0444705, 13.5253959 ], [ 93.0421392, 13.519052 ], [ 93.0435175, 13.5147347 ], [ 93.0423224, 13.5101589 ], [ 93.043165, 13.5049055 ], [ 93.0396858, 13.4977067 ], [ 93.0393358, 13.4944513 ], [ 93.0405655, 13.4922997 ], [ 93.0391584, 13.4863358 ], [ 93.0363872, 13.4843138 ], [ 93.0339846, 13.4848103 ], [ 93.0378115, 13.4802769 ], [ 93.0338267, 13.4746828 ], [ 93.0350011, 13.4720338 ], [ 93.0337237, 13.4658619 ], [ 93.030994, 13.4645995 ], [ 93.0240315, 13.4666269 ], [ 93.022876, 13.4680778 ], [ 93.0186222, 13.4663037 ], [ 93.0161478, 13.4623376 ], [ 93.0144048, 13.4553155 ], [ 93.0119158, 13.4536054 ], [ 93.010801, 13.4569099 ], [ 93.012015, 13.4588138 ], [ 93.0103562, 13.4597761 ], [ 93.0080605, 13.4593682 ], [ 93.0094593, 13.4613039 ], [ 93.0077357, 13.462361 ], [ 93.0060866, 13.4623603 ], [ 93.0051114, 13.4632822 ], [ 93.0056249, 13.4617904 ], [ 93.0087247, 13.4614889 ], [ 93.0078066, 13.4590561 ], [ 93.0114376, 13.4588136 ], [ 93.0104546, 13.4567831 ], [ 93.0115649, 13.4532932 ], [ 93.0144698, 13.4545966 ], [ 93.0169974, 13.4632648 ], [ 93.0256416, 13.4606415 ], [ 93.0274612, 13.4618448 ], [ 93.0298959, 13.4610771 ], [ 93.0346479, 13.4523168 ], [ 93.0337292, 13.4508651 ], [ 93.0350002, 13.449039 ], [ 93.0334396, 13.447135 ], [ 93.033519, 13.4446981 ], [ 93.0356101, 13.4486594 ], [ 93.0364696, 13.4475701 ], [ 93.0363737, 13.4444686 ], [ 93.0335052, 13.4445354 ], [ 93.0349983, 13.441457 ], [ 93.0362959, 13.442434 ], [ 93.0365966, 13.4412857 ], [ 93.0351984, 13.4375191 ], [ 93.032898, 13.4379342 ], [ 93.0342567, 13.4357871 ], [ 93.0315235, 13.4325987 ], [ 93.0259848, 13.4340615 ], [ 93.0184431, 13.4316396 ], [ 93.0165446, 13.4321452 ], [ 93.0166121, 13.4361827 ], [ 93.0127717, 13.4404264 ], [ 93.0132096, 13.4426104 ], [ 93.012858, 13.4437315 ], [ 93.0127078, 13.4388847 ], [ 93.0105277, 13.4387436 ], [ 93.0078676, 13.4376482 ], [ 93.0132669, 13.4384328 ], [ 93.0163676, 13.4353778 ], [ 93.0153983, 13.4337859 ], [ 93.0118596, 13.4351227 ], [ 93.0052466, 13.4323617 ], [ 93.0017731, 13.4325952 ], [ 93.0007089, 13.4361529 ], [ 92.9973487, 13.4363868 ], [ 92.9965193, 13.4410608 ], [ 92.9970244, 13.4355918 ], [ 92.9938004, 13.4334917 ], [ 92.991552, 13.4340894 ], [ 92.9910034, 13.4357438 ], [ 92.9927357, 13.4373972 ], [ 92.9907921, 13.4380761 ], [ 92.992117, 13.4373659 ], [ 92.9902185, 13.4358391 ], [ 92.9916849, 13.4320419 ], [ 92.9908805, 13.4298593 ], [ 92.9888168, 13.4304614 ], [ 92.9902379, 13.4281783 ], [ 92.9890878, 13.4274059 ], [ 92.9903897, 13.4271161 ], [ 92.9924102, 13.4326969 ], [ 93.0000578, 13.4358225 ], [ 93.000563, 13.4324725 ], [ 93.0054367, 13.4309467 ], [ 93.0076842, 13.4252284 ], [ 93.0130006, 13.4248555 ], [ 93.0123041, 13.4227212 ], [ 93.0098978, 13.422702 ], [ 93.007512, 13.4182069 ], [ 93.0103329, 13.4205366 ], [ 93.0103136, 13.422327 ], [ 93.0134036, 13.4221882 ], [ 93.0131852, 13.4251902 ], [ 93.007508, 13.4266887 ], [ 93.0052747, 13.4315163 ], [ 93.0079806, 13.4332039 ], [ 93.0131211, 13.4339432 ], [ 93.0144244, 13.4323658 ], [ 93.0130256, 13.4306698 ], [ 93.0152514, 13.4319412 ], [ 93.0301764, 13.4283031 ], [ 93.0325886, 13.4252069 ], [ 93.0390401, 13.4279128 ], [ 93.0391755, 13.4237036 ], [ 93.036119, 13.4207548 ], [ 93.0360649, 13.4170383 ], [ 93.0394877, 13.415873 ], [ 93.0404122, 13.4135584 ], [ 93.0414834, 13.4144314 ], [ 93.0452538, 13.4094502 ], [ 93.0444466, 13.4061178 ], [ 93.0463314, 13.4045631 ], [ 93.0492035, 13.4063589 ], [ 93.0523795, 13.4112834 ], [ 93.0545777, 13.4121385 ], [ 93.0577577, 13.4202413 ], [ 93.0610643, 13.4214719 ], [ 93.0619151, 13.4179456 ], [ 93.0601383, 13.4125514 ], [ 93.0607903, 13.4094771 ], [ 93.0589897, 13.4071121 ], [ 93.0601217, 13.4051908 ], [ 93.0584459, 13.4026811 ], [ 93.0583961, 13.3990235 ], [ 93.0595555, 13.398436 ], [ 93.0600439, 13.4026815 ], [ 93.061388, 13.4019946 ], [ 93.064786, 13.4063087 ], [ 93.0694595, 13.4078469 ], [ 93.0703325, 13.4073588 ], [ 93.0680708, 13.4017566 ], [ 93.0684968, 13.3966296 ], [ 93.0641932, 13.3943093 ], [ 93.0651822, 13.3914069 ], [ 93.0633671, 13.3922383 ], [ 93.0636077, 13.3902445 ], [ 93.060707, 13.3920795 ], [ 93.0597467, 13.3912157 ], [ 93.0555301, 13.3920555 ], [ 93.0535174, 13.3894055 ], [ 93.0511205, 13.3897982 ], [ 93.0495022, 13.3811215 ], [ 93.0482789, 13.3794212 ], [ 93.0468199, 13.3787968 ], [ 93.0456751, 13.3772412 ], [ 93.0480252, 13.3787429 ], [ 93.0470428, 13.3746102 ], [ 93.0432915, 13.3796909 ], [ 93.0418876, 13.3799934 ], [ 93.042469, 13.3812279 ], [ 93.0419238, 13.3819601 ], [ 93.0413564, 13.3802509 ], [ 93.0432362, 13.3792795 ], [ 93.0435323, 13.3776338 ], [ 93.0399035, 13.3752364 ], [ 93.0371228, 13.3773062 ], [ 93.038877, 13.3791515 ], [ 93.0388352, 13.3798341 ], [ 93.0382532, 13.3801188 ], [ 93.0361755, 13.379042 ], [ 93.036535, 13.38114 ], [ 93.0354772, 13.3818902 ], [ 93.0341105, 13.3814602 ], [ 93.0360639, 13.3814247 ], [ 93.0357924, 13.3787751 ], [ 93.0384751, 13.3795989 ], [ 93.0367025, 13.3776813 ], [ 93.0378762, 13.3754075 ], [ 93.0328888, 13.3758896 ], [ 93.0267064, 13.3736176 ], [ 93.0270148, 13.3761587 ], [ 93.026263, 13.3739566 ], [ 93.024711, 13.3748873 ], [ 93.0249657, 13.3732236 ], [ 93.0128791, 13.3773013 ], [ 93.0099182, 13.379122 ], [ 93.0087477, 13.3835568 ], [ 93.0038277, 13.3872936 ], [ 93.0034256, 13.3880439 ], [ 93.0040151, 13.3913583 ], [ 93.0036497, 13.3923934 ], [ 93.0004676, 13.3928893 ], [ 93.0004066, 13.3946435 ], [ 92.9992072, 13.3959498 ], [ 93.0002737, 13.3926631 ], [ 93.0037286, 13.3916339 ], [ 92.9996644, 13.3866665 ], [ 92.9971476, 13.3855836 ], [ 92.996409, 13.3875707 ], [ 92.9967764, 13.3837649 ], [ 92.9998184, 13.3833491 ], [ 92.9999159, 13.3822418 ], [ 92.9970434, 13.3823547 ], [ 92.9943557, 13.380408 ], [ 92.991143, 13.3808705 ], [ 92.9919221, 13.3787097 ], [ 92.9901724, 13.3785659 ], [ 92.9887546, 13.3773191 ], [ 92.9890694, 13.3791043 ], [ 92.9858984, 13.3800141 ], [ 92.9867887, 13.378581 ], [ 92.985288, 13.3777591 ], [ 92.9824767, 13.3779004 ], [ 92.9796294, 13.3799174 ], [ 92.9831089, 13.3772945 ], [ 92.9858695, 13.3774605 ], [ 92.9887508, 13.378892 ], [ 92.9879331, 13.3777443 ], [ 92.9887267, 13.3767813 ], [ 92.9923743, 13.3783208 ], [ 92.9922552, 13.3802915 ], [ 92.9949076, 13.3763355 ], [ 92.9938292, 13.3798433 ], [ 92.9972108, 13.3819377 ], [ 93.0001407, 13.3818799 ], [ 93.0001399, 13.3834262 ], [ 92.996883, 13.3846643 ], [ 93.0, 13.3863605 ], [ 93.0031801, 13.3896036 ], [ 93.003024, 13.3877227 ], [ 93.0038976, 13.3861362 ], [ 93.0082445, 13.3832898 ], [ 93.0088513, 13.3793521 ], [ 93.0164126, 13.3753542 ], [ 93.0163073, 13.3733512 ], [ 93.0141838, 13.3716684 ], [ 93.0141288, 13.370737 ], [ 93.0173616, 13.3699381 ], [ 93.0143826, 13.3712751 ], [ 93.0166906, 13.3731705 ], [ 93.0168329, 13.3751238 ], [ 93.0243335, 13.3721202 ], [ 93.0343255, 13.3743981 ], [ 93.0362989, 13.3698233 ], [ 93.0400537, 13.3682331 ], [ 93.0357325, 13.365442 ], [ 93.0329591, 13.3605988 ], [ 93.0290295, 13.3608325 ], [ 93.0243764, 13.357589 ], [ 93.027119, 13.3580738 ], [ 93.0288681, 13.3604029 ], [ 93.0311314, 13.3585591 ], [ 93.0315326, 13.3599563 ], [ 93.0363393, 13.3601705 ], [ 93.0411248, 13.3552032 ], [ 93.0411584, 13.3515365 ], [ 93.037456, 13.3492566 ], [ 93.0340115, 13.3491559 ], [ 93.0314371, 13.3438968 ], [ 93.0288276, 13.3458626 ], [ 93.0259978, 13.344374 ], [ 93.0237894, 13.347737 ], [ 93.0187881, 13.3494304 ], [ 93.0152654, 13.3486784 ], [ 93.0107478, 13.3526506 ], [ 93.0045423, 13.3522047 ], [ 93.0002108, 13.3492173 ], [ 92.9991889, 13.3504948 ], [ 92.9885808, 13.3416408 ], [ 92.9871556, 13.3339083 ], [ 92.988072, 13.3296322 ], [ 92.9841621, 13.3280159 ], [ 92.9799777, 13.3320493 ], [ 92.9779087, 13.3397607 ], [ 92.9749467, 13.342641 ], [ 92.9761994, 13.3469748 ], [ 92.9757996, 13.3513229 ], [ 92.9709466, 13.3468232 ], [ 92.9690509, 13.350173 ], [ 92.9702013, 13.3529432 ], [ 92.9678996, 13.3570118 ], [ 92.9692482, 13.358905 ], [ 92.9730426, 13.359342 ], [ 92.965302, 13.3600816 ], [ 92.9609849, 13.3567747 ], [ 92.9575012, 13.3606899 ], [ 92.9540433, 13.3590911 ], [ 92.9542932, 13.3608989 ], [ 92.9508176, 13.3615282 ], [ 92.9538684, 13.3605736 ], [ 92.953817, 13.3586256 ], [ 92.9574318, 13.3602199 ], [ 92.9591524, 13.3569968 ], [ 92.9621104, 13.3548218 ], [ 92.9619707, 13.3514456 ], [ 92.960595, 13.3507501 ], [ 92.9610418, 13.3482957 ], [ 92.9598375, 13.349286 ], [ 92.9589095, 13.3485993 ], [ 92.9600166, 13.3466645 ], [ 92.95649, 13.3461459 ], [ 92.9546246, 13.3442844 ], [ 92.9508218, 13.3458584 ], [ 92.9493599, 13.3500577 ], [ 92.9454045, 13.3510215 ], [ 92.9494704, 13.3490994 ], [ 92.9506416, 13.3452754 ], [ 92.9492844, 13.344738 ], [ 92.9495927, 13.3415108 ], [ 92.949963, 13.3448192 ], [ 92.9553676, 13.3438005 ], [ 92.9581584, 13.3390494 ], [ 92.9551074, 13.3387024 ], [ 92.9557386, 13.3353079 ], [ 92.9597758, 13.331397 ], [ 92.9578877, 13.3304033 ], [ 92.958935, 13.3293002 ], [ 92.9582281, 13.327027 ], [ 92.9567557, 13.3268738 ], [ 92.9553707, 13.3257037 ], [ 92.9519143, 13.3269432 ], [ 92.9555829, 13.3253059 ], [ 92.9575402, 13.326503 ], [ 92.9611759, 13.3230803 ], [ 92.9605524, 13.3219099 ], [ 92.9576543, 13.3228374 ], [ 92.9559783, 13.3209081 ], [ 92.9526413, 13.320073 ], [ 92.9494664, 13.3211858 ], [ 92.9479182, 13.3186942 ], [ 92.9484268, 13.317376 ], [ 92.9493878, 13.3208378 ], [ 92.9526319, 13.3195532 ], [ 92.9562044, 13.3205916 ], [ 92.9582726, 13.3224847 ], [ 92.9607041, 13.3203099 ], [ 92.9617898, 13.3233196 ], [ 92.9590075, 13.3254449 ], [ 92.9593268, 13.3278899 ], [ 92.964607, 13.3283446 ], [ 92.9692069, 13.3242345 ], [ 92.97727, 13.3247917 ], [ 92.9801254, 13.3215273 ], [ 92.9847633, 13.3206395 ], [ 92.9847436, 13.3178734 ], [ 92.987499, 13.3181163 ], [ 92.9880517, 13.3158336 ], [ 92.9907278, 13.314481 ], [ 92.9892185, 13.3140523 ], [ 92.9881885, 13.3121861 ], [ 92.9887647, 13.3108706 ], [ 92.9922671, 13.3099063 ], [ 92.9914509, 13.3113033 ], [ 92.9886404, 13.3114583 ], [ 92.9894259, 13.3134918 ], [ 92.991106, 13.3138887 ], [ 92.9904375, 13.3153534 ], [ 92.9883566, 13.3163668 ], [ 92.9891555, 13.3174963 ], [ 92.9908853, 13.3156832 ], [ 92.9969723, 13.3148938 ], [ 92.9936658, 13.3013725 ], [ 92.9868127, 13.3011406 ], [ 92.9831895, 13.2998993 ], [ 92.9826954, 13.299226 ], [ 92.9828934, 13.2983988 ], [ 92.9846606, 13.2976749 ], [ 92.9862793, 13.2952788 ], [ 92.9903852, 13.2927368 ], [ 92.9905509, 13.2919051 ], [ 92.9861621, 13.2915049 ], [ 92.9842913, 13.2872074 ], [ 92.9817537, 13.2883068 ], [ 92.9828283, 13.2868465 ], [ 92.9821168, 13.2850615 ], [ 92.9831589, 13.2832939 ], [ 92.9811471, 13.2834122 ], [ 92.9806294, 13.2815323 ], [ 92.9783601, 13.2838111 ], [ 92.976772, 13.2821847 ], [ 92.9736992, 13.28323 ], [ 92.9738601, 13.2819056 ], [ 92.9772333, 13.2817687 ], [ 92.9780184, 13.2833457 ], [ 92.9799646, 13.2807687 ], [ 92.9810584, 13.2812473 ], [ 92.9813361, 13.2829511 ], [ 92.9834726, 13.2830316 ], [ 92.9827078, 13.2858296 ], [ 92.985251, 13.2870534 ], [ 92.9863551, 13.2895749 ], [ 92.9903508, 13.288407 ], [ 92.9885829, 13.2873321 ], [ 92.9885962, 13.2862067 ], [ 92.9907844, 13.2881627 ], [ 92.9865678, 13.2906414 ], [ 92.9903195, 13.2906262 ], [ 92.9925076, 13.2921076 ], [ 92.9987187, 13.2860113 ], [ 92.9964302, 13.2831296 ], [ 92.9945891, 13.2833746 ], [ 92.9943981, 13.2797725 ], [ 92.9953906, 13.2804454 ], [ 92.9950503, 13.2828591 ], [ 92.9969053, 13.2828853 ], [ 92.9989361, 13.2849537 ], [ 92.9979177, 13.2820922 ], [ 93.0, 13.2808543 ], [ 92.9988128, 13.2824136 ], [ 93.0, 13.2844261 ], [ 92.9971983, 13.2901868 ], [ 92.9863595, 13.2991566 ], [ 92.9933649, 13.299402 ], [ 92.9950435, 13.2971188 ], [ 92.9957359, 13.2974168 ], [ 92.9966045, 13.2995044 ], [ 92.99789, 13.3002346 ], [ 93.0008431, 13.2987256 ], [ 93.0006844, 13.3021888 ], [ 93.0025301, 13.3039078 ], [ 93.0102311, 13.3022566 ], [ 93.0051278, 13.2971859 ], [ 93.0050131, 13.295825 ], [ 93.0074985, 13.2919333 ], [ 93.0054836, 13.2965576 ], [ 93.0095995, 13.300606 ], [ 93.0139955, 13.2979133 ], [ 93.0166913, 13.298231 ], [ 93.0175369, 13.2964499 ], [ 93.0200104, 13.2983137 ], [ 93.0210082, 13.2967724 ], [ 93.0210321, 13.2948689 ], [ 93.017635, 13.2936513 ], [ 93.0120208, 13.2955885 ], [ 93.011546, 13.294024 ], [ 93.0154384, 13.2920906 ], [ 93.0161412, 13.2895861 ], [ 93.0146507, 13.2883421 ], [ 93.0127092, 13.2841998 ], [ 93.0094098, 13.2818382 ], [ 93.0110923, 13.2768249 ], [ 93.0135343, 13.2765095 ], [ 93.0160028, 13.2788842 ], [ 93.0183528, 13.2779493 ], [ 93.0253533, 13.2825728 ], [ 93.0286265, 13.281602 ], [ 93.0335533, 13.277607 ], [ 93.0331278, 13.2797002 ], [ 93.035547, 13.2788239 ], [ 93.0388511, 13.281461 ], [ 93.0421844, 13.2799655 ], [ 93.0457193, 13.2827472 ], [ 93.0466346, 13.2786467 ], [ 93.0423671, 13.2718364 ], [ 93.0397414, 13.2697693 ], [ 93.0423737, 13.2658864 ], [ 93.0458543, 13.2650149 ], [ 93.0444102, 13.2629256 ], [ 93.0466358, 13.2605978 ], [ 93.044296, 13.2593809 ], [ 93.043641, 13.2581328 ], [ 93.0437069, 13.2542672 ], [ 93.0445039, 13.2589108 ], [ 93.0617217, 13.270707 ], [ 93.0649196, 13.2743474 ], [ 93.0658014, 13.2737825 ], [ 93.0635191, 13.2632429 ], [ 93.0602236, 13.2630386 ], [ 93.0564037, 13.2562919 ], [ 93.0565296, 13.2513909 ], [ 93.0579259, 13.2493586 ], [ 93.0558794, 13.2416473 ], [ 93.0568323, 13.2329062 ], [ 93.0537974, 13.2297777 ], [ 93.0533556, 13.226008 ], [ 93.0472294, 13.2242074 ], [ 93.0455333, 13.2189504 ], [ 93.0437743, 13.2227012 ], [ 93.0423443, 13.2221539 ], [ 93.0453008, 13.21001 ], [ 93.0424093, 13.2071662 ], [ 93.0400175, 13.2001416 ], [ 93.0362182, 13.1950148 ], [ 93.0351555, 13.186915 ], [ 93.0317544, 13.1785837 ], [ 93.036078, 13.1741196 ], [ 93.0371355, 13.170599 ], [ 93.0341713, 13.166268 ], [ 93.0335452, 13.1629367 ], [ 93.0361239, 13.1490119 ], [ 93.0354708, 13.1438545 ], [ 93.0369202, 13.1401307 ], [ 93.0301594, 13.1273552 ], [ 93.0332282, 13.1217562 ], [ 93.0315892, 13.1144697 ], [ 93.0327649, 13.1026235 ], [ 93.0346152, 13.0989676 ], [ 93.0334416, 13.0931682 ], [ 93.0351025, 13.0903439 ], [ 93.0346211, 13.0828045 ], [ 93.033377, 13.0803498 ], [ 93.0293056, 13.0805518 ], [ 93.0257394, 13.074182 ], [ 93.0256985, 13.0725322 ], [ 93.0291897, 13.0701154 ], [ 93.0299423, 13.0673495 ], [ 93.0231871, 13.0578281 ], [ 93.0214607, 13.0518114 ], [ 93.0199357, 13.0495463 ], [ 93.0160168, 13.0498656 ], [ 93.0131359, 13.0486622 ], [ 93.0137143, 13.0440205 ], [ 93.0097917, 13.0426854 ], [ 93.0108901, 13.0400011 ], [ 93.0088456, 13.0349877 ], [ 93.0034368, 13.0281557 ], [ 93.0009797, 13.0281319 ], [ 93.0, 13.031506 ], [ 92.9966042, 13.0305676 ], [ 92.993832, 13.0314032 ], [ 92.9939368, 13.0348111 ], [ 92.9912295, 13.0314412 ], [ 92.9910449, 13.0282413 ], [ 92.9979385, 13.026019 ], [ 92.9992559, 13.0249918 ], [ 92.9986202, 13.0241828 ], [ 92.9935792, 13.0251647 ], [ 92.990224, 13.0240812 ], [ 92.9868787, 13.0253494 ], [ 92.9819613, 13.0242481 ], [ 92.9792429, 13.0263791 ], [ 92.9664136, 13.0296865 ], [ 92.9660306, 13.0266729 ], [ 92.9694445, 13.0215259 ], [ 92.9687273, 13.0179747 ], [ 92.9742154, 13.0160874 ], [ 92.9746988, 13.0142438 ], [ 92.9713919, 13.0114566 ], [ 92.961985, 13.0152375 ], [ 92.9596393, 13.014228 ], [ 92.9529533, 13.018729 ], [ 92.9496155, 13.028342 ], [ 92.9390509, 13.0338797 ], [ 92.9347419, 13.0378741 ], [ 92.9331958, 13.0422388 ], [ 92.9340208, 13.0441003 ], [ 92.9331406, 13.0480495 ], [ 92.9355996, 13.0528298 ], [ 92.9430247, 13.0540699 ], [ 92.9461495, 13.0519822 ], [ 92.9481728, 13.0518239 ], [ 92.9475321, 13.0505543 ], [ 92.9484724, 13.0515031 ], [ 92.9482788, 13.0521764 ], [ 92.9454076, 13.0529808 ], [ 92.9442923, 13.0545127 ], [ 92.9452236, 13.0557862 ], [ 92.9434371, 13.0546734 ], [ 92.9392777, 13.0565574 ], [ 92.9381417, 13.0588573 ], [ 92.938598, 13.0607189 ], [ 92.9465561, 13.0666128 ], [ 92.9466254, 13.0688223 ], [ 92.9498656, 13.0674394 ], [ 92.9507462, 13.0698973 ], [ 92.9525669, 13.0699898 ], [ 92.9538206, 13.0690543 ], [ 92.9558072, 13.068896 ], [ 92.9557674, 13.0643369 ], [ 92.9567309, 13.0656381 ], [ 92.9560054, 13.0691581 ], [ 92.9528988, 13.0701885 ], [ 92.9539776, 13.072538 ], [ 92.9555677, 13.0718375 ], [ 92.9562315, 13.0721446 ], [ 92.9559828, 13.0728225 ], [ 92.9537702, 13.0726645 ], [ 92.9524609, 13.0702699 ], [ 92.9504006, 13.0700464 ], [ 92.9495523, 13.0676924 ], [ 92.9464734, 13.0693058 ], [ 92.9461183, 13.0670736 ], [ 92.9399025, 13.0632447 ], [ 92.9372938, 13.0654497 ], [ 92.9381331, 13.0772563 ], [ 92.9391242, 13.078657 ], [ 92.9410694, 13.0783316 ], [ 92.9415902, 13.0789822 ], [ 92.9391993, 13.0789865 ], [ 92.9379165, 13.077907 ], [ 92.9366905, 13.0836409 ], [ 92.9388293, 13.0826378 ], [ 92.9366055, 13.0841149 ], [ 92.9348998, 13.0892755 ], [ 92.9389518, 13.0910556 ], [ 92.9390854, 13.0886654 ], [ 92.939892, 13.0880779 ], [ 92.9409753, 13.0880779 ], [ 92.9421279, 13.0891487 ], [ 92.9441147, 13.0889882 ], [ 92.9455851, 13.0896568 ], [ 92.9421924, 13.0894491 ], [ 92.9406343, 13.0882586 ], [ 92.9393574, 13.0885704 ], [ 92.9407669, 13.0945893 ], [ 92.9403861, 13.1040552 ], [ 92.9427786, 13.1043601 ], [ 92.9412872, 13.1025098 ], [ 92.941845, 13.1018094 ], [ 92.9439772, 13.1035467 ], [ 92.9416652, 13.1020941 ], [ 92.9431798, 13.1044594 ], [ 92.9408378, 13.1051893 ], [ 92.9426777, 13.1116665 ], [ 92.9425973, 13.1173779 ], [ 92.9443172, 13.12036 ], [ 92.9441352, 13.1219234 ], [ 92.946141, 13.1235144 ], [ 92.9437898, 13.1297958 ], [ 92.9416437, 13.1322404 ], [ 92.9444517, 13.1339075 ], [ 92.9397514, 13.1401254 ], [ 92.9403831, 13.1407353 ], [ 92.942096, 13.1395649 ], [ 92.9432925, 13.1397502 ], [ 92.9419555, 13.1427189 ], [ 92.9406369, 13.1440023 ], [ 92.9412226, 13.145525 ], [ 92.9400191, 13.1457329 ], [ 92.9402726, 13.1439932 ], [ 92.9429236, 13.1398857 ], [ 92.9400835, 13.1410877 ], [ 92.9392811, 13.1400304 ], [ 92.9440506, 13.133998 ], [ 92.9415838, 13.1333565 ], [ 92.9413118, 13.13215 ], [ 92.9456983, 13.1237197 ], [ 92.9435635, 13.1220409 ], [ 92.9421133, 13.1176473 ], [ 92.941834, 13.1111672 ], [ 92.9392058, 13.1041546 ], [ 92.9381964, 13.1069109 ], [ 92.9371696, 13.1083242 ], [ 92.9366475, 13.1085241 ], [ 92.9363155, 13.1076385 ], [ 92.9372881, 13.1053883 ], [ 92.9363707, 13.1047874 ], [ 92.9357806, 13.1064682 ], [ 92.9338998, 13.1074533 ], [ 92.9341626, 13.1088631 ], [ 92.9335935, 13.1092929 ], [ 92.9335218, 13.10739 ], [ 92.9358867, 13.104575 ], [ 92.9376753, 13.105194 ], [ 92.9368548, 13.1082756 ], [ 92.9381733, 13.1063958 ], [ 92.9396434, 13.0938661 ], [ 92.9386845, 13.0920181 ], [ 92.9357619, 13.0932968 ], [ 92.936209, 13.0920678 ], [ 92.9337658, 13.0892348 ], [ 92.9357915, 13.0773468 ], [ 92.9345513, 13.060597 ], [ 92.93315, 13.0580667 ], [ 92.9274002, 13.0559633 ], [ 92.9251024, 13.0642772 ], [ 92.9256601, 13.0662156 ], [ 92.9289718, 13.0684251 ], [ 92.9287229, 13.0725369 ], [ 92.9285248, 13.0684568 ], [ 92.9254596, 13.0666448 ], [ 92.9245907, 13.0648419 ], [ 92.9270775, 13.0557374 ], [ 92.922593, 13.0534894 ], [ 92.9195832, 13.0562274 ], [ 92.9171329, 13.0657114 ], [ 92.9128343, 13.0715557 ], [ 92.9135578, 13.0746509 ], [ 92.9085262, 13.0792411 ], [ 92.9101578, 13.0810848 ], [ 92.9119925, 13.0800412 ], [ 92.9100886, 13.0814508 ], [ 92.9081712, 13.079476 ], [ 92.906461, 13.0803569 ], [ 92.9040061, 13.0794673 ], [ 92.9008742, 13.0818665 ], [ 92.9005507, 13.0915906 ], [ 92.8988623, 13.0955132 ], [ 92.8969721, 13.0964573 ], [ 92.8924545, 13.0959302 ], [ 92.8871143, 13.0933401 ], [ 92.8881164, 13.0967562 ], [ 92.8924167, 13.1007559 ], [ 92.8922944, 13.1033147 ], [ 92.8875084, 13.1179435 ], [ 92.8828992, 13.1231954 ], [ 92.8838641, 13.1280743 ], [ 92.8789853, 13.131713 ], [ 92.8769281, 13.1350901 ], [ 92.8786751, 13.1369092 ], [ 92.8783381, 13.1384862 ], [ 92.8739231, 13.1395312 ], [ 92.8773669, 13.141179 ], [ 92.8767531, 13.1434336 ], [ 92.8732521, 13.1486608 ], [ 92.8758022, 13.147586 ], [ 92.8771688, 13.1499088 ], [ 92.8757651, 13.1482999 ], [ 92.8729915, 13.1490809 ], [ 92.8766797, 13.1418882 ], [ 92.8734203, 13.1401162 ], [ 92.8743682, 13.1385756 ], [ 92.876102, 13.1381829 ], [ 92.8758347, 13.137627 ], [ 92.874862, 13.1369399 ], [ 92.8733124, 13.1383449 ], [ 92.8732204, 13.1374502 ], [ 92.8745458, 13.1364245 ], [ 92.8780888, 13.1379816 ], [ 92.8763504, 13.1349972 ], [ 92.8782245, 13.1314733 ], [ 92.8830273, 13.1280154 ], [ 92.8821293, 13.1231229 ], [ 92.8884682, 13.1139222 ], [ 92.888762, 13.1079261 ], [ 92.8862125, 13.1081651 ], [ 92.8839515, 13.1066409 ], [ 92.8814871, 13.1084014 ], [ 92.8803214, 13.1051884 ], [ 92.8766784, 13.1037136 ], [ 92.8766685, 13.1023883 ], [ 92.8730699, 13.1043982 ], [ 92.8731992, 13.1034629 ], [ 92.8768807, 13.1020653 ], [ 92.8770441, 13.103326 ], [ 92.8808793, 13.1048858 ], [ 92.8817131, 13.1077688 ], [ 92.8839632, 13.1062511 ], [ 92.8868142, 13.1079144 ], [ 92.8889674, 13.1071015 ], [ 92.8912296, 13.1011556 ], [ 92.8857217, 13.0958476 ], [ 92.885568, 13.0923005 ], [ 92.8873336, 13.0916389 ], [ 92.8940244, 13.094053 ], [ 92.898314, 13.0934505 ], [ 92.8998261, 13.0812879 ], [ 92.902626, 13.0787863 ], [ 92.9084204, 13.0766068 ], [ 92.9117742, 13.0711173 ], [ 92.9121387, 13.0667931 ], [ 92.9101134, 13.0613211 ], [ 92.8950649, 13.0586624 ], [ 92.8890949, 13.0521729 ], [ 92.8857801, 13.0453608 ], [ 92.8760507, 13.0549715 ], [ 92.8641638, 13.059678 ], [ 92.8665431, 13.0645529 ], [ 92.864944, 13.0659946 ], [ 92.8602737, 13.0667789 ], [ 92.8586324, 13.0704418 ], [ 92.8592413, 13.0733833 ], [ 92.8589882, 13.0752042 ], [ 92.8581425, 13.075898 ], [ 92.8561419, 13.0757808 ], [ 92.854575, 13.0777375 ], [ 92.8557596, 13.0779091 ], [ 92.8580325, 13.0799013 ], [ 92.85363, 13.0777195 ], [ 92.8564207, 13.0751482 ], [ 92.8586701, 13.075019 ], [ 92.8580471, 13.0713614 ], [ 92.8511098, 13.0737743 ], [ 92.8478008, 13.073692 ], [ 92.8465563, 13.0750207 ], [ 92.8482827, 13.0758971 ], [ 92.8482644, 13.076855 ], [ 92.8462936, 13.0751381 ], [ 92.8479297, 13.0733035 ], [ 92.8577335, 13.0705211 ], [ 92.8596065, 13.0664248 ], [ 92.8548124, 13.0636399 ], [ 92.8495901, 13.0638665 ], [ 92.8483912, 13.0594951 ], [ 92.8502182, 13.0558643 ], [ 92.8494391, 13.0548523 ], [ 92.8444661, 13.0562558 ], [ 92.8437449, 13.057643 ], [ 92.8446762, 13.0599744 ], [ 92.8443399, 13.0609549 ], [ 92.841665, 13.0600109 ], [ 92.8443629, 13.0604399 ], [ 92.8433923, 13.0572996 ], [ 92.8455536, 13.0544437 ], [ 92.8438803, 13.0521079 ], [ 92.8435898, 13.0508925 ], [ 92.8459178, 13.0547961 ], [ 92.8486739, 13.0542763 ], [ 92.8508173, 13.0552135 ], [ 92.8488659, 13.0592329 ], [ 92.8499312, 13.0633288 ], [ 92.854591, 13.0629622 ], [ 92.8602839, 13.0655978 ], [ 92.8655014, 13.0644402 ], [ 92.8630302, 13.0614269 ], [ 92.8634723, 13.0592263 ], [ 92.8705977, 13.0558061 ], [ 92.8663354, 13.0524978 ], [ 92.8674965, 13.0511466 ], [ 92.8696213, 13.0510851 ], [ 92.8678004, 13.0493233 ], [ 92.8689544, 13.0469735 ], [ 92.8673412, 13.0465785 ], [ 92.8635568, 13.0436513 ], [ 92.8693047, 13.0469057 ], [ 92.8682889, 13.0493097 ], [ 92.8699396, 13.051323 ], [ 92.8667917, 13.0525339 ], [ 92.8700646, 13.0547992 ], [ 92.8759958, 13.0536385 ], [ 92.8792049, 13.0489045 ], [ 92.8780228, 13.0478802 ], [ 92.8740843, 13.0485142 ], [ 92.8741192, 13.0472806 ], [ 92.8750092, 13.0454735 ], [ 92.8733543, 13.0467699 ], [ 92.8725808, 13.0435209 ], [ 92.8734834, 13.0463949 ], [ 92.8751844, 13.0453199 ], [ 92.8747158, 13.0483652 ], [ 92.8778708, 13.0474826 ], [ 92.8814356, 13.0483736 ], [ 92.8837845, 13.0449762 ], [ 92.8865132, 13.0439037 ], [ 92.8891442, 13.047031 ], [ 92.8896575, 13.0506819 ], [ 92.8970975, 13.0581498 ], [ 92.9048639, 13.0579363 ], [ 92.9145824, 13.0555312 ], [ 92.9208626, 13.0452162 ], [ 92.9211071, 13.0396902 ], [ 92.9148143, 13.0324966 ], [ 92.908253, 13.0193951 ], [ 92.902195, 13.0227401 ], [ 92.8985479, 13.019875 ], [ 92.8963451, 13.020078 ], [ 92.8953361, 13.018083 ], [ 92.8965525, 13.0199018 ], [ 92.8988106, 13.0195994 ], [ 92.9017342, 13.021877 ], [ 92.9044394, 13.0213488 ], [ 92.905986, 13.0164669 ], [ 92.9017742, 13.0153571 ], [ 92.9009266, 13.0139247 ], [ 92.9058065, 13.0151701 ], [ 92.9104683, 13.0075166 ], [ 92.9045659, 13.0034699 ], [ 92.9041646, 13.0067004 ], [ 92.9024319, 13.0075948 ], [ 92.9015893, 13.0024439 ], [ 92.9015013, 13.0063657 ], [ 92.8977454, 13.008055 ], [ 92.8998097, 13.0096774 ], [ 92.8976713, 13.0110461 ], [ 92.8991368, 13.0098444 ], [ 92.896478, 13.0095096 ], [ 92.8965838, 13.0111001 ], [ 92.8942659, 13.011111 ], [ 92.8965795, 13.0092521 ], [ 92.8991876, 13.0094649 ], [ 92.8971879, 13.0079736 ], [ 92.9010036, 13.0062527 ], [ 92.9014165, 13.0020101 ], [ 92.9105699, 13.0057455 ], [ 92.9128094, 13.0048285 ], [ 92.9143843, 13.0014345 ], [ 92.9135204, 13.0007806 ], [ 92.9151639, 12.9988617 ], [ 92.9147813, 12.9938536 ], [ 92.9178349, 12.9911665 ], [ 92.9168715, 12.9895258 ], [ 92.9183879, 12.9872794 ], [ 92.927888, 12.9909423 ], [ 92.9307412, 12.9910823 ], [ 92.9317643, 12.9897398 ], [ 92.9324287, 12.9893316 ], [ 92.9330458, 12.9894052 ], [ 92.9314694, 12.9904358 ], [ 92.9330321, 12.9912945 ], [ 92.933216, 12.9855904 ], [ 92.9309526, 12.9841125 ], [ 92.9312775, 12.9825938 ], [ 92.9318855, 12.9817033 ], [ 92.9332411, 12.9829055 ], [ 92.9364814, 12.9827493 ], [ 92.9385735, 12.9788483 ], [ 92.9378379, 12.9741749 ], [ 92.9362422, 12.9736854 ], [ 92.9373117, 12.9702251 ], [ 92.9341868, 12.9661659 ], [ 92.9373994, 12.9687013 ], [ 92.9386304, 12.9723668 ], [ 92.939326, 12.9688728 ], [ 92.9380859, 12.9665678 ], [ 92.9337003, 12.9644236 ], [ 92.9324929, 12.9651739 ], [ 92.932841, 12.9666655 ], [ 92.9286975, 12.9664941 ], [ 92.9299347, 12.9623582 ], [ 92.9307207, 12.9656215 ], [ 92.9315939, 12.9629457 ], [ 92.9273902, 12.9568576 ], [ 92.9255421, 12.9562159 ], [ 92.9197812, 12.9580083 ], [ 92.9163407, 12.9548988 ], [ 92.9160042, 12.9525348 ], [ 92.9150133, 12.9505528 ], [ 92.9157184, 12.9526591 ], [ 92.9154578, 12.9537242 ], [ 92.9151467, 12.9524385 ], [ 92.9140948, 12.9510249 ], [ 92.9122952, 12.9473563 ], [ 92.9105383, 12.946616 ], [ 92.9126053, 12.946833 ], [ 92.91464, 12.9503811 ], [ 92.9125776, 12.9458341 ], [ 92.9104577, 12.9453052 ], [ 92.9076902, 12.9490115 ], [ 92.9068375, 12.953423 ], [ 92.9070102, 12.9605735 ], [ 92.9089921, 12.9628652 ], [ 92.9058165, 12.9651296 ], [ 92.9040533, 12.9740586 ], [ 92.9049266, 12.9768068 ], [ 92.9072606, 12.9777354 ], [ 92.9062056, 12.979695 ], [ 92.9045993, 12.9798577 ], [ 92.9061318, 12.9835663 ], [ 92.9013888, 12.9859414 ], [ 92.8996834, 12.9847526 ], [ 92.8956041, 12.9859479 ], [ 92.8985698, 12.9939099 ], [ 92.8960299, 12.9951776 ], [ 92.8902786, 12.9893248 ], [ 92.8862038, 12.9824556 ], [ 92.887648, 12.9913068 ], [ 92.8849974, 12.9928829 ], [ 92.8866256, 12.9936017 ], [ 92.8864687, 12.9951509 ], [ 92.8887342, 12.9966031 ], [ 92.890185, 12.9961626 ], [ 92.8905837, 12.9973038 ], [ 92.8886544, 12.9989783 ], [ 92.8874039, 13.0019783 ], [ 92.8879634, 13.0037676 ], [ 92.886055, 13.0072848 ], [ 92.8877306, 13.0000286 ], [ 92.8902772, 12.996732 ], [ 92.8880186, 12.9966641 ], [ 92.8860919, 12.9954412 ], [ 92.8855343, 12.9939089 ], [ 92.8864511, 12.9989307 ], [ 92.8855476, 12.9998888 ], [ 92.883271, 13.0005496 ], [ 92.8832014, 13.0021921 ], [ 92.8848946, 13.0028928 ], [ 92.8850143, 13.0033897 ], [ 92.8830463, 13.0055129 ], [ 92.8848715, 13.0033084 ], [ 92.8830125, 13.0022507 ], [ 92.8830807, 13.0004214 ], [ 92.8861753, 12.99889 ], [ 92.8844312, 12.9930048 ], [ 92.8865563, 12.9913011 ], [ 92.886059, 12.9859675 ], [ 92.8848425, 12.9840464 ], [ 92.8821506, 12.9841049 ], [ 92.8802035, 12.9816911 ], [ 92.8802913, 12.9800458 ], [ 92.882098, 12.980846 ], [ 92.8820983, 12.9780391 ], [ 92.8797596, 12.9740659 ], [ 92.8777132, 12.97346 ], [ 92.8802904, 12.9684974 ], [ 92.8732739, 12.9640015 ], [ 92.8765145, 12.9599565 ], [ 92.8762935, 12.9580446 ], [ 92.8725265, 12.9537683 ], [ 92.8726285, 12.9491896 ], [ 92.8741357, 12.9487061 ], [ 92.8761893, 12.944851 ], [ 92.8726691, 12.9406289 ], [ 92.8706734, 12.9355918 ], [ 92.8679311, 12.9346277 ], [ 92.8580302, 12.9351187 ], [ 92.8536628, 12.9401913 ], [ 92.8553277, 12.9445594 ], [ 92.8550238, 12.9457256 ], [ 92.8541187, 12.9473914 ], [ 92.8551687, 12.9445888 ], [ 92.8539126, 12.9435721 ], [ 92.8494198, 12.9455711 ], [ 92.8499487, 12.9503757 ], [ 92.8484056, 12.9537004 ], [ 92.8542083, 12.954725 ], [ 92.8477839, 12.9557345 ], [ 92.8497705, 12.9566991 ], [ 92.8505682, 12.957743 ], [ 92.8496948, 12.9592239 ], [ 92.848527, 12.9598679 ], [ 92.8512788, 12.9610243 ], [ 92.84808, 12.9598408 ], [ 92.8503171, 12.9579057 ], [ 92.847346, 12.955468 ], [ 92.8505536, 12.9546853 ], [ 92.8482052, 12.954166 ], [ 92.8470225, 12.9517323 ], [ 92.8467964, 12.9503787 ], [ 92.8479664, 12.9481545 ], [ 92.8420257, 12.9471367 ], [ 92.8423463, 12.9484451 ], [ 92.8450055, 12.9485418 ], [ 92.8459716, 12.9511134 ], [ 92.8455412, 12.9531203 ], [ 92.8448432, 12.9538212 ], [ 92.8438959, 12.9535139 ], [ 92.8438634, 12.9522506 ], [ 92.8421445, 12.9525538 ], [ 92.844387, 12.9543545 ], [ 92.8433989, 12.9567887 ], [ 92.8440874, 12.9544291 ], [ 92.8418634, 12.9527008 ], [ 92.842543, 12.9519412 ], [ 92.8441837, 12.9518942 ], [ 92.845032, 12.9534843 ], [ 92.8448351, 12.9489396 ], [ 92.8427843, 12.9489784 ], [ 92.8411844, 12.9478663 ], [ 92.8400109, 12.9499128 ], [ 92.8429326, 12.9428765 ], [ 92.8423273, 12.9461535 ], [ 92.8480722, 12.9474268 ], [ 92.8485404, 12.9487963 ], [ 92.8474188, 12.951409 ], [ 92.8492021, 12.9505544 ], [ 92.8491703, 12.9430445 ], [ 92.8468249, 12.9444869 ], [ 92.8454837, 12.9440421 ], [ 92.8487808, 12.942457 ], [ 92.8492907, 12.9427222 ], [ 92.8501339, 12.9445155 ], [ 92.8522424, 12.9436702 ], [ 92.8529285, 12.9397613 ], [ 92.8560967, 12.9351922 ], [ 92.855646, 12.9344434 ], [ 92.852606, 12.9345236 ], [ 92.8499681, 12.9332597 ], [ 92.8480898, 12.9348885 ], [ 92.849121, 12.9393359 ], [ 92.847929, 12.9346563 ], [ 92.8499235, 12.932583 ], [ 92.8489814, 12.9321866 ], [ 92.8488633, 12.9316611 ], [ 92.8504517, 12.9305218 ], [ 92.8459435, 12.9297205 ], [ 92.8448143, 12.9304567 ], [ 92.8454936, 12.9310072 ], [ 92.845368, 12.9321862 ], [ 92.8428915, 12.9330609 ], [ 92.8443563, 12.9312509 ], [ 92.8452343, 12.9319897 ], [ 92.8444782, 12.9303017 ], [ 92.8461025, 12.9295064 ], [ 92.8503739, 12.930167 ], [ 92.8507687, 12.9309081 ], [ 92.8491606, 12.9319526 ], [ 92.8523294, 12.9340716 ], [ 92.8557579, 12.9336753 ], [ 92.8559532, 12.9263507 ], [ 92.8588378, 12.9178863 ], [ 92.8537219, 12.9128871 ], [ 92.8519142, 12.9123404 ], [ 92.8497763, 12.9111799 ], [ 92.8447747, 12.9126343 ], [ 92.849676, 12.9109687 ], [ 92.8576967, 12.9133079 ], [ 92.8588023, 12.9120398 ], [ 92.8585853, 12.9053187 ], [ 92.8603978, 12.9031125 ], [ 92.8641991, 12.9028356 ], [ 92.8654714, 12.9056868 ], [ 92.8703652, 12.9096904 ], [ 92.8749411, 12.9081732 ], [ 92.8750425, 12.9019024 ], [ 92.8703192, 12.8964673 ], [ 92.8686124, 12.8904586 ], [ 92.8694567, 12.8868854 ], [ 92.8728159, 12.8836551 ], [ 92.8615648, 12.8814752 ], [ 92.8557749, 12.8790676 ], [ 92.8496265, 12.8790963 ], [ 92.8422727, 12.876924 ], [ 92.8409896, 12.8771276 ], [ 92.840808, 12.878626 ], [ 92.8435444, 12.8876088 ], [ 92.8425263, 12.8920312 ], [ 92.8383713, 12.8927626 ], [ 92.8318276, 12.8876608 ], [ 92.8287819, 12.8868364 ], [ 92.8264675, 12.8925795 ], [ 92.8279306, 12.8936843 ], [ 92.8282955, 12.8987872 ], [ 92.8272194, 12.8974834 ], [ 92.8277256, 12.89356 ], [ 92.8265113, 12.8929998 ], [ 92.8259588, 12.8955265 ], [ 92.8238534, 12.8969551 ], [ 92.8102242, 12.900367 ], [ 92.8045683, 12.900415 ], [ 92.8046632, 12.9062728 ], [ 92.8060503, 12.9075812 ], [ 92.8081743, 12.9058861 ], [ 92.8085107, 12.9061075 ], [ 92.808891, 12.9072014 ], [ 92.8087965, 12.9078997 ], [ 92.8097528, 12.9091945 ], [ 92.8085386, 12.9082161 ], [ 92.808384, 12.9061617 ], [ 92.8060872, 12.9079541 ], [ 92.8042762, 12.9063497 ], [ 92.8043816, 12.9001167 ], [ 92.8023358, 12.8999631 ], [ 92.802421, 12.8987789 ], [ 92.8013636, 12.8997349 ], [ 92.7972517, 12.9111412 ], [ 92.7939548, 12.913885 ], [ 92.7950125, 12.9188546 ], [ 92.7931871, 12.923969 ], [ 92.7944129, 12.9259034 ], [ 92.7922794, 12.9281024 ], [ 92.7922518, 12.9306336 ], [ 92.7956966, 12.933472 ], [ 92.7959225, 12.9354947 ], [ 92.7980171, 12.936385 ], [ 92.7982084, 12.9388574 ], [ 92.7995147, 12.9342063 ], [ 92.8002968, 12.9381319 ], [ 92.8023015, 12.938412 ], [ 92.7978039, 12.9432101 ], [ 92.8001613, 12.9455785 ], [ 92.7983665, 12.9506024 ], [ 92.8009843, 12.9520916 ], [ 92.7955751, 12.9495743 ], [ 92.7911555, 12.9519451 ], [ 92.7918707, 12.9572786 ], [ 92.7900872, 12.9630189 ], [ 92.7915184, 12.9695953 ], [ 92.7968669, 12.9634142 ], [ 92.7956618, 12.967446 ], [ 92.7971477, 12.9726235 ], [ 92.7939678, 12.9761255 ], [ 92.7924636, 12.9804296 ], [ 92.7940109, 12.9871162 ], [ 92.799374, 12.9918469 ], [ 92.8023625, 12.9849808 ], [ 92.8045076, 12.9833557 ], [ 92.8108506, 12.9841077 ], [ 92.810969, 12.9786531 ], [ 92.8117614, 12.9772972 ], [ 92.81038, 12.97576 ], [ 92.8111231, 12.9725118 ], [ 92.8107429, 12.9750905 ], [ 92.8120008, 12.9773407 ], [ 92.8115766, 12.9831304 ], [ 92.8153663, 12.9870804 ], [ 92.8171702, 12.9866438 ], [ 92.8199347, 12.9832479 ], [ 92.8214512, 12.9827053 ], [ 92.8196882, 12.9791207 ], [ 92.8214762, 12.9804725 ], [ 92.8211869, 12.9779436 ], [ 92.8220818, 12.977166 ], [ 92.8216977, 12.980483 ], [ 92.8212336, 12.9808364 ], [ 92.8205036, 12.9802669 ], [ 92.8216312, 12.9827849 ], [ 92.8181836, 12.9859519 ], [ 92.8164349, 12.9909932 ], [ 92.812766, 12.9916151 ], [ 92.8107888, 12.9944476 ], [ 92.8059489, 12.9946203 ], [ 92.8076158, 12.9961541 ], [ 92.807021, 12.9990147 ], [ 92.8086728, 12.9980852 ], [ 92.8104324, 12.9992237 ], [ 92.8118978, 12.9980764 ], [ 92.8148783, 12.9987728 ], [ 92.8183259, 13.0006474 ], [ 92.8195887, 13.0054408 ], [ 92.8228558, 13.006505 ], [ 92.8241414, 13.0034551 ], [ 92.8261827, 13.00233 ], [ 92.8246631, 12.9984816 ], [ 92.8260588, 12.9990639 ], [ 92.8264361, 13.0026283 ], [ 92.8282954, 13.0022893 ], [ 92.8290048, 12.9992447 ], [ 92.8307672, 12.9990445 ], [ 92.833356, 12.9961976 ], [ 92.8342022, 12.9967265 ], [ 92.8356328, 12.9945609 ], [ 92.8369008, 12.9968359 ], [ 92.8377245, 12.9940133 ], [ 92.8384283, 12.9935728 ], [ 92.8402514, 12.994273 ], [ 92.8396404, 12.9930483 ], [ 92.8419822, 12.991376 ], [ 92.8405006, 12.9943783 ], [ 92.8379947, 12.9940754 ], [ 92.8369347, 12.9971471 ], [ 92.8356283, 12.995405 ], [ 92.8345985, 12.9971442 ], [ 92.8330099, 12.99697 ], [ 92.8316556, 12.9985618 ], [ 92.8334056, 13.0017492 ], [ 92.8331085, 13.0047223 ], [ 92.8308067, 13.002183 ], [ 92.830446, 12.9997733 ], [ 92.8295494, 12.9995 ], [ 92.8296179, 13.0019279 ], [ 92.8247911, 13.0035906 ], [ 92.8228972, 13.0074809 ], [ 92.8259595, 13.0167525 ], [ 92.8292866, 13.0152388 ], [ 92.8321071, 13.0200892 ], [ 92.8340104, 13.0205319 ], [ 92.8345402, 13.0187064 ], [ 92.8353144, 13.0187425 ], [ 92.8353676, 13.0219053 ], [ 92.8371373, 13.0230665 ], [ 92.8350174, 13.0219144 ], [ 92.8350334, 13.0190543 ], [ 92.8339129, 13.0209363 ], [ 92.8316325, 13.0204462 ], [ 92.8292037, 13.0160837 ], [ 92.8260257, 13.0176693 ], [ 92.8230793, 13.0130565 ], [ 92.8204803, 13.0121506 ], [ 92.8181774, 13.01232 ], [ 92.8176298, 13.0159281 ], [ 92.8150472, 13.0166913 ], [ 92.8135561, 13.0220555 ], [ 92.8127728, 13.0218467 ], [ 92.8113511, 13.0204211 ], [ 92.8129558, 13.0209332 ], [ 92.8147891, 13.0162485 ], [ 92.8173739, 13.0155699 ], [ 92.8173975, 13.0118839 ], [ 92.8156418, 13.0116398 ], [ 92.8143124, 13.0068549 ], [ 92.8133492, 13.0092044 ], [ 92.8113355, 13.0100786 ], [ 92.8077228, 13.0090482 ], [ 92.8053728, 13.0063867 ], [ 92.8042278, 13.0085161 ], [ 92.8050245, 13.0125994 ], [ 92.8020982, 13.0125087 ], [ 92.7998935, 13.0099715 ], [ 92.7977, 13.0101203 ], [ 92.795543, 13.0124152 ], [ 92.7916468, 13.0127786 ], [ 92.7885033, 13.0181053 ], [ 92.7901223, 13.0244268 ], [ 92.7945756, 13.0301499 ], [ 92.7919161, 13.032917 ], [ 92.7922296, 13.0379494 ], [ 92.7960217, 13.0389022 ], [ 92.7924096, 13.0476878 ], [ 92.7960369, 13.0471754 ], [ 92.7979062, 13.0441643 ], [ 92.7989636, 13.0432835 ], [ 92.7992312, 13.0433893 ], [ 92.791706, 13.0533493 ], [ 92.7933894, 13.0629896 ], [ 92.7938687, 13.0641645 ], [ 92.7957585, 13.0641512 ], [ 92.7965394, 13.0677299 ], [ 92.7967046, 13.0745212 ], [ 92.7953884, 13.0766899 ], [ 92.7962913, 13.0813259 ], [ 92.7928443, 13.0919825 ], [ 92.7942827, 13.0905254 ], [ 92.8008194, 13.0913485 ], [ 92.8015206, 13.0856552 ], [ 92.7989418, 13.0826818 ], [ 92.7972546, 13.0826138 ], [ 92.7979168, 13.081545 ], [ 92.8009793, 13.0814575 ], [ 92.8019217, 13.0776327 ], [ 92.804527, 13.0748314 ], [ 92.8090557, 13.0759072 ], [ 92.808528, 13.0727849 ], [ 92.8119044, 13.0765963 ], [ 92.8129762, 13.0726654 ], [ 92.8141241, 13.0723085 ], [ 92.8154008, 13.0743463 ], [ 92.8186413, 13.075101 ], [ 92.8152181, 13.0748629 ], [ 92.8135063, 13.0727331 ], [ 92.8130798, 13.0760723 ], [ 92.8105122, 13.0776333 ], [ 92.8111713, 13.0810087 ], [ 92.8062889, 13.0801695 ], [ 92.8089724, 13.0835253 ], [ 92.8051392, 13.0857482 ], [ 92.8046645, 13.0872723 ], [ 92.8062775, 13.091654 ], [ 92.8055785, 13.1009169 ], [ 92.8130099, 13.1030614 ], [ 92.8137799, 13.098954 ], [ 92.815564, 13.1002645 ], [ 92.8184083, 13.0981498 ], [ 92.820711, 13.0939386 ], [ 92.8205773, 13.0912094 ], [ 92.821847, 13.0960836 ], [ 92.818797, 13.1025302 ], [ 92.821285, 13.1025939 ], [ 92.8195954, 13.1062742 ], [ 92.8213981, 13.111762 ], [ 92.8250425, 13.1126537 ], [ 92.8265243, 13.1109098 ], [ 92.8282397, 13.1102798 ], [ 92.8281474, 13.1088475 ], [ 92.8293553, 13.1089197 ], [ 92.8282746, 13.110508 ], [ 92.8265432, 13.1112739 ], [ 92.8260107, 13.1125075 ], [ 92.8238992, 13.1137005 ], [ 92.8236089, 13.1159778 ], [ 92.8191598, 13.1151848 ], [ 92.8180395, 13.1163099 ], [ 92.8176008, 13.1136597 ], [ 92.8140838, 13.113933 ], [ 92.813887, 13.1177283 ], [ 92.8084794, 13.1272771 ], [ 92.8167, 13.1287347 ], [ 92.8183207, 13.1279282 ], [ 92.818572, 13.1331449 ], [ 92.8230698, 13.134801 ], [ 92.8238305, 13.132013 ], [ 92.8256955, 13.1310998 ], [ 92.8251289, 13.1285627 ], [ 92.82893, 13.1322366 ], [ 92.8307465, 13.1277045 ], [ 92.8296696, 13.1252363 ], [ 92.8332381, 13.1233587 ], [ 92.8337086, 13.1262008 ], [ 92.8361612, 13.1242577 ], [ 92.8344353, 13.1263504 ], [ 92.8339854, 13.1303928 ], [ 92.8391445, 13.1271683 ], [ 92.8394487, 13.1255588 ], [ 92.8410096, 13.1279048 ], [ 92.8406493, 13.1254127 ], [ 92.8427957, 13.1239837 ], [ 92.8427771, 13.1222803 ], [ 92.8432703, 13.1217109 ], [ 92.8463397, 13.1214026 ], [ 92.8460817, 13.1197023 ], [ 92.8470343, 13.1182465 ], [ 92.8463087, 13.1219816 ], [ 92.8432612, 13.1220182 ], [ 92.8430043, 13.1243248 ], [ 92.8409413, 13.1256993 ], [ 92.8429141, 13.1305389 ], [ 92.8419922, 13.1335529 ], [ 92.8433664, 13.1355869 ], [ 92.8397192, 13.1341315 ], [ 92.8387233, 13.134841 ], [ 92.839157, 13.1368517 ], [ 92.841896, 13.1393457 ], [ 92.8467097, 13.1385613 ], [ 92.8475427, 13.1441869 ], [ 92.8474547, 13.1461628 ], [ 92.8468055, 13.1482086 ], [ 92.8484265, 13.1502236 ], [ 92.8465703, 13.1482221 ], [ 92.8470169, 13.1432064 ], [ 92.8453798, 13.141381 ], [ 92.8435493, 13.141736 ], [ 92.841913, 13.1468105 ], [ 92.8371128, 13.1453062 ], [ 92.836698, 13.1473125 ], [ 92.8381137, 13.1486273 ], [ 92.8330966, 13.1442514 ], [ 92.832343, 13.1491451 ], [ 92.830886, 13.15093 ], [ 92.8265608, 13.1504964 ], [ 92.8207991, 13.1452571 ], [ 92.8178389, 13.1487771 ], [ 92.8181363, 13.1504851 ], [ 92.8170434, 13.1518543 ], [ 92.8175922, 13.1501282 ], [ 92.8163333, 13.1497395 ], [ 92.8092829, 13.1519195 ], [ 92.8079271, 13.1537902 ], [ 92.8117796, 13.1583497 ], [ 92.8110761, 13.1681823 ], [ 92.8150143, 13.1697414 ], [ 92.8150235, 13.1721001 ], [ 92.8129667, 13.1726197 ], [ 92.8141565, 13.1747345 ], [ 92.8194045, 13.1723736 ], [ 92.8233013, 13.1743482 ], [ 92.8253083, 13.1690393 ], [ 92.8272624, 13.1673148 ], [ 92.8264714, 13.1636705 ], [ 92.8242117, 13.1619603 ], [ 92.8178089, 13.1634266 ], [ 92.8193352, 13.1621274 ], [ 92.8242855, 13.1613367 ], [ 92.8270271, 13.1636563 ], [ 92.8277881, 13.1676469 ], [ 92.8251251, 13.1710925 ], [ 92.8252613, 13.174495 ], [ 92.8262989, 13.1749333 ], [ 92.8299626, 13.1714471 ], [ 92.8339884, 13.1706244 ], [ 92.8351316, 13.1648676 ], [ 92.8365519, 13.1645738 ], [ 92.8383919, 13.1654005 ], [ 92.8370129, 13.1624364 ], [ 92.837165, 13.1619936 ], [ 92.8399732, 13.1613245 ], [ 92.8428507, 13.1615277 ], [ 92.8440221, 13.1628899 ], [ 92.8444138, 13.1608655 ], [ 92.8472453, 13.1618005 ], [ 92.8483383, 13.162781 ], [ 92.8491789, 13.1611153 ], [ 92.8482876, 13.1629301 ], [ 92.8445061, 13.1612315 ], [ 92.8445939, 13.1624605 ], [ 92.84381, 13.1631294 ], [ 92.8422604, 13.1617855 ], [ 92.8374832, 13.1621969 ], [ 92.8390883, 13.1653598 ], [ 92.8352047, 13.1657363 ], [ 92.8338709, 13.1718219 ], [ 92.835123, 13.1734598 ], [ 92.834602, 13.1752899 ], [ 92.828983, 13.1784465 ], [ 92.8264582, 13.1827099 ], [ 92.8237027, 13.1828298 ], [ 92.8249178, 13.1813974 ], [ 92.8238179, 13.1793978 ], [ 92.8221186, 13.1811782 ], [ 92.8232116, 13.1828727 ], [ 92.8191278, 13.1832252 ], [ 92.8185929, 13.1818538 ], [ 92.8159227, 13.183772 ], [ 92.8170986, 13.1857105 ], [ 92.8208365, 13.1861308 ], [ 92.8205414, 13.1900259 ], [ 92.8217843, 13.1930941 ], [ 92.8201794, 13.1950914 ], [ 92.817735, 13.1939955 ], [ 92.8167619, 13.1956991 ], [ 92.8176266, 13.1978139 ], [ 92.8195014, 13.1968808 ], [ 92.819566, 13.2006223 ], [ 92.8214939, 13.2029878 ], [ 92.8181316, 13.2026377 ], [ 92.8162568, 13.1971541 ], [ 92.8149493, 13.2000416 ], [ 92.8160653, 13.2044632 ], [ 92.8191002, 13.2077303 ], [ 92.8226055, 13.2045106 ], [ 92.8234357, 13.2067609 ], [ 92.8273654, 13.2083763 ] ] ], [ [ [ 92.969642, 13.3392035 ], [ 92.9670178, 13.3324611 ], [ 92.9640143, 13.3355582 ], [ 92.9663509, 13.338685 ], [ 92.969642, 13.3392035 ] ] ], [ [ [ 92.90624, 13.5214072 ], [ 92.9066612, 13.520296 ], [ 92.9050475, 13.5202486 ], [ 92.9050437, 13.5210621 ], [ 92.90624, 13.5214072 ] ] ], [ [ [ 92.9112007, 13.532979 ], [ 92.906299, 13.5292781 ], [ 92.9045206, 13.5293913 ], [ 92.9027979, 13.5315746 ], [ 92.9041243, 13.5369076 ], [ 92.9071503, 13.5381818 ], [ 92.9118251, 13.5374805 ], [ 92.9112007, 13.532979 ] ] ], [ [ [ 92.916307, 13.5433734 ], [ 92.9152811, 13.5413081 ], [ 92.9130316, 13.542235 ], [ 92.9143901, 13.5441963 ], [ 92.916307, 13.5433734 ] ] ], [ [ [ 92.904858, 13.5982396 ], [ 92.9039287, 13.5944746 ], [ 92.899964, 13.5925271 ], [ 92.9003288, 13.5904797 ], [ 92.8938181, 13.5855584 ], [ 92.8887118, 13.5747026 ], [ 92.8841978, 13.5737357 ], [ 92.8800628, 13.5775279 ], [ 92.8807562, 13.5862779 ], [ 92.8853865, 13.5976085 ], [ 92.8919159, 13.6027424 ], [ 92.9010975, 13.6042333 ], [ 92.904858, 13.5982396 ] ] ], [ [ [ 93.0494214, 8.44246 ], [ 93.049712, 8.4424465 ], [ 93.0495076, 8.4423605 ], [ 93.0494214, 8.44246 ] ] ], [ [ [ 93.0479291, 8.4569682 ], [ 93.0464729, 8.4499736 ], [ 93.0496936, 8.4436174 ], [ 93.0471287, 8.4402893 ], [ 93.0391188, 8.4399079 ], [ 93.0326431, 8.4421851 ], [ 93.0265526, 8.4473921 ], [ 93.0245398, 8.4522474 ], [ 93.0253189, 8.4595945 ], [ 93.0288679, 8.4679642 ], [ 93.0306336, 8.471143 ], [ 93.0341707, 8.4733773 ], [ 93.0463476, 8.4631575 ], [ 93.0479291, 8.4569682 ] ] ], [ [ [ 93.0172514, 11.8460455 ], [ 93.0304005, 11.8415254 ], [ 93.0312187, 11.8373896 ], [ 93.0343425, 11.8413639 ], [ 93.0372796, 11.840402 ], [ 93.039518, 11.8439421 ], [ 93.0542665, 11.8459622 ], [ 93.0624121, 11.8453131 ], [ 93.0690255, 11.8426656 ], [ 93.0717892, 11.836193 ], [ 93.0715281, 11.8341136 ], [ 93.0620467, 11.8175314 ], [ 93.058941, 11.8142669 ], [ 93.0455669, 11.8097207 ], [ 93.042309, 11.809869 ], [ 93.039165, 11.8128107 ], [ 93.0354389, 11.8136006 ], [ 93.0341988, 11.8172979 ], [ 93.0229537, 11.8259505 ], [ 93.0137248, 11.8288219 ], [ 93.0099448, 11.8369885 ], [ 93.0103328, 11.841952 ], [ 93.009175, 11.8452604 ], [ 93.0106105, 11.8472996 ], [ 93.0106685, 11.8513814 ], [ 93.0152996, 11.8497334 ], [ 93.0172514, 11.8460455 ] ] ], [ [ [ 92.9954905, 11.9458559 ], [ 92.9946225, 11.946299 ], [ 92.9955548, 11.946828 ], [ 92.9954905, 11.9458559 ] ] ], [ [ [ 92.965812, 12.0448138 ], [ 92.9655109, 12.0412226 ], [ 92.9683593, 12.0317208 ], [ 92.971115, 12.0348823 ], [ 92.9734657, 12.0312952 ], [ 92.9764479, 12.0290279 ], [ 92.9754949, 12.0271679 ], [ 92.9771591, 12.0254477 ], [ 92.9756001, 12.0245055 ], [ 92.9750672, 12.023371 ], [ 92.9768347, 12.0203806 ], [ 92.9745819, 12.0170541 ], [ 92.9749973, 12.0161703 ], [ 92.9758675, 12.0165386 ], [ 92.976072, 12.0176686 ], [ 92.9772429, 12.0169339 ], [ 92.9762741, 12.0179375 ], [ 92.9748573, 12.0166359 ], [ 92.9760078, 12.0184077 ], [ 92.9773212, 12.018742 ], [ 92.977069, 12.0206383 ], [ 92.9754483, 12.0233845 ], [ 92.9774232, 12.0253754 ], [ 92.9759725, 12.0277691 ], [ 92.978363, 12.0299678 ], [ 92.9811089, 12.0288237 ], [ 92.9798068, 12.0271267 ], [ 92.9802429, 12.0265661 ], [ 92.9825988, 12.0270471 ], [ 92.9814047, 12.0261862 ], [ 92.9810945, 12.0252098 ], [ 92.9820723, 12.0230287 ], [ 92.9825658, 12.0226014 ], [ 92.9821505, 12.0243576 ], [ 92.9834696, 12.0260318 ], [ 92.9816845, 12.0244887 ], [ 92.9827113, 12.0272572 ], [ 92.9800524, 12.0272902 ], [ 92.9813477, 12.0290204 ], [ 92.9785434, 12.0304321 ], [ 92.9770587, 12.0291408 ], [ 92.9737091, 12.0317765 ], [ 92.9719805, 12.0346109 ], [ 92.9737479, 12.0373962 ], [ 92.972109, 12.039059 ], [ 92.9729621, 12.0431585 ], [ 92.9774968, 12.0417521 ], [ 92.982374, 12.042828 ], [ 92.9879757, 12.0370743 ], [ 92.989204, 12.0367463 ], [ 92.9912384, 12.0369357 ], [ 92.9914912, 12.0378262 ], [ 92.9959293, 12.0367494 ], [ 92.9986532, 12.0345246 ], [ 92.9997266, 12.0354357 ], [ 93.00101, 12.0320851 ], [ 93.0043256, 12.0343971 ], [ 93.004239, 12.0329501 ], [ 93.0057187, 12.0315807 ], [ 93.0066648, 12.0321282 ], [ 93.0077176, 12.0299175 ], [ 93.0101195, 12.0313518 ], [ 93.0108562, 12.0270927 ], [ 93.0147836, 12.0272977 ], [ 93.0144862, 12.024467 ], [ 93.0126859, 12.0235756 ], [ 93.0135455, 12.0218848 ], [ 93.0164489, 12.0210132 ], [ 93.0140162, 12.0165313 ], [ 93.0169197, 12.0151804 ], [ 93.0156109, 12.0143389 ], [ 93.0167778, 12.0140002 ], [ 93.0168428, 12.0122006 ], [ 93.0129574, 12.0108788 ], [ 93.0125402, 12.0088574 ], [ 93.0140331, 12.0086636 ], [ 93.012831, 12.0052402 ], [ 93.0116093, 12.0050769 ], [ 93.0079701, 12.0084034 ], [ 93.0067767, 12.0063184 ], [ 93.0071043, 12.0029906 ], [ 93.0086697, 11.9988086 ], [ 93.0130318, 11.9986296 ], [ 93.009938, 11.9962416 ], [ 93.0106642, 11.9946463 ], [ 93.0150847, 11.9975048 ], [ 93.0153106, 11.9951816 ], [ 93.0123641, 11.9921518 ], [ 93.0143753, 11.9917005 ], [ 93.01253, 11.9906285 ], [ 93.0168213, 11.9834024 ], [ 93.0167031, 11.9801749 ], [ 93.0205299, 11.9744085 ], [ 93.0223991, 11.9727683 ], [ 93.0245379, 11.9746631 ], [ 93.0283256, 11.9747819 ], [ 93.0270142, 11.969981 ], [ 93.0250771, 11.9689994 ], [ 93.0272824, 11.9648054 ], [ 93.0261548, 11.9595932 ], [ 93.0283603, 11.954242 ], [ 93.0277919, 11.9519183 ], [ 93.03023, 11.9509157 ], [ 93.0300733, 11.9488545 ], [ 93.0333475, 11.9497414 ], [ 93.0390541, 11.9489251 ], [ 93.0408146, 11.9415621 ], [ 93.0453337, 11.9344666 ], [ 93.0440538, 11.9320706 ], [ 93.0462851, 11.9308688 ], [ 93.0485176, 11.9252643 ], [ 93.0473887, 11.924066 ], [ 93.049556, 11.9215037 ], [ 93.0465737, 11.9164583 ], [ 93.0503655, 11.9154061 ], [ 93.0505728, 11.9126804 ], [ 93.0489715, 11.910352 ], [ 93.0511108, 11.9094757 ], [ 93.0517078, 11.9079254 ], [ 93.0506663, 11.9062526 ], [ 93.0518872, 11.9065332 ], [ 93.0540868, 11.9027864 ], [ 93.0536706, 11.8970908 ], [ 93.0514457, 11.8924796 ], [ 93.0441046, 11.8837173 ], [ 93.0375743, 11.88141 ], [ 93.0330763, 11.8817838 ], [ 93.0254377, 11.8857772 ], [ 93.0238123, 11.8875756 ], [ 93.0147014, 11.9113217 ], [ 93.0115283, 11.9147287 ], [ 93.0102505, 11.9188507 ], [ 93.0042378, 11.9280605 ], [ 92.992334, 11.934519 ], [ 92.9930739, 11.9363313 ], [ 92.9905523, 11.9438449 ], [ 92.9952303, 11.9441278 ], [ 92.996466, 11.9460483 ], [ 93.0015533, 11.9465653 ], [ 93.0042842, 11.9479451 ], [ 93.0081827, 11.9454968 ], [ 93.0084727, 11.943752 ], [ 93.0094096, 11.9427218 ], [ 93.0128062, 11.9438125 ], [ 93.0147352, 11.9417566 ], [ 93.0146765, 11.9391303 ], [ 93.0149111, 11.9380048 ], [ 93.0153792, 11.9382672 ], [ 93.014937, 11.9421454 ], [ 93.0128979, 11.944129 ], [ 93.0089226, 11.9436664 ], [ 93.0099726, 11.946632 ], [ 93.0081505, 11.9458674 ], [ 93.0046833, 11.9483386 ], [ 93.0015987, 11.9475145 ], [ 93.0037265, 11.9528991 ], [ 93.0063973, 11.9552145 ], [ 93.0076555, 11.9546997 ], [ 93.008399, 11.9551114 ], [ 93.0085181, 11.9558753 ], [ 93.0069378, 11.9582207 ], [ 93.0049684, 11.9579306 ], [ 93.0044123, 11.9593995 ], [ 93.0047344, 11.9576592 ], [ 93.006791, 11.9579178 ], [ 93.0082106, 11.955369 ], [ 93.0063559, 11.9555445 ], [ 93.0035656, 11.9532832 ], [ 93.0008409, 11.9483866 ], [ 92.9977333, 11.9544808 ], [ 93.0, 11.9599194 ], [ 92.9972236, 11.9543768 ], [ 92.9993406, 11.950253 ], [ 92.997242, 11.947228 ], [ 92.9937262, 11.9477627 ], [ 92.9881204, 11.9464451 ], [ 92.9865628, 11.9432861 ], [ 92.975087, 11.9455461 ], [ 92.9705159, 11.9490328 ], [ 92.9651947, 11.9611669 ], [ 92.9644854, 11.9681781 ], [ 92.9628971, 11.9685627 ], [ 92.958443, 11.9809496 ], [ 92.9457857, 11.9846371 ], [ 92.9400555, 11.9836622 ], [ 92.9392984, 11.985493 ], [ 92.9359415, 11.9830347 ], [ 92.9323053, 11.9836684 ], [ 92.9305197, 11.9856034 ], [ 92.9294052, 11.9912314 ], [ 92.9255718, 11.9942651 ], [ 92.9229509, 11.9984423 ], [ 92.9279934, 12.0056091 ], [ 92.9385313, 12.0070904 ], [ 92.947354, 12.011413 ], [ 92.9601003, 12.0316876 ], [ 92.9616126, 12.0445393 ], [ 92.9637966, 12.0502948 ], [ 92.965812, 12.0448138 ] ] ], [ [ [ 92.9890837, 12.0378593 ], [ 92.9896495, 12.0368863 ], [ 92.9887724, 12.0372911 ], [ 92.9890837, 12.0378593 ] ] ], [ [ [ 92.9775704, 12.0420075 ], [ 92.9774785, 12.0419466 ], [ 92.9774257, 12.041976 ], [ 92.9775704, 12.0420075 ] ] ], [ [ [ 92.9771571, 12.0423127 ], [ 92.9772697, 12.0424257 ], [ 92.9773477, 12.0422675 ], [ 92.9771571, 12.0423127 ] ] ], [ [ [ 92.9767989, 12.0423693 ], [ 92.976854, 12.0424644 ], [ 92.9768977, 12.0423941 ], [ 92.9767989, 12.0423693 ] ] ], [ [ [ 92.9762388, 12.0427513 ], [ 92.9762479, 12.0426134 ], [ 92.9761446, 12.0427106 ], [ 92.9762388, 12.0427513 ] ] ], [ [ [ 92.9757037, 12.0428282 ], [ 92.975876, 12.0428802 ], [ 92.975892, 12.0427672 ], [ 92.9757037, 12.0428282 ] ] ], [ [ [ 92.9743307, 12.0429166 ], [ 92.9743237, 12.0428035 ], [ 92.974248, 12.04286 ], [ 92.9743307, 12.0429166 ] ] ], [ [ [ 92.9752009, 12.0428758 ], [ 92.9751389, 12.0429459 ], [ 92.9752475, 12.0429174 ], [ 92.9752009, 12.0428758 ] ] ], [ [ [ 92.9773202, 12.0431829 ], [ 92.9777217, 12.0424815 ], [ 92.9772083, 12.0428254 ], [ 92.9773202, 12.0431829 ] ] ], [ [ [ 92.9749276, 12.0430121 ], [ 92.9748447, 12.0430455 ], [ 92.9748909, 12.0431109 ], [ 92.9749276, 12.0430121 ] ] ], [ [ [ 92.9785097, 12.0431872 ], [ 92.978682, 12.0431826 ], [ 92.978535, 12.0431352 ], [ 92.9785097, 12.0431872 ] ] ], [ [ [ 92.9786196, 12.0435872 ], [ 92.9779862, 12.0434178 ], [ 92.9784157, 12.0438629 ], [ 92.9786196, 12.0435872 ] ] ], [ [ [ 92.9788014, 12.0437273 ], [ 92.9789346, 12.0436459 ], [ 92.9788605, 12.0436047 ], [ 92.9788014, 12.0437273 ] ] ], [ [ [ 92.978255, 12.0439579 ], [ 92.9783032, 12.0440551 ], [ 92.9783124, 12.0439624 ], [ 92.978255, 12.0439579 ] ] ], [ [ [ 92.9788474, 12.0440347 ], [ 92.9786247, 12.0440347 ], [ 92.9786912, 12.0442855 ], [ 92.9788474, 12.0440347 ] ] ], [ [ [ 93.0104672, 12.068579 ], [ 93.0126686, 12.0666762 ], [ 93.0118607, 12.0650074 ], [ 93.009223, 12.066503 ], [ 93.0104672, 12.068579 ] ] ], [ [ [ 93.0082429, 12.070138 ], [ 93.0096486, 12.0703602 ], [ 93.0098098, 12.0694378 ], [ 93.0082429, 12.070138 ] ] ], [ [ [ 93.0072737, 12.0696674 ], [ 93.0048988, 12.068952 ], [ 93.0045117, 12.0716784 ], [ 93.0064874, 12.0711411 ], [ 93.0079618, 12.072245 ], [ 93.0072737, 12.0696674 ] ] ], [ [ [ 92.965764, 12.1096223 ], [ 92.9691695, 12.1050791 ], [ 92.971953, 12.1043194 ], [ 92.9749573, 12.1059667 ], [ 92.9803961, 12.1065987 ], [ 92.9840184, 12.1094164 ], [ 92.9895904, 12.109881 ], [ 92.9915881, 12.1072408 ], [ 93.0007109, 12.1053994 ], [ 93.0048612, 12.1028102 ], [ 93.005074, 12.0994507 ], [ 93.0032414, 12.0977679 ], [ 93.0012321, 12.0905685 ], [ 92.9990626, 12.0909932 ], [ 92.9994891, 12.0925077 ], [ 92.9983444, 12.094713 ], [ 92.9977571, 12.0932889 ], [ 92.9992962, 12.0924759 ], [ 92.9987365, 12.0910247 ], [ 93.0013888, 12.0895648 ], [ 93.0000396, 12.0859243 ], [ 92.9982057, 12.0867258 ], [ 92.9997584, 12.0853934 ], [ 92.9993807, 12.0784905 ], [ 92.9978466, 12.0786299 ], [ 92.997786, 12.0806956 ], [ 92.995535, 12.081624 ], [ 92.9982926, 12.0776221 ], [ 92.9960392, 12.0769862 ], [ 92.9946709, 12.0785956 ], [ 92.9935181, 12.0787676 ], [ 92.9958968, 12.0767037 ], [ 92.9979942, 12.0772965 ], [ 93.0005313, 12.0753528 ], [ 93.0002017, 12.0728884 ], [ 92.9981431, 12.0733053 ], [ 93.0001811, 12.0675257 ], [ 92.9972451, 12.0642492 ], [ 93.0008081, 12.0625385 ], [ 93.0026609, 12.0595505 ], [ 92.9997345, 12.0583351 ], [ 93.0010982, 12.0506647 ], [ 92.9963007, 12.044323 ], [ 92.9902272, 12.0441276 ], [ 92.9813789, 12.0506835 ], [ 92.9787428, 12.0507269 ], [ 92.9777993, 12.0523634 ], [ 92.9784702, 12.0544539 ], [ 92.9739795, 12.060437 ], [ 92.9724292, 12.0582313 ], [ 92.9728628, 12.0562582 ], [ 92.9712189, 12.0573138 ], [ 92.9717478, 12.0630523 ], [ 92.9749242, 12.0672217 ], [ 92.9713506, 12.0644558 ], [ 92.9703336, 12.0663363 ], [ 92.9711513, 12.0681421 ], [ 92.9691051, 12.0667998 ], [ 92.9617798, 12.0673226 ], [ 92.9603952, 12.0691489 ], [ 92.9571137, 12.0700103 ], [ 92.9564687, 12.0732197 ], [ 92.9585793, 12.0762232 ], [ 92.9569605, 12.0776336 ], [ 92.9567747, 12.0820182 ], [ 92.9633684, 12.0856384 ], [ 92.9717715, 12.086589 ], [ 92.9689883, 12.0881126 ], [ 92.9687592, 12.0925515 ], [ 92.9698135, 12.0936633 ], [ 92.9686697, 12.0927436 ], [ 92.9683226, 12.0908542 ], [ 92.9638051, 12.0886556 ], [ 92.9636993, 12.0873764 ], [ 92.9638168, 12.0915712 ], [ 92.9629718, 12.0935624 ], [ 92.9618075, 12.0933432 ], [ 92.9599331, 12.0892029 ], [ 92.9607115, 12.0877111 ], [ 92.9575146, 12.0871826 ], [ 92.9589458, 12.0928281 ], [ 92.9579081, 12.096519 ], [ 92.9587241, 12.0976571 ], [ 92.9596673, 12.0963652 ], [ 92.9600877, 12.0972443 ], [ 92.9577729, 12.1082981 ], [ 92.965764, 12.1096223 ] ] ], [ [ [ 93.033661, 12.1050318 ], [ 93.0343372, 12.1026355 ], [ 93.0331923, 12.1049503 ], [ 93.033661, 12.1050318 ] ] ], [ [ [ 93.0284723, 12.1618989 ], [ 93.0260319, 12.1486813 ], [ 93.0277802, 12.1429937 ], [ 93.0237413, 12.1414731 ], [ 93.0290831, 12.1361755 ], [ 93.0317696, 12.1275988 ], [ 93.0354464, 12.1258591 ], [ 93.0316824, 12.115806 ], [ 93.0331335, 12.1020473 ], [ 93.0339614, 12.0997189 ], [ 93.0356065, 12.0991 ], [ 93.035814, 12.0968664 ], [ 93.0373855, 12.0964011 ], [ 93.0492803, 12.0826585 ], [ 93.0524877, 12.0807919 ], [ 93.0537978, 12.0781877 ], [ 93.0538218, 12.0741996 ], [ 93.0510602, 12.0755781 ], [ 93.0505596, 12.0747053 ], [ 93.0506384, 12.0722591 ], [ 93.0541028, 12.071134 ], [ 93.0514703, 12.0709118 ], [ 93.0520404, 12.0693927 ], [ 93.054535, 12.0698002 ], [ 93.055272, 12.0617202 ], [ 93.0530402, 12.057935 ], [ 93.0531975, 12.0537841 ], [ 93.0480592, 12.04464 ], [ 93.0434384, 12.0426447 ], [ 93.0398553, 12.042499 ], [ 93.0385686, 12.0438913 ], [ 93.0346516, 12.053458 ], [ 93.0307634, 12.0584622 ], [ 93.0313279, 12.0602259 ], [ 93.028942, 12.0645749 ], [ 93.02817, 12.0651263 ], [ 93.0274037, 12.062395 ], [ 93.0253174, 12.0639633 ], [ 93.0252289, 12.0675083 ], [ 93.0232356, 12.065717 ], [ 93.0211407, 12.0657253 ], [ 93.0219574, 12.0684702 ], [ 93.0203676, 12.069053 ], [ 93.017162, 12.0660539 ], [ 93.0166783, 12.0694269 ], [ 93.0104435, 12.0702113 ], [ 93.0050654, 12.076761 ], [ 93.0046626, 12.0838553 ], [ 93.0074064, 12.1037156 ], [ 93.005948, 12.1080784 ], [ 92.9995631, 12.1097623 ], [ 92.9994855, 12.1101635 ], [ 93.0016091, 12.1109071 ], [ 93.0028079, 12.11202 ], [ 93.0037935, 12.1174825 ], [ 93.0022118, 12.1196613 ], [ 93.0026109, 12.1211717 ], [ 92.9953485, 12.1316701 ], [ 92.9966326, 12.1321287 ], [ 92.9954179, 12.1341155 ], [ 92.9976547, 12.1343631 ], [ 92.997217, 12.1362962 ], [ 92.9956023, 12.1368321 ], [ 92.9981729, 12.1370897 ], [ 92.9960876, 12.1392978 ], [ 92.9986912, 12.1389251 ], [ 92.9996829, 12.1402816 ], [ 93.0003015, 12.1271438 ], [ 93.0017589, 12.1254986 ], [ 93.0003256, 12.13479 ], [ 93.0018635, 12.1383401 ], [ 93.0014253, 12.1420793 ], [ 93.0025049, 12.1428485 ], [ 93.0037417, 12.1414066 ], [ 93.0054309, 12.1460646 ], [ 93.0034789, 12.1432784 ], [ 93.0023937, 12.1449058 ], [ 93.0039412, 12.1477596 ], [ 93.0055589, 12.147507 ], [ 93.0078374, 12.1496558 ], [ 93.0081025, 12.1532008 ], [ 93.0101755, 12.1522838 ], [ 93.0074715, 12.1564336 ], [ 93.0104368, 12.1541197 ], [ 93.0111349, 12.1551283 ], [ 93.0121834, 12.1535145 ], [ 93.0160431, 12.1551663 ], [ 93.0150401, 12.1581141 ], [ 93.0170381, 12.1610539 ], [ 93.0191809, 12.1581518 ], [ 93.0203888, 12.1602955 ], [ 93.0184262, 12.1606836 ], [ 93.0184946, 12.1622255 ], [ 93.0172903, 12.162632 ], [ 93.0210955, 12.1632212 ], [ 93.0228545, 12.1665498 ], [ 93.0195955, 12.1676383 ], [ 93.0238884, 12.1669526 ], [ 93.0242052, 12.1679339 ], [ 93.0275649, 12.1678581 ], [ 93.0284723, 12.1618989 ] ] ], [ [ [ 93.0048093, 12.1061065 ], [ 92.9991377, 12.1073383 ], [ 92.9981223, 12.1078938 ], [ 93.0013114, 12.1087366 ], [ 93.0048086, 12.107567 ], [ 93.0048093, 12.1061065 ] ] ], [ [ [ 92.9909407, 12.1110304 ], [ 92.9920781, 12.1115145 ], [ 92.9925257, 12.1098759 ], [ 92.991329, 12.1097518 ], [ 92.9909407, 12.1110304 ] ] ], [ [ [ 92.9759905, 12.1100341 ], [ 92.9758148, 12.1118789 ], [ 92.9768416, 12.1120958 ], [ 92.9776863, 12.1092683 ], [ 92.9759905, 12.1100341 ] ] ], [ [ [ 92.9893103, 12.1567426 ], [ 92.9899215, 12.1579064 ], [ 92.9896046, 12.1584692 ], [ 92.9881822, 12.1561461 ], [ 92.9891741, 12.1535785 ], [ 92.991908, 12.1552437 ], [ 92.9903407, 12.1522719 ], [ 92.9921025, 12.1512749 ], [ 92.9893644, 12.1513506 ], [ 92.9905146, 12.1482715 ], [ 92.9925686, 12.1505109 ], [ 92.991991, 12.1453625 ], [ 92.9932183, 12.148888 ], [ 92.992912, 12.1449871 ], [ 92.9939599, 12.1470436 ], [ 92.9934516, 12.1550241 ], [ 92.9943984, 12.1562805 ], [ 92.9958576, 12.148736 ], [ 92.9972079, 12.1482267 ], [ 92.9960111, 12.1468917 ], [ 92.9978426, 12.1459491 ], [ 92.9949888, 12.1458704 ], [ 92.9956232, 12.1409281 ], [ 92.9929062, 12.1394839 ], [ 92.993926, 12.1387898 ], [ 92.9931743, 12.1361207 ], [ 92.9947311, 12.1339281 ], [ 92.9949463, 12.1301899 ], [ 93.0010344, 12.1219307 ], [ 93.0010128, 12.1188695 ], [ 92.9982287, 12.1161296 ], [ 92.9972208, 12.1136637 ], [ 93.0006594, 12.1179967 ], [ 93.002125, 12.1185535 ], [ 93.0031366, 12.1168673 ], [ 93.0025735, 12.112151 ], [ 93.0009704, 12.1109702 ], [ 92.9980702, 12.1113608 ], [ 92.9993416, 12.1135175 ], [ 92.9973028, 12.1118802 ], [ 92.9924254, 12.113813 ], [ 92.9892372, 12.11227 ], [ 92.9796848, 12.1114263 ], [ 92.9749837, 12.1138928 ], [ 92.9779725, 12.1182679 ], [ 92.9751335, 12.1167337 ], [ 92.9738474, 12.1180402 ], [ 92.974934, 12.1194233 ], [ 92.9748812, 12.1198007 ], [ 92.9725795, 12.1174415 ], [ 92.9659441, 12.1176253 ], [ 92.9606068, 12.123371 ], [ 92.9588244, 12.1229689 ], [ 92.9601958, 12.1244311 ], [ 92.9581173, 12.1272141 ], [ 92.9589948, 12.1283464 ], [ 92.9580992, 12.131158 ], [ 92.9544015, 12.1355542 ], [ 92.953821, 12.1459393 ], [ 92.9561952, 12.1495532 ], [ 92.9616388, 12.1516382 ], [ 92.9648221, 12.1503388 ], [ 92.9667908, 12.1516269 ], [ 92.9713941, 12.151041 ], [ 92.9732454, 12.1499152 ], [ 92.974934, 12.1519581 ], [ 92.9751704, 12.1502246 ], [ 92.9776745, 12.151865 ], [ 92.9761512, 12.1495238 ], [ 92.9768859, 12.1474987 ], [ 92.9756062, 12.1459665 ], [ 92.975916, 12.1439414 ], [ 92.9765753, 12.144278 ], [ 92.9758773, 12.1457111 ], [ 92.9772213, 12.1473427 ], [ 92.9773228, 12.1501068 ], [ 92.9797369, 12.1494035 ], [ 92.9798779, 12.1545858 ], [ 92.9803876, 12.1533924 ], [ 92.9819868, 12.1540169 ], [ 92.9819193, 12.1502936 ], [ 92.9838632, 12.1538755 ], [ 92.9851262, 12.1516311 ], [ 92.9868239, 12.1518839 ], [ 92.9839887, 12.1493305 ], [ 92.9872988, 12.1491965 ], [ 92.9851211, 12.1484353 ], [ 92.9877946, 12.1466787 ], [ 92.9883929, 12.1527989 ], [ 92.9866334, 12.1529167 ], [ 92.9862735, 12.1568358 ], [ 92.9902574, 12.1602026 ], [ 92.9907463, 12.1583989 ], [ 92.9893103, 12.1567426 ] ] ], [ [ [ 93.0057372, 12.1497227 ], [ 93.0050027, 12.1479409 ], [ 93.0041654, 12.1500024 ], [ 93.0057372, 12.1497227 ] ] ], [ [ [ 92.9873865, 12.1509233 ], [ 92.9881009, 12.1510564 ], [ 92.987786, 12.1504937 ], [ 92.9873865, 12.1509233 ] ] ], [ [ [ 93.0056395, 12.1526346 ], [ 93.0073215, 12.1525042 ], [ 93.0075935, 12.1506595 ], [ 93.0069179, 12.1506863 ], [ 93.0056395, 12.1526346 ] ] ], [ [ [ 93.0122375, 12.1561596 ], [ 93.0138595, 12.1569244 ], [ 93.0138421, 12.1542838 ], [ 93.0128999, 12.1544914 ], [ 93.0122375, 12.1561596 ] ] ], [ [ [ 92.9839486, 12.1558418 ], [ 92.9852444, 12.1568948 ], [ 92.9858093, 12.1565173 ], [ 92.984557, 12.1542981 ], [ 92.9839486, 12.1558418 ] ] ], [ [ [ 93.0131558, 12.1582716 ], [ 93.0121678, 12.157923 ], [ 93.0121675, 12.1587369 ], [ 93.0131558, 12.1582716 ] ] ], [ [ [ 93.014909, 12.1642227 ], [ 93.0157637, 12.1645848 ], [ 93.0153274, 12.163938 ], [ 93.014909, 12.1642227 ] ] ], [ [ [ 93.0198958, 12.2252559 ], [ 93.0205719, 12.2237509 ], [ 93.0187615, 12.2234022 ], [ 93.0188161, 12.224695 ], [ 93.0198958, 12.2252559 ] ] ], [ [ [ 93.0253228, 12.2734377 ], [ 93.0204577, 12.2751044 ], [ 93.0233163, 12.2783655 ], [ 93.0287642, 12.27995 ], [ 93.0282139, 12.2759301 ], [ 93.0253228, 12.2734377 ] ] ], [ [ [ 93.007843, 12.9991158 ], [ 93.0052616, 12.9922916 ], [ 92.9931825, 12.9843562 ], [ 92.9917126, 12.978083 ], [ 92.9850985, 12.9699287 ], [ 92.9813877, 12.9677736 ], [ 92.9813889, 12.9633667 ], [ 92.9882053, 12.954768 ], [ 92.9797153, 12.9472871 ], [ 92.9832046, 12.9368478 ], [ 92.9818577, 12.9319847 ], [ 92.9778571, 12.9297325 ], [ 92.9785938, 12.9279555 ], [ 92.9759454, 12.9323997 ], [ 92.9693514, 12.9347085 ], [ 92.9687345, 12.9368564 ], [ 92.9700969, 12.9409595 ], [ 92.9681386, 12.9422751 ], [ 92.9595038, 12.9417711 ], [ 92.9532047, 12.9342752 ], [ 92.9502713, 12.9410712 ], [ 92.9578651, 12.9492986 ], [ 92.9615337, 12.9497907 ], [ 92.970434, 12.9460247 ], [ 92.9725901, 12.9463859 ], [ 92.9670134, 12.9502711 ], [ 92.9693921, 12.9532221 ], [ 92.9592993, 12.9544918 ], [ 92.9537625, 12.9580227 ], [ 92.9523345, 12.9631327 ], [ 92.9525756, 12.9681614 ], [ 92.9557573, 12.9680431 ], [ 92.9587206, 12.9652339 ], [ 92.9597667, 12.9655249 ], [ 92.9592371, 12.9684403 ], [ 92.9614451, 12.9695338 ], [ 92.9568085, 12.9706599 ], [ 92.9590536, 12.9734438 ], [ 92.9538572, 12.9754922 ], [ 92.9511247, 12.9802317 ], [ 92.9561055, 12.9841791 ], [ 92.9578318, 12.98949 ], [ 92.9634815, 12.9901419 ], [ 92.9651263, 12.986589 ], [ 92.9709723, 12.9824702 ], [ 92.9702713, 12.9807076 ], [ 92.967137, 12.9800935 ], [ 92.9650689, 12.9780371 ], [ 92.9692312, 12.9760996 ], [ 92.968371, 12.9717743 ], [ 92.9718368, 12.9702266 ], [ 92.9745941, 12.974395 ], [ 92.9787032, 12.9761937 ], [ 92.978686, 12.9802307 ], [ 92.9829037, 12.9815938 ], [ 92.9842252, 12.9847764 ], [ 92.9871106, 12.9855718 ], [ 92.9852512, 12.9888716 ], [ 92.9844437, 12.9944493 ], [ 92.9929451, 12.992022 ], [ 93.0004764, 12.9973057 ], [ 93.007843, 12.9991158 ] ] ], [ [ [ 92.9780796, 12.9876456 ], [ 92.9780098, 12.9866066 ], [ 92.9772277, 12.9861764 ], [ 92.9769759, 12.9873243 ], [ 92.9780796, 12.9876456 ] ] ], [ [ [ 92.989033, 13.0014103 ], [ 92.9864872, 12.9977071 ], [ 92.9852104, 12.9986264 ], [ 92.9866814, 13.0014114 ], [ 92.989033, 13.0014103 ] ] ], [ [ [ 93.0486338, 13.2622216 ], [ 93.0480796, 13.2633336 ], [ 93.0492334, 13.2636866 ], [ 93.0495291, 13.2628955 ], [ 93.0486338, 13.2622216 ] ] ], [ [ [ 93.032195, 13.2808347 ], [ 93.032634, 13.2794288 ], [ 93.0312488, 13.2804455 ], [ 93.032195, 13.2808347 ] ] ], [ [ [ 93.0147269, 13.2831472 ], [ 93.0134105, 13.2847969 ], [ 93.0138255, 13.285837 ], [ 93.0165079, 13.2850152 ], [ 93.0147269, 13.2831472 ] ] ], [ [ [ 93.0213276, 13.2947425 ], [ 93.0212308, 13.29434 ], [ 93.0209584, 13.2944394 ], [ 93.0213276, 13.2947425 ] ] ], [ [ [ 93.0496165, 13.2937983 ], [ 93.0464084, 13.2932187 ], [ 93.0446862, 13.2941676 ], [ 93.0491773, 13.2961086 ], [ 93.0481669, 13.2942953 ], [ 93.0496165, 13.2937983 ] ] ], [ [ [ 93.0219137, 13.295222 ], [ 93.0214474, 13.2952218 ], [ 93.0218952, 13.2953124 ], [ 93.0219137, 13.295222 ] ] ], [ [ [ 92.9851231, 13.2998668 ], [ 92.9847209, 13.2984749 ], [ 92.9830873, 13.2984892 ], [ 92.9833185, 13.2995241 ], [ 92.9851231, 13.2998668 ] ] ], [ [ [ 93.0112534, 13.3079312 ], [ 93.0129266, 13.3033971 ], [ 93.0114227, 13.3011449 ], [ 93.0108125, 13.3028536 ], [ 93.0021513, 13.304301 ], [ 93.0004716, 13.3030432 ], [ 93.0002237, 13.3001993 ], [ 92.9971502, 13.300259 ], [ 92.9964478, 13.2998164 ], [ 92.9954175, 13.2975028 ], [ 92.9946425, 13.297928 ], [ 92.9939143, 13.2999215 ], [ 92.996798, 13.3078658 ], [ 93.001467, 13.3138238 ], [ 93.0025696, 13.3172545 ], [ 93.0072585, 13.3208014 ], [ 93.0085562, 13.3200243 ], [ 93.0080363, 13.316285 ], [ 93.0048045, 13.3069426 ], [ 93.0055527, 13.3062558 ], [ 93.0060409, 13.3086975 ], [ 93.0077715, 13.3100546 ], [ 93.0112534, 13.3079312 ] ] ], [ [ [ 93.0218684, 13.3151471 ], [ 93.0215591, 13.3150294 ], [ 93.0215959, 13.3153324 ], [ 93.0218684, 13.3151471 ] ] ], [ [ [ 93.0233597, 13.3261072 ], [ 93.0214024, 13.3254282 ], [ 93.0198042, 13.3164574 ], [ 93.0203229, 13.3124744 ], [ 93.0231365, 13.3075835 ], [ 93.0212001, 13.3016012 ], [ 93.0209912, 13.3041917 ], [ 93.018631, 13.3070618 ], [ 93.0138476, 13.3084116 ], [ 93.0144393, 13.3170068 ], [ 93.0168993, 13.3292332 ], [ 93.024273, 13.3281783 ], [ 93.0233597, 13.3261072 ] ] ], [ [ [ 93.0223667, 13.3158571 ], [ 93.0220666, 13.315857 ], [ 93.0221773, 13.3159927 ], [ 93.0223667, 13.3158571 ] ] ], [ [ [ 93.0220018, 13.3162232 ], [ 93.0221679, 13.3165624 ], [ 93.0221864, 13.3163634 ], [ 93.0220018, 13.3162232 ] ] ], [ [ [ 93.0215161, 13.3184068 ], [ 93.0212716, 13.318149 ], [ 93.0213268, 13.3184609 ], [ 93.0215161, 13.3184068 ] ] ], [ [ [ 93.0057295, 13.3226047 ], [ 92.9993448, 13.3162352 ], [ 92.994321, 13.319695 ], [ 92.9972067, 13.3221478 ], [ 93.0057295, 13.3226047 ] ] ], [ [ [ 93.0066053, 13.3350792 ], [ 93.0083493, 13.3375712 ], [ 93.0089358, 13.3372595 ], [ 93.0066053, 13.3350792 ] ] ], [ [ [ 93.0124124, 13.3374916 ], [ 93.0132152, 13.3388574 ], [ 93.0153713, 13.3390256 ], [ 93.0140424, 13.3371668 ], [ 93.0124124, 13.3374916 ] ] ], [ [ [ 93.0202261, 13.3446521 ], [ 93.0185338, 13.3395785 ], [ 93.0201366, 13.3381098 ], [ 93.0171914, 13.3367612 ], [ 93.0176387, 13.3380274 ], [ 93.0157317, 13.3384018 ], [ 93.0156006, 13.3425975 ], [ 93.017557, 13.3455281 ], [ 93.0202261, 13.3446521 ] ] ], [ [ [ 93.0382935, 13.3442609 ], [ 93.0374406, 13.3408426 ], [ 93.0361066, 13.3396259 ], [ 93.0353113, 13.342786 ], [ 93.0382935, 13.3442609 ] ] ], [ [ [ 93.0356277, 13.3616532 ], [ 93.035702, 13.3605998 ], [ 93.0349674, 13.3614766 ], [ 93.0356277, 13.3616532 ] ] ], [ [ [ 93.0403031, 13.368093 ], [ 93.0396208, 13.3647561 ], [ 93.0377144, 13.3629244 ], [ 93.0364814, 13.3633083 ], [ 93.0366884, 13.3654288 ], [ 93.0403031, 13.368093 ] ] ], [ [ [ 93.0474786, 13.3693883 ], [ 93.0403825, 13.3653803 ], [ 93.0403582, 13.3690741 ], [ 93.0363448, 13.3706236 ], [ 93.0365791, 13.37401 ], [ 93.0412801, 13.3736499 ], [ 93.044549, 13.3751746 ], [ 93.0472972, 13.3735749 ], [ 93.0468685, 13.3710927 ], [ 93.0474786, 13.3693883 ] ] ], [ [ [ 93.035471, 13.3735937 ], [ 93.0360247, 13.3746293 ], [ 93.0363158, 13.3742405 ], [ 93.035471, 13.3735937 ] ] ], [ [ [ 93.0440823, 13.3761149 ], [ 93.0448535, 13.3761784 ], [ 93.044609, 13.375473 ], [ 93.0440823, 13.3761149 ] ] ], [ [ [ 92.984107, 13.5298201 ], [ 92.9852144, 13.5293707 ], [ 92.9845638, 13.5284019 ], [ 92.984107, 13.5298201 ] ] ], [ [ [ 92.9838282, 13.528948 ], [ 92.9783902, 13.530761 ], [ 92.9785222, 13.5349571 ], [ 92.9817734, 13.5325242 ], [ 92.9832107, 13.5334754 ], [ 92.9813932, 13.5346332 ], [ 92.9827229, 13.5381842 ], [ 92.9864308, 13.5360624 ], [ 92.9856457, 13.5302562 ], [ 92.9843375, 13.5302939 ], [ 92.9838248, 13.5297956 ], [ 92.9838282, 13.528948 ] ] ], [ [ [ 92.9776198, 13.5362918 ], [ 92.9788297, 13.5355275 ], [ 92.9786449, 13.5353468 ], [ 92.9776198, 13.5362918 ] ] ], [ [ [ 92.998484, 13.5699399 ], [ 93.0, 13.5726767 ], [ 93.002293, 13.5711108 ], [ 93.0006028, 13.568646 ], [ 92.998484, 13.5699399 ] ] ], [ [ [ 93.0147993, 13.6322695 ], [ 93.015198, 13.6297695 ], [ 93.0144031, 13.6293261 ], [ 93.014176, 13.6307502 ], [ 93.0147993, 13.6322695 ] ] ], [ [ [ 93.0134759, 13.6351715 ], [ 93.0137819, 13.633205 ], [ 93.0131672, 13.6329153 ], [ 93.0134759, 13.6351715 ] ] ], [ [ [ 93.010081, 13.6388547 ], [ 93.010451, 13.6386741 ], [ 93.0103493, 13.6384932 ], [ 93.010081, 13.6388547 ] ] ], [ [ [ 93.0342438, 13.6420518 ], [ 93.0352327, 13.6430377 ], [ 93.0350669, 13.6412563 ], [ 93.0342438, 13.6420518 ] ] ], [ [ [ 93.0346725, 13.645176 ], [ 93.0333225, 13.6454513 ], [ 93.0347413, 13.6468715 ], [ 93.0346725, 13.645176 ] ] ], [ [ [ 93.0201209, 13.6739972 ], [ 93.0201708, 13.6762488 ], [ 93.0262804, 13.6717662 ], [ 93.024686, 13.6700295 ], [ 93.0217363, 13.6697073 ], [ 93.0255931, 13.6676789 ], [ 93.0231615, 13.6669364 ], [ 93.0255821, 13.6606802 ], [ 93.0256977, 13.6491965 ], [ 93.0280711, 13.6445 ], [ 93.0289661, 13.6374609 ], [ 93.031972, 13.6347493 ], [ 93.0324723, 13.6320595 ], [ 93.0285594, 13.6254436 ], [ 93.0227957, 13.6235154 ], [ 93.020609, 13.6240525 ], [ 93.01975, 13.6221171 ], [ 93.0171241, 13.622749 ], [ 93.0201781, 13.6264033 ], [ 93.0195721, 13.6274791 ], [ 93.0170574, 13.6273605 ], [ 93.0170703, 13.6296256 ], [ 93.0159425, 13.6292499 ], [ 93.0158939, 13.634621 ], [ 93.0128976, 13.6361026 ], [ 93.0142376, 13.6375138 ], [ 93.0120967, 13.6385934 ], [ 93.0133613, 13.6433366 ], [ 93.0095753, 13.6427969 ], [ 93.0091443, 13.6449714 ], [ 93.0073917, 13.6460647 ], [ 93.0059544, 13.6451689 ], [ 93.0057179, 13.646602 ], [ 93.0027318, 13.645728 ], [ 93.001362, 13.648553 ], [ 93.0002169, 13.6457629 ], [ 92.9996081, 13.6469757 ], [ 92.9959793, 13.6464624 ], [ 92.9958116, 13.6440262 ], [ 92.992899, 13.6418941 ], [ 92.9906717, 13.6425187 ], [ 92.9902385, 13.6448874 ], [ 92.9886534, 13.6451682 ], [ 92.9883048, 13.6411095 ], [ 92.9867192, 13.6402694 ], [ 92.9812988, 13.6414558 ], [ 92.9817115, 13.6444162 ], [ 92.9802708, 13.6470518 ], [ 92.9815048, 13.6472367 ], [ 92.9815012, 13.6493701 ], [ 92.9793237, 13.6478748 ], [ 92.9785254, 13.6506232 ], [ 92.9771895, 13.6500135 ], [ 92.975541, 13.6427325 ], [ 92.9736005, 13.6439084 ], [ 92.9716701, 13.6473532 ], [ 92.9714927, 13.6540789 ], [ 92.9723345, 13.6555295 ], [ 92.9740723, 13.6555922 ], [ 92.9749374, 13.6575128 ], [ 92.9735654, 13.6589778 ], [ 92.9749887, 13.6585795 ], [ 92.9766725, 13.6618423 ], [ 92.9743286, 13.6604826 ], [ 92.9742829, 13.6615222 ], [ 92.9796697, 13.6666097 ], [ 92.9916741, 13.668892 ], [ 93.0028155, 13.6726604 ], [ 93.0029921, 13.6709108 ], [ 93.0040319, 13.671716 ], [ 93.0049852, 13.6700708 ], [ 93.0042521, 13.6660331 ], [ 93.0095613, 13.6627532 ], [ 93.0116824, 13.6650554 ], [ 93.0089321, 13.6636707 ], [ 93.0047097, 13.6661011 ], [ 93.0060587, 13.6683487 ], [ 93.0037168, 13.6731672 ], [ 93.0070401, 13.6753388 ], [ 93.0105083, 13.6744091 ], [ 93.0097953, 13.6764885 ], [ 93.0118803, 13.677059 ], [ 93.0172808, 13.6766997 ], [ 93.0201209, 13.6739972 ] ] ], [ [ [ 93.0301953, 13.6634404 ], [ 93.0297561, 13.6633439 ], [ 93.0297525, 13.6636069 ], [ 93.0301953, 13.6634404 ] ] ], [ [ [ 93.0495665, 8.443206 ], [ 93.0495984, 8.4429709 ], [ 93.0494485, 8.4430297 ], [ 93.0495665, 8.443206 ] ] ], [ [ [ 93.0501522, 8.4433373 ], [ 93.0502248, 8.4438934 ], [ 93.0503883, 8.4434096 ], [ 93.0501522, 8.4433373 ] ] ], [ [ [ 93.0500566, 8.4446122 ], [ 93.0497161, 8.4448337 ], [ 93.0499068, 8.4448473 ], [ 93.0500566, 8.4446122 ] ] ], [ [ [ 93.05027, 8.4447298 ], [ 93.0499385, 8.4449739 ], [ 93.0502337, 8.4451096 ], [ 93.05027, 8.4447298 ] ] ], [ [ [ 93.0496842, 8.4450462 ], [ 93.0498341, 8.4452678 ], [ 93.0498068, 8.4450508 ], [ 93.0496842, 8.4450462 ] ] ], [ [ [ 93.0495797, 8.4454892 ], [ 93.0497249, 8.4457244 ], [ 93.0496886, 8.4454576 ], [ 93.0495797, 8.4454892 ] ] ], [ [ [ 93.0759884, 11.7810869 ], [ 93.0762266, 11.7835098 ], [ 93.0799512, 11.7888669 ], [ 93.0839472, 11.789862 ], [ 93.0860121, 11.7882169 ], [ 93.0863704, 11.7847906 ], [ 93.0820587, 11.7785655 ], [ 93.0797098, 11.7780046 ], [ 93.0759884, 11.7810869 ] ] ], [ [ [ 93.0724138, 11.8336482 ], [ 93.0716612, 11.8338696 ], [ 93.0722484, 11.8343398 ], [ 93.0724138, 11.8336482 ] ] ], [ [ [ 93.0716467, 11.8375084 ], [ 93.0710454, 11.8384712 ], [ 93.0708755, 11.8390316 ], [ 93.0714445, 11.8388011 ], [ 93.0716467, 11.8375084 ] ] ], [ [ [ 93.0534486, 12.0729118 ], [ 93.0523229, 12.0731648 ], [ 93.0525342, 12.0733502 ], [ 93.0534486, 12.0729118 ] ] ], [ [ [ 93.0540364, 12.0740605 ], [ 93.0544087, 12.0732783 ], [ 93.0536827, 12.0735766 ], [ 93.0540364, 12.0740605 ] ] ], [ [ [ 93.0773123, 12.0763837 ], [ 93.0766645, 12.0767408 ], [ 93.0771923, 12.0769214 ], [ 93.0773123, 12.0763837 ] ] ], [ [ [ 93.0784149, 12.0770576 ], [ 93.0790536, 12.0765875 ], [ 93.0783736, 12.0765331 ], [ 93.0784149, 12.0770576 ] ] ], [ [ [ 93.080124, 12.0772885 ], [ 93.0795773, 12.0766599 ], [ 93.0795221, 12.0771889 ], [ 93.080124, 12.0772885 ] ] ], [ [ [ 93.0823705, 12.07827 ], [ 93.0828436, 12.0788715 ], [ 93.0829126, 12.0784283 ], [ 93.0823705, 12.07827 ] ] ], [ [ [ 93.0754008, 12.0777264 ], [ 93.0683602, 12.0880074 ], [ 93.0568027, 12.0970845 ], [ 93.0508362, 12.1067865 ], [ 93.0479808, 12.1140837 ], [ 93.0533551, 12.1216724 ], [ 93.0581482, 12.1201859 ], [ 93.0604042, 12.121041 ], [ 93.0624854, 12.1227823 ], [ 93.0620358, 12.119513 ], [ 93.0605976, 12.1193454 ], [ 93.0611126, 12.1175866 ], [ 93.0608412, 12.1191511 ], [ 93.0624035, 12.1191514 ], [ 93.0631885, 12.1228412 ], [ 93.0661068, 12.120893 ], [ 93.0679723, 12.1214224 ], [ 93.0678625, 12.1193921 ], [ 93.0684456, 12.1214812 ], [ 93.0658678, 12.1212411 ], [ 93.064089, 12.1233478 ], [ 93.0615985, 12.1230444 ], [ 93.0574358, 12.1205385 ], [ 93.0552527, 12.1224325 ], [ 93.0508826, 12.1229379 ], [ 93.0526381, 12.1221109 ], [ 93.0493397, 12.1186691 ], [ 93.0467435, 12.1183926 ], [ 93.0440213, 12.1252195 ], [ 93.0426195, 12.1261958 ], [ 93.0403131, 12.1247754 ], [ 93.0380932, 12.1261855 ], [ 93.0352744, 12.1320899 ], [ 93.0372971, 12.1446109 ], [ 93.0420028, 12.1609128 ], [ 93.0447683, 12.1652001 ], [ 93.0545879, 12.1914507 ], [ 93.0651924, 12.2105252 ], [ 93.0691315, 12.2122306 ], [ 93.0783115, 12.2094604 ], [ 93.0785055, 12.203727 ], [ 93.0766806, 12.2040477 ], [ 93.0742954, 12.2016192 ], [ 93.0734771, 12.2022431 ], [ 93.0717259, 12.2016098 ], [ 93.0742679, 12.2011806 ], [ 93.0762257, 12.2031433 ], [ 93.0785149, 12.2024248 ], [ 93.0775314, 12.2013032 ], [ 93.0796641, 12.2020587 ], [ 93.077798, 12.2010501 ], [ 93.0796554, 12.1988528 ], [ 93.0826567, 12.199735 ], [ 93.0879341, 12.1951417 ], [ 93.087089, 12.1893177 ], [ 93.0895853, 12.1856283 ], [ 93.0888776, 12.1837427 ], [ 93.0857433, 12.1814951 ], [ 93.0853758, 12.1800979 ], [ 93.0803381, 12.1820099 ], [ 93.0779667, 12.1807796 ], [ 93.0780358, 12.1798527 ], [ 93.0764455, 12.1799113 ], [ 93.0784724, 12.1796177 ], [ 93.0781597, 12.1806124 ], [ 93.0805955, 12.181725 ], [ 93.0815196, 12.1800974 ], [ 93.0851047, 12.1797135 ], [ 93.0889926, 12.1833042 ], [ 93.0902751, 12.1821965 ], [ 93.0904679, 12.1844799 ], [ 93.0919068, 12.1818802 ], [ 93.0909199, 12.1697983 ], [ 93.0873037, 12.1627577 ], [ 93.087295, 12.1583898 ], [ 93.0860361, 12.1562825 ], [ 93.0880034, 12.1536195 ], [ 93.093633, 12.1544657 ], [ 93.0951451, 12.1536157 ], [ 93.097306, 12.1424701 ], [ 93.0930876, 12.1401184 ], [ 93.0922378, 12.1363111 ], [ 93.0872112, 12.1297542 ], [ 93.0899825, 12.1268245 ], [ 93.084529, 12.1193405 ], [ 93.0892751, 12.1247264 ], [ 93.091389, 12.1239805 ], [ 93.0926018, 12.1272272 ], [ 93.0902534, 12.129221 ], [ 93.0965756, 12.1389024 ], [ 93.0989423, 12.1387806 ], [ 93.1012451, 12.1320435 ], [ 93.1006892, 12.1304021 ], [ 93.0977574, 12.1306325 ], [ 93.0929876, 12.1288053 ], [ 93.0971508, 12.130239 ], [ 93.10159, 12.1287698 ], [ 93.0984153, 12.1206261 ], [ 93.0970759, 12.0928088 ], [ 93.0907817, 12.0890145 ], [ 93.0861865, 12.093192 ], [ 93.0852356, 12.0916319 ], [ 93.0887739, 12.0881778 ], [ 93.0873412, 12.0820282 ], [ 93.0848787, 12.0809246 ], [ 93.0810842, 12.0775147 ], [ 93.0754008, 12.0777264 ] ] ], [ [ [ 93.1068883, 12.259248 ], [ 93.1069704, 12.2393058 ], [ 93.1042216, 12.233102 ], [ 93.1006497, 12.2325818 ], [ 93.1038311, 12.2294938 ], [ 93.1050958, 12.2185651 ], [ 93.1025962, 12.2026217 ], [ 93.1001188, 12.2004195 ], [ 93.0961793, 12.203815 ], [ 93.0948689, 12.2081782 ], [ 93.0898858, 12.2109314 ], [ 93.0867779, 12.2148784 ], [ 93.0872786, 12.2182878 ], [ 93.0910477, 12.2211684 ], [ 93.0912819, 12.2230766 ], [ 93.0899624, 12.2248761 ], [ 93.089627, 12.2230267 ], [ 93.0867256, 12.2293024 ], [ 93.0939101, 12.2359634 ], [ 93.096958, 12.2364701 ], [ 93.0978266, 12.2388079 ], [ 93.0967373, 12.2366193 ], [ 93.0941077, 12.2364337 ], [ 93.0864865, 12.2296369 ], [ 93.0884407, 12.2254999 ], [ 93.0879445, 12.223664 ], [ 93.0860687, 12.22559 ], [ 93.0825246, 12.2245722 ], [ 93.0857383, 12.2212945 ], [ 93.0853615, 12.2196757 ], [ 93.084079, 12.2197072 ], [ 93.083799, 12.2167364 ], [ 93.0720344, 12.2247108 ], [ 93.0631847, 12.2275261 ], [ 93.0618089, 12.2334536 ], [ 93.0650671, 12.2390837 ], [ 93.0651352, 12.2517725 ], [ 93.069947, 12.2600797 ], [ 93.0725258, 12.2622642 ], [ 93.0806173, 12.2638165 ], [ 93.0865491, 12.257044 ], [ 93.0861902, 12.2468507 ], [ 93.0830925, 12.2403572 ], [ 93.0854833, 12.2383861 ], [ 93.0894319, 12.2410679 ], [ 93.0879837, 12.2422117 ], [ 93.0885168, 12.2434914 ], [ 93.0912707, 12.2427004 ], [ 93.0939781, 12.2459562 ], [ 93.0911459, 12.2490758 ], [ 93.092476, 12.250832 ], [ 93.0954014, 12.2500019 ], [ 93.0963327, 12.2561047 ], [ 93.0994583, 12.262919 ], [ 93.1054581, 12.2639142 ], [ 93.1068883, 12.259248 ] ] ], [ [ [ 93.0720695, 12.3150944 ], [ 93.0612538, 12.3152775 ], [ 93.068307, 12.3194796 ], [ 93.0706017, 12.3196519 ], [ 93.073274, 12.3167269 ], [ 93.0720695, 12.3150944 ] ] ], [ [ [ 93.0555747, 13.2257826 ], [ 93.0568154, 13.2273287 ], [ 93.0583194, 13.2270082 ], [ 93.0610386, 13.219854 ], [ 93.0577903, 13.2219098 ], [ 93.0555747, 13.2257826 ] ] ], [ [ [ 93.0607344, 13.2279387 ], [ 93.0610393, 13.2255116 ], [ 93.0602829, 13.2247883 ], [ 93.0590413, 13.2275496 ], [ 93.0607344, 13.2279387 ] ] ], [ [ [ 93.0676816, 13.2670779 ], [ 93.0678986, 13.2666258 ], [ 93.0675848, 13.2666167 ], [ 93.0676816, 13.2670779 ] ] ], [ [ [ 93.0683923, 13.2675889 ], [ 93.0680878, 13.2671774 ], [ 93.06806, 13.2674668 ], [ 93.0683923, 13.2675889 ] ] ], [ [ [ 93.0681799, 13.2681495 ], [ 93.0678753, 13.267738 ], [ 93.0678476, 13.2680274 ], [ 93.0681799, 13.2681495 ] ] ], [ [ [ 93.0684982, 13.2688911 ], [ 93.0681843, 13.268778 ], [ 93.0683274, 13.2690312 ], [ 93.0684982, 13.2688911 ] ] ], [ [ [ 93.0709991, 13.2728296 ], [ 93.0707222, 13.2727256 ], [ 93.0708652, 13.2729426 ], [ 93.0709991, 13.2728296 ] ] ], [ [ [ 93.0705052, 13.2728973 ], [ 93.0704082, 13.273155 ], [ 93.0705421, 13.2730827 ], [ 93.0705052, 13.2728973 ] ] ], [ [ [ 93.0700573, 13.2733539 ], [ 93.0698728, 13.2730057 ], [ 93.0698173, 13.2732408 ], [ 93.0700573, 13.2733539 ] ] ], [ [ [ 93.0710867, 13.2731371 ], [ 93.0709528, 13.2735485 ], [ 93.0710774, 13.2736163 ], [ 93.0710867, 13.2731371 ] ] ], [ [ [ 93.070505, 13.2734851 ], [ 93.0706942, 13.2737293 ], [ 93.0706574, 13.2734851 ], [ 93.070505, 13.2734851 ] ] ], [ [ [ 93.071705, 13.274055 ], [ 93.0713543, 13.2736797 ], [ 93.0713727, 13.2739329 ], [ 93.071705, 13.274055 ] ] ], [ [ [ 93.0701218, 13.2741496 ], [ 93.070325, 13.2737654 ], [ 93.0700942, 13.2737292 ], [ 93.0701218, 13.2741496 ] ] ], [ [ [ 93.0711788, 13.2742041 ], [ 93.0708649, 13.274091 ], [ 93.071008, 13.2743442 ], [ 93.0711788, 13.2742041 ] ] ], [ [ [ 93.0704862, 13.2749907 ], [ 93.0707033, 13.2745386 ], [ 93.0703894, 13.2745295 ], [ 93.0704862, 13.2749907 ] ] ], [ [ [ 93.0802776, 13.2948906 ], [ 93.079936, 13.2951347 ], [ 93.0803238, 13.2950353 ], [ 93.0802776, 13.2948906 ] ] ], [ [ [ 93.0756058, 13.2953871 ], [ 93.075772, 13.2958076 ], [ 93.0758597, 13.2954595 ], [ 93.0756058, 13.2953871 ] ] ], [ [ [ 93.0763628, 13.2960112 ], [ 93.0760674, 13.2955725 ], [ 93.0760535, 13.2961286 ], [ 93.0763628, 13.2960112 ] ] ], [ [ [ 93.0775954, 13.2957356 ], [ 93.0772999, 13.2958802 ], [ 93.0775215, 13.2960249 ], [ 93.0775954, 13.2957356 ] ] ], [ [ [ 93.0781909, 13.2959301 ], [ 93.0778632, 13.2956904 ], [ 93.077877, 13.2960114 ], [ 93.0781909, 13.2959301 ] ] ], [ [ [ 93.0769583, 13.2958802 ], [ 93.0767044, 13.29607 ], [ 93.0768383, 13.2961559 ], [ 93.0769583, 13.2958802 ] ] ], [ [ [ 93.0760535, 13.2961286 ], [ 93.0756658, 13.2959251 ], [ 93.0757396, 13.2962009 ], [ 93.0760535, 13.2961286 ] ] ], [ [ [ 93.078514, 13.2959709 ], [ 93.0784862, 13.2963371 ], [ 93.078634, 13.2960251 ], [ 93.078514, 13.2959709 ] ] ], [ [ [ 93.0777015, 13.2962149 ], [ 93.0774337, 13.2964183 ], [ 93.0776414, 13.2964906 ], [ 93.0777015, 13.2962149 ] ] ], [ [ [ 93.0759334, 13.2965355 ], [ 93.0762427, 13.2962734 ], [ 93.0760535, 13.2962417 ], [ 93.0759334, 13.2965355 ] ] ], [ [ [ 93.0787816, 13.2966672 ], [ 93.0785, 13.2965767 ], [ 93.07862, 13.2968661 ], [ 93.0787816, 13.2966672 ] ] ], [ [ [ 93.0821191, 13.2972465 ], [ 93.081759, 13.2973775 ], [ 93.0819252, 13.2975222 ], [ 93.0821191, 13.2972465 ] ] ], [ [ [ 93.0800278, 13.2977841 ], [ 93.0797047, 13.2975264 ], [ 93.0799262, 13.2979333 ], [ 93.0800278, 13.2977841 ] ] ], [ [ [ 93.0805586, 13.2983946 ], [ 93.0807941, 13.2980872 ], [ 93.0805448, 13.2981459 ], [ 93.0805586, 13.2983946 ] ] ], [ [ [ 93.0813711, 13.2985666 ], [ 93.0812048, 13.2988875 ], [ 93.0814587, 13.2989192 ], [ 93.0813711, 13.2985666 ] ] ], [ [ [ 93.0820956, 13.2996879 ], [ 93.0819109, 13.2999501 ], [ 93.0820125, 13.3000089 ], [ 93.0820956, 13.2996879 ] ] ], [ [ [ 93.082548, 13.299905 ], [ 93.0823264, 13.3002396 ], [ 93.0825156, 13.3001808 ], [ 93.082548, 13.299905 ] ] ], [ [ [ 93.0829173, 13.3001086 ], [ 93.083005, 13.3002985 ], [ 93.0830373, 13.3001538 ], [ 93.0829173, 13.3001086 ] ] ], [ [ [ 93.0612401, 13.3632671 ], [ 93.0707331, 13.3490985 ], [ 93.0744274, 13.3472455 ], [ 93.0752444, 13.3485839 ], [ 93.0790443, 13.3491995 ], [ 93.0797326, 13.3475856 ], [ 93.0778494, 13.3438959 ], [ 93.0830668, 13.3442495 ], [ 93.0872589, 13.346895 ], [ 93.0880624, 13.3460361 ], [ 93.0898694, 13.3340053 ], [ 93.0829999, 13.3304416 ], [ 93.0801743, 13.3302422 ], [ 93.0796431, 13.3315668 ], [ 93.0788079, 13.3292608 ], [ 93.0762453, 13.3300471 ], [ 93.0714822, 13.3226629 ], [ 93.072051, 13.3181689 ], [ 93.0692143, 13.3066889 ], [ 93.0724465, 13.3038186 ], [ 93.0753588, 13.3072508 ], [ 93.0786694, 13.3043985 ], [ 93.0806321, 13.3005151 ], [ 93.0780246, 13.2966083 ], [ 93.0696225, 13.2983111 ], [ 93.0689341, 13.3005897 ], [ 93.0710988, 13.3023399 ], [ 93.067594, 13.3062455 ], [ 93.0643908, 13.303532 ], [ 93.0618742, 13.3061221 ], [ 93.0624367, 13.3090746 ], [ 93.0597938, 13.3175422 ], [ 93.0608403, 13.3232302 ], [ 93.0584657, 13.3288947 ], [ 93.0565218, 13.3297713 ], [ 93.0512869, 13.3272154 ], [ 93.0484211, 13.3230233 ], [ 93.0457623, 13.3214808 ], [ 93.0405408, 13.3211129 ], [ 93.0384075, 13.3222199 ], [ 93.0378013, 13.3260311 ], [ 93.0407799, 13.337403 ], [ 93.0397912, 13.3394011 ], [ 93.0438896, 13.3444029 ], [ 93.0446365, 13.3476539 ], [ 93.0440255, 13.3523015 ], [ 93.0409157, 13.3589739 ], [ 93.041677, 13.3607238 ], [ 93.0435753, 13.3593319 ], [ 93.0444987, 13.3597436 ], [ 93.0420694, 13.3611128 ], [ 93.0400983, 13.3592585 ], [ 93.0384305, 13.3618938 ], [ 93.0408824, 13.3619172 ], [ 93.042419, 13.364965 ], [ 93.0424937, 13.3625597 ], [ 93.0437871, 13.3610907 ], [ 93.0424697, 13.365277 ], [ 93.0406976, 13.362306 ], [ 93.0389289, 13.3627711 ], [ 93.0399348, 13.3646794 ], [ 93.0456046, 13.3667248 ], [ 93.0496178, 13.3652249 ], [ 93.0473225, 13.3664404 ], [ 93.0474791, 13.3675798 ], [ 93.0458676, 13.3673216 ], [ 93.0476864, 13.3692618 ], [ 93.0478513, 13.3736022 ], [ 93.049651, 13.3775227 ], [ 93.0537639, 13.3830668 ], [ 93.056563, 13.3809743 ], [ 93.0598956, 13.3693737 ], [ 93.0614197, 13.3682573 ], [ 93.0612401, 13.3632671 ] ] ], [ [ [ 93.0772917, 13.363215 ], [ 93.0762528, 13.362496 ], [ 93.0721056, 13.3655651 ], [ 93.0755223, 13.3671527 ], [ 93.0751486, 13.3655611 ], [ 93.0772917, 13.363215 ] ] ], [ [ [ 93.0809436, 13.3662856 ], [ 93.0806435, 13.3663126 ], [ 93.0809298, 13.3664167 ], [ 93.0809436, 13.3662856 ] ] ], [ [ [ 93.0813684, 13.3664168 ], [ 93.0811283, 13.3665524 ], [ 93.0813407, 13.3666428 ], [ 93.0813684, 13.3664168 ] ] ], [ [ [ 93.0808789, 13.366706 ], [ 93.0806434, 13.3668552 ], [ 93.0808327, 13.3668914 ], [ 93.0808789, 13.366706 ] ] ], [ [ [ 93.0822503, 13.3672714 ], [ 93.0820147, 13.3674251 ], [ 93.0823241, 13.3674704 ], [ 93.0822503, 13.3672714 ] ] ], [ [ [ 93.079484, 13.368668 ], [ 93.0812154, 13.3702146 ], [ 93.0829287, 13.3692292 ], [ 93.0812668, 13.3668056 ], [ 93.079484, 13.368668 ] ] ], [ [ [ 93.0779263, 13.3767743 ], [ 93.0776124, 13.3765165 ], [ 93.077677, 13.3767697 ], [ 93.0779263, 13.3767743 ] ] ], [ [ [ 93.0800551, 13.3770052 ], [ 93.0797412, 13.3766571 ], [ 93.0797781, 13.3770052 ], [ 93.0800551, 13.3770052 ] ] ], [ [ [ 93.0796258, 13.3761778 ], [ 93.0781063, 13.3773802 ], [ 93.0796164, 13.377394 ], [ 93.0796258, 13.3761778 ] ] ], [ [ [ 93.0773167, 13.3773122 ], [ 93.0769981, 13.3772308 ], [ 93.0770904, 13.3773981 ], [ 93.0773167, 13.3773122 ] ] ], [ [ [ 93.0778385, 13.3772806 ], [ 93.0775245, 13.377371 ], [ 93.0776907, 13.3774796 ], [ 93.0778385, 13.3772806 ] ] ], [ [ [ 93.0667491, 13.3855884 ], [ 93.0608111, 13.38249 ], [ 93.0594065, 13.3855505 ], [ 93.0621676, 13.3872376 ], [ 93.0642091, 13.386058 ], [ 93.0664163, 13.3867684 ], [ 93.0667491, 13.3855884 ] ] ], [ [ [ 93.0832983, 13.3963023 ], [ 93.0829288, 13.3963972 ], [ 93.0831135, 13.3966143 ], [ 93.0832983, 13.3963023 ] ] ], [ [ [ 93.0815662, 13.3977986 ], [ 93.082596, 13.3979479 ], [ 93.0827534, 13.3961395 ], [ 93.081705, 13.3964242 ], [ 93.0815662, 13.3977986 ] ] ], [ [ [ 93.09075, 13.4123085 ], [ 93.0917155, 13.4097993 ], [ 93.0902057, 13.406779 ], [ 93.0862518, 13.4100789 ], [ 93.0858029, 13.4161011 ], [ 93.0893308, 13.4210478 ], [ 93.0957229, 13.4231961 ], [ 93.09075, 13.4123085 ] ] ], [ [ [ 93.0702412, 13.4235402 ], [ 93.0713381, 13.4133406 ], [ 93.0696294, 13.4125807 ], [ 93.0669085, 13.4150577 ], [ 93.0655303, 13.422644 ], [ 93.0697132, 13.4302405 ], [ 93.0721793, 13.4322756 ], [ 93.0702412, 13.4235402 ] ] ], [ [ [ 93.0869042, 13.432997 ], [ 93.0868399, 13.431071 ], [ 93.0865211, 13.4311749 ], [ 93.0869042, 13.432997 ] ] ], [ [ [ 93.0743685, 13.4328457 ], [ 93.0736482, 13.4319549 ], [ 93.0730661, 13.4324837 ], [ 93.0734215, 13.4333745 ], [ 93.0743685, 13.4328457 ] ] ], [ [ [ 93.0757495, 13.4333071 ], [ 93.0777679, 13.4335923 ], [ 93.0764888, 13.4319645 ], [ 93.0757495, 13.4333071 ] ] ], [ [ [ 93.0978692, 13.4363983 ], [ 93.1043266, 13.4356528 ], [ 93.1044241, 13.4291107 ], [ 93.0957912, 13.4314067 ], [ 93.094331, 13.4368907 ], [ 93.0977535, 13.4386905 ], [ 93.0978692, 13.4363983 ] ] ], [ [ [ 93.0559103, 13.5626943 ], [ 93.0528751, 13.5589093 ], [ 93.0505626, 13.5651026 ], [ 93.0568102, 13.5673151 ], [ 93.0559103, 13.5626943 ] ] ], [ [ [ 93.0682389, 13.6513432 ], [ 93.062355, 13.6457493 ], [ 93.0551301, 13.6426731 ], [ 93.0546696, 13.6362439 ], [ 93.0491902, 13.6254369 ], [ 93.0487849, 13.6206263 ], [ 93.0461272, 13.6198433 ], [ 93.0443564, 13.6209731 ], [ 93.0439803, 13.6259281 ], [ 93.0418071, 13.6275867 ], [ 93.0409114, 13.6379534 ], [ 93.0429762, 13.6429589 ], [ 93.0440494, 13.6408886 ], [ 93.0453112, 13.6416937 ], [ 93.045143, 13.6473722 ], [ 93.0474771, 13.6490819 ], [ 93.0489753, 13.6481148 ], [ 93.0490266, 13.6464104 ], [ 93.0523162, 13.6534236 ], [ 93.0574659, 13.6552786 ], [ 93.0615943, 13.6558312 ], [ 93.0639017, 13.6542946 ], [ 93.0657278, 13.6546838 ], [ 93.0682389, 13.6513432 ] ] ], [ [ [ 93.1063106, 13.6575217 ], [ 93.1056913, 13.6580279 ], [ 93.106232, 13.6581047 ], [ 93.1063106, 13.6575217 ] ] ], [ [ [ 93.1078633, 13.6611963 ], [ 93.1073226, 13.6607398 ], [ 93.1073456, 13.6616483 ], [ 93.1078633, 13.6611963 ] ] ], [ [ [ 93.5242321, 7.5295202 ], [ 93.5346313, 7.5239024 ], [ 93.5340347, 7.5169347 ], [ 93.5309229, 7.5137872 ], [ 93.5258665, 7.5146271 ], [ 93.5250816, 7.5198672 ], [ 93.521452, 7.5218106 ], [ 93.5196791, 7.5277965 ], [ 93.5214322, 7.5293161 ], [ 93.5242321, 7.5295202 ] ] ], [ [ [ 93.4412292, 7.8772847 ], [ 93.4422357, 7.8766651 ], [ 93.4415918, 7.8763714 ], [ 93.4412292, 7.8772847 ] ] ], [ [ [ 93.3862859, 7.8913105 ], [ 93.3878185, 7.8914325 ], [ 93.3863856, 7.889823 ], [ 93.3862859, 7.8913105 ] ] ], [ [ [ 93.3899501, 7.8998331 ], [ 93.389265, 7.8905508 ], [ 93.3874695, 7.8952304 ], [ 93.3879413, 7.900109 ], [ 93.3899501, 7.8998331 ] ] ], [ [ [ 93.3997676, 7.9000451 ], [ 93.398389, 7.8983814 ], [ 93.3951649, 7.8985624 ], [ 93.395147, 7.9025185 ], [ 93.3975322, 7.9015328 ], [ 93.3993959, 7.9022787 ], [ 93.3997676, 7.9000451 ] ] ], [ [ [ 93.3909069, 7.9001903 ], [ 93.3914239, 7.9011623 ], [ 93.3903718, 7.9017411 ], [ 93.3945211, 7.9026813 ], [ 93.3923172, 7.8992543 ], [ 93.3909069, 7.9001903 ] ] ], [ [ [ 93.323146, 7.9303809 ], [ 93.3230551, 7.9319226 ], [ 93.3267332, 7.9304174 ], [ 93.3261119, 7.9297979 ], [ 93.323146, 7.9303809 ] ] ], [ [ [ 93.3348182, 7.938941 ], [ 93.3386682, 7.942685 ], [ 93.3399699, 7.9415096 ], [ 93.3381427, 7.9371464 ], [ 93.3348182, 7.938941 ] ] ], [ [ [ 93.3777085, 8.01993 ], [ 93.3896463, 8.0179627 ], [ 93.3925229, 8.0147516 ], [ 93.398199, 8.0124766 ], [ 93.4013659, 8.0087815 ], [ 93.4006308, 8.0069091 ], [ 93.3967923, 8.0046117 ], [ 93.3922622, 7.9933612 ], [ 93.3964118, 7.9821798 ], [ 93.3933546, 7.9781289 ], [ 93.3938578, 7.9743897 ], [ 93.3997737, 7.9684763 ], [ 93.4019625, 7.9701076 ], [ 93.4028696, 7.9693705 ], [ 93.4009691, 7.9673044 ], [ 93.4036174, 7.9615576 ], [ 93.4090688, 7.960567 ], [ 93.4139761, 7.9616653 ], [ 93.4153462, 7.9657706 ], [ 93.4207391, 7.968632 ], [ 93.4230157, 7.9665022 ], [ 93.4268151, 7.9565683 ], [ 93.4312868, 7.95598 ], [ 93.4393402, 7.9478947 ], [ 93.4519011, 7.939293 ], [ 93.4511571, 7.9382532 ], [ 93.4533336, 7.9360464 ], [ 93.4571277, 7.9274235 ], [ 93.4579956, 7.913371 ], [ 93.4613129, 7.9030482 ], [ 93.464613, 7.8972782 ], [ 93.4648885, 7.8922459 ], [ 93.4662078, 7.8910973 ], [ 93.462421, 7.889285 ], [ 93.4619943, 7.8872143 ], [ 93.4644655, 7.8864181 ], [ 93.4602475, 7.8822231 ], [ 93.4599523, 7.8797997 ], [ 93.4544597, 7.8724401 ], [ 93.4432194, 7.8750644 ], [ 93.4411075, 7.8819689 ], [ 93.4414842, 7.8843199 ], [ 93.4320226, 7.8988664 ], [ 93.4162156, 7.9063014 ], [ 93.4119757, 7.9069348 ], [ 93.4086244, 7.9067542 ], [ 93.4074181, 7.9052532 ], [ 93.4073592, 7.9065599 ], [ 93.4059399, 7.9063837 ], [ 93.3984709, 7.90222 ], [ 93.3951924, 7.9032374 ], [ 93.3880954, 7.9015829 ], [ 93.3855242, 7.8962705 ], [ 93.3871792, 7.8951717 ], [ 93.3873243, 7.8930331 ], [ 93.384608, 7.8893528 ], [ 93.3859185, 7.888783 ], [ 93.385465, 7.8874176 ], [ 93.3805676, 7.8855233 ], [ 93.3809439, 7.8828467 ], [ 93.3796561, 7.8812506 ], [ 93.3763143, 7.8802198 ], [ 93.3747407, 7.8810743 ], [ 93.3730268, 7.8789899 ], [ 93.371086, 7.8793471 ], [ 93.3679573, 7.8776652 ], [ 93.3619082, 7.8818111 ], [ 93.3614941, 7.8863822 ], [ 93.3549113, 7.8864949 ], [ 93.3459962, 7.8897317 ], [ 93.3408537, 7.8934614 ], [ 93.3377424, 7.8998317 ], [ 93.3364501, 7.8989816 ], [ 93.3349943, 7.9001435 ], [ 93.3347305, 7.90915 ], [ 93.3321138, 7.9099906 ], [ 93.3339049, 7.9113291 ], [ 93.3310295, 7.9139739 ], [ 93.3329092, 7.9153908 ], [ 93.3268111, 7.9234637 ], [ 93.3294688, 7.9257608 ], [ 93.3356858, 7.9246582 ], [ 93.3411499, 7.9301701 ], [ 93.3408505, 7.9323992 ], [ 93.3355994, 7.9274704 ], [ 93.3343519, 7.9308523 ], [ 93.3357712, 7.933 ], [ 93.3388774, 7.9337573 ], [ 93.3411175, 7.938087 ], [ 93.3413078, 7.9406778 ], [ 93.343167, 7.9430968 ], [ 93.3399652, 7.9442631 ], [ 93.3418289, 7.9468585 ], [ 93.3393346, 7.9461212 ], [ 93.3341506, 7.9496022 ], [ 93.331892, 7.9495071 ], [ 93.3298379, 7.9468845 ], [ 93.3339783, 7.9489241 ], [ 93.3385546, 7.9461032 ], [ 93.3314896, 7.9382896 ], [ 93.3331675, 7.9387193 ], [ 93.3320249, 7.9371412 ], [ 93.334129, 7.9380864 ], [ 93.3379659, 7.936233 ], [ 93.3378571, 7.9352338 ], [ 93.3352813, 7.9345101 ], [ 93.3298763, 7.9276462 ], [ 93.3281843, 7.9307431 ], [ 93.3310957, 7.9315211 ], [ 93.3317938, 7.9341843 ], [ 93.3272495, 7.9366343 ], [ 93.3235943, 7.9358562 ], [ 93.3221573, 7.9310228 ], [ 93.3227968, 7.9299558 ], [ 93.3210781, 7.9293498 ], [ 93.3244753, 7.925186 ], [ 93.3219542, 7.9229341 ], [ 93.3130243, 7.9270879 ], [ 93.3096995, 7.9312018 ], [ 93.3096313, 7.9334438 ], [ 93.3078669, 7.9338556 ], [ 93.3077529, 7.9378298 ], [ 93.3094623, 7.9398375 ], [ 93.302912, 7.9494624 ], [ 93.3006105, 7.9614797 ], [ 93.3052218, 7.9678193 ], [ 93.3062463, 7.9713461 ], [ 93.3102464, 7.9722284 ], [ 93.312931, 7.9746206 ], [ 93.3138965, 7.9787035 ], [ 93.3118135, 7.9864844 ], [ 93.3123208, 7.9909651 ], [ 93.3165479, 8.0017562 ], [ 93.3207301, 8.0083104 ], [ 93.3280116, 8.0132684 ], [ 93.3333295, 8.0120706 ], [ 93.3392909, 8.0174533 ], [ 93.3432025, 8.0132793 ], [ 93.3444643, 8.009693 ], [ 93.3465742, 8.0091505 ], [ 93.3486383, 8.0121266 ], [ 93.3500768, 8.0102408 ], [ 93.3539651, 8.0126291 ], [ 93.3541101, 8.0141397 ], [ 93.3562245, 8.0140856 ], [ 93.3612741, 8.021372 ], [ 93.3687743, 8.0236428 ], [ 93.3777085, 8.01993 ] ] ], [ [ [ 93.5415679, 8.0284346 ], [ 93.5526003, 8.0248061 ], [ 93.5536342, 8.0263389 ], [ 93.5564746, 8.0213434 ], [ 93.5567565, 8.0171793 ], [ 93.5615109, 8.0131064 ], [ 93.5626047, 8.0088114 ], [ 93.569428, 7.9996622 ], [ 93.5703041, 7.9947657 ], [ 93.5719232, 7.9953808 ], [ 93.5733113, 7.9942281 ], [ 93.571788, 7.9891188 ], [ 93.57314, 7.9854973 ], [ 93.5707277, 7.9807362 ], [ 93.5715131, 7.9753785 ], [ 93.5733774, 7.9729056 ], [ 93.5724163, 7.9699801 ], [ 93.57082, 7.969166 ], [ 93.5701719, 7.9656393 ], [ 93.5724352, 7.9633202 ], [ 93.5704634, 7.9556517 ], [ 93.5721554, 7.9528985 ], [ 93.5704605, 7.943304 ], [ 93.5718394, 7.941455 ], [ 93.56736, 7.9324208 ], [ 93.5698002, 7.9301424 ], [ 93.5694194, 7.9282659 ], [ 93.5688387, 7.9301422 ], [ 93.5635098, 7.9318596 ], [ 93.5624983, 7.9336363 ], [ 93.5624667, 7.9321895 ], [ 93.5622669, 7.9337222 ], [ 93.5601127, 7.9340971 ], [ 93.5590694, 7.9360366 ], [ 93.5540896, 7.9377268 ], [ 93.5532002, 7.9405841 ], [ 93.5482605, 7.9456969 ], [ 93.5443598, 7.947803 ], [ 93.5431983, 7.9506105 ], [ 93.5284159, 7.959329 ], [ 93.5286195, 7.9614948 ], [ 93.52685, 7.964596 ], [ 93.5300062, 7.9664053 ], [ 93.5313888, 7.9693626 ], [ 93.5299789, 7.9669569 ], [ 93.5265911, 7.966088 ], [ 93.5258658, 7.9645596 ], [ 93.5151565, 7.9692862 ], [ 93.5159133, 7.971633 ], [ 93.514539, 7.9719175 ], [ 93.5135869, 7.9704388 ], [ 93.5133734, 7.971872 ], [ 93.5120219, 7.9718037 ], [ 93.5113138, 7.9737296 ], [ 93.5076303, 7.9759214 ], [ 93.5060416, 7.9801755 ], [ 93.5013014, 7.9822223 ], [ 93.5000003, 7.984319 ], [ 93.5000003, 7.9828428 ], [ 93.4978917, 7.9838948 ], [ 93.4970278, 7.9894154 ], [ 93.4947161, 7.9932408 ], [ 93.494539, 7.9961041 ], [ 93.4968981, 7.9986684 ], [ 93.4991879, 7.9966808 ], [ 93.4999994, 7.9982321 ], [ 93.501333, 7.997735 ], [ 93.5014187, 7.9995073 ], [ 93.5052242, 7.9993186 ], [ 93.5053069, 7.9957422 ], [ 93.5097796, 7.9940977 ], [ 93.5109267, 7.9956308 ], [ 93.5102234, 7.9968604 ], [ 93.5124995, 7.9994381 ], [ 93.5159282, 8.0006827 ], [ 93.5152245, 8.0033125 ], [ 93.5170977, 8.0034622 ], [ 93.5170561, 8.0060168 ], [ 93.5213241, 8.0075415 ], [ 93.5201879, 8.0160233 ], [ 93.5179324, 8.0204445 ], [ 93.5193926, 8.0221811 ], [ 93.5187839, 8.025165 ], [ 93.5220769, 8.0261786 ], [ 93.5251617, 8.0247416 ], [ 93.5263383, 8.0176253 ], [ 93.5278893, 8.0189052 ], [ 93.5324486, 8.015999 ], [ 93.5309432, 8.0136205 ], [ 93.5324951, 8.0106775 ], [ 93.531974, 8.0083941 ], [ 93.5380171, 8.0024996 ], [ 93.5380996, 7.9987118 ], [ 93.5409983, 7.9965919 ], [ 93.5435756, 7.9915286 ], [ 93.5421461, 7.9955071 ], [ 93.5424852, 8.0009421 ], [ 93.5401843, 8.0065376 ], [ 93.5410954, 8.0097208 ], [ 93.5382495, 8.0183559 ], [ 93.5388568, 8.0212587 ], [ 93.5354316, 8.0234644 ], [ 93.5340929, 8.02629 ], [ 93.5348861, 8.0290794 ], [ 93.5415679, 8.0284346 ] ] ], [ [ [ 93.4774729, 8.0093419 ], [ 93.4766244, 8.0092335 ], [ 93.4768832, 8.0099163 ], [ 93.4774729, 8.0093419 ] ] ], [ [ [ 93.4780586, 8.0111508 ], [ 93.4789747, 8.0093279 ], [ 93.4774276, 8.009767 ], [ 93.4780586, 8.0111508 ] ] ], [ [ [ 93.4755819, 8.0143533 ], [ 93.4751869, 8.0131821 ], [ 93.474788, 8.0143264 ], [ 93.4755819, 8.0143533 ] ] ], [ [ [ 93.4743073, 8.0155702 ], [ 93.4749923, 8.0148962 ], [ 93.4745839, 8.0147968 ], [ 93.4743073, 8.0155702 ] ] ], [ [ [ 93.4756098, 8.0169809 ], [ 93.4748293, 8.0170354 ], [ 93.4755735, 8.0172297 ], [ 93.4756098, 8.0169809 ] ] ], [ [ [ 93.4735992, 8.0359085 ], [ 93.474334, 8.0348094 ], [ 93.4735809, 8.0349362 ], [ 93.4735992, 8.0359085 ] ] ], [ [ [ 93.4938483, 8.0467852 ], [ 93.4936355, 8.0486801 ], [ 93.4953188, 8.0483451 ], [ 93.4938483, 8.0467852 ] ] ], [ [ [ 93.513643, 8.0645484 ], [ 93.514133, 8.0646299 ], [ 93.5138835, 8.0643179 ], [ 93.513643, 8.0645484 ] ] ], [ [ [ 93.5144674, 8.069088 ], [ 93.5148711, 8.069269 ], [ 93.5148531, 8.0689298 ], [ 93.5144674, 8.069088 ] ] ], [ [ [ 93.5134858, 8.0755622 ], [ 93.5138625, 8.0747666 ], [ 93.5131593, 8.0749201 ], [ 93.5134858, 8.0755622 ] ] ], [ [ [ 93.5785274, 8.1142409 ], [ 93.5831161, 8.0964049 ], [ 93.5809611, 8.0964272 ], [ 93.5799084, 8.0981543 ], [ 93.5774314, 8.0969106 ], [ 93.5747222, 8.1024309 ], [ 93.5748858, 8.1009479 ], [ 93.5735791, 8.1012326 ], [ 93.5751309, 8.0993428 ], [ 93.5726492, 8.0996183 ], [ 93.575367, 8.0984432 ], [ 93.5741511, 8.0977286 ], [ 93.5753943, 8.0967567 ], [ 93.5726133, 8.0966794 ], [ 93.5755988, 8.0949798 ], [ 93.5802261, 8.0973902 ], [ 93.57892, 8.0929185 ], [ 93.573952, 8.0944009 ], [ 93.5772187, 8.0921633 ], [ 93.5754404, 8.0913492 ], [ 93.5759714, 8.0899432 ], [ 93.5779675, 8.0908522 ], [ 93.580571, 8.0956676 ], [ 93.5829121, 8.0953288 ], [ 93.5815739, 8.0934976 ], [ 93.5809987, 8.0847759 ], [ 93.5831997, 8.0781976 ], [ 93.5814489, 8.0737304 ], [ 93.5819078, 8.0682461 ], [ 93.587797, 8.0597647 ], [ 93.5915494, 8.0498634 ], [ 93.590561, 8.0438816 ], [ 93.5854444, 8.0403952 ], [ 93.5847597, 8.0380712 ], [ 93.5819743, 8.0391017 ], [ 93.5780679, 8.0460325 ], [ 93.5789024, 8.0470499 ], [ 93.573885, 8.0499294 ], [ 93.56762, 8.0592662 ], [ 93.5645701, 8.0615208 ], [ 93.5625868, 8.0674841 ], [ 93.5648359, 8.0742935 ], [ 93.5700166, 8.0750899 ], [ 93.5720361, 8.0698319 ], [ 93.576101, 8.0675311 ], [ 93.5724987, 8.0698863 ], [ 93.5715138, 8.0741678 ], [ 93.5750751, 8.0737884 ], [ 93.5782098, 8.074241 ], [ 93.5779284, 8.0752401 ], [ 93.5752338, 8.0741276 ], [ 93.5726524, 8.0750541 ], [ 93.5721664, 8.0793854 ], [ 93.5707917, 8.080163 ], [ 93.5715898, 8.0828939 ], [ 93.5658774, 8.0876948 ], [ 93.5618071, 8.0931197 ], [ 93.5622883, 8.0912886 ], [ 93.5607637, 8.0929884 ], [ 93.5614576, 8.0942093 ], [ 93.5600235, 8.0971796 ], [ 93.5632573, 8.103121 ], [ 93.5645856, 8.1099891 ], [ 93.5662686, 8.1115582 ], [ 93.5650338, 8.1164229 ], [ 93.5676694, 8.1195837 ], [ 93.5646799, 8.1166037 ], [ 93.5654021, 8.1117524 ], [ 93.5608701, 8.1080534 ], [ 93.5528693, 8.1203906 ], [ 93.5634216, 8.12627 ], [ 93.5710395, 8.1273698 ], [ 93.5785274, 8.1142409 ] ] ], [ [ [ 93.5109548, 8.23514 ], [ 93.5197821, 8.2334426 ], [ 93.5224966, 8.2316213 ], [ 93.5346328, 8.2289974 ], [ 93.536658, 8.2241737 ], [ 93.5360741, 8.2170164 ], [ 93.5372016, 8.2080238 ], [ 93.5354792, 8.1986011 ], [ 93.5320224, 8.1937128 ], [ 93.5297855, 8.1922293 ], [ 93.5279566, 8.1928031 ], [ 93.5290243, 8.1871608 ], [ 93.5270748, 8.1801569 ], [ 93.5252556, 8.1780631 ], [ 93.5187579, 8.1766056 ], [ 93.5176686, 8.1775638 ], [ 93.5228725, 8.1813042 ], [ 93.5238255, 8.180884 ], [ 93.5261163, 8.1842664 ], [ 93.5255392, 8.1871057 ], [ 93.5205298, 8.1859967 ], [ 93.522776, 8.1858661 ], [ 93.5227854, 8.1846816 ], [ 93.5170782, 8.1791913 ], [ 93.5130141, 8.1730549 ], [ 93.5077633, 8.1756079 ], [ 93.5041285, 8.1759998 ], [ 93.5086758, 8.1741161 ], [ 93.5016208, 8.1702031 ], [ 93.5, 8.1647453 ], [ 93.5028571, 8.1635481 ], [ 93.502246, 8.1589994 ], [ 93.5008896, 8.1576426 ], [ 93.4983086, 8.1577185 ], [ 93.4974715, 8.1511293 ], [ 93.4931593, 8.1498099 ], [ 93.4947019, 8.1474985 ], [ 93.4927907, 8.1461694 ], [ 93.4969742, 8.14222 ], [ 93.4978096, 8.1430383 ], [ 93.5030596, 8.1389299 ], [ 93.5050023, 8.1363804 ], [ 93.5041995, 8.1356252 ], [ 93.5044766, 8.1344904 ], [ 93.5055063, 8.135291 ], [ 93.5084248, 8.13172 ], [ 93.5064011, 8.1323072 ], [ 93.5077808, 8.1308156 ], [ 93.5089921, 8.1311958 ], [ 93.5108033, 8.1286236 ], [ 93.5108947, 8.1262544 ], [ 93.5146839, 8.1233529 ], [ 93.519157, 8.1082123 ], [ 93.5214759, 8.1065083 ], [ 93.5211142, 8.1018059 ], [ 93.5226803, 8.0982979 ], [ 93.5266732, 8.0960881 ], [ 93.5300041, 8.0921507 ], [ 93.5377626, 8.0899868 ], [ 93.5382625, 8.0858319 ], [ 93.5411262, 8.0811439 ], [ 93.5431612, 8.0677341 ], [ 93.5384501, 8.0566649 ], [ 93.5388186, 8.0519855 ], [ 93.5350356, 8.0501038 ], [ 93.539655, 8.0436846 ], [ 93.540141, 8.0410397 ], [ 93.5392473, 8.0409491 ], [ 93.5407951, 8.0361388 ], [ 93.5394344, 8.0355417 ], [ 93.5307012, 8.0400656 ], [ 93.528518, 8.0455539 ], [ 93.5265627, 8.0462633 ], [ 93.5272608, 8.0484021 ], [ 93.5238222, 8.0487403 ], [ 93.5212587, 8.0505889 ], [ 93.5180662, 8.0465687 ], [ 93.518277, 8.038367 ], [ 93.5144452, 8.033483 ], [ 93.512054, 8.0356752 ], [ 93.5107921, 8.0393504 ], [ 93.5082843, 8.0364021 ], [ 93.4984512, 8.0359206 ], [ 93.4964667, 8.0301684 ], [ 93.4963973, 8.0249041 ], [ 93.500736, 8.0217644 ], [ 93.5017167, 8.0185817 ], [ 93.500248, 8.0157328 ], [ 93.4978063, 8.0170254 ], [ 93.4975513, 8.0138958 ], [ 93.4991212, 8.0136376 ], [ 93.4999191, 8.0115389 ], [ 93.4973097, 8.0095316 ], [ 93.4978755, 8.0043485 ], [ 93.4962011, 8.0038741 ], [ 93.4967043, 8.0021915 ], [ 93.4954152, 8.0001341 ], [ 93.4927252, 8.0019483 ], [ 93.4915636, 8.001424 ], [ 93.4921856, 7.999928 ], [ 93.4910875, 7.9984544 ], [ 93.4880668, 7.9989525 ], [ 93.4868449, 8.001095 ], [ 93.4831199, 8.0007386 ], [ 93.4803618, 8.0028603 ], [ 93.4810701, 8.0048184 ], [ 93.4792511, 8.0067183 ], [ 93.4796646, 8.0095992 ], [ 93.4769619, 8.0160581 ], [ 93.4774614, 8.0178308 ], [ 93.4761321, 8.0184326 ], [ 93.4769693, 8.029237 ], [ 93.4753182, 8.0316026 ], [ 93.4768298, 8.0345646 ], [ 93.4761407, 8.0371879 ], [ 93.4772707, 8.0379067 ], [ 93.4758522, 8.046102 ], [ 93.476633, 8.0472687 ], [ 93.4805262, 8.0472678 ], [ 93.4840784, 8.0440876 ], [ 93.4889422, 8.0423543 ], [ 93.4901396, 8.0401741 ], [ 93.4927853, 8.0415709 ], [ 93.4925502, 8.0446599 ], [ 93.4937575, 8.0460344 ], [ 93.4991142, 8.0380461 ], [ 93.4972594, 8.0418546 ], [ 93.4972242, 8.0459702 ], [ 93.4983372, 8.0507096 ], [ 93.5, 8.0497241 ], [ 93.5, 8.0521785 ], [ 93.4963738, 8.055599 ], [ 93.4937193, 8.0560113 ], [ 93.493824, 8.0573047 ], [ 93.4965649, 8.0574578 ], [ 93.4966833, 8.0590406 ], [ 93.4993692, 8.0577057 ], [ 93.4989175, 8.0650415 ], [ 93.5002818, 8.0684148 ], [ 93.5018468, 8.0690076 ], [ 93.503803, 8.065893 ], [ 93.5038223, 8.0621222 ], [ 93.5053065, 8.0592742 ], [ 93.5038485, 8.0500323 ], [ 93.5085171, 8.0476871 ], [ 93.5114144, 8.0522589 ], [ 93.515692, 8.0532548 ], [ 93.5166847, 8.05642 ], [ 93.5149421, 8.0583274 ], [ 93.5141376, 8.0641191 ], [ 93.5176513, 8.0636633 ], [ 93.519953, 8.0653685 ], [ 93.520864, 8.0690625 ], [ 93.5222024, 8.0685611 ], [ 93.521626, 8.0697636 ], [ 93.517189, 8.0703728 ], [ 93.515579, 8.0686678 ], [ 93.5145746, 8.075228 ], [ 93.5211559, 8.080384 ], [ 93.5143648, 8.0796587 ], [ 93.514014, 8.0849441 ], [ 93.5118044, 8.0856714 ], [ 93.5093962, 8.0831117 ], [ 93.504582, 8.0856558 ], [ 93.5029588, 8.082088 ], [ 93.5042208, 8.0796876 ], [ 93.501799, 8.0771504 ], [ 93.5024981, 8.0753828 ], [ 93.4970822, 8.0742093 ], [ 93.4952251, 8.0700038 ], [ 93.4921666, 8.070181 ], [ 93.489343, 8.0658672 ], [ 93.4877093, 8.0655103 ], [ 93.4861942, 8.0677448 ], [ 93.4841513, 8.0643398 ], [ 93.4819188, 8.064381 ], [ 93.4818367, 8.0629655 ], [ 93.4852032, 8.0607622 ], [ 93.4843168, 8.0544353 ], [ 93.4823832, 8.0519166 ], [ 93.4804862, 8.0508226 ], [ 93.478091, 8.0536272 ], [ 93.4757494, 8.0528995 ], [ 93.4747345, 8.06005 ], [ 93.47567, 8.0636091 ], [ 93.4743778, 8.0682496 ], [ 93.4751773, 8.0721615 ], [ 93.4739309, 8.0791266 ], [ 93.4697171, 8.0886114 ], [ 93.4726802, 8.0872087 ], [ 93.4781402, 8.0901517 ], [ 93.478676, 8.0916712 ], [ 93.4839665, 8.0877895 ], [ 93.4870577, 8.0910405 ], [ 93.4862413, 8.0928588 ], [ 93.487862, 8.0950654 ], [ 93.4861599, 8.0937453 ], [ 93.4860684, 8.0908961 ], [ 93.4841209, 8.0882644 ], [ 93.4719788, 8.0966295 ], [ 93.4709714, 8.0966704 ], [ 93.4689324, 8.0903346 ], [ 93.460339, 8.0998248 ], [ 93.454051, 8.110843 ], [ 93.4557531, 8.1121045 ], [ 93.457355, 8.1111906 ], [ 93.4553811, 8.1126473 ], [ 93.4538024, 8.1163606 ], [ 93.458119, 8.1194488 ], [ 93.4552507, 8.1195307 ], [ 93.4559725, 8.1204487 ], [ 93.4551147, 8.1207654 ], [ 93.4541568, 8.1190786 ], [ 93.4510118, 8.1197124 ], [ 93.4482456, 8.133344 ], [ 93.4486045, 8.1354424 ], [ 93.4563756, 8.1407099 ], [ 93.4545512, 8.1418454 ], [ 93.4540887, 8.1441203 ], [ 93.4517831, 8.1447403 ], [ 93.4487146, 8.1427147 ], [ 93.4465816, 8.1439678 ], [ 93.4459017, 8.1496981 ], [ 93.4499146, 8.1531527 ], [ 93.4490569, 8.153786 ], [ 93.4481579, 8.1517691 ], [ 93.4452846, 8.1507203 ], [ 93.4459165, 8.1566448 ], [ 93.4417686, 8.1611319 ], [ 93.4405303, 8.1664733 ], [ 93.4374671, 8.1703813 ], [ 93.4424114, 8.1791272 ], [ 93.4455754, 8.1807504 ], [ 93.4566782, 8.1814313 ], [ 93.4657344, 8.1843737 ], [ 93.4694851, 8.190293 ], [ 93.4688761, 8.1867836 ], [ 93.4696247, 8.1854447 ], [ 93.4700435, 8.1907994 ], [ 93.4740074, 8.1955652 ], [ 93.4805989, 8.197531 ], [ 93.4828238, 8.2000088 ], [ 93.4867545, 8.1985153 ], [ 93.4902918, 8.2029465 ], [ 93.4867183, 8.199049 ], [ 93.4837091, 8.2005648 ], [ 93.4821883, 8.2000315 ], [ 93.4808124, 8.1978792 ], [ 93.4782431, 8.197717 ], [ 93.4806767, 8.2000726 ], [ 93.4799698, 8.2049617 ], [ 93.4824449, 8.2093435 ], [ 93.4811945, 8.2189 ], [ 93.4834017, 8.2227843 ], [ 93.496786, 8.2282257 ], [ 93.499574, 8.23045 ], [ 93.5050802, 8.2308846 ], [ 93.506299, 8.2323219 ], [ 93.5100792, 8.2328703 ], [ 93.5113914, 8.230913 ], [ 93.514083, 8.2297427 ], [ 93.5145364, 8.2310586 ], [ 93.5117408, 8.2311572 ], [ 93.5107418, 8.232762 ], [ 93.5093166, 8.2335212 ], [ 93.5109548, 8.23514 ] ] ], [ [ [ 93.1940191, 8.1866258 ], [ 93.1937831, 8.1863094 ], [ 93.1937377, 8.1865581 ], [ 93.1940191, 8.1866258 ] ] ], [ [ [ 93.1973325, 8.1905633 ], [ 93.1971871, 8.1902332 ], [ 93.1970692, 8.1904412 ], [ 93.1973325, 8.1905633 ] ] ], [ [ [ 93.1883746, 8.1904065 ], [ 93.1878346, 8.1904925 ], [ 93.1879163, 8.1906869 ], [ 93.1883746, 8.1904065 ] ] ], [ [ [ 93.1864601, 8.1940193 ], [ 93.1860516, 8.1936893 ], [ 93.1861697, 8.1941324 ], [ 93.1864601, 8.1940193 ] ] ], [ [ [ 93.1753331, 8.194152 ], [ 93.1752196, 8.193727 ], [ 93.1748657, 8.1941159 ], [ 93.1753331, 8.194152 ] ] ], [ [ [ 93.1880214, 8.1954749 ], [ 93.187976, 8.1950138 ], [ 93.1877945, 8.19538 ], [ 93.1880214, 8.1954749 ] ] ], [ [ [ 93.2113423, 8.1968043 ], [ 93.211061, 8.1970395 ], [ 93.2114649, 8.1970892 ], [ 93.2113423, 8.1968043 ] ] ], [ [ [ 93.1265321, 8.2163093 ], [ 93.1269814, 8.2160018 ], [ 93.126514, 8.2160289 ], [ 93.1265321, 8.2163093 ] ] ], [ [ [ 93.1174647, 8.2191938 ], [ 93.117315, 8.2187597 ], [ 93.1171607, 8.2188682 ], [ 93.1174647, 8.2191938 ] ] ], [ [ [ 93.1172559, 8.2203557 ], [ 93.1171788, 8.2200076 ], [ 93.1170335, 8.2202743 ], [ 93.1172559, 8.2203557 ] ] ], [ [ [ 93.2338218, 8.2239852 ], [ 93.2344209, 8.2240121 ], [ 93.2344026, 8.2239036 ], [ 93.2338218, 8.2239852 ] ] ], [ [ [ 93.2266786, 8.2242718 ], [ 93.2265744, 8.2248687 ], [ 93.2272959, 8.2245475 ], [ 93.2266786, 8.2242718 ] ] ], [ [ [ 93.2423837, 8.2329619 ], [ 93.2421204, 8.2328173 ], [ 93.2422521, 8.2330523 ], [ 93.2423837, 8.2329619 ] ] ], [ [ [ 93.2419936, 8.2338572 ], [ 93.2417803, 8.2338211 ], [ 93.2418348, 8.2339161 ], [ 93.2419936, 8.2338572 ] ] ], [ [ [ 93.2421435, 8.2342279 ], [ 93.24203, 8.2340968 ], [ 93.2420073, 8.2342596 ], [ 93.2421435, 8.2342279 ] ] ], [ [ [ 93.2285184, 8.265081 ], [ 93.2398586, 8.2427104 ], [ 93.2391953, 8.2401833 ], [ 93.2411228, 8.2358152 ], [ 93.2403139, 8.2335695 ], [ 93.2412162, 8.229386 ], [ 93.2402361, 8.2264926 ], [ 93.2304942, 8.2245119 ], [ 93.2295008, 8.2218026 ], [ 93.2243198, 8.2288389 ], [ 93.2241706, 8.2309142 ], [ 93.2140656, 8.2393577 ], [ 93.2103547, 8.246814 ], [ 93.2096933, 8.2514041 ], [ 93.211887, 8.2588231 ], [ 93.2171801, 8.2633205 ], [ 93.2221188, 8.2652092 ], [ 93.2285184, 8.265081 ] ] ], [ [ [ 93.2267487, 8.2668312 ], [ 93.2264219, 8.2667996 ], [ 93.2266308, 8.267003 ], [ 93.2267487, 8.2668312 ] ] ], [ [ [ 93.1185066, 8.3528926 ], [ 93.1222474, 8.3483578 ], [ 93.1249985, 8.3494203 ], [ 93.1321485, 8.3481136 ], [ 93.1324572, 8.3491264 ], [ 93.1333287, 8.3456676 ], [ 93.1330427, 8.3417567 ], [ 93.1311632, 8.3385286 ], [ 93.1317896, 8.3302637 ], [ 93.1243131, 8.3160535 ], [ 93.1240997, 8.3010837 ], [ 93.1214172, 8.2919326 ], [ 93.1176543, 8.2846127 ], [ 93.1177634, 8.2772837 ], [ 93.1237684, 8.2666723 ], [ 93.1286793, 8.2608716 ], [ 93.1489867, 8.2415511 ], [ 93.1635657, 8.2356222 ], [ 93.1709174, 8.2307701 ], [ 93.1834835, 8.2263919 ], [ 93.185589, 8.2250442 ], [ 93.1874037, 8.2213818 ], [ 93.1928265, 8.2186003 ], [ 93.1958344, 8.2130884 ], [ 93.1940762, 8.2020749 ], [ 93.1909031, 8.1961165 ], [ 93.188047, 8.1955591 ], [ 93.1855958, 8.1947225 ], [ 93.1798984, 8.1953133 ], [ 93.1781784, 8.194129 ], [ 93.1644564, 8.2010933 ], [ 93.1533518, 8.2017001 ], [ 93.1246442, 8.2189859 ], [ 93.1116239, 8.2236426 ], [ 93.1095588, 8.2268164 ], [ 93.1063275, 8.2281002 ], [ 93.1057282, 8.233788 ], [ 93.1020429, 8.2342218 ], [ 93.0937915, 8.2424906 ], [ 93.0932273, 8.245206 ], [ 93.0897879, 8.2487884 ], [ 93.0908182, 8.2513828 ], [ 93.0898874, 8.2551507 ], [ 93.087323, 8.2561768 ], [ 93.0758427, 8.2734603 ], [ 93.0739445, 8.2812005 ], [ 93.0750283, 8.2883894 ], [ 93.0733025, 8.2954559 ], [ 93.0753392, 8.3070125 ], [ 93.0841888, 8.3252115 ], [ 93.0847692, 8.3315503 ], [ 93.0837111, 8.3352712 ], [ 93.0849317, 8.3408008 ], [ 93.0893032, 8.3425012 ], [ 93.0915863, 8.3473075 ], [ 93.0949502, 8.3473755 ], [ 93.0962937, 8.3511917 ], [ 93.1000527, 8.3484293 ], [ 93.1031852, 8.3478599 ], [ 93.1062267, 8.3505773 ], [ 93.1112475, 8.351631 ], [ 93.1134356, 8.3537967 ], [ 93.1129544, 8.3558539 ], [ 93.1133721, 8.354701 ], [ 93.1151335, 8.3551124 ], [ 93.1167179, 8.3568938 ], [ 93.1185429, 8.3554019 ], [ 93.1185066, 8.3528926 ] ] ], [ [ [ 93.6062111, 8.4325459 ], [ 93.6065382, 8.4323153 ], [ 93.6061658, 8.4324012 ], [ 93.6062111, 8.4325459 ] ] ], [ [ [ 93.6064835, 8.4358825 ], [ 93.6070828, 8.4363347 ], [ 93.6074869, 8.4360635 ], [ 93.6064835, 8.4358825 ] ] ], [ [ [ 93.6072317, 8.4568339 ], [ 93.6062871, 8.4578466 ], [ 93.6078992, 8.4573132 ], [ 93.6072317, 8.4568339 ] ] ], [ [ [ 93.6028389, 8.4861719 ], [ 93.6033021, 8.4873473 ], [ 93.6039561, 8.48704 ], [ 93.6028389, 8.4861719 ] ] ], [ [ [ 93.6058675, 8.49875 ], [ 93.6057766, 8.4982753 ], [ 93.6055859, 8.4982843 ], [ 93.6058675, 8.49875 ] ] ], [ [ [ 93.6023273, 8.538695 ], [ 93.6029495, 8.5390341 ], [ 93.6024727, 8.5386135 ], [ 93.6023273, 8.538695 ] ] ], [ [ [ 93.6003599, 8.5496768 ], [ 93.6006097, 8.5498939 ], [ 93.6005825, 8.5496542 ], [ 93.6003599, 8.5496768 ] ] ], [ [ [ 93.5998871, 8.5580364 ], [ 93.599778, 8.5579596 ], [ 93.5997871, 8.5580546 ], [ 93.5998871, 8.5580364 ] ] ], [ [ [ 93.5998416, 8.5584524 ], [ 93.5998053, 8.5582173 ], [ 93.5996735, 8.5583936 ], [ 93.5998416, 8.5584524 ] ] ], [ [ [ 93.6000505, 8.5586107 ], [ 93.5999324, 8.5585564 ], [ 93.5999143, 8.5586423 ], [ 93.6000505, 8.5586107 ] ] ], [ [ [ 93.5994191, 8.5585744 ], [ 93.5995917, 8.5586468 ], [ 93.5994963, 8.5584388 ], [ 93.5994191, 8.5585744 ] ] ], [ [ [ 93.600768, 8.5616806 ], [ 93.6008406, 8.5615178 ], [ 93.6006363, 8.5614997 ], [ 93.600768, 8.5616806 ] ] ], [ [ [ 93.6004955, 8.5617122 ], [ 93.600559, 8.5619021 ], [ 93.6006, 8.5616489 ], [ 93.6004955, 8.5617122 ] ] ], [ [ [ 93.6014311, 8.563453 ], [ 93.6011267, 8.5630731 ], [ 93.6009995, 8.5632902 ], [ 93.6014311, 8.563453 ] ] ], [ [ [ 93.6009269, 8.5637649 ], [ 93.6004136, 8.5632991 ], [ 93.6003954, 8.5638598 ], [ 93.6009269, 8.5637649 ] ] ], [ [ [ 93.6030026, 8.56334 ], [ 93.6030798, 8.5636971 ], [ 93.6031889, 8.563358 ], [ 93.6030026, 8.56334 ] ] ], [ [ [ 93.6029799, 8.5648636 ], [ 93.6029163, 8.5646692 ], [ 93.6027891, 8.5648229 ], [ 93.6029799, 8.5648636 ] ] ], [ [ [ 93.6032297, 8.5658402 ], [ 93.6031797, 8.5654514 ], [ 93.6030752, 8.5658493 ], [ 93.6032297, 8.5658402 ] ] ], [ [ [ 93.6033795, 8.5670338 ], [ 93.6034158, 8.566749 ], [ 93.6031705, 8.5668937 ], [ 93.6033795, 8.5670338 ] ] ], [ [ [ 93.6029888, 8.5673096 ], [ 93.6028662, 8.5671197 ], [ 93.602798, 8.5673187 ], [ 93.6029888, 8.5673096 ] ] ], [ [ [ 93.6069494, 8.5734089 ], [ 93.6072219, 8.5732959 ], [ 93.6071447, 8.5731919 ], [ 93.6069494, 8.5734089 ] ] ], [ [ [ 93.6063679, 8.5738519 ], [ 93.6065951, 8.5737796 ], [ 93.606477, 8.5736892 ], [ 93.6063679, 8.5738519 ] ] ], [ [ [ 93.6022617, 8.5739376 ], [ 93.6026296, 8.5740281 ], [ 93.6022798, 8.5738653 ], [ 93.6022617, 8.5739376 ] ] ], [ [ [ 93.6019437, 8.5743897 ], [ 93.601921, 8.5741004 ], [ 93.6017529, 8.5743445 ], [ 93.6019437, 8.5743897 ] ] ], [ [ [ 93.6056548, 8.5745074 ], [ 93.6057501, 8.574286 ], [ 93.6056276, 8.5742905 ], [ 93.6056548, 8.5745074 ] ] ], [ [ [ 93.6028431, 8.5745842 ], [ 93.603061, 8.5747288 ], [ 93.6029475, 8.5745345 ], [ 93.6028431, 8.5745842 ] ] ], [ [ [ 93.6053959, 8.5746069 ], [ 93.6056138, 8.5747516 ], [ 93.6055003, 8.5745572 ], [ 93.6053959, 8.5746069 ] ] ], [ [ [ 93.6051415, 8.575154 ], [ 93.6051415, 8.5749912 ], [ 93.6050688, 8.5751133 ], [ 93.6051415, 8.575154 ] ] ], [ [ [ 93.6028612, 8.5751945 ], [ 93.6028612, 8.5750318 ], [ 93.6027885, 8.5751538 ], [ 93.6028612, 8.5751945 ] ] ], [ [ [ 93.6028975, 8.5755291 ], [ 93.6028021, 8.5754387 ], [ 93.6028157, 8.5755607 ], [ 93.6028975, 8.5755291 ] ] ], [ [ [ 93.6028202, 8.5762751 ], [ 93.6026658, 8.5762525 ], [ 93.602684, 8.5764514 ], [ 93.6028202, 8.5762751 ] ] ], [ [ [ 93.6026022, 8.5766639 ], [ 93.6025023, 8.5765328 ], [ 93.6025204, 8.5767318 ], [ 93.6026022, 8.5766639 ] ] ], [ [ [ 93.5977007, 8.5801268 ], [ 93.5961697, 8.5825456 ], [ 93.5982683, 8.5832103 ], [ 93.5984865, 8.581316 ], [ 93.5977007, 8.5801268 ] ] ], [ [ [ 93.1249528, 12.1521021 ], [ 93.1240566, 12.1464998 ], [ 93.1213497, 12.1438185 ], [ 93.1233717, 12.1395184 ], [ 93.1208488, 12.1378635 ], [ 93.1221493, 12.1371671 ], [ 93.1191577, 12.1343773 ], [ 93.1200998, 12.1346079 ], [ 93.1176643, 12.1299415 ], [ 93.1146268, 12.1287523 ], [ 93.1115249, 12.1297832 ], [ 93.1096224, 12.1333055 ], [ 93.1105596, 12.137895 ], [ 93.1084411, 12.1387585 ], [ 93.1085649, 12.1449486 ], [ 93.111097, 12.1466715 ], [ 93.1124987, 12.1455592 ], [ 93.1152606, 12.149475 ], [ 93.1241761, 12.1530561 ], [ 93.1249528, 12.1521021 ] ] ], [ [ [ 93.1083304, 13.6557501 ], [ 93.1080439, 13.6565094 ], [ 93.1085385, 13.6562834 ], [ 93.1083304, 13.6557501 ] ] ], [ [ [ 93.1108122, 13.6573954 ], [ 93.1103501, 13.6578293 ], [ 93.1105025, 13.6579558 ], [ 93.1108122, 13.6573954 ] ] ], [ [ [ 93.9493076, 6.9354052 ], [ 93.9506921, 6.9345911 ], [ 93.9501807, 6.9340894 ], [ 93.9493076, 6.9354052 ] ] ], [ [ [ 93.8380005, 7.2342053 ], [ 93.8328848, 7.2309308 ], [ 93.8325859, 7.2274723 ], [ 93.8342481, 7.2217257 ], [ 93.8387897, 7.2163997 ], [ 93.8412165, 7.2156268 ], [ 93.8479308, 7.2178383 ], [ 93.8568998, 7.2183722 ], [ 93.8594716, 7.215456 ], [ 93.8590144, 7.2135841 ], [ 93.8637095, 7.2096686 ], [ 93.8650588, 7.2050386 ], [ 93.8699484, 7.2047132 ], [ 93.8700934, 7.1985323 ], [ 93.8685405, 7.1950462 ], [ 93.8714743, 7.1914562 ], [ 93.8718501, 7.1858586 ], [ 93.8705734, 7.1811923 ], [ 93.8686132, 7.1794696 ], [ 93.868654, 7.1756083 ], [ 93.8694825, 7.1727236 ], [ 93.8744941, 7.168695 ], [ 93.8726334, 7.1656068 ], [ 93.8765312, 7.1554832 ], [ 93.8754538, 7.1514274 ], [ 93.8768118, 7.1435374 ], [ 93.874983, 7.1389752 ], [ 93.8760603, 7.1321523 ], [ 93.8805373, 7.1307867 ], [ 93.8827688, 7.1278794 ], [ 93.8807905, 7.1177784 ], [ 93.8811572, 7.1135011 ], [ 93.8775676, 7.10874 ], [ 93.8778618, 7.1044898 ], [ 93.8810845, 7.0992719 ], [ 93.8810437, 7.0896908 ], [ 93.8897158, 7.0814434 ], [ 93.8932644, 7.08223 ], [ 93.8985374, 7.0804845 ], [ 93.8992481, 7.0829396 ], [ 93.9017646, 7.0814972 ], [ 93.8987184, 7.079648 ], [ 93.9038233, 7.0697908 ], [ 93.9030355, 7.0646092 ], [ 93.9072308, 7.0605125 ], [ 93.9095251, 7.0536124 ], [ 93.9132858, 7.0489641 ], [ 93.9128645, 7.04494 ], [ 93.9082568, 7.0393065 ], [ 93.9109269, 7.0372445 ], [ 93.9102885, 7.0346763 ], [ 93.9130083, 7.0316105 ], [ 93.9124421, 7.0251358 ], [ 93.9161484, 7.0237111 ], [ 93.9243449, 7.0285936 ], [ 93.9300555, 7.0220368 ], [ 93.9343265, 7.0116684 ], [ 93.9367112, 7.0099092 ], [ 93.9427573, 7.0093252 ], [ 93.9446296, 7.0014032 ], [ 93.9435743, 6.9954294 ], [ 93.9414018, 6.992753 ], [ 93.939338, 6.9913696 ], [ 93.9368762, 6.9915418 ], [ 93.9334366, 6.9888701 ], [ 93.9319569, 6.9894625 ], [ 93.9341113, 6.9916868 ], [ 93.9333287, 6.9942507 ], [ 93.9287223, 6.9977057 ], [ 93.9234287, 7.0095083 ], [ 93.9187131, 7.0096128 ], [ 93.9136307, 7.0060865 ], [ 93.910784, 7.0027634 ], [ 93.9098786, 6.9993171 ], [ 93.9103487, 6.9928332 ], [ 93.9148108, 6.9931222 ], [ 93.9191095, 6.9887043 ], [ 93.9234129, 6.9869676 ], [ 93.9257247, 6.9817902 ], [ 93.9243667, 6.9776668 ], [ 93.9246105, 6.9720465 ], [ 93.9289455, 6.9709698 ], [ 93.9290267, 6.9688176 ], [ 93.9307686, 6.9669771 ], [ 93.9309355, 6.9627992 ], [ 93.9399083, 6.9588824 ], [ 93.9413511, 6.9543426 ], [ 93.939355, 6.9502011 ], [ 93.9332461, 6.9479638 ], [ 93.9240611, 6.95368 ], [ 93.9198026, 6.9484084 ], [ 93.915377, 6.9472829 ], [ 93.913413, 6.9438014 ], [ 93.914987, 6.9368608 ], [ 93.9129418, 6.9356809 ], [ 93.914638, 6.929866 ], [ 93.9114572, 6.9305355 ], [ 93.9088237, 6.929464 ], [ 93.9062401, 6.9307212 ], [ 93.9037604, 6.9272895 ], [ 93.9056288, 6.9225147 ], [ 93.9082667, 6.9227586 ], [ 93.9098095, 6.921601 ], [ 93.9096821, 6.9106362 ], [ 93.9028585, 6.9032802 ], [ 93.8958095, 6.905781 ], [ 93.8914748, 6.9011963 ], [ 93.8915788, 6.8999529 ], [ 93.8946735, 6.898108 ], [ 93.8944607, 6.894979 ], [ 93.8914292, 6.8913167 ], [ 93.8931031, 6.8887167 ], [ 93.8950215, 6.8882826 ], [ 93.8943019, 6.8835667 ], [ 93.8964056, 6.8795921 ], [ 93.8965502, 6.8752198 ], [ 93.8952334, 6.8707797 ], [ 93.8893156, 6.8671355 ], [ 93.8884967, 6.8647346 ], [ 93.8883292, 6.8604166 ], [ 93.8899894, 6.8575363 ], [ 93.8890165, 6.8477924 ], [ 93.8897176, 6.8458661 ], [ 93.8948793, 6.8417604 ], [ 93.9023889, 6.8395942 ], [ 93.9052884, 6.8348464 ], [ 93.9023609, 6.8259391 ], [ 93.9007234, 6.8248676 ], [ 93.9002889, 6.8208796 ], [ 93.8981128, 6.8185376 ], [ 93.8963939, 6.8198082 ], [ 93.8984973, 6.816643 ], [ 93.8977235, 6.8134644 ], [ 93.8958371, 6.8123115 ], [ 93.8923174, 6.8033906 ], [ 93.8884587, 6.8017539 ], [ 93.8846455, 6.8037751 ], [ 93.8840482, 6.7968435 ], [ 93.8823202, 6.7942889 ], [ 93.8759873, 6.7932264 ], [ 93.8742503, 6.7954194 ], [ 93.874196, 6.8015189 ], [ 93.8727982, 6.8033592 ], [ 93.8709571, 6.8034813 ], [ 93.8624118, 6.8135326 ], [ 93.8570784, 6.8145272 ], [ 93.847018, 6.811339 ], [ 93.8472304, 6.8140202 ], [ 93.8516274, 6.815689 ], [ 93.8549385, 6.8199891 ], [ 93.8541919, 6.823552 ], [ 93.8552458, 6.8261972 ], [ 93.855101, 6.8278386 ], [ 93.8527214, 6.8293576 ], [ 93.8505407, 6.8333229 ], [ 93.8484327, 6.8320387 ], [ 93.8472065, 6.8349596 ], [ 93.8479214, 6.8320793 ], [ 93.8467137, 6.8307047 ], [ 93.8502874, 6.8329884 ], [ 93.8514683, 6.8299002 ], [ 93.8546622, 6.8278476 ], [ 93.8538029, 6.8236108 ], [ 93.8547032, 6.8209341 ], [ 93.8517494, 6.8166927 ], [ 93.8466966, 6.8144091 ], [ 93.8438064, 6.8076582 ], [ 93.8436708, 6.8050583 ], [ 93.845295, 6.8033537 ], [ 93.8450146, 6.8012603 ], [ 93.8418845, 6.799569 ], [ 93.8444724, 6.7908561 ], [ 93.8419809, 6.7784986 ], [ 93.8347488, 6.7694548 ], [ 93.8314482, 6.7546555 ], [ 93.8290872, 6.7535926 ], [ 93.8264592, 6.7547273 ], [ 93.822479, 6.7527826 ], [ 93.8086104, 6.7582566 ], [ 93.8074753, 6.7572978 ], [ 93.8048965, 6.7613036 ], [ 93.8015404, 6.7607559 ], [ 93.7991513, 6.766186 ], [ 93.8015883, 6.7733305 ], [ 93.8045193, 6.7740227 ], [ 93.8081735, 6.7778574 ], [ 93.8079517, 6.7789923 ], [ 93.8036046, 6.7807235 ], [ 93.8019393, 6.7850232 ], [ 93.8003605, 6.7856605 ], [ 93.8016583, 6.788862 ], [ 93.8065115, 6.79144 ], [ 93.8059594, 6.7935198 ], [ 93.8013541, 6.7959201 ], [ 93.8029413, 6.8000395 ], [ 93.8017151, 6.8020605 ], [ 93.8022484, 6.8049543 ], [ 93.8058986, 6.8072338 ], [ 93.8076622, 6.8112537 ], [ 93.8098697, 6.8119729 ], [ 93.8066169, 6.814509 ], [ 93.8032831, 6.812917 ], [ 93.799932, 6.8075629 ], [ 93.7954895, 6.809511 ], [ 93.7898834, 6.8165817 ], [ 93.7906882, 6.8195073 ], [ 93.7844218, 6.8250813 ], [ 93.7805853, 6.8264687 ], [ 93.7777568, 6.8322286 ], [ 93.7778372, 6.8370892 ], [ 93.7811168, 6.8382745 ], [ 93.7801889, 6.8404673 ], [ 93.7856119, 6.8469025 ], [ 93.7765648, 6.8430981 ], [ 93.7762341, 6.8450513 ], [ 93.7787076, 6.8509073 ], [ 93.7822272, 6.8510164 ], [ 93.7822813, 6.851871 ], [ 93.7794998, 6.8530477 ], [ 93.7777257, 6.8515355 ], [ 93.7753958, 6.851639 ], [ 93.7703687, 6.8559742 ], [ 93.7688025, 6.8597402 ], [ 93.7637669, 6.8612538 ], [ 93.7626264, 6.8628948 ], [ 93.7629782, 6.8673984 ], [ 93.7648108, 6.866169 ], [ 93.7654799, 6.8679506 ], [ 93.7669822, 6.8670738 ], [ 93.7672353, 6.8682449 ], [ 93.7654156, 6.8722822 ], [ 93.7625289, 6.8736064 ], [ 93.7624422, 6.8765997 ], [ 93.7702413, 6.879563 ], [ 93.7768602, 6.8804778 ], [ 93.7719649, 6.8806441 ], [ 93.7706299, 6.8819233 ], [ 93.7670785, 6.8810997 ], [ 93.7636574, 6.8844584 ], [ 93.7650865, 6.8867557 ], [ 93.7692674, 6.8851152 ], [ 93.7704703, 6.8878646 ], [ 93.7683214, 6.8867202 ], [ 93.7667915, 6.8900431 ], [ 93.7574111, 6.8954984 ], [ 93.7575415, 6.8988263 ], [ 93.7596042, 6.9004636 ], [ 93.7566675, 6.9020093 ], [ 93.7538655, 6.906928 ], [ 93.7569728, 6.9114729 ], [ 93.7543707, 6.9133215 ], [ 93.7506699, 6.911919 ], [ 93.7481193, 6.9074103 ], [ 93.7442017, 6.9049586 ], [ 93.7375531, 6.9119334 ], [ 93.7317089, 6.9218836 ], [ 93.7307123, 6.9258622 ], [ 93.7327291, 6.9297378 ], [ 93.7419006, 6.9305182 ], [ 93.7415241, 6.9338051 ], [ 93.7392385, 6.9355951 ], [ 93.7398943, 6.9365855 ], [ 93.7425188, 6.9363692 ], [ 93.7432469, 6.9381554 ], [ 93.7422056, 6.9399592 ], [ 93.7388025, 6.9413553 ], [ 93.7424354, 6.9436397 ], [ 93.7428693, 6.9452902 ], [ 93.7414111, 6.9494541 ], [ 93.7381212, 6.9500907 ], [ 93.7375733, 6.9512391 ], [ 93.7393596, 6.9553089 ], [ 93.741011, 6.9562589 ], [ 93.7372578, 6.96271 ], [ 93.7350858, 6.962723 ], [ 93.7352899, 6.9609823 ], [ 93.7329957, 6.9609906 ], [ 93.7298882, 6.957377 ], [ 93.7263491, 6.9588047 ], [ 93.7272247, 6.966071 ], [ 93.7242245, 6.96607 ], [ 93.7224224, 6.9696686 ], [ 93.7252164, 6.977338 ], [ 93.7156053, 6.9895474 ], [ 93.7173924, 6.991013 ], [ 93.7198089, 6.990842 ], [ 93.7220729, 6.9867056 ], [ 93.7250927, 6.982185 ], [ 93.7283287, 6.9810014 ], [ 93.7312039, 6.9753956 ], [ 93.7327608, 6.9747179 ], [ 93.7338196, 6.9750482 ], [ 93.7369459, 6.976921 ], [ 93.7332211, 6.9788235 ], [ 93.7356977, 6.9899065 ], [ 93.7384494, 6.9890302 ], [ 93.7389514, 6.9898035 ], [ 93.7360726, 6.9921854 ], [ 93.7385795, 6.9927242 ], [ 93.7381536, 6.9942478 ], [ 93.7363841, 6.9946995 ], [ 93.7334655, 6.9939074 ], [ 93.7331075, 6.9955169 ], [ 93.7342566, 6.996521 ], [ 93.7348398, 6.9985469 ], [ 93.7373426, 6.9978694 ], [ 93.7376441, 7.0000045 ], [ 93.7367813, 6.9982084 ], [ 93.7342424, 6.9986959 ], [ 93.732854, 6.9957655 ], [ 93.7334113, 6.9935547 ], [ 93.7376695, 6.9941166 ], [ 93.7380499, 6.9930406 ], [ 93.7360814, 6.9930174 ], [ 93.7358375, 6.9913987 ], [ 93.7384898, 6.9896677 ], [ 93.7360776, 6.9903859 ], [ 93.7353402, 6.9899109 ], [ 93.732927, 6.9787375 ], [ 93.7364527, 6.9768351 ], [ 93.7330729, 6.9750299 ], [ 93.7311268, 6.9758342 ], [ 93.7280434, 6.9816705 ], [ 93.7248526, 6.9831435 ], [ 93.7201164, 6.9914706 ], [ 93.7181025, 6.9918769 ], [ 93.7174995, 6.994992 ], [ 93.7096112, 6.996938 ], [ 93.7171875, 6.9943498 ], [ 93.7175822, 6.9914607 ], [ 93.7149399, 6.9900581 ], [ 93.7073586, 6.9937812 ], [ 93.7068252, 6.9924156 ], [ 93.7044535, 6.9933551 ], [ 93.7002506, 6.9902428 ], [ 93.6959923, 6.9920038 ], [ 93.6948395, 6.9950843 ], [ 93.6984619, 6.9988661 ], [ 93.6980185, 7.0027214 ], [ 93.6931049, 7.0096354 ], [ 93.6986803, 7.0097341 ], [ 93.7012736, 7.0103983 ], [ 93.7032198, 7.0118359 ], [ 93.7014781, 7.0154082 ], [ 93.6981839, 7.018533 ], [ 93.700719, 7.0231446 ], [ 93.7007283, 7.0244288 ], [ 93.7000812, 7.0253602 ], [ 93.6977912, 7.024913 ], [ 93.6953425, 7.0229103 ], [ 93.6985334, 7.0248993 ], [ 93.7003029, 7.0245961 ], [ 93.6979215, 7.0186461 ], [ 93.701211, 7.01525 ], [ 93.702817, 7.01194 ], [ 93.7017941, 7.0110041 ], [ 93.6928832, 7.0098796 ], [ 93.6835884, 7.0157498 ], [ 93.6760264, 7.017487 ], [ 93.6703466, 7.0157422 ], [ 93.6706902, 7.012324 ], [ 93.6676622, 7.0076038 ], [ 93.6689926, 7.0069163 ], [ 93.6689924, 7.0043572 ], [ 93.6663222, 7.0024268 ], [ 93.6591266, 7.0020882 ], [ 93.6550268, 7.0054932 ], [ 93.6565296, 7.0097207 ], [ 93.6632458, 7.0128356 ], [ 93.66278, 7.0177279 ], [ 93.659594, 7.0186641 ], [ 93.6615629, 7.0206941 ], [ 93.6660975, 7.0211865 ], [ 93.6669712, 7.0225655 ], [ 93.664523, 7.0251702 ], [ 93.6620518, 7.023624 ], [ 93.6598391, 7.0271148 ], [ 93.6604323, 7.0316136 ], [ 93.6636817, 7.0315908 ], [ 93.6648133, 7.0342448 ], [ 93.6641483, 7.0369035 ], [ 93.656939, 7.0416517 ], [ 93.6560161, 7.0467384 ], [ 93.6564101, 7.0503149 ], [ 93.6583155, 7.0505137 ], [ 93.6579767, 7.0591543 ], [ 93.6597148, 7.0612567 ], [ 93.6600591, 7.0654888 ], [ 93.6537091, 7.0656385 ], [ 93.6524283, 7.0671397 ], [ 93.6543704, 7.0747402 ], [ 93.6564435, 7.0754274 ], [ 93.6573443, 7.0779865 ], [ 93.6601235, 7.0787278 ], [ 93.6602866, 7.081599 ], [ 93.6568606, 7.0857319 ], [ 93.6551135, 7.0861977 ], [ 93.6516915, 7.0843486 ], [ 93.6492293, 7.0856284 ], [ 93.64822, 7.0874009 ], [ 93.6493109, 7.0898741 ], [ 93.6465047, 7.0906383 ], [ 93.6446853, 7.093713 ], [ 93.6448075, 7.0953136 ], [ 93.6467539, 7.0965433 ], [ 93.6452512, 7.0970589 ], [ 93.6443914, 7.1006851 ], [ 93.6455729, 7.1039316 ], [ 93.6479629, 7.1052607 ], [ 93.6507692, 7.1038589 ], [ 93.6559113, 7.1038858 ], [ 93.6545444, 7.1054187 ], [ 93.6579983, 7.1088005 ], [ 93.6543454, 7.1081677 ], [ 93.6543364, 7.1091308 ], [ 93.6586502, 7.1105774 ], [ 93.6619908, 7.1094378 ], [ 93.6617735, 7.1105772 ], [ 93.6657161, 7.1108165 ], [ 93.6672734, 7.1126068 ], [ 93.6648109, 7.1111648 ], [ 93.6635754, 7.1151076 ], [ 93.6573291, 7.1181374 ], [ 93.6533271, 7.1115046 ], [ 93.6483977, 7.1106684 ], [ 93.6449261, 7.114227 ], [ 93.6436497, 7.1180251 ], [ 93.6431793, 7.1272762 ], [ 93.6446189, 7.130925 ], [ 93.6541749, 7.1318604 ], [ 93.6569549, 7.1409484 ], [ 93.6627626, 7.1389495 ], [ 93.6649946, 7.1419878 ], [ 93.666951, 7.1511255 ], [ 93.6653401, 7.158247 ], [ 93.6689843, 7.1579663 ], [ 93.6672958, 7.1594451 ], [ 93.6651409, 7.1585002 ], [ 93.6636608, 7.1605667 ], [ 93.6622897, 7.1684025 ], [ 93.6634128, 7.1736609 ], [ 93.6608372, 7.1774186 ], [ 93.6650659, 7.1813202 ], [ 93.6723914, 7.1853029 ], [ 93.6737093, 7.1902312 ], [ 93.6763264, 7.1930388 ], [ 93.6796313, 7.1923331 ], [ 93.6805324, 7.1944128 ], [ 93.6819585, 7.194598 ], [ 93.6894327, 7.190487 ], [ 93.6911806, 7.1931861 ], [ 93.692697, 7.1920781 ], [ 93.6935846, 7.1937871 ], [ 93.7012132, 7.1939397 ], [ 93.705428, 7.1929985 ], [ 93.7080667, 7.1890959 ], [ 93.7101856, 7.1897286 ], [ 93.7145315, 7.1881497 ], [ 93.7187286, 7.1899485 ], [ 93.7221556, 7.1890118 ], [ 93.7274355, 7.1935321 ], [ 93.7343055, 7.202153 ], [ 93.7409572, 7.2062297 ], [ 93.7433646, 7.2011605 ], [ 93.7398288, 7.2017718 ], [ 93.7376145, 7.2002215 ], [ 93.7392065, 7.1939679 ], [ 93.7379994, 7.2003163 ], [ 93.7403177, 7.2013648 ], [ 93.7436312, 7.1995011 ], [ 93.7451076, 7.2011555 ], [ 93.7415821, 7.2065642 ], [ 93.7400293, 7.2071207 ], [ 93.7399844, 7.2087304 ], [ 93.743268, 7.2130294 ], [ 93.7492937, 7.2159182 ], [ 93.7552922, 7.2151671 ], [ 93.7535958, 7.2124604 ], [ 93.754067, 7.2110815 ], [ 93.7618822, 7.2083932 ], [ 93.7653636, 7.2093345 ], [ 93.7661193, 7.2109353 ], [ 93.7690445, 7.2089601 ], [ 93.7690304, 7.2109948 ], [ 93.7662414, 7.2113106 ], [ 93.7657745, 7.2136526 ], [ 93.7705419, 7.2140743 ], [ 93.7732716, 7.2159061 ], [ 93.7768216, 7.2138586 ], [ 93.782449, 7.2156865 ], [ 93.7848173, 7.2135301 ], [ 93.7880637, 7.2131465 ], [ 93.7886119, 7.2106417 ], [ 93.7920668, 7.208264 ], [ 93.7903006, 7.2113247 ], [ 93.7905899, 7.2135449 ], [ 93.7920611, 7.2153085 ], [ 93.7939357, 7.2140519 ], [ 93.7954971, 7.2174523 ], [ 93.7933185, 7.2214896 ], [ 93.797384, 7.2236561 ], [ 93.7973381, 7.227739 ], [ 93.7939376, 7.2284935 ], [ 93.7962274, 7.2354299 ], [ 93.7996915, 7.2333686 ], [ 93.8030917, 7.2338936 ], [ 93.8088005, 7.2382533 ], [ 93.8165157, 7.2391088 ], [ 93.8197487, 7.2378477 ], [ 93.8229179, 7.2401586 ], [ 93.8264224, 7.2403534 ], [ 93.8273681, 7.2411981 ], [ 93.8267391, 7.2426684 ], [ 93.8348678, 7.2402847 ], [ 93.8373884, 7.2446679 ], [ 93.8380005, 7.2342053 ] ] ], [ [ [ 93.703106, 7.2226914 ], [ 93.710249, 7.2140406 ], [ 93.7075402, 7.2068473 ], [ 93.700591, 7.209055 ], [ 93.6999532, 7.2128939 ], [ 93.7011445, 7.2160903 ], [ 93.6994966, 7.217126 ], [ 93.6974787, 7.2254233 ], [ 93.6955593, 7.2277159 ], [ 93.6983535, 7.2318346 ], [ 93.6998339, 7.2311969 ], [ 93.703106, 7.2226914 ] ] ], [ [ [ 93.7949716, 7.2446714 ], [ 93.7904943, 7.2409993 ], [ 93.7874512, 7.2431508 ], [ 93.7978461, 7.2488272 ], [ 93.7974479, 7.2471587 ], [ 93.7994857, 7.2455223 ], [ 93.7949716, 7.2446714 ] ] ], [ [ [ 93.8333317, 7.2900305 ], [ 93.8374206, 7.2916134 ], [ 93.8381452, 7.2909397 ], [ 93.8349712, 7.2872816 ], [ 93.8338708, 7.2874126 ], [ 93.8333317, 7.2900305 ] ] ], [ [ [ 93.6214316, 7.3306066 ], [ 93.6226633, 7.3273466 ], [ 93.6202677, 7.325425 ], [ 93.617863, 7.3260715 ], [ 93.618343, 7.3291642 ], [ 93.6170025, 7.3308462 ], [ 93.6214316, 7.3306066 ] ] ], [ [ [ 93.7043347, 7.4368535 ], [ 93.7068802, 7.4357408 ], [ 93.7107958, 7.4223882 ], [ 93.7113159, 7.4179753 ], [ 93.7094294, 7.4065816 ], [ 93.7103076, 7.4038912 ], [ 93.7152706, 7.3975466 ], [ 93.7221909, 7.3950131 ], [ 93.7224577, 7.3928925 ], [ 93.7261082, 7.3921819 ], [ 93.7297352, 7.3881208 ], [ 93.7326201, 7.3871932 ], [ 93.7329546, 7.3845209 ], [ 93.7363293, 7.3860348 ], [ 93.7399194, 7.380061 ], [ 93.7440809, 7.3767232 ], [ 93.7455918, 7.3699179 ], [ 93.743489, 7.3647686 ], [ 93.7438323, 7.3614498 ], [ 93.7371241, 7.3584176 ], [ 93.7374491, 7.3541583 ], [ 93.7295581, 7.3474549 ], [ 93.7260918, 7.3413695 ], [ 93.7241514, 7.3305097 ], [ 93.7214874, 7.3253513 ], [ 93.7177554, 7.3236792 ], [ 93.7136003, 7.3113681 ], [ 93.7067342, 7.3066355 ], [ 93.7037185, 7.3075312 ], [ 93.695354, 7.3053804 ], [ 93.6945248, 7.3020256 ], [ 93.6874597, 7.2961126 ], [ 93.6748749, 7.2918594 ], [ 93.6722753, 7.2880436 ], [ 93.6674116, 7.2852001 ], [ 93.6664514, 7.2822296 ], [ 93.667248, 7.2790102 ], [ 93.6648208, 7.2771792 ], [ 93.6609848, 7.2694795 ], [ 93.6576151, 7.2580087 ], [ 93.6546265, 7.2552915 ], [ 93.6520772, 7.2555992 ], [ 93.6436503, 7.2448755 ], [ 93.6358081, 7.242814 ], [ 93.6263857, 7.2529549 ], [ 93.6267796, 7.2568705 ], [ 93.624253, 7.2607047 ], [ 93.6168316, 7.265823 ], [ 93.6166549, 7.2703851 ], [ 93.6217942, 7.2768916 ], [ 93.6206893, 7.27856 ], [ 93.6181898, 7.2779179 ], [ 93.6171165, 7.2804002 ], [ 93.6203859, 7.2828825 ], [ 93.6219798, 7.2873678 ], [ 93.6148202, 7.3048432 ], [ 93.6128684, 7.3069954 ], [ 93.6081814, 7.3079899 ], [ 93.6070945, 7.3105083 ], [ 93.6081268, 7.3131308 ], [ 93.6104817, 7.3142975 ], [ 93.6125875, 7.3136238 ], [ 93.6170254, 7.3170738 ], [ 93.6190677, 7.3207452 ], [ 93.6233155, 7.3227981 ], [ 93.624108, 7.3332742 ], [ 93.620023, 7.3380669 ], [ 93.6193663, 7.3465266 ], [ 93.6202538, 7.3489592 ], [ 93.618329, 7.3544617 ], [ 93.6177673, 7.3620849 ], [ 93.6190172, 7.3651866 ], [ 93.6194384, 7.3742567 ], [ 93.6227492, 7.3764813 ], [ 93.6282566, 7.376653 ], [ 93.6378356, 7.3707659 ], [ 93.6447834, 7.3755358 ], [ 93.6448742, 7.378321 ], [ 93.6483891, 7.3836878 ], [ 93.6519538, 7.385555 ], [ 93.6549249, 7.385184 ], [ 93.6576015, 7.3833753 ], [ 93.6568268, 7.3803052 ], [ 93.6587018, 7.3791567 ], [ 93.6591456, 7.3771853 ], [ 93.657447, 7.3751056 ], [ 93.6596433, 7.372085 ], [ 93.6540088, 7.3656108 ], [ 93.656305, 7.3659632 ], [ 93.6584247, 7.3684183 ], [ 93.6597789, 7.3679072 ], [ 93.6622067, 7.3697744 ], [ 93.6582396, 7.3759058 ], [ 93.6593131, 7.3767286 ], [ 93.6617496, 7.3750646 ], [ 93.6682131, 7.378975 ], [ 93.667335, 7.3849706 ], [ 93.6702933, 7.3911511 ], [ 93.6743469, 7.3909064 ], [ 93.6865044, 7.3966789 ], [ 93.7013919, 7.3938416 ], [ 93.7028236, 7.3963462 ], [ 93.700623, 7.4001718 ], [ 93.6980139, 7.3990102 ], [ 93.6915553, 7.400657 ], [ 93.6898844, 7.4042247 ], [ 93.6918234, 7.4070774 ], [ 93.6932502, 7.4071993 ], [ 93.6921914, 7.4140222 ], [ 93.6964048, 7.4196553 ], [ 93.6952229, 7.422183 ], [ 93.6962202, 7.4263562 ], [ 93.6935393, 7.431095 ], [ 93.6943152, 7.4396359 ], [ 93.6921372, 7.4452563 ], [ 93.6943934, 7.4472816 ], [ 93.701084, 7.4468555 ], [ 93.7043347, 7.4368535 ] ] ], [ [ [ 93.7597365, 7.4013539 ], [ 93.7596785, 7.3975829 ], [ 93.7571606, 7.3962846 ], [ 93.7502482, 7.3985163 ], [ 93.7503651, 7.4011388 ], [ 93.7540332, 7.4037667 ], [ 93.7532992, 7.4047704 ], [ 93.7543181, 7.4058286 ], [ 93.7564062, 7.4055488 ], [ 93.7597365, 7.4013539 ] ] ], [ [ [ 93.6838325, 7.4002557 ], [ 93.6751992, 7.3970781 ], [ 93.6737544, 7.3976118 ], [ 93.6700093, 7.4051857 ], [ 93.6703721, 7.4094086 ], [ 93.6749246, 7.412424 ], [ 93.6804143, 7.4115959 ], [ 93.6798657, 7.407183 ], [ 93.6816094, 7.4060162 ], [ 93.6838325, 7.4002557 ] ] ], [ [ [ 93.6305043, 7.4723177 ], [ 93.6313061, 7.4719786 ], [ 93.6313287, 7.4716078 ], [ 93.6305043, 7.4723177 ] ] ], [ [ [ 93.6415534, 7.4748992 ], [ 93.6408783, 7.4710288 ], [ 93.6343866, 7.4731225 ], [ 93.632271, 7.4725754 ], [ 93.6323979, 7.4766039 ], [ 93.6347264, 7.4786793 ], [ 93.6390755, 7.478227 ], [ 93.6415534, 7.4748992 ] ] ], [ [ [ 93.6196363, 7.4803974 ], [ 93.6189658, 7.4834178 ], [ 93.6229207, 7.4820885 ], [ 93.6227079, 7.4776395 ], [ 93.6196363, 7.4803974 ] ] ], [ [ [ 93.6345532, 8.395463 ], [ 93.6431797, 8.3951599 ], [ 93.6458491, 8.3905752 ], [ 93.6435698, 8.3892144 ], [ 93.6412681, 8.3910818 ], [ 93.6378539, 8.390883 ], [ 93.6359697, 8.3942785 ], [ 93.633795, 8.3945543 ], [ 93.6345532, 8.395463 ] ] ], [ [ [ 93.6256679, 8.3944957 ], [ 93.6258859, 8.3941882 ], [ 93.6254637, 8.3940616 ], [ 93.6256679, 8.3944957 ] ] ], [ [ [ 93.6327008, 8.3941022 ], [ 93.6316565, 8.3952235 ], [ 93.6330822, 8.394265 ], [ 93.6327008, 8.3941022 ] ] ], [ [ [ 93.6273069, 8.3950111 ], [ 93.6273387, 8.3947262 ], [ 93.6271935, 8.3947804 ], [ 93.6273069, 8.3950111 ] ] ], [ [ [ 93.6272615, 8.395314 ], [ 93.6271435, 8.3951332 ], [ 93.6271163, 8.3953501 ], [ 93.6272615, 8.395314 ] ] ], [ [ [ 93.6260357, 8.3958837 ], [ 93.6262264, 8.3955807 ], [ 93.6260493, 8.39554 ], [ 93.6260357, 8.3958837 ] ] ], [ [ [ 93.6255499, 8.3971542 ], [ 93.6246327, 8.3968332 ], [ 93.6246555, 8.3979363 ], [ 93.6255499, 8.3971542 ] ] ], [ [ [ 93.6238246, 8.3985059 ], [ 93.6244285, 8.3976876 ], [ 93.6243513, 8.3970321 ], [ 93.6237247, 8.3976922 ], [ 93.6238246, 8.3985059 ] ] ], [ [ [ 93.6231027, 8.3981217 ], [ 93.6233024, 8.3979725 ], [ 93.6231889, 8.3979137 ], [ 93.6231027, 8.3981217 ] ] ], [ [ [ 93.6229892, 8.3986055 ], [ 93.6231572, 8.3983929 ], [ 93.6230164, 8.3983704 ], [ 93.6229892, 8.3986055 ] ] ], [ [ [ 93.6233434, 8.3985603 ], [ 93.6235794, 8.3985105 ], [ 93.623416, 8.3983659 ], [ 93.6233434, 8.3985603 ] ] ], [ [ [ 93.6230981, 8.3990304 ], [ 93.6232798, 8.3988496 ], [ 93.6231526, 8.3988632 ], [ 93.6230981, 8.3990304 ] ] ], [ [ [ 93.6231844, 8.399365 ], [ 93.6234069, 8.3991751 ], [ 93.623248, 8.3991887 ], [ 93.6231844, 8.399365 ] ] ], [ [ [ 93.6228938, 8.4004456 ], [ 93.6231209, 8.4001788 ], [ 93.6229574, 8.4001562 ], [ 93.6228938, 8.4004456 ] ] ], [ [ [ 93.6225897, 8.4005044 ], [ 93.6225623, 8.4002873 ], [ 93.6223581, 8.4004094 ], [ 93.6225897, 8.4005044 ] ] ], [ [ [ 93.6226441, 8.4008073 ], [ 93.6228575, 8.4008344 ], [ 93.622812, 8.4006445 ], [ 93.6226441, 8.4008073 ] ] ], [ [ [ 93.6221265, 8.4010695 ], [ 93.6223217, 8.4009746 ], [ 93.6222218, 8.4008796 ], [ 93.6221265, 8.4010695 ] ] ], [ [ [ 93.6223763, 8.402019 ], [ 93.6226486, 8.4018788 ], [ 93.6223944, 8.4018427 ], [ 93.6223763, 8.402019 ] ] ], [ [ [ 93.6135266, 8.4189283 ], [ 93.6142622, 8.418458 ], [ 93.6138808, 8.4177572 ], [ 93.6136084, 8.4179109 ], [ 93.6135266, 8.4189283 ] ] ], [ [ [ 93.6131134, 8.4200314 ], [ 93.6130453, 8.4195069 ], [ 93.6129045, 8.41995 ], [ 93.6131134, 8.4200314 ] ] ], [ [ [ 93.6125957, 8.421017 ], [ 93.6128046, 8.4202077 ], [ 93.6124186, 8.4209853 ], [ 93.6125957, 8.421017 ] ] ], [ [ [ 93.6134539, 8.4209492 ], [ 93.6137718, 8.4207909 ], [ 93.613622, 8.4207141 ], [ 93.6134539, 8.4209492 ] ] ], [ [ [ 93.6126956, 8.4229656 ], [ 93.6124913, 8.4226582 ], [ 93.6125094, 8.4229928 ], [ 93.6126956, 8.4229656 ] ] ], [ [ [ 93.6109416, 8.4597231 ], [ 93.6107646, 8.4592213 ], [ 93.6104104, 8.45928 ], [ 93.6109416, 8.4597231 ] ] ], [ [ [ 93.6249779, 8.470945 ], [ 93.625927, 8.4706873 ], [ 93.6258134, 8.4702894 ], [ 93.6249779, 8.470945 ] ] ], [ [ [ 93.6289652, 8.4877142 ], [ 93.629047, 8.4870133 ], [ 93.6287335, 8.4876373 ], [ 93.6289652, 8.4877142 ] ] ], [ [ [ 93.6284475, 8.4879312 ], [ 93.628502, 8.4881708 ], [ 93.6286972, 8.4879221 ], [ 93.6284475, 8.4879312 ] ] ], [ [ [ 93.6070222, 8.5701446 ], [ 93.6099613, 8.5655964 ], [ 93.6101705, 8.5577522 ], [ 93.6083447, 8.5532626 ], [ 93.6090035, 8.5505408 ], [ 93.6099347, 8.5490533 ], [ 93.6086674, 8.5475522 ], [ 93.6092127, 8.5431758 ], [ 93.6109069, 8.5428232 ], [ 93.6104709, 8.5399658 ], [ 93.6121243, 8.5385823 ], [ 93.6115656, 8.5374882 ], [ 93.6126285, 8.5352276 ], [ 93.6116702, 8.5325375 ], [ 93.6148724, 8.5289749 ], [ 93.6220121, 8.5250279 ], [ 93.6242422, 8.5254892 ], [ 93.6255366, 8.5236942 ], [ 93.6229841, 8.5203937 ], [ 93.6273986, 8.5127439 ], [ 93.6214719, 8.5076213 ], [ 93.622798, 8.5046916 ], [ 93.6272441, 8.4985289 ], [ 93.6254729, 8.4943558 ], [ 93.6265583, 8.4922218 ], [ 93.6282069, 8.4919234 ], [ 93.6277435, 8.4899251 ], [ 93.6286337, 8.4870541 ], [ 93.6300868, 8.4843233 ], [ 93.6293739, 8.4806611 ], [ 93.6303546, 8.4743313 ], [ 93.6323481, 8.4677213 ], [ 93.6314171, 8.4661072 ], [ 93.6291557, 8.4666408 ], [ 93.6270305, 8.4709856 ], [ 93.6239107, 8.4714604 ], [ 93.6171854, 8.4680785 ], [ 93.6156823, 8.4642535 ], [ 93.6153601, 8.4567121 ], [ 93.6127538, 8.4495866 ], [ 93.6175673, 8.4421583 ], [ 93.616196, 8.4413219 ], [ 93.6177444, 8.4378949 ], [ 93.6177173, 8.4339388 ], [ 93.6147115, 8.4249777 ], [ 93.6125911, 8.4232143 ], [ 93.6112607, 8.4243898 ], [ 93.6118917, 8.4264515 ], [ 93.6101207, 8.4336899 ], [ 93.6084769, 8.4357606 ], [ 93.610066, 8.4384462 ], [ 93.6098888, 8.4411544 ], [ 93.606919, 8.4445994 ], [ 93.609934, 8.4467924 ], [ 93.6103562, 8.448845 ], [ 93.6092118, 8.4511598 ], [ 93.6105242, 8.4514673 ], [ 93.6106376, 8.4535335 ], [ 93.6080627, 8.456748 ], [ 93.6103296, 8.4576146 ], [ 93.613539, 8.4625806 ], [ 93.6117405, 8.4707549 ], [ 93.6127985, 8.4735852 ], [ 93.6098557, 8.475145 ], [ 93.6107457, 8.477921 ], [ 93.6094422, 8.4814746 ], [ 93.6115039, 8.483039 ], [ 93.6143377, 8.4828718 ], [ 93.6192104, 8.4866064 ], [ 93.6185837, 8.4904721 ], [ 93.6168534, 8.4917696 ], [ 93.6140738, 8.4984881 ], [ 93.6163581, 8.5006809 ], [ 93.6150033, 8.501327 ], [ 93.6153815, 8.5116451 ], [ 93.6135691, 8.5192407 ], [ 93.6102445, 8.5224778 ], [ 93.6120384, 8.5259184 ], [ 93.6107938, 8.528708 ], [ 93.6087546, 8.5285135 ], [ 93.6065286, 8.5384872 ], [ 93.6033402, 8.5393822 ], [ 93.6028085, 8.5422757 ], [ 93.6002149, 8.5449747 ], [ 93.6020815, 8.5478006 ], [ 93.6000417, 8.5537911 ], [ 93.6014632, 8.556115 ], [ 93.6004503, 8.5583846 ], [ 93.6013085, 8.5623452 ], [ 93.603366, 8.5634078 ], [ 93.6041471, 8.5664235 ], [ 93.6012987, 8.5728118 ], [ 93.6030656, 8.5743491 ], [ 93.6031156, 8.575077 ], [ 93.6027021, 8.5771929 ], [ 93.6059182, 8.5737162 ], [ 93.6074218, 8.572794 ], [ 93.6070222, 8.5701446 ] ] ], [ [ [ 93.613933, 8.5016668 ], [ 93.614487, 8.5019878 ], [ 93.6144961, 8.5016126 ], [ 93.613933, 8.5016668 ] ] ], [ [ [ 93.6142145, 8.5026796 ], [ 93.6147595, 8.5026118 ], [ 93.6142373, 8.5025168 ], [ 93.6142145, 8.5026796 ] ] ], [ [ [ 93.6243602, 8.5031318 ], [ 93.6244556, 8.5029961 ], [ 93.6242967, 8.5029781 ], [ 93.6243602, 8.5031318 ] ] ], [ [ [ 93.6240151, 8.5032222 ], [ 93.6241877, 8.5033081 ], [ 93.6241559, 8.5031273 ], [ 93.6240151, 8.5032222 ] ] ], [ [ [ 93.614546, 8.5045785 ], [ 93.6144279, 8.5044699 ], [ 93.6144688, 8.5046101 ], [ 93.614546, 8.5045785 ] ] ], [ [ [ 93.6146959, 8.5047548 ], [ 93.6149684, 8.5048543 ], [ 93.6149684, 8.5046372 ], [ 93.6146959, 8.5047548 ] ] ], [ [ [ 93.6229297, 8.5048408 ], [ 93.6229796, 8.5050578 ], [ 93.6231431, 8.5048273 ], [ 93.6229297, 8.5048408 ] ] ], [ [ [ 93.6142099, 8.5049673 ], [ 93.6144597, 8.5049718 ], [ 93.614387, 8.5048226 ], [ 93.6142099, 8.5049673 ] ] ], [ [ [ 93.6146323, 8.5055732 ], [ 93.6143417, 8.505433 ], [ 93.6145006, 8.5056545 ], [ 93.6146323, 8.5055732 ] ] ], [ [ [ 93.6139601, 8.5054963 ], [ 93.6140964, 8.5057404 ], [ 93.6141463, 8.5055415 ], [ 93.6139601, 8.5054963 ] ] ], [ [ [ 93.6218942, 8.5078881 ], [ 93.6220668, 8.5077298 ], [ 93.6218443, 8.5077841 ], [ 93.6218942, 8.5078881 ] ] ], [ [ [ 93.6081008, 8.522437 ], [ 93.6080281, 8.5228665 ], [ 93.608396, 8.5224506 ], [ 93.6081008, 8.522437 ] ] ], [ [ [ 93.6099493, 8.5233458 ], [ 93.6098221, 8.5230022 ], [ 93.609813, 8.5233367 ], [ 93.6099493, 8.5233458 ] ] ], [ [ [ 93.6105714, 8.5267775 ], [ 93.6109484, 8.5264338 ], [ 93.6108893, 8.5262756 ], [ 93.6105714, 8.5267775 ] ] ], [ [ [ 93.6194051, 8.5274875 ], [ 93.6197049, 8.5275689 ], [ 93.6194506, 8.5272704 ], [ 93.6194051, 8.5274875 ] ] ], [ [ [ 93.6091861, 8.5280026 ], [ 93.6088681, 8.527867 ], [ 93.6087228, 8.5280162 ], [ 93.6091861, 8.5280026 ] ] ], [ [ [ 93.6151903, 8.5292913 ], [ 93.6153947, 8.529549 ], [ 93.6154855, 8.5293095 ], [ 93.6151903, 8.5292913 ] ] ], [ [ [ 93.6135733, 8.5306613 ], [ 93.6138822, 8.5305617 ], [ 93.613637, 8.5304125 ], [ 93.6135733, 8.5306613 ] ] ], [ [ [ 93.6129465, 8.5329218 ], [ 93.6130556, 8.5326912 ], [ 93.6128603, 8.5327229 ], [ 93.6129465, 8.5329218 ] ] ], [ [ [ 93.6119563, 8.5372169 ], [ 93.6122288, 8.5368326 ], [ 93.6120971, 8.5367422 ], [ 93.6119563, 8.5372169 ] ] ], [ [ [ 93.6124785, 8.5383246 ], [ 93.6125103, 8.5387316 ], [ 93.612583, 8.5383201 ], [ 93.6124785, 8.5383246 ] ] ], [ [ [ 93.6099755, 8.5499847 ], [ 93.6104297, 8.5495055 ], [ 93.6099528, 8.5494151 ], [ 93.6099755, 8.5499847 ] ] ], [ [ [ 93.6092441, 8.5510336 ], [ 93.6095439, 8.5507668 ], [ 93.6092579, 8.5505227 ], [ 93.6092441, 8.5510336 ] ] ], [ [ [ 93.6112016, 8.5582133 ], [ 93.6109154, 8.5581546 ], [ 93.6111788, 8.5583761 ], [ 93.6112016, 8.5582133 ] ] ], [ [ [ 93.6101932, 8.5586383 ], [ 93.6104521, 8.5584801 ], [ 93.6103249, 8.5583037 ], [ 93.6101932, 8.5586383 ] ] ], [ [ [ 93.6108291, 8.5586835 ], [ 93.6110835, 8.558471 ], [ 93.6109199, 8.5583534 ], [ 93.6108291, 8.5586835 ] ] ], [ [ [ 93.6105928, 8.5607181 ], [ 93.6107881, 8.5609441 ], [ 93.6107881, 8.5606728 ], [ 93.6105928, 8.5607181 ] ] ], [ [ [ 93.6101521, 8.5641406 ], [ 93.6105382, 8.5639326 ], [ 93.6104564, 8.5636794 ], [ 93.6101521, 8.5641406 ] ] ], [ [ [ 93.6109969, 8.5662158 ], [ 93.6111241, 8.5660124 ], [ 93.6110332, 8.566026 ], [ 93.6109969, 8.5662158 ] ] ], [ [ [ 93.6071312, 8.570113 ], [ 93.6073356, 8.5700452 ], [ 93.6072584, 8.5699321 ], [ 93.6071312, 8.570113 ] ] ], [ [ [ 93.6073856, 8.5703752 ], [ 93.6076718, 8.5703978 ], [ 93.607649, 8.5702667 ], [ 93.6073856, 8.5703752 ] ] ], [ [ [ 93.6075445, 8.5709313 ], [ 93.6076218, 8.5707188 ], [ 93.6075037, 8.5707821 ], [ 93.6075445, 8.5709313 ] ] ], [ [ [ 93.8574297, 12.3007652 ], [ 93.864647, 12.2941797 ], [ 93.86564, 12.2882177 ], [ 93.8685267, 12.28523 ], [ 93.8664217, 12.2806104 ], [ 93.8672123, 12.278965 ], [ 93.8661736, 12.2740426 ], [ 93.863393, 12.2715564 ], [ 93.8608972, 12.2719721 ], [ 93.8510981, 12.268952 ], [ 93.8444979, 12.2694396 ], [ 93.8413723, 12.27075 ], [ 93.8391703, 12.2736607 ], [ 93.8368446, 12.2736288 ], [ 93.834054, 12.2781622 ], [ 93.8381853, 12.2837361 ], [ 93.8370037, 12.2863123 ], [ 93.8417332, 12.2890973 ], [ 93.8402569, 12.2953802 ], [ 93.8423118, 12.2948471 ], [ 93.8461587, 12.2988026 ], [ 93.8487329, 12.2988481 ], [ 93.8503184, 12.3020801 ], [ 93.8532421, 12.3001593 ], [ 93.8574297, 12.3007652 ] ] ], [ [ [ 94.2672602, 13.4633134 ], [ 94.2645932, 13.458562 ], [ 94.2667562, 13.4541878 ], [ 94.2653015, 13.4443025 ], [ 94.2628236, 13.4403015 ], [ 94.2590849, 13.4371631 ], [ 94.2571317, 13.4369633 ], [ 94.253357, 13.4322475 ], [ 94.2453039, 13.4328627 ], [ 94.2422991, 13.4391301 ], [ 94.2397911, 13.4404169 ], [ 94.2391271, 13.4469656 ], [ 94.2419705, 13.4491501 ], [ 94.2475662, 13.4598015 ], [ 94.2508766, 13.4612313 ], [ 94.2524857, 13.4660456 ], [ 94.258278, 13.4637613 ], [ 94.2621281, 13.4664704 ], [ 94.2642675, 13.4637098 ], [ 94.2672602, 13.4633134 ] ] ] ] } }
]
}
